<?xml version="1.0"?>
<!--<!DOCTYPE metadata SYSTEM "http://www.esri.com/metadata/esriprof80.dtd">-->
<metadata xml:lang="en"><Esri><CreaDate>20130703</CreaDate><CreaTime>15371400</CreaTime><SyncOnce>FALSE</SyncOnce><SyncDate>20131204</SyncDate><SyncTime>09562100</SyncTime><ModDate>20131204</ModDate><ModTime>09562100</ModTime><DataProperties><lineage><Process ToolSource="C:\Program Files\ArcGIS\ArcToolbox\Toolboxes\Data Management Tools.tbx\CopyFeatures" Date="20061023" Time="133610">CopyFeatures N:\cci\shlinv\va_inv\va_counties\poquoson\poquoson_shapefiles\poq_lubc\arc N:\cci\shlinv\va_inv\va_counties\poquoson\poquoson_shapefiles\poq_lubc_arc.shp # 0 0 0</Process><Process ToolSource="C:\Program Files (x86)\ArcGIS\Desktop10.0\ArcToolbox\Toolboxes\Data Management Tools.tbx\Merge" Date="20130612" Time="090427">Merge poq_lubc_2013;poq_tmline N:\cci\Shoreline_Inventories\Inventories_In_Progress\Poquoson_2013\Final_Shapefiles\poq_lubc_2013f.shp "LENGTH "LENGTH" true true false 19 Double 0 0 ,First,#,poq_lubc_2013,LENGTH,-1,-1;FIPS "FIPS" true true false 4 Short 0 4 ,First,#,poq_lubc_2013,FIPS,-1,-1;FEATURE "FEATURE" true true false 1 Short 0 1 ,First,#,poq_lubc_2013,FEATURE,-1,-1;HEIGHT "HEIGHT" true true false 1 Short 0 1 ,First,#,poq_lubc_2013,HEIGHT,-1,-1;EROS "EROS" true true false 1 Short 0 1 ,First,#,poq_lubc_2013,EROS,-1,-1;MARSH "MARSH" true true false 1 Short 0 1 ,First,#,poq_lubc_2013,MARSH,-1,-1;BEACH "BEACH" true true false 1 Short 0 1 ,First,#,poq_lubc_2013,BEACH,-1,-1;REMOTE "REMOTE" true true false 2 Text 0 0 ,First,#,poq_lubc_2013,REMOTE,-1,-1;FEATUREC "FEATUREC" true true false 25 Text 0 0 ,First,#,poq_lubc_2013,FEATUREC,-1,-1;HEIGHTC "HEIGHTC" true true false 6 Text 0 0 ,First,#,poq_lubc_2013,HEIGHTC,-1,-1;COVERC "COVERC" true true false 8 Text 0 0 ,First,#,poq_lubc_2013,COVERC,-1,-1;EROSC "EROSC" true true false 10 Text 0 0 ,First,#,poq_lubc_2013,EROSC,-1,-1;MARSHC "MARSHC" true true false 20 Text 0 0 ,First,#,poq_lubc_2013,MARSHC,-1,-1;BEACHC "BEACHC" true true false 20 Text 0 0 ,First,#,poq_lubc_2013,BEACHC,-1,-1;FID_poquos "FID_poquos" true true false 9 Long 0 9 ,First,#,poq_tmline,FID_poquos,-1,-1;CLASS_ID "CLASS_ID" true true false 4 Short 0 4 ,First,#,poq_tmline,CLASS_ID,-1,-1;InPoly_FID "InPoly_FID" true true false 9 Long 0 9 ,First,#,poq_tmline,InPoly_FID,-1,-1;SimPlyFlag "SimPlyFlag" true true false 4 Short 0 4 ,First,#,poq_tmline,SimPlyFlag,-1,-1;AREA "AREA" true true false 13 Float 0 0 ,First,#,poq_tmline,AREA,-1,-1"</Process><Process ToolSource="C:\Program Files (x86)\ArcGIS\Desktop10.0\ArcToolbox\Toolboxes\Data Management Tools.tbx\CalculateField" Date="20130612" Time="092551">CalculateField poq_lubc_2013f Feature [FEATUREC] VB #</Process><Process ToolSource="C:\Program Files (x86)\ArcGIS\Desktop10.0\ArcToolbox\Toolboxes\Data Management Tools.tbx\CalculateField" Date="20130612" Time="092624">CalculateField poq_lubc_2013f Height "[HEIGHTC] " VB #</Process><Process ToolSource="C:\Program Files (x86)\ArcGIS\Desktop10.0\ArcToolbox\Toolboxes\Data Management Tools.tbx\CalculateField" Date="20130612" Time="092646">CalculateField poq_lubc_2013f Erosion "[EROSC] " VB #</Process><Process ToolSource="C:\Program Files (x86)\ArcGIS\Desktop10.0\ArcToolbox\Toolboxes\Data Management Tools.tbx\CalculateField" Date="20130612" Time="092704">CalculateField poq_lubc_2013f Beach [BEACHC] VB #</Process><Process ToolSource="C:\Program Files (x86)\ArcGIS\Desktop10.0\ArcToolbox\Toolboxes\Data Management Tools.tbx\CalculateField" Date="20130612" Time="092830">CalculateField poq_lubc_2013f Height [HEIGHTC] VB #</Process><Process ToolSource="C:\Program Files (x86)\ArcGIS\Desktop10.0\ArcToolbox\Toolboxes\Data Management Tools.tbx\CalculateField" Date="20130612" Time="093122">CalculateField poq_lubc_2013f Height [HEIGHTC] VB #</Process><Process ToolSource="C:\Program Files (x86)\ArcGIS\Desktop10.0\ArcToolbox\Toolboxes\Data Management Tools.tbx\CalculateField" Date="20130612" Time="103008">CalculateField poq_lubc_2013f Erosion "stable" VB #</Process><Process ToolSource="C:\Program Files (x86)\ArcGIS\Desktop10.0\ArcToolbox\Toolboxes\Data Management Tools.tbx\CalculateField" Date="20130612" Time="131217">CalculateField poq_lubc_2013f Cover "total" VB #</Process><Process ToolSource="C:\Program Files (x86)\ArcGIS\Desktop10.0\ArcToolbox\Toolboxes\Data Management Tools.tbx\CalculateField" Date="20130624" Time="151647">CalculateField poq_lubc_2013f Feature "marsh Island" VB #</Process><Process ToolSource="C:\Program Files (x86)\ArcGIS\Desktop10.0\ArcToolbox\Toolboxes\Data Management Tools.tbx\CalculateField" Date="20130624" Time="151729">CalculateField poq_lubc_2013f Feature "marsh Island" VB #</Process><Process ToolSource="C:\Program Files (x86)\ArcGIS\Desktop10.0\ArcToolbox\Toolboxes\Data Management Tools.tbx\CalculateField" Date="20130624" Time="152325">CalculateField poq_lubc_2013f Feature "marsh island" VB #</Process><Process ToolSource="C:\Program Files (x86)\ArcGIS\Desktop10.0\ArcToolbox\Toolboxes\Data Management Tools.tbx\CalculateField" Date="20130625" Time="080334">CalculateField poq_lubc_2013f Feature "marsh island" VB #</Process><Process ToolSource="C:\Program Files (x86)\ArcGIS\Desktop10.0\ArcToolbox\Toolboxes\Data Management Tools.tbx\CalculateField" Date="20130625" Time="080514">CalculateField poq_lubc_2013f Feature "marsh island" VB #</Process><Process ToolSource="C:\Program Files (x86)\ArcGIS\Desktop10.0\ArcToolbox\Toolboxes\Data Management Tools.tbx\CalculateField" Date="20130625" Time="080622">CalculateField poq_lubc_2013f Feature "marsh island" VB #</Process><Process ToolSource="C:\Program Files (x86)\ArcGIS\Desktop10.0\ArcToolbox\Toolboxes\Data Management Tools.tbx\CalculateField" Date="20130625" Time="080718">CalculateField poq_lubc_2013f Feature "marsh island" VB #</Process><Process ToolSource="C:\Program Files (x86)\ArcGIS\Desktop10.0\ArcToolbox\Toolboxes\Data Management Tools.tbx\CalculateField" Date="20130625" Time="080820">CalculateField poq_lubc_2013f Feature "marsh island" VB #</Process><Process ToolSource="C:\Program Files (x86)\ArcGIS\Desktop10.0\ArcToolbox\Toolboxes\Data Management Tools.tbx\CalculateField" Date="20130625" Time="080851">CalculateField poq_lubc_2013f Feature "marsh island" VB #</Process><Process ToolSource="C:\Program Files (x86)\ArcGIS\Desktop10.0\ArcToolbox\Toolboxes\Data Management Tools.tbx\CalculateField" Date="20130627" Time="155251">CalculateField poq_lubc_2013f Feature "marsh Island"
 VB #</Process><Process ToolSource="C:\Program Files (x86)\ArcGIS\Desktop10.0\ArcToolbox\Toolboxes\Data Management Tools.tbx\CalculateField" Date="20130701" Time="110447">CalculateField poq_lubc_2013f Feature "extensive marsh" VB #</Process><Process ToolSource="C:\Program Files (x86)\ArcGIS\Desktop10.0\ArcToolbox\Toolboxes\Data Management Tools.tbx\CalculateField" Date="20130701" Time="110937">CalculateField poq_lubc_2013f Feature "extensive marsh" VB #</Process><Process ToolSource="C:\Program Files (x86)\ArcGIS\Desktop10.0\ArcToolbox\Toolboxes\Data Management Tools.tbx\CalculateField" Date="20130702" Time="092308">CalculateField poq_lubc_2013f Feature "residential" VB #</Process><Process ToolSource="C:\Program Files (x86)\ArcGIS\Desktop10.0\ArcToolbox\Toolboxes\Data Management Tools.tbx\CalculateField" Date="20130702" Time="092456">CalculateField poq_lubc_2013f Feature "residential" VB #</Process><Process ToolSource="C:\Program Files (x86)\ArcGIS\Desktop10.0\ArcToolbox\Toolboxes\Data Management Tools.tbx\CalculateField" Date="20130702" Time="092734">CalculateField poq_lubc_2013f Feature "residential" VB #</Process><Process ToolSource="C:\Program Files (x86)\ArcGIS\Desktop10.0\ArcToolbox\Toolboxes\Data Management Tools.tbx\CalculateField" Date="20130702" Time="093149">CalculateField poq_lubc_2013f Feature "residential" VB #</Process><Process ToolSource="C:\Program Files (x86)\ArcGIS\Desktop10.0\ArcToolbox\Toolboxes\Data Management Tools.tbx\CalculateField" Date="20130702" Time="093452">CalculateField poq_lubc_2013f Feature "residential" VB #</Process><Process ToolSource="C:\Program Files (x86)\ArcGIS\Desktop10.0\ArcToolbox\Toolboxes\Data Management Tools.tbx\CalculateField" Date="20130702" Time="094804">CalculateField poq_lubc_2013f Feature "residential" VB #</Process><Process ToolSource="C:\Program Files (x86)\ArcGIS\Desktop10.0\ArcToolbox\Toolboxes\Data Management Tools.tbx\CalculateField" Date="20130702" Time="094846">CalculateField poq_lubc_2013f Feature "residential" VB #</Process><Process ToolSource="C:\Program Files (x86)\ArcGIS\Desktop10.0\ArcToolbox\Toolboxes\Data Management Tools.tbx\CalculateField" Date="20130702" Time="095310">CalculateField poq_lubc_2013f Feature "residential" VB #</Process><Process ToolSource="C:\Program Files (x86)\ArcGIS\Desktop10.0\ArcToolbox\Toolboxes\Data Management Tools.tbx\CalculateField" Date="20130702" Time="095649">CalculateField poq_lubc_2013f Feature "residential" VB #</Process><Process ToolSource="C:\Program Files (x86)\ArcGIS\Desktop10.0\ArcToolbox\Toolboxes\Data Management Tools.tbx\CalculateField" Date="20130702" Time="100517">CalculateField poq_lubc_2013f Feature "residential" VB #</Process><Process ToolSource="C:\Program Files (x86)\ArcGIS\Desktop10.0\ArcToolbox\Toolboxes\Data Management Tools.tbx\CalculateField" Date="20130702" Time="102057">CalculateField poq_lubc_2013f Feature "residential" VB #</Process><Process ToolSource="C:\Program Files (x86)\ArcGIS\Desktop10.0\ArcToolbox\Toolboxes\Data Management Tools.tbx\CalculateField" Date="20130702" Time="103257">CalculateField poq_lubc_2013f Feature "residential" VB #</Process><Process ToolSource="C:\Program Files (x86)\ArcGIS\Desktop10.0\ArcToolbox\Toolboxes\Data Management Tools.tbx\CalculateField" Date="20130702" Time="103819">CalculateField poq_lubc_2013f Feature "residential" VB #</Process><Process ToolSource="C:\Program Files (x86)\ArcGIS\Desktop10.0\ArcToolbox\Toolboxes\Data Management Tools.tbx\CalculateField" Date="20130702" Time="110502">CalculateField poq_lubc_2013f Feature "residential" VB #</Process><Process ToolSource="C:\Program Files (x86)\ArcGIS\Desktop10.0\ArcToolbox\Toolboxes\Data Management Tools.tbx\CalculateField" Date="20130702" Time="110713">CalculateField poq_lubc_2013f Feature "residential" VB #</Process><Process ToolSource="C:\Program Files (x86)\ArcGIS\Desktop10.0\ArcToolbox\Toolboxes\Data Management Tools.tbx\CalculateField" Date="20130702" Time="111600">CalculateField poq_lubc_2013f Feature "residential" VB #</Process><Process ToolSource="C:\Program Files (x86)\ArcGIS\Desktop10.0\ArcToolbox\Toolboxes\Data Management Tools.tbx\CalculateField" Date="20130702" Time="112352">CalculateField poq_lubc_2013f Feature "residential" VB #</Process><Process ToolSource="C:\Program Files (x86)\ArcGIS\Desktop10.0\ArcToolbox\Toolboxes\Data Management Tools.tbx\CalculateField" Date="20130702" Time="112453">CalculateField poq_lubc_2013f Feature "grass" VB #</Process><Process ToolSource="C:\Program Files (x86)\ArcGIS\Desktop10.0\ArcToolbox\Toolboxes\Data Management Tools.tbx\CalculateField" Date="20130702" Time="113018">CalculateField poq_lubc_2013f Feature "residential" VB #</Process><Process ToolSource="C:\Program Files (x86)\ArcGIS\Desktop10.0\ArcToolbox\Toolboxes\Data Management Tools.tbx\CalculateField" Date="20130702" Time="113224">CalculateField poq_lubc_2013f Feature "residential" VB #</Process><Process ToolSource="C:\Program Files (x86)\ArcGIS\Desktop10.0\ArcToolbox\Toolboxes\Data Management Tools.tbx\CalculateField" Date="20130702" Time="113521">CalculateField poq_lubc_2013f Feature "residential" VB #</Process><Process ToolSource="C:\Program Files (x86)\ArcGIS\Desktop10.0\ArcToolbox\Toolboxes\Data Management Tools.tbx\CalculateField" Date="20130702" Time="131410">CalculateField poq_lubc_2013f Feature "residential" VB #</Process><Process ToolSource="C:\Program Files (x86)\ArcGIS\Desktop10.0\ArcToolbox\Toolboxes\Data Management Tools.tbx\CalculateField" Date="20130702" Time="131842">CalculateField poq_lubc_2013f Feature "residential" VB #</Process><Process ToolSource="C:\Program Files (x86)\ArcGIS\Desktop10.0\ArcToolbox\Toolboxes\Data Management Tools.tbx\CalculateField" Date="20130702" Time="132012">CalculateField poq_lubc_2013f Feature "residential" VB #</Process><Process ToolSource="C:\Program Files (x86)\ArcGIS\Desktop10.0\ArcToolbox\Toolboxes\Data Management Tools.tbx\CalculateField" Date="20130703" Time="143544">CalculateField poq_lubc_2013f Erosion "erosional" VB #</Process><Process ToolSource="C:\Program Files (x86)\ArcGIS\Desktop10.0\ArcToolbox\Toolboxes\Data Management Tools.tbx\CalculateField" Date="20130703" Time="144401">CalculateField poq_lubc_2013f Beach "no" VB #</Process><Process ToolSource="C:\Program Files (x86)\ArcGIS\Desktop10.0\ArcToolbox\Toolboxes\Data Management Tools.tbx\CalculateField" Date="20130703" Time="144500">CalculateField poq_lubc_2013f Tree_Fring "" VB #</Process><Process ToolSource="C:\Program Files (x86)\ArcGIS\Desktop10.0\ArcToolbox\Toolboxes\Data Management Tools.tbx\CalculateField" Date="20130703" Time="144911">CalculateField poq_lubc_2013f Inv_update "Inventory updated using VBMP 2011 imagery / Bing high resolution oblique imagery" VB #</Process><Process ToolSource="C:\Program Files (x86)\ArcGIS\Desktop10.0\ArcToolbox\Toolboxes\Data Management Tools.tbx\CalculateField" Date="20130703" Time="145321">CalculateField poq_lubc_2013f Inv_update "Inventory updated using VBMP 2011 imagery / Bing high resolution oblique imagery"
 VB #</Process><Process ToolSource="c:\program files\arcgis\desktop10.1\ArcToolbox\Toolboxes\Data Management Tools.tbx\CalculateField" Date="20130710" Time="134315">CalculateField poq_lubc_2013 Cover "" VB #</Process><Process ToolSource="c:\program files\arcgis\desktop10.1\ArcToolbox\Toolboxes\Data Management Tools.tbx\CalculateField" Date="20130710" Time="134411">CalculateField poq_lubc_2013 Erosion "" VB #</Process><Process ToolSource="c:\program files\arcgis\desktop10.1\ArcToolbox\Toolboxes\Data Management Tools.tbx\CalculateField" Date="20130710" Time="134430">CalculateField poq_lubc_2013 Height "" VB #</Process></lineage><itemProps><itemLocation><linkage Sync="TRUE">file://\\139.70.26.251\ccrm\cci\Shoreline_Inventories\Inventories_In_Progress\Poquoson_2013\Final_Shapefiles\poq_lubc_2013.shp</linkage><protocol Sync="TRUE">Local Area Network</protocol></itemLocation><itemName Sync="TRUE">poq_lubc_2013</itemName><imsContentType Sync="TRUE">002</imsContentType><itemSize Sync="TRUE">8.307</itemSize><nativeExtBox><westBL Sync="TRUE">374486.375000</westBL><eastBL Sync="TRUE">385109.322346</eastBL><southBL Sync="TRUE">4106822.261277</southBL><northBL Sync="TRUE">4114640.923499</northBL><exTypeCode Sync="TRUE">1</exTypeCode></nativeExtBox></itemProps><copyHistory><copy source="N:\cci\Shoreline_Inventories\Inventories_In_Progress\Poquoson_2013\Intermediate_Shapefiles\poq_lubc_2013f" dest="\\139.70.26.251\ccrm\cci\Shoreline_Inventories\Inventories_In_Progress\Poquoson_2013\Final_Shapefiles\poq_lubc_2013f" date="20130703" time="15371400"></copy></copyHistory><coordRef><type Sync="TRUE">Projected</type><geogcsn Sync="TRUE">GCS_North_American_1983</geogcsn><csUnits Sync="TRUE">Linear Unit: Meter (1.000000)</csUnits><projcsn Sync="TRUE">NAD_1983_UTM_Zone_18N</projcsn><peXml Sync="TRUE">&lt;ProjectedCoordinateSystem xsi:type='typens:ProjectedCoordinateSystem' xmlns:xsi='http://www.w3.org/2001/XMLSchema-instance' xmlns:xs='http://www.w3.org/2001/XMLSchema' xmlns:typens='http://www.esri.com/schemas/ArcGIS/10.0'&gt;&lt;WKT&gt;PROJCS[&amp;quot;NAD_1983_UTM_Zone_18N&amp;quot;,GEOGCS[&amp;quot;GCS_North_American_1983&amp;quot;,DATUM[&amp;quot;D_North_American_1983&amp;quot;,SPHEROID[&amp;quot;GRS_1980&amp;quot;,6378137.0,298.257222101]],PRIMEM[&amp;quot;Greenwich&amp;quot;,0.0],UNIT[&amp;quot;Degree&amp;quot;,0.0174532925199433]],PROJECTION[&amp;quot;Transverse_Mercator&amp;quot;],PARAMETER[&amp;quot;False_Easting&amp;quot;,500000.0],PARAMETER[&amp;quot;False_Northing&amp;quot;,0.0],PARAMETER[&amp;quot;Central_Meridian&amp;quot;,-75.0],PARAMETER[&amp;quot;Scale_Factor&amp;quot;,0.9996],PARAMETER[&amp;quot;Latitude_Of_Origin&amp;quot;,0.0],UNIT[&amp;quot;Meter&amp;quot;,1.0],AUTHORITY[&amp;quot;EPSG&amp;quot;,26918]]&lt;/WKT&gt;&lt;XOrigin&gt;-5120900&lt;/XOrigin&gt;&lt;YOrigin&gt;-9998100&lt;/YOrigin&gt;&lt;XYScale&gt;450445547.3910538&lt;/XYScale&gt;&lt;ZOrigin&gt;-100000&lt;/ZOrigin&gt;&lt;ZScale&gt;10000&lt;/ZScale&gt;&lt;MOrigin&gt;-100000&lt;/MOrigin&gt;&lt;MScale&gt;10000&lt;/MScale&gt;&lt;XYTolerance&gt;0.001&lt;/XYTolerance&gt;&lt;ZTolerance&gt;0.001&lt;/ZTolerance&gt;&lt;MTolerance&gt;0.001&lt;/MTolerance&gt;&lt;HighPrecision&gt;true&lt;/HighPrecision&gt;&lt;WKID&gt;26918&lt;/WKID&gt;&lt;/ProjectedCoordinateSystem&gt;</peXml></coordRef></DataProperties></Esri><idinfo><citation><citeinfo><onlink>http://ccrm.vims.edu//gis_data_maps/shoreline_inventories/index.html </onlink><origin>Comprehensive Coastal Inventory, Virginia Institute of Marine Science </origin><pubdate>2013</pubdate><title>The City of Poquoson Land Use and Bank Cover Inventory (poq_lubc_2013)</title><ftname Sync="TRUE">poq_lubc_2013</ftname><geoform Sync="TRUE">vector digital data</geoform></citeinfo></citation><native Sync="TRUE">Microsoft Windows XP Version 5.1 (Build 2600) Service Pack 3; ESRI ArcCatalog 9.3.1.3000</native><descript><langdata Sync="TRUE">en</langdata><abstract>Shoreline Situation Reports (SSR) were first generated by VIMS in the 1970's to report the condition and status of the shore lands.  The SSR series were published in hardcopy on a county by county basis for each Tidewater Virginia localities.  The reports were intended to assist planners, managers, and regulators in decisions pertaining to management of coastal areas and natural resources therein.  This Shoreline Inventory report continues a process which updates and expands the earlier reports.  Data collected reports conditions surveyed in the immediate riparian zone, the bank, and along the shoreline.
</abstract><purpose>To inventory Virginia's tidal shoreline conditions.
</purpose><supplinf>There are four shapefiles that are part of the 2013 City of Poquoson Shoreline Inventory database: poq_lubc_2013, poq_astru_2013, poq_sstru_2013, and poq_tm_2013. Poq _lubc_2013 (land use and bank cover for the City of Poquoson) is a linear shapefile containing data about land use, tree fringe, bank height, bank cover,  erosion, and beach status along the shoreline. Poq_sstru _2013 (the City of Poquoson shoreline structures) is a linear shapefile delineating hard structures in place at the shoreline (bulkhead, breakwater,debris, dilapidated bulkhead,  riprap, jetty, marina, marsh toe revetment, wharf, unconventional, groinfields). Poq_astru _2913 (the City of Poquoson access structures) is a point shapefile with locations of docks, public and private ramps, dilapidated docks, and boathouses. Poq_tm_2013 is a polygon shapefile delineating tidal marshes in the City of Poquoson.  The attributes of these four shapefiles are explained in the Entity and Attribute Information section below.
</supplinf></descript><timeperd><current>With the exception of the tidal marsh inventory, the currentness of this product is coincident with the year(s) of the images used in the data development.  Tidal marshes also used comparable image year classes but were ground-truthed. </current><timeinfo><sngdate><caldate>2013</caldate></sngdate></timeinfo></timeperd><status><progress>Complete</progress><update>None planned</update></status><spdom><bounding><westbc Sync="TRUE">-76.413755</westbc><eastbc Sync="TRUE">-76.292930</eastbc><northbc Sync="TRUE">37.171132</northbc><southbc Sync="TRUE">37.099307</southbc></bounding><lboundng><leftbc Sync="TRUE">374486.375000</leftbc><rightbc Sync="TRUE">385109.322346</rightbc><bottombc Sync="TRUE">4106822.261277</bottombc><topbc Sync="TRUE">4114640.923499</topbc></lboundng></spdom><keywords><theme><themekey>Shoreline Inventory</themekey><themekey>Shoreline conditions</themekey><themekey>Erosion control structures</themekey><themekey>Access structures</themekey><themekey>Riparian land use</themekey></theme><place><placekey>Virginia</placekey><placekey>City of Poquoson</placekey><placekey>Chesapeake Bay</placekey><placekey>Poquoson River</placekey><placekey>Bennetts Creek</placekey><placekey>Back River</placekey><placekey>NW Branch Back River</placekey><placekey>Roberts Creek</placekey><placekey>Lambs Creek</placekey></place></keywords><accconst>none</accconst><useconst>These data should not be used for jurisdictional permit determinations beyond providing general shoreline condition or status information.  These data have not been surveyed to property boundaries.
</useconst><natvform Sync="TRUE">Shapefile</natvform><ptcontac><cntinfo><cntperp><cntper>Marcia Berman</cntper><cntorg>Virginia Institute of Marine Science (VIMS)</cntorg></cntperp><cntpos>Director of Comprehensive Coastal Inventory Program (CCI) </cntpos><cntaddr><addrtype>mailing address</addrtype><address>P.O. Box 1346</address><city>Gloucester Point</city><state>Virginia</state><postal>23062</postal><country>USA</country></cntaddr><cntvoice>804-684-7188</cntvoice><cntfax>804-684-7179</cntfax><cntemail>marcia@vims.edu</cntemail></cntinfo></ptcontac></idinfo><distInfo><distributor><distorTran><onLineSrc><linkage Sync="TRUE">file://\\139.70.26.251\ccrm\cci\Shoreline_Inventories\Inventories_In_Progress\Poquoson_2013\Final_Shapefiles\poq_lubc_2013.shp</linkage><protocol Sync="TRUE">Local Area Network</protocol><orDesc Sync="TRUE">002</orDesc></onLineSrc><transSize Sync="TRUE">8.307</transSize></distorTran><distorFormat><formatName Sync="TRUE">Shapefile</formatName></distorFormat></distributor><distFormat><formatName Sync="TRUE">Shapefile</formatName></distFormat><distTranOps><transSize Sync="TRUE">8.307</transSize></distTranOps></distInfo><dataqual><lineage><procstep><procdesc>The original 2001 City of Poquoson Shoreline Inventory was developed using these techniques: data was collected by a two-person field crew (one person collecting land use and bank condition data and one boat operator also collecting shoreline features) using two hand-held Trimble GeoExplorers GPS Units, while navigating along the shoreline. A data dictionary designed for the inventory was installed on each GPS Unit. One data collector records natural features including land use, bank height, presence of marsh or beach, and shoreline stability. A second person collects data on the hardened structures: riprap, bulkheads, docks, boatramps, etc. Point features (docks, boathouses, ramps) were surveyed with a six second observation recorded at 1 reading/second. Linear features were surveyed kinematically at a rate of one observation every 3 seconds.
</procdesc><date Sync="TRUE">20061023</date><time Sync="TRUE">13265800</time><procdate>2001</procdate></procstep><srcinfo><srccite><citeinfo><title>Virginia Base Mapping Program (VBMP)</title><origin>Commonwealth of Virginia, through the Virginia Geographic Information Network (VGIN) of the Virginia Information Technology Agency (VITA).</origin><pubinfo><pubplace>Richmond, VA</pubplace><publish>Virginia Geographic Information Network </publish></pubinfo></citeinfo></srccite><srccontr>Used to accurately position land use and land cover data.  Provided a new digital shoreline coverage that serves as the base shoreline for shoreline conditions.
</srccontr></srcinfo><procstep><procdesc>Data from the GPS units were postprocessed on a PC with Trimble Pathfinder Office software. Postprocessing includes differential correction using base station data collected at the VIMS laboratory. Corrected data is converted to shapefiles for further processing.
</procdesc><procdate>2001</procdate></procstep><procstep><procdesc>In the ArcMap environment, boat-track arcs were manually shifted to the base shoreline (VBMP). Arcs were split and moved to locations on the shoreline perpendicular to the original locations on the boat-track. Shoreline arc segments were coded, and the shapefiles were visually checked for attribute accuracy between coded shoreline and boat-track data.
In ArcMap, boat-track points were manually shifted to the base shoreline (VBMP). Points were moved to locations on the shoreline perpendicular to the original locations on the boat-track. Points were coded and the access structure (astru) was visually checked for attribute accuracy between coded shoreline and boat-track data.
</procdesc><procdate>2001</procdate></procstep><procstep><procdesc>Land use, dock, and boathouse locations were digitally checked and repositioned if necessary with VBMP imagery displayed as a background coverage. This was done using ArcMap capabilities. Areas inaccessible by boat due to low tide were coded based on features observed on the imagery. The "remote" coded areas were given the item REMOTE = "yes" to distinquish them from GPS collected data.
</procdesc><procdate>2001</procdate></procstep><procstep><proccont><cntinfo><cntperp><cntper>Sharon Killeen</cntper><cntorg>Comprehensive Coastal Inventory Program, Viginia Institute of Marine Science </cntorg></cntperp><cntpos>GIS Programmer/Analyst </cntpos><cntaddr><addrtype>mailing address</addrtype><address>P.O. Box 1346 </address><city>Gloucester Point</city><state>VA</state><postal>23062</postal><country>USA</country></cntaddr><cntvoice>804-684-7534</cntvoice><cntfax>804-684-7179</cntfax><cntemail>sharon@vims.edu</cntemail></cntinfo></proccont><procdesc>To update the City of Poquoson Inventory, high resolution oblique imagery available through Bing  and VBMP 2011 imagery provided the source data that allowed the inventory to be updated without additional field work.  Bing imagery provides an excellent platform to assess changes in land use, presence of erosion control structures, and the location of private/public docks, boathouses, marins, and boat ramps. The imagery is less suited to accurately assess changes in bank height or bank condition.  By and large, these characteristics are relatively stable over time; the exception being areas with extreme exposure that may have been subject to intense storms since the original survey.
</procdesc><procdate>2013</procdate></procstep></lineage><logic>Chain-node topology present.  Linear coverages were built for lines and point coverages were built for points.
</logic><complete>All shoreline for the City of Poquoson was coded remotely using high resolution oblique imagery.
</complete><posacc><horizpa><horizpar>The City of Poquoson shoreline inventory published in 2001, recorded shoreline attributes with a GPS unit as the boat moved along the shoreline with a horizontal accuracy of +/- 5 meters.  Data was transferred from the GPS boat track to an existing digital shoreline coverage by projecting data to the shoreline at a 90 degree angle from the boat track.  Rectified imagery were used as a background coverage to aid in data positioning.  Land use features were placed along the shore so changes in land use were coincident with changes illustrated in the imagery.  Positional accuracy for data that has been corrected with imagery which has a resolution of  2 meters or better.  Accuracy limits of the field collected data, however, are set at 5 meters due to the short occupancy of GPS units.  In many cases the image correction yields a final positional accuracy much closer to 2 meters or less, depending on image resolution.
The 2013 Shoreline Inventory for the City of Poquoson was coded remotely using recent  high resolution color infra-red and natural color imagery (2011) with a resolution of 1 meter or better is used along with Bing oblique imagery to identify and code the shoreline for shoreline attributes.</horizpar></horizpa></posacc></dataqual><dataIdInfo><envirDesc Sync="TRUE">Microsoft Windows XP Version 5.1 (Build 2600) Service Pack 3; ESRI ArcGIS 10.0.3.3600</envirDesc><dataLang><languageCode Sync="TRUE" value="en"></languageCode><countryCode value="US" Sync="TRUE"></countryCode></dataLang><idCitation><resTitle Sync="TRUE">poq_lubc_2013</resTitle><presForm><PresFormCd Sync="TRUE" value="005"></PresFormCd></presForm></idCitation><spatRpType><SpatRepTypCd Sync="TRUE" value="001"></SpatRepTypCd></spatRpType><dataExt><geoEle><GeoBndBox esriExtentType="native"><westBL Sync="TRUE">374486.375</westBL><eastBL Sync="TRUE">385109.322346</eastBL><northBL Sync="TRUE">4114640.923499</northBL><southBL Sync="TRUE">4106822.261277</southBL><exTypeCode Sync="TRUE">1</exTypeCode></GeoBndBox></geoEle></dataExt><geoBox esriExtentType="decdegrees"><westBL Sync="TRUE">-76.413755</westBL><eastBL Sync="TRUE">-76.29293</eastBL><northBL Sync="TRUE">37.171132</northBL><southBL Sync="TRUE">37.099307</southBL><exTypeCode Sync="TRUE">1</exTypeCode></geoBox><dataExt><geoEle><GeoBndBox esriExtentType="search"><exTypeCode Sync="TRUE">1</exTypeCode><westBL Sync="TRUE">-76.413755</westBL><eastBL Sync="TRUE">-76.292930</eastBL><northBL Sync="TRUE">37.171132</northBL><southBL Sync="TRUE">37.099307</southBL></GeoBndBox></geoEle></dataExt></dataIdInfo><metainfo><langmeta Sync="TRUE">en</langmeta><metstdn Sync="TRUE">FGDC Content Standards for Digital Geospatial Metadata</metstdn><metstdv Sync="TRUE">FGDC-STD-001-1998</metstdv><mettc Sync="TRUE">local time</mettc><metc><cntinfo><cntaddr><addrtype>mailing address</addrtype><city>Gloucester Point</city><state>VA</state><postal>23062</postal><address>P.O.Box 1346 </address><country>USA</country></cntaddr><cntvoice>804-684-7534</cntvoice><cntperp><cntper>Sharon Killeen</cntper><cntorg>Comprehensive Coastal Inventory, Virginia Institute of Marine Science </cntorg></cntperp><cntpos>GIS Programmer/Analyst </cntpos><cntfax>804-684-7179</cntfax><cntemail>sharon@vims.edu</cntemail></cntinfo></metc><metd Sync="TRUE">20131203</metd></metainfo><mdLang><languageCode Sync="TRUE" value="en"></languageCode><countryCode value="US" Sync="TRUE"></countryCode></mdLang><mdStanName Sync="TRUE">ISO 19115 Geographic Information - Metadata</mdStanName><mdStanVer Sync="TRUE">DIS_ESRI1.0</mdStanVer><mdChar><CharSetCd Sync="TRUE" value="004"></CharSetCd></mdChar><mdHrLv><ScopeCd Sync="TRUE" value="005"></ScopeCd></mdHrLv><mdHrLvName Sync="TRUE">dataset</mdHrLvName><distinfo><resdesc Sync="TRUE">Downloadable Data</resdesc><stdorder><digform><digtinfo><transize Sync="TRUE">8.307</transize><dssize Sync="TRUE">8.307</dssize><formname>Shapefile</formname></digtinfo></digform></stdorder></distinfo><spdoinfo><direct Sync="TRUE">Vector</direct><ptvctinf><esriterm><efeatyp Sync="TRUE">Simple</efeatyp><efeageom code="3" Sync="TRUE"></efeageom><esritopo Sync="TRUE">FALSE</esritopo><efeacnt Sync="TRUE">1165</efeacnt><spindex Sync="TRUE">FALSE</spindex><linrefer Sync="TRUE">FALSE</linrefer></esriterm></ptvctinf></spdoinfo><spref><horizsys><cordsysn><geogcsn Sync="TRUE">GCS_North_American_1983</geogcsn><projcsn Sync="TRUE">NAD_1983_UTM_Zone_18N</projcsn></cordsysn><planar><planci><plance Sync="TRUE">coordinate pair</plance><plandu Sync="TRUE">meters</plandu><coordrep><absres Sync="TRUE">0.000000</absres><ordres Sync="TRUE">0.000000</ordres></coordrep></planci></planar><geodetic><horizdn Sync="TRUE">North American Datum of 1983</horizdn><ellips Sync="TRUE">Geodetic Reference System 80</ellips><semiaxis Sync="TRUE">6378137.000000</semiaxis><denflat Sync="TRUE">298.257222</denflat></geodetic></horizsys></spref><refSysInfo><RefSystem><refSysID><identCode Sync="TRUE" value="26918">NAD_1983_UTM_Zone_18N</identCode><idCodeSpace Sync="TRUE">EPSG</idCodeSpace><idVersion Sync="TRUE">7.4.1</idVersion></refSysID></RefSystem></refSysInfo><spatRepInfo><VectSpatRep><geometObjs Name="poq_lubc_2013"><geoObjTyp><GeoObjTypCd value="002" Sync="TRUE"></GeoObjTypCd></geoObjTyp><geoObjCnt Sync="TRUE">1165</geoObjCnt></geometObjs><topLvl><TopoLevCd value="001" Sync="TRUE"></TopoLevCd></topLvl></VectSpatRep></spatRepInfo><eainfo><detailed Name="poq_lubc_2013"><enttyp><enttypl Sync="TRUE">poq_lubc_2013</enttypl><enttypt Sync="TRUE">Feature Class</enttypt><enttypc Sync="TRUE">1165</enttypc></enttyp><attr><attrlabl Sync="TRUE">FID</attrlabl><attalias Sync="TRUE">FID</attalias><attrtype Sync="TRUE">OID</attrtype><attwidth Sync="TRUE">4</attwidth><atprecis Sync="TRUE">0</atprecis><attscale Sync="TRUE">0</attscale><attrdef Sync="TRUE">Internal feature number.</attrdef><attrdefs Sync="TRUE">ESRI</attrdefs><attrdomv><udom Sync="TRUE">Sequential unique whole numbers that are automatically generated.</udom></attrdomv></attr><attr><attrlabl Sync="TRUE">Shape</attrlabl><attalias Sync="TRUE">Shape</attalias><attrtype Sync="TRUE">Geometry</attrtype><attwidth Sync="TRUE">0</attwidth><atprecis Sync="TRUE">0</atprecis><attscale Sync="TRUE">0</attscale><attrdef Sync="TRUE">Feature geometry.</attrdef><attrdefs Sync="TRUE">ESRI</attrdefs><attrdomv><udom Sync="TRUE">Coordinates defining the features.</udom></attrdomv></attr><attr><attrlabl Sync="TRUE">LENGTH</attrlabl><attalias Sync="TRUE">LENGTH</attalias><attrtype Sync="TRUE">Double</attrtype><attwidth Sync="TRUE">19</attwidth><attrdef>Applies to feature, bank height, erosion, bank cover, tree fringe and beach</attrdef><atprecis Sync="TRUE">0</atprecis><attscale Sync="TRUE">0</attscale></attr><attr><attrlabl Sync="TRUE">FIPS</attrlabl><attalias Sync="TRUE">FIPS</attalias><attrtype Sync="TRUE">SmallInteger</attrtype><attwidth Sync="TRUE">4</attwidth><attrdef>City code</attrdef><atprecis Sync="TRUE">4</atprecis><attscale Sync="TRUE">0</attscale></attr><attr><attrlabl Sync="TRUE">FEATURE</attrlabl><attalias Sync="TRUE">Feature</attalias><attrtype Sync="TRUE">String</attrtype><attwidth Sync="TRUE">50</attwidth><atprecis Sync="TRUE">0</atprecis><attscale Sync="TRUE">0</attscale><attrdef>current land use:  agriculture, bare, commercial, forest, grass, industrial, marsh island,  paved, residential, scrub-shrub</attrdef></attr><attr><attrlabl Sync="TRUE">Cover</attrlabl><attalias Sync="TRUE">Cover</attalias><attrtype Sync="TRUE">String</attrtype><attwidth Sync="TRUE">50</attwidth><attrdef>coverage of bank: bare &lt;25% vegetative cover,  partial 25-75% vegetative cover, total &gt;75% vegetative cover</attrdef><atprecis Sync="TRUE">0</atprecis><attscale Sync="TRUE">0</attscale></attr><attr><attrlabl Sync="TRUE">Erosion</attrlabl><attalias Sync="TRUE">Erosion</attalias><attrtype Sync="TRUE">String</attrtype><attwidth Sync="TRUE">50</attwidth><attrdef>condition of bank face:  erosional, transitional, stable, undercut</attrdef><atprecis Sync="TRUE">0</atprecis><attscale Sync="TRUE">0</attscale></attr><attr><attrlabl Sync="TRUE">HEIGHT</attrlabl><attalias Sync="TRUE">Height</attalias><attrtype Sync="TRUE">String</attrtype><attwidth Sync="TRUE">10</attwidth><atprecis Sync="TRUE">0</atprecis><attscale Sync="TRUE">0</attscale><attrdef>bank height (in feet) from the toe to the edge of the fastland: 0-5, 5-10, 10-30</attrdef></attr><attr><attrlabl Sync="TRUE">Tree_Fring</attrlabl><attalias Sync="TRUE">Tree_Fring</attalias><attrtype Sync="TRUE">String</attrtype><attwidth Sync="TRUE">5</attwidth><attrdef>A thin distribution of trees in the riparian zone; generally along the top of the bank</attrdef><atprecis Sync="TRUE">0</atprecis><attscale Sync="TRUE">0</attscale></attr><attr><attrlabl Sync="TRUE">BEACH</attrlabl><attalias Sync="TRUE">Beach</attalias><attrtype Sync="TRUE">String</attrtype><attwidth Sync="TRUE">5</attwidth><atprecis Sync="TRUE">0</atprecis><attscale Sync="TRUE">0</attscale><attrdef>presence or absence</attrdef></attr><attr><attrlabl Sync="TRUE">Inv_update</attrlabl><attalias Sync="TRUE">Inv_update</attalias><attrtype Sync="TRUE">String</attrtype><attwidth Sync="TRUE">100</attwidth><attrdef>Dates of imagery used</attrdef><atprecis Sync="TRUE">0</atprecis><attscale Sync="TRUE">0</attscale></attr></detailed></eainfo><mdDateSt Sync="TRUE">20131204</mdDateSt></metadata>
