<?xml version="1.0" encoding="ISO-8859-1"?>
<metadata>
<NPS_Info>
<MetaPurp>CSDGM</MetaPurp>
<MetaPurp>NPS</MetaPurp>
<MetaPurp>OnlineData</MetaPurp>
<MetaPurp>IMInventory</MetaPurp>
<NPS_Unit>
<UnitType>Park</UnitType>
<UnitCode>CUGA</UnitCode>
</NPS_Unit>
<DSC_Info>
<Cat_Date>
<sngdate>
<caldate>20080930</caldate>
</sngdate>
</Cat_Date>
</DSC_Info>
<DatStore>
<DSteward>
<cntinfo>
<cntperp>
<cntper>Stephanie O&apos;Meara</cntper>
<cntorg>Colorado State University</cntorg>
</cntperp>
<cntpos>Research Associate, Geologist/GIS Specialist</cntpos>
<cntaddr>
<addrtype>mailing and physical address</addrtype>
<address>1201 Oak Ridge Drive, Suite 200</address>
<city>Fort Collins</city>
<state>Colorado</state>
<postal>80525</postal>
<country>USA</country>
</cntaddr>
<cntvoice>(970) 225-3584</cntvoice>
<cntfax>(970) 225-3597</cntfax>
<cntemail>Stephanie_O&apos;Meara@partner.nps.gov</cntemail>
<hours>9:00 a.m. to 5:00 p.m. (MST), Monday - Friday</hours>
</cntinfo>
</DSteward>
<Category>Geology</Category>
<DataSite>NR-GIS</DataSite>
</DatStore>
</NPS_Info>
<idinfo>
<citation>
<citeinfo>
<origin>National Park Service (NPS) Geologic Resource Evaluation (GRE) program</origin>
<pubdate>20080930</pubdate>
<title>Digital Geologic Cross Section Lines of Cumberland Gap National Historical Park and Vicinity, Kentucky, Tennessee and Virginia (NPS, GRD, GRE, CUGA, CUGA digital map)</title>
<edition>1st</edition>
<geoform>vector digital data</geoform>
<lworkcit>
<citeinfo>
<origin>National Park Service (NPS) Geologic Resource Evaluation (GRE) program</origin>
<pubdate>20080930</pubdate>
<title>The Digital Geologic Map of Cumberland Gap National Historical Park and Vicinity, Kentucky, Tennessee and Virginia</title>
<edition>1st</edition>
<geoform>map</geoform>
<onlink>http://nrdata.nps.gov/cuga/nrdata/geology/gis/cuga_metadata.xml</onlink>
<onlink>http://nrdata.nps.gov/cuga/nrdata/geology/gis/cugagdb.zip</onlink>
<onlink>http://nrdata.nps.gov/cuga/nrdata/geology/gis/cugashp.zip</onlink>
</citeinfo>
</lworkcit>
</citeinfo>
</citation>
<descript>
<abstract>The Digital Geologic Cross Section Lines of Cumberland Gap National Historical Park and Vicinity, Kentucky, Tennessee and Virginia consists of GIS data.  Please see the GRE digital map metadata record (cuga_metadata.txt) for additional information.  The data were completed as a component of the Geologic Resource Evaluation (GRE) program, a National Park Service (NPS) Inventory and Monitoring (I&amp;M) funded program that is administered by the NPS Geologic Resources Division (GRD).  The data were captured, grouped and attributed as per the NPS GRE Geology-GIS Geodatabase Data Model v. 2.0. (available at: http://science.nature.nps.gov/im/inventory/geology/GeologyGISDataModel.cfm). The data is within the area of interest of Cumberland Gap National Historical Park.</abstract>
<purpose>The data are intended to assist NPS personnel in the protection and management of Cumberland Gap National Historical Park.</purpose>
<supplinf>This dataset is just one component of the CUGA digital map.  Please see the GRE digital map metadata record (cuga_metadata.txt) for additional information.</supplinf>
</descript>
<timeperd>
<timeinfo>
<sngdate>
<caldate>20080930</caldate>
</sngdate>
</timeinfo>
<current>ground condition</current>
</timeperd>
<status>
<progress>Complete</progress>
<update>None planned</update>
</status>
<spdom>
<bounding>
<westbc>-83.8726828028657</westbc>
<eastbc>-83.2498980121792</eastbc>
<northbc>36.7499037202023</northbc>
<southbc>36.5000992257729</southbc>
</bounding>
</spdom>
<keywords>
<theme>
<themekt>none</themekt>
<themekey>Cumberland Gap National Historical Park</themekey>
<themekey>CUGA</themekey>
<themekey>digital data</themekey>
<themekey>GIS data</themekey>
<themekey>digital geologic map</themekey>
<themekey>geologic map</themekey>
<themekey>geology</themekey>
<themekey>National Park Service</themekey>
<themekey>NPS</themekey>
<themekey>Geologic Resources Division</themekey>
<themekey>GRD</themekey>
<themekey>Geologic Resource Evaluation</themekey>
<themekey>GRE</themekey>
</theme>
<place>
<placekt>none</placekt>
<placekey>Cumberland Gap National Historical Park</placekey>
<placekey>CUGA</placekey>
<placekey>Kentucky</placekey>
<placekey>Tennessee</placekey>
<placekey>Virginia</placekey>
<placekey>United States</placekey>
<placekey>US</placekey>
<placekey>USA</placekey>
<placekey>North America</placekey>
</place>
<place>
<placekt>National Park System Unit Code Thesaurus</placekt>
<placekey>CUGA</placekey>
</place>
<place>
<placekt>National Park System Unit Name Thesaurus</placekt>
<placekey>Cumberland Gap National Historical Park</placekey>
</place>
<theme>
<themekt>National Park Service Theme Category Thesaurus</themekt>
<themekey>Geology</themekey>
</theme>
<theme>
<themekt>ISO 19115 Topic Category</themekt>
<themekey>Environment</themekey>
<themekey>Geoscientific Information</themekey>
</theme>
</keywords>
<accconst>None</accconst>
<useconst>Not for use at scale greater than the source map scale (see cuga_metadata.txt)</useconst>
<ptcontac>
<cntinfo>
<cntperp>
<cntper>Stephanie O&apos;Meara</cntper>
<cntorg>Colorado State University</cntorg>
</cntperp>
<cntpos>Research Associate, Geologist/GIS Specialist</cntpos>
<cntaddr>
<addrtype>mailing and physical address</addrtype>
<address>1201 Oak Ridge Drive, Suite 200</address>
<city>Fort Collins</city>
<state>Colorado</state>
<postal>80525</postal>
<country>USA</country>
</cntaddr>
<cntvoice>(970) 225-3584</cntvoice>
<cntfax>(970) 225-3597</cntfax>
<cntemail>Stephanie_O&apos;Meara@partner.nps.gov</cntemail>
<hours>9:00 a.m. to 5:00 p.m. (MST), Monday - Friday</hours>
</cntinfo>
</ptcontac>
<datacred>Source data producers and NPS GRE Program</datacred>
<native>ESRI ArcGIS 9.2 and Microsoft Windows XP</native>
<crossref>
<citeinfo>
<origin>National Park Service Geologic Resource Evaluation (GRE) program</origin>
<pubdate>20080930</pubdate>
<title>Metadata for the The Digital Geologic Map of Cumberland Gap National Historical Park and Vicinity, Kentucky, Tennessee and Virginia (NPS, GRD, GRE, CUGA, CUGA digital map)</title>
<edition>1st</edition>
<geoform>document</geoform>
<onlink>http://nrdata.nps.gov/cuga/nrdata/geology/gis/cuga_metadata.xml</onlink>
</citeinfo>
</crossref>
</idinfo>
<metainfo>
<metd>20080930</metd>
<metc>
<cntinfo>
<cntperp>
<cntper>Heather I. Stanton</cntper>
<cntorg>Colorado State University</cntorg>
</cntperp>
<cntpos>Research Associate, Geologist/GIS Specialist</cntpos>
<cntaddr>
<addrtype>mailing and physical address</addrtype>
<address>1201 Oak Ridge Drive, Suite 200</address>
<city>Fort Collins</city>
<state>Colorado</state>
<postal>80525-5589</postal>
<country>USA</country>
</cntaddr>
<cntvoice>(970) 267-2159</cntvoice>
<cntfax>(970) 225-3597</cntfax>
<cntemail>Heather_Stanton@partner.nps.gov</cntemail>
<hours>9:00 a.m. to 5:00 p.m. (MST), Monday - Friday</hours>
</cntinfo>
</metc>
<metstdn>FGDC Content Standards for Digital Geospatial Metadata</metstdn>
<metstdv>FGDC-STD-001-1998</metstdv>
<mettc>local time</mettc>
<metac>None</metac>
<metuc>None</metuc>
<metextns>
<onlink>http://www.fgdc.gov/metadata/meta_stand.html</onlink>
<metprof>FGDC Geospatial Metadata Standards</metprof>
</metextns>
<metextns>
<onlink>http://nrdata.nps.gov/profiles/nps_profile.xml</onlink>
<metprof>NPS NR and GIS Metadata Profile</metprof>
</metextns>
</metainfo>
</metadata>
