<metadata>
	<idinfo>
		<citation>
			<citeinfo>
				<origin>National Flood Insurance Program - Federal Emergency Management Agency</origin>
				<title>National Flood Insurance Program</title>
				<geoform Sync="TRUE">vector digital data</geoform>
				<onlink>mscservices@riskmapcds.com</onlink>
				<ftname Sync="TRUE">FloodzoneAE2008</ftname></citeinfo>
		</citation>
		<descript>
			<abstract>Location of 100-Year Flood Zones (with Base Flood Elevations) (2008).</abstract>
			<purpose>The purpose of this data set is to show approximate location of the 100-year Flood Plain.</purpose>
			<langdata Sync="TRUE">en</langdata></descript>
		<timeperd>
			<timeinfo>
				<sngdate>
				</sngdate>
			</timeinfo>
		</timeperd>
		<status>
			<progress>Complete</progress>
			<update>As needed</update>
		</status>
		<spdom>
			<bounding>
				<westbc Sync="TRUE">-79.266754</westbc>
				<eastbc Sync="TRUE">-79.084082</eastbc>
				<northbc Sync="TRUE">37.469972</northbc>
				<southbc Sync="TRUE">37.340365</southbc>
			</bounding>
			<lboundng><leftbc Sync="TRUE">11260396.510000</leftbc><rightbc Sync="TRUE">11313121.761500</rightbc><bottombc Sync="TRUE">3648385.023500</bottombc><topbc Sync="TRUE">3695199.612000</topbc></lboundng></spdom>
		<keywords>
			<theme>
				<themekt>Flood Zone AE 2008</themekt>
				<themekey>Flood Zone AE 2008</themekey>
			</theme>
		</keywords>
		<accconst>Users of this data agree to the use constraints described in this metadata document.</accconst>
		<useconst>Pursuant to Section 54.1-402, paragraph C of the Code of Virginia, which is quoted below, this data may not be used for purposes listed in said paragraph C, since the data was not created, nor is it maintained under the supervision of a licensed land surveyor.</useconst>
		<ptcontac>
			<cntinfo>
				<cntorgp>
					<cntorg>FEMA Map Service Center</cntorg>
				</cntorgp>
				<cntaddr>
					<address>P.O. Box 1038</address>
					<city>Jessup</city>
					<state>Maryland</state>
					<postal>20794-1038</postal>
					<country>United States</country>
					<addrtype>mailing address</addrtype></cntaddr>
				<cntvoice>(877) 336-2627</cntvoice>
				<cntfax>(800) 358-9620</cntfax>
				<cntemail>MSCservices@riskmapcds.com</cntemail>
			</cntinfo>
		</ptcontac>
		<native Sync="TRUE">Microsoft Windows 2000 Version 5.2 (Build 3790) Service Pack 2; ESRI ArcCatalog 9.3.1.4000</native>
		<natvform Sync="TRUE">File Geodatabase Feature Class</natvform><datacred>National Flood Insurance Program - Federal Emergency Management Agency</datacred></idinfo>
	<dataqual>
		<lineage>
			<srcinfo>
				<srccite>
					<citeinfo>
						<origin>City of Lynchburg Department of GIS</origin>
						<title>Department of GIS</title>
					</citeinfo>
				</srccite>
			</srcinfo>
			<procstep><procdesc>Original GIS vector data was being maintained in GeoMedia. The GIS vector was then exported to AutoCAD (.dwg) format and/or ESRI shapefile (.shp) format then loaded into ESRI Geodatabase format.</procdesc></procstep><procstep><procdesc Sync="TRUE">Metadata imported.</procdesc><srcused Sync="TRUE">T:\Shared\Worldview\Metadata\FloodzoneAE2008.xml</srcused><procdate Sync="TRUE">20090323</procdate><proctime Sync="TRUE">09394900</proctime></procstep></lineage>
	</dataqual>
	<spdoinfo>
		<direct Sync="TRUE">Vector</direct>
		<ptvctinf><esriterm><efeatyp Sync="TRUE">Simple</efeatyp><efeageom code="4" Sync="TRUE"></efeageom><esritopo Sync="TRUE">FALSE</esritopo><efeacnt Sync="TRUE">0</efeacnt><spindex Sync="TRUE">FALSE</spindex><linrefer Sync="TRUE">TRUE</linrefer></esriterm></ptvctinf></spdoinfo>
	<spref>
		<horizsys>
			<planar>
				<planci>
					<plance Sync="TRUE">coordinate pair</plance>
					<coordrep>
						<absres Sync="TRUE">0.000500</absres>
						<ordres Sync="TRUE">0.000500</ordres>
					</coordrep>
					<plandu Sync="TRUE">survey feet</plandu>
				</planci>
			</planar>
			<geodetic>
				<horizdn Sync="TRUE">North American Datum of 1983</horizdn>
				<ellips Sync="TRUE">Geodetic Reference System 80</ellips>
				<semiaxis Sync="TRUE">6378137.000000</semiaxis>
				<denflat Sync="TRUE">298.257222</denflat>
			</geodetic>
			<cordsysn><geogcsn Sync="TRUE">GCS_North_American_1983</geogcsn><projcsn Sync="TRUE">NAD_1983_StatePlane_Virginia_South_FIPS_4502_Feet</projcsn></cordsysn></horizsys>
		<vertdef>
			<altsys>
				<altres Sync="TRUE">0.000100</altres>
				<altenc Sync="TRUE">Explicit elevation coordinate included with horizontal coordinates</altenc>
			</altsys>
		</vertdef>
	</spref>
	<eainfo>
		<detailed Name="FloodzoneAE2008">
			<enttyp>
				<enttypl Sync="TRUE">FloodzoneAE2008</enttypl>
				<enttypt Sync="TRUE">Feature Class</enttypt><enttypc Sync="TRUE">0</enttypc></enttyp>
			<attr><attrlabl Sync="TRUE">FID</attrlabl><attalias Sync="TRUE">FID</attalias><attrtype Sync="TRUE">OID</attrtype><attwidth Sync="TRUE">4</attwidth><atprecis Sync="TRUE">0</atprecis><attscale Sync="TRUE">0</attscale><attrdef Sync="TRUE">Internal feature number.</attrdef><attrdefs Sync="TRUE">ESRI</attrdefs><attrdomv><udom Sync="TRUE">Sequential unique whole numbers that are automatically generated.</udom></attrdomv></attr><attr><attrlabl Sync="TRUE">Fznae_ID</attrlabl><attalias Sync="TRUE">Fznae_ID</attalias><attrtype Sync="TRUE">Integer</attrtype><attwidth Sync="TRUE">9</attwidth><atprecis Sync="TRUE">9</atprecis><attscale Sync="TRUE">0</attscale></attr><attr><attrlabl Sync="TRUE">FloodZone</attrlabl><attalias Sync="TRUE">FloodZone</attalias><attrtype Sync="TRUE">String</attrtype><attwidth Sync="TRUE">55</attwidth><atprecis Sync="TRUE">0</atprecis><attscale Sync="TRUE">0</attscale></attr><attr>
				<attrlabl>Shape</attrlabl>
				<attrdef>Feature geometry.</attrdef>
				<attrdefs>ESRI</attrdefs>
				<attrdomv>
					<udom>Coordinates defining the features.</udom>
				</attrdomv>
				<attalias Sync="TRUE">Shape</attalias><attrtype Sync="TRUE">Geometry</attrtype><attwidth Sync="TRUE">0</attwidth><atprecis Sync="TRUE">0</atprecis><attscale Sync="TRUE">0</attscale></attr>
			<attr><attrlabl Sync="TRUE">Shape_Leng</attrlabl><attalias Sync="TRUE">Shape_Leng</attalias><attrtype Sync="TRUE">Double</attrtype><attwidth Sync="TRUE">19</attwidth><atprecis Sync="TRUE">0</atprecis><attscale Sync="TRUE">0</attscale></attr><attr><attrlabl Sync="TRUE">Shape_Area</attrlabl><attalias Sync="TRUE">Shape_Area</attalias><attrtype Sync="TRUE">Double</attrtype><attwidth Sync="TRUE">19</attwidth><atprecis Sync="TRUE">0</atprecis><attscale Sync="TRUE">0</attscale><attrdef Sync="TRUE">Area of feature in internal units squared.</attrdef><attrdefs Sync="TRUE">ESRI</attrdefs><attrdomv><udom Sync="TRUE">Positive real numbers that are automatically generated.</udom></attrdomv></attr></detailed>
	</eainfo>
	<distinfo>
		<distrib>
			<cntinfo>
				<cntorgp>
					<cntorg>City of Lynchburg</cntorg>
					<cntper>Allison Johnson</cntper>
				</cntorgp>
				<cntpos>GIS Department</cntpos>
				<cntaddr>
					<addrtype>mailing and physical address</addrtype>
					<address>900 Church St</address>
					<city>Lynchburg</city>
					<state>VA</state>
					<postal>24504</postal>
					<country>USA</country>
				</cntaddr>
				<cntvoice>434.455.3940</cntvoice>
				<cntfax>434.847.1436</cntfax>
				<cntemail>Allison.Johnson@lynchburgva.gov</cntemail>
			</cntinfo>
		</distrib>
		<resdesc>Downloadable Data</resdesc>
		<distliab>Although these data have been processed successfully on a computer system, no warranty expressed or implied is made regarding the use of the data on any other system, nor does the act of distribution constitute any such warranty.</distliab>
		<stdorder></stdorder>
	</distinfo>
	<metainfo>
		<metd Sync="TRUE">20110523</metd>
		<metc>
			<cntinfo>
				<cntorgp>
					<cntorg>City of Lynchburg</cntorg>
					<cntper>Allison Johnson</cntper>
				</cntorgp>
				<cntpos>GIS Department</cntpos>
				<cntaddr>
					<addrtype>mailing and physical address</addrtype>
					<address>900 Church St</address>
					<city>Lynchburg</city>
					<state>VA</state>
					<postal>24504</postal>
					<country>USA</country>
				</cntaddr>
				<cntvoice>434.455.3940</cntvoice>
				<cntfax>434.847.1436</cntfax>
				<cntemail>Allison.Johnson@lynchburgva.gov</cntemail>
			</cntinfo>
		</metc>
		<metstdn Sync="TRUE">FGDC Content Standards for Digital Geospatial Metadata</metstdn>
		<metstdv Sync="TRUE">FGDC-STD-001-1998</metstdv>
		<mettc Sync="TRUE">local time</mettc>
		<metextns>
			<onlink>http://www.esri.com/metadata/esriprof80.html</onlink>
			<metprof>ESRI Metadata Profile</metprof>
		</metextns>
		<metextns>
			<onlink>http://www.esri.com/metadata/esriprof80.html</onlink>
			<metprof>ESRI Metadata Profile</metprof>
		</metextns>
		<metextns>
			<onlink>http://www.esri.com/metadata/esriprof80.html</onlink>
			<metprof>ESRI Metadata Profile</metprof>
		</metextns>
		<metextns>
			<onlink>http://www.esri.com/metadata/esriprof80.html</onlink>
			<metprof>ESRI Metadata Profile</metprof>
		</metextns>
		<langmeta Sync="TRUE">en</langmeta></metainfo>
	<Esri><CreaDate>20090323</CreaDate><CreaTime>09394900</CreaTime><SyncOnce>FALSE</SyncOnce><SyncDate>20140109</SyncDate><SyncTime>09093100</SyncTime><ModDate>20140109</ModDate><ModTime>09093100</ModTime><MetaID>{720CBFDD-C06A-42B3-981D-010D8F061213}</MetaID><DataProperties><lineage><Process Name="Export to GDB - FloodzoneAE2008" ToolSource="C:\Program Files (x86)\ArcGIS\ArcToolbox\Toolboxes\Conversion Tools.tbx\FeatureClassToFeatureClass" Date="20110523" Time="144801">FeatureClassToFeatureClass "\\tempest\Shared\GIS\Admin\Data Download\Toolset\Murloc - Read.sde\vectorgis_prd.DBO.Planning\vectorgis_prd.DBO.FloodzoneAE2008" C:\TEMP\GIS_DataDownload_Staging_Hydrology\GDB\Hydrology.gdb FloodzoneAE2008 # "Fznae_ID 'Fznae_ID' true true false 4 Long 0 10 ,First,#,\\tempest\Shared\GIS\Admin\Data Download\Toolset\Murloc - Read.sde\vectorgis_prd.DBO.Planning\vectorgis_prd.DBO.FloodzoneAE2008,Fznae_ID,-1,-1;FloodZone 'FloodZone' true true false 55 Text 0 0 ,First,#,\\tempest\Shared\GIS\Admin\Data Download\Toolset\Murloc - Read.sde\vectorgis_prd.DBO.Planning\vectorgis_prd.DBO.FloodzoneAE2008,FloodZone,-1,-1;Shape_area 'Shape_area' false false true 0 Double 0 0 ,First,#,\\tempest\Shared\GIS\Admin\Data Download\Toolset\Murloc - Read.sde\vectorgis_prd.DBO.Planning\vectorgis_prd.DBO.FloodzoneAE2008,Shape.area,-1,-1;Shape_len 'Shape_len' false false true 0 Double 0 0 ,First,#,\\tempest\Shared\GIS\Admin\Data Download\Toolset\Murloc - Read.sde\vectorgis_prd.DBO.Planning\vectorgis_prd.DBO.FloodzoneAE2008,Shape.len,-1,-1" # C:\TEMP\GIS_DataDownload_Staging_Hydrology\GDB\Hydrology.gdb\FloodzoneAE2008</Process><Process ToolSource="C:\Program Files (x86)\ArcGIS\Desktop10.0\ArcToolbox\Toolboxes\Data Management Tools.tbx\DeleteRows" Date="20120316" Time="111539">DeleteRows "\\tempest\shared\GIS\Tools\Data Download\Staging\HydrologyGDB\Hydrology.gdb\FloodzoneAE2008"</Process><Process Name="FloodZone AE2008 Append" ToolSource="C:\Program Files (x86)\ArcGIS\Desktop10.0\ArcToolbox\Toolboxes\Data Management Tools.tbx\Append" Date="20120316" Time="135045">Append '\\tempest\shared\GIS\Tools\Sawyer Read.sde\vectorgis_prd.DBO.Planning\vectorgis_prd.DBO.FloodzoneAE2008' "\\tempest\shared\GIS\Tools\Data Download\Staging\HydrologyGDB\Hydrology.gdb\FloodzoneAE2008" NO_TEST "Fznae_ID "Fznae_ID" true true false 4 Long 0 0 ,First,#,\\tempest\shared\GIS\Tools\Sawyer Read.sde\vectorgis_prd.DBO.Planning\vectorgis_prd.DBO.FloodzoneAE2008,Fznae_ID,-1,-1;FloodZone "FloodZone" true true false 55 Text 0 0 ,First,#,\\tempest\shared\GIS\Tools\Sawyer Read.sde\vectorgis_prd.DBO.Planning\vectorgis_prd.DBO.FloodzoneAE2008,FloodZone,-1,-1;Shape_Length "Shape_Length" false true true 8 Double 0 0 ,First,#;Shape_Area "Shape_Area" false true true 8 Double 0 0 ,First,#" #</Process><Process Name="Delete Rows" ToolSource="C:\Program Files (x86)\ArcGIS\Desktop10.0\ArcToolbox\Toolboxes\Data Management Tools.tbx\DeleteRows" Date="20120316" Time="140115">DeleteRows "\\tempest\shared\GIS\Tools\Data Download\Staging\HydrologyGDB\Hydrology.gdb\FloodzoneAE2008"</Process><Process Name="FloodZone AE2008 Append" ToolSource="C:\Program Files\ArcGIS\Desktop10.0\ArcToolbox\Toolboxes\Data Management Tools.tbx\Append" Date="20120316" Time="150103">Append '\\tempest\shared\GIS\Tools\Sawyer Read.sde\vectorgis_prd.DBO.Planning\vectorgis_prd.DBO.FloodzoneAE2008' "\\tempest\shared\GIS\Tools\Data Download\Staging\HydrologyGDB\Hydrology.gdb\FloodzoneAE2008" NO_TEST "Fznae_ID "Fznae_ID" true true false 4 Long 0 0 ,First,#,\\tempest\shared\GIS\Tools\Sawyer Read.sde\vectorgis_prd.DBO.Planning\vectorgis_prd.DBO.FloodzoneAE2008,Fznae_ID,-1,-1;FloodZone "FloodZone" true true false 55 Text 0 0 ,First,#,\\tempest\shared\GIS\Tools\Sawyer Read.sde\vectorgis_prd.DBO.Planning\vectorgis_prd.DBO.FloodzoneAE2008,FloodZone,-1,-1;Shape_Length "Shape_Length" false true true 8 Double 0 0 ,First,#;Shape_Area "Shape_Area" false true true 8 Double 0 0 ,First,#" #</Process><Process Name="FloodZone AE2008 Append" ToolSource="C:\Program Files (x86)\ArcGIS\Desktop10.0\ArcToolbox\Toolboxes\Data Management Tools.tbx\Append" Date="20120316" Time="151759">Append '\\tempest\shared\GIS\Tools\Sawyer Read.sde\vectorgis_prd.DBO.Planning\vectorgis_prd.DBO.FloodzoneAE2008' "\\tempest\shared\GIS\Tools\Data Download\Staging\HydrologyGDB\Hydrology.gdb\FloodzoneAE2008" NO_TEST "Fznae_ID "Fznae_ID" true true false 4 Long 0 0 ,First,#,\\tempest\shared\GIS\Tools\Sawyer Read.sde\vectorgis_prd.DBO.Planning\vectorgis_prd.DBO.FloodzoneAE2008,Fznae_ID,-1,-1;FloodZone "FloodZone" true true false 55 Text 0 0 ,First,#,\\tempest\shared\GIS\Tools\Sawyer Read.sde\vectorgis_prd.DBO.Planning\vectorgis_prd.DBO.FloodzoneAE2008,FloodZone,-1,-1;Shape_Length "Shape_Length" false true true 8 Double 0 0 ,First,#;Shape_Area "Shape_Area" false true true 8 Double 0 0 ,First,#" #</Process><Process ToolSource="C:\Program Files (x86)\ArcGIS\Desktop10.0\ArcToolbox\Toolboxes\Data Management Tools.tbx\DeleteRows" Date="20120316" Time="153627">DeleteRows "\\tempest\shared\GIS\Tools\Data Download\Staging\HydrologyGDB\Hydrology.gdb\FloodzoneAE2008"</Process><Process Name="FloodZone AE2008 Append" ToolSource="C:\Program Files\ArcGIS\Desktop10.0\ArcToolbox\Toolboxes\Data Management Tools.tbx\Append" Date="20120316" Time="154427">Append '\\tempest\shared\GIS\Tools\Sawyer Read.sde\vectorgis_prd.DBO.Planning\vectorgis_prd.DBO.FloodzoneAE2008' "\\tempest\shared\GIS\Tools\Data Download\Staging\HydrologyGDB\Hydrology.gdb\FloodzoneAE2008" NO_TEST "Fznae_ID "Fznae_ID" true true false 4 Long 0 0 ,First,#,\\tempest\shared\GIS\Tools\Sawyer Read.sde\vectorgis_prd.DBO.Planning\vectorgis_prd.DBO.FloodzoneAE2008,Fznae_ID,-1,-1;FloodZone "FloodZone" true true false 55 Text 0 0 ,First,#,\\tempest\shared\GIS\Tools\Sawyer Read.sde\vectorgis_prd.DBO.Planning\vectorgis_prd.DBO.FloodzoneAE2008,FloodZone,-1,-1;Shape_Length "Shape_Length" false true true 8 Double 0 0 ,First,#;Shape_Area "Shape_Area" false true true 8 Double 0 0 ,First,#" #</Process><Process Name="Delete Rows" ToolSource="C:\Program Files\ArcGIS\Desktop10.0\ArcToolbox\Toolboxes\Data Management Tools.tbx\DeleteRows" Date="20120316" Time="155527">DeleteRows "\\tempest\shared\GIS\Tools\Data Download\Staging\HydrologyGDB\Hydrology.gdb\FloodzoneAE2008"</Process><Process Name="FloodZone AE2008 Append" ToolSource="C:\Program Files (x86)\ArcGIS\Desktop10.0\ArcToolbox\Toolboxes\Data Management Tools.tbx\Append" Date="20120319" Time="140300">Append '\\tempest\shared\GIS\Tools\Sawyer Read.sde\vectorgis_prd.DBO.Planning\vectorgis_prd.DBO.FloodzoneAE2008' "\\tempest\shared\GIS\Tools\Data Download\Staging\HydrologyGDB\Hydrology.gdb\FloodzoneAE2008" NO_TEST "Fznae_ID "Fznae_ID" true true false 4 Long 0 0 ,First,#,\\tempest\shared\GIS\Tools\Sawyer Read.sde\vectorgis_prd.DBO.Planning\vectorgis_prd.DBO.FloodzoneAE2008,Fznae_ID,-1,-1;FloodZone "FloodZone" true true false 55 Text 0 0 ,First,#,\\tempest\shared\GIS\Tools\Sawyer Read.sde\vectorgis_prd.DBO.Planning\vectorgis_prd.DBO.FloodzoneAE2008,FloodZone,-1,-1;Shape_Length "Shape_Length" false true true 8 Double 0 0 ,First,#;Shape_Area "Shape_Area" false true true 8 Double 0 0 ,First,#" #</Process><Process Name="Delete Rows" ToolSource="C:\Program Files (x86)\ArcGIS\Desktop10.0\ArcToolbox\Toolboxes\Data Management Tools.tbx\DeleteRows" Date="20120319" Time="142614">DeleteRows "\\tempest\shared\GIS\Tools\Data Download\Staging\HydrologyGDB\Hydrology.gdb\FloodzoneAE2008"</Process><Process Name="FloodZone AE2008 Append" ToolSource="C:\Program Files (x86)\ArcGIS\Desktop10.0\ArcToolbox\Toolboxes\Data Management Tools.tbx\Append" Date="20120406" Time="110613">Append '\\tempest\shared\GIS\Tools\Sawyer Read.sde\vectorgis_prd.DBO.Planning\vectorgis_prd.DBO.FloodzoneAE2008' "\\tempest\shared\GIS\Tools\Data Download\Staging\HydrologyGDB\Hydrology.gdb\FloodzoneAE2008" NO_TEST "Fznae_ID "Fznae_ID" true true false 4 Long 0 0 ,First,#,\\tempest\shared\GIS\Tools\Sawyer Read.sde\vectorgis_prd.DBO.Planning\vectorgis_prd.DBO.FloodzoneAE2008,Fznae_ID,-1,-1;FloodZone "FloodZone" true true false 55 Text 0 0 ,First,#,\\tempest\shared\GIS\Tools\Sawyer Read.sde\vectorgis_prd.DBO.Planning\vectorgis_prd.DBO.FloodzoneAE2008,FloodZone,-1,-1;Shape_Length "Shape_Length" false true true 8 Double 0 0 ,First,#;Shape_Area "Shape_Area" false true true 8 Double 0 0 ,First,#" #</Process><Process Name="Delete Rows" ToolSource="C:\Program Files (x86)\ArcGIS\Desktop10.0\ArcToolbox\Toolboxes\Data Management Tools.tbx\DeleteRows" Date="20120406" Time="111426">DeleteRows "\\tempest\shared\GIS\Tools\Data Download\Staging\HydrologyGDB\Hydrology.gdb\FloodzoneAE2008"</Process><Process Name="FloodZone AE2008 Append" ToolSource="C:\Program Files (x86)\ArcGIS\Desktop10.0\ArcToolbox\Toolboxes\Data Management Tools.tbx\Append" Date="20120917" Time="101539">Append '\\tempest\shared\GIS\Data\Sharing\Data Download Portal\Sawyer Read.sde\vectorgis_prd.DBO.Planning\vectorgis_prd.DBO.FloodzoneAE2008' "\\tempest\shared\GIS\Data\Sharing\Data Download Portal\Staging\HydrologyGDB\Hydrology.gdb\FloodzoneAE2008" NO_TEST "Fznae_ID "Fznae_ID" true true false 4 Long 0 0 ,First,#,\\tempest\shared\GIS\Data\Sharing\Data Download Portal\Sawyer Read.sde\vectorgis_prd.DBO.Planning\vectorgis_prd.DBO.FloodzoneAE2008,Fznae_ID,-1,-1;FloodZone "FloodZone" true true false 55 Text 0 0 ,First,#,\\tempest\shared\GIS\Data\Sharing\Data Download Portal\Sawyer Read.sde\vectorgis_prd.DBO.Planning\vectorgis_prd.DBO.FloodzoneAE2008,FloodZone,-1,-1;Shape_Length "Shape_Length" false true true 8 Double 0 0 ,First,#;Shape_Area "Shape_Area" false true true 8 Double 0 0 ,First,#" #</Process><Process Name="FloodZone AE2008 Append" ToolSource="C:\Program Files (x86)\ArcGIS\Desktop10.0\ArcToolbox\Toolboxes\Data Management Tools.tbx\Append" Date="20120917" Time="102518">Append '\\tempest\shared\GIS\Data\Sharing\Data Download Portal\Sawyer Read.sde\vectorgis_prd.DBO.Planning\vectorgis_prd.DBO.FloodzoneAE2008' "\\tempest\shared\GIS\Data\Sharing\Data Download Portal\Staging\HydrologyGDB\Hydrology.gdb\FloodzoneAE2008" NO_TEST "Fznae_ID "Fznae_ID" true true false 4 Long 0 0 ,First,#,\\tempest\shared\GIS\Data\Sharing\Data Download Portal\Sawyer Read.sde\vectorgis_prd.DBO.Planning\vectorgis_prd.DBO.FloodzoneAE2008,Fznae_ID,-1,-1;FloodZone "FloodZone" true true false 55 Text 0 0 ,First,#,\\tempest\shared\GIS\Data\Sharing\Data Download Portal\Sawyer Read.sde\vectorgis_prd.DBO.Planning\vectorgis_prd.DBO.FloodzoneAE2008,FloodZone,-1,-1;Shape_Length "Shape_Length" false true true 8 Double 0 0 ,First,#;Shape_Area "Shape_Area" false true true 8 Double 0 0 ,First,#" #</Process><Process Name="Delete Rows" ToolSource="C:\Program Files (x86)\ArcGIS\Desktop10.0\ArcToolbox\Toolboxes\Data Management Tools.tbx\DeleteRows" Date="20120917" Time="103657">DeleteRows "\\tempest\shared\GIS\Data\Sharing\Data Download Portal\Staging\HydrologyGDB\Hydrology.gdb\FloodzoneAE2008"</Process><Process Name="FloodZone AE2008 Append" ToolSource="C:\Program Files (x86)\ArcGIS\Desktop10.0\ArcToolbox\Toolboxes\Data Management Tools.tbx\Append" Date="20121130" Time="140757">Append '\\tempest\shared\GIS\Data\Sharing\Data Download Portal\Sawyer Read.sde\vectorgis_prd.DBO.Hydrology\vectorgis_prd.DBO.FloodzoneAE2008' "\\tempest\shared\GIS\Data\Sharing\Data Download Portal\Staging\HydrologyGDB\Hydrology.gdb\FloodzoneAE2008" NO_TEST "Fznae_ID "Fznae_ID" true true false 4 Long 0 0 ,First,#,\\tempest\shared\GIS\Data\Sharing\Data Download Portal\Sawyer Read.sde\vectorgis_prd.DBO.Hydrology\vectorgis_prd.DBO.FloodzoneAE2008,Fznae_ID,-1,-1;FloodZone "FloodZone" true true false 55 Text 0 0 ,First,#,\\tempest\shared\GIS\Data\Sharing\Data Download Portal\Sawyer Read.sde\vectorgis_prd.DBO.Hydrology\vectorgis_prd.DBO.FloodzoneAE2008,FloodZone,-1,-1;Shape_Length "Shape_Length" false true true 8 Double 0 0 ,First,#;Shape_Area "Shape_Area" false true true 8 Double 0 0 ,First,#" #</Process><Process Name="Delete Rows" ToolSource="C:\Program Files (x86)\ArcGIS\Desktop10.0\ArcToolbox\Toolboxes\Data Management Tools.tbx\DeleteRows" Date="20121130" Time="141630">DeleteRows "\\tempest\shared\GIS\Data\Sharing\Data Download Portal\Staging\HydrologyGDB\Hydrology.gdb\FloodzoneAE2008"</Process><Process Name="FloodZone AE2008 Append" ToolSource="C:\Program Files (x86)\ArcGIS\Desktop10.0\ArcToolbox\Toolboxes\Data Management Tools.tbx\Append" Date="20130109" Time="094429">Append '\\tempest\shared\GIS\Data\Sharing\Data Download Portal\Sawyer Read.sde\vectorgis_prd.DBO.Hydrology\vectorgis_prd.DBO.FloodzoneAE2008' "\\tempest\shared\GIS\Data\Sharing\Data Download Portal\Staging\HydrologyGDB\Hydrology.gdb\FloodzoneAE2008" NO_TEST "Fznae_ID "Fznae_ID" true true false 4 Long 0 0 ,First,#,\\tempest\shared\GIS\Data\Sharing\Data Download Portal\Sawyer Read.sde\vectorgis_prd.DBO.Hydrology\vectorgis_prd.DBO.FloodzoneAE2008,Fznae_ID,-1,-1;FloodZone "FloodZone" true true false 55 Text 0 0 ,First,#,\\tempest\shared\GIS\Data\Sharing\Data Download Portal\Sawyer Read.sde\vectorgis_prd.DBO.Hydrology\vectorgis_prd.DBO.FloodzoneAE2008,FloodZone,-1,-1;Shape_Length "Shape_Length" false true true 8 Double 0 0 ,First,#;Shape_Area "Shape_Area" false true true 8 Double 0 0 ,First,#" #</Process><Process Name="Delete Rows" ToolSource="C:\Program Files (x86)\ArcGIS\Desktop10.0\ArcToolbox\Toolboxes\Data Management Tools.tbx\DeleteRows" Date="20130109" Time="095023">DeleteRows "\\tempest\shared\GIS\Data\Sharing\Data Download Portal\Staging\HydrologyGDB\Hydrology.gdb\FloodzoneAE2008"</Process><Process Name="FloodZone AE2008 Append" ToolSource="C:\Program Files (x86)\ArcGIS\Desktop10.0\ArcToolbox\Toolboxes\Data Management Tools.tbx\Append" Date="20130416" Time="120328">Append '\\tempest\shared\GIS\Data\Sharing\Data Download Portal\Sawyer Read.sde\vectorgis_prd.DBO.Hydrology\vectorgis_prd.DBO.FloodzoneAE2008' "\\tempest\shared\GIS\Data\Sharing\Data Download Portal\Staging\HydrologyGDB\Hydrology.gdb\FloodzoneAE2008" NO_TEST "Fznae_ID "Fznae_ID" true true false 4 Long 0 0 ,First,#,\\tempest\shared\GIS\Data\Sharing\Data Download Portal\Sawyer Read.sde\vectorgis_prd.DBO.Hydrology\vectorgis_prd.DBO.FloodzoneAE2008,Fznae_ID,-1,-1;FloodZone "FloodZone" true true false 55 Text 0 0 ,First,#,\\tempest\shared\GIS\Data\Sharing\Data Download Portal\Sawyer Read.sde\vectorgis_prd.DBO.Hydrology\vectorgis_prd.DBO.FloodzoneAE2008,FloodZone,-1,-1;Shape_Length "Shape_Length" false true true 8 Double 0 0 ,First,#;Shape_Area "Shape_Area" false true true 8 Double 0 0 ,First,#" #</Process><Process Name="Delete Rows" ToolSource="C:\Program Files (x86)\ArcGIS\Desktop10.0\ArcToolbox\Toolboxes\Data Management Tools.tbx\DeleteRows" Date="20130416" Time="122253">DeleteRows "\\tempest\shared\GIS\Data\Sharing\Data Download Portal\Staging\HydrologyGDB\Hydrology.gdb\FloodzoneAE2008"</Process><Process Name="FloodZone AE2008 Append" ToolSource="C:\Program Files (x86)\ArcGIS\Desktop10.0\ArcToolbox\Toolboxes\Data Management Tools.tbx\Append" Date="20130416" Time="134420">Append '\\tempest\shared\GIS\Data\Sharing\Data Download Portal\Sawyer Read.sde\vectorgis_prd.DBO.Hydrology\vectorgis_prd.DBO.FloodzoneAE2008' "\\tempest\shared\GIS\Data\Sharing\Data Download Portal\Staging\HydrologyGDB\Hydrology.gdb\FloodzoneAE2008" NO_TEST "Fznae_ID "Fznae_ID" true true false 4 Long 0 0 ,First,#,\\tempest\shared\GIS\Data\Sharing\Data Download Portal\Sawyer Read.sde\vectorgis_prd.DBO.Hydrology\vectorgis_prd.DBO.FloodzoneAE2008,Fznae_ID,-1,-1;FloodZone "FloodZone" true true false 55 Text 0 0 ,First,#,\\tempest\shared\GIS\Data\Sharing\Data Download Portal\Sawyer Read.sde\vectorgis_prd.DBO.Hydrology\vectorgis_prd.DBO.FloodzoneAE2008,FloodZone,-1,-1;Shape_Length "Shape_Length" false true true 8 Double 0 0 ,First,#;Shape_Area "Shape_Area" false true true 8 Double 0 0 ,First,#" #</Process><Process Name="Delete Rows" ToolSource="C:\Program Files (x86)\ArcGIS\Desktop10.0\ArcToolbox\Toolboxes\Data Management Tools.tbx\DeleteRows" Date="20130416" Time="140256">DeleteRows "\\tempest\shared\GIS\Data\Sharing\Data Download Portal\Staging\HydrologyGDB\Hydrology.gdb\FloodzoneAE2008"</Process><Process Name="FloodZone AE2008 Append" ToolSource="C:\Program Files (x86)\ArcGIS\Desktop10.0\ArcToolbox\Toolboxes\Data Management Tools.tbx\Append" Date="20130820" Time="170038">Append '\\tempest\shared\GIS\Data\Sharing\Data Download Portal\Sawyer Read.sde\vectorgis_prd.DBO.Hydrology\vectorgis_prd.DBO.FloodzoneAE2008' "\\tempest\shared\GIS\Data\Sharing\Data Download Portal\Staging\HydrologyGDB\Hydrology.gdb\FloodzoneAE2008" NO_TEST "Fznae_ID "Fznae_ID" true true false 4 Long 0 0 ,First,#,\\tempest\shared\GIS\Data\Sharing\Data Download Portal\Sawyer Read.sde\vectorgis_prd.DBO.Hydrology\vectorgis_prd.DBO.FloodzoneAE2008,Fznae_ID,-1,-1;FloodZone "FloodZone" true true false 55 Text 0 0 ,First,#,\\tempest\shared\GIS\Data\Sharing\Data Download Portal\Sawyer Read.sde\vectorgis_prd.DBO.Hydrology\vectorgis_prd.DBO.FloodzoneAE2008,FloodZone,-1,-1;Shape_Length "Shape_Length" false true true 8 Double 0 0 ,First,#;Shape_Area "Shape_Area" false true true 8 Double 0 0 ,First,#" #</Process><Process Name="Delete Rows" ToolSource="C:\Program Files (x86)\ArcGIS\Desktop10.0\ArcToolbox\Toolboxes\Data Management Tools.tbx\DeleteRows" Date="20130820" Time="170702">DeleteRows "\\tempest\shared\GIS\Data\Sharing\Data Download Portal\Staging\HydrologyGDB\Hydrology.gdb\FloodzoneAE2008"</Process><Process Name="FloodZone AE2008 Append" ToolSource="C:\Program Files (x86)\ArcGIS\Desktop10.0\ArcToolbox\Toolboxes\Data Management Tools.tbx\Append" Date="20140109" Time="090443">Append '\\tempest\shared\GIS\Data\Sharing\Data Download Portal\Sawyer Read.sde\vectorgis_prd.DBO.Hydrology\vectorgis_prd.DBO.FloodzoneAE2008' "\\tempest\shared\GIS\Data\Sharing\Data Download Portal\Staging\HydrologyGDB\Hydrology.gdb\FloodzoneAE2008" NO_TEST "Fznae_ID "Fznae_ID" true true false 4 Long 0 0 ,First,#,\\tempest\shared\GIS\Data\Sharing\Data Download Portal\Sawyer Read.sde\vectorgis_prd.DBO.Hydrology\vectorgis_prd.DBO.FloodzoneAE2008,Fznae_ID,-1,-1;FloodZone "FloodZone" true true false 55 Text 0 0 ,First,#,\\tempest\shared\GIS\Data\Sharing\Data Download Portal\Sawyer Read.sde\vectorgis_prd.DBO.Hydrology\vectorgis_prd.DBO.FloodzoneAE2008,FloodZone,-1,-1;Shape_Length "Shape_Length" false true true 8 Double 0 0 ,First,#;Shape_Area "Shape_Area" false true true 8 Double 0 0 ,First,#" #</Process><Process ToolSource="C:\Program Files (x86)\ArcGIS\Desktop10.0\ArcToolbox\Toolboxes\Data Management Tools.tbx\CopyFeatures" Date="20140109" Time="090933">CopyFeatures "\\tempest\shared\GIS\Data\Sharing\Data Download Portal\Staging\HydrologyGDB\Hydrology.gdb\FloodzoneAE2008" "\\tempest\shared\GIS\Data\Sharing\Data Download Portal\Staging\HydrologySHP\FloodzoneAE2008.shp" # 0 0 0</Process></lineage><itemProps><itemName Sync="TRUE">FloodzoneAE2008</itemName><imsContentType Sync="TRUE">002</imsContentType><itemSize Sync="TRUE">0.000</itemSize><itemLocation><linkage Sync="TRUE">file://\\tempest\shared\GIS\Data\Sharing\Data Download Portal\Staging\HydrologySHP\FloodzoneAE2008.shp</linkage><protocol Sync="TRUE">Local Area Network</protocol></itemLocation></itemProps><coordRef><type Sync="TRUE">Projected</type><geogcsn Sync="TRUE">GCS_North_American_1983</geogcsn><csUnits Sync="TRUE">Linear Unit: Foot_US (0.304801)</csUnits><projcsn Sync="TRUE">NAD_1983_StatePlane_Virginia_South_FIPS_4502_Feet</projcsn><peXml Sync="TRUE">&lt;ProjectedCoordinateSystem xsi:type='typens:ProjectedCoordinateSystem' xmlns:xsi='http://www.w3.org/2001/XMLSchema-instance' xmlns:xs='http://www.w3.org/2001/XMLSchema' xmlns:typens='http://www.esri.com/schemas/ArcGIS/10.0'&gt;&lt;WKT&gt;PROJCS[&amp;quot;NAD_1983_StatePlane_Virginia_South_FIPS_4502_Feet&amp;quot;,GEOGCS[&amp;quot;GCS_North_American_1983&amp;quot;,DATUM[&amp;quot;D_North_American_1983&amp;quot;,SPHEROID[&amp;quot;GRS_1980&amp;quot;,6378137.0,298.257222101]],PRIMEM[&amp;quot;Greenwich&amp;quot;,0.0],UNIT[&amp;quot;Degree&amp;quot;,0.0174532925199433]],PROJECTION[&amp;quot;Lambert_Conformal_Conic&amp;quot;],PARAMETER[&amp;quot;False_Easting&amp;quot;,11482916.66666666],PARAMETER[&amp;quot;False_Northing&amp;quot;,3280833.333333333],PARAMETER[&amp;quot;Central_Meridian&amp;quot;,-78.5],PARAMETER[&amp;quot;Standard_Parallel_1&amp;quot;,36.76666666666667],PARAMETER[&amp;quot;Standard_Parallel_2&amp;quot;,37.96666666666667],PARAMETER[&amp;quot;Latitude_Of_Origin&amp;quot;,36.33333333333334],UNIT[&amp;quot;Foot_US&amp;quot;,0.3048006096012192],AUTHORITY[&amp;quot;EPSG&amp;quot;,2284]]&lt;/WKT&gt;&lt;XOrigin&gt;-111140600&lt;/XOrigin&gt;&lt;YOrigin&gt;-91532100&lt;/YOrigin&gt;&lt;XYScale&gt;36727036.750856541&lt;/XYScale&gt;&lt;ZOrigin&gt;-100000&lt;/ZOrigin&gt;&lt;ZScale&gt;10000&lt;/ZScale&gt;&lt;MOrigin&gt;-100000&lt;/MOrigin&gt;&lt;MScale&gt;10000&lt;/MScale&gt;&lt;XYTolerance&gt;0.0032808333333333335&lt;/XYTolerance&gt;&lt;ZTolerance&gt;0.001&lt;/ZTolerance&gt;&lt;MTolerance&gt;0.001&lt;/MTolerance&gt;&lt;HighPrecision&gt;true&lt;/HighPrecision&gt;&lt;WKID&gt;2284&lt;/WKID&gt;&lt;/ProjectedCoordinateSystem&gt;</peXml></coordRef></DataProperties></Esri><dataIdInfo><envirDesc Sync="TRUE">Microsoft Windows 7 Version 6.1 (Build 7601) Service Pack 1; ESRI ArcGIS 10.0.5.4400</envirDesc><dataLang><languageCode Sync="TRUE" value="eng"></languageCode><countryCode value="USA" Sync="TRUE"></countryCode></dataLang><idCitation><resTitle Sync="TRUE">FloodzoneAE2008</resTitle><presForm><PresFormCd Sync="TRUE" value="005"></PresFormCd></presForm></idCitation><spatRpType><SpatRepTypCd Sync="TRUE" value="001"></SpatRepTypCd></spatRpType><dataExt><geoEle><GeoBndBox esriExtentType="native"><westBL Sync="TRUE">11260396.51</westBL><eastBL Sync="TRUE">11313121.7615</eastBL><northBL Sync="TRUE">3695199.612</northBL><southBL Sync="TRUE">3648385.0235</southBL><exTypeCode Sync="TRUE">1</exTypeCode></GeoBndBox></geoEle></dataExt><geoBox esriExtentType="decdegrees"><westBL Sync="TRUE">-79.266754</westBL><eastBL Sync="TRUE">-79.084082</eastBL><northBL Sync="TRUE">37.469972</northBL><southBL Sync="TRUE">37.340365</southBL><exTypeCode Sync="TRUE">1</exTypeCode></geoBox></dataIdInfo><mdLang><languageCode Sync="TRUE" value="eng"></languageCode><countryCode value="USA" Sync="TRUE"></countryCode></mdLang><mdStanName Sync="TRUE">ISO 19115 Geographic Information - Metadata</mdStanName><mdStanVer Sync="TRUE">DIS_ESRI1.0</mdStanVer><mdChar><CharSetCd Sync="TRUE" value="004"></CharSetCd></mdChar><mdHrLv><ScopeCd Sync="TRUE" value="005"></ScopeCd></mdHrLv><mdHrLvName Sync="TRUE">dataset</mdHrLvName><distInfo><distributor><distorTran><onLineSrc><orDesc Sync="TRUE">002</orDesc><linkage Sync="TRUE">file://\\GIS-SCC1\C$\TEMP\GIS_DataDownload_Staging_Hydrology\GDB\Hydrology.gdb</linkage><protocol Sync="TRUE">Local Area Network</protocol></onLineSrc></distorTran><distorFormat><formatName Sync="TRUE">File Geodatabase Feature Class</formatName></distorFormat></distributor><distFormat><formatName Sync="TRUE">Shapefile</formatName></distFormat><distTranOps><transSize Sync="TRUE">0.000</transSize></distTranOps></distInfo><refSysInfo><RefSystem><refSysID><identCode Sync="TRUE" value="2284">NAD_1983_StatePlane_Virginia_South_FIPS_4502_Feet</identCode><idCodeSpace Sync="TRUE">EPSG</idCodeSpace><idVersion Sync="TRUE">7.4.1</idVersion></refSysID></RefSystem></refSysInfo><spatRepInfo><VectSpatRep><geometObjs Name="FloodzoneAE2008"><geoObjTyp><GeoObjTypCd value="002" Sync="TRUE"></GeoObjTypCd></geoObjTyp><geoObjCnt Sync="TRUE">0</geoObjCnt></geometObjs><topLvl><TopoLevCd value="001" Sync="TRUE"></TopoLevCd></topLvl></VectSpatRep></spatRepInfo><mdDateSt Sync="TRUE">20140109</mdDateSt></metadata>
