<metadata>
	<idinfo>
		<citation>
			<citeinfo>
				<origin>City of Lynchburg, Virginia</origin>
				<pubdate>Unknown</pubdate>
				<title Sync="TRUE">Stream_Area</title>
				<geoform Sync="TRUE">vector digital data</geoform>
				<onlink Sync="TRUE">\\GIS-SCC1\C$\TEMP\GIS_DataDownload_Staging_Hydrology\GDB\Hydrology.gdb</onlink>
				<ftname Sync="TRUE">Stream_Area</ftname></citeinfo>
		</citation>
		<descript>
			<abstract>Outline representing the area of hydrography features. Hydrography features are idenified as subtypes. Stream - outline of a hydrography feature less than 20' across on the ground. River - outline of a hydrography feature greater than 20' across on the ground. Lakes and Detention Ponds, and Ponds - outline of an enclosed hydrography feature.</abstract>
			<purpose>The purpose of this data set is to show the outline representing the area of hydrography features. Hydrography features are idenified as subtypes. Stream - outline of a hydrography feature less than 20' across on the ground. River - outline of a hydrography feature greater than 20' across on the ground. Lakes and Detention Ponds, and Ponds - outline of an enclosed hydrography feature.</purpose>
			<langdata Sync="TRUE">en</langdata></descript>
		<timeperd>
			<timeinfo>
				<sngdate/>
			</timeinfo>
		</timeperd>
		<status>
			<progress>Complete</progress>
			<update>None planned</update>
		</status>
		<spdom>
			<bounding>
				<westbc Sync="TRUE">-79.283230</westbc>
				<eastbc Sync="TRUE">-79.080925</eastbc>
				<northbc Sync="TRUE">37.502906</northbc>
				<southbc Sync="TRUE">37.302763</southbc>
			</bounding>
			<lboundng><leftbc Sync="TRUE">11255714.078000</leftbc><rightbc Sync="TRUE">11313955.500000</rightbc><bottombc Sync="TRUE">3634732.250000</bottombc><topbc Sync="TRUE">3707186.077000</topbc></lboundng><minalti Sync="TRUE">30.480000</minalti><maxalti Sync="TRUE">853.094000</maxalti></spdom>
		<keywords>
			<theme>
				<themekt>Hydrography Polygon</themekt>
				<themekey>Hydrography Polygon</themekey>
			</theme>
		</keywords>
		<accconst>Users of this data agree to the use constraints described in this metadata document.</accconst>
		<useconst>Pursuant to Section 54.1-402, paragraph C of the Code of Virginia, which is quoted below, this data may not be used for purposes listed in said paragraph C, since the data was not created, nor is it maintained under the supervision of a licensed land surveyor.</useconst>
		<ptcontac>
			<cntinfo>
				<cntorgp>
					<cntorg>City of Lynchburg</cntorg>
					<cntper>Allison Johnson</cntper>
				</cntorgp>
				<cntpos>GIS Department</cntpos>
				<cntaddr>
					<address>900 Church St</address>
					<city>Lynchburg</city>
					<state>VA</state>
					<postal>24504</postal>
					<country>USA</country>
				</cntaddr>
				<cntvoice>434.455.3940</cntvoice>
				<cntfax>434.847.1436</cntfax>
				<cntemail>Allison.Johnson@lynchburgva.gov</cntemail>
			</cntinfo>
		</ptcontac>
		<native Sync="TRUE">Microsoft Windows 2000 Version 5.2 (Build 3790) Service Pack 2; ESRI ArcCatalog 9.3.1.4000</native>
		<natvform Sync="TRUE">File Geodatabase Feature Class</natvform></idinfo>
	<dataqual>
		<lineage>
			<srcinfo>
				<srccite>
					<citeinfo>
						<origin>City of Lynchburg Department of GIS</origin>
						<title>Department of GIS</title>
					</citeinfo>
				</srccite>
			</srcinfo>
			<procstep><procdesc>Original GIS vector data was being maintained in GeoMedia. The GIS vector was then exported to AutoCAD (.dwg) format and/or ESRI shapefile (.shp) format then loaded into ESRI Geodatabase format.</procdesc></procstep><procstep><procdesc Sync="TRUE">Metadata imported.</procdesc><srcused Sync="TRUE">T:\Shared\Worldview\Metadata\HydroPolygon.xml</srcused><procdate Sync="TRUE">20090323</procdate><proctime Sync="TRUE">09200500</proctime></procstep><procstep><procdesc Sync="TRUE">Dataset copied.</procdesc><srcused Sync="TRUE">Server=Murloc; Service=sde:sqlserver:murloc; Database=vectorgis_prd; User=gisreader; Version=dbo.DEFAULT</srcused><procdate Sync="TRUE">20090723</procdate><proctime Sync="TRUE">15192100</proctime></procstep><procstep><procdesc Sync="TRUE">Dataset copied.</procdesc><srcused Sync="TRUE">\\LYNCHBURG\F\HydroImp\HydroImpervious.gdb</srcused><procdate Sync="TRUE">20090803</procdate><proctime Sync="TRUE">14100500</proctime></procstep><procstep><procdesc Sync="TRUE">Dataset copied.</procdesc><srcused Sync="TRUE">\\LYNCHBURG\C$\Lynchburg\HydroImp\HydroImpervious.gdb</srcused><procdate Sync="TRUE">20090804</procdate><proctime Sync="TRUE">09560600</proctime></procstep><procstep><procdesc Sync="TRUE">Dataset copied.</procdesc><srcused Sync="TRUE">\\Wiggum\clients\Lynchburg\HydroImp\Working\Hydro_Dev.gdb</srcused><procdate Sync="TRUE">20091021</procdate><proctime Sync="TRUE">07382600</proctime></procstep><procstep><procdesc Sync="TRUE">Dataset copied.</procdesc><srcused Sync="TRUE">\\Wiggum\clients\Lynchburg\HydroImp\Delivery\DraftCorrections\Reproject\HydrologyFinal.mdb</srcused><procdate Sync="TRUE">20091103</procdate><proctime Sync="TRUE">10492600</proctime></procstep><procstep><procdesc Sync="TRUE">Dataset copied.</procdesc><srcused Sync="TRUE">\\Wiggum\clients\Lynchburg\HydroImp\Delivery\DraftCorrections\HydroDev.mdb</srcused><procdate Sync="TRUE">20091103</procdate><proctime Sync="TRUE">10505000</proctime></procstep><procstep><procdesc Sync="TRUE">Dataset copied.</procdesc><srcused Sync="TRUE">\\Wiggum\clients\Lynchburg\HydroImp\Delivery\DraftCorrections\Reproject\HydrologyFinal.mdb</srcused><procdate Sync="TRUE">20091103</procdate><proctime Sync="TRUE">10551800</proctime></procstep></lineage>
	</dataqual>
	<spdoinfo>
		<direct Sync="TRUE">Vector</direct>
		<ptvctinf><esriterm><efeatyp Sync="TRUE">Simple</efeatyp><efeageom code="4" Sync="TRUE"></efeageom><esritopo Sync="TRUE">FALSE</esritopo><efeacnt Sync="TRUE">0</efeacnt><spindex Sync="TRUE">FALSE</spindex><linrefer Sync="TRUE">TRUE</linrefer></esriterm></ptvctinf></spdoinfo>
	<spref>
		<horizsys>
			<planar>
				<planci>
					<plance Sync="TRUE">coordinate pair</plance>
					<coordrep>
						<absres Sync="TRUE">0.000500</absres>
						<ordres Sync="TRUE">0.000500</ordres>
					</coordrep>
					<plandu Sync="TRUE">survey feet</plandu>
				</planci>
			</planar>
			<geodetic>
				<horizdn Sync="TRUE">North American Datum of 1983</horizdn>
				<ellips Sync="TRUE">Geodetic Reference System 80</ellips>
				<semiaxis Sync="TRUE">6378137.000000</semiaxis>
				<denflat Sync="TRUE">298.257222</denflat>
			</geodetic>
			<cordsysn><geogcsn Sync="TRUE">GCS_North_American_1983</geogcsn><projcsn Sync="TRUE">NAD_1983_StatePlane_Virginia_South_FIPS_4502_Feet</projcsn></cordsysn></horizsys>
		<vertdef>
			<altsys>
				<altres Sync="TRUE">0.000100</altres>
				<altenc Sync="TRUE">Explicit elevation coordinate included with horizontal coordinates</altenc>
			</altsys>
		</vertdef>
	</spref>
	<eainfo>
		<detailed Name="Stream_Area">
			<enttyp>
				<enttypl Sync="TRUE">Stream_Area</enttypl>
				<enttypt Sync="TRUE">Feature Class</enttypt><enttypc Sync="TRUE">0</enttypc></enttyp>
			<attr><attrlabl Sync="TRUE">Hpoly_ID</attrlabl><attalias Sync="TRUE">Hpoly_ID</attalias><attrtype Sync="TRUE">Integer</attrtype><attwidth Sync="TRUE">9</attwidth><atprecis Sync="TRUE">9</atprecis><attscale Sync="TRUE">0</attscale></attr><attr>
				<attrlabl>Name</attrlabl>
				<attalias Sync="TRUE">Name</attalias><attrtype Sync="TRUE">String</attrtype><attwidth Sync="TRUE">40</attwidth><atprecis Sync="TRUE">0</atprecis><attscale Sync="TRUE">0</attscale></attr>
			<attr><attrlabl Sync="TRUE">WaterElv</attrlabl><attalias Sync="TRUE">WaterElv</attalias><attrtype Sync="TRUE">Double</attrtype><attwidth Sync="TRUE">19</attwidth><atprecis Sync="TRUE">0</atprecis><attscale Sync="TRUE">0</attscale></attr><attr>
				<attrlabl>Editor</attrlabl>
				<attalias Sync="TRUE">Editor</attalias><attrtype Sync="TRUE">String</attrtype><attwidth Sync="TRUE">50</attwidth><atprecis Sync="TRUE">0</atprecis><attscale Sync="TRUE">0</attscale><attrdef>Last editor of record.</attrdef><attrdefs>System</attrdefs></attr>
			<attr>
				<attrlabl>DateModify</attrlabl>
				<attalias Sync="TRUE">DateModify</attalias><attrtype Sync="TRUE">Date</attrtype><attwidth Sync="TRUE">8</attwidth><atprecis Sync="TRUE">0</atprecis><attscale Sync="TRUE">0</attscale><attrdef>Last date of feature modification. (spatial and/or attribute)</attrdef><attrdefs>System</attrdefs></attr>
			<attr>
				<attrlabl>Shape</attrlabl>
				<attrdef>Feature geometry.</attrdef>
				<attrdefs>ESRI</attrdefs>
				<attrdomv>
					<udom>Coordinates defining the features.</udom>
				</attrdomv>
				<attalias Sync="TRUE">Shape</attalias><attrtype Sync="TRUE">Geometry</attrtype><attwidth Sync="TRUE">0</attwidth><atprecis Sync="TRUE">0</atprecis><attscale Sync="TRUE">0</attscale></attr>
			<attr><attrlabl Sync="TRUE">FID</attrlabl><attalias Sync="TRUE">FID</attalias><attrtype Sync="TRUE">OID</attrtype><attwidth Sync="TRUE">4</attwidth><atprecis Sync="TRUE">0</atprecis><attscale Sync="TRUE">0</attscale><attrdef Sync="TRUE">Internal feature number.</attrdef><attrdefs Sync="TRUE">ESRI</attrdefs><attrdomv><udom Sync="TRUE">Sequential unique whole numbers that are automatically generated.</udom></attrdomv></attr><subtype><stname Sync="TRUE">Other</stname><stcode Sync="TRUE">0</stcode><stfield><stfldnm Sync="TRUE">Subtype</stfldnm><stflddv Sync="TRUE">0</stflddv></stfield><stfield><stfldnm Sync="TRUE">Hidden</stfldnm><stflddv Sync="TRUE">0</stflddv><stflddd><domname Sync="TRUE">dHydroHiddenStatus</domname><domdesc Sync="TRUE">Visability Status of Hydrography Features.</domdesc><domtype Sync="TRUE">Coded Value</domtype><mrgtype Sync="TRUE">Default value</mrgtype><splttype Sync="TRUE">Duplicate</splttype><domowner Sync="TRUE">DBO</domowner><domfldtp Sync="TRUE">SmallInteger</domfldtp></stflddd></stfield></subtype><subtype><stname Sync="TRUE">Stream</stname><stcode Sync="TRUE">1</stcode><stfield><stfldnm Sync="TRUE">Subtype</stfldnm><stflddv Sync="TRUE">0</stflddv></stfield><stfield><stfldnm Sync="TRUE">Hidden</stfldnm><stflddv Sync="TRUE">0</stflddv><stflddd><domname Sync="TRUE">dHydroHiddenStatus</domname><domdesc Sync="TRUE">Visability Status of Hydrography Features.</domdesc><domtype Sync="TRUE">Coded Value</domtype><mrgtype Sync="TRUE">Default value</mrgtype><splttype Sync="TRUE">Duplicate</splttype><domowner Sync="TRUE">DBO</domowner><domfldtp Sync="TRUE">SmallInteger</domfldtp></stflddd></stfield></subtype><subtype><stname Sync="TRUE">River</stname><stcode Sync="TRUE">2</stcode><stfield><stfldnm Sync="TRUE">Subtype</stfldnm><stflddv Sync="TRUE">0</stflddv></stfield><stfield><stfldnm Sync="TRUE">Hidden</stfldnm><stflddv Sync="TRUE">0</stflddv><stflddd><domname Sync="TRUE">dHydroHiddenStatus</domname><domdesc Sync="TRUE">Visability Status of Hydrography Features.</domdesc><domtype Sync="TRUE">Coded Value</domtype><mrgtype Sync="TRUE">Default value</mrgtype><splttype Sync="TRUE">Duplicate</splttype><domowner Sync="TRUE">DBO</domowner><domfldtp Sync="TRUE">SmallInteger</domfldtp></stflddd></stfield></subtype><subtype><stname Sync="TRUE">Pond</stname><stcode Sync="TRUE">3</stcode><stfield><stfldnm Sync="TRUE">Subtype</stfldnm><stflddv Sync="TRUE">0</stflddv></stfield><stfield><stfldnm Sync="TRUE">Hidden</stfldnm><stflddv Sync="TRUE">0</stflddv><stflddd><domname Sync="TRUE">dHydroHiddenStatus</domname><domdesc Sync="TRUE">Visability Status of Hydrography Features.</domdesc><domtype Sync="TRUE">Coded Value</domtype><mrgtype Sync="TRUE">Default value</mrgtype><splttype Sync="TRUE">Duplicate</splttype><domowner Sync="TRUE">DBO</domowner><domfldtp Sync="TRUE">SmallInteger</domfldtp></stflddd></stfield></subtype><subtype><stname Sync="TRUE">Lake</stname><stcode Sync="TRUE">4</stcode><stfield><stfldnm Sync="TRUE">Subtype</stfldnm><stflddv Sync="TRUE">0</stflddv></stfield><stfield><stfldnm Sync="TRUE">Hidden</stfldnm><stflddv Sync="TRUE">0</stflddv><stflddd><domname Sync="TRUE">dHydroHiddenStatus</domname><domdesc Sync="TRUE">Visability Status of Hydrography Features.</domdesc><domtype Sync="TRUE">Coded Value</domtype><mrgtype Sync="TRUE">Default value</mrgtype><splttype Sync="TRUE">Duplicate</splttype><domowner Sync="TRUE">DBO</domowner><domfldtp Sync="TRUE">SmallInteger</domfldtp></stflddd></stfield></subtype><subtype><stname Sync="TRUE">Detention Pond</stname><stcode Sync="TRUE">5</stcode><stfield><stfldnm Sync="TRUE">Subtype</stfldnm><stflddv Sync="TRUE">0</stflddv></stfield><stfield><stfldnm Sync="TRUE">Hidden</stfldnm><stflddv Sync="TRUE">0</stflddv><stflddd><domname Sync="TRUE">dHydroHiddenStatus</domname><domdesc Sync="TRUE">Visability Status of Hydrography Features.</domdesc><domtype Sync="TRUE">Coded Value</domtype><mrgtype Sync="TRUE">Default value</mrgtype><splttype Sync="TRUE">Duplicate</splttype><domowner Sync="TRUE">DBO</domowner><domfldtp Sync="TRUE">SmallInteger</domfldtp></stflddd></stfield></subtype><attr><attrlabl Sync="TRUE">Hidden</attrlabl><attalias Sync="TRUE">Hidden</attalias><attrtype Sync="TRUE">SmallInteger</attrtype><attwidth Sync="TRUE">4</attwidth><atprecis Sync="TRUE">4</atprecis><attscale Sync="TRUE">0</attscale></attr><attr><attrlabl Sync="TRUE">Shape_Leng</attrlabl><attalias Sync="TRUE">Shape_Leng</attalias><attrtype Sync="TRUE">Double</attrtype><attwidth Sync="TRUE">19</attwidth><atprecis Sync="TRUE">0</atprecis><attscale Sync="TRUE">0</attscale></attr><attr><attrlabl Sync="TRUE">Shape_Area</attrlabl><attalias Sync="TRUE">Shape_Area</attalias><attrtype Sync="TRUE">Double</attrtype><attwidth Sync="TRUE">19</attwidth><atprecis Sync="TRUE">0</atprecis><attscale Sync="TRUE">0</attscale><attrdef Sync="TRUE">Area of feature in internal units squared.</attrdef><attrdefs Sync="TRUE">ESRI</attrdefs><attrdomv><udom Sync="TRUE">Positive real numbers that are automatically generated.</udom></attrdomv></attr></detailed>
	</eainfo>
	<distinfo>
		<distrib>
			<cntinfo>
				<cntorgp>
					<cntorg>City of Lynchburg</cntorg>
					<cntper>Allison Johnson</cntper>
				</cntorgp>
				<cntpos>GIS Department</cntpos>
				<cntaddr>
					<addrtype>mailing and physical address</addrtype>
					<address>900 Church St</address>
					<city>Lynchburg</city>
					<state>VA</state>
					<postal>24504</postal>
					<country>USA</country>
				</cntaddr>
				<cntvoice>434.455.3940</cntvoice>
				<cntfax>434.847.1436</cntfax>
				<cntemail>Allison.Johnson@lynchburgva.gov</cntemail>
			</cntinfo>
		</distrib>
		<resdesc>Downloadable Data</resdesc>
		<distliab>Although these data have been processed successfully on a computer system, no warranty expressed or implied is made regarding the use of the data on any other system, nor does the act of distribution constitute any such warranty.</distliab>
		<stdorder></stdorder>
	</distinfo>
	<metainfo>
		<metd Sync="TRUE">20110523</metd>
		<metc>
			<cntinfo>
				<cntorgp>
					<cntorg>City of Lynchburg</cntorg>
					<cntper>Allison Johnson</cntper>
				</cntorgp>
				<cntpos>GIS Department</cntpos>
				<cntaddr>
					<addrtype>mailing and physical address</addrtype>
					<address>900 Church St</address>
					<city>Lynchburg</city>
					<state>VA</state>
					<postal>24504</postal>
					<country>USA</country>
				</cntaddr>
				<cntvoice>434.455.3940</cntvoice>
				<cntfax>434.847.1436</cntfax>
				<cntemail>Allison.Johnson@lynchburgva.gov</cntemail>
			</cntinfo>
		</metc>
		<metstdn Sync="TRUE">FGDC Content Standards for Digital Geospatial Metadata</metstdn>
		<metstdv Sync="TRUE">FGDC-STD-001-1998</metstdv>
		<mettc Sync="TRUE">local time</mettc>
		<metextns>
			<onlink>http://www.esri.com/metadata/esriprof80.html</onlink>
			<metprof>ESRI Metadata Profile</metprof>
		</metextns>
		<metextns>
			<onlink>http://www.esri.com/metadata/esriprof80.html</onlink>
			<metprof>ESRI Metadata Profile</metprof>
		</metextns>
		<metextns>
			<onlink>http://www.esri.com/metadata/esriprof80.html</onlink>
			<metprof>ESRI Metadata Profile</metprof>
		</metextns>
		<metextns>
			<onlink>http://www.esri.com/metadata/esriprof80.html</onlink>
			<metprof>ESRI Metadata Profile</metprof>
		</metextns>
		<metextns>
			<onlink>http://www.esri.com/metadata/esriprof80.html</onlink>
			<metprof>ESRI Metadata Profile</metprof>
		</metextns>
		<langmeta Sync="TRUE">en</langmeta></metainfo>
	<Esri><CreaDate>20091103</CreaDate><CreaTime>10551800</CreaTime><SyncOnce>FALSE</SyncOnce><SyncDate>20140109</SyncDate><SyncTime>09113100</SyncTime><ModDate>20140109</ModDate><ModTime>09113100</ModTime><DataProperties><lineage><Process ToolSource="C:\Program Files (x86)\ArcGIS\ArcToolbox\Toolboxes\Data Management Tools.tbx\CopyFeatures" Date="20091103" Time="095337">CopyFeatures "\\Tempest\shared\GIS\Remediation Projects\Hydrology\2nd Try\HydroDev.mdb\Hydrology\HydroPolygon" "\\Tempest\shared\GIS\Remediation Projects\Hydrology\For WorldView\HydrologyFinal.mdb\Hydrology\HydroPolygon" # 0 0 0</Process><Process ToolSource="C:\Program Files\ArcGIS\ArcToolbox\Toolboxes\Data Management Tools.tbx\CopyFeatures" Date="20091210" Time="070308">CopyFeatures "\\tempest\shared\GIS\Remediation Projects\Hydrology\Final\HydrologyFinalBack2U.mdb\Hydrology\HydroPolygon" "Database Connections\DIRECT to MURLOC.sde\vectorgis_prd.DBO.Hydrology\VectorGIS_prd.DBO.HydroPolygon" # 0 0 0</Process><Process Name="Export to GDB - Stream_Area" ToolSource="C:\Program Files (x86)\ArcGIS\ArcToolbox\Toolboxes\Conversion Tools.tbx\FeatureClassToFeatureClass" Date="20110523" Time="144821">FeatureClassToFeatureClass "\\tempest\Shared\GIS\Admin\Data Download\Toolset\Murloc - Read.sde\vectorgis_prd.DBO.Hydrology\VectorGIS_prd.DBO.HydroPolygon" C:\TEMP\GIS_DataDownload_Staging_Hydrology\GDB\Hydrology.gdb Stream_Area "Subtype = 1" "Hpoly_ID 'Hpoly_ID' true true false 4 Long 0 10 ,First,#,\\tempest\Shared\GIS\Admin\Data Download\Toolset\Murloc - Read.sde\vectorgis_prd.DBO.Hydrology\VectorGIS_prd.DBO.HydroPolygon,Hpoly_ID,-1,-1;Name 'Name' true true false 40 Text 0 0 ,First,#,\\tempest\Shared\GIS\Admin\Data Download\Toolset\Murloc - Read.sde\vectorgis_prd.DBO.Hydrology\VectorGIS_prd.DBO.HydroPolygon,Name,-1,-1;WaterElv 'WaterElv' true true false 8 Double 8 38 ,First,#,\\tempest\Shared\GIS\Admin\Data Download\Toolset\Murloc - Read.sde\vectorgis_prd.DBO.Hydrology\VectorGIS_prd.DBO.HydroPolygon,WaterElv,-1,-1;Editor 'Editor' true true false 50 Text 0 0 ,First,#,\\tempest\Shared\GIS\Admin\Data Download\Toolset\Murloc - Read.sde\vectorgis_prd.DBO.Hydrology\VectorGIS_prd.DBO.HydroPolygon,Editor,-1,-1;DateModify 'DateModify' true true false 36 Date 0 0 ,First,#,\\tempest\Shared\GIS\Admin\Data Download\Toolset\Murloc - Read.sde\vectorgis_prd.DBO.Hydrology\VectorGIS_prd.DBO.HydroPolygon,DateModify,-1,-1;Hidden 'Hidden' true true false 2 Short 0 5 ,First,#,\\tempest\Shared\GIS\Admin\Data Download\Toolset\Murloc - Read.sde\vectorgis_prd.DBO.Hydrology\VectorGIS_prd.DBO.HydroPolygon,Hidden,-1,-1;GlobalID 'GlobalID' false false true 38 Long 0 0 ,First,#,\\tempest\Shared\GIS\Admin\Data Download\Toolset\Murloc - Read.sde\vectorgis_prd.DBO.Hydrology\VectorGIS_prd.DBO.HydroPolygon,GlobalID,-1,-1;Shape_area 'Shape_area' false false true 0 Double 0 0 ,First,#,\\tempest\Shared\GIS\Admin\Data Download\Toolset\Murloc - Read.sde\vectorgis_prd.DBO.Hydrology\VectorGIS_prd.DBO.HydroPolygon,Shape.area,-1,-1;Shape_len 'Shape_len' false false true 0 Double 0 0 ,First,#,\\tempest\Shared\GIS\Admin\Data Download\Toolset\Murloc - Read.sde\vectorgis_prd.DBO.Hydrology\VectorGIS_prd.DBO.HydroPolygon,Shape.len,-1,-1" # C:\TEMP\GIS_DataDownload_Staging_Hydrology\GDB\Hydrology.gdb\Stream_Area</Process><Process ToolSource="C:\Program Files (x86)\ArcGIS\Desktop10.0\ArcToolbox\Toolboxes\Data Management Tools.tbx\DeleteRows" Date="20120316" Time="111724">DeleteRows "\\tempest\shared\GIS\Tools\Data Download\Staging\HydrologyGDB\Hydrology.gdb\Stream_Area"</Process><Process Name="Stream Area Append" ToolSource="C:\Program Files (x86)\ArcGIS\Desktop10.0\ArcToolbox\Toolboxes\Data Management Tools.tbx\Append" Date="20120316" Time="135112">Append 'in_memory\Stream Area Selection' "\\tempest\shared\GIS\Tools\Data Download\Staging\HydrologyGDB\Hydrology.gdb\Stream_Area" NO_TEST "Hpoly_ID "Hpoly_ID" true true false 4 Long 0 0 ,First,#,in_memory\Stream Area Selection,Hpoly_ID,-1,-1;Name "Name" true true false 40 Text 0 0 ,First,#,in_memory\Stream Area Selection,Name,-1,-1;WaterElv "WaterElv" true true false 8 Double 0 0 ,First,#,in_memory\Stream Area Selection,WaterElv,-1,-1;Editor "Editor" true true false 50 Text 0 0 ,First,#,in_memory\Stream Area Selection,Editor,-1,-1;DateModify "DateModify" true true false 8 Date 0 0 ,First,#,in_memory\Stream Area Selection,DateModify,-1,-1;Hidden "Hidden" true true false 2 Short 0 0 ,First,#,in_memory\Stream Area Selection,Hidden,-1,-1;GlobalID "GlobalID" false false true 38 GlobalID 0 0 ,First,#,in_memory\Stream Area Selection,GlobalID,-1,-1;Shape_Length "Shape_Length" false true true 8 Double 0 0 ,First,#,in_memory\Stream Area Selection,Shape_length,-1,-1;Shape_Area "Shape_Area" false true true 8 Double 0 0 ,First,#,in_memory\Stream Area Selection,Shape_area,-1,-1,in_memory\Stream Area Selection,Shape_area,-1,-1" #</Process><Process Name="Delete Rows" ToolSource="C:\Program Files (x86)\ArcGIS\Desktop10.0\ArcToolbox\Toolboxes\Data Management Tools.tbx\DeleteRows" Date="20120316" Time="140145">DeleteRows "\\tempest\shared\GIS\Tools\Data Download\Staging\HydrologyGDB\Hydrology.gdb\Stream_Area"</Process><Process Name="Stream Area Append" ToolSource="C:\Program Files\ArcGIS\Desktop10.0\ArcToolbox\Toolboxes\Data Management Tools.tbx\Append" Date="20120316" Time="150258">Append 'in_memory\Stream Area Selection' "\\tempest\shared\GIS\Tools\Data Download\Staging\HydrologyGDB\Hydrology.gdb\Stream_Area" NO_TEST "Hpoly_ID "Hpoly_ID" true true false 4 Long 0 0 ,First,#,in_memory\Stream Area Selection,Hpoly_ID,-1,-1;Name "Name" true true false 40 Text 0 0 ,First,#,in_memory\Stream Area Selection,Name,-1,-1;WaterElv "WaterElv" true true false 8 Double 0 0 ,First,#,in_memory\Stream Area Selection,WaterElv,-1,-1;Editor "Editor" true true false 50 Text 0 0 ,First,#,in_memory\Stream Area Selection,Editor,-1,-1;DateModify "DateModify" true true false 8 Date 0 0 ,First,#,in_memory\Stream Area Selection,DateModify,-1,-1;Hidden "Hidden" true true false 2 Short 0 0 ,First,#,in_memory\Stream Area Selection,Hidden,-1,-1;GlobalID "GlobalID" false false true 38 GlobalID 0 0 ,First,#,in_memory\Stream Area Selection,GlobalID,-1,-1;Shape_Length "Shape_Length" false true true 8 Double 0 0 ,First,#,in_memory\Stream Area Selection,Shape_length,-1,-1;Shape_Area "Shape_Area" false true true 8 Double 0 0 ,First,#,in_memory\Stream Area Selection,Shape_area,-1,-1,in_memory\Stream Area Selection,Shape_area,-1,-1" #</Process><Process Name="Stream Area Append" ToolSource="C:\Program Files (x86)\ArcGIS\Desktop10.0\ArcToolbox\Toolboxes\Data Management Tools.tbx\Append" Date="20120316" Time="151831">Append 'in_memory\Stream Area Selection' "\\tempest\shared\GIS\Tools\Data Download\Staging\HydrologyGDB\Hydrology.gdb\Stream_Area" NO_TEST "Hpoly_ID "Hpoly_ID" true true false 4 Long 0 0 ,First,#,in_memory\Stream Area Selection,Hpoly_ID,-1,-1;Name "Name" true true false 40 Text 0 0 ,First,#,in_memory\Stream Area Selection,Name,-1,-1;WaterElv "WaterElv" true true false 8 Double 0 0 ,First,#,in_memory\Stream Area Selection,WaterElv,-1,-1;Editor "Editor" true true false 50 Text 0 0 ,First,#,in_memory\Stream Area Selection,Editor,-1,-1;DateModify "DateModify" true true false 8 Date 0 0 ,First,#,in_memory\Stream Area Selection,DateModify,-1,-1;Hidden "Hidden" true true false 2 Short 0 0 ,First,#,in_memory\Stream Area Selection,Hidden,-1,-1;GlobalID "GlobalID" false false true 38 GlobalID 0 0 ,First,#,in_memory\Stream Area Selection,GlobalID,-1,-1;Shape_Length "Shape_Length" false true true 8 Double 0 0 ,First,#,in_memory\Stream Area Selection,Shape_length,-1,-1;Shape_Area "Shape_Area" false true true 8 Double 0 0 ,First,#,in_memory\Stream Area Selection,Shape_area,-1,-1,in_memory\Stream Area Selection,Shape_area,-1,-1" #</Process><Process ToolSource="C:\Program Files (x86)\ArcGIS\Desktop10.0\ArcToolbox\Toolboxes\Data Management Tools.tbx\DeleteRows" Date="20120316" Time="153722">DeleteRows "\\tempest\shared\GIS\Tools\Data Download\Staging\HydrologyGDB\Hydrology.gdb\Stream_Area"</Process><Process Name="Stream Area Append" ToolSource="C:\Program Files\ArcGIS\Desktop10.0\ArcToolbox\Toolboxes\Data Management Tools.tbx\Append" Date="20120316" Time="154612">Append 'in_memory\Stream Area Selection' "\\tempest\shared\GIS\Tools\Data Download\Staging\HydrologyGDB\Hydrology.gdb\Stream_Area" NO_TEST "Hpoly_ID "Hpoly_ID" true true false 4 Long 0 0 ,First,#,in_memory\Stream Area Selection,Hpoly_ID,-1,-1;Name "Name" true true false 40 Text 0 0 ,First,#,in_memory\Stream Area Selection,Name,-1,-1;WaterElv "WaterElv" true true false 8 Double 0 0 ,First,#,in_memory\Stream Area Selection,WaterElv,-1,-1;Editor "Editor" true true false 50 Text 0 0 ,First,#,in_memory\Stream Area Selection,Editor,-1,-1;DateModify "DateModify" true true false 8 Date 0 0 ,First,#,in_memory\Stream Area Selection,DateModify,-1,-1;Hidden "Hidden" true true false 2 Short 0 0 ,First,#,in_memory\Stream Area Selection,Hidden,-1,-1;GlobalID "GlobalID" false false true 38 GlobalID 0 0 ,First,#,in_memory\Stream Area Selection,GlobalID,-1,-1;Shape_Length "Shape_Length" false true true 8 Double 0 0 ,First,#,in_memory\Stream Area Selection,Shape_length,-1,-1;Shape_Area "Shape_Area" false true true 8 Double 0 0 ,First,#,in_memory\Stream Area Selection,Shape_area,-1,-1,in_memory\Stream Area Selection,Shape_area,-1,-1" #</Process><Process Name="Delete Rows" ToolSource="C:\Program Files\ArcGIS\Desktop10.0\ArcToolbox\Toolboxes\Data Management Tools.tbx\DeleteRows" Date="20120316" Time="155605">DeleteRows "\\tempest\shared\GIS\Tools\Data Download\Staging\HydrologyGDB\Hydrology.gdb\Stream_Area"</Process><Process Name="Stream Area Append" ToolSource="C:\Program Files (x86)\ArcGIS\Desktop10.0\ArcToolbox\Toolboxes\Data Management Tools.tbx\Append" Date="20120319" Time="140428">Append 'in_memory\Stream Area Selection' "\\tempest\shared\GIS\Tools\Data Download\Staging\HydrologyGDB\Hydrology.gdb\Stream_Area" NO_TEST "Hpoly_ID "Hpoly_ID" true true false 4 Long 0 0 ,First,#,in_memory\Stream Area Selection,Hpoly_ID,-1,-1;Name "Name" true true false 40 Text 0 0 ,First,#,in_memory\Stream Area Selection,Name,-1,-1;WaterElv "WaterElv" true true false 8 Double 0 0 ,First,#,in_memory\Stream Area Selection,WaterElv,-1,-1;Editor "Editor" true true false 50 Text 0 0 ,First,#,in_memory\Stream Area Selection,Editor,-1,-1;DateModify "DateModify" true true false 8 Date 0 0 ,First,#,in_memory\Stream Area Selection,DateModify,-1,-1;Hidden "Hidden" true true false 2 Short 0 0 ,First,#,in_memory\Stream Area Selection,Hidden,-1,-1;GlobalID "GlobalID" false false true 38 GlobalID 0 0 ,First,#,in_memory\Stream Area Selection,GlobalID,-1,-1;Shape_Length "Shape_Length" false true true 8 Double 0 0 ,First,#,in_memory\Stream Area Selection,Shape_length,-1,-1;Shape_Area "Shape_Area" false true true 8 Double 0 0 ,First,#,in_memory\Stream Area Selection,Shape_area,-1,-1,in_memory\Stream Area Selection,Shape_area,-1,-1" #</Process><Process Name="Delete Rows" ToolSource="C:\Program Files (x86)\ArcGIS\Desktop10.0\ArcToolbox\Toolboxes\Data Management Tools.tbx\DeleteRows" Date="20120319" Time="142649">DeleteRows "\\tempest\shared\GIS\Tools\Data Download\Staging\HydrologyGDB\Hydrology.gdb\Stream_Area"</Process><Process Name="Stream Area Append" ToolSource="C:\Program Files (x86)\ArcGIS\Desktop10.0\ArcToolbox\Toolboxes\Data Management Tools.tbx\Append" Date="20120406" Time="110722">Append 'in_memory\Stream Area Selection' "\\tempest\shared\GIS\Tools\Data Download\Staging\HydrologyGDB\Hydrology.gdb\Stream_Area" NO_TEST "Hpoly_ID "Hpoly_ID" true true false 4 Long 0 0 ,First,#,in_memory\Stream Area Selection,Hpoly_ID,-1,-1;Name "Name" true true false 40 Text 0 0 ,First,#,in_memory\Stream Area Selection,Name,-1,-1;WaterElv "WaterElv" true true false 8 Double 0 0 ,First,#,in_memory\Stream Area Selection,WaterElv,-1,-1;Editor "Editor" true true false 50 Text 0 0 ,First,#,in_memory\Stream Area Selection,Editor,-1,-1;DateModify "DateModify" true true false 8 Date 0 0 ,First,#,in_memory\Stream Area Selection,DateModify,-1,-1;Hidden "Hidden" true true false 2 Short 0 0 ,First,#,in_memory\Stream Area Selection,Hidden,-1,-1;GlobalID "GlobalID" false false true 38 GlobalID 0 0 ,First,#,in_memory\Stream Area Selection,GlobalID,-1,-1;Shape_Length "Shape_Length" false true true 8 Double 0 0 ,First,#,in_memory\Stream Area Selection,Shape_length,-1,-1;Shape_Area "Shape_Area" false true true 8 Double 0 0 ,First,#,in_memory\Stream Area Selection,Shape_area,-1,-1,in_memory\Stream Area Selection,Shape_area,-1,-1" #</Process><Process Name="Delete Rows" ToolSource="C:\Program Files (x86)\ArcGIS\Desktop10.0\ArcToolbox\Toolboxes\Data Management Tools.tbx\DeleteRows" Date="20120406" Time="111449">DeleteRows "\\tempest\shared\GIS\Tools\Data Download\Staging\HydrologyGDB\Hydrology.gdb\Stream_Area"</Process><Process Name="Stream Area Append" ToolSource="C:\Program Files (x86)\ArcGIS\Desktop10.0\ArcToolbox\Toolboxes\Data Management Tools.tbx\Append" Date="20120917" Time="101613">Append 'in_memory\Stream Area Selection' "\\tempest\shared\GIS\Data\Sharing\Data Download Portal\Staging\HydrologyGDB\Hydrology.gdb\Stream_Area" NO_TEST "Hpoly_ID "Hpoly_ID" true true false 4 Long 0 0 ,First,#,in_memory\Stream Area Selection,Hpoly_ID,-1,-1,in_memory\Stream Area Selection,Hpoly_ID,-1,-1;Name "Name" true true false 40 Text 0 0 ,First,#,in_memory\Stream Area Selection,Name,-1,-1,in_memory\Stream Area Selection,Name,-1,-1;WaterElv "WaterElv" true true false 8 Double 0 0 ,First,#,in_memory\Stream Area Selection,WaterElv,-1,-1,in_memory\Stream Area Selection,WaterElv,-1,-1;Editor "Editor" true true false 50 Text 0 0 ,First,#,in_memory\Stream Area Selection,Editor,-1,-1,in_memory\Stream Area Selection,Editor,-1,-1;DateModify "DateModify" true true false 8 Date 0 0 ,First,#,in_memory\Stream Area Selection,DateModify,-1,-1,in_memory\Stream Area Selection,DateModify,-1,-1;Hidden "Hidden" true true false 2 Short 0 0 ,First,#,in_memory\Stream Area Selection,Hidden,-1,-1,in_memory\Stream Area Selection,Hidden,-1,-1;GlobalID "GlobalID" false false true 38 GlobalID 0 0 ,First,#,in_memory\Stream Area Selection,GlobalID,-1,-1,in_memory\Stream Area Selection,GlobalID,-1,-1;Shape_Length "Shape_Length" false true true 8 Double 0 0 ,First,#,in_memory\Stream Area Selection,Shape_length,-1,-1;Shape_Area "Shape_Area" false true true 8 Double 0 0 ,First,#,in_memory\Stream Area Selection,Shape_area,-1,-1,in_memory\Stream Area Selection,Shape_area,-1,-1" #</Process><Process Name="Stream Area Append" ToolSource="C:\Program Files (x86)\ArcGIS\Desktop10.0\ArcToolbox\Toolboxes\Data Management Tools.tbx\Append" Date="20120917" Time="102550">Append 'in_memory\Stream Area Selection' "\\tempest\shared\GIS\Data\Sharing\Data Download Portal\Staging\HydrologyGDB\Hydrology.gdb\Stream_Area" NO_TEST "Hpoly_ID "Hpoly_ID" true true false 4 Long 0 0 ,First,#,in_memory\Stream Area Selection,Hpoly_ID,-1,-1,in_memory\Stream Area Selection,Hpoly_ID,-1,-1;Name "Name" true true false 40 Text 0 0 ,First,#,in_memory\Stream Area Selection,Name,-1,-1,in_memory\Stream Area Selection,Name,-1,-1;WaterElv "WaterElv" true true false 8 Double 0 0 ,First,#,in_memory\Stream Area Selection,WaterElv,-1,-1,in_memory\Stream Area Selection,WaterElv,-1,-1;Editor "Editor" true true false 50 Text 0 0 ,First,#,in_memory\Stream Area Selection,Editor,-1,-1,in_memory\Stream Area Selection,Editor,-1,-1;DateModify "DateModify" true true false 8 Date 0 0 ,First,#,in_memory\Stream Area Selection,DateModify,-1,-1,in_memory\Stream Area Selection,DateModify,-1,-1;Hidden "Hidden" true true false 2 Short 0 0 ,First,#,in_memory\Stream Area Selection,Hidden,-1,-1,in_memory\Stream Area Selection,Hidden,-1,-1;GlobalID "GlobalID" false false true 38 GlobalID 0 0 ,First,#,in_memory\Stream Area Selection,GlobalID,-1,-1,in_memory\Stream Area Selection,GlobalID,-1,-1;Shape_Length "Shape_Length" false true true 8 Double 0 0 ,First,#,in_memory\Stream Area Selection,Shape_length,-1,-1;Shape_Area "Shape_Area" false true true 8 Double 0 0 ,First,#,in_memory\Stream Area Selection,Shape_area,-1,-1,in_memory\Stream Area Selection,Shape_area,-1,-1" #</Process><Process Name="Delete Rows" ToolSource="C:\Program Files (x86)\ArcGIS\Desktop10.0\ArcToolbox\Toolboxes\Data Management Tools.tbx\DeleteRows" Date="20120917" Time="103707">DeleteRows "\\tempest\shared\GIS\Data\Sharing\Data Download Portal\Staging\HydrologyGDB\Hydrology.gdb\Stream_Area"</Process><Process Name="Stream Area Append" ToolSource="C:\Program Files (x86)\ArcGIS\Desktop10.0\ArcToolbox\Toolboxes\Data Management Tools.tbx\Append" Date="20121130" Time="134822">Append 'in_memory\Stream Area Selection' "\\tempest\shared\GIS\Data\Sharing\Data Download Portal\Staging\HydrologyGDB\Hydrology.gdb\Stream_Area" NO_TEST "Hpoly_ID "Hpoly_ID" true true false 4 Long 0 0 ,First,#,in_memory\Stream Area Selection,Hpoly_ID,-1,-1,in_memory\Stream Area Selection,Hpoly_ID,-1,-1;Name "Name" true true false 40 Text 0 0 ,First,#,in_memory\Stream Area Selection,Name,-1,-1,in_memory\Stream Area Selection,Name,-1,-1;WaterElv "WaterElv" true true false 8 Double 0 0 ,First,#,in_memory\Stream Area Selection,WaterElv,-1,-1,in_memory\Stream Area Selection,WaterElv,-1,-1;Editor "Editor" true true false 50 Text 0 0 ,First,#,in_memory\Stream Area Selection,Editor,-1,-1,in_memory\Stream Area Selection,Editor,-1,-1;DateModify "DateModify" true true false 8 Date 0 0 ,First,#,in_memory\Stream Area Selection,DateModify,-1,-1,in_memory\Stream Area Selection,DateModify,-1,-1;Hidden "Hidden" true true false 2 Short 0 0 ,First,#,in_memory\Stream Area Selection,Hidden,-1,-1,in_memory\Stream Area Selection,Hidden,-1,-1;GlobalID "GlobalID" false false true 38 GlobalID 0 0 ,First,#,in_memory\Stream Area Selection,GlobalID,-1,-1,in_memory\Stream Area Selection,GlobalID,-1,-1;Shape_Length "Shape_Length" false true true 8 Double 0 0 ,First,#,in_memory\Stream Area Selection,Shape_length,-1,-1;Shape_Area "Shape_Area" false true true 8 Double 0 0 ,First,#,in_memory\Stream Area Selection,Shape_area,-1,-1,in_memory\Stream Area Selection,Shape_area,-1,-1" #</Process><Process Name="Stream Area Append" ToolSource="C:\Program Files (x86)\ArcGIS\Desktop10.0\ArcToolbox\Toolboxes\Data Management Tools.tbx\Append" Date="20121130" Time="140843">Append 'in_memory\Stream Area Selection' "\\tempest\shared\GIS\Data\Sharing\Data Download Portal\Staging\HydrologyGDB\Hydrology.gdb\Stream_Area" NO_TEST "Hpoly_ID "Hpoly_ID" true true false 4 Long 0 0 ,First,#,in_memory\Stream Area Selection,Hpoly_ID,-1,-1,in_memory\Stream Area Selection,Hpoly_ID,-1,-1;Name "Name" true true false 40 Text 0 0 ,First,#,in_memory\Stream Area Selection,Name,-1,-1,in_memory\Stream Area Selection,Name,-1,-1;WaterElv "WaterElv" true true false 8 Double 0 0 ,First,#,in_memory\Stream Area Selection,WaterElv,-1,-1,in_memory\Stream Area Selection,WaterElv,-1,-1;Editor "Editor" true true false 50 Text 0 0 ,First,#,in_memory\Stream Area Selection,Editor,-1,-1,in_memory\Stream Area Selection,Editor,-1,-1;DateModify "DateModify" true true false 8 Date 0 0 ,First,#,in_memory\Stream Area Selection,DateModify,-1,-1,in_memory\Stream Area Selection,DateModify,-1,-1;Hidden "Hidden" true true false 2 Short 0 0 ,First,#,in_memory\Stream Area Selection,Hidden,-1,-1,in_memory\Stream Area Selection,Hidden,-1,-1;GlobalID "GlobalID" false false true 38 GlobalID 0 0 ,First,#,in_memory\Stream Area Selection,GlobalID,-1,-1,in_memory\Stream Area Selection,GlobalID,-1,-1;Shape_Length "Shape_Length" false true true 8 Double 0 0 ,First,#,in_memory\Stream Area Selection,Shape_length,-1,-1;Shape_Area "Shape_Area" false true true 8 Double 0 0 ,First,#,in_memory\Stream Area Selection,Shape_area,-1,-1,in_memory\Stream Area Selection,Shape_area,-1,-1" #</Process><Process Name="Delete Rows" ToolSource="C:\Program Files (x86)\ArcGIS\Desktop10.0\ArcToolbox\Toolboxes\Data Management Tools.tbx\DeleteRows" Date="20121130" Time="141644">DeleteRows "\\tempest\shared\GIS\Data\Sharing\Data Download Portal\Staging\HydrologyGDB\Hydrology.gdb\Stream_Area"</Process><Process Name="Stream Area Append" ToolSource="C:\Program Files (x86)\ArcGIS\Desktop10.0\ArcToolbox\Toolboxes\Data Management Tools.tbx\Append" Date="20130109" Time="094506">Append 'in_memory\Stream Area Selection' "\\tempest\shared\GIS\Data\Sharing\Data Download Portal\Staging\HydrologyGDB\Hydrology.gdb\Stream_Area" NO_TEST "Hpoly_ID "Hpoly_ID" true true false 4 Long 0 0 ,First,#,in_memory\Stream Area Selection,Hpoly_ID,-1,-1,in_memory\Stream Area Selection,Hpoly_ID,-1,-1;Name "Name" true true false 40 Text 0 0 ,First,#,in_memory\Stream Area Selection,Name,-1,-1,in_memory\Stream Area Selection,Name,-1,-1;WaterElv "WaterElv" true true false 8 Double 0 0 ,First,#,in_memory\Stream Area Selection,WaterElv,-1,-1,in_memory\Stream Area Selection,WaterElv,-1,-1;Editor "Editor" true true false 50 Text 0 0 ,First,#,in_memory\Stream Area Selection,Editor,-1,-1,in_memory\Stream Area Selection,Editor,-1,-1;DateModify "DateModify" true true false 8 Date 0 0 ,First,#,in_memory\Stream Area Selection,DateModify,-1,-1,in_memory\Stream Area Selection,DateModify,-1,-1;Hidden "Hidden" true true false 2 Short 0 0 ,First,#,in_memory\Stream Area Selection,Hidden,-1,-1,in_memory\Stream Area Selection,Hidden,-1,-1;GlobalID "GlobalID" false false true 38 GlobalID 0 0 ,First,#,in_memory\Stream Area Selection,GlobalID,-1,-1,in_memory\Stream Area Selection,GlobalID,-1,-1;Shape_Length "Shape_Length" false true true 8 Double 0 0 ,First,#,in_memory\Stream Area Selection,Shape_length,-1,-1;Shape_Area "Shape_Area" false true true 8 Double 0 0 ,First,#,in_memory\Stream Area Selection,Shape_area,-1,-1,in_memory\Stream Area Selection,Shape_area,-1,-1" #</Process><Process Name="Delete Rows" ToolSource="C:\Program Files (x86)\ArcGIS\Desktop10.0\ArcToolbox\Toolboxes\Data Management Tools.tbx\DeleteRows" Date="20130109" Time="095035">DeleteRows "\\tempest\shared\GIS\Data\Sharing\Data Download Portal\Staging\HydrologyGDB\Hydrology.gdb\Stream_Area"</Process><Process Name="Stream Area Append" ToolSource="C:\Program Files (x86)\ArcGIS\Desktop10.0\ArcToolbox\Toolboxes\Data Management Tools.tbx\Append" Date="20130416" Time="120420">Append 'in_memory\Stream Area Selection' "\\tempest\shared\GIS\Data\Sharing\Data Download Portal\Staging\HydrologyGDB\Hydrology.gdb\Stream_Area" NO_TEST "Hpoly_ID "Hpoly_ID" true true false 4 Long 0 0 ,First,#,in_memory\Stream Area Selection,Hpoly_ID,-1,-1,in_memory\Stream Area Selection,Hpoly_ID,-1,-1;Name "Name" true true false 40 Text 0 0 ,First,#,in_memory\Stream Area Selection,Name,-1,-1,in_memory\Stream Area Selection,Name,-1,-1;WaterElv "WaterElv" true true false 8 Double 0 0 ,First,#,in_memory\Stream Area Selection,WaterElv,-1,-1,in_memory\Stream Area Selection,WaterElv,-1,-1;Editor "Editor" true true false 50 Text 0 0 ,First,#,in_memory\Stream Area Selection,Editor,-1,-1,in_memory\Stream Area Selection,Editor,-1,-1;DateModify "DateModify" true true false 8 Date 0 0 ,First,#,in_memory\Stream Area Selection,DateModify,-1,-1,in_memory\Stream Area Selection,DateModify,-1,-1;Hidden "Hidden" true true false 2 Short 0 0 ,First,#,in_memory\Stream Area Selection,Hidden,-1,-1,in_memory\Stream Area Selection,Hidden,-1,-1;GlobalID "GlobalID" false false true 38 GlobalID 0 0 ,First,#,in_memory\Stream Area Selection,GlobalID,-1,-1,in_memory\Stream Area Selection,GlobalID,-1,-1;Shape_Length "Shape_Length" false true true 8 Double 0 0 ,First,#,in_memory\Stream Area Selection,Shape_length,-1,-1;Shape_Area "Shape_Area" false true true 8 Double 0 0 ,First,#,in_memory\Stream Area Selection,Shape_area,-1,-1,in_memory\Stream Area Selection,Shape_area,-1,-1" #</Process><Process Name="Delete Rows" ToolSource="C:\Program Files (x86)\ArcGIS\Desktop10.0\ArcToolbox\Toolboxes\Data Management Tools.tbx\DeleteRows" Date="20130416" Time="122309">DeleteRows "\\tempest\shared\GIS\Data\Sharing\Data Download Portal\Staging\HydrologyGDB\Hydrology.gdb\Stream_Area"</Process><Process Name="Stream Area Append" ToolSource="C:\Program Files (x86)\ArcGIS\Desktop10.0\ArcToolbox\Toolboxes\Data Management Tools.tbx\Append" Date="20130416" Time="134451">Append 'in_memory\Stream Area Selection' "\\tempest\shared\GIS\Data\Sharing\Data Download Portal\Staging\HydrologyGDB\Hydrology.gdb\Stream_Area" NO_TEST "Hpoly_ID "Hpoly_ID" true true false 4 Long 0 0 ,First,#,in_memory\Stream Area Selection,Hpoly_ID,-1,-1,in_memory\Stream Area Selection,Hpoly_ID,-1,-1;Name "Name" true true false 40 Text 0 0 ,First,#,in_memory\Stream Area Selection,Name,-1,-1,in_memory\Stream Area Selection,Name,-1,-1;WaterElv "WaterElv" true true false 8 Double 0 0 ,First,#,in_memory\Stream Area Selection,WaterElv,-1,-1,in_memory\Stream Area Selection,WaterElv,-1,-1;Editor "Editor" true true false 50 Text 0 0 ,First,#,in_memory\Stream Area Selection,Editor,-1,-1,in_memory\Stream Area Selection,Editor,-1,-1;DateModify "DateModify" true true false 8 Date 0 0 ,First,#,in_memory\Stream Area Selection,DateModify,-1,-1,in_memory\Stream Area Selection,DateModify,-1,-1;Hidden "Hidden" true true false 2 Short 0 0 ,First,#,in_memory\Stream Area Selection,Hidden,-1,-1,in_memory\Stream Area Selection,Hidden,-1,-1;GlobalID "GlobalID" false false true 38 GlobalID 0 0 ,First,#,in_memory\Stream Area Selection,GlobalID,-1,-1,in_memory\Stream Area Selection,GlobalID,-1,-1;Shape_Length "Shape_Length" false true true 8 Double 0 0 ,First,#,in_memory\Stream Area Selection,Shape_length,-1,-1;Shape_Area "Shape_Area" false true true 8 Double 0 0 ,First,#,in_memory\Stream Area Selection,Shape_area,-1,-1,in_memory\Stream Area Selection,Shape_area,-1,-1" #</Process><Process Name="Delete Rows" ToolSource="C:\Program Files (x86)\ArcGIS\Desktop10.0\ArcToolbox\Toolboxes\Data Management Tools.tbx\DeleteRows" Date="20130416" Time="140316">DeleteRows "\\tempest\shared\GIS\Data\Sharing\Data Download Portal\Staging\HydrologyGDB\Hydrology.gdb\Stream_Area"</Process><Process Name="Stream Area Append" ToolSource="C:\Program Files (x86)\ArcGIS\Desktop10.0\ArcToolbox\Toolboxes\Data Management Tools.tbx\Append" Date="20130820" Time="170135">Append 'in_memory\Stream Area Selection' "\\tempest\shared\GIS\Data\Sharing\Data Download Portal\Staging\HydrologyGDB\Hydrology.gdb\Stream_Area" NO_TEST "Hpoly_ID "Hpoly_ID" true true false 4 Long 0 0 ,First,#,in_memory\Stream Area Selection,Hpoly_ID,-1,-1,in_memory\Stream Area Selection,Hpoly_ID,-1,-1;Name "Name" true true false 40 Text 0 0 ,First,#,in_memory\Stream Area Selection,Name,-1,-1,in_memory\Stream Area Selection,Name,-1,-1;WaterElv "WaterElv" true true false 8 Double 0 0 ,First,#,in_memory\Stream Area Selection,WaterElv,-1,-1,in_memory\Stream Area Selection,WaterElv,-1,-1;Editor "Editor" true true false 50 Text 0 0 ,First,#,in_memory\Stream Area Selection,Editor,-1,-1,in_memory\Stream Area Selection,Editor,-1,-1;DateModify "DateModify" true true false 8 Date 0 0 ,First,#,in_memory\Stream Area Selection,DateModify,-1,-1,in_memory\Stream Area Selection,DateModify,-1,-1;Hidden "Hidden" true true false 2 Short 0 0 ,First,#,in_memory\Stream Area Selection,Hidden,-1,-1,in_memory\Stream Area Selection,Hidden,-1,-1;GlobalID "GlobalID" false false true 38 GlobalID 0 0 ,First,#,in_memory\Stream Area Selection,GlobalID,-1,-1,in_memory\Stream Area Selection,GlobalID,-1,-1;Shape_Length "Shape_Length" false true true 8 Double 0 0 ,First,#,in_memory\Stream Area Selection,Shape_length,-1,-1;Shape_Area "Shape_Area" false true true 8 Double 0 0 ,First,#,in_memory\Stream Area Selection,Shape_area,-1,-1,in_memory\Stream Area Selection,Shape_area,-1,-1" #</Process><Process Name="Delete Rows" ToolSource="C:\Program Files (x86)\ArcGIS\Desktop10.0\ArcToolbox\Toolboxes\Data Management Tools.tbx\DeleteRows" Date="20130820" Time="170723">DeleteRows "\\tempest\shared\GIS\Data\Sharing\Data Download Portal\Staging\HydrologyGDB\Hydrology.gdb\Stream_Area"</Process><Process Name="Stream Area Append" ToolSource="C:\Program Files (x86)\ArcGIS\Desktop10.0\ArcToolbox\Toolboxes\Data Management Tools.tbx\Append" Date="20140109" Time="090615">Append 'in_memory\Stream Area Selection' "\\tempest\shared\GIS\Data\Sharing\Data Download Portal\Staging\HydrologyGDB\Hydrology.gdb\Stream_Area" NO_TEST "Hpoly_ID "Hpoly_ID" true true false 4 Long 0 0 ,First,#,in_memory\Stream Area Selection,Hpoly_ID,-1,-1,in_memory\Stream Area Selection,Hpoly_ID,-1,-1;Name "Name" true true false 40 Text 0 0 ,First,#,in_memory\Stream Area Selection,Name,-1,-1,in_memory\Stream Area Selection,Name,-1,-1;WaterElv "WaterElv" true true false 8 Double 0 0 ,First,#,in_memory\Stream Area Selection,WaterElv,-1,-1,in_memory\Stream Area Selection,WaterElv,-1,-1;Editor "Editor" true true false 50 Text 0 0 ,First,#,in_memory\Stream Area Selection,Editor,-1,-1,in_memory\Stream Area Selection,Editor,-1,-1;DateModify "DateModify" true true false 8 Date 0 0 ,First,#,in_memory\Stream Area Selection,DateModify,-1,-1,in_memory\Stream Area Selection,DateModify,-1,-1;Hidden "Hidden" true true false 2 Short 0 0 ,First,#,in_memory\Stream Area Selection,Hidden,-1,-1,in_memory\Stream Area Selection,Hidden,-1,-1;GlobalID "GlobalID" false false true 38 GlobalID 0 0 ,First,#,in_memory\Stream Area Selection,GlobalID,-1,-1,in_memory\Stream Area Selection,GlobalID,-1,-1;Shape_Length "Shape_Length" false true true 8 Double 0 0 ,First,#,in_memory\Stream Area Selection,Shape_length,-1,-1;Shape_Area "Shape_Area" false true true 8 Double 0 0 ,First,#,in_memory\Stream Area Selection,Shape_area,-1,-1,in_memory\Stream Area Selection,Shape_area,-1,-1" #</Process><Process ToolSource="C:\Program Files (x86)\ArcGIS\Desktop10.0\ArcToolbox\Toolboxes\Data Management Tools.tbx\CopyFeatures" Date="20140109" Time="091132">CopyFeatures "\\tempest\shared\GIS\Data\Sharing\Data Download Portal\Staging\HydrologyGDB\Hydrology.gdb\Stream_Area" "\\tempest\shared\GIS\Data\Sharing\Data Download Portal\Staging\HydrologySHP\Stream_Area.shp" # 0 0 0</Process></lineage><itemProps><itemName Sync="TRUE">Stream_Area</itemName><imsContentType Sync="TRUE">002</imsContentType><itemSize Sync="TRUE">0.000</itemSize><itemLocation><linkage Sync="TRUE">file://\\tempest\shared\GIS\Data\Sharing\Data Download Portal\Staging\HydrologySHP\Stream_Area.shp</linkage><protocol Sync="TRUE">Local Area Network</protocol></itemLocation></itemProps><coordRef><type Sync="TRUE">Projected</type><geogcsn Sync="TRUE">GCS_North_American_1983</geogcsn><csUnits Sync="TRUE">Linear Unit: Foot_US (0.304801)</csUnits><projcsn Sync="TRUE">NAD_1983_StatePlane_Virginia_South_FIPS_4502_Feet</projcsn><peXml Sync="TRUE">&lt;ProjectedCoordinateSystem xsi:type='typens:ProjectedCoordinateSystem' xmlns:xsi='http://www.w3.org/2001/XMLSchema-instance' xmlns:xs='http://www.w3.org/2001/XMLSchema' xmlns:typens='http://www.esri.com/schemas/ArcGIS/10.0'&gt;&lt;WKT&gt;PROJCS[&amp;quot;NAD_1983_StatePlane_Virginia_South_FIPS_4502_Feet&amp;quot;,GEOGCS[&amp;quot;GCS_North_American_1983&amp;quot;,DATUM[&amp;quot;D_North_American_1983&amp;quot;,SPHEROID[&amp;quot;GRS_1980&amp;quot;,6378137.0,298.257222101]],PRIMEM[&amp;quot;Greenwich&amp;quot;,0.0],UNIT[&amp;quot;Degree&amp;quot;,0.0174532925199433]],PROJECTION[&amp;quot;Lambert_Conformal_Conic&amp;quot;],PARAMETER[&amp;quot;False_Easting&amp;quot;,11482916.66666666],PARAMETER[&amp;quot;False_Northing&amp;quot;,3280833.333333333],PARAMETER[&amp;quot;Central_Meridian&amp;quot;,-78.5],PARAMETER[&amp;quot;Standard_Parallel_1&amp;quot;,36.76666666666667],PARAMETER[&amp;quot;Standard_Parallel_2&amp;quot;,37.96666666666667],PARAMETER[&amp;quot;Latitude_Of_Origin&amp;quot;,36.33333333333334],UNIT[&amp;quot;Foot_US&amp;quot;,0.3048006096012192],AUTHORITY[&amp;quot;EPSG&amp;quot;,2284]]&lt;/WKT&gt;&lt;XOrigin&gt;-111140600&lt;/XOrigin&gt;&lt;YOrigin&gt;-91532100&lt;/YOrigin&gt;&lt;XYScale&gt;36727036.750856541&lt;/XYScale&gt;&lt;ZOrigin&gt;-100000&lt;/ZOrigin&gt;&lt;ZScale&gt;10000&lt;/ZScale&gt;&lt;MOrigin&gt;-100000&lt;/MOrigin&gt;&lt;MScale&gt;10000&lt;/MScale&gt;&lt;XYTolerance&gt;0.0032808333333333335&lt;/XYTolerance&gt;&lt;ZTolerance&gt;0.001&lt;/ZTolerance&gt;&lt;MTolerance&gt;0.001&lt;/MTolerance&gt;&lt;HighPrecision&gt;true&lt;/HighPrecision&gt;&lt;WKID&gt;2284&lt;/WKID&gt;&lt;/ProjectedCoordinateSystem&gt;</peXml></coordRef></DataProperties><MetaID>{15D740E5-BE18-4404-A12B-E6DB3A4CC83E}</MetaID></Esri><dataIdInfo><envirDesc Sync="TRUE">Microsoft Windows 7 Version 6.1 (Build 7601) Service Pack 1; ESRI ArcGIS 10.0.5.4400</envirDesc><dataLang><languageCode Sync="TRUE" value="eng"></languageCode><countryCode value="USA" Sync="TRUE"></countryCode></dataLang><idCitation><resTitle Sync="TRUE">Stream_Area</resTitle><presForm><PresFormCd Sync="TRUE" value="005"></PresFormCd></presForm></idCitation><spatRpType><SpatRepTypCd Sync="TRUE" value="001"></SpatRepTypCd></spatRpType><dataExt><geoEle><GeoBndBox esriExtentType="native"><westBL Sync="TRUE">11255714.078</westBL><eastBL Sync="TRUE">11313955.5</eastBL><northBL Sync="TRUE">3707186.077</northBL><southBL Sync="TRUE">3634732.25</southBL><exTypeCode Sync="TRUE">1</exTypeCode></GeoBndBox></geoEle><vertEle><vertMinVal Sync="TRUE">30.48</vertMinVal><vertMaxVal Sync="TRUE">853.094</vertMaxVal></vertEle></dataExt><geoBox esriExtentType="decdegrees"><westBL Sync="TRUE">-79.28323</westBL><eastBL Sync="TRUE">-79.080925</eastBL><northBL Sync="TRUE">37.502906</northBL><southBL Sync="TRUE">37.302763</southBL><exTypeCode Sync="TRUE">1</exTypeCode></geoBox></dataIdInfo><mdLang><languageCode Sync="TRUE" value="eng"></languageCode><countryCode value="USA" Sync="TRUE"></countryCode></mdLang><mdStanName Sync="TRUE">ISO 19115 Geographic Information - Metadata</mdStanName><mdStanVer Sync="TRUE">DIS_ESRI1.0</mdStanVer><mdChar><CharSetCd Sync="TRUE" value="004"></CharSetCd></mdChar><mdHrLv><ScopeCd Sync="TRUE" value="005"></ScopeCd></mdHrLv><mdHrLvName Sync="TRUE">dataset</mdHrLvName><distInfo><distributor><distorTran><onLineSrc><orDesc Sync="TRUE">002</orDesc><linkage Sync="TRUE">file://\\GIS-SCC1\C$\TEMP\GIS_DataDownload_Staging_Hydrology\GDB\Hydrology.gdb</linkage><protocol Sync="TRUE">Local Area Network</protocol></onLineSrc></distorTran><distorFormat><formatName Sync="TRUE">File Geodatabase Feature Class</formatName></distorFormat></distributor><distFormat><formatName Sync="TRUE">Shapefile</formatName></distFormat><distTranOps><transSize Sync="TRUE">0.000</transSize></distTranOps></distInfo><refSysInfo><RefSystem><refSysID><identCode Sync="TRUE" value="2284">NAD_1983_StatePlane_Virginia_South_FIPS_4502_Feet</identCode><idCodeSpace Sync="TRUE">EPSG</idCodeSpace><idVersion Sync="TRUE">7.4.1</idVersion></refSysID></RefSystem></refSysInfo><spatRepInfo><VectSpatRep><geometObjs Name="Stream_Area"><geoObjTyp><GeoObjTypCd value="002" Sync="TRUE"></GeoObjTypCd></geoObjTyp><geoObjCnt Sync="TRUE">0</geoObjCnt></geometObjs><topLvl><TopoLevCd value="001" Sync="TRUE"></TopoLevCd></topLvl></VectSpatRep></spatRepInfo><mdDateSt Sync="TRUE">20140109</mdDateSt></metadata>
