<metadata xml:lang="en"><Esri><CreaDate>20091103</CreaDate><CreaTime>10545500</CreaTime><SyncOnce>FALSE</SyncOnce><DataProperties><lineage><Process ToolSource="C:\Program Files\ArcGIS\ArcToolbox\Toolboxes\3D Analyst Tools.tbx\InterpolateShape" Date="20091023" Time="132334">InterpolateShape C:\Lynchburg\Terrain.gdb\Terrain\Terrain S:\Lynchburg\HydroImp\Working\HydroDev.mdb\Hydrology\HydroCenterlineOLD_Zs S:\Lynchburg\HydroImp\Working\HydroDev.mdb\Hydrology\HydroCenterlineNew_Zs # 1 LINEAR VERTICES_ONLY 0</Process><Process ToolSource="C:\Program Files (x86)\ArcGIS\ArcToolbox\Toolboxes\Data Management Tools.tbx\CopyFeatures" Date="20091103" Time="095306">CopyFeatures "\\Tempest\shared\GIS\Remediation Projects\Hydrology\2nd Try\HydroDev.mdb\Hydrology\HydroCenterline" "\\Tempest\shared\GIS\Remediation Projects\Hydrology\For WorldView\HydrologyFinal.mdb\Hydrology\HydroCenterline" # 0 0 0</Process><Process ToolSource="C:\Program Files\ArcGIS\ArcToolbox\Toolboxes\Data Management Tools.tbx\CopyFeatures" Date="20091210" Time="070249">CopyFeatures "\\tempest\shared\GIS\Remediation Projects\Hydrology\Final\HydrologyFinalBack2U.mdb\Hydrology\HydroCenterline" "Database Connections\DIRECT to MURLOC.sde\vectorgis_prd.DBO.Hydrology\VectorGIS_prd.DBO.HydroCenterline" # 0 0 0</Process><Process Name="Export to GDB - StreamCenterline" ToolSource="C:\Program Files (x86)\ArcGIS\ArcToolbox\Toolboxes\Conversion Tools.tbx\FeatureClassToFeatureClass" Date="20110523" Time="144826">FeatureClassToFeatureClass "\\tempest\Shared\GIS\Admin\Data Download\Toolset\Murloc - Read.sde\vectorgis_prd.DBO.Hydrology\VectorGIS_prd.DBO.HydroCenterline" C:\TEMP\GIS_DataDownload_Staging_Hydrology\GDB\Hydrology.gdb Stream_Centerline "Subtype = 1" "Hline_ID 'Hline_ID' true true false 4 Long 0 10 ,First,#,\\tempest\Shared\GIS\Admin\Data Download\Toolset\Murloc - Read.sde\vectorgis_prd.DBO.Hydrology\VectorGIS_prd.DBO.HydroCenterline,Hline_ID,-1,-1;Name 'Name' true true false 40 Text 0 0 ,First,#,\\tempest\Shared\GIS\Admin\Data Download\Toolset\Murloc - Read.sde\vectorgis_prd.DBO.Hydrology\VectorGIS_prd.DBO.HydroCenterline,Name,-1,-1;Engineering 'Engineering' true true false 20 Text 0 0 ,First,#,\\tempest\Shared\GIS\Admin\Data Download\Toolset\Murloc - Read.sde\vectorgis_prd.DBO.Hydrology\VectorGIS_prd.DBO.HydroCenterline,Engineering,-1,-1;Hidden 'Hidden' true true false 2 Short 0 5 ,First,#,\\tempest\Shared\GIS\Admin\Data Download\Toolset\Murloc - Read.sde\vectorgis_prd.DBO.Hydrology\VectorGIS_prd.DBO.HydroCenterline,Hidden,-1,-1;Shape_len 'Shape_len' false false true 0 Double 0 0 ,First,#,\\tempest\Shared\GIS\Admin\Data Download\Toolset\Murloc - Read.sde\vectorgis_prd.DBO.Hydrology\VectorGIS_prd.DBO.HydroCenterline,Shape.len,-1,-1" # C:\TEMP\GIS_DataDownload_Staging_Hydrology\GDB\Hydrology.gdb\Stream_Centerline</Process><Process ToolSource="C:\Program Files (x86)\ArcGIS\Desktop10.0\ArcToolbox\Toolboxes\Data Management Tools.tbx\DeleteRows" Date="20120316" Time="111737">DeleteRows "\\tempest\shared\GIS\Tools\Data Download\Staging\HydrologyGDB\Hydrology.gdb\Stream_Centerline"</Process><Process Name="Stream Centerline Append" ToolSource="C:\Program Files (x86)\ArcGIS\Desktop10.0\ArcToolbox\Toolboxes\Data Management Tools.tbx\Append" Date="20120316" Time="135120">Append 'in_memory\Stream Centerline Selection' "\\tempest\shared\GIS\Tools\Data Download\Staging\HydrologyGDB\Hydrology.gdb\Stream_Centerline" NO_TEST "Hline_ID "Hline_ID" true true false 4 Long 0 0 ,First,#,in_memory\Stream Centerline Selection,Hline_ID,-1,-1;Name "Name" true true false 40 Text 0 0 ,First,#,in_memory\Stream Centerline Selection,Name,-1,-1;Engineering "Engineering" true true false 20 Text 0 0 ,First,#,in_memory\Stream Centerline Selection,Engineering,-1,-1;Hidden "Hidden" true true false 2 Short 0 0 ,First,#,in_memory\Stream Centerline Selection,Hidden,-1,-1;Shape_Length "Shape_Length" false true true 8 Double 0 0 ,First,#,in_memory\Stream Centerline Selection,Shape_length,-1,-1" #</Process><Process Name="Delete Rows" ToolSource="C:\Program Files (x86)\ArcGIS\Desktop10.0\ArcToolbox\Toolboxes\Data Management Tools.tbx\DeleteRows" Date="20120316" Time="140151">DeleteRows "\\tempest\shared\GIS\Tools\Data Download\Staging\HydrologyGDB\Hydrology.gdb\Stream_Centerline"</Process><Process Name="Stream Centerline Append" ToolSource="C:\Program Files\ArcGIS\Desktop10.0\ArcToolbox\Toolboxes\Data Management Tools.tbx\Append" Date="20120316" Time="150319">Append 'in_memory\Stream Centerline Selection' "\\tempest\shared\GIS\Tools\Data Download\Staging\HydrologyGDB\Hydrology.gdb\Stream_Centerline" NO_TEST "Hline_ID "Hline_ID" true true false 4 Long 0 0 ,First,#,in_memory\Stream Centerline Selection,Hline_ID,-1,-1;Name "Name" true true false 40 Text 0 0 ,First,#,in_memory\Stream Centerline Selection,Name,-1,-1;Engineering "Engineering" true true false 20 Text 0 0 ,First,#,in_memory\Stream Centerline Selection,Engineering,-1,-1;Hidden "Hidden" true true false 2 Short 0 0 ,First,#,in_memory\Stream Centerline Selection,Hidden,-1,-1;Shape_Length "Shape_Length" false true true 8 Double 0 0 ,First,#,in_memory\Stream Centerline Selection,Shape_length,-1,-1" #</Process><Process Name="Stream Centerline Append" ToolSource="C:\Program Files (x86)\ArcGIS\Desktop10.0\ArcToolbox\Toolboxes\Data Management Tools.tbx\Append" Date="20120316" Time="151841">Append 'in_memory\Stream Centerline Selection' "\\tempest\shared\GIS\Tools\Data Download\Staging\HydrologyGDB\Hydrology.gdb\Stream_Centerline" NO_TEST "Hline_ID "Hline_ID" true true false 4 Long 0 0 ,First,#,in_memory\Stream Centerline Selection,Hline_ID,-1,-1;Name "Name" true true false 40 Text 0 0 ,First,#,in_memory\Stream Centerline Selection,Name,-1,-1;Engineering "Engineering" true true false 20 Text 0 0 ,First,#,in_memory\Stream Centerline Selection,Engineering,-1,-1;Hidden "Hidden" true true false 2 Short 0 0 ,First,#,in_memory\Stream Centerline Selection,Hidden,-1,-1;Shape_Length "Shape_Length" false true true 8 Double 0 0 ,First,#,in_memory\Stream Centerline Selection,Shape_length,-1,-1" #</Process><Process ToolSource="C:\Program Files (x86)\ArcGIS\Desktop10.0\ArcToolbox\Toolboxes\Data Management Tools.tbx\DeleteRows" Date="20120316" Time="153733">DeleteRows "\\tempest\shared\GIS\Tools\Data Download\Staging\HydrologyGDB\Hydrology.gdb\Stream_Centerline"</Process><Process Name="Stream Centerline Append" ToolSource="C:\Program Files\ArcGIS\Desktop10.0\ArcToolbox\Toolboxes\Data Management Tools.tbx\Append" Date="20120316" Time="154632">Append 'in_memory\Stream Centerline Selection' "\\tempest\shared\GIS\Tools\Data Download\Staging\HydrologyGDB\Hydrology.gdb\Stream_Centerline" NO_TEST "Hline_ID "Hline_ID" true true false 4 Long 0 0 ,First,#,in_memory\Stream Centerline Selection,Hline_ID,-1,-1;Name "Name" true true false 40 Text 0 0 ,First,#,in_memory\Stream Centerline Selection,Name,-1,-1;Engineering "Engineering" true true false 20 Text 0 0 ,First,#,in_memory\Stream Centerline Selection,Engineering,-1,-1;Hidden "Hidden" true true false 2 Short 0 0 ,First,#,in_memory\Stream Centerline Selection,Hidden,-1,-1;Shape_Length "Shape_Length" false true true 8 Double 0 0 ,First,#,in_memory\Stream Centerline Selection,Shape_length,-1,-1" #</Process><Process Name="Delete Rows" ToolSource="C:\Program Files\ArcGIS\Desktop10.0\ArcToolbox\Toolboxes\Data Management Tools.tbx\DeleteRows" Date="20120316" Time="155613">DeleteRows "\\tempest\shared\GIS\Tools\Data Download\Staging\HydrologyGDB\Hydrology.gdb\Stream_Centerline"</Process><Process Name="Stream Centerline Append" ToolSource="C:\Program Files (x86)\ArcGIS\Desktop10.0\ArcToolbox\Toolboxes\Data Management Tools.tbx\Append" Date="20120319" Time="140444">Append 'in_memory\Stream Centerline Selection' "\\tempest\shared\GIS\Tools\Data Download\Staging\HydrologyGDB\Hydrology.gdb\Stream_Centerline" NO_TEST "Hline_ID "Hline_ID" true true false 4 Long 0 0 ,First,#,in_memory\Stream Centerline Selection,Hline_ID,-1,-1;Name "Name" true true false 40 Text 0 0 ,First,#,in_memory\Stream Centerline Selection,Name,-1,-1;Engineering "Engineering" true true false 20 Text 0 0 ,First,#,in_memory\Stream Centerline Selection,Engineering,-1,-1;Hidden "Hidden" true true false 2 Short 0 0 ,First,#,in_memory\Stream Centerline Selection,Hidden,-1,-1;Shape_Length "Shape_Length" false true true 8 Double 0 0 ,First,#,in_memory\Stream Centerline Selection,Shape_length,-1,-1" #</Process><Process Name="Delete Rows" ToolSource="C:\Program Files (x86)\ArcGIS\Desktop10.0\ArcToolbox\Toolboxes\Data Management Tools.tbx\DeleteRows" Date="20120319" Time="142656">DeleteRows "\\tempest\shared\GIS\Tools\Data Download\Staging\HydrologyGDB\Hydrology.gdb\Stream_Centerline"</Process><Process Name="Stream Centerline Append" ToolSource="C:\Program Files (x86)\ArcGIS\Desktop10.0\ArcToolbox\Toolboxes\Data Management Tools.tbx\Append" Date="20120406" Time="110737">Append 'in_memory\Stream Centerline Selection' "\\tempest\shared\GIS\Tools\Data Download\Staging\HydrologyGDB\Hydrology.gdb\Stream_Centerline" NO_TEST "Hline_ID "Hline_ID" true true false 4 Long 0 0 ,First,#,in_memory\Stream Centerline Selection,Hline_ID,-1,-1;Name "Name" true true false 40 Text 0 0 ,First,#,in_memory\Stream Centerline Selection,Name,-1,-1;Engineering "Engineering" true true false 20 Text 0 0 ,First,#,in_memory\Stream Centerline Selection,Engineering,-1,-1;Hidden "Hidden" true true false 2 Short 0 0 ,First,#,in_memory\Stream Centerline Selection,Hidden,-1,-1;Shape_Length "Shape_Length" false true true 8 Double 0 0 ,First,#,in_memory\Stream Centerline Selection,Shape_length,-1,-1" #</Process><Process Name="Delete Rows" ToolSource="C:\Program Files (x86)\ArcGIS\Desktop10.0\ArcToolbox\Toolboxes\Data Management Tools.tbx\DeleteRows" Date="20120406" Time="111453">DeleteRows "\\tempest\shared\GIS\Tools\Data Download\Staging\HydrologyGDB\Hydrology.gdb\Stream_Centerline"</Process><Process Name="Stream Centerline Append" ToolSource="C:\Program Files (x86)\ArcGIS\Desktop10.0\ArcToolbox\Toolboxes\Data Management Tools.tbx\Append" Date="20120917" Time="101620">Append 'in_memory\Stream Centerline Selection' "\\tempest\shared\GIS\Data\Sharing\Data Download Portal\Staging\HydrologyGDB\Hydrology.gdb\Stream_Centerline" NO_TEST "Hline_ID "Hline_ID" true true false 4 Long 0 0 ,First,#,in_memory\Stream Centerline Selection,Hline_ID,-1,-1,in_memory\Stream Centerline Selection,Hline_ID,-1,-1;Name "Name" true true false 40 Text 0 0 ,First,#,in_memory\Stream Centerline Selection,Name,-1,-1,in_memory\Stream Centerline Selection,Name,-1,-1;Engineering "Engineering" true true false 20 Text 0 0 ,First,#,in_memory\Stream Centerline Selection,Engineering,-1,-1,in_memory\Stream Centerline Selection,Engineering,-1,-1;Hidden "Hidden" true true false 2 Short 0 0 ,First,#,in_memory\Stream Centerline Selection,Hidden,-1,-1,in_memory\Stream Centerline Selection,Hidden,-1,-1;Shape_Length "Shape_Length" false true true 8 Double 0 0 ,First,#,in_memory\Stream Centerline Selection,Shape_length,-1,-1" #</Process><Process Name="Stream Centerline Append" ToolSource="C:\Program Files (x86)\ArcGIS\Desktop10.0\ArcToolbox\Toolboxes\Data Management Tools.tbx\Append" Date="20120917" Time="102557">Append 'in_memory\Stream Centerline Selection' "\\tempest\shared\GIS\Data\Sharing\Data Download Portal\Staging\HydrologyGDB\Hydrology.gdb\Stream_Centerline" NO_TEST "Hline_ID "Hline_ID" true true false 4 Long 0 0 ,First,#,in_memory\Stream Centerline Selection,Hline_ID,-1,-1,in_memory\Stream Centerline Selection,Hline_ID,-1,-1;Name "Name" true true false 40 Text 0 0 ,First,#,in_memory\Stream Centerline Selection,Name,-1,-1,in_memory\Stream Centerline Selection,Name,-1,-1;Engineering "Engineering" true true false 20 Text 0 0 ,First,#,in_memory\Stream Centerline Selection,Engineering,-1,-1,in_memory\Stream Centerline Selection,Engineering,-1,-1;Hidden "Hidden" true true false 2 Short 0 0 ,First,#,in_memory\Stream Centerline Selection,Hidden,-1,-1,in_memory\Stream Centerline Selection,Hidden,-1,-1;Shape_Length "Shape_Length" false true true 8 Double 0 0 ,First,#,in_memory\Stream Centerline Selection,Shape_length,-1,-1" #</Process><Process Name="Delete Rows" ToolSource="C:\Program Files (x86)\ArcGIS\Desktop10.0\ArcToolbox\Toolboxes\Data Management Tools.tbx\DeleteRows" Date="20120917" Time="103709">DeleteRows "\\tempest\shared\GIS\Data\Sharing\Data Download Portal\Staging\HydrologyGDB\Hydrology.gdb\Stream_Centerline"</Process><Process Name="Stream Centerline Append" ToolSource="C:\Program Files (x86)\ArcGIS\Desktop10.0\ArcToolbox\Toolboxes\Data Management Tools.tbx\Append" Date="20121130" Time="134831">Append 'in_memory\Stream Centerline Selection' "\\tempest\shared\GIS\Data\Sharing\Data Download Portal\Staging\HydrologyGDB\Hydrology.gdb\Stream_Centerline" NO_TEST "Hline_ID "Hline_ID" true true false 4 Long 0 0 ,First,#,in_memory\Stream Centerline Selection,Hline_ID,-1,-1,in_memory\Stream Centerline Selection,Hline_ID,-1,-1;Name "Name" true true false 40 Text 0 0 ,First,#,in_memory\Stream Centerline Selection,Name,-1,-1,in_memory\Stream Centerline Selection,Name,-1,-1;Engineering "Engineering" true true false 20 Text 0 0 ,First,#,in_memory\Stream Centerline Selection,Engineering,-1,-1,in_memory\Stream Centerline Selection,Engineering,-1,-1;Hidden "Hidden" true true false 2 Short 0 0 ,First,#,in_memory\Stream Centerline Selection,Hidden,-1,-1,in_memory\Stream Centerline Selection,Hidden,-1,-1;Shape_Length "Shape_Length" false true true 8 Double 0 0 ,First,#,in_memory\Stream Centerline Selection,Shape_length,-1,-1" #</Process><Process Name="Stream Centerline Append" ToolSource="C:\Program Files (x86)\ArcGIS\Desktop10.0\ArcToolbox\Toolboxes\Data Management Tools.tbx\Append" Date="20121130" Time="140853">Append 'in_memory\Stream Centerline Selection' "\\tempest\shared\GIS\Data\Sharing\Data Download Portal\Staging\HydrologyGDB\Hydrology.gdb\Stream_Centerline" NO_TEST "Hline_ID "Hline_ID" true true false 4 Long 0 0 ,First,#,in_memory\Stream Centerline Selection,Hline_ID,-1,-1,in_memory\Stream Centerline Selection,Hline_ID,-1,-1;Name "Name" true true false 40 Text 0 0 ,First,#,in_memory\Stream Centerline Selection,Name,-1,-1,in_memory\Stream Centerline Selection,Name,-1,-1;Engineering "Engineering" true true false 20 Text 0 0 ,First,#,in_memory\Stream Centerline Selection,Engineering,-1,-1,in_memory\Stream Centerline Selection,Engineering,-1,-1;Hidden "Hidden" true true false 2 Short 0 0 ,First,#,in_memory\Stream Centerline Selection,Hidden,-1,-1,in_memory\Stream Centerline Selection,Hidden,-1,-1;Shape_Length "Shape_Length" false true true 8 Double 0 0 ,First,#,in_memory\Stream Centerline Selection,Shape_length,-1,-1" #</Process><Process Name="Delete Rows" ToolSource="C:\Program Files (x86)\ArcGIS\Desktop10.0\ArcToolbox\Toolboxes\Data Management Tools.tbx\DeleteRows" Date="20121130" Time="141647">DeleteRows "\\tempest\shared\GIS\Data\Sharing\Data Download Portal\Staging\HydrologyGDB\Hydrology.gdb\Stream_Centerline"</Process><Process Name="Stream Centerline Append" ToolSource="C:\Program Files (x86)\ArcGIS\Desktop10.0\ArcToolbox\Toolboxes\Data Management Tools.tbx\Append" Date="20130109" Time="094513">Append 'in_memory\Stream Centerline Selection' "\\tempest\shared\GIS\Data\Sharing\Data Download Portal\Staging\HydrologyGDB\Hydrology.gdb\Stream_Centerline" NO_TEST "Hline_ID "Hline_ID" true true false 4 Long 0 0 ,First,#,in_memory\Stream Centerline Selection,Hline_ID,-1,-1,in_memory\Stream Centerline Selection,Hline_ID,-1,-1;Name "Name" true true false 40 Text 0 0 ,First,#,in_memory\Stream Centerline Selection,Name,-1,-1,in_memory\Stream Centerline Selection,Name,-1,-1;Engineering "Engineering" true true false 20 Text 0 0 ,First,#,in_memory\Stream Centerline Selection,Engineering,-1,-1,in_memory\Stream Centerline Selection,Engineering,-1,-1;Hidden "Hidden" true true false 2 Short 0 0 ,First,#,in_memory\Stream Centerline Selection,Hidden,-1,-1,in_memory\Stream Centerline Selection,Hidden,-1,-1;Shape_Length "Shape_Length" false true true 8 Double 0 0 ,First,#,in_memory\Stream Centerline Selection,Shape_length,-1,-1" #</Process><Process Name="Delete Rows" ToolSource="C:\Program Files (x86)\ArcGIS\Desktop10.0\ArcToolbox\Toolboxes\Data Management Tools.tbx\DeleteRows" Date="20130109" Time="095037">DeleteRows "\\tempest\shared\GIS\Data\Sharing\Data Download Portal\Staging\HydrologyGDB\Hydrology.gdb\Stream_Centerline"</Process><Process Name="Stream Centerline Append" ToolSource="C:\Program Files (x86)\ArcGIS\Desktop10.0\ArcToolbox\Toolboxes\Data Management Tools.tbx\Append" Date="20130416" Time="120429">Append 'in_memory\Stream Centerline Selection' "\\tempest\shared\GIS\Data\Sharing\Data Download Portal\Staging\HydrologyGDB\Hydrology.gdb\Stream_Centerline" NO_TEST "Hline_ID "Hline_ID" true true false 4 Long 0 0 ,First,#,in_memory\Stream Centerline Selection,Hline_ID,-1,-1,in_memory\Stream Centerline Selection,Hline_ID,-1,-1;Name "Name" true true false 40 Text 0 0 ,First,#,in_memory\Stream Centerline Selection,Name,-1,-1,in_memory\Stream Centerline Selection,Name,-1,-1;Engineering "Engineering" true true false 20 Text 0 0 ,First,#,in_memory\Stream Centerline Selection,Engineering,-1,-1,in_memory\Stream Centerline Selection,Engineering,-1,-1;Hidden "Hidden" true true false 2 Short 0 0 ,First,#,in_memory\Stream Centerline Selection,Hidden,-1,-1,in_memory\Stream Centerline Selection,Hidden,-1,-1;Shape_Length "Shape_Length" false true true 8 Double 0 0 ,First,#,in_memory\Stream Centerline Selection,Shape_length,-1,-1" #</Process><Process Name="Delete Rows" ToolSource="C:\Program Files (x86)\ArcGIS\Desktop10.0\ArcToolbox\Toolboxes\Data Management Tools.tbx\DeleteRows" Date="20130416" Time="122312">DeleteRows "\\tempest\shared\GIS\Data\Sharing\Data Download Portal\Staging\HydrologyGDB\Hydrology.gdb\Stream_Centerline"</Process><Process Name="Stream Centerline Append" ToolSource="C:\Program Files (x86)\ArcGIS\Desktop10.0\ArcToolbox\Toolboxes\Data Management Tools.tbx\Append" Date="20130416" Time="134459">Append 'in_memory\Stream Centerline Selection' "\\tempest\shared\GIS\Data\Sharing\Data Download Portal\Staging\HydrologyGDB\Hydrology.gdb\Stream_Centerline" NO_TEST "Hline_ID "Hline_ID" true true false 4 Long 0 0 ,First,#,in_memory\Stream Centerline Selection,Hline_ID,-1,-1,in_memory\Stream Centerline Selection,Hline_ID,-1,-1;Name "Name" true true false 40 Text 0 0 ,First,#,in_memory\Stream Centerline Selection,Name,-1,-1,in_memory\Stream Centerline Selection,Name,-1,-1;Engineering "Engineering" true true false 20 Text 0 0 ,First,#,in_memory\Stream Centerline Selection,Engineering,-1,-1,in_memory\Stream Centerline Selection,Engineering,-1,-1;Hidden "Hidden" true true false 2 Short 0 0 ,First,#,in_memory\Stream Centerline Selection,Hidden,-1,-1,in_memory\Stream Centerline Selection,Hidden,-1,-1;Shape_Length "Shape_Length" false true true 8 Double 0 0 ,First,#,in_memory\Stream Centerline Selection,Shape_length,-1,-1" #</Process><Process Name="Delete Rows" ToolSource="C:\Program Files (x86)\ArcGIS\Desktop10.0\ArcToolbox\Toolboxes\Data Management Tools.tbx\DeleteRows" Date="20130416" Time="140320">DeleteRows "\\tempest\shared\GIS\Data\Sharing\Data Download Portal\Staging\HydrologyGDB\Hydrology.gdb\Stream_Centerline"</Process><Process Name="Stream Centerline Append" ToolSource="C:\Program Files (x86)\ArcGIS\Desktop10.0\ArcToolbox\Toolboxes\Data Management Tools.tbx\Append" Date="20130820" Time="170146">Append 'in_memory\Stream Centerline Selection' "\\tempest\shared\GIS\Data\Sharing\Data Download Portal\Staging\HydrologyGDB\Hydrology.gdb\Stream_Centerline" NO_TEST "Hline_ID "Hline_ID" true true false 4 Long 0 0 ,First,#,in_memory\Stream Centerline Selection,Hline_ID,-1,-1,in_memory\Stream Centerline Selection,Hline_ID,-1,-1;Name "Name" true true false 40 Text 0 0 ,First,#,in_memory\Stream Centerline Selection,Name,-1,-1,in_memory\Stream Centerline Selection,Name,-1,-1;Engineering "Engineering" true true false 20 Text 0 0 ,First,#,in_memory\Stream Centerline Selection,Engineering,-1,-1,in_memory\Stream Centerline Selection,Engineering,-1,-1;Hidden "Hidden" true true false 2 Short 0 0 ,First,#,in_memory\Stream Centerline Selection,Hidden,-1,-1,in_memory\Stream Centerline Selection,Hidden,-1,-1;Shape_Length "Shape_Length" false true true 8 Double 0 0 ,First,#,in_memory\Stream Centerline Selection,Shape_length,-1,-1" #</Process><Process Name="Delete Rows" ToolSource="C:\Program Files (x86)\ArcGIS\Desktop10.0\ArcToolbox\Toolboxes\Data Management Tools.tbx\DeleteRows" Date="20130820" Time="170727">DeleteRows "\\tempest\shared\GIS\Data\Sharing\Data Download Portal\Staging\HydrologyGDB\Hydrology.gdb\Stream_Centerline"</Process><Process Name="Stream Centerline Append" ToolSource="C:\Program Files (x86)\ArcGIS\Desktop10.0\ArcToolbox\Toolboxes\Data Management Tools.tbx\Append" Date="20140109" Time="090635">Append 'in_memory\Stream Centerline Selection' "\\tempest\shared\GIS\Data\Sharing\Data Download Portal\Staging\HydrologyGDB\Hydrology.gdb\Stream_Centerline" NO_TEST "Hline_ID "Hline_ID" true true false 4 Long 0 0 ,First,#,in_memory\Stream Centerline Selection,Hline_ID,-1,-1,in_memory\Stream Centerline Selection,Hline_ID,-1,-1;Name "Name" true true false 40 Text 0 0 ,First,#,in_memory\Stream Centerline Selection,Name,-1,-1,in_memory\Stream Centerline Selection,Name,-1,-1;Engineering "Engineering" true true false 20 Text 0 0 ,First,#,in_memory\Stream Centerline Selection,Engineering,-1,-1,in_memory\Stream Centerline Selection,Engineering,-1,-1;Hidden "Hidden" true true false 2 Short 0 0 ,First,#,in_memory\Stream Centerline Selection,Hidden,-1,-1,in_memory\Stream Centerline Selection,Hidden,-1,-1;Shape_Length "Shape_Length" false true true 8 Double 0 0 ,First,#,in_memory\Stream Centerline Selection,Shape_length,-1,-1" #</Process><Process ToolSource="C:\Program Files (x86)\ArcGIS\Desktop10.0\ArcToolbox\Toolboxes\Data Management Tools.tbx\CopyFeatures" Date="20140109" Time="091155">CopyFeatures "\\tempest\shared\GIS\Data\Sharing\Data Download Portal\Staging\HydrologyGDB\Hydrology.gdb\Stream_Centerline" "\\tempest\shared\GIS\Data\Sharing\Data Download Portal\Staging\HydrologySHP\Stream_Centerline.shp" # 0 0 0</Process></lineage><itemProps><itemName Sync="TRUE">Stream_Centerline</itemName><imsContentType Sync="TRUE">002</imsContentType><itemSize Sync="TRUE">0.000</itemSize><itemLocation><linkage Sync="TRUE">file://\\tempest\shared\GIS\Data\Sharing\Data Download Portal\Staging\HydrologySHP\Stream_Centerline.shp</linkage><protocol Sync="TRUE">Local Area Network</protocol></itemLocation></itemProps><coordRef><type Sync="TRUE">Projected</type><geogcsn Sync="TRUE">GCS_North_American_1983</geogcsn><csUnits Sync="TRUE">Linear Unit: Foot_US (0.304801)</csUnits><projcsn Sync="TRUE">NAD_1983_StatePlane_Virginia_South_FIPS_4502_Feet</projcsn><peXml Sync="TRUE">&lt;ProjectedCoordinateSystem xsi:type='typens:ProjectedCoordinateSystem' xmlns:xsi='http://www.w3.org/2001/XMLSchema-instance' xmlns:xs='http://www.w3.org/2001/XMLSchema' xmlns:typens='http://www.esri.com/schemas/ArcGIS/10.0'&gt;&lt;WKT&gt;PROJCS[&amp;quot;NAD_1983_StatePlane_Virginia_South_FIPS_4502_Feet&amp;quot;,GEOGCS[&amp;quot;GCS_North_American_1983&amp;quot;,DATUM[&amp;quot;D_North_American_1983&amp;quot;,SPHEROID[&amp;quot;GRS_1980&amp;quot;,6378137.0,298.257222101]],PRIMEM[&amp;quot;Greenwich&amp;quot;,0.0],UNIT[&amp;quot;Degree&amp;quot;,0.0174532925199433]],PROJECTION[&amp;quot;Lambert_Conformal_Conic&amp;quot;],PARAMETER[&amp;quot;False_Easting&amp;quot;,11482916.66666666],PARAMETER[&amp;quot;False_Northing&amp;quot;,3280833.333333333],PARAMETER[&amp;quot;Central_Meridian&amp;quot;,-78.5],PARAMETER[&amp;quot;Standard_Parallel_1&amp;quot;,36.76666666666667],PARAMETER[&amp;quot;Standard_Parallel_2&amp;quot;,37.96666666666667],PARAMETER[&amp;quot;Latitude_Of_Origin&amp;quot;,36.33333333333334],UNIT[&amp;quot;Foot_US&amp;quot;,0.3048006096012192],AUTHORITY[&amp;quot;EPSG&amp;quot;,2284]]&lt;/WKT&gt;&lt;XOrigin&gt;-111140600&lt;/XOrigin&gt;&lt;YOrigin&gt;-91532100&lt;/YOrigin&gt;&lt;XYScale&gt;36727036.750856541&lt;/XYScale&gt;&lt;ZOrigin&gt;-100000&lt;/ZOrigin&gt;&lt;ZScale&gt;10000&lt;/ZScale&gt;&lt;MOrigin&gt;-100000&lt;/MOrigin&gt;&lt;MScale&gt;10000&lt;/MScale&gt;&lt;XYTolerance&gt;0.0032808333333333335&lt;/XYTolerance&gt;&lt;ZTolerance&gt;0.001&lt;/ZTolerance&gt;&lt;MTolerance&gt;0.001&lt;/MTolerance&gt;&lt;HighPrecision&gt;true&lt;/HighPrecision&gt;&lt;WKID&gt;2284&lt;/WKID&gt;&lt;/ProjectedCoordinateSystem&gt;</peXml></coordRef></DataProperties><SyncDate>20140109</SyncDate><SyncTime>09115200</SyncTime><ModDate>20140109</ModDate><ModTime>09115200</ModTime><MetaID>{DD31A9E2-8AD6-4EB9-862C-40BA7778105D}</MetaID></Esri><idinfo><native Sync="TRUE">Microsoft Windows 2000 Version 5.2 (Build 3790) Service Pack 2; ESRI ArcCatalog 9.3.1.4000</native><descript><langdata Sync="TRUE">en</langdata><abstract>REQUIRED: A brief narrative summary of the data set.</abstract><purpose>REQUIRED: A summary of the intentions with which the data set was developed.</purpose></descript><citation><citeinfo><origin>REQUIRED: The name of an organization or individual that developed the data set.</origin><pubdate>REQUIRED: The date when the data set is published or otherwise made available for release.</pubdate><title Sync="TRUE">Stream_Centerline</title><ftname Sync="TRUE">Stream_Centerline</ftname><geoform Sync="TRUE">vector digital data</geoform><onlink Sync="TRUE">\\GIS-SCC1\C$\TEMP\GIS_DataDownload_Staging_Hydrology\GDB\Hydrology.gdb</onlink></citeinfo></citation><timeperd><current>REQUIRED: The basis on which the time period of content information is determined.</current><timeinfo><sngdate><caldate>REQUIRED: The year (and optionally month, or month and day) for which the data set corresponds to the ground.</caldate></sngdate></timeinfo></timeperd><status><progress>REQUIRED: The state of the data set.</progress><update>REQUIRED: The frequency with which changes and additions are made to the data set after the initial data set is completed.</update></status><spdom><bounding><westbc Sync="TRUE">-79.282378</westbc><eastbc Sync="TRUE">-79.081656</eastbc><northbc Sync="TRUE">37.505137</northbc><southbc Sync="TRUE">37.300758</southbc></bounding><lboundng><leftbc Sync="TRUE">11255968.022000</leftbc><rightbc Sync="TRUE">11313738.370000</rightbc><bottombc Sync="TRUE">3634000.000000</bottombc><topbc Sync="TRUE">3708000.000000</topbc></lboundng><minalti Sync="TRUE">30.480000</minalti><maxalti Sync="TRUE">1127.298700</maxalti></spdom><keywords><theme><themekt>REQUIRED: Reference to a formally registered thesaurus or a similar authoritative source of theme keywords.</themekt><themekey>REQUIRED: Common-use word or phrase used to describe the subject of the data set.</themekey></theme></keywords><accconst>REQUIRED: Restrictions and legal prerequisites for accessing the data set.</accconst><useconst>REQUIRED: Restrictions and legal prerequisites for using the data set after access is granted.</useconst><natvform Sync="TRUE">File Geodatabase Feature Class</natvform></idinfo><dataIdInfo><envirDesc Sync="TRUE">Microsoft Windows 7 Version 6.1 (Build 7601) Service Pack 1; ESRI ArcGIS 10.0.5.4400</envirDesc><dataLang><languageCode Sync="TRUE" value="eng"></languageCode><countryCode value="USA" Sync="TRUE"></countryCode></dataLang><idCitation><resTitle Sync="TRUE">Stream_Centerline</resTitle><presForm><PresFormCd Sync="TRUE" value="005"></PresFormCd></presForm></idCitation><spatRpType><SpatRepTypCd Sync="TRUE" value="001"></SpatRepTypCd></spatRpType><dataExt><geoEle><GeoBndBox esriExtentType="native"><westBL Sync="TRUE">11255968.022</westBL><eastBL Sync="TRUE">11313738.37</eastBL><northBL Sync="TRUE">3708000</northBL><southBL Sync="TRUE">3634000</southBL><exTypeCode Sync="TRUE">1</exTypeCode></GeoBndBox></geoEle><vertEle><vertMinVal Sync="TRUE">30.48</vertMinVal><vertMaxVal Sync="TRUE">1127.2987</vertMaxVal></vertEle></dataExt><geoBox esriExtentType="decdegrees"><westBL Sync="TRUE">-79.282378</westBL><eastBL Sync="TRUE">-79.081656</eastBL><northBL Sync="TRUE">37.505137</northBL><southBL Sync="TRUE">37.300758</southBL><exTypeCode Sync="TRUE">1</exTypeCode></geoBox></dataIdInfo><metainfo><langmeta Sync="TRUE">en</langmeta><metstdn Sync="TRUE">FGDC Content Standards for Digital Geospatial Metadata</metstdn><metstdv Sync="TRUE">FGDC-STD-001-1998</metstdv><mettc Sync="TRUE">local time</mettc><metc><cntinfo><cntorgp><cntper>REQUIRED: The person responsible for the metadata information.</cntper><cntorg>REQUIRED: The organization responsible for the metadata information.</cntorg></cntorgp><cntaddr><addrtype>REQUIRED: The mailing and/or physical address for the organization or individual.</addrtype><city>REQUIRED: The city of the address.</city><state>REQUIRED: The state or province of the address.</state><postal>REQUIRED: The ZIP or other postal code of the address.</postal></cntaddr><cntvoice>REQUIRED: The telephone number by which individuals can speak to the organization or individual.</cntvoice></cntinfo></metc><metd Sync="TRUE">20110523</metd></metainfo><mdLang><languageCode Sync="TRUE" value="eng"></languageCode><countryCode value="USA" Sync="TRUE"></countryCode></mdLang><mdStanName Sync="TRUE">ISO 19115 Geographic Information - Metadata</mdStanName><mdStanVer Sync="TRUE">DIS_ESRI1.0</mdStanVer><mdChar><CharSetCd Sync="TRUE" value="004"></CharSetCd></mdChar><mdHrLv><ScopeCd Sync="TRUE" value="005"></ScopeCd></mdHrLv><mdHrLvName Sync="TRUE">dataset</mdHrLvName><distinfo><resdesc Sync="TRUE">Downloadable Data</resdesc></distinfo><distInfo><distributor><distorTran><onLineSrc><orDesc Sync="TRUE">002</orDesc><linkage Sync="TRUE">file://\\GIS-SCC1\C$\TEMP\GIS_DataDownload_Staging_Hydrology\GDB\Hydrology.gdb</linkage><protocol Sync="TRUE">Local Area Network</protocol></onLineSrc></distorTran><distorFormat><formatName Sync="TRUE">File Geodatabase Feature Class</formatName></distorFormat></distributor><distFormat><formatName Sync="TRUE">Shapefile</formatName></distFormat><distTranOps><transSize Sync="TRUE">0.000</transSize></distTranOps></distInfo><spdoinfo><direct Sync="TRUE">Vector</direct><ptvctinf><esriterm><efeatyp Sync="TRUE">Simple</efeatyp><efeageom code="3" Sync="TRUE"></efeageom><esritopo Sync="TRUE">FALSE</esritopo><efeacnt Sync="TRUE">0</efeacnt><spindex Sync="TRUE">FALSE</spindex><linrefer Sync="TRUE">TRUE</linrefer></esriterm></ptvctinf></spdoinfo><spref><horizsys><cordsysn><geogcsn Sync="TRUE">GCS_North_American_1983</geogcsn><projcsn Sync="TRUE">NAD_1983_StatePlane_Virginia_South_FIPS_4502_Feet</projcsn></cordsysn><planar><planci><plance Sync="TRUE">coordinate pair</plance><plandu Sync="TRUE">survey feet</plandu><coordrep><absres Sync="TRUE">0.000500</absres><ordres Sync="TRUE">0.000500</ordres></coordrep></planci></planar><geodetic><horizdn Sync="TRUE">North American Datum of 1983</horizdn><ellips Sync="TRUE">Geodetic Reference System 80</ellips><semiaxis Sync="TRUE">6378137.000000</semiaxis><denflat Sync="TRUE">298.257222</denflat></geodetic></horizsys><vertdef><altsys><altenc Sync="TRUE">Explicit elevation coordinate included with horizontal coordinates</altenc><altres Sync="TRUE">0.000100</altres></altsys></vertdef></spref><refSysInfo><RefSystem><refSysID><identCode Sync="TRUE" value="2284">NAD_1983_StatePlane_Virginia_South_FIPS_4502_Feet</identCode><idCodeSpace Sync="TRUE">EPSG</idCodeSpace><idVersion Sync="TRUE">7.4.1</idVersion></refSysID></RefSystem></refSysInfo><spatRepInfo><VectSpatRep><geometObjs Name="Stream_Centerline"><geoObjTyp><GeoObjTypCd value="002" Sync="TRUE"></GeoObjTypCd></geoObjTyp><geoObjCnt Sync="TRUE">0</geoObjCnt></geometObjs><topLvl><TopoLevCd value="001" Sync="TRUE"></TopoLevCd></topLvl></VectSpatRep></spatRepInfo><eainfo><detailed Name="Stream_Centerline"><enttyp><enttypl Sync="TRUE">Stream_Centerline</enttypl><enttypt Sync="TRUE">Feature Class</enttypt><enttypc Sync="TRUE">0</enttypc></enttyp><attr><attrlabl Sync="TRUE">Shape</attrlabl><attalias Sync="TRUE">Shape</attalias><attrtype Sync="TRUE">Geometry</attrtype><attwidth Sync="TRUE">0</attwidth><atprecis Sync="TRUE">0</atprecis><attscale Sync="TRUE">0</attscale><attrdef Sync="TRUE">Feature geometry.</attrdef><attrdefs Sync="TRUE">ESRI</attrdefs><attrdomv><udom Sync="TRUE">Coordinates defining the features.</udom></attrdomv></attr><attr><attrlabl Sync="TRUE">Hline_ID</attrlabl><attalias Sync="TRUE">Hline_ID</attalias><attrtype Sync="TRUE">Integer</attrtype><attwidth Sync="TRUE">9</attwidth><atprecis Sync="TRUE">9</atprecis><attscale Sync="TRUE">0</attscale></attr><attr><attrlabl Sync="TRUE">Name</attrlabl><attalias Sync="TRUE">Name</attalias><attrtype Sync="TRUE">String</attrtype><attwidth Sync="TRUE">40</attwidth><atprecis Sync="TRUE">0</atprecis><attscale Sync="TRUE">0</attscale></attr><attr><attrlabl Sync="TRUE">FID</attrlabl><attalias Sync="TRUE">FID</attalias><attrtype Sync="TRUE">OID</attrtype><attwidth Sync="TRUE">4</attwidth><atprecis Sync="TRUE">0</atprecis><attscale Sync="TRUE">0</attscale><attrdef Sync="TRUE">Internal feature number.</attrdef><attrdefs Sync="TRUE">ESRI</attrdefs><attrdomv><udom Sync="TRUE">Sequential unique whole numbers that are automatically generated.</udom></attrdomv></attr><attr><attrlabl Sync="TRUE">Hidden</attrlabl><attalias Sync="TRUE">Hidden</attalias><attrtype Sync="TRUE">SmallInteger</attrtype><attwidth Sync="TRUE">4</attwidth><atprecis Sync="TRUE">4</atprecis><attscale Sync="TRUE">0</attscale></attr><subtype><stname Sync="TRUE">Other</stname><stcode Sync="TRUE">0</stcode><stfield><stfldnm Sync="TRUE">Subtype</stfldnm><stflddv Sync="TRUE">0</stflddv></stfield><stfield><stfldnm Sync="TRUE">Hidden</stfldnm><stflddv Sync="TRUE">0</stflddv><stflddd><domname Sync="TRUE">dHydroHiddenStatus</domname><domdesc Sync="TRUE">Visability Status of Hydrography Features.</domdesc><domtype Sync="TRUE">Coded Value</domtype><mrgtype Sync="TRUE">Default value</mrgtype><splttype Sync="TRUE">Duplicate</splttype><domowner Sync="TRUE">DBO</domowner><domfldtp Sync="TRUE">SmallInteger</domfldtp></stflddd></stfield><stfield><stfldnm Sync="TRUE">Enabled</stfldnm><stflddv Sync="TRUE">1</stflddv><stflddd><domname Sync="TRUE">EnabledDomain</domname><domdesc Sync="TRUE"></domdesc><domtype Sync="TRUE">Coded Value</domtype><mrgtype Sync="TRUE">Default value</mrgtype><splttype Sync="TRUE">Duplicate</splttype><domowner Sync="TRUE">DBO</domowner><domfldtp Sync="TRUE">SmallInteger</domfldtp></stflddd></stfield></subtype><subtype><stname Sync="TRUE">Stream</stname><stcode Sync="TRUE">1</stcode><stfield><stfldnm Sync="TRUE">Subtype</stfldnm><stflddv Sync="TRUE">0</stflddv></stfield><stfield><stfldnm Sync="TRUE">Hidden</stfldnm><stflddv Sync="TRUE">0</stflddv><stflddd><domname Sync="TRUE">dHydroHiddenStatus</domname><domdesc Sync="TRUE">Visability Status of Hydrography Features.</domdesc><domtype Sync="TRUE">Coded Value</domtype><mrgtype Sync="TRUE">Default value</mrgtype><splttype Sync="TRUE">Duplicate</splttype><domowner Sync="TRUE">DBO</domowner><domfldtp Sync="TRUE">SmallInteger</domfldtp></stflddd></stfield><stfield><stfldnm Sync="TRUE">Enabled</stfldnm><stflddv Sync="TRUE">1</stflddv><stflddd><domname Sync="TRUE">EnabledDomain</domname><domdesc Sync="TRUE"></domdesc><domtype Sync="TRUE">Coded Value</domtype><mrgtype Sync="TRUE">Default value</mrgtype><splttype Sync="TRUE">Duplicate</splttype><domowner Sync="TRUE">DBO</domowner><domfldtp Sync="TRUE">SmallInteger</domfldtp></stflddd></stfield></subtype><attr><attrlabl Sync="TRUE">Engineerin</attrlabl><attalias Sync="TRUE">Engineerin</attalias><attrtype Sync="TRUE">String</attrtype><attwidth Sync="TRUE">20</attwidth><atprecis Sync="TRUE">0</atprecis><attscale Sync="TRUE">0</attscale></attr><subtype><stname Sync="TRUE">River</stname><stcode Sync="TRUE">2</stcode><stfield><stfldnm Sync="TRUE">Subtype</stfldnm><stflddv Sync="TRUE">0</stflddv></stfield><stfield><stfldnm Sync="TRUE">Hidden</stfldnm><stflddv Sync="TRUE">0</stflddv><stflddd><domname Sync="TRUE">dHydroHiddenStatus</domname><domdesc Sync="TRUE">Visability Status of Hydrography Features.</domdesc><domtype Sync="TRUE">Coded Value</domtype><mrgtype Sync="TRUE">Default value</mrgtype><splttype Sync="TRUE">Duplicate</splttype><domowner Sync="TRUE">DBO</domowner><domfldtp Sync="TRUE">SmallInteger</domfldtp></stflddd></stfield><stfield><stfldnm Sync="TRUE">Enabled</stfldnm><stflddv Sync="TRUE">1</stflddv><stflddd><domname Sync="TRUE">EnabledDomain</domname><domdesc Sync="TRUE"></domdesc><domtype Sync="TRUE">Coded Value</domtype><mrgtype Sync="TRUE">Default value</mrgtype><splttype Sync="TRUE">Duplicate</splttype><domowner Sync="TRUE">DBO</domowner><domfldtp Sync="TRUE">SmallInteger</domfldtp></stflddd></stfield></subtype><attr><attrlabl Sync="TRUE">Shape_Leng</attrlabl><attalias Sync="TRUE">Shape_Leng</attalias><attrtype Sync="TRUE">Double</attrtype><attwidth Sync="TRUE">19</attwidth><atprecis Sync="TRUE">0</atprecis><attscale Sync="TRUE">0</attscale></attr></detailed></eainfo><mdDateSt Sync="TRUE">20140109</mdDateSt><dataqual><lineage><procstep><procdesc Sync="TRUE">Dataset copied.</procdesc><srcused Sync="TRUE">\\Wiggum\clients\Lynchburg\HydroImp\Delivery\DraftCorrections\Reproject\HydrologyFinal.mdb</srcused><procdate Sync="TRUE">20091103</procdate><proctime Sync="TRUE">10485000</proctime></procstep><procstep><procdesc Sync="TRUE">Dataset copied.</procdesc><srcused Sync="TRUE">\\Wiggum\clients\Lynchburg\HydroImp\Delivery\DraftCorrections\HydroDev.mdb</srcused><procdate Sync="TRUE">20091103</procdate><proctime Sync="TRUE">10505400</proctime></procstep><procstep><procdesc Sync="TRUE">Dataset copied.</procdesc><srcused Sync="TRUE">\\Wiggum\clients\Lynchburg\HydroImp\Delivery\DraftCorrections\Reproject\HydrologyFinal.mdb</srcused><procdate Sync="TRUE">20091103</procdate><proctime Sync="TRUE">10545500</proctime></procstep></lineage></dataqual></metadata>
