<?xml version="1.0" encoding="ISO-8859-1"?>
<metadata>
<NPS_Info>
<MetaPurp>CSDGM</MetaPurp>
<MetaPurp>NPS</MetaPurp>
<MetaPurp>OnlineData</MetaPurp>
<MetaPurp>IMInventory</MetaPurp>
<NPS_Unit>
<UnitType>Park</UnitType>
<UnitCode>PRWI</UnitCode>
</NPS_Unit>
<NPS_Unit>
<UnitType>Office</UnitType>
<UnitCode>GRD</UnitCode>
</NPS_Unit>
<DSC_Info>
<Cat_Date>
<sngdate>
<caldate>20100719</caldate>
</sngdate>
</Cat_Date>
</DSC_Info>
<DatStore>
<DSteward>
<cntinfo>
<cntperp>
<cntper>Stephanie O&apos;Meara</cntper>
<cntorg>Colorado State University</cntorg>
</cntperp>
<cntpos>Research Associate, Geologist/GIS Specialist/Data Manager</cntpos>
<cntaddr>
<addrtype>mailing and physical address</addrtype>
<address>1201 Oak Ridge Drive, Suite 200</address>
<city>Fort Collins</city>
<state>Colorado</state>
<postal>80525</postal>
<country>USA</country>
</cntaddr>
<cntvoice>(970) 491-6655</cntvoice>
<cntfax>(970) 225-3597</cntfax>
<cntemail>stephanie_omeara@colostate.edu</cntemail>
<hours>9:00 a.m. to 5:00 p.m. (MST), Monday - Friday</hours>
</cntinfo>
</DSteward>
<Category>Geology</Category>
<DataSite>NR-GIS</DataSite>
</DatStore>
</NPS_Info>
<idinfo>
<citation>
<citeinfo>
<origin>National Park Service (NPS) Geologic Resources Inventory (GRI) program</origin>
<pubdate>20100719</pubdate>
<title>Digital Geologic Map of Prince William Forest Park and Vicinity, Virginia (NPS, GRD, GRI, PRWI, PRWI digital map)</title>
<edition>1st</edition>
<geoform>map</geoform>
<onlink>http://nrdata.nps.gov/prwi/nrdata/geology/gis/prwigdb.zip</onlink>
<onlink>http://nrdata.nps.gov/prwi/nrdata/geology/gis/prwishp.zip</onlink>
</citeinfo>
</citation>
<descript>
<abstract>The Digital Geologic Map of Prince William Forest Park and Vicinity, Virginia is composed of GIS data layers complete with ArcMap 9.3 layer (.LYR) files, two ancillary GIS tables, a Map PDF document with ancillary map text, figures and tables, a FGDC metadata record and a 9.3 ArcMap (.MXD) Document that displays the digital map in 9.3 ArcGIS.  The data were completed as a component of the Geologic Resources Inventory (GRI) program, a National Park Service (NPS) Inventory and Monitoring (I&amp;M) funded program that is administered by the NPS Geologic Resources Division (GRD).  Source geologic maps and data used to complete this GRI digital dataset were provided by the following: U.S. Geological Survey.  Detailed information concerning the sources used and their contribution the GRI product are listed in the Source Citation sections(s) of this metadata record (prwi_metadata.txt; available at http://nrdata.nps.gov/prwi/nrdata/geology/gis/prwi_metadata.xml).  All GIS and ancillary tables were produced as per the NPS GRI Geology-GIS Geodatabase Data Model v. 2.1. (available at: http://science.nature.nps.gov/im/inventory/geology/GeologyGISDataModel.cfm).  The GIS data is available as a 9.3 personal geodatabase (prwi_geology.mdb), and as shapefile (.SHP) and DBASEIV (.DBF) table files.  The GIS data projection is NAD83, UTM Zone 18N.  The data is within the area of interest of Prince William Forest Park.</abstract>
<purpose>The data are intended to assist NPS personnel in the protection and management of Prince William Forest Park.</purpose>
<supplinf>The data layers (feature classes) that comprise the Digital Geologic Map of Prince William Forest Park and Vicinity, Virginia include: PRWIGLG (Geologic Units), PRWIGLGA (Geologic Contacts), PRWISUR (Surficial Units), PRWISURA (Surficial Contacts), PRWIFLT (Faults) and PRWISEC (Geologic Cross Section Lines).  There are three additional ancillary map components, the Geologic Unit Information (NCAPUNIT) Table, the Source Map Information (NCAPMAP) Table and the Map PDF Document (ncap_geology.pdf).  Refer to the NPS GRI Geology-GIS Geodatabase Data Model v. 2.1 (available at: http://science.nature.nps.gov/im/inventory/geology/GeologyGISDataModel.cfm) for detailed data layer (feature class) and table specifications including attribute field parameters, definitions and domains, and implemented topology rules and relationship classes.</supplinf>
</descript>
<timeperd>
<timeinfo>
<sngdate>
<caldate>20100719</caldate>
</sngdate>
</timeinfo>
<current>ground condition</current>
</timeperd>
<status>
<progress>Complete</progress>
<update>None planned</update>
</status>
<spdom>
<bounding>
<westbc>-77.4396246148693</westbc>
<eastbc>-77.3297709343736</eastbc>
<northbc>38.6348699697842</northbc>
<southbc>38.5443034160752</southbc>
</bounding>
</spdom>
<keywords>
<theme>
<themekt>none</themekt>
<themekey>Prince William Forest Park</themekey>
<themekey>PRWI</themekey>
<themekey>Virginia</themekey>
<themekey>digital data</themekey>
<themekey>GIS data</themekey>
<themekey>geodatabase</themekey>
<themekey>personal geodatabase</themekey>
<themekey>shapefile</themekey>
<themekey>DBASE IV tables</themekey>
<themekey>geology</themekey>
<themekey>digital geologic map</themekey>
<themekey>digital geologic-GIS map</themekey>
<themekey>geologic map</themekey>
<themekey>geologic-GIS map</themekey>
<themekey>Geology Help Map Document</themekey>
<themekey>geologic unit descriptions</themekey>
<themekey>geologic units</themekey>
<themekey>Geologic Unit Information Table</themekey>
<themekey>UNIT table</themekey>
<themekey>Source Map Information Table</themekey>
<themekey>MAP table</themekey>
<themekey>source geologic maps</themekey>
<themekey>source maps</themekey>
<themekey>PRWIGLG (Geologic Units)</themekey>
<themekey>PRWIGLGA (Geologic Contacts)</themekey>
<themekey>PRWISUR (Surficial Units)</themekey>
<themekey>PRWISURA (Surficial Contacts)</themekey>
<themekey>PRWIFLT (Faults)</themekey>
<themekey>PRWISEC (Geologic Cross Section Lines)</themekey>
<themekey>National Park Service</themekey>
<themekey>NPS</themekey>
<themekey>Geologic Resources Division</themekey>
<themekey>GRD</themekey>
<themekey>Geologic Resources Inventory</themekey>
<themekey>GRI</themekey>
<themekey>Geologic Resource Evaluation</themekey>
<themekey>GRE</themekey>
</theme>
<place>
<placekt>none</placekt>
<placekey>Prince William Forest Park</placekey>
<placekey>PRWI</placekey>
<placekey>Virginia</placekey>
<placekey>United States</placekey>
<placekey>US</placekey>
<placekey>USA</placekey>
<placekey>North America</placekey>
</place>
<place>
<placekt>National Park System Unit Code Thesaurus</placekt>
<placekey>PRWI</placekey>
<placekey>GRD</placekey>
</place>
<place>
<placekt>National Park System Unit Name Thesaurus</placekt>
<placekey>Prince William Forest Park</placekey>
<placekey>Geologic Resources Division</placekey>
</place>
<theme>
<themekt>National Park Service Theme Category Thesaurus</themekt>
<themekey>Geology</themekey>
</theme>
<theme>
<themekt>ISO 19115 Topic Category</themekt>
<themekey>Environment</themekey>
<themekey>Geoscientific Information</themekey>
</theme>
</keywords>
<accconst>None</accconst>
<useconst>Not for use at scale greater than 1:24,000 (source map scale)</useconst>
<ptcontac>
<cntinfo>
<cntperp>
<cntper>Stephanie O&apos;Meara</cntper>
<cntorg>Colorado State University</cntorg>
</cntperp>
<cntpos>Research Associate, Geologist/GIS Specialist</cntpos>
<cntaddr>
<addrtype>mailing and physical address</addrtype>
<address>1201 Oak Ridge Drive, Suite 200</address>
<city>Fort Collins</city>
<state>Colorado</state>
<postal>80525</postal>
<country>USA</country>
</cntaddr>
<cntvoice>(970) 491-6655</cntvoice>
<cntfax>(970) 225-3597</cntfax>
<cntemail>stephanie_omeara@colostate.edu</cntemail>
<hours>9:00 a.m. to 5:00 p.m. (MST), Monday - Friday</hours>
</cntinfo>
</ptcontac>
<datacred>Stephanie O&apos;Meara (Colorado State University)</datacred>
<native>ESRI ArcGIS 9.3 and Microsoft Windows XP</native>
<crossref>
<citeinfo>
<origin>National Park Service Geologic Resources Inventory (GRI) program</origin>
<pubdate>20100719</pubdate>
<title>Metadata for the Digital Geologic Map of Prince William Forest Park and Vicinity, Virginia (NPS, GRD, GRI, PRWI, PRWI digital map)</title>
<edition>1st</edition>
<geoform>document</geoform>
<onlink>http://nrdata.nps.gov/prwi/nrdata/geology/gis/prwi_metadata.xml</onlink>
</citeinfo>
</crossref>
</idinfo>
<dataqual>
<attracc>
<attraccr>Feature and table attribution was derived and checked with the source map(s).  Attribution was checked (QCd) for errors.  Users of this data are advised to FULLY and CAREFULLY READ the &quot;DISTRIBUTION LIABILITY&quot; section of this metadata before using the data.</attraccr>
</attracc>
<logic>GIS data in 9.3 personal geodatabase (.MDB), and shapefile (.SHP) and DBASEIV (.DBF) table file formats.</logic>
<complete>All data is considered complete to the extent of the source map(s).</complete>
<posacc>
<horizpa>
<horizpar>Data, produced from digital source data, is assumed to meet National Map Accuracy Standards.  The PRECISION of any Shapefile (.SHP) files is DOUBLE.</horizpar>
</horizpa>
</posacc>
<lineage>
<srcinfo>
<srccite>
<citeinfo>
<origin>Southworth, Scott and Denenny, Danielle</origin>
<pubdate>2006</pubdate>
<title>Geologic Map of the National Parks in the National Capital region, D.C., Virginia, Maryland, and West Virginia [Prince William Forest Park]</title>
<edition>1st</edition>
<geoform>map</geoform>
<serinfo>
<sername>Open-File Report Series</sername>
<issue>OF-2005-1331</issue>
</serinfo>
<pubinfo>
<pubplace>Reston, Virginia</pubplace>
<publish>U.S. Geological Survey (USGS)</publish>
</pubinfo>
</citeinfo>
</srccite>
<srcscale>24000</srcscale>
<typesrc>digital data</typesrc>
<srctime>
<timeinfo>
<sngdate>
<caldate>2006</caldate>
</sngdate>
</timeinfo>
<srccurr>publication date</srccurr>
</srctime>
<srccitea>USGS OF-2005-1331</srccitea>
<srccontr>Features and attribution were derived from source digital data.  Ancillary map text, including unit descriptions, and graphics, if present on the source map, were captured, formatted and added to the map-related pdf document.  See the Process Step section for additional information.</srccontr>
</srcinfo>
<procstep>
<procdesc>1.) GIS features were produced from source digital data.  See the Source Information Contribution section(s) for specific source map details.  GIS features were imported into a geodatabase as per the GRI data model.  Topology rules were then imposed and validated, as per the GRI data model, to check for and correct topology errors.  Quality control (QC) consisting of a visual check and/or queries of the data against its source (where applicable), as well as running a GRI developed script (QC_Script) to check for GRI data model validation and feature-related consistency, was conducted.  2.) GIS table attribution was derived and checked using the source digital data file(s).  Relationship classes were also used to ensure attribution consistency between feature class and table attribution.  For details on the GRI data model see the NPS GRI Geology-GIS Geodatabase Data Model v. 1.3.1 (available at: http://science.nature.nps.gov/im/inventory/geology/GeologyGISDataModel.cfm).  3.) GIS feature classes were then exported from the geodatabase to shapefile (.SHP) format, and GIS tables exported from the geodatabase to DBASEIV (.DBF) format.  4.) The map-related pdf document, see the Supplemental Information section for additional information, was produced from textual information and figures present on the source map(s) and/or in digital data files.  If applicable, source map images were produced at 150dpi or greater resolution and optical character recognition (OCR) software was used to produce text from source map text.  The text, source map images and other ancillary source map information were added to a Help &amp; Manual (.HMX) template file.  The Help &amp; Manual (.HMX) file was then compiled to produce the .PDF map document.  Any compilation errors were then checked and corrected and the document was reviewed for content, usability and grammatical errors.</procdesc>
<srcused>USGS OF-2005-1331</srcused>
<procdate>20060922</procdate>
<proccont>
<cntinfo>
<cntperp>
<cntper>Stephanie O&apos;Meara</cntper>
<cntorg>Colorado State University</cntorg>
</cntperp>
<cntpos>Research Associate, Geologist/GIS Specialist/Data Manager</cntpos>
<cntaddr>
<addrtype>mailing address</addrtype>
<address>1201 Oak Ridge Drive, Suite 200</address>
<city>Fort Collins</city>
<state>Colorado</state>
<postal>80525-5589</postal>
<country>USA</country>
</cntaddr>
<cntvoice>(970) 491-6655</cntvoice>
<cntfax>(970) 225-3597</cntfax>
<cntemail>stephanie.omeara@colostate.edu</cntemail>
<hours>9:00 a.m. to 5:00 p.m. (MST), Monday - Friday</hours>
</cntinfo>
</proccont>
</procstep>
<procstep>
<procdesc>1.) GIS data in 9.1 geodatabase format in the NPS GRI Geology-GIS Geodatabase Data Model v. 1.3.1 was migrated to a 9.3 personal geodatabase consisting of &quot;empty&quot; NPS GRI Geology-GIS Geodatabase Data Model v. 2.1 schema. 2.) Data model topology was then added and validated, and any topological errors corrected.  If applicable, additional attribute fields were populated from already existing attribution or by using the source map. 3.) GIS feature classes were then exported from the geodatabase to shapefile (.SHP) format, and GIS tables exported from the geodatabase to DBASEIV (.DBF) format.  4.) The map-related PDF document was produced from textual information and figures present on the source maps.  This information was initially captured in a GRI formatted Windows Help (.HLP) file.  This file was imported into a template Help &amp; Manual (.HMX) file and reformatted and edited, then compiled to produce the .PDF map document.  Additional information, if available from existing or new source maps, was then added.  Any compilation errors were then checked and corrected and the document was reviewed for content, usability and grammatical errors.</procdesc>
<srcused>GRI geodatabase data, and Windows Help (.HLP) file.</srcused>
<procdate>20100715</procdate>
<proccont>
<cntinfo>
<cntperp>
<cntper>Stephanie O&apos;Meara</cntper>
<cntorg>Colorado State University</cntorg>
</cntperp>
<cntpos>Research Associate, Geologist/GIS Specialist</cntpos>
<cntaddr>
<addrtype>mailing address</addrtype>
<address>1201 Oak Ridge Drive, Suite 200</address>
<city>Fort Collins</city>
<state>Colorado</state>
<postal>80525-5589</postal>
<country>USA</country>
</cntaddr>
<cntvoice>(970) 491-6655</cntvoice>
<cntfax>(970) 225-3597</cntfax>
<cntemail>stephanie.omeara@colostate.edu</cntemail>
<hours>9:00 a.m. to 5:00 p.m. (MST), Monday - Friday</hours>
</cntinfo>
</proccont>
</procstep>
</lineage>
</dataqual>
<spref>
<horizsys>
<cordsysn>
<geogcsn>GCS_North_American_1983</geogcsn>
<projcsn>NAD_1983_UTM_Zone_18N</projcsn>
</cordsysn>
<planar>
<gridsys>
<gridsysn>Universal Transverse Mercator</gridsysn>
<utm>
<utmzone>18</utmzone>
<transmer>
<sfctrmer>0.999600</sfctrmer>
<longcm>-75.0</longcm>
<latprjo>0.000000</latprjo>
<feast>500000.000000</feast>
<fnorth>0.000000</fnorth>
</transmer>
</utm>
</gridsys>
<planci>
<plance>coordinate pair</plance>
<plandu>meters</plandu>
<coordrep>
<absres>0.000007</absres>
<ordres>0.000007</ordres>
</coordrep>
</planci>
</planar>
<geodetic>
<horizdn>North American Datum of 1983</horizdn>
<ellips>Geodetic Reference System 80</ellips>
<semiaxis>6378137.000000</semiaxis>
<denflat>298.257222</denflat>
</geodetic>
</horizsys>
</spref>
<eainfo>
<overview>
<eaover>Refer to the NPS GRI Geology-GIS Geodatabase Data Model v. 2.1 (available at: http://science.nature.nps.gov/im/inventory/geology/GeologyGISDataModel.cfm) for detailed feature class and table attribute field parameters, definitions and domains, and implemented relationship classes, as well as for implemented feature class topology rules.</eaover>
<eadetcit>NPS GRI Geology-GIS Geodatabase Data Model v. 2.1. (available at: http://science.nature.nps.gov/im/inventory/geology/GeologyGISDataModel.cfm)</eadetcit>
</overview>
</eainfo>
<distinfo>
<distrib>
<cntinfo>
<cntperp>
<cntper>Stephanie O&apos;Meara</cntper>
<cntorg>Colorado State University</cntorg>
</cntperp>
<cntpos>Research Associate, Geologist/GIS Specialist/Data Manager</cntpos>
<cntaddr>
<addrtype>mailing and physical address</addrtype>
<address>1201 Oak Ridge Drive, Suite 200</address>
<city>Fort Collins</city>
<state>Colorado</state>
<postal>80525</postal>
<country>USA</country>
</cntaddr>
<cntvoice>(970) 491-6655</cntvoice>
<cntfax>(970) 225-3597</cntfax>
<cntemail>stephanie_omeara@colostate.edu</cntemail>
<hours>8:00 a.m. to 4:00 p.m. (MST), Monday - Friday</hours>
<cntinst>GRI data are available at the NPS Data Store: http://science.nature.nps.gov/nrdata</cntinst>
</cntinfo>
</distrib>
<resdesc>GIS map data available in PRWIGDB.ZIP (9.3 personal geodatabase (.MDB) file) or PRWISHP.ZIP (shapefile (.SHP) and DBASEIV (.DBF) table files)</resdesc>
<distliab>
The National Park Service shall not be held liable for improper or incorrect use of the data described and/or contained herein.  These data and related graphics are not legal documents and are not intended to be used as such.

The information contained in these data is dynamic and may change over time.  The data are not better than the original sources from which they were derived.  It is the responsibility of the data user to use the data appropriately and consistent within the limitations of geospatial data in general and these data in particular.  The related graphics are intended to aid the data user in acquiring relevant data; it is not appropriate to use the related graphics as data.

The National Park Service gives no warranty, expressed or implied, as to the accuracy, reliability, or completeness of these data.  It is strongly recommended that these data are directly acquired from an NPS server and not indirectly through other sources which may have changed the data in some way.  Although these data have been processed successfully on a computer system at the National Park Service, no warranty, expressed or implied is made regarding the utility of the data on another system or for general scientific purposes, nor shall the act of distribution constitute any such warranty.  This disclaimer applies to both to individual use of the data and aggregate use with other data.
</distliab>
<stdorder>
<digform>
<digtinfo>
<formname>GDB</formname>
<formvern>ArcGIS 9.3</formvern>
<formspec>Personal Geodatabase (.MDB) file</formspec>
<filedec>Compression applied</filedec>
<transize>8.0</transize>
</digtinfo>
<digtopt>
<onlinopt>
<computer>
<networka>
<networkr>http://nrdata.nps.gov/prwi/nrdata/geology/gis/prwigdb.zip</networkr>
</networka>
</computer>
<accinstr>Download the digital geologic-GIS map metadata (prwi_metadata.xml) or the .ZIP download file (PRWIGDB.ZIP) with the personal geodatabase (.MDB) file (prwi_geology.mdb).</accinstr>
</onlinopt>
</digtopt>
</digform>
<digform>
<digtinfo>
<formname>SHP</formname>
<formvern>ArcGIS 9.3</formvern>
<formspec>Shapefile (.SHP) and DBASEIV (.DBF) table files</formspec>
<filedec>Compression applied</filedec>
<transize>7.9</transize>
</digtinfo>
<digtopt>
<onlinopt>
<computer>
<networka>
<networkr>http://nrdata.nps.gov/prwi/nrdata/geology/gis/prwishp.zip</networkr>
</networka>
</computer>
<accinstr>Download the digital geologic-GIS map metadata (prwi_metadata.xml) or the .ZIP download file (PRWISHP.ZIP) with Shapefile (.SHP) and DBASEIV (.DBF) data.</accinstr>
</onlinopt>
</digtopt>
</digform>
<fees>None</fees>
<ordering>Search and download GRI data at: http://science.nature.nps.gov/nrdata</ordering>
</stdorder>
<availabl>
<timeinfo>
<sngdate>
<caldate>20100719</caldate>
</sngdate>
</timeinfo>
</availabl>
</distinfo>
<metainfo>
<metd>20100719</metd>
<metc>
<cntinfo>
<cntperp>
<cntper>Stephanie O&apos;Meara</cntper>
<cntorg>Colorado State University</cntorg>
</cntperp>
<cntpos>Research Associate, Geologist/GIS Specialist/Data Manager</cntpos>
<cntaddr>
<addrtype>mailing and physical address</addrtype>
<address>1201 Oak Ridge Drive, Suite 200</address>
<city>Fort Collins</city>
<state>Colorado</state>
<postal>80525-5589</postal>
<country>USA</country>
</cntaddr>
<cntvoice>(970) 491-6655</cntvoice>
<cntfax>(970) 225-3597</cntfax>
<cntemail>stephanie.omeara@colostate.edu</cntemail>
<hours>9:00 a.m. to 5:00 p.m. (MST), Monday - Friday</hours>
</cntinfo>
</metc>
<metstdn>FGDC Content Standards for Digital Geospatial Metadata</metstdn>
<metstdv>FGDC-STD-001-1998</metstdv>
<mettc>local time</mettc>
<metac>None</metac>
<metuc>None</metuc>
<metextns>
<onlink>http://www.fgdc.gov/metadata/meta_stand.html</onlink>
<metprof>FGDC Geospatial Metadata Standards</metprof>
</metextns>
<metextns>
<onlink>http://nrdata.nps.gov/profiles/nps_profile.xml</onlink>
<metprof>NPS NR and GIS Metadata Profile</metprof>
</metextns>
</metainfo>
</metadata>
