<?xml version="1.0" encoding="ISO-8859-1"?>
<metadata>
	<idinfo>
		<citation>
			<citeinfo>
				<origin>Sanborn Map Co.</origin>
				<pubdate>February 2007</pubdate>
				<title Sync="TRUE">contours</title>
				<geoform Sync="TRUE">vector digital data</geoform>
				<onlink Sync="TRUE"></onlink>
				<ftname Sync="TRUE">contours</ftname></citeinfo>
		</citation>
		<descript>
			<abstract>These 2' contours were produced as part of the VGIN mapping project executed in 2006 and 2007.  Contours were provided to jurisdictions who chose to use the upgrade option for contour generation.  The contours are provided in Personal Geodatabase format.  Due to size limitations, a jurisdiction may contain more than one GeoDatabase.  </abstract>
			<purpose>The aerial photography and creation of the subsequent contour data was executed to capture the existing ground conditions at a specific point in time for the purpose of GIS analysis. A GIS is a system of computer software, hardware, and data that allows a user to manipulate, analyze, and present information that is tied to a spatial location. GIS technology is used in scientific investigations, resource management, development planning, and many other applications that require analysis of spatial data.  VGIN sub-contracted with the Sanborn Map Company to execute a Statewide mapping contract in the years 2006 and 2007.  This contract updated and enhanced the existing 2002 map data.  The Virginia Geographic Information Network (VGIN) is the lead public agency in the Commonwealth for spatial data and GIS. VGIN's mission is to facilitate the cost-effective development and use of spatial data, GIS, and related technologies in organizations throughout the Commonwealth.</purpose>
			<langdata Sync="TRUE">en</langdata><supplinf>The analog aerial photography was collected at 1"=600' scale and flown in Spring 2006 and 2007.  The aerial photography was controlled with strategic photo-identifiable ground control points.  The ground control points were referenced to a Statewide adjusted Network in North American Datum 1983; Virginia State Plane North.  The film was scanned at 14 microns and the aerotriangulation was executed using Zeiss ISAT software.  The accuracy of the aerotriangulation data supports 1"=100' mapping and the generation of 2' contours. The Digital Terrain Model (DTM) and subsequent Triangular Irregular Network (TIN) used to the interpolate the contours was photogrammetrically stereo-compiled using fully manual methods to collect masspoints and breaklines.  The data was initially compiled in tile (2,500' X 2,500') tile format and seamlessly merged together into GeoDatabase format for final delivery.</supplinf></descript>
		<timeperd>
			<timeinfo>
				<sngdate>
					<caldate>March-April 2006</caldate>
				</sngdate>
			</timeinfo>
			<current>ground condition</current>
		</timeperd>
		<status>
			<progress>Complete</progress>
			<update>Unknown</update>
		</status>
		<spdom>
			<bounding>
				<westbc Sync="TRUE">-78.087666</westbc>
				<eastbc Sync="TRUE">-77.945949</eastbc>
				<northbc Sync="TRUE">39.171606</northbc>
				<southbc Sync="TRUE">39.061207</southbc>
			</bounding>
			<lboundng><leftbc Sync="TRUE">11599999.999981</leftbc><rightbc Sync="TRUE">11640000.200019</rightbc><bottombc Sync="TRUE">7070000.000013</bottombc><topbc Sync="TRUE">7109999.999987</topbc></lboundng></spdom>
		<keywords>
			<theme>
				<themekey>contours</themekey>
			</theme>
		</keywords>
		<accconst>Contact VGIN for information about regional and statewide VBMP datasets.  For information about local datasets, contact the appropriate locality.</accconst>
		<useconst>This VBMP data has been developed using procedures designed to produce data to National Standard for Spatial Data Accuracy (NSSDA) and is intended for use at 1" = 100' scale.  It is requested that the Commonwealth of Virginia be cited for any use of the orthophotography as follows:  "Imagery Courtesy of the Commonwealth of Virginia". 
</useconst>
		<native Sync="TRUE">Microsoft Windows XP Version 5.1 (Build 2600) Service Pack 2; ESRI ArcCatalog 9.1.0.722</native>
		<natvform Sync="TRUE">Personal GeoDatabase Feature Class</natvform><ptcontac><cntinfo><cntperp><cntper>Stu Blankenship</cntper><cntorg>VGIN (Virginia Geographic Information Network)</cntorg></cntperp><cntvoice>(804) 786-8175</cntvoice></cntinfo></ptcontac></idinfo>
	<dataqual>
		<lineage>
			<procstep>
				<procdesc>Dataset copied.</procdesc>
				<srcused>\\Cos-svr-64\MP3\Vgn708\mapping\vgn\contour_pgdb\VGIN_Area1b_Hampton.mdb</srcused>
			</procstep>
			<procstep><procdesc Sync="TRUE">Metadata imported.</procdesc><srcused Sync="TRUE">C:\DOCUME~1\TRUDNI~1.SAN\LOCALS~1\Temp\xmlA7E.tmp</srcused><date Sync="TRUE">20070212</date><time Sync="TRUE">13192100</time></procstep><procstep><procdesc Sync="TRUE">Metadata imported.</procdesc><srcused Sync="TRUE">N:\Vgn708\mapping\vgn\contour_pgdb\hampton.xml</srcused><date Sync="TRUE">20070313</date><time Sync="TRUE">10542300</time></procstep><procstep><procdesc Sync="TRUE">Metadata imported.</procdesc><srcused Sync="TRUE">T:\Vgn708\mapping\vgn\contour_pgdb\VGIN_Contours_Metadata.xml</srcused><date Sync="TRUE">20080324</date><time Sync="TRUE">08355800</time></procstep><procstep><procdesc Sync="TRUE">Dataset copied.</procdesc><srcused Sync="TRUE">\\G2\E\Clarke.mdb</srcused><date Sync="TRUE">20080403</date><time Sync="TRUE">11351300</time></procstep></lineage>
	</dataqual>
	<spdoinfo>
		<direct Sync="TRUE">Vector</direct>
		<ptvctinf>
			<sdtsterm Name="contours">
				<sdtstype Sync="TRUE">String</sdtstype>
				<ptvctcnt Sync="TRUE">9215</ptvctcnt>
			</sdtsterm>
			<esriterm Name="contours"><efeatyp Sync="TRUE">Simple</efeatyp><efeageom Sync="TRUE">Polyline</efeageom><esritopo Sync="TRUE">FALSE</esritopo><efeacnt Sync="TRUE">9215</efeacnt><spindex Sync="TRUE">TRUE</spindex><linrefer Sync="TRUE">TRUE</linrefer></esriterm></ptvctinf>
	</spdoinfo>
	<spref>
		<horizsys>
			<planar>
				<planci>
					<plance Sync="TRUE">coordinate pair</plance>
					<coordrep>
						<absres Sync="TRUE">0.000064</absres>
						<ordres Sync="TRUE">0.000064</ordres>
					</coordrep>
					<plandu Sync="TRUE">survey feet</plandu>
				</planci>
				<mapproj><mapprojn Sync="TRUE">Lambert Conformal Conic</mapprojn><lambertc><stdparll Sync="TRUE">38.033333</stdparll><stdparll Sync="TRUE">39.200000</stdparll><longcm Sync="TRUE">-78.500000</longcm><latprjo Sync="TRUE">37.666667</latprjo><feast Sync="TRUE">11482916.666667</feast><fnorth Sync="TRUE">6561666.666667</fnorth></lambertc></mapproj></planar>
			<geodetic>
				<horizdn Sync="TRUE">North American Datum of 1983</horizdn>
				<ellips Sync="TRUE">Geodetic Reference System 80</ellips>
				<semiaxis Sync="TRUE">6378137.000000</semiaxis>
				<denflat Sync="TRUE">298.257222</denflat>
			</geodetic>
			<cordsysn><geogcsn Sync="TRUE">GCS_North_American_1983</geogcsn><projcsn Sync="TRUE">NAD_1983_StatePlane_Virginia_North_FIPS_4501_Feet</projcsn></cordsysn></horizsys>
		<vertdef>
			<altsys>
				<altres Sync="TRUE">0.000001</altres>
				<altenc Sync="TRUE">Explicit elevation coordinate included with horizontal coordinates</altenc>
			</altsys>
		</vertdef>
	</spref>
	<eainfo>
		<detailed Name="contours">
			<enttyp>
				<enttypl Sync="TRUE">contours</enttypl>
				<enttypt Sync="TRUE">Feature Class</enttypt><enttypc Sync="TRUE">9215</enttypc></enttyp>
			<attr>
				<attrlabl>OBJECTID</attrlabl>
				<attrdef>Internal feature number.</attrdef>
				<attrdefs>ESRI</attrdefs>
				<attrdomv>
					<udom>Sequential unique whole numbers that are automatically generated.</udom>
				</attrdomv>
			</attr>
			<attr><attrlabl Sync="TRUE">SHAPE</attrlabl><attalias Sync="TRUE">SHAPE</attalias><attrtype Sync="TRUE">Geometry</attrtype><attwidth Sync="TRUE">0</attwidth><atprecis Sync="TRUE">0</atprecis><attscale Sync="TRUE">0</attscale><attrdef Sync="TRUE">Feature geometry.</attrdef><attrdefs Sync="TRUE">ESRI</attrdefs><attrdomv><udom Sync="TRUE">Coordinates defining the features.</udom></attrdomv></attr><attr>
				<attrlabl>Shape</attrlabl>
				<attrdef>Feature geometry.</attrdef>
				<attrdefs>ESRI</attrdefs>
				<attrdomv>
					<udom>Coordinates defining the features.</udom>
				</attrdomv>
			</attr>
			<attr>
				<attrlabl>TYPE</attrlabl>
				<attrdomv><edom><edomv>INDEX</edomv><edomvd>Every fifth contour line (10' intervals).</edomvd></edom><edom><edomv>INTERMEDIATE</edomv><edomvd>Contour lines at 2' intervals.</edomvd></edom><edom><edomv>INDEX_OBS</edomv><edomvd>Index contours obscured by areas of heavy shadow or vegetation - contours are approximated.</edomvd></edom><edom><edomv>INTER_DEP</edomv><edomvd>Intermediate contours obscured by areas of heavy shadow or vegetation - contours are approximated.</edomvd></edom></attrdomv></attr>
			<attr><attrlabl Sync="TRUE">SHAPE_Length</attrlabl><attalias Sync="TRUE">SHAPE_Length</attalias><attrtype Sync="TRUE">Double</attrtype><attwidth Sync="TRUE">8</attwidth><atprecis Sync="TRUE">0</atprecis><attscale Sync="TRUE">0</attscale><attrdef Sync="TRUE">Length of feature in internal units.</attrdef><attrdefs Sync="TRUE">ESRI</attrdefs><attrdomv><udom Sync="TRUE">Positive real numbers that are automatically generated.</udom></attrdomv></attr><attr>
				<attrlabl>ELEV</attrlabl>
				<attrdomv/></attr>
			<attr>
				<attrlabl>Shape_Length</attrlabl>
				<attrdef>Length of feature in internal units.</attrdef>
				<attrdefs>ESRI</attrdefs>
				<attrdomv>
					<udom>Positive real numbers that are automatically generated.</udom>
				</attrdomv>
			</attr>
		</detailed>
	</eainfo>
	<distinfo>
		<resdesc>Downloadable Data</resdesc>
	</distinfo>
	<metainfo>
		<metd Sync="TRUE">20080324</metd>
		<metc>
			<cntinfo>
				<cntpos>Project Manager</cntpos>
				<cntaddr>
					<addrtype>mailing address</addrtype>
					<address>1935 Jamboree Dr. Suite 100</address>
					<city>Colorado Springs</city>
					<state>Colorado</state>
					<postal>80920</postal>
					<country>USA</country>
				</cntaddr>
				<cntvoice>719-593-0093</cntvoice>
				<cntperp><cntper>Krysia Sapeta</cntper><cntorg>Sanborn Map Co.</cntorg></cntperp><hours>M-F 10:00 am EST - 7:00 pm EST</hours></cntinfo>
		</metc>
		<metstdn Sync="TRUE">FGDC Content Standards for Digital Geospatial Metadata</metstdn>
		<metstdv Sync="TRUE">FGDC-STD-001-1998</metstdv>
		<mettc Sync="TRUE">local time</mettc>
		<metextns>
			<onlink>http://www.esri.com/metadata/esriprof80.html</onlink>
			<metprof>ESRI Metadata Profile</metprof>
		</metextns>
		<langmeta Sync="TRUE">en</langmeta><metextns><onlink Sync="TRUE">http://www.esri.com/metadata/esriprof80.html</onlink><metprof Sync="TRUE">ESRI Metadata Profile</metprof></metextns></metainfo>
	<Esri><CreaDate>20131118</CreaDate><CreaTime>14221300</CreaTime><SyncOnce>FALSE</SyncOnce><SyncDate>20080324</SyncDate><SyncTime>08355800</SyncTime><ModDate>20080324</ModDate><ModTime>08362700</ModTime><ArcGISFormat>1.0</ArcGISFormat></Esri><dataIdInfo><envirDesc Sync="TRUE">Microsoft Windows XP Version 5.1 (Build 2600) Service Pack 2; ESRI ArcCatalog 9.1.0.722</envirDesc><dataLang><languageCode Sync="TRUE" value="en"></languageCode></dataLang><idCitation><resTitle Sync="TRUE">contours</resTitle><presForm><PresFormCd Sync="TRUE" value="005"></PresFormCd></presForm></idCitation><spatRpType><SpatRepTypCd Sync="TRUE" value="001"></SpatRepTypCd></spatRpType><dataExt><geoEle><GeoBndBox esriExtentType="native"><westBL Sync="TRUE">11599999.999981</westBL><eastBL Sync="TRUE">11640000.200019</eastBL><northBL Sync="TRUE">7109999.999987</northBL><southBL Sync="TRUE">7070000.000013</southBL><exTypeCode Sync="TRUE">1</exTypeCode></GeoBndBox></geoEle></dataExt><geoBox esriExtentType="decdegrees"><westBL Sync="TRUE">-78.087666</westBL><eastBL Sync="TRUE">-77.945949</eastBL><northBL Sync="TRUE">39.171606</northBL><southBL Sync="TRUE">39.061207</southBL><exTypeCode Sync="TRUE">1</exTypeCode></geoBox></dataIdInfo><mdLang><languageCode Sync="TRUE" value="en"></languageCode></mdLang><mdStanName Sync="TRUE">ISO 19115 Geographic Information - Metadata</mdStanName><mdStanVer Sync="TRUE">DIS_ESRI1.0</mdStanVer><mdChar><CharSetCd Sync="TRUE" value="004"></CharSetCd></mdChar><mdHrLv><ScopeCd Sync="TRUE" value="005"></ScopeCd></mdHrLv><mdHrLvName Sync="TRUE">dataset</mdHrLvName><distInfo><distributor><distorTran><onLineSrc><orDesc Sync="TRUE">002</orDesc><linkage Sync="TRUE">file://</linkage><protocol Sync="TRUE">Local Area Network</protocol></onLineSrc></distorTran><distorFormat><formatName Sync="TRUE">Personal GeoDatabase Feature Class</formatName></distorFormat></distributor></distInfo><refSysInfo><RefSystem><refSysID><identCode Sync="TRUE">NAD_1983_StatePlane_Virginia_North_FIPS_4501_Feet</identCode></refSysID></RefSystem></refSysInfo><spatRepInfo><VectSpatRep><topLvl><TopoLevCd Sync="TRUE" value="001"></TopoLevCd></topLvl><geometObjs Name="contours"><geoObjTyp><GeoObjTypCd Sync="TRUE" value="001"></GeoObjTypCd></geoObjTyp><geoObjCnt Sync="TRUE">9215</geoObjCnt></geometObjs></VectSpatRep></spatRepInfo><mdDateSt Sync="TRUE">20080324</mdDateSt></metadata>
