<metadata xml:lang="en"><Esri><MetaID>{18E6EAE8-E006-4913-BCE7-65A7DB051762}</MetaID><CreaDate>20111117</CreaDate><CreaTime>17251900</CreaTime><SyncOnce>FALSE</SyncOnce><SyncDate>20140404</SyncDate><SyncTime>16263400</SyncTime><ModDate>20140404</ModDate><ModTime>16263400</ModTime><DataProperties><lineage><Process ToolSource="C:\Program Files\ArcGIS\ArcToolbox\Toolboxes\Conversion Tools.tbx\FeatureClassToFeatureClass" Date="20111117" Time="172533">FeatureClassToFeatureClass "C:\Documents and Settings\GISAdmin\Desktop\Staging.gdb\LegalLotLine" "Database Connections\MURLOC_DIRECT.sde\vectorgis_prd.DBO.Assessor" LegalLotLine # "Lglot_ID 'Lglot_ID' true true false 4 Long 0 0 ,First,#,C:\Documents and Settings\GISAdmin\Desktop\Staging.gdb\LegalLotLine,Lglot_ID,-1,-1;AdminJoin 'AdminJoin' true true false 1 Text 0 0 ,First,#,C:\Documents and Settings\GISAdmin\Desktop\Staging.gdb\LegalLotLine,AdminJoin,-1,-1;Type 'Type' true true false 15 Text 0 0 ,First,#,C:\Documents and Settings\GISAdmin\Desktop\Staging.gdb\LegalLotLine,Type,-1,-1;StreetName 'StreetName' true true false 50 Text 0 0 ,First,#,C:\Documents and Settings\GISAdmin\Desktop\Staging.gdb\LegalLotLine,StreetName,-1,-1;RecordedDate 'RecordedDate' true true false 8 Date 0 0 ,First,#,C:\Documents and Settings\GISAdmin\Desktop\Staging.gdb\LegalLotLine,RecordedDate,-1,-1;Reference 'Reference' true true false 50 Text 0 0 ,First,#,C:\Documents and Settings\GISAdmin\Desktop\Staging.gdb\LegalLotLine,Reference,-1,-1;Editor 'Editor' true true false 50 Text 0 0 ,First,#,C:\Documents and Settings\GISAdmin\Desktop\Staging.gdb\LegalLotLine,Editor,-1,-1;DateModify 'DateModify' true true false 8 Date 0 0 ,First,#,C:\Documents and Settings\GISAdmin\Desktop\Staging.gdb\LegalLotLine,DateModify,-1,-1;GlobalID 'GlobalID' false false true 38 Long 0 0 ,First,#,C:\Documents and Settings\GISAdmin\Desktop\Staging.gdb\LegalLotLine,GlobalID,-1,-1;SHAPE_Length 'SHAPE_Length' false true true 8 Double 0 0 ,First,#,C:\Documents and Settings\GISAdmin\Desktop\Staging.gdb\LegalLotLine,SHAPE_Length,-1,-1" # "Database Connections\MURLOC_DIRECT.sde\vectorgis_prd.DBO.Assessor\VectorGIS_prd.DBO.LegalLotLine"</Process><Process Name="Export to GDB - LegalLotLine" ToolSource="C:\Program Files (x86)\ArcGIS\ArcToolbox\Toolboxes\Conversion Tools.tbx\FeatureClassToFeatureClass" Date="20120201" Time="110049">FeatureClassToFeatureClass "\\tempest\Shared\GIS\Admin\Data Download\Toolset\Murloc - Read.sde\vectorgis_prd.DBO.Assessor\vectorgis_prd.DBO.LegalLotLine" C:\TEMP\GIS_DataDownload_Staging_Property\GDB\Property.gdb LegalLotLine # "Lglot_ID 'Lglot_ID' true true false 4 Long 0 10 ,First,#,\\tempest\Shared\GIS\Admin\Data Download\Toolset\Murloc - Read.sde\vectorgis_prd.DBO.Assessor\vectorgis_prd.DBO.LegalLotLine,Lglot_ID,-1,-1;AdminJoin 'AdminJoin' true true false 1 Text 0 0 ,First,#,\\tempest\Shared\GIS\Admin\Data Download\Toolset\Murloc - Read.sde\vectorgis_prd.DBO.Assessor\vectorgis_prd.DBO.LegalLotLine,AdminJoin,-1,-1;Type 'Type' true true false 15 Text 0 0 ,First,#,\\tempest\Shared\GIS\Admin\Data Download\Toolset\Murloc - Read.sde\vectorgis_prd.DBO.Assessor\vectorgis_prd.DBO.LegalLotLine,Type,-1,-1;StreetName 'StreetName' true true false 50 Text 0 0 ,First,#,\\tempest\Shared\GIS\Admin\Data Download\Toolset\Murloc - Read.sde\vectorgis_prd.DBO.Assessor\vectorgis_prd.DBO.LegalLotLine,StreetName,-1,-1;RecordedDate 'RecordedDate' true true false 36 Date 0 0 ,First,#,\\tempest\Shared\GIS\Admin\Data Download\Toolset\Murloc - Read.sde\vectorgis_prd.DBO.Assessor\vectorgis_prd.DBO.LegalLotLine,RecordedDate,-1,-1;Reference 'Reference' true true false 50 Text 0 0 ,First,#,\\tempest\Shared\GIS\Admin\Data Download\Toolset\Murloc - Read.sde\vectorgis_prd.DBO.Assessor\vectorgis_prd.DBO.LegalLotLine,Reference,-1,-1;Editor 'Editor' true true false 50 Text 0 0 ,First,#,\\tempest\Shared\GIS\Admin\Data Download\Toolset\Murloc - Read.sde\vectorgis_prd.DBO.Assessor\vectorgis_prd.DBO.LegalLotLine,Editor,-1,-1;DateModify 'DateModify' true true false 36 Date 0 0 ,First,#,\\tempest\Shared\GIS\Admin\Data Download\Toolset\Murloc - Read.sde\vectorgis_prd.DBO.Assessor\vectorgis_prd.DBO.LegalLotLine,DateModify,-1,-1;GlobalID 'GlobalID' false false true 38 Long 0 0 ,First,#,\\tempest\Shared\GIS\Admin\Data Download\Toolset\Murloc - Read.sde\vectorgis_prd.DBO.Assessor\vectorgis_prd.DBO.LegalLotLine,GlobalID,-1,-1;Shape_len 'Shape_len' false false true 0 Double 0 0 ,First,#,\\tempest\Shared\GIS\Admin\Data Download\Toolset\Murloc - Read.sde\vectorgis_prd.DBO.Assessor\vectorgis_prd.DBO.LegalLotLine,Shape.len,-1,-1" # C:\TEMP\GIS_DataDownload_Staging_Property\GDB\Property.gdb\LegalLotLine</Process><Process Name="Delete Rows" ToolSource="C:\Program Files (x86)\ArcGIS\Desktop10.0\ArcToolbox\Toolboxes\Data Management Tools.tbx\DeleteRows" Date="20120321" Time="081122">DeleteRows "\\tempest\shared\GIS\Tools\Data Download\Staging\PropertyGDB\Property.gdb\LegalLotLine"</Process><Process Name="Legal Lot Line Append" ToolSource="C:\Program Files (x86)\ArcGIS\Desktop10.0\ArcToolbox\Toolboxes\Data Management Tools.tbx\Append" Date="20120321" Time="105943">Append '\\tempest\shared\GIS\Tools\Sawyer Read.sde\vectorgis_prd.DBO.Assessor\VectorGIS_prd.DBO.LegalLotLine' "\\tempest\shared\GIS\Tools\Data Download\Staging\PropertyGDB\Property.gdb\LegalLotLine" NO_TEST "Lglot_ID "Lglot_ID" true true false 4 Long 0 0 ,First,#,\\tempest\shared\GIS\Tools\Sawyer Read.sde\vectorgis_prd.DBO.Assessor\VectorGIS_prd.DBO.LegalLotLine,Lglot_ID,-1,-1;AdminJoin "AdminJoin" true true false 1 Text 0 0 ,First,#,\\tempest\shared\GIS\Tools\Sawyer Read.sde\vectorgis_prd.DBO.Assessor\VectorGIS_prd.DBO.LegalLotLine,AdminJoin,-1,-1;Type "Type" true true false 15 Text 0 0 ,First,#,\\tempest\shared\GIS\Tools\Sawyer Read.sde\vectorgis_prd.DBO.Assessor\VectorGIS_prd.DBO.LegalLotLine,Type,-1,-1;StreetName "StreetName" true true false 50 Text 0 0 ,First,#,\\tempest\shared\GIS\Tools\Sawyer Read.sde\vectorgis_prd.DBO.Assessor\VectorGIS_prd.DBO.LegalLotLine,StreetName,-1,-1;RecordedDate "RecordedDate" true true false 8 Date 0 0 ,First,#,\\tempest\shared\GIS\Tools\Sawyer Read.sde\vectorgis_prd.DBO.Assessor\VectorGIS_prd.DBO.LegalLotLine,RecordedDate,-1,-1;Reference "Reference" true true false 50 Text 0 0 ,First,#,\\tempest\shared\GIS\Tools\Sawyer Read.sde\vectorgis_prd.DBO.Assessor\VectorGIS_prd.DBO.LegalLotLine,Reference,-1,-1;Editor "Editor" true true false 50 Text 0 0 ,First,#,\\tempest\shared\GIS\Tools\Sawyer Read.sde\vectorgis_prd.DBO.Assessor\VectorGIS_prd.DBO.LegalLotLine,Editor,-1,-1;DateModify "DateModify" true true false 8 Date 0 0 ,First,#,\\tempest\shared\GIS\Tools\Sawyer Read.sde\vectorgis_prd.DBO.Assessor\VectorGIS_prd.DBO.LegalLotLine,DateModify,-1,-1;GlobalID "GlobalID" false false true 38 GlobalID 0 0 ,First,#,\\tempest\shared\GIS\Tools\Sawyer Read.sde\vectorgis_prd.DBO.Assessor\VectorGIS_prd.DBO.LegalLotLine,GlobalID,-1,-1;Shape_Length "Shape_Length" false true true 8 Double 0 0 ,First,#" #</Process><Process Name="Delete Rows (2)" ToolSource="C:\Program Files (x86)\ArcGIS\Desktop10.0\ArcToolbox\Toolboxes\Data Management Tools.tbx\DeleteRows" Date="20120321" Time="111559">DeleteRows "\\tempest\shared\GIS\Tools\Data Download\Staging\PropertyGDB\Property.gdb\LegalLotLine"</Process><Process Name="Legal Lot Line Append" ToolSource="C:\Program Files (x86)\ArcGIS\Desktop10.0\ArcToolbox\Toolboxes\Data Management Tools.tbx\Append" Date="20120406" Time="130509">Append '\\tempest\shared\GIS\Tools\Sawyer Read.sde\vectorgis_prd.DBO.Assessor\VectorGIS_prd.DBO.LegalLotLine' "\\tempest\shared\GIS\Tools\Data Download\Staging\PropertyGDB\Property.gdb\LegalLotLine" NO_TEST "Lglot_ID "Lglot_ID" true true false 4 Long 0 0 ,First,#,\\tempest\shared\GIS\Tools\Sawyer Read.sde\vectorgis_prd.DBO.Assessor\VectorGIS_prd.DBO.LegalLotLine,Lglot_ID,-1,-1;AdminJoin "AdminJoin" true true false 1 Text 0 0 ,First,#,\\tempest\shared\GIS\Tools\Sawyer Read.sde\vectorgis_prd.DBO.Assessor\VectorGIS_prd.DBO.LegalLotLine,AdminJoin,-1,-1;Type "Type" true true false 15 Text 0 0 ,First,#,\\tempest\shared\GIS\Tools\Sawyer Read.sde\vectorgis_prd.DBO.Assessor\VectorGIS_prd.DBO.LegalLotLine,Type,-1,-1;StreetName "StreetName" true true false 50 Text 0 0 ,First,#,\\tempest\shared\GIS\Tools\Sawyer Read.sde\vectorgis_prd.DBO.Assessor\VectorGIS_prd.DBO.LegalLotLine,StreetName,-1,-1;RecordedDate "RecordedDate" true true false 8 Date 0 0 ,First,#,\\tempest\shared\GIS\Tools\Sawyer Read.sde\vectorgis_prd.DBO.Assessor\VectorGIS_prd.DBO.LegalLotLine,RecordedDate,-1,-1;Reference "Reference" true true false 50 Text 0 0 ,First,#,\\tempest\shared\GIS\Tools\Sawyer Read.sde\vectorgis_prd.DBO.Assessor\VectorGIS_prd.DBO.LegalLotLine,Reference,-1,-1;Editor "Editor" true true false 50 Text 0 0 ,First,#,\\tempest\shared\GIS\Tools\Sawyer Read.sde\vectorgis_prd.DBO.Assessor\VectorGIS_prd.DBO.LegalLotLine,Editor,-1,-1;DateModify "DateModify" true true false 8 Date 0 0 ,First,#,\\tempest\shared\GIS\Tools\Sawyer Read.sde\vectorgis_prd.DBO.Assessor\VectorGIS_prd.DBO.LegalLotLine,DateModify,-1,-1;GlobalID "GlobalID" false false true 38 GlobalID 0 0 ,First,#,\\tempest\shared\GIS\Tools\Sawyer Read.sde\vectorgis_prd.DBO.Assessor\VectorGIS_prd.DBO.LegalLotLine,GlobalID,-1,-1;Shape_Length "Shape_Length" false true true 8 Double 0 0 ,First,#" #</Process><Process Name="Delete Rows (2)" ToolSource="C:\Program Files (x86)\ArcGIS\Desktop10.0\ArcToolbox\Toolboxes\Data Management Tools.tbx\DeleteRows" Date="20120406" Time="131810">DeleteRows "\\tempest\shared\GIS\Tools\Data Download\Staging\PropertyGDB\Property.gdb\LegalLotLine"</Process><Process Name="Legal Lot Line Append" ToolSource="C:\Program Files (x86)\ArcGIS\Desktop10.0\ArcToolbox\Toolboxes\Data Management Tools.tbx\Append" Date="20120917" Time="141110">Append '\\Tempest\Shared\GIS\Data\Sharing\Data Download Portal\Sawyer Read.sde\vectorgis_prd.DBO.Assessor\VectorGIS_prd.DBO.LegalLotLine' "\\Tempest\Shared\GIS\Data\Sharing\Data Download Portal\Staging\PropertyGDB\Property.gdb\LegalLotLine" NO_TEST "Lglot_ID "Lglot_ID" true true false 4 Long 0 0 ,First,#,\\Tempest\Shared\GIS\Data\Sharing\Data Download Portal\Sawyer Read.sde\vectorgis_prd.DBO.Assessor\VectorGIS_prd.DBO.LegalLotLine,Lglot_ID,-1,-1;AdminJoin "AdminJoin" true true false 1 Text 0 0 ,First,#,\\Tempest\Shared\GIS\Data\Sharing\Data Download Portal\Sawyer Read.sde\vectorgis_prd.DBO.Assessor\VectorGIS_prd.DBO.LegalLotLine,AdminJoin,-1,-1;Type "Type" true true false 15 Text 0 0 ,First,#,\\Tempest\Shared\GIS\Data\Sharing\Data Download Portal\Sawyer Read.sde\vectorgis_prd.DBO.Assessor\VectorGIS_prd.DBO.LegalLotLine,Type,-1,-1;StreetName "StreetName" true true false 50 Text 0 0 ,First,#,\\Tempest\Shared\GIS\Data\Sharing\Data Download Portal\Sawyer Read.sde\vectorgis_prd.DBO.Assessor\VectorGIS_prd.DBO.LegalLotLine,StreetName,-1,-1;RecordedDate "RecordedDate" true true false 8 Date 0 0 ,First,#,\\Tempest\Shared\GIS\Data\Sharing\Data Download Portal\Sawyer Read.sde\vectorgis_prd.DBO.Assessor\VectorGIS_prd.DBO.LegalLotLine,RecordedDate,-1,-1;Reference "Reference" true true false 50 Text 0 0 ,First,#,\\Tempest\Shared\GIS\Data\Sharing\Data Download Portal\Sawyer Read.sde\vectorgis_prd.DBO.Assessor\VectorGIS_prd.DBO.LegalLotLine,Reference,-1,-1;Editor "Editor" true true false 50 Text 0 0 ,First,#,\\Tempest\Shared\GIS\Data\Sharing\Data Download Portal\Sawyer Read.sde\vectorgis_prd.DBO.Assessor\VectorGIS_prd.DBO.LegalLotLine,Editor,-1,-1;DateModify "DateModify" true true false 8 Date 0 0 ,First,#,\\Tempest\Shared\GIS\Data\Sharing\Data Download Portal\Sawyer Read.sde\vectorgis_prd.DBO.Assessor\VectorGIS_prd.DBO.LegalLotLine,DateModify,-1,-1;GlobalID "GlobalID" false false true 38 GlobalID 0 0 ,First,#,\\Tempest\Shared\GIS\Data\Sharing\Data Download Portal\Sawyer Read.sde\vectorgis_prd.DBO.Assessor\VectorGIS_prd.DBO.LegalLotLine,GlobalID,-1,-1;Shape_Length "Shape_Length" false true true 8 Double 0 0 ,First,#" #</Process><Process Name="Delete Rows (2)" ToolSource="C:\Program Files (x86)\ArcGIS\Desktop10.0\ArcToolbox\Toolboxes\Data Management Tools.tbx\DeleteRows" Date="20120917" Time="141927">DeleteRows "\\Tempest\Shared\GIS\Data\Sharing\Data Download Portal\Staging\PropertyGDB\Property.gdb\LegalLotLine"</Process><Process Name="Legal Lot Line Append" ToolSource="C:\Program Files (x86)\ArcGIS\Desktop10.0\ArcToolbox\Toolboxes\Data Management Tools.tbx\Append" Date="20121024" Time="143317">Append '\\Tempest\Shared\GIS\Data\Sharing\Data Download Portal\Sawyer Read.sde\vectorgis_prd.DBO.Assessor\VectorGIS_prd.DBO.LegalLotLine' "\\Tempest\Shared\GIS\Data\Sharing\Data Download Portal\Staging\PropertyGDB\Property.gdb\LegalLotLine" NO_TEST "Lglot_ID "Lglot_ID" true true false 4 Long 0 0 ,First,#,\\Tempest\Shared\GIS\Data\Sharing\Data Download Portal\Sawyer Read.sde\vectorgis_prd.DBO.Assessor\VectorGIS_prd.DBO.LegalLotLine,Lglot_ID,-1,-1;AdminJoin "AdminJoin" true true false 1 Text 0 0 ,First,#,\\Tempest\Shared\GIS\Data\Sharing\Data Download Portal\Sawyer Read.sde\vectorgis_prd.DBO.Assessor\VectorGIS_prd.DBO.LegalLotLine,AdminJoin,-1,-1;Type "Type" true true false 15 Text 0 0 ,First,#,\\Tempest\Shared\GIS\Data\Sharing\Data Download Portal\Sawyer Read.sde\vectorgis_prd.DBO.Assessor\VectorGIS_prd.DBO.LegalLotLine,Type,-1,-1;StreetName "StreetName" true true false 50 Text 0 0 ,First,#,\\Tempest\Shared\GIS\Data\Sharing\Data Download Portal\Sawyer Read.sde\vectorgis_prd.DBO.Assessor\VectorGIS_prd.DBO.LegalLotLine,StreetName,-1,-1;RecordedDate "RecordedDate" true true false 8 Date 0 0 ,First,#,\\Tempest\Shared\GIS\Data\Sharing\Data Download Portal\Sawyer Read.sde\vectorgis_prd.DBO.Assessor\VectorGIS_prd.DBO.LegalLotLine,RecordedDate,-1,-1;Reference "Reference" true true false 50 Text 0 0 ,First,#,\\Tempest\Shared\GIS\Data\Sharing\Data Download Portal\Sawyer Read.sde\vectorgis_prd.DBO.Assessor\VectorGIS_prd.DBO.LegalLotLine,Reference,-1,-1;Editor "Editor" true true false 50 Text 0 0 ,First,#,\\Tempest\Shared\GIS\Data\Sharing\Data Download Portal\Sawyer Read.sde\vectorgis_prd.DBO.Assessor\VectorGIS_prd.DBO.LegalLotLine,Editor,-1,-1;DateModify "DateModify" true true false 8 Date 0 0 ,First,#,\\Tempest\Shared\GIS\Data\Sharing\Data Download Portal\Sawyer Read.sde\vectorgis_prd.DBO.Assessor\VectorGIS_prd.DBO.LegalLotLine,DateModify,-1,-1;GlobalID "GlobalID" false false true 38 GlobalID 0 0 ,First,#,\\Tempest\Shared\GIS\Data\Sharing\Data Download Portal\Sawyer Read.sde\vectorgis_prd.DBO.Assessor\VectorGIS_prd.DBO.LegalLotLine,GlobalID,-1,-1;Shape_Length "Shape_Length" false true true 8 Double 0 0 ,First,#" #</Process><Process Name="Delete Rows (2)" ToolSource="C:\Program Files (x86)\ArcGIS\Desktop10.0\ArcToolbox\Toolboxes\Data Management Tools.tbx\DeleteRows" Date="20121024" Time="144252">DeleteRows "\\Tempest\Shared\GIS\Data\Sharing\Data Download Portal\Staging\PropertyGDB\Property.gdb\LegalLotLine"</Process><Process Name="Legal Lot Line Append" ToolSource="C:\Program Files (x86)\ArcGIS\Desktop10.0\ArcToolbox\Toolboxes\Data Management Tools.tbx\Append" Date="20121130" Time="161416">Append '\\Tempest\Shared\GIS\Data\Sharing\Data Download Portal\Sawyer Read.sde\vectorgis_prd.DBO.Assessor\VectorGIS_prd.DBO.LegalLotLine' "\\Tempest\Shared\GIS\Data\Sharing\Data Download Portal\Staging\PropertyGDB\Property.gdb\LegalLotLine" NO_TEST "Lglot_ID "Lglot_ID" true true false 4 Long 0 0 ,First,#,\\Tempest\Shared\GIS\Data\Sharing\Data Download Portal\Sawyer Read.sde\vectorgis_prd.DBO.Assessor\VectorGIS_prd.DBO.LegalLotLine,Lglot_ID,-1,-1;AdminJoin "AdminJoin" true true false 1 Text 0 0 ,First,#,\\Tempest\Shared\GIS\Data\Sharing\Data Download Portal\Sawyer Read.sde\vectorgis_prd.DBO.Assessor\VectorGIS_prd.DBO.LegalLotLine,AdminJoin,-1,-1;Type "Type" true true false 15 Text 0 0 ,First,#,\\Tempest\Shared\GIS\Data\Sharing\Data Download Portal\Sawyer Read.sde\vectorgis_prd.DBO.Assessor\VectorGIS_prd.DBO.LegalLotLine,Type,-1,-1;StreetName "StreetName" true true false 50 Text 0 0 ,First,#,\\Tempest\Shared\GIS\Data\Sharing\Data Download Portal\Sawyer Read.sde\vectorgis_prd.DBO.Assessor\VectorGIS_prd.DBO.LegalLotLine,StreetName,-1,-1;RecordedDate "RecordedDate" true true false 8 Date 0 0 ,First,#,\\Tempest\Shared\GIS\Data\Sharing\Data Download Portal\Sawyer Read.sde\vectorgis_prd.DBO.Assessor\VectorGIS_prd.DBO.LegalLotLine,RecordedDate,-1,-1;Reference "Reference" true true false 50 Text 0 0 ,First,#,\\Tempest\Shared\GIS\Data\Sharing\Data Download Portal\Sawyer Read.sde\vectorgis_prd.DBO.Assessor\VectorGIS_prd.DBO.LegalLotLine,Reference,-1,-1;Editor "Editor" true true false 50 Text 0 0 ,First,#,\\Tempest\Shared\GIS\Data\Sharing\Data Download Portal\Sawyer Read.sde\vectorgis_prd.DBO.Assessor\VectorGIS_prd.DBO.LegalLotLine,Editor,-1,-1;DateModify "DateModify" true true false 8 Date 0 0 ,First,#,\\Tempest\Shared\GIS\Data\Sharing\Data Download Portal\Sawyer Read.sde\vectorgis_prd.DBO.Assessor\VectorGIS_prd.DBO.LegalLotLine,DateModify,-1,-1;GlobalID "GlobalID" false false true 38 GlobalID 0 0 ,First,#,\\Tempest\Shared\GIS\Data\Sharing\Data Download Portal\Sawyer Read.sde\vectorgis_prd.DBO.Assessor\VectorGIS_prd.DBO.LegalLotLine,GlobalID,-1,-1;Shape_Length "Shape_Length" false true true 8 Double 0 0 ,First,#" #</Process><Process Name="Delete Rows (2)" ToolSource="C:\Program Files (x86)\ArcGIS\Desktop10.0\ArcToolbox\Toolboxes\Data Management Tools.tbx\DeleteRows" Date="20121130" Time="162614">DeleteRows "\\Tempest\Shared\GIS\Data\Sharing\Data Download Portal\Staging\PropertyGDB\Property.gdb\LegalLotLine"</Process><Process Name="Legal Lot Line Append" ToolSource="C:\Program Files (x86)\ArcGIS\Desktop10.0\ArcToolbox\Toolboxes\Data Management Tools.tbx\Append" Date="20130109" Time="104831">Append '\\Tempest\Shared\GIS\Data\Sharing\Data Download Portal\Sawyer Read.sde\vectorgis_prd.DBO.Assessor\VectorGIS_prd.DBO.LegalLotLine' "\\Tempest\Shared\GIS\Data\Sharing\Data Download Portal\Staging\PropertyGDB\Property.gdb\LegalLotLine" NO_TEST "Lglot_ID "Lglot_ID" true true false 4 Long 0 0 ,First,#,\\Tempest\Shared\GIS\Data\Sharing\Data Download Portal\Sawyer Read.sde\vectorgis_prd.DBO.Assessor\VectorGIS_prd.DBO.LegalLotLine,Lglot_ID,-1,-1;AdminJoin "AdminJoin" true true false 1 Text 0 0 ,First,#,\\Tempest\Shared\GIS\Data\Sharing\Data Download Portal\Sawyer Read.sde\vectorgis_prd.DBO.Assessor\VectorGIS_prd.DBO.LegalLotLine,AdminJoin,-1,-1;Type "Type" true true false 15 Text 0 0 ,First,#,\\Tempest\Shared\GIS\Data\Sharing\Data Download Portal\Sawyer Read.sde\vectorgis_prd.DBO.Assessor\VectorGIS_prd.DBO.LegalLotLine,Type,-1,-1;StreetName "StreetName" true true false 50 Text 0 0 ,First,#,\\Tempest\Shared\GIS\Data\Sharing\Data Download Portal\Sawyer Read.sde\vectorgis_prd.DBO.Assessor\VectorGIS_prd.DBO.LegalLotLine,StreetName,-1,-1;RecordedDate "RecordedDate" true true false 8 Date 0 0 ,First,#,\\Tempest\Shared\GIS\Data\Sharing\Data Download Portal\Sawyer Read.sde\vectorgis_prd.DBO.Assessor\VectorGIS_prd.DBO.LegalLotLine,RecordedDate,-1,-1;Reference "Reference" true true false 50 Text 0 0 ,First,#,\\Tempest\Shared\GIS\Data\Sharing\Data Download Portal\Sawyer Read.sde\vectorgis_prd.DBO.Assessor\VectorGIS_prd.DBO.LegalLotLine,Reference,-1,-1;Editor "Editor" true true false 50 Text 0 0 ,First,#,\\Tempest\Shared\GIS\Data\Sharing\Data Download Portal\Sawyer Read.sde\vectorgis_prd.DBO.Assessor\VectorGIS_prd.DBO.LegalLotLine,Editor,-1,-1;DateModify "DateModify" true true false 8 Date 0 0 ,First,#,\\Tempest\Shared\GIS\Data\Sharing\Data Download Portal\Sawyer Read.sde\vectorgis_prd.DBO.Assessor\VectorGIS_prd.DBO.LegalLotLine,DateModify,-1,-1;GlobalID "GlobalID" false false true 38 GlobalID 0 0 ,First,#,\\Tempest\Shared\GIS\Data\Sharing\Data Download Portal\Sawyer Read.sde\vectorgis_prd.DBO.Assessor\VectorGIS_prd.DBO.LegalLotLine,GlobalID,-1,-1;Shape_Length "Shape_Length" false true true 8 Double 0 0 ,First,#" #</Process><Process Name="Delete Rows (2)" ToolSource="C:\Program Files (x86)\ArcGIS\Desktop10.0\ArcToolbox\Toolboxes\Data Management Tools.tbx\DeleteRows" Date="20130109" Time="105938">DeleteRows "\\Tempest\Shared\GIS\Data\Sharing\Data Download Portal\Staging\PropertyGDB\Property.gdb\LegalLotLine"</Process><Process Name="Legal Lot Line Append" ToolSource="C:\Program Files (x86)\ArcGIS\Desktop10.0\ArcToolbox\Toolboxes\Data Management Tools.tbx\Append" Date="20130124" Time="155623">Append '\\Tempest\Shared\GIS\Data\Sharing\Data Download Portal\Sawyer Read.sde\vectorgis_prd.DBO.Assessor\VectorGIS_prd.DBO.LegalLotLine' "\\Tempest\Shared\GIS\Data\Sharing\Data Download Portal\Staging\PropertyGDB\Property.gdb\LegalLotLine" NO_TEST "Lglot_ID "Lglot_ID" true true false 4 Long 0 0 ,First,#,\\Tempest\Shared\GIS\Data\Sharing\Data Download Portal\Sawyer Read.sde\vectorgis_prd.DBO.Assessor\VectorGIS_prd.DBO.LegalLotLine,Lglot_ID,-1,-1;AdminJoin "AdminJoin" true true false 1 Text 0 0 ,First,#,\\Tempest\Shared\GIS\Data\Sharing\Data Download Portal\Sawyer Read.sde\vectorgis_prd.DBO.Assessor\VectorGIS_prd.DBO.LegalLotLine,AdminJoin,-1,-1;Type "Type" true true false 15 Text 0 0 ,First,#,\\Tempest\Shared\GIS\Data\Sharing\Data Download Portal\Sawyer Read.sde\vectorgis_prd.DBO.Assessor\VectorGIS_prd.DBO.LegalLotLine,Type,-1,-1;StreetName "StreetName" true true false 50 Text 0 0 ,First,#,\\Tempest\Shared\GIS\Data\Sharing\Data Download Portal\Sawyer Read.sde\vectorgis_prd.DBO.Assessor\VectorGIS_prd.DBO.LegalLotLine,StreetName,-1,-1;RecordedDate "RecordedDate" true true false 8 Date 0 0 ,First,#,\\Tempest\Shared\GIS\Data\Sharing\Data Download Portal\Sawyer Read.sde\vectorgis_prd.DBO.Assessor\VectorGIS_prd.DBO.LegalLotLine,RecordedDate,-1,-1;Reference "Reference" true true false 50 Text 0 0 ,First,#,\\Tempest\Shared\GIS\Data\Sharing\Data Download Portal\Sawyer Read.sde\vectorgis_prd.DBO.Assessor\VectorGIS_prd.DBO.LegalLotLine,Reference,-1,-1;Editor "Editor" true true false 50 Text 0 0 ,First,#,\\Tempest\Shared\GIS\Data\Sharing\Data Download Portal\Sawyer Read.sde\vectorgis_prd.DBO.Assessor\VectorGIS_prd.DBO.LegalLotLine,Editor,-1,-1;DateModify "DateModify" true true false 8 Date 0 0 ,First,#,\\Tempest\Shared\GIS\Data\Sharing\Data Download Portal\Sawyer Read.sde\vectorgis_prd.DBO.Assessor\VectorGIS_prd.DBO.LegalLotLine,DateModify,-1,-1;GlobalID "GlobalID" false false true 38 GlobalID 0 0 ,First,#,\\Tempest\Shared\GIS\Data\Sharing\Data Download Portal\Sawyer Read.sde\vectorgis_prd.DBO.Assessor\VectorGIS_prd.DBO.LegalLotLine,GlobalID,-1,-1;Shape_Length "Shape_Length" false true true 8 Double 0 0 ,First,#" #</Process><Process Name="Delete Rows (2)" ToolSource="C:\Program Files (x86)\ArcGIS\Desktop10.0\ArcToolbox\Toolboxes\Data Management Tools.tbx\DeleteRows" Date="20130124" Time="160735">DeleteRows "\\Tempest\Shared\GIS\Data\Sharing\Data Download Portal\Staging\PropertyGDB\Property.gdb\LegalLotLine"</Process><Process Name="Legal Lot Line Append" ToolSource="C:\Program Files (x86)\ArcGIS\Desktop10.0\ArcToolbox\Toolboxes\Data Management Tools.tbx\Append" Date="20130124" Time="163134">Append '\\Tempest\Shared\GIS\Data\Sharing\Data Download Portal\Sawyer Read.sde\vectorgis_prd.DBO.Assessor\VectorGIS_prd.DBO.LegalLotLine' "\\Tempest\Shared\GIS\Data\Sharing\Data Download Portal\Staging\PropertyGDB\Property.gdb\LegalLotLine" NO_TEST "Lglot_ID "Lglot_ID" true true false 4 Long 0 0 ,First,#,\\Tempest\Shared\GIS\Data\Sharing\Data Download Portal\Sawyer Read.sde\vectorgis_prd.DBO.Assessor\VectorGIS_prd.DBO.LegalLotLine,Lglot_ID,-1,-1;AdminJoin "AdminJoin" true true false 1 Text 0 0 ,First,#,\\Tempest\Shared\GIS\Data\Sharing\Data Download Portal\Sawyer Read.sde\vectorgis_prd.DBO.Assessor\VectorGIS_prd.DBO.LegalLotLine,AdminJoin,-1,-1;Type "Type" true true false 15 Text 0 0 ,First,#,\\Tempest\Shared\GIS\Data\Sharing\Data Download Portal\Sawyer Read.sde\vectorgis_prd.DBO.Assessor\VectorGIS_prd.DBO.LegalLotLine,Type,-1,-1;StreetName "StreetName" true true false 50 Text 0 0 ,First,#,\\Tempest\Shared\GIS\Data\Sharing\Data Download Portal\Sawyer Read.sde\vectorgis_prd.DBO.Assessor\VectorGIS_prd.DBO.LegalLotLine,StreetName,-1,-1;RecordedDate "RecordedDate" true true false 8 Date 0 0 ,First,#,\\Tempest\Shared\GIS\Data\Sharing\Data Download Portal\Sawyer Read.sde\vectorgis_prd.DBO.Assessor\VectorGIS_prd.DBO.LegalLotLine,RecordedDate,-1,-1;Reference "Reference" true true false 50 Text 0 0 ,First,#,\\Tempest\Shared\GIS\Data\Sharing\Data Download Portal\Sawyer Read.sde\vectorgis_prd.DBO.Assessor\VectorGIS_prd.DBO.LegalLotLine,Reference,-1,-1;Editor "Editor" true true false 50 Text 0 0 ,First,#,\\Tempest\Shared\GIS\Data\Sharing\Data Download Portal\Sawyer Read.sde\vectorgis_prd.DBO.Assessor\VectorGIS_prd.DBO.LegalLotLine,Editor,-1,-1;DateModify "DateModify" true true false 8 Date 0 0 ,First,#,\\Tempest\Shared\GIS\Data\Sharing\Data Download Portal\Sawyer Read.sde\vectorgis_prd.DBO.Assessor\VectorGIS_prd.DBO.LegalLotLine,DateModify,-1,-1;GlobalID "GlobalID" false false true 38 GlobalID 0 0 ,First,#,\\Tempest\Shared\GIS\Data\Sharing\Data Download Portal\Sawyer Read.sde\vectorgis_prd.DBO.Assessor\VectorGIS_prd.DBO.LegalLotLine,GlobalID,-1,-1;Shape_Length "Shape_Length" false true true 8 Double 0 0 ,First,#" #</Process><Process Name="Delete Rows (2)" ToolSource="C:\Program Files (x86)\ArcGIS\Desktop10.0\ArcToolbox\Toolboxes\Data Management Tools.tbx\DeleteRows" Date="20130124" Time="164306">DeleteRows "\\Tempest\Shared\GIS\Data\Sharing\Data Download Portal\Staging\PropertyGDB\Property.gdb\LegalLotLine"</Process><Process Name="Legal Lot Line Append" ToolSource="C:\Program Files (x86)\ArcGIS\Desktop10.0\ArcToolbox\Toolboxes\Data Management Tools.tbx\Append" Date="20130416" Time="100558">Append '\\Tempest\Shared\GIS\Data\Sharing\Data Download Portal\Sawyer Read.sde\vectorgis_prd.DBO.Assessor\VectorGIS_prd.DBO.LegalLotLine' "\\Tempest\Shared\GIS\Data\Sharing\Data Download Portal\Staging\PropertyGDB\Property.gdb\LegalLotLine" NO_TEST "Lglot_ID "Lglot_ID" true true false 4 Long 0 0 ,First,#,\\Tempest\Shared\GIS\Data\Sharing\Data Download Portal\Sawyer Read.sde\vectorgis_prd.DBO.Assessor\VectorGIS_prd.DBO.LegalLotLine,Lglot_ID,-1,-1;AdminJoin "AdminJoin" true true false 1 Text 0 0 ,First,#,\\Tempest\Shared\GIS\Data\Sharing\Data Download Portal\Sawyer Read.sde\vectorgis_prd.DBO.Assessor\VectorGIS_prd.DBO.LegalLotLine,AdminJoin,-1,-1;Type "Type" true true false 15 Text 0 0 ,First,#,\\Tempest\Shared\GIS\Data\Sharing\Data Download Portal\Sawyer Read.sde\vectorgis_prd.DBO.Assessor\VectorGIS_prd.DBO.LegalLotLine,Type,-1,-1;StreetName "StreetName" true true false 50 Text 0 0 ,First,#,\\Tempest\Shared\GIS\Data\Sharing\Data Download Portal\Sawyer Read.sde\vectorgis_prd.DBO.Assessor\VectorGIS_prd.DBO.LegalLotLine,StreetName,-1,-1;RecordedDate "RecordedDate" true true false 8 Date 0 0 ,First,#,\\Tempest\Shared\GIS\Data\Sharing\Data Download Portal\Sawyer Read.sde\vectorgis_prd.DBO.Assessor\VectorGIS_prd.DBO.LegalLotLine,RecordedDate,-1,-1;Reference "Reference" true true false 50 Text 0 0 ,First,#,\\Tempest\Shared\GIS\Data\Sharing\Data Download Portal\Sawyer Read.sde\vectorgis_prd.DBO.Assessor\VectorGIS_prd.DBO.LegalLotLine,Reference,-1,-1;Editor "Editor" true true false 50 Text 0 0 ,First,#,\\Tempest\Shared\GIS\Data\Sharing\Data Download Portal\Sawyer Read.sde\vectorgis_prd.DBO.Assessor\VectorGIS_prd.DBO.LegalLotLine,Editor,-1,-1;DateModify "DateModify" true true false 8 Date 0 0 ,First,#,\\Tempest\Shared\GIS\Data\Sharing\Data Download Portal\Sawyer Read.sde\vectorgis_prd.DBO.Assessor\VectorGIS_prd.DBO.LegalLotLine,DateModify,-1,-1;GlobalID "GlobalID" false false true 38 GlobalID 0 0 ,First,#,\\Tempest\Shared\GIS\Data\Sharing\Data Download Portal\Sawyer Read.sde\vectorgis_prd.DBO.Assessor\VectorGIS_prd.DBO.LegalLotLine,GlobalID,-1,-1;Shape_Length "Shape_Length" false true true 8 Double 0 0 ,First,#" #</Process><Process Name="Legal Lot Line Append" ToolSource="C:\Program Files (x86)\ArcGIS\Desktop10.0\ArcToolbox\Toolboxes\Data Management Tools.tbx\Append" Date="20130416" Time="101209">Append '\\Tempest\Shared\GIS\Data\Sharing\Data Download Portal\Sawyer Read.sde\vectorgis_prd.DBO.Assessor\VectorGIS_prd.DBO.LegalLotLine' "\\Tempest\Shared\GIS\Data\Sharing\Data Download Portal\Staging\PropertyGDB\Property.gdb\LegalLotLine" NO_TEST "Lglot_ID "Lglot_ID" true true false 4 Long 0 0 ,First,#,\\Tempest\Shared\GIS\Data\Sharing\Data Download Portal\Sawyer Read.sde\vectorgis_prd.DBO.Assessor\VectorGIS_prd.DBO.LegalLotLine,Lglot_ID,-1,-1;AdminJoin "AdminJoin" true true false 1 Text 0 0 ,First,#,\\Tempest\Shared\GIS\Data\Sharing\Data Download Portal\Sawyer Read.sde\vectorgis_prd.DBO.Assessor\VectorGIS_prd.DBO.LegalLotLine,AdminJoin,-1,-1;Type "Type" true true false 15 Text 0 0 ,First,#,\\Tempest\Shared\GIS\Data\Sharing\Data Download Portal\Sawyer Read.sde\vectorgis_prd.DBO.Assessor\VectorGIS_prd.DBO.LegalLotLine,Type,-1,-1;StreetName "StreetName" true true false 50 Text 0 0 ,First,#,\\Tempest\Shared\GIS\Data\Sharing\Data Download Portal\Sawyer Read.sde\vectorgis_prd.DBO.Assessor\VectorGIS_prd.DBO.LegalLotLine,StreetName,-1,-1;RecordedDate "RecordedDate" true true false 8 Date 0 0 ,First,#,\\Tempest\Shared\GIS\Data\Sharing\Data Download Portal\Sawyer Read.sde\vectorgis_prd.DBO.Assessor\VectorGIS_prd.DBO.LegalLotLine,RecordedDate,-1,-1;Reference "Reference" true true false 50 Text 0 0 ,First,#,\\Tempest\Shared\GIS\Data\Sharing\Data Download Portal\Sawyer Read.sde\vectorgis_prd.DBO.Assessor\VectorGIS_prd.DBO.LegalLotLine,Reference,-1,-1;Editor "Editor" true true false 50 Text 0 0 ,First,#,\\Tempest\Shared\GIS\Data\Sharing\Data Download Portal\Sawyer Read.sde\vectorgis_prd.DBO.Assessor\VectorGIS_prd.DBO.LegalLotLine,Editor,-1,-1;DateModify "DateModify" true true false 8 Date 0 0 ,First,#,\\Tempest\Shared\GIS\Data\Sharing\Data Download Portal\Sawyer Read.sde\vectorgis_prd.DBO.Assessor\VectorGIS_prd.DBO.LegalLotLine,DateModify,-1,-1;GlobalID "GlobalID" false false true 38 GlobalID 0 0 ,First,#,\\Tempest\Shared\GIS\Data\Sharing\Data Download Portal\Sawyer Read.sde\vectorgis_prd.DBO.Assessor\VectorGIS_prd.DBO.LegalLotLine,GlobalID,-1,-1;Shape_Length "Shape_Length" false true true 8 Double 0 0 ,First,#" #</Process><Process Name="Legal Lot Line Append" ToolSource="C:\Program Files (x86)\ArcGIS\Desktop10.0\ArcToolbox\Toolboxes\Data Management Tools.tbx\Append" Date="20130416" Time="105628">Append '\\Tempest\Shared\GIS\Data\Sharing\Data Download Portal\Sawyer Read.sde\vectorgis_prd.DBO.Assessor\VectorGIS_prd.DBO.LegalLotLine' "\\Tempest\Shared\GIS\Data\Sharing\Data Download Portal\Staging\PropertyGDB\Property.gdb\LegalLotLine" NO_TEST "Lglot_ID "Lglot_ID" true true false 4 Long 0 0 ,First,#,\\Tempest\Shared\GIS\Data\Sharing\Data Download Portal\Sawyer Read.sde\vectorgis_prd.DBO.Assessor\VectorGIS_prd.DBO.LegalLotLine,Lglot_ID,-1,-1;AdminJoin "AdminJoin" true true false 1 Text 0 0 ,First,#,\\Tempest\Shared\GIS\Data\Sharing\Data Download Portal\Sawyer Read.sde\vectorgis_prd.DBO.Assessor\VectorGIS_prd.DBO.LegalLotLine,AdminJoin,-1,-1;Type "Type" true true false 15 Text 0 0 ,First,#,\\Tempest\Shared\GIS\Data\Sharing\Data Download Portal\Sawyer Read.sde\vectorgis_prd.DBO.Assessor\VectorGIS_prd.DBO.LegalLotLine,Type,-1,-1;StreetName "StreetName" true true false 50 Text 0 0 ,First,#,\\Tempest\Shared\GIS\Data\Sharing\Data Download Portal\Sawyer Read.sde\vectorgis_prd.DBO.Assessor\VectorGIS_prd.DBO.LegalLotLine,StreetName,-1,-1;RecordedDate "RecordedDate" true true false 8 Date 0 0 ,First,#,\\Tempest\Shared\GIS\Data\Sharing\Data Download Portal\Sawyer Read.sde\vectorgis_prd.DBO.Assessor\VectorGIS_prd.DBO.LegalLotLine,RecordedDate,-1,-1;Reference "Reference" true true false 50 Text 0 0 ,First,#,\\Tempest\Shared\GIS\Data\Sharing\Data Download Portal\Sawyer Read.sde\vectorgis_prd.DBO.Assessor\VectorGIS_prd.DBO.LegalLotLine,Reference,-1,-1;Editor "Editor" true true false 50 Text 0 0 ,First,#,\\Tempest\Shared\GIS\Data\Sharing\Data Download Portal\Sawyer Read.sde\vectorgis_prd.DBO.Assessor\VectorGIS_prd.DBO.LegalLotLine,Editor,-1,-1;DateModify "DateModify" true true false 8 Date 0 0 ,First,#,\\Tempest\Shared\GIS\Data\Sharing\Data Download Portal\Sawyer Read.sde\vectorgis_prd.DBO.Assessor\VectorGIS_prd.DBO.LegalLotLine,DateModify,-1,-1;GlobalID "GlobalID" false false true 38 GlobalID 0 0 ,First,#,\\Tempest\Shared\GIS\Data\Sharing\Data Download Portal\Sawyer Read.sde\vectorgis_prd.DBO.Assessor\VectorGIS_prd.DBO.LegalLotLine,GlobalID,-1,-1;Shape_Length "Shape_Length" false true true 8 Double 0 0 ,First,#" #</Process><Process Name="Delete Rows (2)" ToolSource="C:\Program Files (x86)\ArcGIS\Desktop10.0\ArcToolbox\Toolboxes\Data Management Tools.tbx\DeleteRows" Date="20130416" Time="111311">DeleteRows "\\Tempest\Shared\GIS\Data\Sharing\Data Download Portal\Staging\PropertyGDB\Property.gdb\LegalLotLine"</Process><Process Name="Legal Lot Line Append" ToolSource="C:\Program Files (x86)\ArcGIS\Desktop10.0\ArcToolbox\Toolboxes\Data Management Tools.tbx\Append" Date="20130905" Time="160220">Append '\\Tempest\Shared\GIS\Data\Sharing\Data Download Portal\Sawyer Read.sde\vectorgis_prd.DBO.Assessor\VectorGIS_prd.DBO.LegalLotLine' "\\Tempest\Shared\GIS\Data\Sharing\Data Download Portal\Staging\PropertyGDB\Property.gdb\LegalLotLine" NO_TEST "Lglot_ID "Lglot_ID" true true false 4 Long 0 0 ,First,#,\\Tempest\Shared\GIS\Data\Sharing\Data Download Portal\Sawyer Read.sde\vectorgis_prd.DBO.Assessor\VectorGIS_prd.DBO.LegalLotLine,Lglot_ID,-1,-1;AdminJoin "AdminJoin" true true false 1 Text 0 0 ,First,#,\\Tempest\Shared\GIS\Data\Sharing\Data Download Portal\Sawyer Read.sde\vectorgis_prd.DBO.Assessor\VectorGIS_prd.DBO.LegalLotLine,AdminJoin,-1,-1;Type "Type" true true false 15 Text 0 0 ,First,#,\\Tempest\Shared\GIS\Data\Sharing\Data Download Portal\Sawyer Read.sde\vectorgis_prd.DBO.Assessor\VectorGIS_prd.DBO.LegalLotLine,Type,-1,-1;StreetName "StreetName" true true false 50 Text 0 0 ,First,#,\\Tempest\Shared\GIS\Data\Sharing\Data Download Portal\Sawyer Read.sde\vectorgis_prd.DBO.Assessor\VectorGIS_prd.DBO.LegalLotLine,StreetName,-1,-1;RecordedDate "RecordedDate" true true false 8 Date 0 0 ,First,#,\\Tempest\Shared\GIS\Data\Sharing\Data Download Portal\Sawyer Read.sde\vectorgis_prd.DBO.Assessor\VectorGIS_prd.DBO.LegalLotLine,RecordedDate,-1,-1;Reference "Reference" true true false 50 Text 0 0 ,First,#,\\Tempest\Shared\GIS\Data\Sharing\Data Download Portal\Sawyer Read.sde\vectorgis_prd.DBO.Assessor\VectorGIS_prd.DBO.LegalLotLine,Reference,-1,-1;Editor "Editor" true true false 50 Text 0 0 ,First,#,\\Tempest\Shared\GIS\Data\Sharing\Data Download Portal\Sawyer Read.sde\vectorgis_prd.DBO.Assessor\VectorGIS_prd.DBO.LegalLotLine,Editor,-1,-1;DateModify "DateModify" true true false 8 Date 0 0 ,First,#,\\Tempest\Shared\GIS\Data\Sharing\Data Download Portal\Sawyer Read.sde\vectorgis_prd.DBO.Assessor\VectorGIS_prd.DBO.LegalLotLine,DateModify,-1,-1;GlobalID "GlobalID" false false true 38 GlobalID 0 0 ,First,#,\\Tempest\Shared\GIS\Data\Sharing\Data Download Portal\Sawyer Read.sde\vectorgis_prd.DBO.Assessor\VectorGIS_prd.DBO.LegalLotLine,GlobalID,-1,-1;Shape_Length "Shape_Length" false true true 8 Double 0 0 ,First,#" #</Process><Process Name="Delete Rows (2)" ToolSource="C:\Program Files (x86)\ArcGIS\Desktop10.0\ArcToolbox\Toolboxes\Data Management Tools.tbx\DeleteRows" Date="20130905" Time="160923">DeleteRows "\\Tempest\Shared\GIS\Data\Sharing\Data Download Portal\Staging\PropertyGDB\Property.gdb\LegalLotLine"</Process><Process Name="Legal Lot Line Append" ToolSource="C:\Program Files (x86)\ArcGIS\Desktop10.0\ArcToolbox\Toolboxes\Data Management Tools.tbx\Append" Date="20130918" Time="150342">Append '\\Tempest\Shared\GIS\Data\Sharing\Data Download Portal\Sawyer Read.sde\vectorgis_prd.DBO.Assessor\VectorGIS_prd.DBO.LegalLotLine' "\\Tempest\Shared\GIS\Data\Sharing\Data Download Portal\Staging\PropertyGDB\Property.gdb\LegalLotLine" NO_TEST "Lglot_ID "Lglot_ID" true true false 4 Long 0 0 ,First,#,\\Tempest\Shared\GIS\Data\Sharing\Data Download Portal\Sawyer Read.sde\vectorgis_prd.DBO.Assessor\VectorGIS_prd.DBO.LegalLotLine,Lglot_ID,-1,-1;AdminJoin "AdminJoin" true true false 1 Text 0 0 ,First,#,\\Tempest\Shared\GIS\Data\Sharing\Data Download Portal\Sawyer Read.sde\vectorgis_prd.DBO.Assessor\VectorGIS_prd.DBO.LegalLotLine,AdminJoin,-1,-1;Type "Type" true true false 15 Text 0 0 ,First,#,\\Tempest\Shared\GIS\Data\Sharing\Data Download Portal\Sawyer Read.sde\vectorgis_prd.DBO.Assessor\VectorGIS_prd.DBO.LegalLotLine,Type,-1,-1;StreetName "StreetName" true true false 50 Text 0 0 ,First,#,\\Tempest\Shared\GIS\Data\Sharing\Data Download Portal\Sawyer Read.sde\vectorgis_prd.DBO.Assessor\VectorGIS_prd.DBO.LegalLotLine,StreetName,-1,-1;RecordedDate "RecordedDate" true true false 8 Date 0 0 ,First,#,\\Tempest\Shared\GIS\Data\Sharing\Data Download Portal\Sawyer Read.sde\vectorgis_prd.DBO.Assessor\VectorGIS_prd.DBO.LegalLotLine,RecordedDate,-1,-1;Reference "Reference" true true false 50 Text 0 0 ,First,#,\\Tempest\Shared\GIS\Data\Sharing\Data Download Portal\Sawyer Read.sde\vectorgis_prd.DBO.Assessor\VectorGIS_prd.DBO.LegalLotLine,Reference,-1,-1;Editor "Editor" true true false 50 Text 0 0 ,First,#,\\Tempest\Shared\GIS\Data\Sharing\Data Download Portal\Sawyer Read.sde\vectorgis_prd.DBO.Assessor\VectorGIS_prd.DBO.LegalLotLine,Editor,-1,-1;DateModify "DateModify" true true false 8 Date 0 0 ,First,#,\\Tempest\Shared\GIS\Data\Sharing\Data Download Portal\Sawyer Read.sde\vectorgis_prd.DBO.Assessor\VectorGIS_prd.DBO.LegalLotLine,DateModify,-1,-1;GlobalID "GlobalID" false false true 38 GlobalID 0 0 ,First,#,\\Tempest\Shared\GIS\Data\Sharing\Data Download Portal\Sawyer Read.sde\vectorgis_prd.DBO.Assessor\VectorGIS_prd.DBO.LegalLotLine,GlobalID,-1,-1;Shape_Length "Shape_Length" false true true 8 Double 0 0 ,First,#" #</Process><Process Name="Delete Rows (2)" ToolSource="C:\Program Files (x86)\ArcGIS\Desktop10.0\ArcToolbox\Toolboxes\Data Management Tools.tbx\DeleteRows" Date="20130918" Time="150829">DeleteRows "\\Tempest\Shared\GIS\Data\Sharing\Data Download Portal\Staging\PropertyGDB\Property.gdb\LegalLotLine"</Process><Process Name="Legal Lot Line Append" ToolSource="C:\Program Files (x86)\ArcGIS\Desktop10.0\ArcToolbox\Toolboxes\Data Management Tools.tbx\Append" Date="20140103" Time="134027">Append '\\Tempest\Shared\GIS\Data\Sharing\Data Download Portal\Sawyer Read.sde\vectorgis_prd.DBO.Assessor\VectorGIS_prd.DBO.LegalLotLine' "\\Tempest\Shared\GIS\Data\Sharing\Data Download Portal\Staging\PropertyGDB\Property.gdb\LegalLotLine" NO_TEST "Lglot_ID "Lglot_ID" true true false 4 Long 0 0 ,First,#,\\Tempest\Shared\GIS\Data\Sharing\Data Download Portal\Sawyer Read.sde\vectorgis_prd.DBO.Assessor\VectorGIS_prd.DBO.LegalLotLine,Lglot_ID,-1,-1;AdminJoin "AdminJoin" true true false 1 Text 0 0 ,First,#,\\Tempest\Shared\GIS\Data\Sharing\Data Download Portal\Sawyer Read.sde\vectorgis_prd.DBO.Assessor\VectorGIS_prd.DBO.LegalLotLine,AdminJoin,-1,-1;Type "Type" true true false 15 Text 0 0 ,First,#,\\Tempest\Shared\GIS\Data\Sharing\Data Download Portal\Sawyer Read.sde\vectorgis_prd.DBO.Assessor\VectorGIS_prd.DBO.LegalLotLine,Type,-1,-1;StreetName "StreetName" true true false 50 Text 0 0 ,First,#,\\Tempest\Shared\GIS\Data\Sharing\Data Download Portal\Sawyer Read.sde\vectorgis_prd.DBO.Assessor\VectorGIS_prd.DBO.LegalLotLine,StreetName,-1,-1;RecordedDate "RecordedDate" true true false 8 Date 0 0 ,First,#,\\Tempest\Shared\GIS\Data\Sharing\Data Download Portal\Sawyer Read.sde\vectorgis_prd.DBO.Assessor\VectorGIS_prd.DBO.LegalLotLine,RecordedDate,-1,-1;Reference "Reference" true true false 50 Text 0 0 ,First,#,\\Tempest\Shared\GIS\Data\Sharing\Data Download Portal\Sawyer Read.sde\vectorgis_prd.DBO.Assessor\VectorGIS_prd.DBO.LegalLotLine,Reference,-1,-1;Editor "Editor" true true false 50 Text 0 0 ,First,#,\\Tempest\Shared\GIS\Data\Sharing\Data Download Portal\Sawyer Read.sde\vectorgis_prd.DBO.Assessor\VectorGIS_prd.DBO.LegalLotLine,Editor,-1,-1;DateModify "DateModify" true true false 8 Date 0 0 ,First,#,\\Tempest\Shared\GIS\Data\Sharing\Data Download Portal\Sawyer Read.sde\vectorgis_prd.DBO.Assessor\VectorGIS_prd.DBO.LegalLotLine,DateModify,-1,-1;GlobalID "GlobalID" false false true 38 GlobalID 0 0 ,First,#,\\Tempest\Shared\GIS\Data\Sharing\Data Download Portal\Sawyer Read.sde\vectorgis_prd.DBO.Assessor\VectorGIS_prd.DBO.LegalLotLine,GlobalID,-1,-1;Shape_Length "Shape_Length" false true true 8 Double 0 0 ,First,#" #</Process><Process Name="Delete Rows (2)" ToolSource="C:\Program Files (x86)\ArcGIS\Desktop10.0\ArcToolbox\Toolboxes\Data Management Tools.tbx\DeleteRows" Date="20140103" Time="135800">DeleteRows "\\Tempest\Shared\GIS\Data\Sharing\Data Download Portal\Staging\PropertyGDB\Property.gdb\LegalLotLine"</Process><Process Name="Legal Lot Line Append" ToolSource="C:\Program Files (x86)\ArcGIS\Desktop10.0\ArcToolbox\Toolboxes\Data Management Tools.tbx\Append" Date="20140108" Time="123400">Append '\\Tempest\Shared\GIS\Data\Sharing\Data Download Portal\Sawyer Read.sde\vectorgis_prd.DBO.Assessor\VectorGIS_prd.DBO.LegalLotLine' "\\Tempest\Shared\GIS\Data\Sharing\Data Download Portal\Staging\PropertyGDB\Property.gdb\LegalLotLine" NO_TEST "Lglot_ID "Lglot_ID" true true false 4 Long 0 0 ,First,#,\\Tempest\Shared\GIS\Data\Sharing\Data Download Portal\Sawyer Read.sde\vectorgis_prd.DBO.Assessor\VectorGIS_prd.DBO.LegalLotLine,Lglot_ID,-1,-1;AdminJoin "AdminJoin" true true false 1 Text 0 0 ,First,#,\\Tempest\Shared\GIS\Data\Sharing\Data Download Portal\Sawyer Read.sde\vectorgis_prd.DBO.Assessor\VectorGIS_prd.DBO.LegalLotLine,AdminJoin,-1,-1;Type "Type" true true false 15 Text 0 0 ,First,#,\\Tempest\Shared\GIS\Data\Sharing\Data Download Portal\Sawyer Read.sde\vectorgis_prd.DBO.Assessor\VectorGIS_prd.DBO.LegalLotLine,Type,-1,-1;StreetName "StreetName" true true false 50 Text 0 0 ,First,#,\\Tempest\Shared\GIS\Data\Sharing\Data Download Portal\Sawyer Read.sde\vectorgis_prd.DBO.Assessor\VectorGIS_prd.DBO.LegalLotLine,StreetName,-1,-1;RecordedDate "RecordedDate" true true false 8 Date 0 0 ,First,#,\\Tempest\Shared\GIS\Data\Sharing\Data Download Portal\Sawyer Read.sde\vectorgis_prd.DBO.Assessor\VectorGIS_prd.DBO.LegalLotLine,RecordedDate,-1,-1;Reference "Reference" true true false 50 Text 0 0 ,First,#,\\Tempest\Shared\GIS\Data\Sharing\Data Download Portal\Sawyer Read.sde\vectorgis_prd.DBO.Assessor\VectorGIS_prd.DBO.LegalLotLine,Reference,-1,-1;Editor "Editor" true true false 50 Text 0 0 ,First,#,\\Tempest\Shared\GIS\Data\Sharing\Data Download Portal\Sawyer Read.sde\vectorgis_prd.DBO.Assessor\VectorGIS_prd.DBO.LegalLotLine,Editor,-1,-1;DateModify "DateModify" true true false 8 Date 0 0 ,First,#,\\Tempest\Shared\GIS\Data\Sharing\Data Download Portal\Sawyer Read.sde\vectorgis_prd.DBO.Assessor\VectorGIS_prd.DBO.LegalLotLine,DateModify,-1,-1;GlobalID "GlobalID" false false true 38 GlobalID 0 0 ,First,#,\\Tempest\Shared\GIS\Data\Sharing\Data Download Portal\Sawyer Read.sde\vectorgis_prd.DBO.Assessor\VectorGIS_prd.DBO.LegalLotLine,GlobalID,-1,-1;Shape_Length "Shape_Length" false true true 8 Double 0 0 ,First,#" #</Process><Process Name="Delete Rows (2)" ToolSource="C:\Program Files (x86)\ArcGIS\Desktop10.0\ArcToolbox\Toolboxes\Data Management Tools.tbx\DeleteRows" Date="20140108" Time="124254">DeleteRows "\\Tempest\Shared\GIS\Data\Sharing\Data Download Portal\Staging\PropertyGDB\Property.gdb\LegalLotLine"</Process><Process Name="Legal Lot Line Append" ToolSource="C:\Program Files (x86)\ArcGIS\Desktop10.0\ArcToolbox\Toolboxes\Data Management Tools.tbx\Append" Date="20140130" Time="112919">Append '\\Tempest\Shared\GIS\Data\Sharing\Data Download Portal\Sawyer Read.sde\vectorgis_prd.DBO.Assessor\VectorGIS_prd.DBO.LegalLotLine' "\\Tempest\Shared\GIS\Data\Sharing\Data Download Portal\Staging\PropertyGDB\Property.gdb\LegalLotLine" NO_TEST "Lglot_ID "Lglot_ID" true true false 4 Long 0 0 ,First,#,\\Tempest\Shared\GIS\Data\Sharing\Data Download Portal\Sawyer Read.sde\vectorgis_prd.DBO.Assessor\VectorGIS_prd.DBO.LegalLotLine,Lglot_ID,-1,-1;AdminJoin "AdminJoin" true true false 1 Text 0 0 ,First,#,\\Tempest\Shared\GIS\Data\Sharing\Data Download Portal\Sawyer Read.sde\vectorgis_prd.DBO.Assessor\VectorGIS_prd.DBO.LegalLotLine,AdminJoin,-1,-1;Type "Type" true true false 15 Text 0 0 ,First,#,\\Tempest\Shared\GIS\Data\Sharing\Data Download Portal\Sawyer Read.sde\vectorgis_prd.DBO.Assessor\VectorGIS_prd.DBO.LegalLotLine,Type,-1,-1;StreetName "StreetName" true true false 50 Text 0 0 ,First,#,\\Tempest\Shared\GIS\Data\Sharing\Data Download Portal\Sawyer Read.sde\vectorgis_prd.DBO.Assessor\VectorGIS_prd.DBO.LegalLotLine,StreetName,-1,-1;RecordedDate "RecordedDate" true true false 8 Date 0 0 ,First,#,\\Tempest\Shared\GIS\Data\Sharing\Data Download Portal\Sawyer Read.sde\vectorgis_prd.DBO.Assessor\VectorGIS_prd.DBO.LegalLotLine,RecordedDate,-1,-1;Reference "Reference" true true false 50 Text 0 0 ,First,#,\\Tempest\Shared\GIS\Data\Sharing\Data Download Portal\Sawyer Read.sde\vectorgis_prd.DBO.Assessor\VectorGIS_prd.DBO.LegalLotLine,Reference,-1,-1;Editor "Editor" true true false 50 Text 0 0 ,First,#,\\Tempest\Shared\GIS\Data\Sharing\Data Download Portal\Sawyer Read.sde\vectorgis_prd.DBO.Assessor\VectorGIS_prd.DBO.LegalLotLine,Editor,-1,-1;DateModify "DateModify" true true false 8 Date 0 0 ,First,#,\\Tempest\Shared\GIS\Data\Sharing\Data Download Portal\Sawyer Read.sde\vectorgis_prd.DBO.Assessor\VectorGIS_prd.DBO.LegalLotLine,DateModify,-1,-1;GlobalID "GlobalID" false false true 38 GlobalID 0 0 ,First,#,\\Tempest\Shared\GIS\Data\Sharing\Data Download Portal\Sawyer Read.sde\vectorgis_prd.DBO.Assessor\VectorGIS_prd.DBO.LegalLotLine,GlobalID,-1,-1;Shape_Length "Shape_Length" false true true 8 Double 0 0 ,First,#" #</Process><Process Name="Delete Rows (2)" ToolSource="C:\Program Files (x86)\ArcGIS\Desktop10.0\ArcToolbox\Toolboxes\Data Management Tools.tbx\DeleteRows" Date="20140130" Time="113559">DeleteRows "\\Tempest\Shared\GIS\Data\Sharing\Data Download Portal\Staging\PropertyGDB\Property.gdb\LegalLotLine"</Process><Process Name="Legal Lot Line Append" ToolSource="C:\Program Files (x86)\ArcGIS\Desktop10.0\ArcToolbox\Toolboxes\Data Management Tools.tbx\Append" Date="20140404" Time="162327">Append '\\Tempest\Shared\GIS\Data\Sharing\Data Download Portal\Sawyer Read.sde\vectorgis_prd.DBO.Assessor\VectorGIS_prd.DBO.LegalLotLine' "\\Tempest\Shared\GIS\Data\Sharing\Data Download Portal\Staging\Property\PropertyGDB\Property.gdb\LegalLotLine" NO_TEST "Lglot_ID "Lglot_ID" true true false 4 Long 0 0 ,First,#,\\Tempest\Shared\GIS\Data\Sharing\Data Download Portal\Sawyer Read.sde\vectorgis_prd.DBO.Assessor\VectorGIS_prd.DBO.LegalLotLine,Lglot_ID,-1,-1;AdminJoin "AdminJoin" true true false 1 Text 0 0 ,First,#,\\Tempest\Shared\GIS\Data\Sharing\Data Download Portal\Sawyer Read.sde\vectorgis_prd.DBO.Assessor\VectorGIS_prd.DBO.LegalLotLine,AdminJoin,-1,-1;Type "Type" true true false 15 Text 0 0 ,First,#,\\Tempest\Shared\GIS\Data\Sharing\Data Download Portal\Sawyer Read.sde\vectorgis_prd.DBO.Assessor\VectorGIS_prd.DBO.LegalLotLine,Type,-1,-1;StreetName "StreetName" true true false 50 Text 0 0 ,First,#,\\Tempest\Shared\GIS\Data\Sharing\Data Download Portal\Sawyer Read.sde\vectorgis_prd.DBO.Assessor\VectorGIS_prd.DBO.LegalLotLine,StreetName,-1,-1;RecordedDate "RecordedDate" true true false 8 Date 0 0 ,First,#,\\Tempest\Shared\GIS\Data\Sharing\Data Download Portal\Sawyer Read.sde\vectorgis_prd.DBO.Assessor\VectorGIS_prd.DBO.LegalLotLine,RecordedDate,-1,-1;Reference "Reference" true true false 50 Text 0 0 ,First,#,\\Tempest\Shared\GIS\Data\Sharing\Data Download Portal\Sawyer Read.sde\vectorgis_prd.DBO.Assessor\VectorGIS_prd.DBO.LegalLotLine,Reference,-1,-1;Editor "Editor" true true false 50 Text 0 0 ,First,#,\\Tempest\Shared\GIS\Data\Sharing\Data Download Portal\Sawyer Read.sde\vectorgis_prd.DBO.Assessor\VectorGIS_prd.DBO.LegalLotLine,Editor,-1,-1;DateModify "DateModify" true true false 8 Date 0 0 ,First,#,\\Tempest\Shared\GIS\Data\Sharing\Data Download Portal\Sawyer Read.sde\vectorgis_prd.DBO.Assessor\VectorGIS_prd.DBO.LegalLotLine,DateModify,-1,-1;GlobalID "GlobalID" false false true 38 GlobalID 0 0 ,First,#,\\Tempest\Shared\GIS\Data\Sharing\Data Download Portal\Sawyer Read.sde\vectorgis_prd.DBO.Assessor\VectorGIS_prd.DBO.LegalLotLine,GlobalID,-1,-1;Shape_Length "Shape_Length" false true true 8 Double 0 0 ,First,#" #</Process><Process ToolSource="C:\Program Files (x86)\ArcGIS\Desktop10.0\ArcToolbox\Toolboxes\Data Management Tools.tbx\CopyFeatures" Date="20140404" Time="162640">CopyFeatures "\\Tempest\Shared\GIS\Data\Sharing\Data Download Portal\Staging\Property\PropertyGDB\Property.gdb\LegalLotLine" "\\Tempest\Shared\GIS\Data\Sharing\Data Download Portal\Staging\Property\PropertySHP\LegalLotLine.shp" # 0 0 0</Process></lineage><itemProps><itemName Sync="TRUE">LegalLotLine</itemName><imsContentType Sync="TRUE">002</imsContentType><itemSize Sync="TRUE">0.000</itemSize><itemLocation><linkage Sync="TRUE">file://\\Tempest\Shared\GIS\Data\Sharing\Data Download Portal\Staging\Property\PropertySHP\LegalLotLine.shp</linkage><protocol Sync="TRUE">Local Area Network</protocol></itemLocation></itemProps><coordRef><type Sync="TRUE">Projected</type><geogcsn Sync="TRUE">GCS_North_American_1983</geogcsn><csUnits Sync="TRUE">Linear Unit: Foot_US (0.304801)</csUnits><projcsn Sync="TRUE">NAD_1983_StatePlane_Virginia_South_FIPS_4502_Feet</projcsn><peXml Sync="TRUE">&lt;ProjectedCoordinateSystem xsi:type='typens:ProjectedCoordinateSystem' xmlns:xsi='http://www.w3.org/2001/XMLSchema-instance' xmlns:xs='http://www.w3.org/2001/XMLSchema' xmlns:typens='http://www.esri.com/schemas/ArcGIS/10.0'&gt;&lt;WKT&gt;PROJCS[&amp;quot;NAD_1983_StatePlane_Virginia_South_FIPS_4502_Feet&amp;quot;,GEOGCS[&amp;quot;GCS_North_American_1983&amp;quot;,DATUM[&amp;quot;D_North_American_1983&amp;quot;,SPHEROID[&amp;quot;GRS_1980&amp;quot;,6378137.0,298.257222101]],PRIMEM[&amp;quot;Greenwich&amp;quot;,0.0],UNIT[&amp;quot;Degree&amp;quot;,0.0174532925199433]],PROJECTION[&amp;quot;Lambert_Conformal_Conic&amp;quot;],PARAMETER[&amp;quot;False_Easting&amp;quot;,11482916.66666666],PARAMETER[&amp;quot;False_Northing&amp;quot;,3280833.333333333],PARAMETER[&amp;quot;Central_Meridian&amp;quot;,-78.5],PARAMETER[&amp;quot;Standard_Parallel_1&amp;quot;,36.76666666666667],PARAMETER[&amp;quot;Standard_Parallel_2&amp;quot;,37.96666666666667],PARAMETER[&amp;quot;Latitude_Of_Origin&amp;quot;,36.33333333333334],UNIT[&amp;quot;Foot_US&amp;quot;,0.3048006096012192],AUTHORITY[&amp;quot;EPSG&amp;quot;,2284]]&lt;/WKT&gt;&lt;XOrigin&gt;-111140600&lt;/XOrigin&gt;&lt;YOrigin&gt;-91532100&lt;/YOrigin&gt;&lt;XYScale&gt;36727036.750856541&lt;/XYScale&gt;&lt;ZOrigin&gt;-100000&lt;/ZOrigin&gt;&lt;ZScale&gt;10000&lt;/ZScale&gt;&lt;MOrigin&gt;-100000&lt;/MOrigin&gt;&lt;MScale&gt;10000&lt;/MScale&gt;&lt;XYTolerance&gt;0.0032808333333333335&lt;/XYTolerance&gt;&lt;ZTolerance&gt;0.001&lt;/ZTolerance&gt;&lt;MTolerance&gt;0.001&lt;/MTolerance&gt;&lt;HighPrecision&gt;true&lt;/HighPrecision&gt;&lt;WKID&gt;2284&lt;/WKID&gt;&lt;/ProjectedCoordinateSystem&gt;</peXml></coordRef></DataProperties></Esri><idinfo><native Sync="TRUE">Microsoft Windows 2000 Version 5.2 (Build 3790) Service Pack 2; ESRI ArcCatalog 9.3.1.4000</native><descript><langdata Sync="TRUE">en</langdata><abstract>REQUIRED: A brief narrative summary of the data set.</abstract><purpose>REQUIRED: A summary of the intentions with which the data set was developed.</purpose></descript><citation><citeinfo><origin>REQUIRED: The name of an organization or individual that developed the data set.</origin><pubdate>REQUIRED: The date when the data set is published or otherwise made available for release.</pubdate><title Sync="TRUE">LegalLotLine</title><ftname Sync="TRUE">LegalLotLine</ftname><geoform Sync="TRUE">vector digital data</geoform><onlink Sync="TRUE">\\GIS-RMR\C$\TEMP\GIS_DataDownload_Staging_Property\GDB\Property.gdb</onlink></citeinfo></citation><timeperd><current>REQUIRED: The basis on which the time period of content information is determined.</current><timeinfo><sngdate><caldate>REQUIRED: The year (and optionally month, or month and day) for which the data set corresponds to the ground.</caldate></sngdate></timeinfo></timeperd><status><progress>REQUIRED: The state of the data set.</progress><update>REQUIRED: The frequency with which changes and additions are made to the data set after the initial data set is completed.</update></status><spdom><bounding><westbc Sync="TRUE">REQUIRED: Western-most coordinate of the limit of coverage expressed in longitude.</westbc><eastbc Sync="TRUE">REQUIRED: Eastern-most coordinate of the limit of coverage expressed in longitude.</eastbc><northbc Sync="TRUE">REQUIRED: Northern-most coordinate of the limit of coverage expressed in latitude.</northbc><southbc Sync="TRUE">REQUIRED: Southern-most coordinate of the limit of coverage expressed in latitude.</southbc></bounding></spdom><keywords><theme><themekt>REQUIRED: Reference to a formally registered thesaurus or a similar authoritative source of theme keywords.</themekt><themekey>REQUIRED: Common-use word or phrase used to describe the subject of the data set.</themekey></theme></keywords><accconst>REQUIRED: Restrictions and legal prerequisites for accessing the data set.</accconst><useconst>REQUIRED: Restrictions and legal prerequisites for using the data set after access is granted.</useconst><natvform Sync="TRUE">File Geodatabase Feature Class</natvform></idinfo><dataIdInfo><envirDesc Sync="TRUE">Microsoft Windows 7 Version 6.1 (Build 7601) Service Pack 1; ESRI ArcGIS 10.0.5.4400</envirDesc><dataLang><languageCode Sync="TRUE" value="eng"></languageCode><countryCode value="USA" Sync="TRUE"></countryCode></dataLang><idCitation><resTitle Sync="TRUE">LegalLotLine</resTitle><presForm><PresFormCd Sync="TRUE" value="005"></PresFormCd></presForm></idCitation><spatRpType><SpatRepTypCd Sync="TRUE" value="001"></SpatRepTypCd></spatRpType></dataIdInfo><metainfo><langmeta Sync="TRUE">en</langmeta><metstdn Sync="TRUE">FGDC Content Standards for Digital Geospatial Metadata</metstdn><metstdv Sync="TRUE">FGDC-STD-001-1998</metstdv><mettc Sync="TRUE">local time</mettc><metc><cntinfo><cntorgp><cntper>REQUIRED: The person responsible for the metadata information.</cntper><cntorg>REQUIRED: The organization responsible for the metadata information.</cntorg></cntorgp><cntaddr><addrtype>REQUIRED: The mailing and/or physical address for the organization or individual.</addrtype><city>REQUIRED: The city of the address.</city><state>REQUIRED: The state or province of the address.</state><postal>REQUIRED: The ZIP or other postal code of the address.</postal></cntaddr><cntvoice>REQUIRED: The telephone number by which individuals can speak to the organization or individual.</cntvoice></cntinfo></metc><metd Sync="TRUE">20120201</metd></metainfo><mdLang><languageCode Sync="TRUE" value="eng"></languageCode><countryCode value="USA" Sync="TRUE"></countryCode></mdLang><mdStanName Sync="TRUE">ISO 19115 Geographic Information - Metadata</mdStanName><mdStanVer Sync="TRUE">DIS_ESRI1.0</mdStanVer><mdChar><CharSetCd Sync="TRUE" value="004"></CharSetCd></mdChar><mdHrLv><ScopeCd Sync="TRUE" value="005"></ScopeCd></mdHrLv><mdHrLvName Sync="TRUE">dataset</mdHrLvName><distinfo><resdesc Sync="TRUE">Downloadable Data</resdesc></distinfo><distInfo><distributor><distorTran><onLineSrc><orDesc Sync="TRUE">002</orDesc><linkage Sync="TRUE">file://\\GIS-RMR\C$\TEMP\GIS_DataDownload_Staging_Property\GDB\Property.gdb</linkage><protocol Sync="TRUE">Local Area Network</protocol></onLineSrc></distorTran><distorFormat><formatName Sync="TRUE">File Geodatabase Feature Class</formatName></distorFormat></distributor><distFormat><formatName Sync="TRUE">Shapefile</formatName></distFormat><distTranOps><transSize Sync="TRUE">0.000</transSize></distTranOps></distInfo><spdoinfo><direct Sync="TRUE">Vector</direct><ptvctinf><esriterm><efeatyp Sync="TRUE">Simple</efeatyp><efeageom code="3" Sync="TRUE"></efeageom><esritopo Sync="TRUE">FALSE</esritopo><efeacnt Sync="TRUE">0</efeacnt><spindex Sync="TRUE">FALSE</spindex><linrefer Sync="TRUE">TRUE</linrefer></esriterm></ptvctinf></spdoinfo><spref><horizsys><cordsysn><geogcsn Sync="TRUE">GCS_North_American_1983</geogcsn><projcsn Sync="TRUE">NAD_1983_StatePlane_Virginia_South_FIPS_4502_Feet</projcsn></cordsysn><planar><planci><plance Sync="TRUE">coordinate pair</plance><plandu Sync="TRUE">survey feet</plandu><coordrep><absres Sync="TRUE">0.000500</absres><ordres Sync="TRUE">0.000500</ordres></coordrep></planci></planar><geodetic><horizdn Sync="TRUE">North American Datum of 1983</horizdn><ellips Sync="TRUE">Geodetic Reference System 80</ellips><semiaxis Sync="TRUE">6378137.000000</semiaxis><denflat Sync="TRUE">298.257222</denflat></geodetic></horizsys><vertdef><altsys><altenc Sync="TRUE">Explicit elevation coordinate included with horizontal coordinates</altenc><altres Sync="TRUE">0.000100</altres></altsys></vertdef></spref><refSysInfo><RefSystem><refSysID><identCode Sync="TRUE" value="2284">NAD_1983_StatePlane_Virginia_South_FIPS_4502_Feet</identCode><idCodeSpace Sync="TRUE">EPSG</idCodeSpace><idVersion Sync="TRUE">7.4.1</idVersion></refSysID></RefSystem></refSysInfo><spatRepInfo><VectSpatRep><geometObjs Name="LegalLotLine"><geoObjTyp><GeoObjTypCd value="002" Sync="TRUE"></GeoObjTypCd></geoObjTyp><geoObjCnt Sync="TRUE">0</geoObjCnt></geometObjs><topLvl><TopoLevCd value="001" Sync="TRUE"></TopoLevCd></topLvl></VectSpatRep></spatRepInfo><eainfo><detailed Name="LegalLotLine"><enttyp><enttypl Sync="TRUE">LegalLotLine</enttypl><enttypt Sync="TRUE">Feature Class</enttypt><enttypc Sync="TRUE">0</enttypc></enttyp><attr><attrlabl Sync="TRUE">FID</attrlabl><attalias Sync="TRUE">FID</attalias><attrtype Sync="TRUE">OID</attrtype><attwidth Sync="TRUE">4</attwidth><atprecis Sync="TRUE">0</atprecis><attscale Sync="TRUE">0</attscale><attrdef Sync="TRUE">Internal feature number.</attrdef><attrdefs Sync="TRUE">ESRI</attrdefs><attrdomv><udom Sync="TRUE">Sequential unique whole numbers that are automatically generated.</udom></attrdomv></attr><attr><attrlabl Sync="TRUE">Lglot_ID</attrlabl><attalias Sync="TRUE">Lglot_ID</attalias><attrtype Sync="TRUE">Integer</attrtype><attwidth Sync="TRUE">9</attwidth><atprecis Sync="TRUE">9</atprecis><attscale Sync="TRUE">0</attscale></attr><attr><attrlabl Sync="TRUE">AdminJoin</attrlabl><attalias Sync="TRUE">AdminJoin</attalias><attrtype Sync="TRUE">String</attrtype><attwidth Sync="TRUE">1</attwidth><atprecis Sync="TRUE">0</atprecis><attscale Sync="TRUE">0</attscale></attr><attr><attrlabl Sync="TRUE">Type</attrlabl><attalias Sync="TRUE">Type</attalias><attrtype Sync="TRUE">String</attrtype><attwidth Sync="TRUE">15</attwidth><atprecis Sync="TRUE">0</atprecis><attscale Sync="TRUE">0</attscale></attr><attr><attrlabl Sync="TRUE">StreetName</attrlabl><attalias Sync="TRUE">StreetName</attalias><attrtype Sync="TRUE">String</attrtype><attwidth Sync="TRUE">50</attwidth><atprecis Sync="TRUE">0</atprecis><attscale Sync="TRUE">0</attscale></attr><attr><attrlabl Sync="TRUE">Reference</attrlabl><attalias Sync="TRUE">Reference</attalias><attrtype Sync="TRUE">String</attrtype><attwidth Sync="TRUE">50</attwidth><atprecis Sync="TRUE">0</atprecis><attscale Sync="TRUE">0</attscale></attr><attr><attrlabl Sync="TRUE">RecordedDa</attrlabl><attalias Sync="TRUE">RecordedDa</attalias><attrtype Sync="TRUE">Date</attrtype><attwidth Sync="TRUE">8</attwidth><atprecis Sync="TRUE">0</atprecis><attscale Sync="TRUE">0</attscale></attr><attr><attrlabl Sync="TRUE">Editor</attrlabl><attalias Sync="TRUE">Editor</attalias><attrtype Sync="TRUE">String</attrtype><attwidth Sync="TRUE">50</attwidth><atprecis Sync="TRUE">0</atprecis><attscale Sync="TRUE">0</attscale></attr><attr><attrlabl Sync="TRUE">DateModify</attrlabl><attalias Sync="TRUE">DateModify</attalias><attrtype Sync="TRUE">Date</attrtype><attwidth Sync="TRUE">8</attwidth><atprecis Sync="TRUE">0</atprecis><attscale Sync="TRUE">0</attscale></attr><attr><attrlabl Sync="TRUE">Shape</attrlabl><attalias Sync="TRUE">Shape</attalias><attrtype Sync="TRUE">Geometry</attrtype><attwidth Sync="TRUE">0</attwidth><atprecis Sync="TRUE">0</atprecis><attscale Sync="TRUE">0</attscale><attrdef Sync="TRUE">Feature geometry.</attrdef><attrdefs Sync="TRUE">ESRI</attrdefs><attrdomv><udom Sync="TRUE">Coordinates defining the features.</udom></attrdomv></attr><attr><attrlabl Sync="TRUE">Shape_Leng</attrlabl><attalias Sync="TRUE">Shape_Leng</attalias><attrtype Sync="TRUE">Double</attrtype><attwidth Sync="TRUE">19</attwidth><atprecis Sync="TRUE">0</atprecis><attscale Sync="TRUE">0</attscale></attr></detailed></eainfo><mdDateSt Sync="TRUE">20140404</mdDateSt></metadata>
