<metadata>
	<idinfo>
		<citation>
			<citeinfo>
				<origin>
U.S. Department of Agriculture, Natural Resources
Conservation Service
</origin>
				<pubdate>20080125</pubdate>
				<title Sync="TRUE">NVSWCDMGR.SOIL_SURVEY_FEET</title>
				<pubinfo>
					<pubplace>Fort Worth, Texas</pubplace>
					<publish>
U.S. Department of Agriculture, Natural Resources
Conservation Service
</publish>
				</pubinfo>
				<othercit>va059</othercit>
				<onlink Sync="TRUE">Server=ffxsde; Service=5157; User=gthoma; Version=SDE.DEFAULT</onlink>
				<ftname Sync="TRUE">NVSWCDMGR.SOIL_SURVEY_FEET</ftname><geoform Sync="TRUE">vector digital data</geoform></citeinfo>
		</citation>
		<descript>
			<abstract>
This data set is a digital soil survey and generally is the most
detailed level of soil geographic data developed by the National
Cooperative Soil Survey. The information was prepared by digitizing
maps, by compiling information onto a planimetric correct base
and digitizing, or by revising digitized maps using remotely
sensed and other information.

This data set consists of georeferenced digital map data and
computerized attribute data. The map data are in a soil survey area
extent format and include a detailed, field verified inventory
of soils and miscellaneous areas that normally occur in a repeatable
pattern on the landscape and that can be cartographically shown at
the scale mapped. A special soil features layer (point and line
features) is optional. This layer displays the location of features
too small to delineate at the mapping scale, but they are large
enough and contrasting enough to significantly influence use and
management. The soil map units are linked to attributes in the
National Soil Information System relational database, which gives
the proportionate extent of the component soils and their properties.
</abstract>
			<purpose>
SSURGO depicts information about the kinds and distribution of
soils on the landscape. The soil map and data used in the SSURGO
product were prepared by soil scientists as part of the National
Cooperative Soil Survey.
</purpose>
			<supplinf>
Digital versions of hydrography, cultural features, and other
associated layers that are not part of the SSURGO data set may be
available from the primary organization listed in the Point of
Contact.
</supplinf>
			<langdata Sync="TRUE">en</langdata></descript>
		<timeperd>
			<timeinfo>
				<rngdates>
					<begdate>20080125</begdate>
					<enddate>20080125</enddate>
				</rngdates>
				<sngdate><caldate>REQUIRED: The year (and optionally month, or month and day) for which the data set corresponds to the ground.</caldate></sngdate></timeinfo>
			<current>publication date</current>
		</timeperd>
		<status>
			<progress>Complete</progress>
			<update>As needed</update>
		</status>
		<spdom>
			<bounding>
				<westbc Sync="TRUE">-77.540080</westbc>
				<eastbc Sync="TRUE">-77.034666</eastbc>
				<northbc Sync="TRUE">39.059551</northbc>
				<southbc Sync="TRUE">38.603311</southbc>
			</bounding>
			<lboundng><leftbc Sync="TRUE">11757210.543095</leftbc><rightbc Sync="TRUE">11899028.296861</rightbc><bottombc Sync="TRUE">6906062.339274</bottombc><topbc Sync="TRUE">7070366.444393</topbc></lboundng></spdom>
		<keywords>
			<theme>
				<themekt>None</themekt>
				<themekey>soil survey</themekey>
				<themekey>soils</themekey>
				<themekey>Soil Survey Geographic</themekey>
				<themekey>SSURGO</themekey>
			</theme>
			<place>
				<placekt>USGS Geographic Names Information System (GNIS)</placekt>
				<placekey>Virginia</placekey>
				<placekey>Fairfax County</placekey>
				<placekey>Rockville SW Quadrangle</placekey>
				<placekey>Seneca SE Quadrangle</placekey>
				<placekey>Seneca SW Quadrangle</placekey>
				<placekey>Sterling SE Quadrangle</placekey>
				<placekey>Washington West NW Quadrangle</placekey>
				<placekey>Falls_Church NE Quadrangle</placekey>
				<placekey>Falls_Church NW Quadrangle</placekey>
				<placekey>Vienna NE Quadrangle</placekey>
				<placekey>Vienna NW Quadrangle</placekey>
				<placekey>Herndon NE Quadrangle</placekey>
				<placekey>Herndon NW Quadrangle</placekey>
				<placekey>Washington West SW Quadrangle</placekey>
				<placekey>Falls Church SE Quadrangle</placekey>
				<placekey>Falls Church SW Quadrangle</placekey>
				<placekey>Vienna SE Quadrangle</placekey>
				<placekey>Vienna SW Quadrangle</placekey>
				<placekey>Herndon SE Quadrangle</placekey>
				<placekey>Herndon SW Quadrangle</placekey>
				<placekey>Arcola SE Quadrangle</placekey>
				<placekey>Alexandria NW Quadrangle</placekey>
				<placekey>Annandale NE Quadrangle</placekey>
				<placekey>Annandale NW Quadrangle</placekey>
				<placekey>Fairfax NE Quadrangle</placekey>
				<placekey>Fairfax NW Quadrangle</placekey>
				<placekey>Manassas NE Quadrangle</placekey>
				<placekey>Manassas NW Quadrangle</placekey>
				<placekey>Gainesville NE Quadrangle</placekey>
				<placekey>Alexandria SE Quadrangle</placekey>
				<placekey>Alexandria SW Quadrangle</placekey>
				<placekey>Annandale SE Quadrangle</placekey>
				<placekey>Annandale SW Quadrangle</placekey>
				<placekey>Fairfax SE Quadrangle</placekey>
				<placekey>Fairfax SW Quadrangle</placekey>
				<placekey>Manassas SE Quadrangle</placekey>
				<placekey>Manassas SW Quadrangle</placekey>
				<placekey>Mount Vernon NE Quadrangle</placekey>
				<placekey>Mount Vernon NW Quadrangle</placekey>
				<placekey>Fort Belvoir NE Quadrangle</placekey>
				<placekey>Fort Belvoir NW Quadrangle</placekey>
				<placekey>Occoquan NE Quadrangle</placekey>
				<placekey>Occoquan NW Quadrangle</placekey>
				<placekey>Independent Hill NE Quadrangle</placekey>
				<placekey>Mount Vernon SW Quadrangle</placekey>
				<placekey>Fort Belvoir SE Quadrangle</placekey>
				<placekey>Fort Belvoir SW Quadrangle</placekey>
				<placekey>Occoquan SE Quadrangle</placekey>
				<placekey>Indian Head NE Quadrangle</placekey>
				<placekey>Indian Head NW Quadrangle</placekey>
			</place>
		</keywords>
		<accconst>None</accconst>
		<useconst>
The U.S. Department of Agriculture, Natural Resources Conservation
Service, should be acknowledged as the data source in products
derived from these data.

This data set is not designed for use as a primary regulatory tool
in permitting or citing decisions, but may be used as a reference
source. This is public information and may be interpreted by
organizations, agencies, units of government, or others based on
needs; however, they are responsible for the appropriate
application. Federal, State, or local regulatory bodies are not to
reassign to the Natural Resources Conservation Service any
authority for the decisions that they make. The Natural Resources
Conservation Service will not perform any evaluations of these maps
for purposes related solely to State or local regulatory programs.

Photographic or digital enlargement of these maps to scales greater
than at which they were originally mapped can cause misinterpretation
of the data. If enlarged, maps do not show the small areas of
contrasting soils that could have been shown at a larger scale. The
depicted soil boundaries, interpretations, and analysis derived from
them do not eliminate the need for onsite sampling, testing, and
detailed study of specific sites for intensive uses. Thus, these data
and their interpretations are intended for planning purposes only.
Digital data files are periodically updated. Files are dated, and
users are responsible for obtaining the latest version of the data.
</useconst>
		<ptcontac>
			<cntinfo>
				<cntorgp>
					<cntorg>U.S. Department of Agriculture, Natural Resources Conservation Service</cntorg>
				</cntorgp>
				<cntpos>State Soil Scientist</cntpos>
				<cntaddr>
					<addrtype>mailing address</addrtype>
					<address>1606 Santa Rosa Road</address>
					<address>Suite 209</address>
					<city>Richmond</city>
					<state>VA</state>
					<postal>23229</postal>
				</cntaddr>
				<cntvoice>804-287-1646</cntvoice>
				<cnttdd>(202) 720-2600</cnttdd>
				<cntfax>804-287-1736</cntfax>
				<cntemail>david.kriz@va.usda.gov</cntemail>
			</cntinfo>
		</ptcontac>
		<native Sync="TRUE">Microsoft Windows Vista Version 6.1 (Build 7601) Service Pack 1; ESRI ArcCatalog 9.3.1.1850</native><natvform Sync="TRUE">SDE Feature Class</natvform></idinfo>
	<dataqual>
		<attracc>
			<attraccr>
Attribute accuracy is tested by manual
comparison of the source with hard copy plots and/or symbolized
display of the map data on an interactive computer graphic system.
Selected attributes that cannot be visually verified on plots or
on screen are interactively queried and verified on screen. In
addition, the attributes are tested against a master set of valid
attributes. All attribute data conform to the attribute codes in
the signed classification and correlation document and amendment(s).
</attraccr>
		</attracc>
		<logic>
Certain node/geometry and topology GT- polygon/chain relationships
are collected or generated to satisfy topological requirements
(the GT-polygon corresponds to the soil delineation). Some of these
requirements include: chains must begin and end at nodes, chains
must connect to each other at nodes, chains do not extend through
nodes, left and right GT-polygons are defined for each chain
element and are consistent throughout, and the chains representing
the limits of the file are free of gaps. The tests of logical
consistency are performed using vendor software. All internal
polygons are tested for closure with vendor software and are checked
on hard copy plots. All data are checked for common soil lines (i.e.,
adjacent polygons with the same label). Edge locations generally do
not deviate from centerline to centerline by more than 0.01 inch.
This soil survey is not edge matched to the Arlington County, Virginia,
City of Alexandria, Virginia, City of Fairfax, Virginia, City of
Falls Church, Virginia, Loudoun County, Virginia, Prince William
County, Virginia, and Montgomery County, Maryland, soil surveys.
</logic>
		<complete>
A map unit is a collection of areas defined and named in terms of
their soil components or miscellaneous areas or both. Each map
unit differs in some respect from all others in a survey area and
each map unit has a symbol that uniquely identifies the map unit
on a soil map. Each individual area, point, or line so identified
on the map is a delineation.

Soil Scientists identify small areas of soils or miscellaneous areas
that have properties and behavior significantly different than the
named soils in the surrounding map unit. These minor components
may be indicated as special features. If they have a minimal effect
on use and management, or could not be precisely located, they may
not be indicated on the map.

A map unit has specified kinds of soils or miscellaneous areas
(map unit components), each with a designated range in
proportionate extent. Map units include one or more kinds of soil
or miscellaneous area. Miscellaneous areas are areas that have little
or no recognizable soil.

Specific National Cooperative Soil Survey standards and procedures
were used in the classification of soils, design and name of map
units, and location of special soil features. These standards are
outlined in Agricultural Handbook 18, Soil Survey Manual, 1993,
USDA, NRCS; Agricultural Handbook 436, Soil Taxonomy, 1995,
USDA, NRCS; and all Amendments; Keys to Soil Taxonomy,
(current issue) USDA, NRCS; National Soil Survey
Handbook, title 430-VI,(current issue) USDA, NRCS.

The actual composition and interpretive purity of the map unit
delineations were based on data collected by scientists during
the course of preparing the soil maps. Adherence to National
Cooperative Soil Survey standards and procedures is based on
peer review, quality control, and quality assurance. Quality
control is outlined in the memorandum of understanding for the
soil survey area and in documents that reside with the Natural
Resources Conservation Service state soil scientist. Four kinds
of map units are used in soil surveys: consociations, complexes,
associations, and undifferentiated groups.

Consociations - Consociations are named for the dominant soil.
In a consociation, delineated areas use a single name from the
dominant component in the map unit. Dissimilar components are
minor in extent. The soil component in a consociation may be
identified at any taxonomic level. Soil series is the lowest
taxonomic level. A consociation that is named as a miscellaneous
area is dominantly that kind of area and minor components do not
significantly affect the use of the map unit. The total amount of
dissimilar inclusions of other components in a map unit generally
does not exceed about 15 percent if limiting and 25 percent if
nonlimiting. A single component of a dissimilar limiting inclusion
generally does not exceed 10 percent if very contrasting.

Complexes and associations - Complexes and associations consist
of two or more  dissimilar components that occur in a regularly
repeating pattern. The total amount of other dissimilar components
is minor extent. The following arbitrary rule determines whether
complex or association is used in the name. The major components
of an association can be separated at the scale of mapping. In
either case, because the major components are sufficiently different
in morphology or behavior, the map unit cannot be called a
consociation. In each delineation of a complex or an association,
each major component is normally present though their proportions
may vary appreciably from one delineation to another. The total
amount of inclusions in a map unit that are dissimilar to any of
the major components does not exceed 15 percent if limiting and
25 percent if nonlimiting. A single kind of dissimilar limiting
inclusion usually does not exceed 10 percent.

Undifferentiated groups - Undifferentiated groups consist of two
or more components that are not consistently associated
geographically and, therefore, do not always occur together in
the same map delineation. These components are included in the
same named map unit because their use and management are the same
or very similar for common uses. Generally they are grouped together
because some common feature, such as steepness, stoniness, or
flooding, determines their use and management. If two or more
additional map units would serve no useful purpose, they may be
included in the same unit. Each delineation has at least one of the
major components, and some may have all of them. The same principles
regarding the proportion of minor components that apply to
consociations also apply to undifferentiated groups. The same
principles regarding proportion of inclusion apply to
undifferentiated groups as to consociations.

Minimum documentation consists of three complete soil profile
descriptions that are collected for each soil added to the legend,
one additional per 3,000 acres mapped; three 10 observation
transects for each map unit, one additional 10 point transect per
3,000 acres.

A defined standard or level of confidence in the interpretive
purity of the map unit delineations is attained by adjusting the
kind and intensity of field investigations. Field investigations
and data collection are carried out in sufficient detail to name
map units and to identify accurately and consistently areas of
about 3 acres.
</complete>
		<posacc>
			<horizpa>
				<horizpar>
The accuracy of these digital data is based upon their
compilation to base maps that meet National Map
Accuracy Standards at a scale of 1 inch equals 1,000
feet. The difference in positional accuracy between the
soil boundaries and special soil features locations in the
field and their digitized map locations is unknown. The
locational accuracy of soil delineations on the ground varies
with the transition between map units.

For example, on long gently sloping landscapes the transition
occurs gradually over many feet. Where landscapes change
abruptly from steep to level, the transition will be very
narrow. Soil delineation boundaries and special soil features
generally were digitized within 0.01 inch of their locations on
the digitizing source. The digital map elements are edge matched
between data sets. The data along each quadrangle edge are
matched against the data for the adjacent quadrangle. Edge
locations generally do not deviate from centerline to centerline
by more than 0.01 inch.
</horizpar>
			</horizpa>
		</posacc>
		<lineage>
			<srcinfo>
				<srccite>
					<citeinfo>
						<origin>
U.S. Department of Agriculture, Soil Conservation
Service
</origin>
						<pubdate>1963</pubdate>
						<title>Soil Survey of Fairfax County, Virginia</title>
						<geoform>atlas</geoform>
						<pubinfo>
							<pubplace>Washington, D.C.</pubplace>
							<publish>U.S. Government Printing Office</publish>
						</pubinfo>
					</citeinfo>
				</srccite>
				<srcscale>20,000</srcscale>
				<typesrc>paper</typesrc>
				<srctime>
					<timeinfo>
						<rngdates>
							<begdate>2002</begdate>
							<enddate>2007</enddate>
						</rngdates>
					</timeinfo>
					<srccurr>publication date</srccurr>
				</srctime>
				<srccitea>SCS1</srccitea>
				<srccontr>
information on soil map unit delineations,
soil symbols, and special soil features
</srccontr>
			</srcinfo>
			<srcinfo>
				<srccite>
					<citeinfo>
						<origin>U.S. Geological Survey</origin>
						<pubdate>1984-1996</pubdate>
						<title>multiple 7.5 minute topographic quadrangles</title>
						<geoform>map</geoform>
						<pubinfo>
							<pubplace>Reston, Virginia</pubplace>
							<publish>U.S. Geological Survey</publish>
						</pubinfo>
					</citeinfo>
				</srccite>
				<srcscale>12,000</srcscale>
				<typesrc>stable-base material</typesrc>
				<srctime>
					<timeinfo>
						<rngdates>
							<begdate>2002</begdate>
							<enddate>2007</enddate>
						</rngdates>
					</timeinfo>
					<srccurr>publication date</srccurr>
				</srctime>
				<srccitea>USGS1</srccitea>
				<srccontr>field mapping</srccontr>
			</srcinfo>
			<srcinfo>
				<srccite>
					<citeinfo>
						<origin>U.S. Geological Survey</origin>
						<pubdate>1996</pubdate>
						<title>multiple 3.75 minute orthophoto quadrangles</title>
						<geoform>map</geoform>
						<pubinfo>
							<pubplace>Reston, Virginia</pubplace>
							<publish>U.S. Geological Survey</publish>
						</pubinfo>
					</citeinfo>
				</srccite>
				<srcscale>12,000</srcscale>
				<typesrc>stable-base material</typesrc>
				<srctime>
					<timeinfo>
						<rngdates>
							<begdate>2002</begdate>
							<enddate>2007</enddate>
						</rngdates>
					</timeinfo>
					<srccurr>publication date</srccurr>
				</srctime>
				<srccitea>USGS2</srccitea>
				<srccontr>field mapping and compilation base</srccontr>
			</srcinfo>
			<srcinfo>
				<srccite>
					<citeinfo>
						<origin>
U.S. Department of Agriculture, Natural Resources
Conservation Service
</origin>
						<pubdate>unpublished material</pubdate>
						<title>annotated overlays</title>
						<geoform>map</geoform>
					</citeinfo>
				</srccite>
				<srcscale>12,000</srcscale>
				<typesrc>stable-base material</typesrc>
				<srctime>
					<timeinfo>
						<rngdates>
							<begdate>2002</begdate>
							<enddate>2007</enddate>
						</rngdates>
					</timeinfo>
					<srccurr>2007</srccurr>
				</srctime>
				<srccitea>NRCS1</srccitea>
				<srccontr>scanning source</srccontr>
			</srcinfo>
			<srcinfo>
				<srccite>
					<citeinfo>
						<origin>
Commonwealth of Virginia, Department of
Conservation and Recreation
</origin>
						<pubdate>unpublished material</pubdate>
						<title>statewide jurisdictional boundary layer</title>
						<geoform>map</geoform>
					</citeinfo>
				</srccite>
				<srcscale>24,000</srcscale>
				<typesrc>cartridge tape</typesrc>
				<srctime>
					<timeinfo>
						<rngdates>
							<begdate>2002</begdate>
							<enddate>2007</enddate>
						</rngdates>
					</timeinfo>
					<srccurr>2007</srccurr>
				</srctime>
				<srccitea>DCR1</srccitea>
				<srccontr>soil survey boundary source</srccontr>
			</srcinfo>
			<srcinfo>
				<srccite>
					<citeinfo>
						<origin>
U.S. Department of Agriculture,
Natural Resources Conservation Service
</origin>
						<pubdate>2007</pubdate>
						<title>National Soil Information System (NASIS) data base</title>
						<geoform>unknown</geoform>
						<pubinfo>
							<pubplace>Fort Collins, Colorado</pubplace>
							<publish>
U.S. Department of Agriculture,
Natural Resources Conservation Service
</publish>
						</pubinfo>
					</citeinfo>
				</srccite>
				<typesrc>database</typesrc>
				<srctime>
					<timeinfo>
						<rngdates>
							<begdate>2007</begdate>
							<enddate>2007</enddate>
						</rngdates>
					</timeinfo>
					<srccurr>publication date</srccurr>
				</srctime>
				<srccitea>NASIS</srccitea>
				<srccontr>attribute (tabular) information</srccontr>
			</srcinfo>
			<procstep>
				<procdesc>
Fairfax County, Virginia had a previously published soil
survey, 1952, at a 1:20,000 scale. An evaluation was made of
the survey in 2002. A detailed evaluation found that significant
changes in land use, soil classification, soil interpretations,
and standards and procedures for making soil surveys made the
1956 survey obsolete.
</procdesc>
				<srcused>SCS1</srcused>
				<procdate>2002</procdate>
			</procstep>
			<procstep>
				<procdesc>
Field procedures for the second order soil survey included verifying
of soil boundaries determined by field observations and by
interpretation of remotely sensed data. Boundaries were verified at
closely spaced intervals, and the soils in each delineation were
identified by traversing and transecting the landscape. Soil
scientists described and sampled the soils, analyzed samples in the
laboratory, and statistically analyzed the data. The classification
and map unit names were finalized at the final correlation in
June, 2007
</procdesc>
				<srcused>SCS1, NRCS1, USGS1, USGS2</srcused>
				<procdate>2007</procdate>
			</procstep>
			<procstep>
				<procdesc>
Soil map unit delineations and symbols were manually compiled
to annotated overlays registered (NAD83) to 1:12,000 topographic
quadrangle film  positives and 1:12,000 orthophoto quadrangles.
Compilation was performed by Natural Resources Conservation
Service (NRCS) staff in Virginia.
</procdesc>
				<srcused>SCS1, NRCS1, USGS1, USGS2</srcused>
				<procdate>2007</procdate>
			</procstep>
			<procstep>
				<procdesc>
Overlays were raster scanned by the National Geospatial and
Cartographic Center, fort Worth, Texas, at a 200 dpi resolution.
Raster editing, neatline development, labeling, edgematching,
and  vector conversion were done in LT4X Version 4.10. The data
were written to Digital Line Graph Optional (DLG-3) format and
imported for verification in ArcInfo 7.1.2. The digitized soil
survey boundary was replaced with a statewide jurisdictional
boundary. Digitizing and quality control were performed by NRCS
Virginia Digitizing Unit (VADU) staff in Richmond, VA.
</procdesc>
				<srcused>NRCS1, DCR1</srcused>
				<procdate>2007</procdate>
			</procstep>
			<procstep>
				<procdesc>
Revised macros (AML) of October 1998 were applied to coverages
by NRCS-VADU certification staff. The National Soil Information
System (NASIS) database was developed by Natural Resources
Conservation Service soil scientists according to national
standards. Spatial Map unit labels were compared to the NASIS
map unit legend. The data were forwarded to the soil data warehouse.
</procdesc>
				<srcused>NRCS1, USGS1, USGS2, NASIS</srcused>
				<procdate>2008</procdate>
			</procstep>
			<procstep>
				<procdesc>
The Natural Resources Conservation Service State Soil Scientist or
delegate, upon completion of data quality verification, determined
that the tabular data should be released for official use. A
selected set of map units and components in the soil survey legend was
copied to a staging database, and rating values for selected
interpretations were generated. The list of selected interpretations is
stored in the database table named sainterp.
</procdesc>
				<srcused>NASIS</srcused>
				<procdate>20080124</procdate>
			</procstep>
			<procstep>
				<procdesc>
The Natural Resources Conservation Service State Soil Scientist or
delegate verified that the labels on the digitized soil map units
link to map units in the tabular database, and certified the joined
data sets for release to the Soil Data Warehouse. A system assigned
version number and date stamp were added and the data were copied to
the data warehouse. The tabular data for the map units and components
were extracted from the data warehouse and reformatted into the soil
data delivery data model, then stored in the Soil Data Mart. The spatial
data were copied to the Soil Data Mart without change.
</procdesc>
				<srcused>NASIS</srcused>
				<procdate>20080125</procdate>
			</procstep>
			<procstep>
				<procdesc>The tabular data were extracted from the data mart without change.</procdesc>
				<srcused>NASIS</srcused>
				<procdate>20080129</procdate>
			</procstep>
			<procstep><procdesc Sync="TRUE">Metadata imported.</procdesc><srcused Sync="TRUE">C:\DOCUME~1\gthoma\LOCALS~1\Temp\6\xml5.tmp</srcused><date Sync="TRUE">20080220</date><time Sync="TRUE">14022400</time></procstep><procstep><procdesc Sync="TRUE">Dataset copied.</procdesc><srcused Sync="TRUE">Server=ffxsde; Service=5157; User=nvswcdmgr; Version=SDE.DEFAULT</srcused><date Sync="TRUE">20080627</date><time Sync="TRUE">10584300</time></procstep></lineage>
	</dataqual>
	<spdoinfo>
		<direct Sync="TRUE">Vector</direct>
		<ptvctinf><esriterm Name="SOIL_SURVEY_FEET"><efeatyp Sync="TRUE">Simple</efeatyp><efeageom code="4" Sync="TRUE"></efeageom><esritopo Sync="TRUE">FALSE</esritopo><efeacnt Sync="TRUE">0</efeacnt><spindex Sync="TRUE">FALSE</spindex><linrefer Sync="TRUE">FALSE</linrefer></esriterm></ptvctinf></spdoinfo>
	<spref>
		<horizsys>
			<geodetic>
				<horizdn Sync="TRUE">North American Datum of 1983</horizdn>
				<ellips Sync="TRUE">Geodetic Reference System 80</ellips>
				<semiaxis Sync="TRUE">6378137.000000</semiaxis>
				<denflat Sync="TRUE">298.257222</denflat>
			</geodetic>
			<cordsysn><geogcsn Sync="TRUE">GCS_North_American_1983</geogcsn><projcsn Sync="TRUE">NAD_1983_StatePlane_Virginia_North_FIPS_4501_Feet</projcsn></cordsysn><planar><planci><plance Sync="TRUE">coordinate pair</plance><plandu Sync="TRUE">survey feet</plandu><coordrep><absres Sync="TRUE">0.000328</absres><ordres Sync="TRUE">0.000328</ordres></coordrep></planci></planar></horizsys>
		<vertdef><altsys><altenc Sync="TRUE">Explicit elevation coordinate included with horizontal coordinates</altenc><altres Sync="TRUE">1.000000</altres></altsys></vertdef></spref>
	<eainfo>
		<detailed Name="SOIL_SURVEY_FEET">
			<enttyp>
				<enttypl Sync="TRUE">SOIL_SURVEY_FEET</enttypl>
				<enttypd>
Special Soil Features represent soil, miscellaneous area, or landform
features that are too small to be digitized as soil delineations
(area features).
</enttypd>
				<enttypds>Agricultural Handbook 18, Soil Survey Manual, 1993, USDA, SCS.</enttypds>
				<enttypt Sync="TRUE">Feature Class</enttypt><enttypc Sync="TRUE">0</enttypc></enttyp>
			<attr><attrlabl Sync="TRUE">FID</attrlabl><attalias Sync="TRUE">FID</attalias><attrtype Sync="TRUE">OID</attrtype><attwidth Sync="TRUE">4</attwidth><atprecis Sync="TRUE">0</atprecis><attscale Sync="TRUE">0</attscale><attrdef Sync="TRUE">Internal feature number.</attrdef><attrdefs Sync="TRUE">Esri</attrdefs><attrdomv><udom Sync="TRUE">Sequential unique whole numbers that are automatically generated.</udom></attrdomv></attr><attr><attrlabl Sync="TRUE">AREASYMBOL</attrlabl><attalias Sync="TRUE">AREASYMBOL</attalias><attrtype Sync="TRUE">String</attrtype><attwidth Sync="TRUE">20</attwidth><atprecis Sync="TRUE">0</atprecis><attscale Sync="TRUE">0</attscale></attr><attr><attrlabl Sync="TRUE">SPATIALVER</attrlabl><attalias Sync="TRUE">SPATIALVER</attalias><attrtype Sync="TRUE">Double</attrtype><attwidth Sync="TRUE">10</attwidth><atprecis Sync="TRUE">10</atprecis><attscale Sync="TRUE">0</attscale></attr><attr><attrlabl Sync="TRUE">MUSYM</attrlabl><attalias Sync="TRUE">MUSYM</attalias><attrtype Sync="TRUE">String</attrtype><attwidth Sync="TRUE">6</attwidth><atprecis Sync="TRUE">0</atprecis><attscale Sync="TRUE">0</attscale></attr><attr><attrlabl Sync="TRUE">MUKEY</attrlabl><attalias Sync="TRUE">MUKEY</attalias><attrtype Sync="TRUE">String</attrtype><attwidth Sync="TRUE">30</attwidth><atprecis Sync="TRUE">0</atprecis><attscale Sync="TRUE">0</attscale></attr><attr><attrlabl Sync="TRUE">SHAPE</attrlabl><attalias Sync="TRUE">Shape</attalias><attrtype Sync="TRUE">Geometry</attrtype><attwidth Sync="TRUE">0</attwidth><atprecis Sync="TRUE">0</atprecis><attscale Sync="TRUE">0</attscale><attrdef Sync="TRUE">Feature geometry.</attrdef><attrdefs Sync="TRUE">ESRI</attrdefs><attrdomv><udom Sync="TRUE">Coordinates defining the features.</udom></attrdomv></attr><attr><attrlabl Sync="TRUE">SHAPE_AREA</attrlabl><attalias Sync="TRUE">SHAPE_AREA</attalias><attrtype Sync="TRUE">Double</attrtype><attwidth Sync="TRUE">19</attwidth><atprecis Sync="TRUE">0</atprecis><attscale Sync="TRUE">0</attscale><attrdef Sync="TRUE">Area of feature in internal units squared.</attrdef><attrdefs Sync="TRUE">Esri</attrdefs><attrdomv><udom Sync="TRUE">Positive real numbers that are automatically generated.</udom></attrdomv></attr><attr><attrlabl Sync="TRUE">SHAPE_LEN</attrlabl><attalias Sync="TRUE">SHAPE_LEN</attalias><attrtype Sync="TRUE">Double</attrtype><attwidth Sync="TRUE">19</attwidth><atprecis Sync="TRUE">0</atprecis><attscale Sync="TRUE">0</attscale></attr></detailed>
		<overview>
			<eaover>
Map Unit Delineations are closed polygons that may be dominated
by a single soil or miscellaneous area component plus allowable
similar or dissimilar soils, or they can be geographic mixtures
of groups of soils or soils and miscellaneous areas.

The map unit symbol uniquely identifies each closed map unit
delineation. Each symbol corresponds to a map unit name. The
map unit key is used to link to information in the National
Soil Information System tables.

Map Unit Delineations are described by the National Soil
Information System database. This attribute database gives the
proportionate extent of the component soils and the properties for
each soil. The database contains both estimated and measured data
on the physical and chemical soil properties and soil
interpretations for engineering, water management, recreation,
agronomic, woodland, range, and wildlife uses of the soil.

The National Soil Information System database contains static
metadata. It documents the data structure and includes such
information as what tables, columns, indexes, and relationships
are defined as well as a variety of attributes of each of these
database objects. Attributes include table and column
descriptions and detailed domain information.

The National Soil Information System database also contains a
distribution metadata. It records the criteria used for selecting
map units and components for inclusion in the set of distributed
data.

Special features are described in the feature table.  It includes an
area symbol, feature label, feature name, and feature description for
each special and ad hoc feature in the survey area.
</eaover>
			<eadetcit>
Soil Taxonomy: A basic system of soil classification for making and
interpreting soil surveys. Agricultural Handbook 436, 1999, USDA, SCS.

Keys to Soil Taxonomy (current issue), USDA, SCS.

National Soil Survey Handbook, Title 430-VI, part 647 (current
issue), USDA, NRCS.

Agricultural Handbook 18, Soil Survey Manual, 1993, USDA, SCS.
</eadetcit>
		</overview>
	</eainfo>
	<distinfo>
		<distrib>
			<cntinfo>
				<cntorgp>
					<cntorg>
U.S. Department of Agriculture, Natural
Resources Conservation Service, National
Cartography and Geospatial Center
</cntorg>
				</cntorgp>
				<cntaddr>
					<addrtype>mailing and physical address</addrtype>
					<address>501 West Felix Street, Building 23, P.O. Box 6567</address>
					<city>Fort Worth</city>
					<state>Texas</state>
					<postal>76115</postal>
				</cntaddr>
				<cntvoice>800 672 5559</cntvoice>
				<cnttdd>202 720 2600</cnttdd>
				<cntfax>817 509 3469</cntfax>
			</cntinfo>
		</distrib>
		<resdesc>Fairfax County, Virginia SSURGO</resdesc>
		<distliab>
Although these data have been processed successfully on a computer
system at the U.S. Department of Agriculture, no warranty expressed
or implied is made by the Agency regarding the utility of the data
on any other system, nor shall the act of distribution constitute
any such warranty. The U.S. Department of Agriculture will warrant
the delivery of this product in computer readable format, and will
offer appropriate adjustment of credit when the product is determined
unreadable by correctly adjusted computer input peripherals, or
when the physical medium is delivered in damaged condition. Request
for adjustment of credit must be made within 90 days from the date
of this shipment from the ordering site.

The U.S. Department of Agriculture, nor any of its agencies are
liable for misuse of the data, for damage, for transmission of
viruses, or for computer contamination through the distribution of
these data sets. The U.S. Department of Agriculture (USDA) prohibits
discrimination in all its programs and activities on the basis of race,
color, national origin, sex, religion, age, disability, political
beliefs, sexual orientation, or marital or family status. (Not all
prohibited bases apply to all programs.)
</distliab>
		<stdorder>
			<digform>
				<digtinfo>
					<formname>ArcView shapefile</formname>
					<formcont>spatial</formcont>
					<filedec>WinZip or equivalent</filedec>
					<transize>79.2</transize>
				</digtinfo>
				<digtopt>
					<onlinopt>
						<computer>
							<networka>
								<networkr>URL:http://SoilDataMart.nrcs.usda.gov/</networkr>
							</networka>
						</computer>
						<accinstr>
Select desired survey area at above Internet Web site. An email
address is required for receipt of instructions on retrieval via
anonymous FTP. Anticipate a delay between submission of request
at Web site and receipt of email message.
</accinstr>
					</onlinopt>
				</digtopt>
			</digform>
			<digform>
				<digtinfo>
					<formname>ARC/INFO coverage</formname>
					<formcont>spatial</formcont>
					<filedec>WinZip or equivalent</filedec>
					<transize>79.2</transize>
				</digtinfo>
				<digtopt>
					<onlinopt>
						<computer>
							<networka>
								<networkr>URL:http://SoilDataMart.nrcs.usda.gov/</networkr>
							</networka>
						</computer>
						<accinstr>
Select desired survey area at above Internet Web site. An email
address is required for receipt of instructions on retrieval via
anonymous FTP. Anticipate a delay between submission of request
at Web site and receipt of email message.
</accinstr>
					</onlinopt>
				</digtopt>
			</digform>
			<digform>
				<digtinfo>
					<formname>ARC/INFO interchange file</formname>
					<formcont>spatial</formcont>
					<filedec>WinZip or equivalent</filedec>
					<transize>79.2</transize>
				</digtinfo>
				<digtopt>
					<onlinopt>
						<computer>
							<networka>
								<networkr>URL:http://SoilDataMart.nrcs.usda.gov/</networkr>
							</networka>
						</computer>
						<accinstr>
Select desired survey area at above Internet Web site. An email
address is required for receipt of instructions on retrieval via
anonymous FTP. Anticipate a delay between submission of request
at Web site and receipt of email message.
</accinstr>
					</onlinopt>
				</digtopt>
			</digform>
			<digform>
				<digtinfo>
					<formname>ASCII</formname>
					<formcont>keys and attributes</formcont>
					<filedec>WinZip or equivalent</filedec>
					<transize>30.0</transize>
				</digtinfo>
				<digtopt>
					<onlinopt>
						<computer>
							<networka>
								<networkr>URL:http://SoilDataMart.nrcs.usda.gov/</networkr>
							</networka>
						</computer>
						<accinstr>
Select desired survey area at above Internet Web site. An email
address is required for receipt of instructions on retrieval via
anonymous FTP. Anticipate a delay between submission of request
at Web site and receipt of email message.
</accinstr>
					</onlinopt>
				</digtopt>
			</digform>
			<fees>
There is currently no direct charge for requesting data or for
retrieval via FTP.
</fees>
			<ordering>
Visit the above mentioned Internet Web Site, select state or
territory, then select individual soil survey area of interest.
Spatial line data and locations of special feature symbols are in
ESRI ArcGIS (ArcView,ArcInfo) shapefile, coverage and interchange
(i.e., export) formats. The National Soil Information System
attribute soil data are available in variable length, pipe
delimited, ASCII file format.
</ordering>
			<turnarnd>Typically within four hours</turnarnd>
		</stdorder>
	</distinfo>
	<metainfo>
		<metd Sync="TRUE">20130903</metd>
		<metc>
			<cntinfo>
				<cntorgp>
					<cntorg>U.S. Department of Agriculture, Natural Resources Conservation Service</cntorg>
					<cntper>REQUIRED: The person responsible for the metadata information.</cntper></cntorgp>
				<cntpos>State Soil Scientist</cntpos>
				<cntaddr>
					<addrtype>mailing address</addrtype>
					<address>1606 Santa Rosa Road</address>
					<address>Suite 209</address>
					<city>Richmond</city>
					<state>VA</state>
					<postal>23229</postal>
				</cntaddr>
				<cntvoice>804-287-1646</cntvoice>
				<cnttdd>(202) 720-2600</cnttdd>
				<cntfax>804-287-1736</cntfax>
				<cntemail>david.kriz@va.usda.gov</cntemail>
			</cntinfo>
		</metc>
		<metstdn Sync="TRUE">FGDC Content Standards for Digital Geospatial Metadata</metstdn>
		<metstdv Sync="TRUE">FGDC-STD-001-1998</metstdv>
		<langmeta Sync="TRUE">en</langmeta><mettc Sync="TRUE">local time</mettc></metainfo>
	<Esri><CreaDate>20080627</CreaDate><CreaTime>10584300</CreaTime><SyncOnce>FALSE</SyncOnce><SyncDate>20140505</SyncDate><SyncTime>09471600</SyncTime><ModDate>20140505</ModDate><ModTime>09471600</ModTime><MetaID>{12311F61-941D-4F21-8EDA-8F83115EF192}</MetaID><DataProperties><lineage><Process Name="Project_1" ToolSource="C:\Program Files\ArcGIS\ArcToolbox\Toolboxes\Data Management Tools.tbx\Project" Date="20080627" Time="110000">Project "Database Connections\Connection to ffxsde.sde\NVSWCDMGR.SOIL_SURVEY" "Database Connections\Connection to ffxsde.sde\NVSWCDMGR.SOIL_SURVEY_FEET" PROJCS['NAD_1983_StatePlane_Virginia_North_FIPS_4501_Feet',GEOGCS['GCS_North_American_1983',DATUM['D_North_American_1983',SPHEROID['GRS_1980',6378137.0,298.257222101]],PRIMEM['Greenwich',0.0],UNIT['Degree',0.0174532925199433]],PROJECTION['Lambert_Conformal_Conic'],PARAMETER['False_Easting',11482916.66666666],PARAMETER['False_Northing',6561666.666666666],PARAMETER['Central_Meridian',-78.5],PARAMETER['Standard_Parallel_1',38.03333333333333],PARAMETER['Standard_Parallel_2',39.2],PARAMETER['Latitude_Of_Origin',37.66666666666666],UNIT['Foot_US',0.3048006096012192]] # PROJCS['NAD_1983_StatePlane_Virginia_North_FIPS_4501',GEOGCS['GCS_North_American_1983',DATUM['D_North_American_1983',SPHEROID['GRS_1980',6378137.0,298.257222101]],PRIMEM['Greenwich',0.0],UNIT['Degree',0.0174532925199433]],PROJECTION['Lambert_Conformal_Conic'],PARAMETER['False_Easting',3500000.0],PARAMETER['False_Northing',2000000.0],PARAMETER['Central_Meridian',-78.5],PARAMETER['Standard_Parallel_1',38.03333333333333],PARAMETER['Standard_Parallel_2',39.2],PARAMETER['Latitude_Of_Origin',37.66666666666666],UNIT['Meter',1.0]]</Process><Process ToolSource="c:\program files\arcgis\desktop10.1\ArcToolbox\Toolboxes\Data Management Tools.tbx\CopyFeatures" Date="20140505" Time="094735">CopyFeatures "Database Connections\Connection to ffxsde.sde\NVSWCDMGR.SOIL_SURVEY_FEET" "G:\distribution\countywide_prop_topo\Extract Model\May14_All_County\Free_Layers\SOIL_SURVEY_FEET.shp" # 0 0 0</Process></lineage><itemProps><itemName Sync="TRUE">SOIL_SURVEY_FEET</itemName><imsContentType Sync="TRUE">002</imsContentType><itemSize Sync="TRUE">0.000</itemSize><itemLocation><linkage Sync="TRUE">file://\\ffx\ffxdfs\home03\s\swoiak\Free_Layers\soils\SOIL_SURVEY_FEET</linkage><protocol Sync="TRUE">Local Area Network</protocol></itemLocation></itemProps><coordRef><type Sync="TRUE">Projected</type><geogcsn Sync="TRUE">GCS_North_American_1983</geogcsn><csUnits Sync="TRUE">Linear Unit: Foot_US (0.304801)</csUnits><projcsn Sync="TRUE">NAD_1983_StatePlane_Virginia_North_FIPS_4501_Feet</projcsn><peXml Sync="TRUE">&lt;ProjectedCoordinateSystem xsi:type='typens:ProjectedCoordinateSystem' xmlns:xsi='http://www.w3.org/2001/XMLSchema-instance' xmlns:xs='http://www.w3.org/2001/XMLSchema' xmlns:typens='http://www.esri.com/schemas/ArcGIS/10.1'&gt;&lt;WKT&gt;PROJCS[&amp;quot;NAD_1983_StatePlane_Virginia_North_FIPS_4501_Feet&amp;quot;,GEOGCS[&amp;quot;GCS_North_American_1983&amp;quot;,DATUM[&amp;quot;D_North_American_1983&amp;quot;,SPHEROID[&amp;quot;GRS_1980&amp;quot;,6378137.0,298.257222101]],PRIMEM[&amp;quot;Greenwich&amp;quot;,0.0],UNIT[&amp;quot;Degree&amp;quot;,0.0174532925199433]],PROJECTION[&amp;quot;Lambert_Conformal_Conic&amp;quot;],PARAMETER[&amp;quot;False_Easting&amp;quot;,11482916.66666666],PARAMETER[&amp;quot;False_Northing&amp;quot;,6561666.666666666],PARAMETER[&amp;quot;Central_Meridian&amp;quot;,-78.5],PARAMETER[&amp;quot;Standard_Parallel_1&amp;quot;,38.03333333333333],PARAMETER[&amp;quot;Standard_Parallel_2&amp;quot;,39.2],PARAMETER[&amp;quot;Latitude_Of_Origin&amp;quot;,37.66666666666666],UNIT[&amp;quot;Foot_US&amp;quot;,0.3048006096012192],AUTHORITY[&amp;quot;EPSG&amp;quot;,2283]]&lt;/WKT&gt;&lt;XOrigin&gt;-110512500&lt;/XOrigin&gt;&lt;YOrigin&gt;-88858000&lt;/YOrigin&gt;&lt;XYScale&gt;36916142.964165002&lt;/XYScale&gt;&lt;ZOrigin&gt;-100000&lt;/ZOrigin&gt;&lt;ZScale&gt;10000&lt;/ZScale&gt;&lt;MOrigin&gt;-100000&lt;/MOrigin&gt;&lt;MScale&gt;10000&lt;/MScale&gt;&lt;XYTolerance&gt;0.0032808333333333331&lt;/XYTolerance&gt;&lt;ZTolerance&gt;0.001&lt;/ZTolerance&gt;&lt;MTolerance&gt;0.001&lt;/MTolerance&gt;&lt;HighPrecision&gt;true&lt;/HighPrecision&gt;&lt;WKID&gt;102746&lt;/WKID&gt;&lt;LatestWKID&gt;2283&lt;/LatestWKID&gt;&lt;/ProjectedCoordinateSystem&gt;</peXml></coordRef><copyHistory><copy source="H:\Free_Layers\SOIL_SURVEY_FEET" dest="\\ffx\ffxdfs\home03\s\swoiak\Free_Layers\soils\SOIL_SURVEY_FEET" date="20140519" time="15113800"></copy></copyHistory></DataProperties></Esri><dataIdInfo><envirDesc Sync="TRUE">Microsoft Windows 7 Version 6.1 (Build 7601) Service Pack 1; Esri ArcGIS 10.1.1.3143</envirDesc><dataLang><languageCode Sync="TRUE" value="eng"></languageCode><countryCode value="USA" Sync="TRUE"></countryCode></dataLang><idCitation><resTitle Sync="TRUE">SOIL_SURVEY_FEET</resTitle><presForm><PresFormCd Sync="TRUE" value="005"></PresFormCd></presForm></idCitation><spatRpType><SpatRepTypCd Sync="TRUE" value="001"></SpatRepTypCd></spatRpType><dataExt><geoEle><GeoBndBox esriExtentType="native"><westBL Sync="TRUE">11757210.543095</westBL><eastBL Sync="TRUE">11899028.296861</eastBL><northBL Sync="TRUE">7070366.444393</northBL><southBL Sync="TRUE">6906062.339274</southBL><exTypeCode Sync="TRUE">1</exTypeCode></GeoBndBox></geoEle></dataExt><geoBox esriExtentType="decdegrees"><westBL Sync="TRUE">-77.54008</westBL><eastBL Sync="TRUE">-77.034666</eastBL><northBL Sync="TRUE">39.059551</northBL><southBL Sync="TRUE">38.603311</southBL><exTypeCode Sync="TRUE">1</exTypeCode></geoBox></dataIdInfo><mdLang><languageCode Sync="TRUE" value="eng"></languageCode><countryCode value="USA" Sync="TRUE"></countryCode></mdLang><mdStanName Sync="TRUE">ISO 19115 Geographic Information - Metadata</mdStanName><mdStanVer Sync="TRUE">DIS_ESRI1.0</mdStanVer><mdChar><CharSetCd Sync="TRUE" value="004"></CharSetCd></mdChar><mdHrLv><ScopeCd Sync="TRUE" value="005"></ScopeCd></mdHrLv><mdHrLvName Sync="TRUE">dataset</mdHrLvName><distInfo><distributor><distorTran><onLineSrc><orDesc Sync="TRUE">002</orDesc><linkage Sync="TRUE">Server=ffxsde; Service=5157; User=gthoma; Version=SDE.DEFAULT</linkage><protocol Sync="TRUE">ArcSDE Connection</protocol></onLineSrc></distorTran><distorFormat><formatName Sync="TRUE">SDE Feature Class</formatName></distorFormat></distributor><distFormat><formatName Sync="TRUE">Shapefile</formatName></distFormat><distTranOps><transSize Sync="TRUE">0.000</transSize></distTranOps></distInfo><refSysInfo><RefSystem><refSysID><identCode Sync="TRUE" code="2283">NAD_1983_StatePlane_Virginia_North_FIPS_4501_Feet</identCode><idCodeSpace Sync="TRUE">EPSG</idCodeSpace><idVersion Sync="TRUE">7.11.2</idVersion></refSysID></RefSystem></refSysInfo><spatRepInfo><VectSpatRep><geometObjs Name="SOIL_SURVEY_FEET"><geoObjTyp><GeoObjTypCd value="002" Sync="TRUE"></GeoObjTypCd></geoObjTyp><geoObjCnt Sync="TRUE">0</geoObjCnt></geometObjs><topLvl><TopoLevCd value="001" Sync="TRUE"></TopoLevCd></topLvl></VectSpatRep></spatRepInfo><mdDateSt Sync="TRUE">20140505</mdDateSt></metadata>
