<metadata>
	<idinfo>
		<citation>
			<citeinfo>
				<origin>Fairfax County Government</origin>
				<title>Fairfax County Park Areas</title>
				<geoform>map</geoform>
				<pubinfo>
					<pubplace>Fairfax County, Virginia, USA</pubplace>
					<publish>Fairfax County Government</publish>
				</pubinfo>
				<pubdate>REQUIRED: The date when the data set is published or otherwise made available for release.</pubdate><ftname Sync="TRUE">PRKMGR.PARKS_FCPA</ftname><onlink Sync="TRUE">Server=ffxsde; Service=5157; User=stulad; Version=SDE.DEFAULT</onlink></citeinfo>
		</citation>
		<descript>
			<abstract>Park boundary for all land parcels under ownership of Fairfax County Park Authority.</abstract>
			<purpose>To clearly indicate location of County-owned park land.</purpose>
			<supplinf>Parcels are revised based upon new land acquisition through purchase, donation, proffer, etc.</supplinf>
			<langdata Sync="TRUE">en</langdata></descript>
		<timeperd>
			<timeinfo>
				<mdattim>
					<sngdate>
						<caldate>2000</caldate>
					</sngdate>
					<sngdate>
						<caldate>2001</caldate>
					</sngdate>
					<sngdate>
						<caldate>2002</caldate>
					</sngdate>
					<sngdate>
						<caldate>2003</caldate>
					</sngdate>
				</mdattim>
				<sngdate><caldate>REQUIRED: The year (and optionally month, or month and day) for which the data set corresponds to the ground.</caldate></sngdate></timeinfo>
			<current>publication date</current>
		</timeperd>
		<status>
			<progress>Complete</progress>
			<update>As needed</update>
		</status>
		<spdom>
			<bounding>
				<westbc>-77.54533008</westbc>
				<eastbc>-77.03408065</eastbc>
				<northbc>39.0804078</northbc>
				<southbc>38.61389198</southbc>
			</bounding>
			<dsgpoly>
				<dsgpolyo>
					<grngpoin>
						<gringlat>39.0804078</gringlat>
						<gringlon>-77.54533008</gringlon>
					</grngpoin>
					<grngpoin>
						<gringlat>38.61389198</gringlat>
						<gringlon>-77.54533008</gringlon>
					</grngpoin>
					<grngpoin>
						<gringlat>38.61389198</gringlat>
						<gringlon>-77.03408065</gringlon>
					</grngpoin>
					<grngpoin>
						<gringlat>39.0804078</gringlat>
						<gringlon>-77.03408065</gringlon>
					</grngpoin>
					<grngpoin>
						<gringlat>39.0804078</gringlat>
						<gringlon>-77.54533008</gringlon>
					</grngpoin>
				</dsgpolyo>
			</dsgpoly>
			<lboundng><leftbc Sync="TRUE">11757193.368000</leftbc><rightbc Sync="TRUE">11896658.921000</rightbc><bottombc Sync="TRUE">6926746.501000</bottombc><topbc Sync="TRUE">7061188.695000</topbc></lboundng></spdom>
		<keywords>
			<theme>
				<themekt>None</themekt>
				<themekey>County Parks</themekey>
				<themekey>Parks</themekey>
			</theme>
			<place>
				<placekt>None</placekt>
				<placekey>Fairfax County, Virginia, USA</placekey>
			</place>
		</keywords>
		<accconst>None</accconst>
		<useconst>Not for use at scales greater than 1:24000. Acknowledgement of the Fairfax County GIS branch and Fairfax County Park Authority would be appreciated in products derived from these data.</useconst>
		<ptcontac>
			<cntinfo>
				<cntorgp>
					<cntorg>Fairfax County Park Authority (FCPA)</cntorg>
				</cntorgp>
				<cntaddr>
					<addrtype>mailing and physical address</addrtype>
					<address>12055 Government Center Pw. Suite 927</address>
					<city>Fairfax</city>
					<state>VA</state>
					<postal>22035</postal>
					<country>USA</country>
				</cntaddr>
				<cntvoice>(703)-324-8596</cntvoice>
				<cnttdd>711</cnttdd>
				<cntfax>(703)-324-3975</cntfax>
				<hours>8:00am - 4:30pm Monday - Friday EST</hours>
			</cntinfo>
		</ptcontac>
		<datacred>Park Operations Division, Fairfax County Park Authority</datacred>
		<native>
ESRI ArcInfo - IBM AIX - Windows - Coverage distribution layer name = disc 1, parksfcpa, parksother - Shapefile distribution layer name = disc 1, parksfcpa, parksbosps, parksother
SDE -  LAYER NAMES:
GISMGR.PARKS_FAIRFAX_POLY
GISMGR.PARKS_JURISDICTION_POLY
GISMGR.PARKS_NAME_ANNO
GISMGR.PARKS_OTHER_ANNO
GISMGR.PARKS_OTHER_POLY
GATE.PARK_ANNO
</native>
		<natvform Sync="TRUE">SDE Feature Class</natvform></idinfo>
	<dataqual>
		<attracc>
			<attraccr>Discrepancies noted by public, governments, etc, are verified and corrected as needed.</attraccr>
		</attracc>
		<logic>This layer as been built and has polygon, arc, and region topology. Fairfax County parks are in one region subclass, park jurisdictions boundaries are in another region subclass and other park land within Fairfax County is in another region subclass.. Fairfax County Park text  is stored in one annotation subclass and other types of  park text is stored in another subclass. The Fairfax County park region contains the registry code attribute and the park jurisdiction region contains the park jurisdiction attribute and the other park land region contains the ownership attribute..</logic>
		<complete>Due to the annual (and occasional) revisions to be made the data, the accuracy is 99% accurate.</complete>
		<posacc>
			<horizpa>
				<horizpar>Horizontal positional accuracy for the digital data is tested by visual comparison of the source with the hard copy.</horizpar>
			</horizpa>
		</posacc>
		<lineage>
			<srcinfo>
				<srccite>
					<citeinfo>
						<origin>Fairfax County Government</origin>
						<title>Fairfax County Park Areas</title>
						<geoform>map</geoform>
						<pubinfo>
							<pubplace>Fairfax County, Virginia, USA</pubplace>
							<publish>Fairfax County Government</publish>
						</pubinfo>
					</citeinfo>
				</srccite>
				<srcscale>48000</srcscale>
				<typesrc>paper</typesrc>
				<srctime>
					<srccurr>publication date</srccurr>
				</srctime>
				<srccitea>Parks wall map</srccitea>
				<srccontr>Parks wall map contains Fairfax County park boundaries, other park boundaries, park names, and jurisdiction.</srccontr>
			</srcinfo>
			<srcinfo>
				<srccitea>Park coverage</srccitea>
			</srcinfo>
			<srcinfo>
				<srccitea>Parcel layer</srccitea>
				<srccontr>Parcels that are park land</srccontr>
			</srcinfo>
			<procstep>
				<procdesc>Fairfax County park land is established by Fairfax County Park Authority and its Board.</procdesc>
				<srcused>Parks wall map</srcused>
				<srcprod>Park coverage</srcprod>
				<proccont>
					<cntinfo>
						<cntorgp>
							<cntorg>Fairfax County Park Authority (FCPA)</cntorg>
						</cntorgp>
						<cntaddr>
							<addrtype>mailing and physical address</addrtype>
							<address>12055 Government Center Pw. Suite 927</address>
							<city>Fairfax</city>
							<state>VA</state>
							<postal>22035</postal>
							<country>USA</country>
						</cntaddr>
						<cntvoice>(703)-324-8596</cntvoice>
						<cnttdd>711</cnttdd>
						<cntfax>(703)-324-3975</cntfax>
						<hours>8:00am - 4:30pm Monday - Friday EST</hours>
					</cntinfo>
				</proccont>
			</procstep>
			<procstep>
				<procdesc>Digitized park boundaries from property maps. Entered park text  from parks map.</procdesc>
				<procdate>1995</procdate>
				<proccont>
					<cntinfo>
						<cntorgp>
							<cntorg>Fairfax County GIS and Mapping Services</cntorg>
						</cntorgp>
						<cntpos>Database Administrator</cntpos>
						<cntaddr>
							<addrtype>mailing and physical address</addrtype>
							<address>12000 Government Center Pw. Suite 117</address>
							<city>Fairfax</city>
							<state>VA</state>
							<postal>22035</postal>
							<country>USA</country>
						</cntaddr>
						<cntvoice>(703)-324-2712</cntvoice>
						<cnttdd>711</cnttdd>
						<cntfax>(703)-324-3937</cntfax>
						<cntemail>gis.helpq@fairfaxcounty.gov</cntemail>
						<hours>Monday 8:00am - 4:15pm / Tuesday 9:00am - 4:15pm / Wednesday - Friday 8:00am - 4:15pm (EST)</hours>
					</cntinfo>
				</proccont>
			</procstep>
			<procstep>
				<procdesc>Fairfax County Park boundaries derived from GIS Parcel layer, GATE.PARCEL__POLY</procdesc>
				<srcused>Parcel layer</srcused>
				<procdate>2003</procdate>
				<srcprod>Park coverage</srcprod>
			</procstep>
			<procstep><procdesc Sync="TRUE">Metadata imported.</procdesc><srcused Sync="TRUE">C:\DOCUME~1\stulad\LOCALS~1\Temp\xml3215.tmp</srcused><date Sync="TRUE">20070509</date><time Sync="TRUE">09031000</time></procstep><procstep><procdesc Sync="TRUE">Dataset copied.</procdesc><srcused Sync="TRUE">Server=s70uxgc33; Service=5154; User=prkmgr; Version=SDE.DEFAULT</srcused><date Sync="TRUE">20070606</date><time Sync="TRUE">08420100</time></procstep><procstep><procdesc Sync="TRUE">Dataset copied.</procdesc><srcused Sync="TRUE">Server=ffxuxdapp01; Service=5155; User=prkmgr; Version=SDE.DEFAULT</srcused><date Sync="TRUE">20070606</date><time Sync="TRUE">11143000</time></procstep><procstep><procdesc Sync="TRUE">Dataset copied.</procdesc><srcused Sync="TRUE">Server=ffxuxdapp01; Service=5155; User=prkmgr; Version=SDE.DEFAULT</srcused><date Sync="TRUE">20070610</date><time Sync="TRUE">21290100</time></procstep></lineage>
	</dataqual>
	<spdoinfo>
		<indspref>Park</indspref>
		<direct>Vector</direct>
		<ptvctinf><esriterm Name="PARKS_FCPA"><efeatyp Sync="TRUE">Simple</efeatyp><efeageom code="4" Sync="TRUE"></efeageom><esritopo Sync="TRUE">FALSE</esritopo><efeacnt Sync="TRUE">0</efeacnt><spindex Sync="TRUE">FALSE</spindex><linrefer Sync="TRUE">FALSE</linrefer></esriterm></ptvctinf></spdoinfo>
	<spref>
		<horizsys>
			<planar>
				<planci>
					<plance>Coordinate Pair</plance>
					<coordrep>
						<absres>0.01</absres>
						<ordres>0.01</ordres>
					</coordrep>
					<plandu Sync="TRUE">survey feet</plandu></planci>
			</planar>
			<geodetic>
				<horizdn>North American Datum of 1983</horizdn>
				<ellips>Geodetic Reference System 80</ellips>
				<semiaxis>6378137</semiaxis>
				<denflat>298.257</denflat>
			</geodetic>
			<cordsysn><geogcsn Sync="TRUE">GCS_North_American_1983</geogcsn><projcsn Sync="TRUE">NAD_1983_StatePlane_Virginia_North_FIPS_4501_Feet</projcsn></cordsysn></horizsys>
		<vertdef>
			<altsys>
				<altdatum>National Geodetic Vertical Datum of 1929</altdatum>
				<altunits>feet</altunits>
				<altenc>Attribute values</altenc>
				<altres Sync="TRUE">0.250000</altres></altsys>
		</vertdef>
	</spref>
	<eainfo>
		<detailed Name="PARKS_FCPA">
			<enttyp>
				<enttypl>GISMGR.PARKS_FAIRFAX_POLY</enttypl>
				<enttypd>fairfax county parks polygons</enttypd>
				<enttypt Sync="TRUE">Feature Class</enttypt><enttypc Sync="TRUE">0</enttypc></enttyp>
			<attr><attrlabl Sync="TRUE">FID</attrlabl><attalias Sync="TRUE">FID</attalias><attrtype Sync="TRUE">OID</attrtype><attwidth Sync="TRUE">4</attwidth><atprecis Sync="TRUE">0</atprecis><attscale Sync="TRUE">0</attscale><attrdef Sync="TRUE">Internal feature number.</attrdef><attrdefs Sync="TRUE">Esri</attrdefs><attrdomv><udom Sync="TRUE">Sequential unique whole numbers that are automatically generated.</udom></attrdomv></attr><attr>
				<attrlabl>PREG</attrlabl>
				<attrdef>Number 22 - PARK REGISTY IDENTIFIER</attrdef>
				<attrdomv>
					<edom>
						<edomv>FCPA</edomv>
						<edomvd>Fairfax County Park Authority</edomvd>
					</edom>
					<edom>
						<edomv>OTHER PARKLAND</edomv>
						<edomvd>Non-Fairfax County Park Authority land.</edomvd>
					</edom>
				</attrdomv>
				<attalias Sync="TRUE">PREG</attalias><attrtype Sync="TRUE">Double</attrtype><attwidth Sync="TRUE">10</attwidth><atprecis Sync="TRUE">10</atprecis><attscale Sync="TRUE">0</attscale></attr>
			<attr><attrlabl Sync="TRUE">SHAPE</attrlabl><attalias Sync="TRUE">Shape</attalias><attrtype Sync="TRUE">Geometry</attrtype><attwidth Sync="TRUE">0</attwidth><atprecis Sync="TRUE">0</atprecis><attscale Sync="TRUE">0</attscale><attrdef Sync="TRUE">Feature geometry.</attrdef><attrdefs Sync="TRUE">ESRI</attrdefs><attrdomv><udom Sync="TRUE">Coordinates defining the features.</udom></attrdomv></attr><attr><attrlabl Sync="TRUE">PARK_NAME</attrlabl><attalias Sync="TRUE">PARK_NAME</attalias><attrtype Sync="TRUE">String</attrtype><attwidth Sync="TRUE">254</attwidth><atprecis Sync="TRUE">0</atprecis><attscale Sync="TRUE">0</attscale></attr><attr><attrlabl Sync="TRUE">TMP_NAME</attrlabl><attalias Sync="TRUE">TMP_NAME</attalias><attrtype Sync="TRUE">String</attrtype><attwidth Sync="TRUE">48</attwidth><atprecis Sync="TRUE">0</atprecis><attscale Sync="TRUE">0</attscale></attr><attr><attrlabl Sync="TRUE">SHAPE_AREA</attrlabl><attalias Sync="TRUE">SHAPE_AREA</attalias><attrtype Sync="TRUE">Double</attrtype><attwidth Sync="TRUE">19</attwidth><atprecis Sync="TRUE">0</atprecis><attscale Sync="TRUE">0</attscale><attrdef Sync="TRUE">Area of feature in internal units squared.</attrdef><attrdefs Sync="TRUE">Esri</attrdefs><attrdomv><udom Sync="TRUE">Positive real numbers that are automatically generated.</udom></attrdomv></attr><attr><attrlabl Sync="TRUE">SHAPE_LEN</attrlabl><attalias Sync="TRUE">SHAPE_LEN</attalias><attrtype Sync="TRUE">Double</attrtype><attwidth Sync="TRUE">19</attwidth><atprecis Sync="TRUE">0</atprecis><attscale Sync="TRUE">0</attscale></attr></detailed>
		<detailed>
			<enttyp>
				<enttypl>GISMGR.PARKS_JURISDICTION_POLY</enttypl>
				<enttypd>parks jurisdiction polygons</enttypd>
			</enttyp>
			<attr>
				<attrlabl>Jurisdiction</attrlabl>
				<attrdef>Text 20</attrdef>
				<attrdomv>
					<edom>
						<edomv>COMMONWEALTH OF VA</edomv>
						<edomvd>COMMONWEALTH OF VA</edomvd>
					</edom>
					<edom>
						<edomv>FCPA</edomv>
						<edomvd>FAIRFAX COUNTY PARK AUTHORITY</edomvd>
					</edom>
					<edom>
						<edomv>GC</edomv>
						<edomvd>Golf Course</edomvd>
					</edom>
					<edom>
						<edomv>NVRPA</edomv>
						<edomvd>Northern Virginia Regional Park Authority</edomvd>
					</edom>
					<edom>
						<edomv>OTHER PARKLAND</edomv>
						<edomvd>OTHER PARKLAND</edomvd>
					</edom>
					<edom>
						<edomv>USA</edomv>
						<edomvd>Federal park land</edomvd>
					</edom>
				</attrdomv>
			</attr>
		</detailed>
		<detailed>
			<enttyp>
				<enttypl>GISMGR.PARKS_OTHER_POLY</enttypl>
				<enttypd>non fairfax county park land</enttypd>
			</enttyp>
			<attr>
				<attrlabl>ownership</attrlabl>
				<attrdef>Text 20</attrdef>
				<attrdomv>
					<edom>
						<edomv>BOS</edomv>
						<edomvd>Fairfax County Board of Supervisors</edomvd>
					</edom>
					<edom>
						<edomv>FCPS</edomv>
						<edomvd>Fairfax County Public Schools</edomvd>
					</edom>
				</attrdomv>
			</attr>
		</detailed>
		<detailed>
			<enttyp>
				<enttypl>GATE.PARK_ANNO</enttypl>
				<enttypd>parks annotation</enttypd>
			</enttyp>
		</detailed>
		<detailed>
			<enttyp>
				<enttypl>GISMGR.PARKS_NAME_ANNO</enttypl>
				<enttypd>fairfax county park name annotation</enttypd>
			</enttyp>
		</detailed>
		<detailed>
			<enttyp>
				<enttypl>GISMGR.PARKS_OTHER_ANNO</enttypl>
				<enttypd>non fairfax county parks annotation</enttypd>
			</enttyp>
		</detailed>
		<overview>
			<eaover>Fairfax County Park boundaries which include numeric registry identifier for link to park registry database. Jurisdictional area boundaries which includes jurisdiction name.  Other parkland in Fairfax County which includes ownership attribute.</eaover>
		</overview>
	</eainfo>
	<distinfo>
		<distrib>
			<cntinfo>
				<cntorgp>
					<cntorg>Fairfax County GIS and Mapping Services</cntorg>
				</cntorgp>
				<cntpos>Database Administrator</cntpos>
				<cntaddr>
					<addrtype>mailing and physical address</addrtype>
					<address>12000 Government Center Pw. Suite 117</address>
					<city>Fairfax</city>
					<state>VA</state>
					<postal>22035</postal>
					<country>USA</country>
				</cntaddr>
				<cntvoice>(703)-324-2712</cntvoice>
				<cnttdd>711</cnttdd>
				<cntfax>(703)-324-3937</cntfax>
				<cntemail>gis.helpq@fairfaxcounty.gov</cntemail>
				<hours>Monday 8:00am - 4:15pm / Tuesday 9:00am - 4:15pm / Wednesday - Friday 8:00am - 4:15pm (EST)</hours>
			</cntinfo>
		</distrib>
		<distliab>User must assume responsibility to determine the usability of this data for their purpose. A signed copy of the license agreement must be on file with the Fairfax County GIS and Mapping Services Office.</distliab>
		<stdorder>
			<digform>
				<digtinfo>
					<formname>ArcInfo coverage</formname>
					<formvern>8.0</formvern>
					<filedec>No compression</filedec>
				</digtinfo>
			</digform>
			<digform>
				<digtinfo>
					<formname>ArcView Shapefile</formname>
					<formvern>8.0</formvern>
					<filedec>No compression</filedec>
				</digtinfo>
			</digform>
			<fees>
Wall Map Data

This data set includes over 30 layers of attributed vector map data that were derived primarily from the Fairfax County 1"= 2000' and 1"= 4000' Wall Map Series.

The GIS Wall Map CD in Coverage format sells for $25.
The GIS Wall Map CD in Shapefile format sells for $25.

A hard copy of our *wall maps are available at the Fairfax County Government Publications Center located at the Fairfax County Government Center Building - 12000 Government Center Pw.- Fairfax - VA. - Suite 156 - Phone # 703-324-2974 or 703-324-2975. Prices range from $1.50 to $15.00.

* Some of our hard copy maps are not for sale to the public or may be out of stock. Contact the Fairfax County Publication Center on the availabilty of which maps can be purchased.
</fees>
			<ordering>CD data can be requested by mail, fax, or in person. Orders will not be processed until payment is received. Acceptable forms of payment include: cash, check, or money order ( credit cards are not accecpted). The order form and license agreement can be downloaded/printed from the Fairfax County GSI Web page (http://www.fairfaxcounty.gov/maps/forms.htm) and sent to GIS and Mapping Services-12000 Government Center Pw.-Suite 117-Fairfax-VA-22035-0010. Any questions about the GIS Wall Map CD should be directed to the GIS and Mapping Services @ (703)-324-2712.</ordering>
			<turnarnd>Five (5) working days.</turnarnd>
		</stdorder>
		<resdesc Sync="TRUE">Downloadable Data</resdesc></distinfo>
	<metainfo>
		<metd>20030702</metd>
		<metrd>20040714</metrd>
		<metfrd>20050101</metfrd>
		<metc>
			<cntinfo>
				<cntorgp>
					<cntorg>Fairfax County GIS and Mapping Services</cntorg>
					<cntper>REQUIRED: The person responsible for the metadata information.</cntper></cntorgp>
				<cntpos>Database Administrator</cntpos>
				<cntaddr>
					<addrtype>mailing and physical address</addrtype>
					<address>12000 Government Center Pw. Suite 117</address>
					<city>Fairfax</city>
					<state>VA</state>
					<postal>22035</postal>
					<country>USA</country>
				</cntaddr>
				<cntvoice>(703)-324-2712</cntvoice>
				<cnttdd>711</cnttdd>
				<cntfax>(703)-324-3937</cntfax>
				<cntemail>gis.helpq@fairfaxcounty.gov</cntemail>
				<hours>Monday 8:00am - 4:15pm / Tuesday 9:00am - 4:15pm / Wednesday - Friday 8:00am - 4:15pm (EST)</hours>
			</cntinfo>
		</metc>
		<metstdn>FGDC Content Standards for Digital Geospatial Metadata</metstdn>
		<metstdv>FGDC-STD-001-1998</metstdv>
		<mettc>local time</mettc>
		<langmeta Sync="TRUE">en</langmeta></metainfo>
	<Esri><CreaDate>20140329</CreaDate><CreaTime>10570300</CreaTime><SyncOnce>FALSE</SyncOnce><SyncDate>20140505</SyncDate><SyncTime>09395700</SyncTime><ModDate>20140505</ModDate><ModTime>09395700</ModTime><DataProperties><lineage><Process ToolSource="C:\Program Files\ArcGIS\ArcToolbox\Toolboxes\Data Management Tools.tbx\CopyFeatures" Date="20070606" Time="111943">CopyFeatures C:\WorkSpace\Parks\TRAILS.mdb\PARKS_FCPA "Database Connections\Connection to ffxuxdapp01.sde\PRKMGR.PARKS\PRKMGR.PARKS_FCPA" # 0 0 0</Process><Process ToolSource="c:\program files\arcgis\desktop10.1\ArcToolbox\Toolboxes\Data Management Tools.tbx\CopyFeatures" Date="20140505" Time="094001">CopyFeatures "Database Connections\Connection to ffxsde.sde\PRKMGR.PARKS\PRKMGR.PARKS_FCPA" "G:\distribution\countywide_prop_topo\Extract Model\May14_All_County\Free_Layers\PARKS_FCPA.shp" # 0 0 0</Process></lineage><itemProps><itemLocation><linkage Sync="TRUE">file://\\ffx\ffxdfs\home03\s\swoiak\Free_Layers\parks\PARKS_FCPA</linkage><protocol Sync="TRUE">Local Area Network</protocol></itemLocation><itemName Sync="TRUE">PARKS_FCPA</itemName><imsContentType Sync="TRUE">002</imsContentType><itemSize Sync="TRUE">0.000</itemSize></itemProps><coordRef><type Sync="TRUE">Projected</type><geogcsn Sync="TRUE">GCS_North_American_1983</geogcsn><csUnits Sync="TRUE">Linear Unit: Foot_US (0.304801)</csUnits><projcsn Sync="TRUE">NAD_1983_StatePlane_Virginia_North_FIPS_4501_Feet</projcsn><peXml Sync="TRUE">&lt;ProjectedCoordinateSystem xsi:type='typens:ProjectedCoordinateSystem' xmlns:xsi='http://www.w3.org/2001/XMLSchema-instance' xmlns:xs='http://www.w3.org/2001/XMLSchema' xmlns:typens='http://www.esri.com/schemas/ArcGIS/10.1'&gt;&lt;WKT&gt;PROJCS[&amp;quot;NAD_1983_StatePlane_Virginia_North_FIPS_4501_Feet&amp;quot;,GEOGCS[&amp;quot;GCS_North_American_1983&amp;quot;,DATUM[&amp;quot;D_North_American_1983&amp;quot;,SPHEROID[&amp;quot;GRS_1980&amp;quot;,6378137.0,298.257222101]],PRIMEM[&amp;quot;Greenwich&amp;quot;,0.0],UNIT[&amp;quot;Degree&amp;quot;,0.0174532925199433]],PROJECTION[&amp;quot;Lambert_Conformal_Conic&amp;quot;],PARAMETER[&amp;quot;False_Easting&amp;quot;,11482916.66666666],PARAMETER[&amp;quot;False_Northing&amp;quot;,6561666.666666666],PARAMETER[&amp;quot;Central_Meridian&amp;quot;,-78.5],PARAMETER[&amp;quot;Standard_Parallel_1&amp;quot;,38.03333333333333],PARAMETER[&amp;quot;Standard_Parallel_2&amp;quot;,39.2],PARAMETER[&amp;quot;Latitude_Of_Origin&amp;quot;,37.66666666666666],UNIT[&amp;quot;Foot_US&amp;quot;,0.3048006096012192],AUTHORITY[&amp;quot;EPSG&amp;quot;,2283]]&lt;/WKT&gt;&lt;XOrigin&gt;-110512500&lt;/XOrigin&gt;&lt;YOrigin&gt;-88858000&lt;/YOrigin&gt;&lt;XYScale&gt;36916142.964165002&lt;/XYScale&gt;&lt;ZOrigin&gt;-100000&lt;/ZOrigin&gt;&lt;ZScale&gt;10000&lt;/ZScale&gt;&lt;MOrigin&gt;-100000&lt;/MOrigin&gt;&lt;MScale&gt;10000&lt;/MScale&gt;&lt;XYTolerance&gt;0.0032808333333333331&lt;/XYTolerance&gt;&lt;ZTolerance&gt;0.001&lt;/ZTolerance&gt;&lt;MTolerance&gt;0.001&lt;/MTolerance&gt;&lt;HighPrecision&gt;true&lt;/HighPrecision&gt;&lt;WKID&gt;102746&lt;/WKID&gt;&lt;LatestWKID&gt;2283&lt;/LatestWKID&gt;&lt;/ProjectedCoordinateSystem&gt;</peXml></coordRef><copyHistory><copy source="H:\Free_Layers\PARKS_FCPA" dest="\\ffx\ffxdfs\home03\s\swoiak\Free_Layers\parks\PARKS_FCPA" date="20140519" time="15094500"></copy></copyHistory></DataProperties><ArcGISFormat>1.0</ArcGISFormat><ArcGISstyle>FGDC CSDGM Metadata</ArcGISstyle></Esri><dataIdInfo><envirDesc Sync="TRUE">Microsoft Windows 7 Version 6.1 (Build 7601) Service Pack 1; Esri ArcGIS 10.1.1.3143</envirDesc><dataLang><languageCode Sync="TRUE" value="eng"></languageCode><countryCode value="USA" Sync="TRUE"></countryCode></dataLang><idCitation><resTitle Sync="TRUE">PARKS_FCPA</resTitle><presForm><PresFormCd Sync="TRUE" value="005"></PresFormCd></presForm></idCitation><spatRpType><SpatRepTypCd Sync="TRUE" value="001"></SpatRepTypCd></spatRpType><dataExt><geoEle><GeoBndBox esriExtentType="native"><westBL Sync="TRUE">11757193.368</westBL><eastBL Sync="TRUE">11896658.921</eastBL><northBL Sync="TRUE">7061188.695</northBL><southBL Sync="TRUE">6926746.501</southBL><exTypeCode Sync="TRUE">1</exTypeCode></GeoBndBox></geoEle></dataExt><geoBox esriExtentType="decdegrees"><westBL Sync="TRUE">-77.539383</westBL><eastBL Sync="TRUE">-77.043521</eastBL><northBL Sync="TRUE">39.034354</northBL><southBL Sync="TRUE">38.660204</southBL><exTypeCode Sync="TRUE">1</exTypeCode></geoBox></dataIdInfo><mdLang><languageCode Sync="TRUE" value="eng"></languageCode><countryCode value="USA" Sync="TRUE"></countryCode></mdLang><mdStanName Sync="TRUE">ISO 19115 Geographic Information - Metadata</mdStanName><mdStanVer Sync="TRUE">DIS_ESRI1.0</mdStanVer><mdChar><CharSetCd Sync="TRUE" value="004"></CharSetCd></mdChar><mdHrLv><ScopeCd Sync="TRUE" value="005"></ScopeCd></mdHrLv><mdHrLvName Sync="TRUE">dataset</mdHrLvName><distInfo><distributor><distorTran><onLineSrc><orDesc Sync="TRUE">002</orDesc><linkage Sync="TRUE">Server=ffxsde; Service=5157; User=stulad; Version=SDE.DEFAULT</linkage><protocol Sync="TRUE">ArcSDE Connection</protocol></onLineSrc></distorTran><distorFormat><formatName Sync="TRUE">SDE Feature Class</formatName></distorFormat></distributor><distFormat><formatName Sync="TRUE">Shapefile</formatName></distFormat><distTranOps><transSize Sync="TRUE">0.000</transSize></distTranOps></distInfo><refSysInfo><RefSystem><refSysID><identCode Sync="TRUE" code="2283">NAD_1983_StatePlane_Virginia_North_FIPS_4501_Feet</identCode><idCodeSpace Sync="TRUE">EPSG</idCodeSpace><idVersion Sync="TRUE">7.11.2</idVersion></refSysID></RefSystem></refSysInfo><spatRepInfo><VectSpatRep><geometObjs Name="PARKS_FCPA"><geoObjTyp><GeoObjTypCd value="002" Sync="TRUE"></GeoObjTypCd></geoObjTyp><geoObjCnt Sync="TRUE">0</geoObjCnt></geometObjs><topLvl><TopoLevCd value="001" Sync="TRUE"></TopoLevCd></topLvl></VectSpatRep></spatRepInfo><mdDateSt Sync="TRUE">20140505</mdDateSt></metadata>
