﻿<?xml version="1.0" encoding="utf-8"?>
<metadata>
  <idinfo>
    <citation>
      <citeinfo>
        <origin>Department of Fisheries and Wildlife, Michigan State University</origin>
        <origin>Peter C. Esselman, Dana M. Infante, Lizhu Wang, William W. Taylor, Wesley M. Daniel, Ralph Tingley, Jacqueline Fenner, Arthur Cooper, Daniel Wieferich, Darren Thornbrugh, and Jared Ross</origin>
        <pubdate>201104</pubdate>
        <title>National Fish Habitat Action Plan (NFHAP) 2010 HCI Scores and Human Disturbance Data (linked to NHDPLUSV1) for Virginia</title>
        <geoform>maps and data</geoform>
        <pubinfo>
          <pubplace>Denver, CO</pubplace>
          <publish>National Fish Habitat Action Plan (NFHAP)</publish>
        </pubinfo>
        <onlink>DOI name: 10.5066/F7CJ8BG0 (http://www.doi.org/)</onlink>
        <lworkcit>
          <citeinfo>
            <origin>Peter C. Esselman, Dana M. Infante, Lizhu Wang, William W. Taylor, Wesley M. Daniel, Ralph Tingley, Jacqueline Fenner, Arthur Cooper, Daniel Wieferich, Darren Thornbrugh, and Jared Ross</origin>
            <pubdate>Unknown</pubdate>
            <title>A landscape assessment of fish habitat conditions in United States rivers and their watersheds</title>
            <geoform>maps and data</geoform>
            <pubinfo>
              <pubplace>http://fishhabitat.org/</pubplace>
              <publish>National Fish Habitat Action Plan (NFHAP)</publish>
            </pubinfo>
            <onlink>http://fishhabitat.org/</onlink>
          </citeinfo>
        </lworkcit>
      </citeinfo>
    </citation>
    <descript>
      <abstract>This shapefile contains landscape factors representing human disturbances summarized to local and network catchments of river reaches for the state of Virginia.  This dataset is the result of clipping the feature class 'NFHAP 2010 HCI Scores and Human Disturbance Data for the Conterminous United States linked to NHDPLUSV1.gdb' to the state boundary of Virginia.  Landscape factors include land uses, population density, roads, dams, mines, and point-source pollution sites.  The source datasets that were compiled and attributed to catchments were identified as being: (1) meaningful for assessing fish habitat; (2) consistent across the entire study area in the way that they were assembled; (3) representative of conditions in the past 10 years, and (4) of sufficient spatial resolution that they could be used to make valid comparisons among local catchment units.  In this data set, these variables are linked to the catchments of the National Hydrography Dataset Plus Version 1 (NHDPlusV1) using the COMID identifier.  They can also be linked to the reaches of the NHDPlusV1 using the COMID identifier.  Catchment attributes are available for both local catchments (defined as the land area draining directly to a reach; attributes begin with "L_" prefix) and network catchments (defined by all upstream contributing catchments to the reach's outlet, including the reach's own local catchment; attributes begin with "N_" prefix).  This shapefile also includes habitat condition scores created based on responsiveness of biological metrics to anthropogenic landscape disturbances throughout ecoregions.  Separate scores were created by considering disturbances within local catchments, network catchments, and a cumulative score that accounted for the most limiting disturbance operating on a given biological metric in either local or network catchments.  This assessment only scored reaches representing streams and rivers (see the process section for more details).</abstract>
      <purpose>These data were collected for multiple purposes.  First, they were gathered in support of conducting a condition assessment of fluvial waterbodies throughout the United States in support of the National Fish Habitat Action Plan (NFHAP).  Second, these data were intended to be made available to NFHAP Partnerships as well as other users interested in acquiring consistently-organized information available characterizing river systems over larger regions.  This work was supported by local, state, and federal partners of NFHAP, including the U.S. Fish and Wildlife Service and the U.S. Geological Survey.       

Because the condition assessment was conducted over such a large geographic region, we adopted a landscape approach for assessment which assumed that anthropogenic disturbances as well as natural characteristics in the watersheds affect a given unit of habitat which in turn would affect fishes.  It was necessary to use a landscape approach because landscape data are available for every location in of the United States whereas local measures of habitat or biological indicators of habitat condition are only available at a very small percentage of locations around the country.</purpose>
      <supplinf>NFHAP GIS processing methodology for the initial national assessment processing steps were used for a subset of datasets acquired for use in the initial national assessment being performed on the conterminous 48 states for NFHAP.  With the exception of elevation data, processing steps used for datasets and variables supplied with the NHDPlusV1 dataset are excluded (this information is available in the NHDPlusV1 user guide and metadata).  Also excluded are processing steps for datasets acquired by NFHAP, but not used in the current assessment.  The modifications and manipulations made to these datasets were done to facilitate variable generation and catchment attribution.  Descriptions of the process by which landscape scores were summarized are documented in (Esselman, P.C., Infante, D.M., Wang, L., Wu, D., Cooper, A.R., Taylor, W.W., 2011. An index of cumulative disturbance to river fish habitats of the conterminous United States from landscape anthropogenic activities. Ecol. Restor. 29, 133-151.).    Additional contact information: Dana Infante, 517-432-7232, infanted@msu.edu; Peter Esselman, 517-432-1927,  pce@msu.edu.</supplinf>
    </descript>
    <timeperd>
      <timeinfo>
        <rngdates>
          <begdate>2000</begdate>
          <enddate>2007</enddate>
        </rngdates>
      </timeinfo>
      <current>publication date</current>
    </timeperd>
    <status>
      <progress>Complete</progress>
      <update>n/a</update>
    </status>
    <spdom>
      <descgeog>Virginia</descgeog>
      <bounding>
        <westbc>-83.67350</westbc>
        <eastbc>-75.24050</eastbc>
        <northbc>39.46640</northbc>
        <southbc>36.53940</southbc>
      </bounding>
    </spdom>
    <keywords>
      <theme>
        <themekt>USGS Biocomplexity Thesaurus</themekt>
        <themekey>Streams</themekey>
        <themekey>Rivers</themekey>
        <themekey>Catchment areas</themekey>
        <themekey>Aquatic habitats</themekey>
        <themekey>Anthropogenic factors</themekey>
        <themekey>Inland water environments</themekey>
        <themekey>Landscape ecology</themekey>
        <themekey>River basins</themekey>
        <themekey>Environmental conditions</themekey>
        <themekey>Water quality measurement</themekey>
        <themekey>Habitat suitability</themekey>
      </theme>
      <place>
        <placekt>None</placekt>
        <placekey>Virginia</placekey>
      </place>
    </keywords>
    <accconst>None</accconst>
    <useconst>None</useconst>
    <ptcontac>
      <cntinfo>
        <cntperp>
          <cntper>Arthur Cooper</cntper>
          <cntorg>Department of Fisheries and Wildlife, Michigan State University</cntorg>
        </cntperp>
        <cntaddr>
          <addrtype>mailing and physical</addrtype>
          <address>Natural Resources, 480 Wilson Rd. Rm 13</address>
          <city>East Lansing</city>
          <state>MI</state>
          <postal>48824</postal>
        </cntaddr>
        <cntvoice>(517) 432-8048</cntvoice>
        <cntemail>coopera6@msu.edu</cntemail>
      </cntinfo>
    </ptcontac>
    <datacred>Funding for the development of these data tables was provided by the U.S. Fish and Wildlife Service and the U.S. Geological Survey.  The following individuals were involved in data collection and analysis:  Peter C. Esselman, Dana M. Infante, Lizhu Wang, William W. Taylor, Wesley M. Daniel, Ralph Tingley, Jacqueline Fenner, Arthur Cooper, Daniel Wieferich, Darren Thornbrugh, and Jared Ross.</datacred>
    <tool>
      <tooldesc>Network catchment summaries were generated using the NHDPlus CA3T (Catchment Attribute Allocation and Accumulation Tool).

The CA3T tool includes a function that calculates cumulative upstream catchment attributes for flowlines within the NHDPlus dataset.</tooldesc>
      <toolacc>
        <onlink>http://www.horizon-systems.com/NHDPlus/NHDPlusV1_tools.php</onlink>
        <toolinst>CA3T version 1.0.0 was used develop the network catchment summaries provided in this dataset, however a newer version of CA3T can be obtained at http://www.horizon-systems.com/NHDPlus/NHDPlusV1_tools.php.</toolinst>
      </toolacc>
      <toolcont>
        <cntinfo>
          <cntorgp>
            <cntorg>Horizon Systems Corporation</cntorg>
          </cntorgp>
          <cntaddr>
            <addrtype>mailing and physical</addrtype>
            <address>PO Box 5084</address>
            <city>Herndon</city>
            <state>VA</state>
            <postal>20170</postal>
          </cntaddr>
          <cntvoice>703-471-0480</cntvoice>
        </cntinfo>
      </toolcont>
    </tool>
  </idinfo>
  <dataqual>
    <attracc>
      <attraccr>No formal attribute accuracy tests were conducted</attraccr>
    </attracc>
    <logic>N/A. No formal logical accuracy assessment conducted.</logic>
    <complete>N/A. No formal completeness assessment conducted. See abstract and processing steps for more information.</complete>
    <posacc>
      <horizpa>
        <horizpar>No formal positional accuracy tests were conducted</horizpar>
      </horizpa>
    </posacc>
    <lineage>
      <method>
        <methtype>field</methtype>
        <methdesc>We selected spatial datasets that represent anthropogenic disturbances to landscapes that would likely impact stream habitats. After selecting appropriate datasets for the assessment, we manipulated data to prepare for local catchment attribution.  Manipulations are described in detail in the process input section but include steps such as altering spatial extent, altering coordinate system, clipping data, merging data and reclassifying data.  Next data was attributed to local catchments.  The results of the local catchment attribution were then input into the CA3T version 1.0.0 tool to calculate network catchment attribution.

Within each of 9 aggregated Omernik (1987) ecoregions as defined by the EPA's Wadeable Streams Assessment (Paulsen et al., 2008), key biological metrics were selected following an approach to identify those metrics that were most sensitive to anthropogenic disturbance and that were widely distributed throughout ecoregions (Stoddard et al. 2008).  Habitat condition scores were created based on responsiveness of biological metrics to anthropogenic landscape disturbances throughout ecoregions, and separate scores were created by considering disturbances within local catchments (LDistIndex), network catchments (NDistIndex), and a cumulative score that accounted for the most limiting disturbance operating on a given biological metric in either local or network catchments (CumDistIndex).

Literature Cited

Esselman, P.C., Infante, D.M., Wang, L., Wu, D., Cooper, A.R., Taylor, W.W., 2011. An index of cumulative disturbance to river fish habitats of the conterminous United States from landscape anthropogenic activities. Ecol. Restor. 29, 133-151.

Stoddard, J.L., Herlihy, A.T., Peck, D.V., Hughes, R.M., Whittier, T.R., Tarquinio, E., 2008. A process for creating multimetric   indices for large-scale aquatic surveys. J. N. Am. Benthol. Soc. 27, 878?891.</methdesc>
      </method>
      <srcinfo>
        <srccite>
          <citeinfo>
            <origin>Multi-Resolution Land Characteristics Consortium (MRLC)</origin>
            <pubdate>Unknown</pubdate>
            <title>National Land Cover Database 2001 Version 1</title>
            <geoform>Spatial Data</geoform>
            <pubinfo>
              <pubplace>http://www.mrlc.gov</pubplace>
              <publish>Multi-Resolution Land Characteristics Consortium (MRLC)</publish>
            </pubinfo>
            <onlink>http://www.mrlc.gov</onlink>
          </citeinfo>
        </srccite>
        <typesrc>Spatial Data</typesrc>
        <srctime>
          <timeinfo>
            <rngdates>
              <begdate>2001</begdate>
              <enddate>Unknown</enddate>
            </rngdates>
          </timeinfo>
          <srccurr>Unknown</srccurr>
        </srctime>
        <srccitea>NLCD 2001 v1</srccitea>
        <srccontr>Input spatial dataset used to create urban, pasture and crops variables.</srccontr>
      </srcinfo>
      <srcinfo>
        <srccite>
          <citeinfo>
            <origin>National Oceanic and Atmospheric Administration</origin>
            <pubdate>Unknown</pubdate>
            <title>U.S. Population Density 2000</title>
            <geoform>Spatial Data</geoform>
            <pubinfo>
              <pubplace>http://www.ngdc.noaa.gov/dmsp/download_sprawl.html</pubplace>
              <publish>National Oceanic and Atmospheric Administration</publish>
            </pubinfo>
            <onlink>http://www.ngdc.noaa.gov/dmsp/download_sprawl.html</onlink>
          </citeinfo>
        </srccite>
        <typesrc>Spatial Data</typesrc>
        <srctime>
          <timeinfo>
            <rngdates>
              <begdate>2000</begdate>
              <enddate>Unknown</enddate>
            </rngdates>
          </timeinfo>
          <srccurr>Unknown</srccurr>
        </srctime>
        <srccitea>NOAA</srccitea>
        <srccontr>Input spatial dataset used to create popdens variables.</srccontr>
      </srcinfo>
      <srcinfo>
        <srccite>
          <citeinfo>
            <origin>U.S. Census 2000 / ESRI</origin>
            <pubdate>2000</pubdate>
            <title>Census 2000 TIGER Roads</title>
            <geoform>Spatial Data</geoform>
            <pubinfo>
              <pubplace>http://www.esri.com/data/download/census2000_tigerline/index.html</pubplace>
              <publish>U.S. Census 2000 / ESRI</publish>
            </pubinfo>
            <onlink>http://www.esri.com/data/download/census2000_tigerline/index.html</onlink>
          </citeinfo>
        </srccite>
        <typesrc>Spatial Data</typesrc>
        <srctime>
          <timeinfo>
            <rngdates>
              <begdate>2000</begdate>
              <enddate>Unknown</enddate>
            </rngdates>
          </timeinfo>
          <srccurr>Unknown</srccurr>
        </srctime>
        <srccitea>ESRI Census</srccitea>
        <srccontr>Input spatial dataset used to create roadcr and roadlen variables.</srccontr>
      </srcinfo>
      <srcinfo>
        <srccite>
          <citeinfo>
            <origin>U.S. Army Corps of Engineers</origin>
            <pubdate>Unknown</pubdate>
            <title>National Inventory of Dams</title>
            <geoform>Spatial Data</geoform>
            <pubinfo>
              <pubplace>http://crunch.tec.army.mil/nidpublic/webpages/nid.cfm</pubplace>
              <publish>U.S. Army Corps of Engineers</publish>
            </pubinfo>
            <onlink>http://crunch.tec.army.mil/nidpublic/webpages/nid.cfm</onlink>
          </citeinfo>
        </srccite>
        <typesrc>Spatial Data</typesrc>
        <srctime>
          <timeinfo>
            <rngdates>
              <begdate>2002</begdate>
              <enddate>2004</enddate>
            </rngdates>
          </timeinfo>
          <srccurr>Unknown</srccurr>
        </srctime>
        <srccitea>NID</srccitea>
        <srccontr>Input spatial dataset used to create dams variables.</srccontr>
      </srcinfo>
      <srcinfo>
        <srccite>
          <citeinfo>
            <origin>U.S. Geological Survey</origin>
            <pubdate>Unknown</pubdate>
            <title>Active Mines and Mineral Processing Plants</title>
            <geoform>Spatial Data</geoform>
            <pubinfo>
              <pubplace>http://tin.er.usgs.gov/mineplant/</pubplace>
              <publish>U.S. Geological Survey</publish>
            </pubinfo>
            <onlink>http://tin.er.usgs.gov/mineplant/</onlink>
          </citeinfo>
        </srccite>
        <typesrc>Spatial Data</typesrc>
        <srctime>
          <timeinfo>
            <rngdates>
              <begdate>2003</begdate>
              <enddate>Unknown</enddate>
            </rngdates>
          </timeinfo>
          <srccurr>Unknown</srccurr>
        </srctime>
        <srccitea>mineplant-fUS</srccitea>
        <srccontr>Input spatial dataset used to create mines variables.</srccontr>
      </srcinfo>
      <srcinfo>
        <srccite>
          <citeinfo>
            <origin>U.S. Environmental Protection Agency</origin>
            <pubdate>Unknown</pubdate>
            <title>EPA Geospatial Data</title>
            <geoform>Spatial Data</geoform>
            <pubinfo>
              <pubplace>http://www.epa.gov/enviro/geo_data.html</pubplace>
              <publish>U.S. Environmental Protection Agency</publish>
            </pubinfo>
            <onlink>http://www.epa.gov/enviro/geo_data.html</onlink>
          </citeinfo>
        </srccite>
        <typesrc>Spatial Data</typesrc>
        <srctime>
          <timeinfo>
            <rngdates>
              <begdate>2007</begdate>
              <enddate>Unknown</enddate>
            </rngdates>
          </timeinfo>
          <srccurr>Unknown</srccurr>
        </srctime>
        <srccitea>EPA</srccitea>
        <srccontr>Input spatial dataset used to create tri, npdes, and cerc variables.</srccontr>
      </srcinfo>
      <procstep>
        <procdesc>National Land Cover Database 2001 Version 1: The 2001 NLCD version 1 data (30 meter resolution) was downloaded by NLCD land cover region (14 total regions for the conterminous 48 states). Image (.img) format datasets were converted to an Arc/Info grid using the IMAGEGRID command in ArcInfo Workstation: 

imagegrid landcover1_3k_022007.img landcover1 # # nearest #

The regional land cover grids were created using a set of nested GRID commands in ArcInfo Workstation. The first command used was SELECTMASK, which restricted the output grid to the boundary of the CAT catchment grid for each NHDPlus region. In the original data structure, the grid value of 127 was used in place of the 'No Data' category. This value was changed to 'No Data' using the SETNULL command. If needed, the MERGE command was used to combine multiple NLCD regions to form one NHDPlus region. Below is an example of the code that was used to generate the output land cover grids:

landcov2001 = selectmask (merge (setnull(landcover1 == 127, landcover1), setnull(landcover2 == 127, landcover2), setnull(landcover3 == 127, landcover3)), cat)</procdesc>
        <procdate>Unknown</procdate>
      </procstep>
      <procstep>
        <procdesc>U.S. Population Density 2000: The NOAA Population Density grid (1 km spatial resolution) for the conterminous 48 states was clipped for each NHDPlus region using the ArcInfo Workstation SELECTMASK command. The cell size, window, and select mask were set to the CAT catchment grid:
 
setcell ..\drainage\cat
setwindow ..\drainage\cat ..\drainage\cat
popdens = selectmask (H:\NFHI\Data_Layers\NOAA\Pop2000\pop2000, ..\drainage\cat)</procdesc>
        <procdate>Unknown</procdate>
      </procstep>
      <procstep>
        <procdesc>Census 2000 TIGER Roads: Census 2000 TIGER Road shapefiles (1:100,000 scale) were downloaded as a county zip file from ESRI.  After extracting the county shapefiles, a statewide road shapefile was created using the MERGE tool in ArcToolbox (Data Management Tools\General). The resulting shapefile was checked for completeness against a county boundary file to ensure that no county shapefiles were missing.  Projection files (Geographic NAD83) were then imported for each shapefile. 

Each statewide road shapefile was clipped using ArcToolbox (Analysis Tools\Extract), using a dissolved NHDPlus catchment boundary as the clip polygon. The clipped shapefiles were then merged for each NHDPlus basin using MERGE in ArcMap. 

Road crossing shapefiles were generated using the INTERSECT tool in ArcMap (Analysis Tools\Overlay\Intersect), with the output shapefile feature type set to point.</procdesc>
        <procdate>Unknown</procdate>
      </procstep>
      <procstep>
        <procdesc>National Inventory of Dams (NID): The spatial reference for the downloaded NID point shapefile was assumed to be Geographic NAD83, as there was no projection file and no coordinate system information in the metadata.  The national dam dataset was selected and exported for each NHDPlus region using the 'Select by Location' feature in ArcMap. 

The comid and grid_code fields were added to the regional dam shapefiles by doing a spatial join in ArcView using the polygon catchment shapefile (catchment.shp) for each NHDPlus region.  The Compiled Table Tools extension was then used to permanently add the catchment.shp attributes to the dam shapefile table.</procdesc>
        <procdate>Unknown</procdate>
      </procstep>
      <procstep>
        <procdesc>Active Mines and Mineral Processing Plants: The spatial reference (.prj) was defined as Geographic NAD27 for the mineplant-fUS point shapefile prior to projecting to the Geographic NAD83 coordinate system. Mines were selected for each NHDPlus processing basin using the 'Select by Location' feature in ArcMap and exported to a new shapefile.  

The comid and grid_code fields were added by doing a spatial join of catchment.shp to the mines shapefile in ArcView, then, using the Compiled Table Tools extension, the fields were permanently joined to the mines.dbf table.</procdesc>
        <procdate>Unknown</procdate>
      </procstep>
      <procstep>
        <procdesc>EPA Geospatial Data: The EPA Geospatial Data point layer contains information about facilities or sites from the following five national environmental programs: Superfund National Priorities List (NPL) from the Compensation and Liability Information System [CERCLIS]; Resource Conservation and Recovery Act (RCRA) - Treatment, Storage, and Disposal Facilities (TSDF); Toxics Release Inventory (TRI) Program; National Environmental Performance Track (NEPT); and the National Pollutant Discharge Elimination System (NPDES) Majors from the Permit Compliance System (PCS).

These sites were selected for each NHDPlus region using the 'Select by Location' feature in ArcMap and exported to a new shapefile.  The comid and grid_code fields were added by doing a spatial join of catchment.shp to the EPA sites shapefile in ArcView, then, using the Compiled Table Tools extension, the fields were permanently joined to the dams.dbf table.  Five additional fields (Cerc, Nept, Pcs, Rcra, and Tri) were added and calculated as 0 if the site was not part of the regulation program, or 1 if it was part of the program. Sites may be regulated by more than one type of program.</procdesc>
        <procdate>Unknown</procdate>
      </procstep>
      <procstep>
        <procdesc>NHDPlusV1 Reach Selection for NFHAP. 

The NHDPlusV1 dataset for the conterminous U.S. consists of 2.9 million reaches divided into 19 regions. Reaches fall into one of the following flowline feature type (FTYPE) classes:

-Artificial Path
-CanalDitch
-Coastline
-Connector
-Pipeline
-StreamRiver

Steps used for reach selection:
1. The ‘Coastline’ and ‘Pipeline’ flowline feature types were removed.

2. Next, selection of reaches was done using the polygon attribute table for the catchment shapefile to identify reaches that had a delineated local catchment. Reaches that did not have a catchment were dropped. The set of dropped reaches included those that were either disconnected from the stream network or had an undetermined flow direction (FLOWDIR = ‘Uninitialized’).  In addition, reaches that were part of the stream network (FLOWDIR = ‘With Digitized’), but lacked a local catchment, were dropped in this step. These latter cases occur for very short reaches (generally &lt;50 meters) that did not get a watershed due to their size (catchments were derived from elevation grids that have a 30 
meter cell size).

3. Reaches with a hydrologic sequence number (HYDROSEQ field in the flowlinevaa.dbf table) equal to zero were dropped.  This number places the reaches in hydrologic sequence and is used in the aggregation of variables for the cumulative catchment.  
 
4. Additional selection was done for the ‘Artificial Path’ flowline feature type. Artificial paths in the NHDPlus represent a flowline through a polygon that is either in the NHDWaterbody or NHDArea polygon dataset.  The polygon feature types (FTYPE) for each dataset are listed below: 
NHDWaterbody
-     LakePond
-	Reservior
-	SwampMarsh
-	IceMass
-	Playa
NHDArea
-	StreamRiver
-	CanalDitch
-	Wash
-	Area of complex channels 

All artificial paths within NHDWaterbody polygons were removed. Artificial paths in the NHDArea polygon dataset with ’CanalDitch’, ‘Wash’, and ‘Area of complex channels’ polygon feature types were also dropped. For some artificial paths, there is no designated feature type within either the NHDWaterbody or NHDArea polygon datasets. These reaches were removed by identifying artificial paths with WBAREACOMID = -9998 in the flowline attribute table.

Additional selection was done for artificial paths within the NHDArea ‘StreamRiver’ polygon feature type:

Artificial Path Selection for ‘StreamRiver’ Feature Type

1.	We identified all artificial paths in the NHDArea shapefile that were of FTYPE ‘StreamRiver’. This step was done by linking the NHDArea attribute table to the NHDFlowline attribute table using the COMID field in NHDArea.dbf and the WBAREACOMID in NHDFlowline.dbf.
2.	‘StreamRiver’ artificial paths were then divided into the six drainage area size classes used in NFHAP assessment: Headwater (&lt;= 10 sqkm), Creek(&gt;10 and &lt;= 100 sqkm), Small River (&gt;100 and &lt;= 1000 sqkm), Medium River (&gt;1000 and &lt;= 10000 sqkm), Large River (&gt;10000 and &lt;= 25000 sqkm), and Great River (&gt;25000 sqkm). The CUMDRAINAG field from the flowlineattributesflow.dbf table was used for the drainage area values.
3.	Within each size class, artificial paths were divided into the following reach length classes (in meters): &lt;50, 50 –100, 100-200, 200-300, 300-400, 400-500, 500-600, 600-700, 700-800, 800-900, 900-1000, 1000-1500, 1500-2000, 2000-2500, &gt;2500.
4.	Local catchments for drainage area/reach length size class combinations (i.e. Headwater, &lt;50) were viewed using GIS to determine if the reaches represented a (1) mainstrem reach, (2) divergence, (3) tributary to larger stream/river, or a (4) backwater/tributary combination. When viewing these examples, if it was decided that a majority of these cases did not represent a mainstem reach or backwater/tributary combination, then that size class/length combination was identified for removal.
5.	Reaches in the following drainage area/reach length combinations were identified for exclusion: 
Headwater - &lt;50, 50 –100, and 100-200
Creek - &lt;50 and 50 –100
Small River - &lt;50

5. Divergences 

Divergences are identified in the NHDPlus dataset using the DIVERGENCE field in the nhdflowlinevaa.dbf table. A value of 1 indicates a major divergent path and a value of 2 is assigned to the minor divergent path.  Reaches identified as a minor divergence (DIVERGENCE = 2) were removed.
6.  Boundary Reaches

	Flowlines along the borders with Canada and Mexico were selected and removed. 

7. Estuary Artificial Paths

1.	A high resolution estuary shapefile was received from the coastal NFHAP group.  
2.	The NHDPLUS midpoints were intersected with the estuary file.  The intersecting COMIDs were dropped from the list of COMIDs assessed by the freshwater stream assessment.  
3.	The estuary shapefile was found to not fill entire channels of water, so we then manually inspected remaining COMIDs to make sure they should be included in our assessment.  To do this we used a coastline shapefile created by NOAA (midresolution) as a reference of the coastline.  We also used the estuary shapefile to limit our search inland (e.g. we only searched as far inland as the estuary polygons and all waterbodies closer to the ocean were considered saltwater).  All COMIDs with artificial paths in estuaries were then dropped from the inland (freshwater) stream assessment.</procdesc>
        <procdate>Unknown</procdate>
      </procstep>
      <procstep>
        <procdesc>The feature class containing final NFHAP HCI scores and human disturbance data (DOI name: 10.5066/F7B56GN1 (http://www.doi.org/)) was then clipped to the target state using ArcGIS 9.3.</procdesc>
        <procdate>Unknown</procdate>
      </procstep>
    </lineage>
  </dataqual>
  <spdoinfo>
    <indspref>These data are joined to NHDPlusV1 catchments using the COMID field.  The data tables can also be joined to NHDPlusV1 flowlines using the COMID field.</indspref>
    <direct>Vector</direct>
    <ptvctinf>
      <esriterm Name="nfhap_hci_virginia">
        <efeatyp Sync="TRUE">Simple</efeatyp>
        <efeageom code="4" Sync="TRUE"></efeageom>
        <esritopo Sync="TRUE">FALSE</esritopo>
        <efeacnt Sync="TRUE">60056</efeacnt>
        <spindex Sync="TRUE">TRUE</spindex>
        <linrefer Sync="TRUE">FALSE</linrefer>
      </esriterm>
    </ptvctinf>
  </spdoinfo>
  <eainfo>
    <detailed Name="nfhap_hci_virginia">
      <enttyp>
        <enttypl>Human Disturbance Data</enttypl>
        <enttypd>Human Disturbance Variable Descriptions, Units, and Sources (L_Attribute = Local Catchment, N_Attribute = Network Catchment)</enttypd>
        <enttypds>Producer defined</enttypds>
        <enttypt Sync="TRUE">Feature Class</enttypt>
        <enttypc Sync="TRUE">60056</enttypc>
      </enttyp>
      <attr>
        <attrlabl Sync="TRUE">FID</attrlabl>
        <attalias Sync="TRUE">FID</attalias>
        <attrtype Sync="TRUE">OID</attrtype>
        <attwidth Sync="TRUE">4</attwidth>
        <atprecis Sync="TRUE">0</atprecis>
        <attscale Sync="TRUE">0</attscale>
        <attrdef Sync="TRUE">Internal feature number.</attrdef>
        <attrdefs Sync="TRUE">Esri</attrdefs>
        <attrdomv>
          <udom Sync="TRUE">Sequential unique whole numbers that are automatically generated.</udom>
        </attrdomv>
      </attr>
      <attr>
        <attrlabl Sync="TRUE">Shape</attrlabl>
        <attalias Sync="TRUE">Shape</attalias>
        <attrtype Sync="TRUE">Geometry</attrtype>
        <attwidth Sync="TRUE">0</attwidth>
        <atprecis Sync="TRUE">0</atprecis>
        <attscale Sync="TRUE">0</attscale>
        <attrdef Sync="TRUE">Feature geometry.</attrdef>
        <attrdefs Sync="TRUE">Esri</attrdefs>
        <attrdomv>
          <udom Sync="TRUE">Coordinates defining the features.</udom>
        </attrdomv>
      </attr>
      <attr>
        <attrlabl>L_UrbanL</attrlabl>
        <attrdef>% of local catchment defined as developed, open space and low intensity</attrdef>
        <attrdefs>Multi-Resolution Land Characteristics Consortium (MRLC)</attrdefs>
        <attrdomv>
          <rdom>
            <rdommin>0</rdommin>
            <rdommax>100</rdommax>
          </rdom>
        </attrdomv>
        <attalias Sync="TRUE">L_URBANL</attalias>
        <attrtype Sync="TRUE">Double</attrtype>
        <attwidth Sync="TRUE">19</attwidth>
        <atprecis Sync="TRUE">18</atprecis>
        <attscale Sync="TRUE">5</attscale>
      </attr>
      <attr>
        <attrlabl>L_UrbanM</attrlabl>
        <attrdef>% of local catchment defined as developed, medium intensity</attrdef>
        <attrdefs>Multi-Resolution Land Characteristics Consortium (MRLC)</attrdefs>
        <attrdomv>
          <rdom>
            <rdommin>0</rdommin>
            <rdommax>100</rdommax>
          </rdom>
        </attrdomv>
        <attalias Sync="TRUE">L_URBANM</attalias>
        <attrtype Sync="TRUE">Double</attrtype>
        <attwidth Sync="TRUE">19</attwidth>
        <atprecis Sync="TRUE">18</atprecis>
        <attscale Sync="TRUE">5</attscale>
      </attr>
      <attr>
        <attrlabl>L_UrbanH</attrlabl>
        <attrdef>% of local catchment defined as developed, high intensity</attrdef>
        <attrdefs>Multi-Resolution Land Characteristics Consortium (MRLC)</attrdefs>
        <attrdomv>
          <rdom>
            <rdommin>0</rdommin>
            <rdommax>100</rdommax>
          </rdom>
        </attrdomv>
        <attalias Sync="TRUE">L_URBANH</attalias>
        <attrtype Sync="TRUE">Double</attrtype>
        <attwidth Sync="TRUE">19</attwidth>
        <atprecis Sync="TRUE">18</atprecis>
        <attscale Sync="TRUE">5</attscale>
      </attr>
      <attr>
        <attrlabl>L_Pasture</attrlabl>
        <attrdef>% of local catchment defined as pasture/hay</attrdef>
        <attrdefs>Multi-Resolution Land Characteristics Consortium (MRLC)</attrdefs>
        <attrdomv>
          <rdom>
            <rdommin>0</rdommin>
            <rdommax>100</rdommax>
          </rdom>
        </attrdomv>
        <attalias Sync="TRUE">L_PASTURE</attalias>
        <attrtype Sync="TRUE">Double</attrtype>
        <attwidth Sync="TRUE">19</attwidth>
        <atprecis Sync="TRUE">18</atprecis>
        <attscale Sync="TRUE">5</attscale>
      </attr>
      <attr>
        <attrlabl>L_Crops</attrlabl>
        <attrdef>% of local catchment defined as cultivated crops</attrdef>
        <attrdefs>Multi-Resolution Land Characteristics Consortium (MRLC)</attrdefs>
        <attrdomv>
          <rdom>
            <rdommin>0</rdommin>
            <rdommax>100</rdommax>
          </rdom>
        </attrdomv>
        <attalias Sync="TRUE">L_CROPS</attalias>
        <attrtype Sync="TRUE">Double</attrtype>
        <attwidth Sync="TRUE">19</attwidth>
        <atprecis Sync="TRUE">18</atprecis>
        <attscale Sync="TRUE">5</attscale>
      </attr>
      <attr>
        <attrlabl>L_Popdens</attrlabl>
        <attrdef>Mean population density within local catchment (units = Individuals/km2)</attrdef>
        <attrdefs>National Oceanic and Atmospheric Administration (NOAA)</attrdefs>
        <attrdomv>
          <rdom>
            <rdommin>0</rdommin>
            <rdommax>15253.84</rdommax>
          </rdom>
        </attrdomv>
        <attalias Sync="TRUE">L_POPDENS</attalias>
        <attrtype Sync="TRUE">Double</attrtype>
        <attwidth Sync="TRUE">19</attwidth>
        <atprecis Sync="TRUE">18</atprecis>
        <attscale Sync="TRUE">5</attscale>
      </attr>
      <attr>
        <attrlabl>L_Roadcr</attrlabl>
        <attrdef>Number of road crossings within local catchment</attrdef>
        <attrdefs>US Census</attrdefs>
        <attrdomv>
          <rdom>
            <rdommin>0</rdommin>
            <rdommax>84</rdommax>
          </rdom>
        </attrdomv>
        <attalias Sync="TRUE">L_ROADCR</attalias>
        <attrtype Sync="TRUE">Double</attrtype>
        <attwidth Sync="TRUE">19</attwidth>
        <atprecis Sync="TRUE">18</atprecis>
        <attscale Sync="TRUE">5</attscale>
      </attr>
      <attr>
        <attrlabl>L_Roadlen</attrlabl>
        <attrdef>Length of roads within local catchment in meters</attrdef>
        <attrdefs>US Census</attrdefs>
        <attrdomv>
          <rdom>
            <rdommin>0</rdommin>
            <rdommax>7091621.78</rdommax>
          </rdom>
        </attrdomv>
        <attalias Sync="TRUE">L_ROADLEN</attalias>
        <attrtype Sync="TRUE">Double</attrtype>
        <attwidth Sync="TRUE">19</attwidth>
        <atprecis Sync="TRUE">18</atprecis>
        <attscale Sync="TRUE">5</attscale>
      </attr>
      <attr>
        <attrlabl>L_Dams</attrlabl>
        <attrdef>Number of dams within local catchment</attrdef>
        <attrdefs>U.S. Army Corps of Engineers (USACE)</attrdefs>
        <attrdomv>
          <rdom>
            <rdommin>0</rdommin>
            <rdommax>23</rdommax>
          </rdom>
        </attrdomv>
        <attalias Sync="TRUE">L_DAMS</attalias>
        <attrtype Sync="TRUE">Double</attrtype>
        <attwidth Sync="TRUE">19</attwidth>
        <atprecis Sync="TRUE">18</atprecis>
        <attscale Sync="TRUE">5</attscale>
      </attr>
      <attr>
        <attrlabl>L_Mines</attrlabl>
        <attrdef>Number of mines or mineral processing plants within local catchment</attrdef>
        <attrdefs>U.S. Geological Survey (USGS)</attrdefs>
        <attrdomv>
          <rdom>
            <rdommin>0</rdommin>
            <rdommax>12</rdommax>
          </rdom>
        </attrdomv>
        <attalias Sync="TRUE">L_MINES</attalias>
        <attrtype Sync="TRUE">Double</attrtype>
        <attwidth Sync="TRUE">19</attwidth>
        <atprecis Sync="TRUE">18</atprecis>
        <attscale Sync="TRUE">5</attscale>
      </attr>
      <attr>
        <attrlabl>L_TRI</attrlabl>
        <attrdef>Number of TRI sites within local catchment; Toxics Release Inventory (TRI) Program</attrdef>
        <attrdefs>U.S. Environmental Protection Agency (US EPA)</attrdefs>
        <attrdomv>
          <rdom>
            <rdommin>0</rdommin>
            <rdommax>199</rdommax>
          </rdom>
        </attrdomv>
        <attalias Sync="TRUE">L_TRI</attalias>
        <attrtype Sync="TRUE">Double</attrtype>
        <attwidth Sync="TRUE">19</attwidth>
        <atprecis Sync="TRUE">18</atprecis>
        <attscale Sync="TRUE">5</attscale>
      </attr>
      <attr>
        <attrlabl>L_NPDES</attrlabl>
        <attrdef>Number of NPDES sites within local catchment; National Pollutant Discharge Elimination System (NPDES) Majors from the Permit Compliance System (PCS)</attrdef>
        <attrdefs>U.S. Environmental Protection Agency (US EPA)</attrdefs>
        <attrdomv>
          <rdom>
            <rdommin>0</rdommin>
            <rdommax>7</rdommax>
          </rdom>
        </attrdomv>
        <attalias Sync="TRUE">L_NPDES</attalias>
        <attrtype Sync="TRUE">Double</attrtype>
        <attwidth Sync="TRUE">19</attwidth>
        <atprecis Sync="TRUE">18</atprecis>
        <attscale Sync="TRUE">5</attscale>
      </attr>
      <attr>
        <attrlabl>L_CERC</attrlabl>
        <attrdef>Number of SNPL sites within local catchment; Superfund National Priorities List (SNPL) from the Compensation and Liability Information System (CERCLIS)</attrdef>
        <attrdefs>U.S. Environmental Protection Agency (US EPA)</attrdefs>
        <attrdomv>
          <rdom>
            <rdommin>0</rdommin>
            <rdommax>5</rdommax>
          </rdom>
        </attrdomv>
        <attalias Sync="TRUE">L_CERC</attalias>
        <attrtype Sync="TRUE">Double</attrtype>
        <attwidth Sync="TRUE">19</attwidth>
        <atprecis Sync="TRUE">18</atprecis>
        <attscale Sync="TRUE">5</attscale>
      </attr>
      <attr>
        <attrlabl>COMID</attrlabl>
        <attrdef>common identifier of the NHD feature</attrdef>
        <attrdefs>National Hydrography Dataset Plus Version1 (NHDPlusV1)</attrdefs>
        <attrdomv>
          <rdom>
            <rdommin>179</rdommin>
            <rdommax>921010001</rdommax>
          </rdom>
        </attrdomv>
        <attalias Sync="TRUE">COMID</attalias>
        <attrtype Sync="TRUE">Double</attrtype>
        <attwidth Sync="TRUE">19</attwidth>
        <atprecis Sync="TRUE">18</atprecis>
        <attscale Sync="TRUE">5</attscale>
      </attr>
      <attr>
        <attrlabl>L_AREASQKM</attrlabl>
        <attrdef>area of the local catchment (km2)</attrdef>
        <attrdefs>NFHAP</attrdefs>
        <attrdomv>
          <rdom>
            <rdommin>0.001</rdommin>
            <rdommax>20169.34</rdommax>
          </rdom>
        </attrdomv>
        <attalias Sync="TRUE">L_AREASQKM</attalias>
        <attrtype Sync="TRUE">Double</attrtype>
        <attwidth Sync="TRUE">19</attwidth>
        <atprecis Sync="TRUE">18</atprecis>
        <attscale Sync="TRUE">5</attscale>
      </attr>
      <attr>
        <attrlabl Sync="TRUE">N_AREASQKM</attrlabl>
        <attalias Sync="TRUE">N_AREASQKM</attalias>
        <attrtype Sync="TRUE">Double</attrtype>
        <attwidth Sync="TRUE">19</attwidth>
        <atprecis Sync="TRUE">18</atprecis>
        <attscale Sync="TRUE">5</attscale>
      </attr>
      <attr>
        <attrlabl>LDistIndex</attrlabl>
        <attrdef>For each biological metric in each of 9 ecoregions across the conterminous United States, the most limiting anthropogenic disturbance operating on a given metric summarized within local catchments were identified following an approach described in Esselman et al. (2011).  Scores determined for individual biological metrics were then averaged to characterize the broad response of fish assemblages to disturbances operating in local catchments.  Scores range from 1 (highest risk of habitat degredation) to 5(lowest risk of habitat degredation).</attrdef>
        <attrdefs>NFHAP</attrdefs>
        <attrdomv>
          <rdom>
            <rdommin>0</rdommin>
            <rdommax>5</rdommax>
          </rdom>
        </attrdomv>
        <attalias Sync="TRUE">LDISTINDEX</attalias>
        <attrtype Sync="TRUE">Double</attrtype>
        <attwidth Sync="TRUE">19</attwidth>
        <atprecis Sync="TRUE">18</atprecis>
        <attscale Sync="TRUE">5</attscale>
      </attr>
      <attr>
        <attrlabl>NDistIndex</attrlabl>
        <attrdef>For each biological metric in each of 9 ecoregions across the conterminous United States, the most limiting anthropogenic disturbance operating on a given metric summarized within network catchments were identified following an approach described in Esselman et al. (2011).  Scores determined for individual biological metrics were then averaged to characterize the broad response of fish assemblages to disturbances operating in network catchments.  Scores range from 1 (highest risk of habitat degredation) to 5(lowest risk of habitat degredation).</attrdef>
        <attrdefs>NFHAP</attrdefs>
        <attrdomv>
          <rdom>
            <rdommin>0</rdommin>
            <rdommax>5</rdommax>
          </rdom>
        </attrdomv>
        <attalias Sync="TRUE">NDISTINDEX</attalias>
        <attrtype Sync="TRUE">Double</attrtype>
        <attwidth Sync="TRUE">19</attwidth>
        <atprecis Sync="TRUE">18</atprecis>
        <attscale Sync="TRUE">5</attscale>
      </attr>
      <attr>
        <attrlabl>CumDistInd</attrlabl>
        <attrdef>For each biological metric in each of 9 ecoregions across the conterminous United States, the most limiting anthropogenic disturbance operating on a given metric summarized within either local or network catchments were identified following an approach described in Esselman et al. (2011).  Scores determined for individual biological metrics were then averaged to characterize the broad response of fish assemblages to disturbances in operating in either local or network catchments.  Note that CumDistIndex scores can be lower than either of the LDistIndex and NDistIndex scores.  Scores range from 1 (highest risk of habitat degredation) to 5(lowest risk of habitat degredation).</attrdef>
        <attrdefs>NFHAP</attrdefs>
        <attrdomv>
          <rdom>
            <rdommin>0</rdommin>
            <rdommax>5</rdommax>
          </rdom>
        </attrdomv>
        <attalias Sync="TRUE">CUMDISTIND</attalias>
        <attrtype Sync="TRUE">Double</attrtype>
        <attwidth Sync="TRUE">19</attwidth>
        <atprecis Sync="TRUE">18</atprecis>
        <attscale Sync="TRUE">5</attscale>
      </attr>
      <attr>
        <attrlabl>CumDistTXT</attrlabl>
        <attrdef>Risk of Current Habitat Degradation. Created using CumDistIndex scores (very low = 4.34-5.0, low = 3.5-4.33, moderate = 2.51-3.49, high = 1.51-2.5, very high =1.0-1.5, unscored reach = 0).</attrdef>
        <attrdefs>NFHAP</attrdefs>
        <attrdomv>
          <edom>
            <edomv>High</edomv>
            <edomvd>High represents a CumDistIndex score between 1.51-2.5.</edomvd>
            <edomvds>Producer defined</edomvds>
          </edom>
        </attrdomv>
        <attrdomv>
          <edom>
            <edomv>Low</edomv>
            <edomvd>Low represents CumDistIndex scores between 3.5-4.33.</edomvd>
            <edomvds>Producer defined</edomvds>
          </edom>
        </attrdomv>
        <attrdomv>
          <edom>
            <edomv>Very Low</edomv>
            <edomvd>Very Low represents CumDistIndex scores between 4.34-5.0.</edomvd>
            <edomvds>Producer defined</edomvds>
          </edom>
        </attrdomv>
        <attrdomv>
          <edom>
            <edomv>Moderate</edomv>
            <edomvd>Moderate represents CumDistIndex scores between 2.51-3.49.</edomvd>
            <edomvds>Producer defined</edomvds>
          </edom>
        </attrdomv>
        <attrdomv>
          <edom>
            <edomv>Very High</edomv>
            <edomvd>Very High represents CumDistIndex scores between 1.0-1.5.</edomvd>
            <edomvds>Producer defined</edomvds>
          </edom>
        </attrdomv>
        <attrdomv>
          <edom>
            <edomv>Unscored reach</edomv>
            <edomvd>Unscored reach represents CumDistIndex scores of 0.</edomvd>
            <edomvds>Producer defined</edomvds>
          </edom>
        </attrdomv>
        <attalias Sync="TRUE">CUMDISTTXT</attalias>
        <attrtype Sync="TRUE">String</attrtype>
        <attwidth Sync="TRUE">50</attwidth>
        <atprecis Sync="TRUE">0</atprecis>
        <attscale Sync="TRUE">0</attscale>
      </attr>
      <attr>
        <attrlabl>N_UrbanLC</attrlabl>
        <attrdef>% of network catchment defined as developed, open space and low intensity</attrdef>
        <attrdefs>Multi-Resolution Land Characteristics Consortium (MRLC)</attrdefs>
        <attrdomv>
          <rdom>
            <rdommin>0</rdommin>
            <rdommax>100</rdommax>
          </rdom>
        </attrdomv>
        <attalias Sync="TRUE">N_URBANLC</attalias>
        <attrtype Sync="TRUE">Double</attrtype>
        <attwidth Sync="TRUE">19</attwidth>
        <atprecis Sync="TRUE">18</atprecis>
        <attscale Sync="TRUE">5</attscale>
      </attr>
      <attr>
        <attrlabl>N_UrbanMC</attrlabl>
        <attrdef>% of network catchment defined as developed, medium intensity</attrdef>
        <attrdefs>Multi-Resolution Land Characteristics Consortium (MRLC)</attrdefs>
        <attrdomv>
          <rdom>
            <rdommin>0</rdommin>
            <rdommax>100</rdommax>
          </rdom>
        </attrdomv>
        <attalias Sync="TRUE">N_URBANMC</attalias>
        <attrtype Sync="TRUE">Double</attrtype>
        <attwidth Sync="TRUE">19</attwidth>
        <atprecis Sync="TRUE">18</atprecis>
        <attscale Sync="TRUE">5</attscale>
      </attr>
      <attr>
        <attrlabl>N_UrbanHC</attrlabl>
        <attrdef>% of network catchment defined as developed, high intensity</attrdef>
        <attrdefs>Multi-Resolution Land Characteristics Consortium (MRLC)</attrdefs>
        <attrdomv>
          <rdom>
            <rdommin>0</rdommin>
            <rdommax>100</rdommax>
          </rdom>
        </attrdomv>
        <attalias Sync="TRUE">N_URBANHC</attalias>
        <attrtype Sync="TRUE">Double</attrtype>
        <attwidth Sync="TRUE">19</attwidth>
        <atprecis Sync="TRUE">18</atprecis>
        <attscale Sync="TRUE">5</attscale>
      </attr>
      <attr>
        <attrlabl>N_PastureC</attrlabl>
        <attrdef>% of network catchment defined as pasture/hay</attrdef>
        <attrdefs>Multi-Resolution Land Characteristics Consortium (MRLC)</attrdefs>
        <attrdomv>
          <rdom>
            <rdommin>0</rdommin>
            <rdommax>100</rdommax>
          </rdom>
        </attrdomv>
        <attalias Sync="TRUE">N_PASTUREC</attalias>
        <attrtype Sync="TRUE">Double</attrtype>
        <attwidth Sync="TRUE">19</attwidth>
        <atprecis Sync="TRUE">18</atprecis>
        <attscale Sync="TRUE">5</attscale>
      </attr>
      <attr>
        <attrlabl>N_CropsC</attrlabl>
        <attrdef>% of network catchment defined as cultivated crops</attrdef>
        <attrdefs>Multi-Resolution Land Characteristics Consortium (MRLC)</attrdefs>
        <attrdomv>
          <rdom>
            <rdommin>0</rdommin>
            <rdommax>100</rdommax>
          </rdom>
        </attrdomv>
        <attalias Sync="TRUE">N_CROPSC</attalias>
        <attrtype Sync="TRUE">Double</attrtype>
        <attwidth Sync="TRUE">19</attwidth>
        <atprecis Sync="TRUE">18</atprecis>
        <attscale Sync="TRUE">5</attscale>
      </attr>
      <attr>
        <attrlabl>N_PopdensC</attrlabl>
        <attrdef>Mean population density within network catchment (units = Individuals/km2)</attrdef>
        <attrdefs>National Oceanic and Atmospheric Administration (NOAA)</attrdefs>
        <attrdomv>
          <rdom>
            <rdommin>0</rdommin>
            <rdommax>12493.48</rdommax>
          </rdom>
        </attrdomv>
        <attalias Sync="TRUE">N_POPDENSC</attalias>
        <attrtype Sync="TRUE">Double</attrtype>
        <attwidth Sync="TRUE">19</attwidth>
        <atprecis Sync="TRUE">18</atprecis>
        <attscale Sync="TRUE">5</attscale>
      </attr>
      <attr>
        <attrlabl>N_RoadcrC</attrlabl>
        <attrdef>Number of road crossings within network catchment</attrdef>
        <attrdefs>US Census</attrdefs>
        <attrdomv>
          <rdom>
            <rdommin>0</rdommin>
            <rdommax>1045959</rdommax>
          </rdom>
        </attrdomv>
        <attalias Sync="TRUE">N_ROADCRC</attalias>
        <attrtype Sync="TRUE">Double</attrtype>
        <attwidth Sync="TRUE">19</attwidth>
        <atprecis Sync="TRUE">18</atprecis>
        <attscale Sync="TRUE">5</attscale>
      </attr>
      <attr>
        <attrlabl>N_RoadlenC</attrlabl>
        <attrdef>Length of roads within netowrk catchment in meters</attrdef>
        <attrdefs>US Census</attrdefs>
        <attrdomv>
          <rdom>
            <rdommin>0</rdommin>
            <rdommax>3849063978.85</rdommax>
          </rdom>
        </attrdomv>
        <attalias Sync="TRUE">N_ROADLENC</attalias>
        <attrtype Sync="TRUE">Double</attrtype>
        <attwidth Sync="TRUE">19</attwidth>
        <atprecis Sync="TRUE">18</atprecis>
        <attscale Sync="TRUE">5</attscale>
      </attr>
      <attr>
        <attrlabl>N_DamsC</attrlabl>
        <attrdef>Number of dams within netowrk catchment</attrdef>
        <attrdefs>U.S. Army Corps of Engineers (USACE)</attrdefs>
        <attrdomv>
          <rdom>
            <rdommin>0</rdommin>
            <rdommax>40465</rdommax>
          </rdom>
        </attrdomv>
        <attalias Sync="TRUE">N_DAMSC</attalias>
        <attrtype Sync="TRUE">Double</attrtype>
        <attwidth Sync="TRUE">19</attwidth>
        <atprecis Sync="TRUE">18</atprecis>
        <attscale Sync="TRUE">5</attscale>
      </attr>
      <attr>
        <attrlabl>N_MinesC</attrlabl>
        <attrdef>Number of mines or mineral processing plants within network catchment</attrdef>
        <attrdefs>U.S. Geological Survey (USGS)</attrdefs>
        <attrdomv>
          <rdom>
            <rdommin>0</rdommin>
            <rdommax>2497</rdommax>
          </rdom>
        </attrdomv>
        <attalias Sync="TRUE">N_MINESC</attalias>
        <attrtype Sync="TRUE">Double</attrtype>
        <attwidth Sync="TRUE">19</attwidth>
        <atprecis Sync="TRUE">18</atprecis>
        <attscale Sync="TRUE">5</attscale>
      </attr>
      <attr>
        <attrlabl>N_TRIC</attrlabl>
        <attrdef>Number of TRI sites within network catchment; Toxics Release Inventory (TRI) Program</attrdef>
        <attrdefs>U.S. Environmental Protection Agency (US EPA)</attrdefs>
        <attrdomv>
          <rdom>
            <rdommin>0</rdommin>
            <rdommax>17214</rdommax>
          </rdom>
        </attrdomv>
        <attalias Sync="TRUE">N_TRIC</attalias>
        <attrtype Sync="TRUE">Double</attrtype>
        <attwidth Sync="TRUE">19</attwidth>
        <atprecis Sync="TRUE">18</atprecis>
        <attscale Sync="TRUE">5</attscale>
      </attr>
      <attr>
        <attrlabl>N_NPDESC</attrlabl>
        <attrdef>Number of NPDES sites within network catchment; National Pollutant Discharge Elimination System (NPDES) Majors from the Permit Compliance System (PCS)</attrdef>
        <attrdefs>U.S. Environmental Protection Agency (US EPA)</attrdefs>
        <attrdomv>
          <rdom>
            <rdommin>0</rdommin>
            <rdommax>2197</rdommax>
          </rdom>
        </attrdomv>
        <attalias Sync="TRUE">N_NPDESC</attalias>
        <attrtype Sync="TRUE">Double</attrtype>
        <attwidth Sync="TRUE">19</attwidth>
        <atprecis Sync="TRUE">18</atprecis>
        <attscale Sync="TRUE">5</attscale>
      </attr>
      <attr>
        <attrlabl>N_CERCC</attrlabl>
        <attrdef>Number of SNPL sites within network catchment; Superfund National Priorities List (SNPL) from the Compensation and Liability Information System (CERCLIS)</attrdef>
        <attrdefs>U.S. Environmental Protection Agency (US EPA)</attrdefs>
        <attrdomv>
          <rdom>
            <rdommin>0</rdommin>
            <rdommax>405</rdommax>
          </rdom>
        </attrdomv>
        <attalias Sync="TRUE">N_CERCC</attalias>
        <attrtype Sync="TRUE">Double</attrtype>
        <attwidth Sync="TRUE">19</attwidth>
        <atprecis Sync="TRUE">18</atprecis>
        <attscale Sync="TRUE">5</attscale>
      </attr>
    </detailed>
    <overview>
      <eaover>Various measures of human land use, infrastructure, and other anthropogenic landscape-scale characteristics were summarized in both local and network catchments of stream arcs of the NHDPlusV1 and assumed to represent anthropogenic disturbances to landscapes that would likely impact stream habitats. Within each of 9 aggregated Omernik (1987) ecoregions as defined by the EPA's Wadeable Streams Assessment (Paulsen et al., 2008), key biological metrics were selected following an approach to identify those metrics that were most sensitive to anthropogenic disturbance and that were widely distributed throughout ecoregions (Stoddard et al. 2008). Habitat condition scores were created based on responsiveness of biological metrics to anthropogenic landscape disturbances throughout ecoregions, and separate scores were created by considering disturbances within local catchments (LDistIndex), network catchments (NDistIndex), and a cumulative score that accounted for the most limiting disturbance operating on a given biological metric in either local or network catchments (CumDistIndex).  Null values are represented by a value of -999 throughout this dataset. 
 
Literature Cited Esselman, P.C., Infante, D.M., Wang, L., Wu, D., Cooper, A.R., Taylor, W.W., 2011. An index of cumulative disturbance to river fish habitats of the conterminous United States from landscape anthropogenic activities. Ecol. Restor. 29, 133-151. Stoddard, J.L., Herlihy, A.T., Peck, D.V., Hughes, R.M., Whittier, T.R., Tarquinio, E., 2008. A process for creating multimetric indices for large-scale aquatic surveys. J. N. Am. Benthol. Soc. 27, 878-891.</eaover>
      <eadetcit>See individual descriptions for each attribute.</eadetcit>
    </overview>
  </eainfo>
  <distinfo>
    <distrib>
      <cntinfo>
        <cntperp>
          <cntper>Andrea Ostroff</cntper>
        </cntperp>
        <cntaddr>
          <addrtype>mailing and physical</addrtype>
          <address>Denver Federal Center Bldg 810, MS 302</address>
          <city>Denver</city>
          <state>CO</state>
          <postal>80225</postal>
          <country>USA</country>
        </cntaddr>
        <cntvoice>703.648.4070</cntvoice>
        <cntemail>aostroff@usgs.gov</cntemail>
      </cntinfo>
    </distrib>
    <distliab>None</distliab>
  </distinfo>
  <metainfo>
    <metd>20130215</metd>
    <metc>
      <cntinfo>
        <cntperp>
          <cntper>Arthur Cooper</cntper>
          <cntorg>Department of Fisheries and Wildlife, Michigan State University</cntorg>
        </cntperp>
        <cntaddr>
          <addrtype>mailing and physical</addrtype>
          <address>Natural Resources 480 Wilson Rd. Rm 13</address>
          <city>East Lansing</city>
          <state>MI</state>
          <postal>48824-1222</postal>
          <country>USA</country>
        </cntaddr>
        <cntvoice>(517) 432-8048</cntvoice>
        <cntemail>coopera6@msu.edu</cntemail>
      </cntinfo>
    </metc>
    <metstdn>FDGC Content Standard for Digital Geospatial Metadata and
			Biological Data Profile</metstdn>
    <metstdv>FDGC-STD-001-1998</metstdv>
  </metainfo>
  <dataIdInfo>
    <envirDesc Sync="TRUE">Microsoft Windows 7 Version 6.1 (Build 7601) Service Pack 1; Esri ArcGIS 10.1.1.3143</envirDesc>
    <dataLang>
      <languageCode value="eng" Sync="TRUE"></languageCode>
      <countryCode value="USA" Sync="TRUE"></countryCode>
    </dataLang>
    <idCitation>
      <resTitle Sync="TRUE">nfhap_hci_virginia</resTitle>
      <presForm>
        <PresFormCd value="005" Sync="TRUE"></PresFormCd>
      </presForm>
    </idCitation>
    <spatRpType>
      <SpatRepTypCd value="001" Sync="TRUE"></SpatRepTypCd>
    </spatRpType>
    <dataExt>
      <geoEle>
        <GeoBndBox esriExtentType="search">
          <exTypeCode Sync="TRUE">1</exTypeCode>
          <westBL Sync="TRUE">-83.675415</westBL>
          <eastBL Sync="TRUE">-75.377076</eastBL>
          <northBL Sync="TRUE">39.466012</northBL>
          <southBL Sync="TRUE">36.540759</southBL>
        </GeoBndBox>
      </geoEle>
    </dataExt>
  </dataIdInfo>
  <mdLang>
    <languageCode value="eng" Sync="TRUE"></languageCode>
    <countryCode value="USA" Sync="TRUE"></countryCode>
  </mdLang>
  <mdChar>
    <CharSetCd value="004" Sync="TRUE"></CharSetCd>
  </mdChar>
  <Esri>
    <DataProperties>
      <itemProps>
        <itemName Sync="TRUE">nfhap_hci_virginia</itemName>
        <imsContentType Sync="TRUE">002</imsContentType>
        <nativeExtBox>
          <westBL Sync="TRUE">-83.675415</westBL>
          <eastBL Sync="TRUE">-75.377076</eastBL>
          <southBL Sync="TRUE">36.540759</southBL>
          <northBL Sync="TRUE">39.466012</northBL>
          <exTypeCode Sync="TRUE">1</exTypeCode>
        </nativeExtBox>
        <itemSize Sync="TRUE">42.141</itemSize>
        <itemLocation>
          <linkage Sync="TRUE">file://\\FWLMM318B-WIEFE\C$\Work\NFHP_DM\NFHP\MSU_National\NFHAP2010_Inland_ST\nfhap_hci_virginia\nfhap_hci_virginia.shp</linkage>
          <protocol Sync="TRUE">Local Area Network</protocol>
        </itemLocation>
      </itemProps>
      <coordRef>
        <type Sync="TRUE">Geographic</type>
        <geogcsn Sync="TRUE">GCS_North_American_1983</geogcsn>
        <csUnits Sync="TRUE">Angular Unit: Degree (0.017453)</csUnits>
        <peXml Sync="TRUE">&lt;GeographicCoordinateSystem xsi:type='typens:GeographicCoordinateSystem' xmlns:xsi='http://www.w3.org/2001/XMLSchema-instance' xmlns:xs='http://www.w3.org/2001/XMLSchema' xmlns:typens='http://www.esri.com/schemas/ArcGIS/10.1'&gt;&lt;WKT&gt;GEOGCS[&amp;quot;GCS_North_American_1983&amp;quot;,DATUM[&amp;quot;D_North_American_1983&amp;quot;,SPHEROID[&amp;quot;GRS_1980&amp;quot;,6378137.0,298.257222101]],PRIMEM[&amp;quot;Greenwich&amp;quot;,0.0],UNIT[&amp;quot;Degree&amp;quot;,0.0174532925199433],AUTHORITY[&amp;quot;EPSG&amp;quot;,4269]]&lt;/WKT&gt;&lt;XOrigin&gt;-400&lt;/XOrigin&gt;&lt;YOrigin&gt;-400&lt;/YOrigin&gt;&lt;XYScale&gt;11258999068426.238&lt;/XYScale&gt;&lt;ZOrigin&gt;-100000&lt;/ZOrigin&gt;&lt;ZScale&gt;10000&lt;/ZScale&gt;&lt;MOrigin&gt;-100000&lt;/MOrigin&gt;&lt;MScale&gt;10000&lt;/MScale&gt;&lt;XYTolerance&gt;8.9831528411952133e-009&lt;/XYTolerance&gt;&lt;ZTolerance&gt;0.001&lt;/ZTolerance&gt;&lt;MTolerance&gt;0.001&lt;/MTolerance&gt;&lt;HighPrecision&gt;true&lt;/HighPrecision&gt;&lt;LeftLongitude&gt;-180&lt;/LeftLongitude&gt;&lt;WKID&gt;4269&lt;/WKID&gt;&lt;LatestWKID&gt;4269&lt;/LatestWKID&gt;&lt;/GeographicCoordinateSystem&gt;</peXml>
      </coordRef>
    </DataProperties>
    <SyncDate>20130404</SyncDate>
    <SyncTime>14183000</SyncTime>
    <ModDate>20130404</ModDate>
    <ModTime>14183000</ModTime>
  </Esri>
  <distInfo>
    <distFormat>
      <formatName Sync="TRUE">Shapefile</formatName>
    </distFormat>
    <distTranOps>
      <transSize Sync="TRUE">42.141</transSize>
    </distTranOps>
  </distInfo>
  <mdHrLv>
    <ScopeCd value="005" Sync="TRUE"></ScopeCd>
  </mdHrLv>
  <mdHrLvName Sync="TRUE">dataset</mdHrLvName>
  <refSysInfo>
    <RefSystem>
      <refSysID>
        <identCode code="4269" Sync="TRUE"></identCode>
        <idCodeSpace Sync="TRUE">EPSG</idCodeSpace>
        <idVersion Sync="TRUE">7.11.2</idVersion>
      </refSysID>
    </RefSystem>
  </refSysInfo>
  <spatRepInfo>
    <VectSpatRep>
      <geometObjs Name="nfhap_hci_virginia">
        <geoObjTyp>
          <GeoObjTypCd value="002" Sync="TRUE"></GeoObjTypCd>
        </geoObjTyp>
        <geoObjCnt Sync="TRUE">60056</geoObjCnt>
      </geometObjs>
      <topLvl>
        <TopoLevCd value="001" Sync="TRUE"></TopoLevCd>
      </topLvl>
    </VectSpatRep>
  </spatRepInfo>
  <mdDateSt Sync="TRUE">20130404</mdDateSt>
</metadata>