{
"type": "FeatureCollection",
"crs": { "type": "name", "properties": { "name": "urn:ogc:def:crs:OGC:1.3:CRS84" } },
                                                                                
"features": [
{ "type": "Feature", "properties": { "Name": "Pound River", "description": "<html xmlns:fo=\"http:\/\/www.w3.org\/1999\/XSL\/Format\">\n\n<body>\n\n<table border=\"1\" width=\"350\" cellpadding=\"5\">\n\n<tr style=\"background-color:#663300\">\n\n<th style=\"color:#66FF66\">Field Name<\/th>\n\n<th style=\"color:#66FF66\">Value<\/th>\n\n<\/tr>\n\n<tr bgcolor=\"#E0F9E0\">\n\n<td>Waterbody<\/td>\n\n<td>Pound River<\/td>\n\n<\/tr>\n\n<tr bgcolor=\"#E0F9E0\">\n\n<td>Comments<\/td>\n\n<td>16\" Minimum. 2 trout limit, Only area below Flannagan Dam<\/td>\n\n<\/tr>\n\n<tr bgcolor=\"#E0F9E0\">\n\n<td>Designation<\/td>\n\n<td>SR<\/td>\n\n<\/tr>\n\n<tr bgcolor=\"#E0F9E0\">\n\n<td>County<\/td>\n\n<td>Dickenson<\/td>\n\n<\/tr>\n\n<tr bgcolor=\"#E0F9E0\">\n\n<td>Brook Trout<\/td>\n\n<td><\/td>\n\n<\/tr>\n\n<tr bgcolor=\"#E0F9E0\">\n\n<td>Rainbow Trout<\/td>\n\n<td><\/td>\n\n<\/tr>\n\n<tr bgcolor=\"#E0F9E0\">\n\n<td>Brown Trout<\/td>\n\n<td>Y<\/td>\n\n<\/tr>\n\n<tr bgcolor=\"#E0F9E0\">\n\n<td>Category<\/td>\n\n<td>SR<\/td>\n\n<\/tr>\n\n<tr bgcolor=\"#E0F9E0\">\n\n<td>Length (Miles)<\/td>\n\n<td>1.703992<\/td>\n\n<\/tr>\n\n<tr bgcolor=\"#E0F9E0\">\n\n<td>Heritage<\/td>\n\n<td><\/td>\n\n<\/tr>\n\n<tr bgcolor=\"#E0F9E0\">\n\n<td>Not Stocked in the Fall<\/td>\n\n<td><\/td>\n\n<\/tr>\n\n<tr bgcolor=\"#E0F9E0\">\n\n<td>National Forest<\/td>\n\n<td><\/td>\n\n<\/tr>\n\n<\/table>\n\n<\/body>\n\n<\/html>\n\n", "timestamp": null, "begin": null, "end": null, "altitudeMode": "clampToGround", "tessellate": -1, "extrude": -1, "visibility": -1, "drawOrder": null, "icon": null }, "geometry": { "type": "Point", "coordinates": [ -82.329481912893186, 37.240252496688079, 0.0 ] } },
{ "type": "Feature", "properties": { "Name": "South Fork Holston River", "description": "<html xmlns:fo=\"http:\/\/www.w3.org\/1999\/XSL\/Format\">\n\n<body>\n\n<table border=\"1\" width=\"350\" cellpadding=\"5\">\n\n<tr style=\"background-color:#663300\">\n\n<th style=\"color:#66FF66\">Field Name<\/th>\n\n<th style=\"color:#66FF66\">Value<\/th>\n\n<\/tr>\n\n<tr bgcolor=\"#E0F9E0\">\n\n<td>Waterbody<\/td>\n\n<td>South Fork Holston River<\/td>\n\n<\/tr>\n\n<tr bgcolor=\"#E0F9E0\">\n\n<td>Comments<\/td>\n\n<td>16\" Minimum. 2 trout limit, Only area above Buller<\/td>\n\n<\/tr>\n\n<tr bgcolor=\"#E0F9E0\">\n\n<td>Designation<\/td>\n\n<td>SR<\/td>\n\n<\/tr>\n\n<tr bgcolor=\"#E0F9E0\">\n\n<td>County<\/td>\n\n<td>Smyth<\/td>\n\n<\/tr>\n\n<tr bgcolor=\"#E0F9E0\">\n\n<td>Brook Trout<\/td>\n\n<td><\/td>\n\n<\/tr>\n\n<tr bgcolor=\"#E0F9E0\">\n\n<td>Rainbow Trout<\/td>\n\n<td>Y<\/td>\n\n<\/tr>\n\n<tr bgcolor=\"#E0F9E0\">\n\n<td>Brown Trout<\/td>\n\n<td>Y<\/td>\n\n<\/tr>\n\n<tr bgcolor=\"#E0F9E0\">\n\n<td>Category<\/td>\n\n<td>SR<\/td>\n\n<\/tr>\n\n<tr bgcolor=\"#E0F9E0\">\n\n<td>Length (Miles)<\/td>\n\n<td>4.504368<\/td>\n\n<\/tr>\n\n<tr bgcolor=\"#E0F9E0\">\n\n<td>Heritage<\/td>\n\n<td><\/td>\n\n<\/tr>\n\n<tr bgcolor=\"#E0F9E0\">\n\n<td>Not Stocked in the Fall<\/td>\n\n<td><\/td>\n\n<\/tr>\n\n<tr bgcolor=\"#E0F9E0\">\n\n<td>National Forest<\/td>\n\n<td><\/td>\n\n<\/tr>\n\n<\/table>\n\n<\/body>\n\n<\/html>\n\n", "timestamp": null, "begin": null, "end": null, "altitudeMode": "clampToGround", "tessellate": -1, "extrude": -1, "visibility": -1, "drawOrder": null, "icon": null }, "geometry": { "type": "Point", "coordinates": [ -81.502529314329422, 36.761357044172762, 0.0 ] } },
{ "type": "Feature", "properties": { "Name": "Whitetop Laurel Lower", "description": "<html xmlns:fo=\"http:\/\/www.w3.org\/1999\/XSL\/Format\">\n\n<body>\n\n<table border=\"1\" width=\"350\" cellpadding=\"5\">\n\n<tr style=\"background-color:#663300\">\n\n<th style=\"color:#66FF66\">Field Name<\/th>\n\n<th style=\"color:#66FF66\">Value<\/th>\n\n<\/tr>\n\n<tr bgcolor=\"#E0F9E0\">\n\n<td>Waterbody<\/td>\n\n<td>Whitetop Laurel Lower<\/td>\n\n<\/tr>\n\n<tr bgcolor=\"#E0F9E0\">\n\n<td>Comments<\/td>\n\n<td>12\" Minimum. 6 trout limit. Only above Taylors Valley<\/td>\n\n<\/tr>\n\n<tr bgcolor=\"#E0F9E0\">\n\n<td>Designation<\/td>\n\n<td>SR<\/td>\n\n<\/tr>\n\n<tr bgcolor=\"#E0F9E0\">\n\n<td>County<\/td>\n\n<td>Washington<\/td>\n\n<\/tr>\n\n<tr bgcolor=\"#E0F9E0\">\n\n<td>Brook Trout<\/td>\n\n<td><\/td>\n\n<\/tr>\n\n<tr bgcolor=\"#E0F9E0\">\n\n<td>Rainbow Trout<\/td>\n\n<td>Y<\/td>\n\n<\/tr>\n\n<tr bgcolor=\"#E0F9E0\">\n\n<td>Brown Trout<\/td>\n\n<td>Y<\/td>\n\n<\/tr>\n\n<tr bgcolor=\"#E0F9E0\">\n\n<td>Category<\/td>\n\n<td>SR<\/td>\n\n<\/tr>\n\n<tr bgcolor=\"#E0F9E0\">\n\n<td>Length (Miles)<\/td>\n\n<td>2.007828<\/td>\n\n<\/tr>\n\n<tr bgcolor=\"#E0F9E0\">\n\n<td>Heritage<\/td>\n\n<td><\/td>\n\n<\/tr>\n\n<tr bgcolor=\"#E0F9E0\">\n\n<td>Not Stocked in the Fall<\/td>\n\n<td><\/td>\n\n<\/tr>\n\n<tr bgcolor=\"#E0F9E0\">\n\n<td>National Forest<\/td>\n\n<td>Y<\/td>\n\n<\/tr>\n\n<\/table>\n\n<\/body>\n\n<\/html>\n\n", "timestamp": null, "begin": null, "end": null, "altitudeMode": "clampToGround", "tessellate": -1, "extrude": -1, "visibility": -1, "drawOrder": null, "icon": null }, "geometry": { "type": "Point", "coordinates": [ -81.731776081401918, 36.635599073482162, 0.0 ] } },
{ "type": "Feature", "properties": { "Name": "Whitetop Laurel Upper", "description": "<html xmlns:fo=\"http:\/\/www.w3.org\/1999\/XSL\/Format\">\n\n<body>\n\n<table border=\"1\" width=\"350\" cellpadding=\"5\">\n\n<tr style=\"background-color:#663300\">\n\n<th style=\"color:#66FF66\">Field Name<\/th>\n\n<th style=\"color:#66FF66\">Value<\/th>\n\n<\/tr>\n\n<tr bgcolor=\"#E0F9E0\">\n\n<td>Waterbody<\/td>\n\n<td>Whitetop Laurel Upper<\/td>\n\n<\/tr>\n\n<tr bgcolor=\"#E0F9E0\">\n\n<td>Comments<\/td>\n\n<td>12\" Minimum. 6 trout limit. Only below Taylors Valley<\/td>\n\n<\/tr>\n\n<tr bgcolor=\"#E0F9E0\">\n\n<td>Designation<\/td>\n\n<td>SR<\/td>\n\n<\/tr>\n\n<tr bgcolor=\"#E0F9E0\">\n\n<td>County<\/td>\n\n<td>Washington<\/td>\n\n<\/tr>\n\n<tr bgcolor=\"#E0F9E0\">\n\n<td>Brook Trout<\/td>\n\n<td><\/td>\n\n<\/tr>\n\n<tr bgcolor=\"#E0F9E0\">\n\n<td>Rainbow Trout<\/td>\n\n<td>Y<\/td>\n\n<\/tr>\n\n<tr bgcolor=\"#E0F9E0\">\n\n<td>Brown Trout<\/td>\n\n<td>Y<\/td>\n\n<\/tr>\n\n<tr bgcolor=\"#E0F9E0\">\n\n<td>Category<\/td>\n\n<td>SR<\/td>\n\n<\/tr>\n\n<tr bgcolor=\"#E0F9E0\">\n\n<td>Length (Miles)<\/td>\n\n<td>3.438353<\/td>\n\n<\/tr>\n\n<tr bgcolor=\"#E0F9E0\">\n\n<td>Heritage<\/td>\n\n<td><\/td>\n\n<\/tr>\n\n<tr bgcolor=\"#E0F9E0\">\n\n<td>Not Stocked in the Fall<\/td>\n\n<td><\/td>\n\n<\/tr>\n\n<tr bgcolor=\"#E0F9E0\">\n\n<td>National Forest<\/td>\n\n<td>Y<\/td>\n\n<\/tr>\n\n<\/table>\n\n<\/body>\n\n<\/html>\n\n", "timestamp": null, "begin": null, "end": null, "altitudeMode": "clampToGround", "tessellate": -1, "extrude": -1, "visibility": -1, "drawOrder": null, "icon": null }, "geometry": { "type": "Point", "coordinates": [ -81.692886945983744, 36.643946022764027, 0.0 ] } },
{ "type": "Feature", "properties": { "Name": "Venrick Run", "description": "<html xmlns:fo=\"http:\/\/www.w3.org\/1999\/XSL\/Format\">\n\n<body>\n\n<table border=\"1\" width=\"350\" cellpadding=\"5\">\n\n<tr style=\"background-color:#663300\">\n\n<th style=\"color:#66FF66\">Field Name<\/th>\n\n<th style=\"color:#66FF66\">Value<\/th>\n\n<\/tr>\n\n<tr bgcolor=\"#E0F9E0\">\n\n<td>Waterbody<\/td>\n\n<td>Venrick Run<\/td>\n\n<\/tr>\n\n<tr bgcolor=\"#E0F9E0\">\n\n<td>Comments<\/td>\n\n<td>Catch and Release. Town of Wytheville Property<\/td>\n\n<\/tr>\n\n<tr bgcolor=\"#E0F9E0\">\n\n<td>Designation<\/td>\n\n<td>SR<\/td>\n\n<\/tr>\n\n<tr bgcolor=\"#E0F9E0\">\n\n<td>County<\/td>\n\n<td>Wythe<\/td>\n\n<\/tr>\n\n<tr bgcolor=\"#E0F9E0\">\n\n<td>Brook Trout<\/td>\n\n<td><\/td>\n\n<\/tr>\n\n<tr bgcolor=\"#E0F9E0\">\n\n<td>Rainbow Trout<\/td>\n\n<td>Y<\/td>\n\n<\/tr>\n\n<tr bgcolor=\"#E0F9E0\">\n\n<td>Brown Trout<\/td>\n\n<td><\/td>\n\n<\/tr>\n\n<tr bgcolor=\"#E0F9E0\">\n\n<td>Category<\/td>\n\n<td>SR<\/td>\n\n<\/tr>\n\n<tr bgcolor=\"#E0F9E0\">\n\n<td>Length (Miles)<\/td>\n\n<td>2.447943<\/td>\n\n<\/tr>\n\n<tr bgcolor=\"#E0F9E0\">\n\n<td>Heritage<\/td>\n\n<td><\/td>\n\n<\/tr>\n\n<tr bgcolor=\"#E0F9E0\">\n\n<td>Not Stocked in the Fall<\/td>\n\n<td><\/td>\n\n<\/tr>\n\n<tr bgcolor=\"#E0F9E0\">\n\n<td>National Forest<\/td>\n\n<td><\/td>\n\n<\/tr>\n\n<\/table>\n\n<\/body>\n\n<\/html>\n\n", "timestamp": null, "begin": null, "end": null, "altitudeMode": "clampToGround", "tessellate": -1, "extrude": -1, "visibility": -1, "drawOrder": null, "icon": null }, "geometry": { "type": "Point", "coordinates": [ -81.0702012572455, 36.897222468635228, 0.0 ] } },
{ "type": "Feature", "properties": { "Name": "North Fork Stewarts Creek", "description": "<html xmlns:fo=\"http:\/\/www.w3.org\/1999\/XSL\/Format\">\n\n<body>\n\n<table border=\"1\" width=\"350\" cellpadding=\"5\">\n\n<tr style=\"background-color:#663300\">\n\n<th style=\"color:#66FF66\">Field Name<\/th>\n\n<th style=\"color:#66FF66\">Value<\/th>\n\n<\/tr>\n\n<tr bgcolor=\"#E0F9E0\">\n\n<td>Waterbody<\/td>\n\n<td>North Fork Stewarts Creek<\/td>\n\n<\/tr>\n\n<tr bgcolor=\"#E0F9E0\">\n\n<td>Comments<\/td>\n\n<td>Catch and Release.<\/td>\n\n<\/tr>\n\n<tr bgcolor=\"#E0F9E0\">\n\n<td>Designation<\/td>\n\n<td>SR<\/td>\n\n<\/tr>\n\n<tr bgcolor=\"#E0F9E0\">\n\n<td>County<\/td>\n\n<td>Carroll<\/td>\n\n<\/tr>\n\n<tr bgcolor=\"#E0F9E0\">\n\n<td>Brook Trout<\/td>\n\n<td><\/td>\n\n<\/tr>\n\n<tr bgcolor=\"#E0F9E0\">\n\n<td>Rainbow Trout<\/td>\n\n<td><\/td>\n\n<\/tr>\n\n<tr bgcolor=\"#E0F9E0\">\n\n<td>Brown Trout<\/td>\n\n<td><\/td>\n\n<\/tr>\n\n<tr bgcolor=\"#E0F9E0\">\n\n<td>Category<\/td>\n\n<td>SR<\/td>\n\n<\/tr>\n\n<tr bgcolor=\"#E0F9E0\">\n\n<td>Length (Miles)<\/td>\n\n<td>2.013032<\/td>\n\n<\/tr>\n\n<tr bgcolor=\"#E0F9E0\">\n\n<td>Heritage<\/td>\n\n<td><\/td>\n\n<\/tr>\n\n<tr bgcolor=\"#E0F9E0\">\n\n<td>Not Stocked in the Fall<\/td>\n\n<td><\/td>\n\n<\/tr>\n\n<tr bgcolor=\"#E0F9E0\">\n\n<td>National Forest<\/td>\n\n<td><\/td>\n\n<\/tr>\n\n<\/table>\n\n<\/body>\n\n<\/html>\n\n", "timestamp": null, "begin": null, "end": null, "altitudeMode": "clampToGround", "tessellate": -1, "extrude": -1, "visibility": -1, "drawOrder": null, "icon": null }, "geometry": { "type": "Point", "coordinates": [ -80.796031619404459, 36.599760620613033, 0.0 ] } },
{ "type": "Feature", "properties": { "Name": "Snake Creek", "description": "<html xmlns:fo=\"http:\/\/www.w3.org\/1999\/XSL\/Format\">\n\n<body>\n\n<table border=\"1\" width=\"350\" cellpadding=\"5\">\n\n<tr style=\"background-color:#663300\">\n\n<th style=\"color:#66FF66\">Field Name<\/th>\n\n<th style=\"color:#66FF66\">Value<\/th>\n\n<\/tr>\n\n<tr bgcolor=\"#E0F9E0\">\n\n<td>Waterbody<\/td>\n\n<td>Snake Creek<\/td>\n\n<\/tr>\n\n<tr bgcolor=\"#E0F9E0\">\n\n<td>Comments<\/td>\n\n<td>12\" Minimum.<\/td>\n\n<\/tr>\n\n<tr bgcolor=\"#E0F9E0\">\n\n<td>Designation<\/td>\n\n<td>SR<\/td>\n\n<\/tr>\n\n<tr bgcolor=\"#E0F9E0\">\n\n<td>County<\/td>\n\n<td>Carroll<\/td>\n\n<\/tr>\n\n<tr bgcolor=\"#E0F9E0\">\n\n<td>Brook Trout<\/td>\n\n<td>Y<\/td>\n\n<\/tr>\n\n<tr bgcolor=\"#E0F9E0\">\n\n<td>Rainbow Trout<\/td>\n\n<td>Y<\/td>\n\n<\/tr>\n\n<tr bgcolor=\"#E0F9E0\">\n\n<td>Brown Trout<\/td>\n\n<td>Y<\/td>\n\n<\/tr>\n\n<tr bgcolor=\"#E0F9E0\">\n\n<td>Category<\/td>\n\n<td>SR<\/td>\n\n<\/tr>\n\n<tr bgcolor=\"#E0F9E0\">\n\n<td>Length (Miles)<\/td>\n\n<td>3.547231<\/td>\n\n<\/tr>\n\n<tr bgcolor=\"#E0F9E0\">\n\n<td>Heritage<\/td>\n\n<td><\/td>\n\n<\/tr>\n\n<tr bgcolor=\"#E0F9E0\">\n\n<td>Not Stocked in the Fall<\/td>\n\n<td><\/td>\n\n<\/tr>\n\n<tr bgcolor=\"#E0F9E0\">\n\n<td>National Forest<\/td>\n\n<td><\/td>\n\n<\/tr>\n\n<\/table>\n\n<\/body>\n\n<\/html>\n\n", "timestamp": null, "begin": null, "end": null, "altitudeMode": "clampToGround", "tessellate": -1, "extrude": -1, "visibility": -1, "drawOrder": null, "icon": null }, "geometry": { "type": "Point", "coordinates": [ -80.629468187494325, 36.730155440732609, 0.0 ] } },
{ "type": "Feature", "properties": { "Name": "South Fork Holston River", "description": "<html xmlns:fo=\"http:\/\/www.w3.org\/1999\/XSL\/Format\">\n\n<body>\n\n<table border=\"1\" width=\"350\" cellpadding=\"5\">\n\n<tr style=\"background-color:#663300\">\n\n<th style=\"color:#66FF66\">Field Name<\/th>\n\n<th style=\"color:#66FF66\">Value<\/th>\n\n<\/tr>\n\n<tr bgcolor=\"#E0F9E0\">\n\n<td>Waterbody<\/td>\n\n<td>South Fork Holston River<\/td>\n\n<\/tr>\n\n<tr bgcolor=\"#E0F9E0\">\n\n<td>Comments<\/td>\n\n<td>Catch and Release. Buller property<\/td>\n\n<\/tr>\n\n<tr bgcolor=\"#E0F9E0\">\n\n<td>Designation<\/td>\n\n<td>SR<\/td>\n\n<\/tr>\n\n<tr bgcolor=\"#E0F9E0\">\n\n<td>County<\/td>\n\n<td>Smyth<\/td>\n\n<\/tr>\n\n<tr bgcolor=\"#E0F9E0\">\n\n<td>Brook Trout<\/td>\n\n<td><\/td>\n\n<\/tr>\n\n<tr bgcolor=\"#E0F9E0\">\n\n<td>Rainbow Trout<\/td>\n\n<td>Y<\/td>\n\n<\/tr>\n\n<tr bgcolor=\"#E0F9E0\">\n\n<td>Brown Trout<\/td>\n\n<td>Y<\/td>\n\n<\/tr>\n\n<tr bgcolor=\"#E0F9E0\">\n\n<td>Category<\/td>\n\n<td>SR<\/td>\n\n<\/tr>\n\n<tr bgcolor=\"#E0F9E0\">\n\n<td>Length (Miles)<\/td>\n\n<td>0.928298<\/td>\n\n<\/tr>\n\n<tr bgcolor=\"#E0F9E0\">\n\n<td>Heritage<\/td>\n\n<td><\/td>\n\n<\/tr>\n\n<tr bgcolor=\"#E0F9E0\">\n\n<td>Not Stocked in the Fall<\/td>\n\n<td><\/td>\n\n<\/tr>\n\n<tr bgcolor=\"#E0F9E0\">\n\n<td>National Forest<\/td>\n\n<td><\/td>\n\n<\/tr>\n\n<\/table>\n\n<\/body>\n\n<\/html>\n\n", "timestamp": null, "begin": null, "end": null, "altitudeMode": "clampToGround", "tessellate": -1, "extrude": -1, "visibility": -1, "drawOrder": null, "icon": null }, "geometry": { "type": "Point", "coordinates": [ -81.536381096720532, 36.760501098315473, 0.0 ] } },
{ "type": "Feature", "properties": { "Name": "Little Stony Creek", "description": "<html xmlns:fo=\"http:\/\/www.w3.org\/1999\/XSL\/Format\">\n\n<body>\n\n<table border=\"1\" width=\"350\" cellpadding=\"5\">\n\n<tr style=\"background-color:#663300\">\n\n<th style=\"color:#66FF66\">Field Name<\/th>\n\n<th style=\"color:#66FF66\">Value<\/th>\n\n<\/tr>\n\n<tr bgcolor=\"#E0F9E0\">\n\n<td>Waterbody<\/td>\n\n<td>Little Stony Creek<\/td>\n\n<\/tr>\n\n<tr bgcolor=\"#E0F9E0\">\n\n<td>Comments<\/td>\n\n<td>9\" Minimum<\/td>\n\n<\/tr>\n\n<tr bgcolor=\"#E0F9E0\">\n\n<td>Designation<\/td>\n\n<td>SR<\/td>\n\n<\/tr>\n\n<tr bgcolor=\"#E0F9E0\">\n\n<td>County<\/td>\n\n<td>Giles<\/td>\n\n<\/tr>\n\n<tr bgcolor=\"#E0F9E0\">\n\n<td>Brook Trout<\/td>\n\n<td>Y<\/td>\n\n<\/tr>\n\n<tr bgcolor=\"#E0F9E0\">\n\n<td>Rainbow Trout<\/td>\n\n<td>Y<\/td>\n\n<\/tr>\n\n<tr bgcolor=\"#E0F9E0\">\n\n<td>Brown Trout<\/td>\n\n<td><\/td>\n\n<\/tr>\n\n<tr bgcolor=\"#E0F9E0\">\n\n<td>Category<\/td>\n\n<td>SR<\/td>\n\n<\/tr>\n\n<tr bgcolor=\"#E0F9E0\">\n\n<td>Length (Miles)<\/td>\n\n<td>1.895842<\/td>\n\n<\/tr>\n\n<tr bgcolor=\"#E0F9E0\">\n\n<td>Heritage<\/td>\n\n<td><\/td>\n\n<\/tr>\n\n<tr bgcolor=\"#E0F9E0\">\n\n<td>Not Stocked in the Fall<\/td>\n\n<td><\/td>\n\n<\/tr>\n\n<tr bgcolor=\"#E0F9E0\">\n\n<td>National Forest<\/td>\n\n<td><\/td>\n\n<\/tr>\n\n<\/table>\n\n<\/body>\n\n<\/html>\n\n", "timestamp": null, "begin": null, "end": null, "altitudeMode": "clampToGround", "tessellate": -1, "extrude": -1, "visibility": -1, "drawOrder": null, "icon": null }, "geometry": { "type": "Point", "coordinates": [ -80.587524988274112, 37.359467796340937, 0.0 ] } },
{ "type": "Feature", "properties": { "Name": "Mill Creek", "description": "<html xmlns:fo=\"http:\/\/www.w3.org\/1999\/XSL\/Format\">\n\n<body>\n\n<table border=\"1\" width=\"350\" cellpadding=\"5\">\n\n<tr style=\"background-color:#663300\">\n\n<th style=\"color:#66FF66\">Field Name<\/th>\n\n<th style=\"color:#66FF66\">Value<\/th>\n\n<\/tr>\n\n<tr bgcolor=\"#E0F9E0\">\n\n<td>Waterbody<\/td>\n\n<td>Mill Creek<\/td>\n\n<\/tr>\n\n<tr bgcolor=\"#E0F9E0\">\n\n<td>Comments<\/td>\n\n<td>9\" Minimum. Town of Narrows property.<\/td>\n\n<\/tr>\n\n<tr bgcolor=\"#E0F9E0\">\n\n<td>Designation<\/td>\n\n<td>SR<\/td>\n\n<\/tr>\n\n<tr bgcolor=\"#E0F9E0\">\n\n<td>County<\/td>\n\n<td>Giles<\/td>\n\n<\/tr>\n\n<tr bgcolor=\"#E0F9E0\">\n\n<td>Brook Trout<\/td>\n\n<td><\/td>\n\n<\/tr>\n\n<tr bgcolor=\"#E0F9E0\">\n\n<td>Rainbow Trout<\/td>\n\n<td>Y<\/td>\n\n<\/tr>\n\n<tr bgcolor=\"#E0F9E0\">\n\n<td>Brown Trout<\/td>\n\n<td><\/td>\n\n<\/tr>\n\n<tr bgcolor=\"#E0F9E0\">\n\n<td>Category<\/td>\n\n<td>SR<\/td>\n\n<\/tr>\n\n<tr bgcolor=\"#E0F9E0\">\n\n<td>Length (Miles)<\/td>\n\n<td>4.799833<\/td>\n\n<\/tr>\n\n<tr bgcolor=\"#E0F9E0\">\n\n<td>Heritage<\/td>\n\n<td><\/td>\n\n<\/tr>\n\n<tr bgcolor=\"#E0F9E0\">\n\n<td>Not Stocked in the Fall<\/td>\n\n<td><\/td>\n\n<\/tr>\n\n<tr bgcolor=\"#E0F9E0\">\n\n<td>National Forest<\/td>\n\n<td><\/td>\n\n<\/tr>\n\n<\/table>\n\n<\/body>\n\n<\/html>\n\n", "timestamp": null, "begin": null, "end": null, "altitudeMode": "clampToGround", "tessellate": -1, "extrude": -1, "visibility": -1, "drawOrder": null, "icon": null }, "geometry": { "type": "Point", "coordinates": [ -80.804893332477064, 37.291700117339282, 0.0 ] } },
{ "type": "Feature", "properties": { "Name": "Little Snake Creek", "description": "<html xmlns:fo=\"http:\/\/www.w3.org\/1999\/XSL\/Format\">\n\n<body>\n\n<table border=\"1\" width=\"350\" cellpadding=\"5\">\n\n<tr style=\"background-color:#663300\">\n\n<th style=\"color:#66FF66\">Field Name<\/th>\n\n<th style=\"color:#66FF66\">Value<\/th>\n\n<\/tr>\n\n<tr bgcolor=\"#E0F9E0\">\n\n<td>Waterbody<\/td>\n\n<td>Little Snake Creek<\/td>\n\n<\/tr>\n\n<tr bgcolor=\"#E0F9E0\">\n\n<td>Comments<\/td>\n\n<td><\/td>\n\n<\/tr>\n\n<tr bgcolor=\"#E0F9E0\">\n\n<td>Designation<\/td>\n\n<td>SR<\/td>\n\n<\/tr>\n\n<tr bgcolor=\"#E0F9E0\">\n\n<td>County<\/td>\n\n<td>Carroll<\/td>\n\n<\/tr>\n\n<tr bgcolor=\"#E0F9E0\">\n\n<td>Brook Trout<\/td>\n\n<td>Y<\/td>\n\n<\/tr>\n\n<tr bgcolor=\"#E0F9E0\">\n\n<td>Rainbow Trout<\/td>\n\n<td>Y<\/td>\n\n<\/tr>\n\n<tr bgcolor=\"#E0F9E0\">\n\n<td>Brown Trout<\/td>\n\n<td>Y<\/td>\n\n<\/tr>\n\n<tr bgcolor=\"#E0F9E0\">\n\n<td>Category<\/td>\n\n<td>SR<\/td>\n\n<\/tr>\n\n<tr bgcolor=\"#E0F9E0\">\n\n<td>Length (Miles)<\/td>\n\n<td>1.282162<\/td>\n\n<\/tr>\n\n<tr bgcolor=\"#E0F9E0\">\n\n<td>Heritage<\/td>\n\n<td><\/td>\n\n<\/tr>\n\n<tr bgcolor=\"#E0F9E0\">\n\n<td>Not Stocked in the Fall<\/td>\n\n<td><\/td>\n\n<\/tr>\n\n<tr bgcolor=\"#E0F9E0\">\n\n<td>National Forest<\/td>\n\n<td><\/td>\n\n<\/tr>\n\n<\/table>\n\n<\/body>\n\n<\/html>\n\n", "timestamp": null, "begin": null, "end": null, "altitudeMode": "clampToGround", "tessellate": -1, "extrude": -1, "visibility": -1, "drawOrder": null, "icon": null }, "geometry": { "type": "Point", "coordinates": [ -80.638782453062078, 36.724739284715483, 0.0 ] } },
{ "type": "Feature", "properties": { "Name": "Brumley Creek", "description": "<html xmlns:fo=\"http:\/\/www.w3.org\/1999\/XSL\/Format\">\n\n<body>\n\n<table border=\"1\" width=\"350\" cellpadding=\"5\">\n\n<tr style=\"background-color:#663300\">\n\n<th style=\"color:#66FF66\">Field Name<\/th>\n\n<th style=\"color:#66FF66\">Value<\/th>\n\n<\/tr>\n\n<tr bgcolor=\"#E0F9E0\">\n\n<td>Waterbody<\/td>\n\n<td>Brumley Creek<\/td>\n\n<\/tr>\n\n<tr bgcolor=\"#E0F9E0\">\n\n<td>Comments<\/td>\n\n<td>Catch and Release.<\/td>\n\n<\/tr>\n\n<tr bgcolor=\"#E0F9E0\">\n\n<td>Designation<\/td>\n\n<td>SR<\/td>\n\n<\/tr>\n\n<tr bgcolor=\"#E0F9E0\">\n\n<td>County<\/td>\n\n<td>Washington<\/td>\n\n<\/tr>\n\n<tr bgcolor=\"#E0F9E0\">\n\n<td>Brook Trout<\/td>\n\n<td><\/td>\n\n<\/tr>\n\n<tr bgcolor=\"#E0F9E0\">\n\n<td>Rainbow Trout<\/td>\n\n<td><\/td>\n\n<\/tr>\n\n<tr bgcolor=\"#E0F9E0\">\n\n<td>Brown Trout<\/td>\n\n<td>Y<\/td>\n\n<\/tr>\n\n<tr bgcolor=\"#E0F9E0\">\n\n<td>Category<\/td>\n\n<td>SR<\/td>\n\n<\/tr>\n\n<tr bgcolor=\"#E0F9E0\">\n\n<td>Length (Miles)<\/td>\n\n<td>3.7296<\/td>\n\n<\/tr>\n\n<tr bgcolor=\"#E0F9E0\">\n\n<td>Heritage<\/td>\n\n<td><\/td>\n\n<\/tr>\n\n<tr bgcolor=\"#E0F9E0\">\n\n<td>Not Stocked in the Fall<\/td>\n\n<td><\/td>\n\n<\/tr>\n\n<tr bgcolor=\"#E0F9E0\">\n\n<td>National Forest<\/td>\n\n<td><\/td>\n\n<\/tr>\n\n<\/table>\n\n<\/body>\n\n<\/html>\n\n", "timestamp": null, "begin": null, "end": null, "altitudeMode": "clampToGround", "tessellate": -1, "extrude": -1, "visibility": -1, "drawOrder": null, "icon": null }, "geometry": { "type": "Point", "coordinates": [ -82.044607809892398, 36.855884577128343, 0.0 ] } },
{ "type": "Feature", "properties": { "Name": "Roaring Fork", "description": "<html xmlns:fo=\"http:\/\/www.w3.org\/1999\/XSL\/Format\">\n\n<body>\n\n<table border=\"1\" width=\"350\" cellpadding=\"5\">\n\n<tr style=\"background-color:#663300\">\n\n<th style=\"color:#66FF66\">Field Name<\/th>\n\n<th style=\"color:#66FF66\">Value<\/th>\n\n<\/tr>\n\n<tr bgcolor=\"#E0F9E0\">\n\n<td>Waterbody<\/td>\n\n<td>Roaring Fork<\/td>\n\n<\/tr>\n\n<tr bgcolor=\"#E0F9E0\">\n\n<td>Comments<\/td>\n\n<td>Catch and Release.<\/td>\n\n<\/tr>\n\n<tr bgcolor=\"#E0F9E0\">\n\n<td>Designation<\/td>\n\n<td>SR<\/td>\n\n<\/tr>\n\n<tr bgcolor=\"#E0F9E0\">\n\n<td>County<\/td>\n\n<td>Tazewell<\/td>\n\n<\/tr>\n\n<tr bgcolor=\"#E0F9E0\">\n\n<td>Brook Trout<\/td>\n\n<td>Y<\/td>\n\n<\/tr>\n\n<tr bgcolor=\"#E0F9E0\">\n\n<td>Rainbow Trout<\/td>\n\n<td><\/td>\n\n<\/tr>\n\n<tr bgcolor=\"#E0F9E0\">\n\n<td>Brown Trout<\/td>\n\n<td><\/td>\n\n<\/tr>\n\n<tr bgcolor=\"#E0F9E0\">\n\n<td>Category<\/td>\n\n<td>SR<\/td>\n\n<\/tr>\n\n<tr bgcolor=\"#E0F9E0\">\n\n<td>Length (Miles)<\/td>\n\n<td>4.470502<\/td>\n\n<\/tr>\n\n<tr bgcolor=\"#E0F9E0\">\n\n<td>Heritage<\/td>\n\n<td><\/td>\n\n<\/tr>\n\n<tr bgcolor=\"#E0F9E0\">\n\n<td>Not Stocked in the Fall<\/td>\n\n<td><\/td>\n\n<\/tr>\n\n<tr bgcolor=\"#E0F9E0\">\n\n<td>National Forest<\/td>\n\n<td><\/td>\n\n<\/tr>\n\n<\/table>\n\n<\/body>\n\n<\/html>\n\n", "timestamp": null, "begin": null, "end": null, "altitudeMode": "clampToGround", "tessellate": -1, "extrude": -1, "visibility": -1, "drawOrder": null, "icon": null }, "geometry": { "type": "Point", "coordinates": [ -81.431862494996423, 37.054170646413247, 0.0 ] } },
{ "type": "Feature", "properties": { "Name": "Green Cove Creek", "description": "<html xmlns:fo=\"http:\/\/www.w3.org\/1999\/XSL\/Format\">\n\n<body>\n\n<table border=\"1\" width=\"350\" cellpadding=\"5\">\n\n<tr style=\"background-color:#663300\">\n\n<th style=\"color:#66FF66\">Field Name<\/th>\n\n<th style=\"color:#66FF66\">Value<\/th>\n\n<\/tr>\n\n<tr bgcolor=\"#E0F9E0\">\n\n<td>Waterbody<\/td>\n\n<td>Green Cove Creek<\/td>\n\n<\/tr>\n\n<tr bgcolor=\"#E0F9E0\">\n\n<td>Comments<\/td>\n\n<td>12\" Minimum. Wild Brook.<\/td>\n\n<\/tr>\n\n<tr bgcolor=\"#E0F9E0\">\n\n<td>Designation<\/td>\n\n<td>SR<\/td>\n\n<\/tr>\n\n<tr bgcolor=\"#E0F9E0\">\n\n<td>County<\/td>\n\n<td>Washington<\/td>\n\n<\/tr>\n\n<tr bgcolor=\"#E0F9E0\">\n\n<td>Brook Trout<\/td>\n\n<td>100%<\/td>\n\n<\/tr>\n\n<tr bgcolor=\"#E0F9E0\">\n\n<td>Rainbow Trout<\/td>\n\n<td><\/td>\n\n<\/tr>\n\n<tr bgcolor=\"#E0F9E0\">\n\n<td>Brown Trout<\/td>\n\n<td><\/td>\n\n<\/tr>\n\n<tr bgcolor=\"#E0F9E0\">\n\n<td>Category<\/td>\n\n<td>SR<\/td>\n\n<\/tr>\n\n<tr bgcolor=\"#E0F9E0\">\n\n<td>Length (Miles)<\/td>\n\n<td>2.054193<\/td>\n\n<\/tr>\n\n<tr bgcolor=\"#E0F9E0\">\n\n<td>Heritage<\/td>\n\n<td><\/td>\n\n<\/tr>\n\n<tr bgcolor=\"#E0F9E0\">\n\n<td>Not Stocked in the Fall<\/td>\n\n<td><\/td>\n\n<\/tr>\n\n<tr bgcolor=\"#E0F9E0\">\n\n<td>National Forest<\/td>\n\n<td><\/td>\n\n<\/tr>\n\n<\/table>\n\n<\/body>\n\n<\/html>\n\n", "timestamp": null, "begin": null, "end": null, "altitudeMode": "clampToGround", "tessellate": -1, "extrude": -1, "visibility": -1, "drawOrder": null, "icon": null }, "geometry": { "type": "Point", "coordinates": [ -81.668480149814698, 36.6364089134861, 0.0 ] } },
{ "type": "Feature", "properties": { "Name": "Cabin Creek", "description": "<html xmlns:fo=\"http:\/\/www.w3.org\/1999\/XSL\/Format\">\n\n<body>\n\n<table border=\"1\" width=\"350\" cellpadding=\"5\">\n\n<tr style=\"background-color:#663300\">\n\n<th style=\"color:#66FF66\">Field Name<\/th>\n\n<th style=\"color:#66FF66\">Value<\/th>\n\n<\/tr>\n\n<tr bgcolor=\"#E0F9E0\">\n\n<td>Waterbody<\/td>\n\n<td>Cabin Creek<\/td>\n\n<\/tr>\n\n<tr bgcolor=\"#E0F9E0\">\n\n<td>Comments<\/td>\n\n<td>9\" Minimum<\/td>\n\n<\/tr>\n\n<tr bgcolor=\"#E0F9E0\">\n\n<td>Designation<\/td>\n\n<td>SR<\/td>\n\n<\/tr>\n\n<tr bgcolor=\"#E0F9E0\">\n\n<td>County<\/td>\n\n<td>Grayson<\/td>\n\n<\/tr>\n\n<tr bgcolor=\"#E0F9E0\">\n\n<td>Brook Trout<\/td>\n\n<td>Y<\/td>\n\n<\/tr>\n\n<tr bgcolor=\"#E0F9E0\">\n\n<td>Rainbow Trout<\/td>\n\n<td><\/td>\n\n<\/tr>\n\n<tr bgcolor=\"#E0F9E0\">\n\n<td>Brown Trout<\/td>\n\n<td><\/td>\n\n<\/tr>\n\n<tr bgcolor=\"#E0F9E0\">\n\n<td>Category<\/td>\n\n<td>SR<\/td>\n\n<\/tr>\n\n<tr bgcolor=\"#E0F9E0\">\n\n<td>Length (Miles)<\/td>\n\n<td>2.232373<\/td>\n\n<\/tr>\n\n<tr bgcolor=\"#E0F9E0\">\n\n<td>Heritage<\/td>\n\n<td><\/td>\n\n<\/tr>\n\n<tr bgcolor=\"#E0F9E0\">\n\n<td>Not Stocked in the Fall<\/td>\n\n<td><\/td>\n\n<\/tr>\n\n<tr bgcolor=\"#E0F9E0\">\n\n<td>National Forest<\/td>\n\n<td><\/td>\n\n<\/tr>\n\n<\/table>\n\n<\/body>\n\n<\/html>\n\n", "timestamp": null, "begin": null, "end": null, "altitudeMode": "clampToGround", "tessellate": -1, "extrude": -1, "visibility": -1, "drawOrder": null, "icon": null }, "geometry": { "type": "Point", "coordinates": [ -81.519667232406348, 36.634422833100402, 0.0 ] } },
{ "type": "Feature", "properties": { "Name": "Quebec Branch", "description": "<html xmlns:fo=\"http:\/\/www.w3.org\/1999\/XSL\/Format\">\n\n<body>\n\n<table border=\"1\" width=\"350\" cellpadding=\"5\">\n\n<tr style=\"background-color:#663300\">\n\n<th style=\"color:#66FF66\">Field Name<\/th>\n\n<th style=\"color:#66FF66\">Value<\/th>\n\n<\/tr>\n\n<tr bgcolor=\"#E0F9E0\">\n\n<td>Waterbody<\/td>\n\n<td>Quebec Branch<\/td>\n\n<\/tr>\n\n<tr bgcolor=\"#E0F9E0\">\n\n<td>Comments<\/td>\n\n<td>9\" Minimum<\/td>\n\n<\/tr>\n\n<tr bgcolor=\"#E0F9E0\">\n\n<td>Designation<\/td>\n\n<td>SR<\/td>\n\n<\/tr>\n\n<tr bgcolor=\"#E0F9E0\">\n\n<td>County<\/td>\n\n<td>Grayson<\/td>\n\n<\/tr>\n\n<tr bgcolor=\"#E0F9E0\">\n\n<td>Brook Trout<\/td>\n\n<td>Y<\/td>\n\n<\/tr>\n\n<tr bgcolor=\"#E0F9E0\">\n\n<td>Rainbow Trout<\/td>\n\n<td>Y<\/td>\n\n<\/tr>\n\n<tr bgcolor=\"#E0F9E0\">\n\n<td>Brown Trout<\/td>\n\n<td><\/td>\n\n<\/tr>\n\n<tr bgcolor=\"#E0F9E0\">\n\n<td>Category<\/td>\n\n<td>SR<\/td>\n\n<\/tr>\n\n<tr bgcolor=\"#E0F9E0\">\n\n<td>Length (Miles)<\/td>\n\n<td>1.145574<\/td>\n\n<\/tr>\n\n<tr bgcolor=\"#E0F9E0\">\n\n<td>Heritage<\/td>\n\n<td><\/td>\n\n<\/tr>\n\n<tr bgcolor=\"#E0F9E0\">\n\n<td>Not Stocked in the Fall<\/td>\n\n<td><\/td>\n\n<\/tr>\n\n<tr bgcolor=\"#E0F9E0\">\n\n<td>National Forest<\/td>\n\n<td><\/td>\n\n<\/tr>\n\n<\/table>\n\n<\/body>\n\n<\/html>\n\n", "timestamp": null, "begin": null, "end": null, "altitudeMode": "clampToGround", "tessellate": -1, "extrude": -1, "visibility": -1, "drawOrder": null, "icon": null }, "geometry": { "type": "Point", "coordinates": [ -81.502883822943218, 36.647341031042998, 0.0 ] } },
{ "type": "Feature", "properties": { "Name": "Wilburn Branch", "description": "<html xmlns:fo=\"http:\/\/www.w3.org\/1999\/XSL\/Format\">\n\n<body>\n\n<table border=\"1\" width=\"350\" cellpadding=\"5\">\n\n<tr style=\"background-color:#663300\">\n\n<th style=\"color:#66FF66\">Field Name<\/th>\n\n<th style=\"color:#66FF66\">Value<\/th>\n\n<\/tr>\n\n<tr bgcolor=\"#E0F9E0\">\n\n<td>Waterbody<\/td>\n\n<td>Wilburn Branch<\/td>\n\n<\/tr>\n\n<tr bgcolor=\"#E0F9E0\">\n\n<td>Comments<\/td>\n\n<td>9\" Minimum<\/td>\n\n<\/tr>\n\n<tr bgcolor=\"#E0F9E0\">\n\n<td>Designation<\/td>\n\n<td>SR<\/td>\n\n<\/tr>\n\n<tr bgcolor=\"#E0F9E0\">\n\n<td>County<\/td>\n\n<td>Grayson<\/td>\n\n<\/tr>\n\n<tr bgcolor=\"#E0F9E0\">\n\n<td>Brook Trout<\/td>\n\n<td>Y<\/td>\n\n<\/tr>\n\n<tr bgcolor=\"#E0F9E0\">\n\n<td>Rainbow Trout<\/td>\n\n<td>Y<\/td>\n\n<\/tr>\n\n<tr bgcolor=\"#E0F9E0\">\n\n<td>Brown Trout<\/td>\n\n<td><\/td>\n\n<\/tr>\n\n<tr bgcolor=\"#E0F9E0\">\n\n<td>Category<\/td>\n\n<td>SR<\/td>\n\n<\/tr>\n\n<tr bgcolor=\"#E0F9E0\">\n\n<td>Length (Miles)<\/td>\n\n<td>1.741232<\/td>\n\n<\/tr>\n\n<tr bgcolor=\"#E0F9E0\">\n\n<td>Heritage<\/td>\n\n<td><\/td>\n\n<\/tr>\n\n<tr bgcolor=\"#E0F9E0\">\n\n<td>Not Stocked in the Fall<\/td>\n\n<td><\/td>\n\n<\/tr>\n\n<tr bgcolor=\"#E0F9E0\">\n\n<td>National Forest<\/td>\n\n<td><\/td>\n\n<\/tr>\n\n<\/table>\n\n<\/body>\n\n<\/html>\n\n", "timestamp": null, "begin": null, "end": null, "altitudeMode": "clampToGround", "tessellate": -1, "extrude": -1, "visibility": -1, "drawOrder": null, "icon": null }, "geometry": { "type": "Point", "coordinates": [ -81.490233690102343, 36.63482503004667, 0.0 ] } },
{ "type": "Feature", "properties": { "Name": "Little Wilson Creek", "description": "<html xmlns:fo=\"http:\/\/www.w3.org\/1999\/XSL\/Format\">\n\n<body>\n\n<table border=\"1\" width=\"350\" cellpadding=\"5\">\n\n<tr style=\"background-color:#663300\">\n\n<th style=\"color:#66FF66\">Field Name<\/th>\n\n<th style=\"color:#66FF66\">Value<\/th>\n\n<\/tr>\n\n<tr bgcolor=\"#E0F9E0\">\n\n<td>Waterbody<\/td>\n\n<td>Little Wilson Creek<\/td>\n\n<\/tr>\n\n<tr bgcolor=\"#E0F9E0\">\n\n<td>Comments<\/td>\n\n<td>9\" Minimum<\/td>\n\n<\/tr>\n\n<tr bgcolor=\"#E0F9E0\">\n\n<td>Designation<\/td>\n\n<td>SR<\/td>\n\n<\/tr>\n\n<tr bgcolor=\"#E0F9E0\">\n\n<td>County<\/td>\n\n<td>Grayson<\/td>\n\n<\/tr>\n\n<tr bgcolor=\"#E0F9E0\">\n\n<td>Brook Trout<\/td>\n\n<td>Y<\/td>\n\n<\/tr>\n\n<tr bgcolor=\"#E0F9E0\">\n\n<td>Rainbow Trout<\/td>\n\n<td>Y<\/td>\n\n<\/tr>\n\n<tr bgcolor=\"#E0F9E0\">\n\n<td>Brown Trout<\/td>\n\n<td><\/td>\n\n<\/tr>\n\n<tr bgcolor=\"#E0F9E0\">\n\n<td>Category<\/td>\n\n<td>SR<\/td>\n\n<\/tr>\n\n<tr bgcolor=\"#E0F9E0\">\n\n<td>Length (Miles)<\/td>\n\n<td>2.504695<\/td>\n\n<\/tr>\n\n<tr bgcolor=\"#E0F9E0\">\n\n<td>Heritage<\/td>\n\n<td><\/td>\n\n<\/tr>\n\n<tr bgcolor=\"#E0F9E0\">\n\n<td>Not Stocked in the Fall<\/td>\n\n<td><\/td>\n\n<\/tr>\n\n<tr bgcolor=\"#E0F9E0\">\n\n<td>National Forest<\/td>\n\n<td><\/td>\n\n<\/tr>\n\n<\/table>\n\n<\/body>\n\n<\/html>\n\n", "timestamp": null, "begin": null, "end": null, "altitudeMode": "clampToGround", "tessellate": -1, "extrude": -1, "visibility": -1, "drawOrder": null, "icon": null }, "geometry": { "type": "Point", "coordinates": [ -81.46750009109185, 36.652429629646583, 0.0 ] } },
{ "type": "Feature", "properties": { "Name": "Mill Creek", "description": "<html xmlns:fo=\"http:\/\/www.w3.org\/1999\/XSL\/Format\">\n\n<body>\n\n<table border=\"1\" width=\"350\" cellpadding=\"5\">\n\n<tr style=\"background-color:#663300\">\n\n<th style=\"color:#66FF66\">Field Name<\/th>\n\n<th style=\"color:#66FF66\">Value<\/th>\n\n<\/tr>\n\n<tr bgcolor=\"#E0F9E0\">\n\n<td>Waterbody<\/td>\n\n<td>Mill Creek<\/td>\n\n<\/tr>\n\n<tr bgcolor=\"#E0F9E0\">\n\n<td>Comments<\/td>\n\n<td>9\" Minimum<\/td>\n\n<\/tr>\n\n<tr bgcolor=\"#E0F9E0\">\n\n<td>Designation<\/td>\n\n<td>SR<\/td>\n\n<\/tr>\n\n<tr bgcolor=\"#E0F9E0\">\n\n<td>County<\/td>\n\n<td>Grayson<\/td>\n\n<\/tr>\n\n<tr bgcolor=\"#E0F9E0\">\n\n<td>Brook Trout<\/td>\n\n<td><\/td>\n\n<\/tr>\n\n<tr bgcolor=\"#E0F9E0\">\n\n<td>Rainbow Trout<\/td>\n\n<td>Y<\/td>\n\n<\/tr>\n\n<tr bgcolor=\"#E0F9E0\">\n\n<td>Brown Trout<\/td>\n\n<td><\/td>\n\n<\/tr>\n\n<tr bgcolor=\"#E0F9E0\">\n\n<td>Category<\/td>\n\n<td>SR<\/td>\n\n<\/tr>\n\n<tr bgcolor=\"#E0F9E0\">\n\n<td>Length (Miles)<\/td>\n\n<td>1.07899<\/td>\n\n<\/tr>\n\n<tr bgcolor=\"#E0F9E0\">\n\n<td>Heritage<\/td>\n\n<td><\/td>\n\n<\/tr>\n\n<tr bgcolor=\"#E0F9E0\">\n\n<td>Not Stocked in the Fall<\/td>\n\n<td><\/td>\n\n<\/tr>\n\n<tr bgcolor=\"#E0F9E0\">\n\n<td>National Forest<\/td>\n\n<td><\/td>\n\n<\/tr>\n\n<\/table>\n\n<\/body>\n\n<\/html>\n\n", "timestamp": null, "begin": null, "end": null, "altitudeMode": "clampToGround", "tessellate": -1, "extrude": -1, "visibility": -1, "drawOrder": null, "icon": null }, "geometry": { "type": "Point", "coordinates": [ -81.477580919664717, 36.623123810263642, 0.0 ] } },
{ "type": "Feature", "properties": { "Name": "Dan River above Townes", "description": "<html xmlns:fo=\"http:\/\/www.w3.org\/1999\/XSL\/Format\">\n\n<body>\n\n<table border=\"1\" width=\"350\" cellpadding=\"5\">\n\n<tr style=\"background-color:#663300\">\n\n<th style=\"color:#66FF66\">Field Name<\/th>\n\n<th style=\"color:#66FF66\">Value<\/th>\n\n<\/tr>\n\n<tr bgcolor=\"#E0F9E0\">\n\n<td>Waterbody<\/td>\n\n<td>Dan River above Townes<\/td>\n\n<\/tr>\n\n<tr bgcolor=\"#E0F9E0\">\n\n<td>Comments<\/td>\n\n<td>16\" Minimum. 2 trout limit. Permit from Danville City required. In b\/t reservoirs. Wild all species.<\/td>\n\n<\/tr>\n\n<tr bgcolor=\"#E0F9E0\">\n\n<td>Designation<\/td>\n\n<td>SR<\/td>\n\n<\/tr>\n\n<tr bgcolor=\"#E0F9E0\">\n\n<td>County<\/td>\n\n<td>Patrick<\/td>\n\n<\/tr>\n\n<tr bgcolor=\"#E0F9E0\">\n\n<td>Brook Trout<\/td>\n\n<td><\/td>\n\n<\/tr>\n\n<tr bgcolor=\"#E0F9E0\">\n\n<td>Rainbow Trout<\/td>\n\n<td><\/td>\n\n<\/tr>\n\n<tr bgcolor=\"#E0F9E0\">\n\n<td>Brown Trout<\/td>\n\n<td><\/td>\n\n<\/tr>\n\n<tr bgcolor=\"#E0F9E0\">\n\n<td>Category<\/td>\n\n<td>SR<\/td>\n\n<\/tr>\n\n<tr bgcolor=\"#E0F9E0\">\n\n<td>Length (Miles)<\/td>\n\n<td>4.6695<\/td>\n\n<\/tr>\n\n<tr bgcolor=\"#E0F9E0\">\n\n<td>Heritage<\/td>\n\n<td><\/td>\n\n<\/tr>\n\n<tr bgcolor=\"#E0F9E0\">\n\n<td>Not Stocked in the Fall<\/td>\n\n<td><\/td>\n\n<\/tr>\n\n<tr bgcolor=\"#E0F9E0\">\n\n<td>National Forest<\/td>\n\n<td><\/td>\n\n<\/tr>\n\n<\/table>\n\n<\/body>\n\n<\/html>\n\n", "timestamp": null, "begin": null, "end": null, "altitudeMode": "clampToGround", "tessellate": -1, "extrude": -1, "visibility": -1, "drawOrder": null, "icon": null }, "geometry": { "type": "Point", "coordinates": [ -80.410228666751749, 36.671494942392108, 0.0 ] } },
{ "type": "Feature", "properties": { "Name": "Dan River above Powerhouse", "description": "<html xmlns:fo=\"http:\/\/www.w3.org\/1999\/XSL\/Format\">\n\n<body>\n\n<table border=\"1\" width=\"350\" cellpadding=\"5\">\n\n<tr style=\"background-color:#663300\">\n\n<th style=\"color:#66FF66\">Field Name<\/th>\n\n<th style=\"color:#66FF66\">Value<\/th>\n\n<\/tr>\n\n<tr bgcolor=\"#E0F9E0\">\n\n<td>Waterbody<\/td>\n\n<td>Dan River above Powerhouse<\/td>\n\n<\/tr>\n\n<tr bgcolor=\"#E0F9E0\">\n\n<td>Comments<\/td>\n\n<td>Catch and Release. Wild browns and brooks. Permit from Danville City required.<\/td>\n\n<\/tr>\n\n<tr bgcolor=\"#E0F9E0\">\n\n<td>Designation<\/td>\n\n<td>SR<\/td>\n\n<\/tr>\n\n<tr bgcolor=\"#E0F9E0\">\n\n<td>County<\/td>\n\n<td>Patrick<\/td>\n\n<\/tr>\n\n<tr bgcolor=\"#E0F9E0\">\n\n<td>Brook Trout<\/td>\n\n<td><\/td>\n\n<\/tr>\n\n<tr bgcolor=\"#E0F9E0\">\n\n<td>Rainbow Trout<\/td>\n\n<td><\/td>\n\n<\/tr>\n\n<tr bgcolor=\"#E0F9E0\">\n\n<td>Brown Trout<\/td>\n\n<td><\/td>\n\n<\/tr>\n\n<tr bgcolor=\"#E0F9E0\">\n\n<td>Category<\/td>\n\n<td>SR<\/td>\n\n<\/tr>\n\n<tr bgcolor=\"#E0F9E0\">\n\n<td>Length (Miles)<\/td>\n\n<td>3.287607<\/td>\n\n<\/tr>\n\n<tr bgcolor=\"#E0F9E0\">\n\n<td>Heritage<\/td>\n\n<td><\/td>\n\n<\/tr>\n\n<tr bgcolor=\"#E0F9E0\">\n\n<td>Not Stocked in the Fall<\/td>\n\n<td><\/td>\n\n<\/tr>\n\n<tr bgcolor=\"#E0F9E0\">\n\n<td>National Forest<\/td>\n\n<td><\/td>\n\n<\/tr>\n\n<\/table>\n\n<\/body>\n\n<\/html>\n\n", "timestamp": null, "begin": null, "end": null, "altitudeMode": "clampToGround", "tessellate": -1, "extrude": -1, "visibility": -1, "drawOrder": null, "icon": null }, "geometry": { "type": "Point", "coordinates": [ -80.438015709597877, 36.67678935708836, 0.0 ] } },
{ "type": "Feature", "properties": { "Name": "Little Stony Creek", "description": "<html xmlns:fo=\"http:\/\/www.w3.org\/1999\/XSL\/Format\">\n\n<body>\n\n<table border=\"1\" width=\"350\" cellpadding=\"5\">\n\n<tr style=\"background-color:#663300\">\n\n<th style=\"color:#66FF66\">Field Name<\/th>\n\n<th style=\"color:#66FF66\">Value<\/th>\n\n<\/tr>\n\n<tr bgcolor=\"#E0F9E0\">\n\n<td>Waterbody<\/td>\n\n<td>Little Stony Creek<\/td>\n\n<\/tr>\n\n<tr bgcolor=\"#E0F9E0\">\n\n<td>Comments<\/td>\n\n<td>9\" Minimum.<\/td>\n\n<\/tr>\n\n<tr bgcolor=\"#E0F9E0\">\n\n<td>Designation<\/td>\n\n<td>SR<\/td>\n\n<\/tr>\n\n<tr bgcolor=\"#E0F9E0\">\n\n<td>County<\/td>\n\n<td>Shenandoah<\/td>\n\n<\/tr>\n\n<tr bgcolor=\"#E0F9E0\">\n\n<td>Brook Trout<\/td>\n\n<td>Y<\/td>\n\n<\/tr>\n\n<tr bgcolor=\"#E0F9E0\">\n\n<td>Rainbow Trout<\/td>\n\n<td><\/td>\n\n<\/tr>\n\n<tr bgcolor=\"#E0F9E0\">\n\n<td>Brown Trout<\/td>\n\n<td><\/td>\n\n<\/tr>\n\n<tr bgcolor=\"#E0F9E0\">\n\n<td>Category<\/td>\n\n<td>SR<\/td>\n\n<\/tr>\n\n<tr bgcolor=\"#E0F9E0\">\n\n<td>Length (Miles)<\/td>\n\n<td>4.206884<\/td>\n\n<\/tr>\n\n<tr bgcolor=\"#E0F9E0\">\n\n<td>Heritage<\/td>\n\n<td><\/td>\n\n<\/tr>\n\n<tr bgcolor=\"#E0F9E0\">\n\n<td>Not Stocked in the Fall<\/td>\n\n<td><\/td>\n\n<\/tr>\n\n<tr bgcolor=\"#E0F9E0\">\n\n<td>National Forest<\/td>\n\n<td>Y<\/td>\n\n<\/tr>\n\n<\/table>\n\n<\/body>\n\n<\/html>\n\n", "timestamp": null, "begin": null, "end": null, "altitudeMode": "clampToGround", "tessellate": -1, "extrude": -1, "visibility": -1, "drawOrder": null, "icon": null }, "geometry": { "type": "Point", "coordinates": [ -78.638235390262182, 38.944887202023899, 0.0 ] } },
{ "type": "Feature", "properties": { "Name": "North Creek", "description": "<html xmlns:fo=\"http:\/\/www.w3.org\/1999\/XSL\/Format\">\n\n<body>\n\n<table border=\"1\" width=\"350\" cellpadding=\"5\">\n\n<tr style=\"background-color:#663300\">\n\n<th style=\"color:#66FF66\">Field Name<\/th>\n\n<th style=\"color:#66FF66\">Value<\/th>\n\n<\/tr>\n\n<tr bgcolor=\"#E0F9E0\">\n\n<td>Waterbody<\/td>\n\n<td>North Creek<\/td>\n\n<\/tr>\n\n<tr bgcolor=\"#E0F9E0\">\n\n<td>Comments<\/td>\n\n<td>Catch and Release. Wild Rainbows and Brooks.<\/td>\n\n<\/tr>\n\n<tr bgcolor=\"#E0F9E0\">\n\n<td>Designation<\/td>\n\n<td>SR<\/td>\n\n<\/tr>\n\n<tr bgcolor=\"#E0F9E0\">\n\n<td>County<\/td>\n\n<td>Botetourt<\/td>\n\n<\/tr>\n\n<tr bgcolor=\"#E0F9E0\">\n\n<td>Brook Trout<\/td>\n\n<td><\/td>\n\n<\/tr>\n\n<tr bgcolor=\"#E0F9E0\">\n\n<td>Rainbow Trout<\/td>\n\n<td><\/td>\n\n<\/tr>\n\n<tr bgcolor=\"#E0F9E0\">\n\n<td>Brown Trout<\/td>\n\n<td><\/td>\n\n<\/tr>\n\n<tr bgcolor=\"#E0F9E0\">\n\n<td>Category<\/td>\n\n<td>SR<\/td>\n\n<\/tr>\n\n<tr bgcolor=\"#E0F9E0\">\n\n<td>Length (Miles)<\/td>\n\n<td>2.81147<\/td>\n\n<\/tr>\n\n<tr bgcolor=\"#E0F9E0\">\n\n<td>Heritage<\/td>\n\n<td><\/td>\n\n<\/tr>\n\n<tr bgcolor=\"#E0F9E0\">\n\n<td>Not Stocked in the Fall<\/td>\n\n<td><\/td>\n\n<\/tr>\n\n<tr bgcolor=\"#E0F9E0\">\n\n<td>National Forest<\/td>\n\n<td>Y<\/td>\n\n<\/tr>\n\n<\/table>\n\n<\/body>\n\n<\/html>\n\n", "timestamp": null, "begin": null, "end": null, "altitudeMode": "clampToGround", "tessellate": -1, "extrude": -1, "visibility": -1, "drawOrder": null, "icon": null }, "geometry": { "type": "Point", "coordinates": [ -79.561023975686169, 37.534384906035093, 0.0 ] } },
{ "type": "Feature", "properties": { "Name": "North Fork Buffalo River", "description": "<html xmlns:fo=\"http:\/\/www.w3.org\/1999\/XSL\/Format\">\n\n<body>\n\n<table border=\"1\" width=\"350\" cellpadding=\"5\">\n\n<tr style=\"background-color:#663300\">\n\n<th style=\"color:#66FF66\">Field Name<\/th>\n\n<th style=\"color:#66FF66\">Value<\/th>\n\n<\/tr>\n\n<tr bgcolor=\"#E0F9E0\">\n\n<td>Waterbody<\/td>\n\n<td>North Fork Buffalo River<\/td>\n\n<\/tr>\n\n<tr bgcolor=\"#E0F9E0\">\n\n<td>Comments<\/td>\n\n<td>9\" Minimum. Wild brook.<\/td>\n\n<\/tr>\n\n<tr bgcolor=\"#E0F9E0\">\n\n<td>Designation<\/td>\n\n<td>SR<\/td>\n\n<\/tr>\n\n<tr bgcolor=\"#E0F9E0\">\n\n<td>County<\/td>\n\n<td>Amherst<\/td>\n\n<\/tr>\n\n<tr bgcolor=\"#E0F9E0\">\n\n<td>Brook Trout<\/td>\n\n<td><\/td>\n\n<\/tr>\n\n<tr bgcolor=\"#E0F9E0\">\n\n<td>Rainbow Trout<\/td>\n\n<td><\/td>\n\n<\/tr>\n\n<tr bgcolor=\"#E0F9E0\">\n\n<td>Brown Trout<\/td>\n\n<td><\/td>\n\n<\/tr>\n\n<tr bgcolor=\"#E0F9E0\">\n\n<td>Category<\/td>\n\n<td>SR<\/td>\n\n<\/tr>\n\n<tr bgcolor=\"#E0F9E0\">\n\n<td>Length (Miles)<\/td>\n\n<td>0.628933<\/td>\n\n<\/tr>\n\n<tr bgcolor=\"#E0F9E0\">\n\n<td>Heritage<\/td>\n\n<td><\/td>\n\n<\/tr>\n\n<tr bgcolor=\"#E0F9E0\">\n\n<td>Not Stocked in the Fall<\/td>\n\n<td><\/td>\n\n<\/tr>\n\n<tr bgcolor=\"#E0F9E0\">\n\n<td>National Forest<\/td>\n\n<td>Y<\/td>\n\n<\/tr>\n\n<\/table>\n\n<\/body>\n\n<\/html>\n\n", "timestamp": null, "begin": null, "end": null, "altitudeMode": "clampToGround", "tessellate": -1, "extrude": -1, "visibility": -1, "drawOrder": null, "icon": null }, "geometry": { "type": "Point", "coordinates": [ -79.198336379762765, 37.727017550066492, 0.0 ] } },
{ "type": "Feature", "properties": { "Name": "Big Wilson Creek", "description": "<html xmlns:fo=\"http:\/\/www.w3.org\/1999\/XSL\/Format\">\n\n<body>\n\n<table border=\"1\" width=\"350\" cellpadding=\"5\">\n\n<tr style=\"background-color:#663300\">\n\n<th style=\"color:#66FF66\">Field Name<\/th>\n\n<th style=\"color:#66FF66\">Value<\/th>\n\n<\/tr>\n\n<tr bgcolor=\"#E0F9E0\">\n\n<td>Waterbody<\/td>\n\n<td>Big Wilson Creek<\/td>\n\n<\/tr>\n\n<tr bgcolor=\"#E0F9E0\">\n\n<td>Comments<\/td>\n\n<td>9\" Minimum<\/td>\n\n<\/tr>\n\n<tr bgcolor=\"#E0F9E0\">\n\n<td>Designation<\/td>\n\n<td>SR<\/td>\n\n<\/tr>\n\n<tr bgcolor=\"#E0F9E0\">\n\n<td>County<\/td>\n\n<td>Grayson<\/td>\n\n<\/tr>\n\n<tr bgcolor=\"#E0F9E0\">\n\n<td>Brook Trout<\/td>\n\n<td>Y<\/td>\n\n<\/tr>\n\n<tr bgcolor=\"#E0F9E0\">\n\n<td>Rainbow Trout<\/td>\n\n<td>Y<\/td>\n\n<\/tr>\n\n<tr bgcolor=\"#E0F9E0\">\n\n<td>Brown Trout<\/td>\n\n<td><\/td>\n\n<\/tr>\n\n<tr bgcolor=\"#E0F9E0\">\n\n<td>Category<\/td>\n\n<td>SR<\/td>\n\n<\/tr>\n\n<tr bgcolor=\"#E0F9E0\">\n\n<td>Length (Miles)<\/td>\n\n<td>4.157801<\/td>\n\n<\/tr>\n\n<tr bgcolor=\"#E0F9E0\">\n\n<td>Heritage<\/td>\n\n<td><\/td>\n\n<\/tr>\n\n<tr bgcolor=\"#E0F9E0\">\n\n<td>Not Stocked in the Fall<\/td>\n\n<td><\/td>\n\n<\/tr>\n\n<tr bgcolor=\"#E0F9E0\">\n\n<td>National Forest<\/td>\n\n<td><\/td>\n\n<\/tr>\n\n<\/table>\n\n<\/body>\n\n<\/html>\n\n", "timestamp": null, "begin": null, "end": null, "altitudeMode": "clampToGround", "tessellate": -1, "extrude": -1, "visibility": -1, "drawOrder": null, "icon": null }, "geometry": { "type": "Point", "coordinates": [ -81.490289901153034, 36.646508236669497, 0.0 ] } },
{ "type": "Feature", "properties": { "Name": "Smith River", "description": "<html xmlns:fo=\"http:\/\/www.w3.org\/1999\/XSL\/Format\">\n\n<body>\n\n<table border=\"1\" width=\"350\" cellpadding=\"5\">\n\n<tr style=\"background-color:#663300\">\n\n<th style=\"color:#66FF66\">Field Name<\/th>\n\n<th style=\"color:#66FF66\">Value<\/th>\n\n<\/tr>\n\n<tr bgcolor=\"#E0F9E0\">\n\n<td>Waterbody<\/td>\n\n<td>Smith River<\/td>\n\n<\/tr>\n\n<tr bgcolor=\"#E0F9E0\">\n\n<td>Comments<\/td>\n\n<td>Limit 1 Brown Trout minimum 24\".  Brown trout must be &lt; 10\" or &gt; 24\".  6 trout limit.<\/td>\n\n<\/tr>\n\n<tr bgcolor=\"#E0F9E0\">\n\n<td>Designation<\/td>\n\n<td>SR<\/td>\n\n<\/tr>\n\n<tr bgcolor=\"#E0F9E0\">\n\n<td>County<\/td>\n\n<td>Henry<\/td>\n\n<\/tr>\n\n<tr bgcolor=\"#E0F9E0\">\n\n<td>Brook Trout<\/td>\n\n<td><\/td>\n\n<\/tr>\n\n<tr bgcolor=\"#E0F9E0\">\n\n<td>Rainbow Trout<\/td>\n\n<td><\/td>\n\n<\/tr>\n\n<tr bgcolor=\"#E0F9E0\">\n\n<td>Brown Trout<\/td>\n\n<td><\/td>\n\n<\/tr>\n\n<tr bgcolor=\"#E0F9E0\">\n\n<td>Category<\/td>\n\n<td>SR<\/td>\n\n<\/tr>\n\n<tr bgcolor=\"#E0F9E0\">\n\n<td>Length (Miles)<\/td>\n\n<td>30.74896<\/td>\n\n<\/tr>\n\n<tr bgcolor=\"#E0F9E0\">\n\n<td>Heritage<\/td>\n\n<td><\/td>\n\n<\/tr>\n\n<tr bgcolor=\"#E0F9E0\">\n\n<td>Not Stocked in the Fall<\/td>\n\n<td><\/td>\n\n<\/tr>\n\n<tr bgcolor=\"#E0F9E0\">\n\n<td>National Forest<\/td>\n\n<td><\/td>\n\n<\/tr>\n\n<\/table>\n\n<\/body>\n\n<\/html>\n\n", "timestamp": null, "begin": null, "end": null, "altitudeMode": "clampToGround", "tessellate": -1, "extrude": -1, "visibility": -1, "drawOrder": null, "icon": null }, "geometry": { "type": "Point", "coordinates": [ -79.908022561031459, 36.688194031661368, 0.0 ] } },
{ "type": "Feature", "properties": { "Name": "Roaring Run", "description": "<html xmlns:fo=\"http:\/\/www.w3.org\/1999\/XSL\/Format\">\n\n<body>\n\n<table border=\"1\" width=\"350\" cellpadding=\"5\">\n\n<tr style=\"background-color:#663300\">\n\n<th style=\"color:#66FF66\">Field Name<\/th>\n\n<th style=\"color:#66FF66\">Value<\/th>\n\n<\/tr>\n\n<tr bgcolor=\"#E0F9E0\">\n\n<td>Waterbody<\/td>\n\n<td>Roaring Run<\/td>\n\n<\/tr>\n\n<tr bgcolor=\"#E0F9E0\">\n\n<td>Comments<\/td>\n\n<td>16\" Minimum. 2 trout limit. Stock Fingerling Brook Trout (PGT)<\/td>\n\n<\/tr>\n\n<tr bgcolor=\"#E0F9E0\">\n\n<td>Designation<\/td>\n\n<td>SR<\/td>\n\n<\/tr>\n\n<tr bgcolor=\"#E0F9E0\">\n\n<td>County<\/td>\n\n<td>Botetourt<\/td>\n\n<\/tr>\n\n<tr bgcolor=\"#E0F9E0\">\n\n<td>Brook Trout<\/td>\n\n<td>Y<\/td>\n\n<\/tr>\n\n<tr bgcolor=\"#E0F9E0\">\n\n<td>Rainbow Trout<\/td>\n\n<td><\/td>\n\n<\/tr>\n\n<tr bgcolor=\"#E0F9E0\">\n\n<td>Brown Trout<\/td>\n\n<td><\/td>\n\n<\/tr>\n\n<tr bgcolor=\"#E0F9E0\">\n\n<td>Category<\/td>\n\n<td>SR<\/td>\n\n<\/tr>\n\n<tr bgcolor=\"#E0F9E0\">\n\n<td>Length (Miles)<\/td>\n\n<td>1.023117<\/td>\n\n<\/tr>\n\n<tr bgcolor=\"#E0F9E0\">\n\n<td>Heritage<\/td>\n\n<td><\/td>\n\n<\/tr>\n\n<tr bgcolor=\"#E0F9E0\">\n\n<td>Not Stocked in the Fall<\/td>\n\n<td><\/td>\n\n<\/tr>\n\n<tr bgcolor=\"#E0F9E0\">\n\n<td>National Forest<\/td>\n\n<td>Y<\/td>\n\n<\/tr>\n\n<\/table>\n\n<\/body>\n\n<\/html>\n\n", "timestamp": null, "begin": null, "end": null, "altitudeMode": "clampToGround", "tessellate": -1, "extrude": -1, "visibility": -1, "drawOrder": null, "icon": null }, "geometry": { "type": "Point", "coordinates": [ -79.903218829172857, 37.710540433626889, 0.0 ] } },
{ "type": "Feature", "properties": { "Name": "South Fork Stewarts Creek", "description": "<html xmlns:fo=\"http:\/\/www.w3.org\/1999\/XSL\/Format\">\n\n<body>\n\n<table border=\"1\" width=\"350\" cellpadding=\"5\">\n\n<tr style=\"background-color:#663300\">\n\n<th style=\"color:#66FF66\">Field Name<\/th>\n\n<th style=\"color:#66FF66\">Value<\/th>\n\n<\/tr>\n\n<tr bgcolor=\"#E0F9E0\">\n\n<td>Waterbody<\/td>\n\n<td>South Fork Stewarts Creek<\/td>\n\n<\/tr>\n\n<tr bgcolor=\"#E0F9E0\">\n\n<td>Comments<\/td>\n\n<td>Catch and Release.<\/td>\n\n<\/tr>\n\n<tr bgcolor=\"#E0F9E0\">\n\n<td>Designation<\/td>\n\n<td>SR<\/td>\n\n<\/tr>\n\n<tr bgcolor=\"#E0F9E0\">\n\n<td>County<\/td>\n\n<td>Carroll<\/td>\n\n<\/tr>\n\n<tr bgcolor=\"#E0F9E0\">\n\n<td>Brook Trout<\/td>\n\n<td><\/td>\n\n<\/tr>\n\n<tr bgcolor=\"#E0F9E0\">\n\n<td>Rainbow Trout<\/td>\n\n<td><\/td>\n\n<\/tr>\n\n<tr bgcolor=\"#E0F9E0\">\n\n<td>Brown Trout<\/td>\n\n<td><\/td>\n\n<\/tr>\n\n<tr bgcolor=\"#E0F9E0\">\n\n<td>Category<\/td>\n\n<td>SR<\/td>\n\n<\/tr>\n\n<tr bgcolor=\"#E0F9E0\">\n\n<td>Length (Miles)<\/td>\n\n<td>2.292469<\/td>\n\n<\/tr>\n\n<tr bgcolor=\"#E0F9E0\">\n\n<td>Heritage<\/td>\n\n<td><\/td>\n\n<\/tr>\n\n<tr bgcolor=\"#E0F9E0\">\n\n<td>Not Stocked in the Fall<\/td>\n\n<td><\/td>\n\n<\/tr>\n\n<tr bgcolor=\"#E0F9E0\">\n\n<td>National Forest<\/td>\n\n<td><\/td>\n\n<\/tr>\n\n<\/table>\n\n<\/body>\n\n<\/html>\n\n", "timestamp": null, "begin": null, "end": null, "altitudeMode": "clampToGround", "tessellate": -1, "extrude": -1, "visibility": -1, "drawOrder": null, "icon": null }, "geometry": { "type": "Point", "coordinates": [ -80.8041346415161, 36.592018743339089, 0.0 ] } },
{ "type": "Feature", "properties": { "Name": "Spring Run", "description": "<html xmlns:fo=\"http:\/\/www.w3.org\/1999\/XSL\/Format\">\n\n<body>\n\n<table border=\"1\" width=\"350\" cellpadding=\"5\">\n\n<tr style=\"background-color:#663300\">\n\n<th style=\"color:#66FF66\">Field Name<\/th>\n\n<th style=\"color:#66FF66\">Value<\/th>\n\n<\/tr>\n\n<tr bgcolor=\"#E0F9E0\">\n\n<td>Waterbody<\/td>\n\n<td>Spring Run<\/td>\n\n<\/tr>\n\n<tr bgcolor=\"#E0F9E0\">\n\n<td>Comments<\/td>\n\n<td>Catch and Release.<\/td>\n\n<\/tr>\n\n<tr bgcolor=\"#E0F9E0\">\n\n<td>Designation<\/td>\n\n<td>SR<\/td>\n\n<\/tr>\n\n<tr bgcolor=\"#E0F9E0\">\n\n<td>County<\/td>\n\n<td>Bath<\/td>\n\n<\/tr>\n\n<tr bgcolor=\"#E0F9E0\">\n\n<td>Brook Trout<\/td>\n\n<td>Y<\/td>\n\n<\/tr>\n\n<tr bgcolor=\"#E0F9E0\">\n\n<td>Rainbow Trout<\/td>\n\n<td>Y<\/td>\n\n<\/tr>\n\n<tr bgcolor=\"#E0F9E0\">\n\n<td>Brown Trout<\/td>\n\n<td>Y<\/td>\n\n<\/tr>\n\n<tr bgcolor=\"#E0F9E0\">\n\n<td>Category<\/td>\n\n<td>SR<\/td>\n\n<\/tr>\n\n<tr bgcolor=\"#E0F9E0\">\n\n<td>Length (Miles)<\/td>\n\n<td>0.427006<\/td>\n\n<\/tr>\n\n<tr bgcolor=\"#E0F9E0\">\n\n<td>Heritage<\/td>\n\n<td><\/td>\n\n<\/tr>\n\n<tr bgcolor=\"#E0F9E0\">\n\n<td>Not Stocked in the Fall<\/td>\n\n<td><\/td>\n\n<\/tr>\n\n<tr bgcolor=\"#E0F9E0\">\n\n<td>National Forest<\/td>\n\n<td><\/td>\n\n<\/tr>\n\n<\/table>\n\n<\/body>\n\n<\/html>\n\n", "timestamp": null, "begin": null, "end": null, "altitudeMode": "clampToGround", "tessellate": -1, "extrude": -1, "visibility": -1, "drawOrder": null, "icon": null }, "geometry": { "type": "Point", "coordinates": [ -79.581539790042768, 38.174456130770331, 0.0 ] } },
{ "type": "Feature", "properties": { "Name": "Jackson River (HV Spec Reg)", "description": "<html xmlns:fo=\"http:\/\/www.w3.org\/1999\/XSL\/Format\">\n\n<body>\n\n<table border=\"1\" width=\"350\" cellpadding=\"5\">\n\n<tr style=\"background-color:#663300\">\n\n<th style=\"color:#66FF66\">Field Name<\/th>\n\n<th style=\"color:#66FF66\">Value<\/th>\n\n<\/tr>\n\n<tr bgcolor=\"#E0F9E0\">\n\n<td>Waterbody<\/td>\n\n<td>Jackson River (HV Spec Reg)<\/td>\n\n<\/tr>\n\n<tr bgcolor=\"#E0F9E0\">\n\n<td>Comments<\/td>\n\n<td>16\" Minimum. 2 trout limit. Trout license required from Oct 1 through June 15.<\/td>\n\n<\/tr>\n\n<tr bgcolor=\"#E0F9E0\">\n\n<td>Designation<\/td>\n\n<td>SR<\/td>\n\n<\/tr>\n\n<tr bgcolor=\"#E0F9E0\">\n\n<td>County<\/td>\n\n<td>Bath<\/td>\n\n<\/tr>\n\n<tr bgcolor=\"#E0F9E0\">\n\n<td>Brook Trout<\/td>\n\n<td>Y<\/td>\n\n<\/tr>\n\n<tr bgcolor=\"#E0F9E0\">\n\n<td>Rainbow Trout<\/td>\n\n<td>Y<\/td>\n\n<\/tr>\n\n<tr bgcolor=\"#E0F9E0\">\n\n<td>Brown Trout<\/td>\n\n<td>Y<\/td>\n\n<\/tr>\n\n<tr bgcolor=\"#E0F9E0\">\n\n<td>Category<\/td>\n\n<td>SR<\/td>\n\n<\/tr>\n\n<tr bgcolor=\"#E0F9E0\">\n\n<td>Length (Miles)<\/td>\n\n<td>2.745828<\/td>\n\n<\/tr>\n\n<tr bgcolor=\"#E0F9E0\">\n\n<td>Heritage<\/td>\n\n<td><\/td>\n\n<\/tr>\n\n<tr bgcolor=\"#E0F9E0\">\n\n<td>Not Stocked in the Fall<\/td>\n\n<td><\/td>\n\n<\/tr>\n\n<tr bgcolor=\"#E0F9E0\">\n\n<td>National Forest<\/td>\n\n<td>Y<\/td>\n\n<\/tr>\n\n<\/table>\n\n<\/body>\n\n<\/html>\n\n", "timestamp": null, "begin": null, "end": null, "altitudeMode": "clampToGround", "tessellate": -1, "extrude": -1, "visibility": -1, "drawOrder": null, "icon": null }, "geometry": { "type": "Point", "coordinates": [ -79.777287890472365, 38.127924591554802, 0.0 ] } },
{ "type": "Feature", "properties": { "Name": "Smith Creek", "description": "<html xmlns:fo=\"http:\/\/www.w3.org\/1999\/XSL\/Format\">\n\n<body>\n\n<table border=\"1\" width=\"350\" cellpadding=\"5\">\n\n<tr style=\"background-color:#663300\">\n\n<th style=\"color:#66FF66\">Field Name<\/th>\n\n<th style=\"color:#66FF66\">Value<\/th>\n\n<\/tr>\n\n<tr bgcolor=\"#E0F9E0\">\n\n<td>Waterbody<\/td>\n\n<td>Smith Creek<\/td>\n\n<\/tr>\n\n<tr bgcolor=\"#E0F9E0\">\n\n<td>Comments<\/td>\n\n<td>12\" Minimum.<\/td>\n\n<\/tr>\n\n<tr bgcolor=\"#E0F9E0\">\n\n<td>Designation<\/td>\n\n<td>SR<\/td>\n\n<\/tr>\n\n<tr bgcolor=\"#E0F9E0\">\n\n<td>County<\/td>\n\n<td>Alleghany<\/td>\n\n<\/tr>\n\n<tr bgcolor=\"#E0F9E0\">\n\n<td>Brook Trout<\/td>\n\n<td><\/td>\n\n<\/tr>\n\n<tr bgcolor=\"#E0F9E0\">\n\n<td>Rainbow Trout<\/td>\n\n<td><\/td>\n\n<\/tr>\n\n<tr bgcolor=\"#E0F9E0\">\n\n<td>Brown Trout<\/td>\n\n<td>Y<\/td>\n\n<\/tr>\n\n<tr bgcolor=\"#E0F9E0\">\n\n<td>Category<\/td>\n\n<td>SR<\/td>\n\n<\/tr>\n\n<tr bgcolor=\"#E0F9E0\">\n\n<td>Length (Miles)<\/td>\n\n<td>1.698973<\/td>\n\n<\/tr>\n\n<tr bgcolor=\"#E0F9E0\">\n\n<td>Heritage<\/td>\n\n<td><\/td>\n\n<\/tr>\n\n<tr bgcolor=\"#E0F9E0\">\n\n<td>Not Stocked in the Fall<\/td>\n\n<td><\/td>\n\n<\/tr>\n\n<tr bgcolor=\"#E0F9E0\">\n\n<td>National Forest<\/td>\n\n<td>Y<\/td>\n\n<\/tr>\n\n<\/table>\n\n<\/body>\n\n<\/html>\n\n", "timestamp": null, "begin": null, "end": null, "altitudeMode": "clampToGround", "tessellate": -1, "extrude": -1, "visibility": -1, "drawOrder": null, "icon": null }, "geometry": { "type": "Point", "coordinates": [ -79.829529215097864, 37.843346944157823, 0.0 ] } },
{ "type": "Feature", "properties": { "Name": "Jackson River Tailwater", "description": "<html xmlns:fo=\"http:\/\/www.w3.org\/1999\/XSL\/Format\">\n\n<body>\n\n<table border=\"1\" width=\"350\" cellpadding=\"5\">\n\n<tr style=\"background-color:#663300\">\n\n<th style=\"color:#66FF66\">Field Name<\/th>\n\n<th style=\"color:#66FF66\">Value<\/th>\n\n<\/tr>\n\n<tr bgcolor=\"#E0F9E0\">\n\n<td>Waterbody<\/td>\n\n<td>Jackson River Tailwater<\/td>\n\n<\/tr>\n\n<tr bgcolor=\"#E0F9E0\">\n\n<td>Comments<\/td>\n\n<td>Limit 1 Brown Trout minimum 20\".  No Rainbow trout between 12 - 16\".  4 trout limit.<\/td>\n\n<\/tr>\n\n<tr bgcolor=\"#E0F9E0\">\n\n<td>Designation<\/td>\n\n<td>SR<\/td>\n\n<\/tr>\n\n<tr bgcolor=\"#E0F9E0\">\n\n<td>County<\/td>\n\n<td>Alleghany<\/td>\n\n<\/tr>\n\n<tr bgcolor=\"#E0F9E0\">\n\n<td>Brook Trout<\/td>\n\n<td><\/td>\n\n<\/tr>\n\n<tr bgcolor=\"#E0F9E0\">\n\n<td>Rainbow Trout<\/td>\n\n<td>Y<\/td>\n\n<\/tr>\n\n<tr bgcolor=\"#E0F9E0\">\n\n<td>Brown Trout<\/td>\n\n<td>Y<\/td>\n\n<\/tr>\n\n<tr bgcolor=\"#E0F9E0\">\n\n<td>Category<\/td>\n\n<td>SR<\/td>\n\n<\/tr>\n\n<tr bgcolor=\"#E0F9E0\">\n\n<td>Length (Miles)<\/td>\n\n<td>21.283686<\/td>\n\n<\/tr>\n\n<tr bgcolor=\"#E0F9E0\">\n\n<td>Heritage<\/td>\n\n<td><\/td>\n\n<\/tr>\n\n<tr bgcolor=\"#E0F9E0\">\n\n<td>Not Stocked in the Fall<\/td>\n\n<td><\/td>\n\n<\/tr>\n\n<tr bgcolor=\"#E0F9E0\">\n\n<td>National Forest<\/td>\n\n<td><\/td>\n\n<\/tr>\n\n<\/table>\n\n<\/body>\n\n<\/html>\n\n", "timestamp": null, "begin": null, "end": null, "altitudeMode": "clampToGround", "tessellate": -1, "extrude": -1, "visibility": -1, "drawOrder": null, "icon": null }, "geometry": { "type": "Point", "coordinates": [ -79.976944913985221, 37.876904544786953, 0.0 ] } },
{ "type": "Feature", "properties": { "Name": "South River", "description": "<html xmlns:fo=\"http:\/\/www.w3.org\/1999\/XSL\/Format\">\n\n<body>\n\n<table border=\"1\" width=\"350\" cellpadding=\"5\">\n\n<tr style=\"background-color:#663300\">\n\n<th style=\"color:#66FF66\">Field Name<\/th>\n\n<th style=\"color:#66FF66\">Value<\/th>\n\n<\/tr>\n\n<tr bgcolor=\"#E0F9E0\">\n\n<td>Waterbody<\/td>\n\n<td>South River<\/td>\n\n<\/tr>\n\n<tr bgcolor=\"#E0F9E0\">\n\n<td>Comments<\/td>\n\n<td>16\" Minimum. 2 trout limit. Requires a written landowner permit.<\/td>\n\n<\/tr>\n\n<tr bgcolor=\"#E0F9E0\">\n\n<td>Designation<\/td>\n\n<td>SR<\/td>\n\n<\/tr>\n\n<tr bgcolor=\"#E0F9E0\">\n\n<td>County<\/td>\n\n<td>Augusta<\/td>\n\n<\/tr>\n\n<tr bgcolor=\"#E0F9E0\">\n\n<td>Brook Trout<\/td>\n\n<td><\/td>\n\n<\/tr>\n\n<tr bgcolor=\"#E0F9E0\">\n\n<td>Rainbow Trout<\/td>\n\n<td><\/td>\n\n<\/tr>\n\n<tr bgcolor=\"#E0F9E0\">\n\n<td>Brown Trout<\/td>\n\n<td>Y<\/td>\n\n<\/tr>\n\n<tr bgcolor=\"#E0F9E0\">\n\n<td>Category<\/td>\n\n<td>SR<\/td>\n\n<\/tr>\n\n<tr bgcolor=\"#E0F9E0\">\n\n<td>Length (Miles)<\/td>\n\n<td>5.436072<\/td>\n\n<\/tr>\n\n<tr bgcolor=\"#E0F9E0\">\n\n<td>Heritage<\/td>\n\n<td><\/td>\n\n<\/tr>\n\n<tr bgcolor=\"#E0F9E0\">\n\n<td>Not Stocked in the Fall<\/td>\n\n<td><\/td>\n\n<\/tr>\n\n<tr bgcolor=\"#E0F9E0\">\n\n<td>National Forest<\/td>\n\n<td><\/td>\n\n<\/tr>\n\n<\/table>\n\n<\/body>\n\n<\/html>\n\n", "timestamp": null, "begin": null, "end": null, "altitudeMode": "clampToGround", "tessellate": -1, "extrude": -1, "visibility": -1, "drawOrder": null, "icon": null }, "geometry": { "type": "Point", "coordinates": [ -78.939134944879299, 38.040728148212082, 0.0 ] } },
{ "type": "Feature", "properties": { "Name": "Saint Mary's River", "description": "<html xmlns:fo=\"http:\/\/www.w3.org\/1999\/XSL\/Format\">\n\n<body>\n\n<table border=\"1\" width=\"350\" cellpadding=\"5\">\n\n<tr style=\"background-color:#663300\">\n\n<th style=\"color:#66FF66\">Field Name<\/th>\n\n<th style=\"color:#66FF66\">Value<\/th>\n\n<\/tr>\n\n<tr bgcolor=\"#E0F9E0\">\n\n<td>Waterbody<\/td>\n\n<td>Saint Mary's River<\/td>\n\n<\/tr>\n\n<tr bgcolor=\"#E0F9E0\">\n\n<td>Comments<\/td>\n\n<td>9\" Minimum.<\/td>\n\n<\/tr>\n\n<tr bgcolor=\"#E0F9E0\">\n\n<td>Designation<\/td>\n\n<td>SR<\/td>\n\n<\/tr>\n\n<tr bgcolor=\"#E0F9E0\">\n\n<td>County<\/td>\n\n<td>Augusta<\/td>\n\n<\/tr>\n\n<tr bgcolor=\"#E0F9E0\">\n\n<td>Brook Trout<\/td>\n\n<td><\/td>\n\n<\/tr>\n\n<tr bgcolor=\"#E0F9E0\">\n\n<td>Rainbow Trout<\/td>\n\n<td><\/td>\n\n<\/tr>\n\n<tr bgcolor=\"#E0F9E0\">\n\n<td>Brown Trout<\/td>\n\n<td><\/td>\n\n<\/tr>\n\n<tr bgcolor=\"#E0F9E0\">\n\n<td>Category<\/td>\n\n<td>SR<\/td>\n\n<\/tr>\n\n<tr bgcolor=\"#E0F9E0\">\n\n<td>Length (Miles)<\/td>\n\n<td>4.199257<\/td>\n\n<\/tr>\n\n<tr bgcolor=\"#E0F9E0\">\n\n<td>Heritage<\/td>\n\n<td><\/td>\n\n<\/tr>\n\n<tr bgcolor=\"#E0F9E0\">\n\n<td>Not Stocked in the Fall<\/td>\n\n<td><\/td>\n\n<\/tr>\n\n<tr bgcolor=\"#E0F9E0\">\n\n<td>National Forest<\/td>\n\n<td>Y<\/td>\n\n<\/tr>\n\n<\/table>\n\n<\/body>\n\n<\/html>\n\n", "timestamp": null, "begin": null, "end": null, "altitudeMode": "clampToGround", "tessellate": -1, "extrude": -1, "visibility": -1, "drawOrder": null, "icon": null }, "geometry": { "type": "Point", "coordinates": [ -79.112296668462648, 37.928834789379117, 0.0 ] } },
{ "type": "Feature", "properties": { "Name": "Ramsey's Draft", "description": "<html xmlns:fo=\"http:\/\/www.w3.org\/1999\/XSL\/Format\">\n\n<body>\n\n<table border=\"1\" width=\"350\" cellpadding=\"5\">\n\n<tr style=\"background-color:#663300\">\n\n<th style=\"color:#66FF66\">Field Name<\/th>\n\n<th style=\"color:#66FF66\">Value<\/th>\n\n<\/tr>\n\n<tr bgcolor=\"#E0F9E0\">\n\n<td>Waterbody<\/td>\n\n<td>Ramsey's Draft<\/td>\n\n<\/tr>\n\n<tr bgcolor=\"#E0F9E0\">\n\n<td>Comments<\/td>\n\n<td>9\" Minimum.<\/td>\n\n<\/tr>\n\n<tr bgcolor=\"#E0F9E0\">\n\n<td>Designation<\/td>\n\n<td>SR<\/td>\n\n<\/tr>\n\n<tr bgcolor=\"#E0F9E0\">\n\n<td>County<\/td>\n\n<td>Augusta<\/td>\n\n<\/tr>\n\n<tr bgcolor=\"#E0F9E0\">\n\n<td>Brook Trout<\/td>\n\n<td>Y<\/td>\n\n<\/tr>\n\n<tr bgcolor=\"#E0F9E0\">\n\n<td>Rainbow Trout<\/td>\n\n<td><\/td>\n\n<\/tr>\n\n<tr bgcolor=\"#E0F9E0\">\n\n<td>Brown Trout<\/td>\n\n<td><\/td>\n\n<\/tr>\n\n<tr bgcolor=\"#E0F9E0\">\n\n<td>Category<\/td>\n\n<td>SR<\/td>\n\n<\/tr>\n\n<tr bgcolor=\"#E0F9E0\">\n\n<td>Length (Miles)<\/td>\n\n<td>4.23649<\/td>\n\n<\/tr>\n\n<tr bgcolor=\"#E0F9E0\">\n\n<td>Heritage<\/td>\n\n<td><\/td>\n\n<\/tr>\n\n<tr bgcolor=\"#E0F9E0\">\n\n<td>Not Stocked in the Fall<\/td>\n\n<td><\/td>\n\n<\/tr>\n\n<tr bgcolor=\"#E0F9E0\">\n\n<td>National Forest<\/td>\n\n<td>Y<\/td>\n\n<\/tr>\n\n<\/table>\n\n<\/body>\n\n<\/html>\n\n", "timestamp": null, "begin": null, "end": null, "altitudeMode": "clampToGround", "tessellate": -1, "extrude": -1, "visibility": -1, "drawOrder": null, "icon": null }, "geometry": { "type": "Point", "coordinates": [ -79.340687454965988, 38.332120184537871, 0.0 ] } },
{ "type": "Feature", "properties": { "Name": "Mossy Creek", "description": "<html xmlns:fo=\"http:\/\/www.w3.org\/1999\/XSL\/Format\">\n\n<body>\n\n<table border=\"1\" width=\"350\" cellpadding=\"5\">\n\n<tr style=\"background-color:#663300\">\n\n<th style=\"color:#66FF66\">Field Name<\/th>\n\n<th style=\"color:#66FF66\">Value<\/th>\n\n<\/tr>\n\n<tr bgcolor=\"#E0F9E0\">\n\n<td>Waterbody<\/td>\n\n<td>Mossy Creek<\/td>\n\n<\/tr>\n\n<tr bgcolor=\"#E0F9E0\">\n\n<td>Comments<\/td>\n\n<td>20\" Minimum. 1 trout limit. Fly fishing only. Requires a written landowner permit.<\/td>\n\n<\/tr>\n\n<tr bgcolor=\"#E0F9E0\">\n\n<td>Designation<\/td>\n\n<td>SR<\/td>\n\n<\/tr>\n\n<tr bgcolor=\"#E0F9E0\">\n\n<td>County<\/td>\n\n<td>Augusta<\/td>\n\n<\/tr>\n\n<tr bgcolor=\"#E0F9E0\">\n\n<td>Brook Trout<\/td>\n\n<td><\/td>\n\n<\/tr>\n\n<tr bgcolor=\"#E0F9E0\">\n\n<td>Rainbow Trout<\/td>\n\n<td><\/td>\n\n<\/tr>\n\n<tr bgcolor=\"#E0F9E0\">\n\n<td>Brown Trout<\/td>\n\n<td>Y<\/td>\n\n<\/tr>\n\n<tr bgcolor=\"#E0F9E0\">\n\n<td>Category<\/td>\n\n<td>SR<\/td>\n\n<\/tr>\n\n<tr bgcolor=\"#E0F9E0\">\n\n<td>Length (Miles)<\/td>\n\n<td>3.386484<\/td>\n\n<\/tr>\n\n<tr bgcolor=\"#E0F9E0\">\n\n<td>Heritage<\/td>\n\n<td><\/td>\n\n<\/tr>\n\n<tr bgcolor=\"#E0F9E0\">\n\n<td>Not Stocked in the Fall<\/td>\n\n<td><\/td>\n\n<\/tr>\n\n<tr bgcolor=\"#E0F9E0\">\n\n<td>National Forest<\/td>\n\n<td><\/td>\n\n<\/tr>\n\n<\/table>\n\n<\/body>\n\n<\/html>\n\n", "timestamp": null, "begin": null, "end": null, "altitudeMode": "clampToGround", "tessellate": -1, "extrude": -1, "visibility": -1, "drawOrder": null, "icon": null }, "geometry": { "type": "Point", "coordinates": [ -79.042983997536382, 38.355344596449022, 0.0 ] } },
{ "type": "Feature", "properties": { "Name": "Buffalo Creek", "description": "<html xmlns:fo=\"http:\/\/www.w3.org\/1999\/XSL\/Format\">\n\n<body>\n\n<table border=\"1\" width=\"350\" cellpadding=\"5\">\n\n<tr style=\"background-color:#663300\">\n\n<th style=\"color:#66FF66\">Field Name<\/th>\n\n<th style=\"color:#66FF66\">Value<\/th>\n\n<\/tr>\n\n<tr bgcolor=\"#E0F9E0\">\n\n<td>Waterbody<\/td>\n\n<td>Buffalo Creek<\/td>\n\n<\/tr>\n\n<tr bgcolor=\"#E0F9E0\">\n\n<td>Comments<\/td>\n\n<td>16\" Minimum. 2 trout limit. Requires a written landowner permit.<\/td>\n\n<\/tr>\n\n<tr bgcolor=\"#E0F9E0\">\n\n<td>Designation<\/td>\n\n<td>SR<\/td>\n\n<\/tr>\n\n<tr bgcolor=\"#E0F9E0\">\n\n<td>County<\/td>\n\n<td>Rockbridge<\/td>\n\n<\/tr>\n\n<tr bgcolor=\"#E0F9E0\">\n\n<td>Brook Trout<\/td>\n\n<td><\/td>\n\n<\/tr>\n\n<tr bgcolor=\"#E0F9E0\">\n\n<td>Rainbow Trout<\/td>\n\n<td>Y<\/td>\n\n<\/tr>\n\n<tr bgcolor=\"#E0F9E0\">\n\n<td>Brown Trout<\/td>\n\n<td>Y<\/td>\n\n<\/tr>\n\n<tr bgcolor=\"#E0F9E0\">\n\n<td>Category<\/td>\n\n<td>SR<\/td>\n\n<\/tr>\n\n<tr bgcolor=\"#E0F9E0\">\n\n<td>Length (Miles)<\/td>\n\n<td>2.722053<\/td>\n\n<\/tr>\n\n<tr bgcolor=\"#E0F9E0\">\n\n<td>Heritage<\/td>\n\n<td><\/td>\n\n<\/tr>\n\n<tr bgcolor=\"#E0F9E0\">\n\n<td>Not Stocked in the Fall<\/td>\n\n<td><\/td>\n\n<\/tr>\n\n<tr bgcolor=\"#E0F9E0\">\n\n<td>National Forest<\/td>\n\n<td><\/td>\n\n<\/tr>\n\n<\/table>\n\n<\/body>\n\n<\/html>\n\n", "timestamp": null, "begin": null, "end": null, "altitudeMode": "clampToGround", "tessellate": -1, "extrude": -1, "visibility": -1, "drawOrder": null, "icon": null }, "geometry": { "type": "Point", "coordinates": [ -79.569244199499622, 37.743387920302403, 0.0 ] } },
{ "type": "Feature", "properties": { "Name": "Conway River", "description": "<html xmlns:fo=\"http:\/\/www.w3.org\/1999\/XSL\/Format\">\n\n<body>\n\n<table border=\"1\" width=\"350\" cellpadding=\"5\">\n\n<tr style=\"background-color:#663300\">\n\n<th style=\"color:#66FF66\">Field Name<\/th>\n\n<th style=\"color:#66FF66\">Value<\/th>\n\n<\/tr>\n\n<tr bgcolor=\"#E0F9E0\">\n\n<td>Waterbody<\/td>\n\n<td>Conway River<\/td>\n\n<\/tr>\n\n<tr bgcolor=\"#E0F9E0\">\n\n<td>Comments<\/td>\n\n<td>9\" Minimum.<\/td>\n\n<\/tr>\n\n<tr bgcolor=\"#E0F9E0\">\n\n<td>Designation<\/td>\n\n<td>SR<\/td>\n\n<\/tr>\n\n<tr bgcolor=\"#E0F9E0\">\n\n<td>County<\/td>\n\n<td>Madison<\/td>\n\n<\/tr>\n\n<tr bgcolor=\"#E0F9E0\">\n\n<td>Brook Trout<\/td>\n\n<td>Y<\/td>\n\n<\/tr>\n\n<tr bgcolor=\"#E0F9E0\">\n\n<td>Rainbow Trout<\/td>\n\n<td><\/td>\n\n<\/tr>\n\n<tr bgcolor=\"#E0F9E0\">\n\n<td>Brown Trout<\/td>\n\n<td>Y<\/td>\n\n<\/tr>\n\n<tr bgcolor=\"#E0F9E0\">\n\n<td>Category<\/td>\n\n<td>SR<\/td>\n\n<\/tr>\n\n<tr bgcolor=\"#E0F9E0\">\n\n<td>Length (Miles)<\/td>\n\n<td>3.509961<\/td>\n\n<\/tr>\n\n<tr bgcolor=\"#E0F9E0\">\n\n<td>Heritage<\/td>\n\n<td><\/td>\n\n<\/tr>\n\n<tr bgcolor=\"#E0F9E0\">\n\n<td>Not Stocked in the Fall<\/td>\n\n<td><\/td>\n\n<\/tr>\n\n<tr bgcolor=\"#E0F9E0\">\n\n<td>National Forest<\/td>\n\n<td><\/td>\n\n<\/tr>\n\n<\/table>\n\n<\/body>\n\n<\/html>\n\n", "timestamp": null, "begin": null, "end": null, "altitudeMode": "clampToGround", "tessellate": -1, "extrude": -1, "visibility": -1, "drawOrder": null, "icon": null }, "geometry": { "type": "Point", "coordinates": [ -78.436630411880188, 38.439045645213177, 0.0 ] } },
{ "type": "Feature", "properties": { "Name": "Devil's Ditch", "description": "<html xmlns:fo=\"http:\/\/www.w3.org\/1999\/XSL\/Format\">\n\n<body>\n\n<table border=\"1\" width=\"350\" cellpadding=\"5\">\n\n<tr style=\"background-color:#663300\">\n\n<th style=\"color:#66FF66\">Field Name<\/th>\n\n<th style=\"color:#66FF66\">Value<\/th>\n\n<\/tr>\n\n<tr bgcolor=\"#E0F9E0\">\n\n<td>Waterbody<\/td>\n\n<td>Devil's Ditch<\/td>\n\n<\/tr>\n\n<tr bgcolor=\"#E0F9E0\">\n\n<td>Comments<\/td>\n\n<td>9\" Minimum.<\/td>\n\n<\/tr>\n\n<tr bgcolor=\"#E0F9E0\">\n\n<td>Designation<\/td>\n\n<td>SR<\/td>\n\n<\/tr>\n\n<tr bgcolor=\"#E0F9E0\">\n\n<td>County<\/td>\n\n<td>Greene<\/td>\n\n<\/tr>\n\n<tr bgcolor=\"#E0F9E0\">\n\n<td>Brook Trout<\/td>\n\n<td>Y<\/td>\n\n<\/tr>\n\n<tr bgcolor=\"#E0F9E0\">\n\n<td>Rainbow Trout<\/td>\n\n<td><\/td>\n\n<\/tr>\n\n<tr bgcolor=\"#E0F9E0\">\n\n<td>Brown Trout<\/td>\n\n<td>Y<\/td>\n\n<\/tr>\n\n<tr bgcolor=\"#E0F9E0\">\n\n<td>Category<\/td>\n\n<td>SR<\/td>\n\n<\/tr>\n\n<tr bgcolor=\"#E0F9E0\">\n\n<td>Length (Miles)<\/td>\n\n<td>2.823377<\/td>\n\n<\/tr>\n\n<tr bgcolor=\"#E0F9E0\">\n\n<td>Heritage<\/td>\n\n<td><\/td>\n\n<\/tr>\n\n<tr bgcolor=\"#E0F9E0\">\n\n<td>Not Stocked in the Fall<\/td>\n\n<td><\/td>\n\n<\/tr>\n\n<tr bgcolor=\"#E0F9E0\">\n\n<td>National Forest<\/td>\n\n<td><\/td>\n\n<\/tr>\n\n<\/table>\n\n<\/body>\n\n<\/html>\n\n", "timestamp": null, "begin": null, "end": null, "altitudeMode": "clampToGround", "tessellate": -1, "extrude": -1, "visibility": -1, "drawOrder": null, "icon": null }, "geometry": { "type": "Point", "coordinates": [ -78.453036886421103, 38.433186852423937, 0.0 ] } },
{ "type": "Feature", "properties": { "Name": "Rapidan River", "description": "<html xmlns:fo=\"http:\/\/www.w3.org\/1999\/XSL\/Format\">\n\n<body>\n\n<table border=\"1\" width=\"350\" cellpadding=\"5\">\n\n<tr style=\"background-color:#663300\">\n\n<th style=\"color:#66FF66\">Field Name<\/th>\n\n<th style=\"color:#66FF66\">Value<\/th>\n\n<\/tr>\n\n<tr bgcolor=\"#E0F9E0\">\n\n<td>Waterbody<\/td>\n\n<td>Rapidan River<\/td>\n\n<\/tr>\n\n<tr bgcolor=\"#E0F9E0\">\n\n<td>Comments<\/td>\n\n<td>Catch and Release.<\/td>\n\n<\/tr>\n\n<tr bgcolor=\"#E0F9E0\">\n\n<td>Designation<\/td>\n\n<td>SR<\/td>\n\n<\/tr>\n\n<tr bgcolor=\"#E0F9E0\">\n\n<td>County<\/td>\n\n<td>Madison<\/td>\n\n<\/tr>\n\n<tr bgcolor=\"#E0F9E0\">\n\n<td>Brook Trout<\/td>\n\n<td>Y<\/td>\n\n<\/tr>\n\n<tr bgcolor=\"#E0F9E0\">\n\n<td>Rainbow Trout<\/td>\n\n<td><\/td>\n\n<\/tr>\n\n<tr bgcolor=\"#E0F9E0\">\n\n<td>Brown Trout<\/td>\n\n<td><\/td>\n\n<\/tr>\n\n<tr bgcolor=\"#E0F9E0\">\n\n<td>Category<\/td>\n\n<td>SR<\/td>\n\n<\/tr>\n\n<tr bgcolor=\"#E0F9E0\">\n\n<td>Length (Miles)<\/td>\n\n<td>6.987196<\/td>\n\n<\/tr>\n\n<tr bgcolor=\"#E0F9E0\">\n\n<td>Heritage<\/td>\n\n<td><\/td>\n\n<\/tr>\n\n<tr bgcolor=\"#E0F9E0\">\n\n<td>Not Stocked in the Fall<\/td>\n\n<td><\/td>\n\n<\/tr>\n\n<tr bgcolor=\"#E0F9E0\">\n\n<td>National Forest<\/td>\n\n<td><\/td>\n\n<\/tr>\n\n<\/table>\n\n<\/body>\n\n<\/html>\n\n", "timestamp": null, "begin": null, "end": null, "altitudeMode": "clampToGround", "tessellate": -1, "extrude": -1, "visibility": -1, "drawOrder": null, "icon": null }, "geometry": { "type": "Point", "coordinates": [ -78.384330802597873, 38.46794432971533, 0.0 ] } },
{ "type": "Feature", "properties": { "Name": "North Fork Moorman's River", "description": "<html xmlns:fo=\"http:\/\/www.w3.org\/1999\/XSL\/Format\">\n\n<body>\n\n<table border=\"1\" width=\"350\" cellpadding=\"5\">\n\n<tr style=\"background-color:#663300\">\n\n<th style=\"color:#66FF66\">Field Name<\/th>\n\n<th style=\"color:#66FF66\">Value<\/th>\n\n<\/tr>\n\n<tr bgcolor=\"#E0F9E0\">\n\n<td>Waterbody<\/td>\n\n<td>North Fork Moorman's River<\/td>\n\n<\/tr>\n\n<tr bgcolor=\"#E0F9E0\">\n\n<td>Comments<\/td>\n\n<td>Catch and Release.<\/td>\n\n<\/tr>\n\n<tr bgcolor=\"#E0F9E0\">\n\n<td>Designation<\/td>\n\n<td>SR<\/td>\n\n<\/tr>\n\n<tr bgcolor=\"#E0F9E0\">\n\n<td>County<\/td>\n\n<td>Albemarle<\/td>\n\n<\/tr>\n\n<tr bgcolor=\"#E0F9E0\">\n\n<td>Brook Trout<\/td>\n\n<td>Y<\/td>\n\n<\/tr>\n\n<tr bgcolor=\"#E0F9E0\">\n\n<td>Rainbow Trout<\/td>\n\n<td><\/td>\n\n<\/tr>\n\n<tr bgcolor=\"#E0F9E0\">\n\n<td>Brown Trout<\/td>\n\n<td><\/td>\n\n<\/tr>\n\n<tr bgcolor=\"#E0F9E0\">\n\n<td>Category<\/td>\n\n<td>SR<\/td>\n\n<\/tr>\n\n<tr bgcolor=\"#E0F9E0\">\n\n<td>Length (Miles)<\/td>\n\n<td>3.135089<\/td>\n\n<\/tr>\n\n<tr bgcolor=\"#E0F9E0\">\n\n<td>Heritage<\/td>\n\n<td><\/td>\n\n<\/tr>\n\n<tr bgcolor=\"#E0F9E0\">\n\n<td>Not Stocked in the Fall<\/td>\n\n<td><\/td>\n\n<\/tr>\n\n<tr bgcolor=\"#E0F9E0\">\n\n<td>National Forest<\/td>\n\n<td><\/td>\n\n<\/tr>\n\n<\/table>\n\n<\/body>\n\n<\/html>\n\n", "timestamp": null, "begin": null, "end": null, "altitudeMode": "clampToGround", "tessellate": -1, "extrude": -1, "visibility": -1, "drawOrder": null, "icon": null }, "geometry": { "type": "Point", "coordinates": [ -78.744498150208585, 38.163335461527907, 0.0 ] } },
{ "type": "Feature", "properties": { "Name": "East Fork Chesnut Creek", "description": "<html xmlns:fo=\"http:\/\/www.w3.org\/1999\/XSL\/Format\">\n\n<body>\n\n<table border=\"1\" width=\"350\" cellpadding=\"5\">\n\n<tr style=\"background-color:#663300\">\n\n<th style=\"color:#66FF66\">Field Name<\/th>\n\n<th style=\"color:#66FF66\">Value<\/th>\n\n<\/tr>\n\n<tr bgcolor=\"#E0F9E0\">\n\n<td>Waterbody<\/td>\n\n<td>East Fork Chesnut Creek<\/td>\n\n<\/tr>\n\n<tr bgcolor=\"#E0F9E0\">\n\n<td>Comments<\/td>\n\n<td>Catch and Release.  AKA Farmers Creek.<\/td>\n\n<\/tr>\n\n<tr bgcolor=\"#E0F9E0\">\n\n<td>Designation<\/td>\n\n<td>SR<\/td>\n\n<\/tr>\n\n<tr bgcolor=\"#E0F9E0\">\n\n<td>County<\/td>\n\n<td>Grayson<\/td>\n\n<\/tr>\n\n<tr bgcolor=\"#E0F9E0\">\n\n<td>Brook Trout<\/td>\n\n<td>Y<\/td>\n\n<\/tr>\n\n<tr bgcolor=\"#E0F9E0\">\n\n<td>Rainbow Trout<\/td>\n\n<td><\/td>\n\n<\/tr>\n\n<tr bgcolor=\"#E0F9E0\">\n\n<td>Brown Trout<\/td>\n\n<td><\/td>\n\n<\/tr>\n\n<tr bgcolor=\"#E0F9E0\">\n\n<td>Category<\/td>\n\n<td>SR<\/td>\n\n<\/tr>\n\n<tr bgcolor=\"#E0F9E0\">\n\n<td>Length (Miles)<\/td>\n\n<td>1.247265<\/td>\n\n<\/tr>\n\n<tr bgcolor=\"#E0F9E0\">\n\n<td>Heritage<\/td>\n\n<td><\/td>\n\n<\/tr>\n\n<tr bgcolor=\"#E0F9E0\">\n\n<td>Not Stocked in the Fall<\/td>\n\n<td><\/td>\n\n<\/tr>\n\n<tr bgcolor=\"#E0F9E0\">\n\n<td>National Forest<\/td>\n\n<td><\/td>\n\n<\/tr>\n\n<\/table>\n\n<\/body>\n\n<\/html>\n\n", "timestamp": null, "begin": null, "end": null, "altitudeMode": "clampToGround", "tessellate": -1, "extrude": -1, "visibility": -1, "drawOrder": null, "icon": null }, "geometry": { "type": "Point", "coordinates": [ -80.84817670291163, 36.571265646323702, 0.0 ] } }
]
}
