<metadata><idinfo><citation><citeinfo><origin>Virginia Department of Conservation and Recreation, Division of Natural Heritage</origin><pubdate>200801</pubdate><title>Petersburg National Battlefield Vegetation Mapping Project - Spatial Vegetation Data</title><geoform>vector digital data</geoform><onlink>http://www1.usgs.gov/vip/pete/pete.zip</onlink><lworkcit><citeinfo><origin>Karen Patterson</origin><pubdate>200806</pubdate><title>K. D. Patterson. 2008. Vegetation Classification and Mapping at Petersburg National Battlefield, Virginia. Technical Report NPS/NER/NRTR2008/127. National Park Service. Philadelphia, PA.</title><geoform>document</geoform></citeinfo></lworkcit><onlink>doi:10.5066/F7TT4NXT</onlink></citeinfo></citation><descript><abstract>This shapefile is an vegetation map of Petersburg National Battlefield, Virginia. It was developed by The Virginia Department of Conservation and Recreation, Division of Natural Heritage in cooperation with North Carolina State University's Center for Earth Observation for the Northeast Region of the National Park Service. The data was created following general guidelines set forth by the USGS-NPS Vegetation Mapping Program. Map classes are crosswalked to the U.S. National Vegetation Classification (USNVC) or level II of the Andersons land use land cover classification system. Crosswalks to the USNVC were determined on September 27, 2007. The map is based on field work performed in the summer of 2002-2006 and photo interpretation of aerial photo mosaics produced by North Carolina State University Center for Earth Observation from photography obtained in October 2001 and February 2002.</abstract><purpose>This data set was created for Petersburg National Battlefield for use in natural resource management.</purpose></descript><timeperd><timeinfo><sngdate><caldate>20020228</caldate></sngdate></timeinfo><current>Date of aerial photography</current></timeperd><status><progress>Complete</progress><update>None planned</update></status><spdom><descgeog>Petersburg National Battlefield and environs</descgeog><bounding><westbc>-77.648132</westbc><eastbc>-77.266686</eastbc><northbc>37.317733</northbc><southbc>37.132596</southbc></bounding></spdom><keywords><theme><themekt>None</themekt><themekey>vegetation map</themekey><themekey>vegetation association</themekey><themekey>National Park Service</themekey><themekey>vegetation classification</themekey><themekey>vegetation alliance</themekey><themekey>vegetation formation</themekey></theme><theme><themekt>National Park Service Theme Category Thesaurus</themekt><themekey>vegetation</themekey></theme><theme><themekt>ISO 19115 Topic Category</themekt><themekey>environment</themekey></theme><place><placekt>National Park System Unit Name Thesaurus</placekt><placekey>Petersburg National Battlefield</placekey></place><place><placekt>National Park System Unit Code Thesaurus</placekt><placekey>PETE</placekey></place><place><placekt>Geographic Names Information System</placekt><placekey>Dinwiddie County, Virginia</placekey><placekey>Prince George County, Virginia</placekey><placekey>City of Petersburg, Virginia</placekey><placekey>City of Hopewell, Virginia</placekey></place></keywords><taxonomy><keywtax><taxonkt>None</taxonkt><taxonkey>Standardized National Vegetation Classification System</taxonkey><taxonkey>vegetation classification</taxonkey><taxonkey>alliance</taxonkey><taxonkey>community association</taxonkey></keywtax><taxoncl><taxonrn>Kingdom</taxonrn><taxonrv>Plantae</taxonrv><common>plants</common></taxoncl></taxonomy><accconst>None</accconst><useconst>None</useconst><ptcontac><cntinfo><cntorgp><cntorg>Virginia Department of Conservation and Recreation, Division of Natural Heritage</cntorg></cntorgp><cntpos>Ecologist</cntpos><cntaddr><addrtype>mailing and physical</addrtype><address>217 Governor Street</address><city>Richmond</city><state>Virginia</state><postal>23219</postal><country>USA</country></cntaddr><cntvoice>804-786-5990</cntvoice></cntinfo></ptcontac><native>Microsoft Windows XP Version 5.1 (Build 2600) Service Pack 2; ESRI ArcCatalog 9.2.4.1420</native></idinfo><dataqual><attracc><attraccr>The thematic accuracy of the vegetation map was assessed using a stratified random sampling approach, stratifying 98 samples among USNVC map classes. Sample size was determined by class abundance and frequency as recommended in section 4.4.2 of the USGS/NPS Vegetation Mapping Program standards, with one regional modification to accommodate the vegetation pattern seen in the park. Polygons were validated in the field by VADNH staff. Four cultural map classes, Cultural Meadow, Forested Earthworks, Open Earthworks, and Semipermanent Impoundment, and all Anderson II land use classes were excluded from the accuracy assessment. The Kappa index for the vegetation map was 82.9% +/- 9.4%, with the overall percent accuracy calculated as 85.7%.  Examination of the errors associated with each observation shows that they can be attributed to below minimum mapping unit inclusions of other vegetation types within the target polygons and the incomplete survey of some target polygons, or to the difficulty of assigning a vegetation classification to very disturbed, heterogeneous vegetation.  Additionally some of the mapping errors may have been due to the difficulty of distinguishing deciduous types on aerial photography, since many deciduous signatures are virtually identical.</attraccr></attracc><logic>Polygon geometry and topology were validated with ESRI ArcGIS v. 9.2 to find and correct any voids, slivers, overlapping polygons, or self-intersections.</logic><complete>Shapefile covers entire park area</complete><lineage><procstep><procdesc>A preliminary vegetation map was created by viewing leaf-on (data captured 10-23-2001) and leaf-off (data captured 02-28-2002) digital photo mosaics, both in two and three dimensions.  Areas of homogenous vegetation, land cover, and land use were delineated using ArcMaps onscreen digitizing tools. The minimum mapping unit was 0.5 hectares (1.25 acres). Polygons were attributed to the formation-level of the USNVC Level II and Anderson's land use and land cover classification. The preliminary vegetation map served as a guide for field reconnaissance during the summers of 2002-2006.  Data were collected from eight quantitative vegetation plots and qualitative observations throughout the park. Data were combined with data from other areas of the Mid-Atlantic Piedmont and Coastal Plain to refine the USNVC for the region. The draft formation-level vegetation map was extensively revised to better reflect vegetation units based on field information and using the following ancillary data layers; topographic maps and digital raster graphics (DRGs),</procdesc><procdate>200605</procdate></procstep></lineage></dataqual><spdoinfo><direct>Vector</direct><ptvctinf><esriterm><efeatyp Sync="TRUE">Simple</efeatyp><efeageom code="4" Sync="TRUE"></efeageom><esritopo Sync="TRUE">FALSE</esritopo><efeacnt Sync="TRUE">250</efeacnt><spindex Sync="TRUE">TRUE</spindex><linrefer Sync="TRUE">FALSE</linrefer></esriterm></ptvctinf></spdoinfo><spref><horizsys><planar><planci><plance>coordinate pair</plance><coordrep><absres>0.000064</absres><ordres>0.000064</ordres></coordrep><plandu>meters</plandu></planci></planar><geodetic><horizdn>North American Datum of 1983</horizdn><ellips>Geodetic Reference System 80</ellips><semiaxis>6378137.000000</semiaxis><denflat>298.257222</denflat></geodetic></horizsys></spref><eainfo><detailed Name="pete_veg_map_association_2002"><enttyp><enttypl>pete_veg_map_association_2002</enttypl><enttypd>Shapefile attribute table</enttypd><enttypds>Virginia Department of Conservation and Recreation, Division of Natural Heritage</enttypds><enttypt Sync="TRUE">Feature Class</enttypt><enttypc Sync="TRUE">250</enttypc></enttyp><attr><attrlabl>FID</attrlabl><attrdef>Internal feature number.</attrdef><attrdefs>ESRI</attrdefs><attrdomv><udom>Sequential unique whole numbers that are automatically generated.</udom></attrdomv><attalias Sync="TRUE">FID</attalias><attrtype Sync="TRUE">OID</attrtype><attwidth Sync="TRUE">4</attwidth><atprecis Sync="TRUE">0</atprecis><attscale Sync="TRUE">0</attscale></attr><attr><attrlabl>Shape</attrlabl><attrdef>Feature geometry.</attrdef><attrdefs>ESRI</attrdefs><attrdomv><udom>Coordinates defining the features.</udom></attrdomv><attalias Sync="TRUE">Shape</attalias><attrtype Sync="TRUE">Geometry</attrtype><attwidth Sync="TRUE">0</attwidth><atprecis Sync="TRUE">0</atprecis><attscale Sync="TRUE">0</attscale></attr><attr><attrlabl>POLYGON_ID</attrlabl><attrdef>Unique identifer for each of the 250 polygons. Identifers are sequential whole numbers.</attrdef><attrdefs>Karen Patterson, Vegetation Ecologist, Virginia Dept. of Conservation and Recreation, Division of Natural Heritage, Richmond, VA.</attrdefs><attrdomv><rdom><rdommin>1</rdommin><rdommax>250</rdommax></rdom></attrdomv><attalias Sync="TRUE">POLYGON_ID</attalias><attrtype Sync="TRUE">Double</attrtype><attwidth Sync="TRUE">16</attwidth><atprecis Sync="TRUE">16</atprecis><attscale Sync="TRUE">0</attscale></attr><attr><attrlabl>COMMENT</attrlabl><attrdef>Comments that make distinctions between polygons of a map class.</attrdef><attrdefs>Karen Patterson, Vegetation Ecologist, Virginia Dept. of Conservation and Recreation, Division of Natural Heritage, Richmond, VA.</attrdefs><attrdomv><udom>Additional information about the polygon</udom></attrdomv><attalias Sync="TRUE">COMMENT</attalias><attrtype Sync="TRUE">String</attrtype><attwidth Sync="TRUE">100</attwidth><atprecis Sync="TRUE">0</atprecis><attscale Sync="TRUE">0</attscale></attr><attr><attrlabl>LOCAL_NAME</attrlabl><attrdef>A common or colloquial name for the map class. These names follow the Natural Communities of Virginia (Fleming et al 2006) or, if no appropriate name exists in Fleming et al (2006), the Association common name from the U.S. National Vegetation Classification (NVC) was used, or a park-specific common name was assigned. Nonstandard, park-specific units representing disturbed, cultural, or exotic vegetation were defined by Ecologists at the Division of Natural Heritage. Names for map classes not representing natural or semi-natural vegetation follow the Anderson level II land use and land cover classification scheme (Anderson et. al 1976).</attrdef><attrdefs>Patterson, K.D. January 2008. Vegetation Classification and Mapping at Petersburg National Battlefield. Technical Report NPS/NER/NRTR--2007/XXX. National Park Service. Philadelphia, PA.</attrdefs><attrdomv><edom><edomv>Acidic Oak - Hickory Forest</edomv><edomvd>Acidic Oak - Hickory Forest</edomvd><edomvds>Fleming, G.P., P.P. Coulling, K.D. Patterson, and K. Taverna. 2006. The natural communities of Virginia: classification of ecological community groups. Second approximation. Version 2.2. Virginia Department of Conservation and Recreation, Division of Natural Heritage, Richmond, VA. &lt;http://www.dcr.virginia.gov/natural_heritage/nctoc.shtml&gt;</edomvds></edom></attrdomv><attrdomv><edom><edomv>Barren Land</edomv><edomvd>Barren Land</edomvd><edomvds>Anderson, J.R., E.E. Hardy, and J.T. Roach. 1976. Land use and land cover classification system for use with remote sensing data. Geological Survey Professional Paper 964. United States Government Printing Office, Washington D.C.September 2007.</edomvds></edom></attrdomv><attrdomv><edom><edomv>Beaver Wetland Complex</edomv><edomvd>Beaver Wetland Complex</edomvd><edomvds>NatureServe. 2007. International Ecological Classification Standard: Terrestrial Ecological Classifications. NatureServe Central Databases. Arlington, VA. U.S.A. Data current as of 27 September 2007.</edomvds></edom></attrdomv><attrdomv><edom><edomv>Coastal Plain / Piedmont Floodplain Swamp Forest (Mixed Oak - Red Maple Type)</edomv><edomvd>Coastal Plain / Piedmont Floodplain Swamp Forest (Mixed Oak - Red Maple Type)</edomvd><edomvds>Fleming, G.P., P.P. Coulling, K.D. Patterson, and K. Taverna. 2006. The natural communities of Virginia: classification of ecological community groups. Second approximation. Version 2.2. Virginia Department of Conservation and Recreation, Division of Natural Heritage, Richmond, VA. http://www.dcr.virginia.gov/natural_heritage/nctoc.shtml</edomvds></edom></attrdomv><attrdomv><edom><edomv>Coastal Plain / Piedmont Acidic Seepage Swamp</edomv><edomvd>Coastal Plain / Piedmont Acidic Seepage Swamp</edomvd><edomvds>Fleming, G.P., P.P. Coulling, K.D. Patterson, and K. Taverna. 2006. The natural communities of Virginia: classification of ecological community groups. Second approximation. Version 2.2. Virginia Department of Conservation and Recreation, Division of Natural Heritage, Richmond, VA. http://www.dcr.virginia.gov/natural_heritage/nctoc.shtml</edomvds></edom></attrdomv><attrdomv><edom><edomv>Coastal Plain / Piedmont Small-Stream Floodplain Forest</edomv><edomvd>Coastal Plain / Piedmont Small-Stream Floodplain Forest</edomvd><edomvds>Karen Patterson, Vegetation Ecologist, Virginia Dept. of Conservation and Recreation, Division of Natural Heritage, Richmond, VA.</edomvds></edom></attrdomv><attrdomv><edom><edomv>Cultural Meadow</edomv><edomvd>Cultural Meadow</edomvd><edomvds>NatureServe. 2007. International Ecological Classification Standard: Terrestrial Ecological Classifications. NatureServe Central Databases. Arlington, VA. U.S.A. Data current as of 27 September 2007.</edomvds></edom></attrdomv><attrdomv><edom><edomv>Disturbed Calcareous Forest</edomv><edomvd>Disturbed Calcareous Forest</edomvd><edomvds>Karen Patterson, Vegetation Ecologist, Virginia Dept. of Conservation and Recreation, Division of Natural Heritage, Richmond, VA.</edomvds></edom></attrdomv><attrdomv><edom><edomv>Forested Earthworks</edomv><edomvd>Forested Earthworks</edomvd><edomvds>Karen Patterson, Vegetation Ecologist, Virginia Dept. of Conservation and Recreation, Division of Natural Heritage, Richmond, VA.</edomvds></edom></attrdomv><attrdomv><edom><edomv>Loblolly Pine - Hardwood Forest</edomv><edomvd>Loblolly Pine - Hardwood Forest</edomvd><edomvds>NatureServe. 2007. International Ecological Classification Standard: Terrestrial Ecological Classifications. NatureServe Central Databases. Arlington, VA. U.S.A. Data current as of 27 September 2007.</edomvds></edom></attrdomv><attrdomv><edom><edomv>Loblolly Pine Plantation / Early-Successional Loblolly Pine Forest</edomv><edomvd>Loblolly Pine Plantation / Early-Successional Loblolly Pine Forest</edomvd><edomvds>Karen Patterson, Vegetation Ecologist, Virginia Dept. of Conservation and Recreation, Division of Natural Heritage, Richmond, VA.</edomvds></edom></attrdomv><attrdomv><edom><edomv>Mesic Mixed Hardwood Forest</edomv><edomvd>Mesic Mixed Hardwood Forest</edomvd><edomvds>Fleming, G.P., P.P. Coulling, K.D. Patterson, and K. Taverna. 2006. The natural communities of Virginia: classification of ecological community groups. Second approximation. Version 2.2. Virginia Department of Conservation and Recreation, Division of Natural Heritage, Richmond, VA. &lt;http://www.dcr.virginia.gov/natural_heritage/nctoc.shtml&gt;</edomvds></edom></attrdomv><attrdomv><edom><edomv>Coastal Plain Mixed Oak / Heath Forest</edomv><edomvd>Coastal Plain Mixed Oak / Heath Forest</edomvd><edomvds>Fleming, G.P., P.P. Coulling, K.D. Patterson, and K. Taverna. 2006. The natural communities of Virginia: classification of ecological community groups. Second approximation. Version 2.2. Virginia Department of Conservation and Recreation, Division of Natural Heritage, Richmond, VA. &lt;http://www.dcr.virginia.gov/natural_heritage/nctoc.shtml&gt;</edomvds></edom></attrdomv><attrdomv><edom><edomv>Open Earthworks</edomv><edomvd>Open Earthworks</edomvd><edomvds>Karen Patterson, Vegetation Ecologist, Virginia Dept. of Conservation and Recreation, Division of Natural Heritage, Richmond, VA.</edomvds></edom></attrdomv><attrdomv><edom><edomv>Other Urban or Built-up Land</edomv><edomvd>Other Urban or Built-up Land</edomvd><edomvds>Anderson, J.R., E.E. Hardy, and J.T. Roach. 1976. Land use and land cover classification system for use with remote sensing data. Geological Survey Professional Paper 964. United States Government Printing Office, Washington D.C.</edomvds></edom></attrdomv><attrdomv><edom><edomv>Semipermanent Impoundment</edomv><edomvd>Semipermanent Impoundment</edomvd><edomvds>Karen Patterson, Vegetation Ecologist, Virginia Dept. of Conservation and Recreation, Division of Natural Heritage, Richmond, VA.</edomvds></edom></attrdomv><attrdomv><edom><edomv>Successional Mixed Scrub</edomv><edomvd>Successional Mixed Scrub</edomvd><edomvds>Karen Patterson, Vegetation Ecologist, Virginia Dept. of Conservation and Recreation, Division of Natural Heritage, Richmond, VA.</edomvds></edom></attrdomv><attrdomv><edom><edomv>Successional Sweetgum Forest</edomv><edomvd>Successional Sweetgum Forest</edomvd><edomvds>NatureServe. 2007. International Ecological Classification Standard: Terrestrial Ecological Classifications. NatureServe Central Databases. Arlington, VA. U.S.A. Data current as of 27 September 2007.</edomvds></edom></attrdomv><attrdomv><edom><edomv>Successional Tuliptree Forest</edomv><edomvd>Successional Tuliptree Forest</edomvd><edomvds>NatureServe. 2007. International Ecological Classification Standard: Terrestrial Ecological Classifications. NatureServe Central Databases. Arlington, VA. U.S.A. Data current as of 27 September 2007.</edomvds></edom></attrdomv><attrdomv><edom><edomv>Transportation, Communications, and Utilities</edomv><edomvd>Transportation, Communications, and Utilities</edomvd><edomvds>Anderson, J.R., E.E. Hardy, and J.T. Roach. 1976. Land use and land cover classification system for use with remote sensing data. Geological Survey Professional Paper 964. United States Government Printing Office, Washington D.C.</edomvds></edom></attrdomv><attalias Sync="TRUE">LOCAL_NAME</attalias><attrtype Sync="TRUE">String</attrtype><attwidth Sync="TRUE">254</attwidth><atprecis Sync="TRUE">0</atprecis><attscale Sync="TRUE">0</attscale></attr><attr><attrlabl>FORM_CODE</attrlabl><attrdef>Code for Formation level of the vegetation classification standard (U.S. National Vegetation Classification)</attrdef><attrdefs>NatureServe. 2007. International Ecological Classification Standard: Terrestrial Ecological Classifications. NatureServe Central Databases. Arlington, VA. U.S.A. Data current as of 27 September 2007.</attrdefs><attrdomv><codesetd><codesetn>Formation Code</codesetn><codesets>NatureServe. 2007. International Ecological Classification Standard: Terrestrial Ecological Classifications. NatureServe Central Databases. Arlington, VA. U.S.A.</codesets></codesetd></attrdomv><attalias Sync="TRUE">FORM_CODE</attalias><attrtype Sync="TRUE">String</attrtype><attwidth Sync="TRUE">254</attwidth><atprecis Sync="TRUE">0</atprecis><attscale Sync="TRUE">0</attscale></attr><attr><attrlabl>FORM_NAME</attrlabl><attrdef>Formation Name from the vegetation classification standard (U.S. National Vegetation Classification)</attrdef><attrdefs>NatureServe. 2007. International Ecological Classification Standard: Terrestrial Ecological Classifications. NatureServe Central Databases. Arlington, VA. U.S.A. Data current as of 27 September 2007.</attrdefs><attrdomv><codesetd><codesetn>Formation Name</codesetn><codesets>NatureServe. 2007. International Ecological Classification Standard: Terrestrial Ecological Classifications. NatureServe Central Databases. Arlington, VA. U.S.A.</codesets></codesetd></attrdomv><attalias Sync="TRUE">FORM_NAME</attalias><attrtype Sync="TRUE">String</attrtype><attwidth Sync="TRUE">254</attwidth><atprecis Sync="TRUE">0</atprecis><attscale Sync="TRUE">0</attscale></attr><attr><attrlabl>ALLIA_CODE</attrlabl><attrdef>Code for the Alliance level of the vegetation classification standard (U.S. National Vegetation Classification)</attrdef><attrdefs>NatureServe. 2007. International Ecological Classification Standard: Terrestrial Ecological Classifications. NatureServe Central Databases. Arlington, VA. U.S.A. Data current as of 27 September 2007.</attrdefs><attrdomv><codesetd><codesetn>Alliance Key</codesetn><codesets>NatureServe. 2007. International Ecological Classification Standard: Terrestrial Ecological Classifications. NatureServe Central Databases. Arlington, VA. U.S.A.</codesets></codesetd></attrdomv><attalias Sync="TRUE">ALLIA_CODE</attalias><attrtype Sync="TRUE">String</attrtype><attwidth Sync="TRUE">254</attwidth><atprecis Sync="TRUE">0</atprecis><attscale Sync="TRUE">0</attscale></attr><attr><attrlabl>ALLIAN_SCI</attrlabl><attrdef>Alliance name from the vegetation classification standard (U.S. National Vegetation Classification)</attrdef><attrdefs>NatureServe. 2007. International Ecological Classification Standard: Terrestrial Ecological Classifications. NatureServe Central Databases. Arlington, VA. U.S.A. Data current as of 27 September 2007.</attrdefs><attrdomv><codesetd><codesetn>Alliance Name</codesetn><codesets>NatureServe. 2007. International Ecological Classification Standard: Terrestrial Ecological Classifications. NatureServe Central Databases. Arlington, VA. U.S.A.</codesets></codesetd></attrdomv><attalias Sync="TRUE">ALLIAN_SCI</attalias><attrtype Sync="TRUE">String</attrtype><attwidth Sync="TRUE">254</attwidth><atprecis Sync="TRUE">0</atprecis><attscale Sync="TRUE">0</attscale></attr><attr><attrlabl>ALLIAN_ENG</attrlabl><attrdef>Alliance name with Latin names translated to English from the vegetation classification standard (U.S. National Vegetation Classification)</attrdef><attrdefs>NatureServe. 2007. International Ecological Classification Standard: Terrestrial Ecological Classifications. NatureServe Central Databases. Arlington, VA. U.S.A. Data current as of 27 September 2007.</attrdefs><attrdomv><codesetd><codesetn>Alliance Translated Name</codesetn><codesets>NatureServe. 2007. International Ecological Classification Standard: Terrestrial Ecological Classifications. NatureServe Central Databases. Arlington, VA. U.S.A.</codesets></codesetd></attrdomv><attalias Sync="TRUE">ALLIAN_ENG</attalias><attrtype Sync="TRUE">String</attrtype><attwidth Sync="TRUE">254</attwidth><atprecis Sync="TRUE">0</atprecis><attscale Sync="TRUE">0</attscale></attr><attr><attrlabl>ASSOC_CODE</attrlabl><attrdef>A unique identifier code for the Association level of the vegetation classification standard (U.S. National Vegetation Classification). Code is standard Global Element Code from Natureserve Central databases</attrdef><attrdefs>NatureServe. 2007. International Ecological Classification Standard: Terrestrial Ecological Classifications. NatureServe Central Databases. Arlington, VA. U.S.A. Data current as of 27 September 2007.</attrdefs><attrdomv><codesetd><codesetn>Elcode</codesetn><codesets>NatureServe. 2007. International Ecological Classification Standard: Terrestrial Ecological Classifications. NatureServe Central Databases. Arlington, VA. U.S.A.</codesets></codesetd></attrdomv><attalias Sync="TRUE">ASSOC_CODE</attalias><attrtype Sync="TRUE">String</attrtype><attwidth Sync="TRUE">254</attwidth><atprecis Sync="TRUE">0</atprecis><attscale Sync="TRUE">0</attscale></attr><attr><attrlabl>ASSOC_SCI</attrlabl><attrdef>Association Name from the vegetation classification standard (U.S. National Vegetation Classification)</attrdef><attrdefs>NatureServe. 2007. International Ecological Classification Standard: Terrestrial Ecological Classifications. NatureServe Central Databases. Arlington, VA. U.S.A. Data current as of 27 September 2007.</attrdefs><attrdomv><codesetd><codesetn>Global Name</codesetn><codesets>NatureServe. 2007. International Ecological Classification Standard: Terrestrial Ecological Classifications. NatureServe Central Databases. Arlington, VA. U.S.A.</codesets></codesetd></attrdomv><attalias Sync="TRUE">ASSOC_SCI</attalias><attrtype Sync="TRUE">String</attrtype><attwidth Sync="TRUE">254</attwidth><atprecis Sync="TRUE">0</atprecis><attscale Sync="TRUE">0</attscale></attr><attr><attrlabl>ASSOC_ENG</attrlabl><attrdef>Association Name with Latin names translated to English from the vegetation classification standard (U.S. National Vegetation Classification)</attrdef><attrdefs>NatureServe. 2007. International Ecological Classification Standard: Terrestrial Ecological Classifications. NatureServe Central Databases. Arlington, VA. U.S.A. Data current as of 27 September 2007.</attrdefs><attrdomv><codesetd><codesetn>Association Translated Name</codesetn><codesets>NatureServe. 2007. International Ecological Classification Standard: Terrestrial Ecological Classifications. NatureServe Central Databases. Arlington, VA. U.S.A.</codesets></codesetd></attrdomv><attalias Sync="TRUE">ASSOC_ENG</attalias><attrtype Sync="TRUE">String</attrtype><attwidth Sync="TRUE">254</attwidth><atprecis Sync="TRUE">0</atprecis><attscale Sync="TRUE">0</attscale></attr><attr><attrlabl>WETLAND</attrlabl><attrdef>Field to indicate what USFWS System level is represented by the map class.</attrdef><attrdefs>Cowardin, L.M., V. Carter, F.C. Golet, and E.T. LaRoe. 1979. Classification of wetlands and deepwater habitats of the United States. U.S. Fish and Wildlife Service. FWS/OBS-79/31. 103 pp.</attrdefs><attrdomv><codesetd><codesetn>System</codesetn><codesets>Cowardin, L.M., V. Carter, F.C. Golet, and E.T. LaRoe.  1979.  Classification of wetlands and deepwater habitats of the United States.  U.S. Fish and Wildlife Service.  FWS/OBS-79/31.  103 pp.</codesets></codesetd></attrdomv><attalias Sync="TRUE">WETLAND</attalias><attrtype Sync="TRUE">String</attrtype><attwidth Sync="TRUE">254</attwidth><atprecis Sync="TRUE">0</atprecis><attscale Sync="TRUE">0</attscale></attr></detailed></eainfo><distinfo><distrib><cntinfo><cntorgp><cntorg>USGS/CSS/Core Science Analytics and Synthesis</cntorg><cntper>USGS-NPS Vegetation Characterization Program Coordinator</cntper></cntorgp><cntaddr><addrtype>mailing and physical address</addrtype><address>Denver Federal Center, Building 810, MS 302</address><city>Denver</city><state>Colorado</state><postal>80225</postal></cntaddr><cntvoice>(303) 202-4220</cntvoice><cntfax>303-202-4219</cntfax><cntemail>gs-b-npsveg@usgs.gov</cntemail></cntinfo></distrib><resdesc>Downloadable Data</resdesc><distliab>The U.S. Geological Survey and the National Park Service shall not be held liable for improper or incorrect use of the data described and/or contained herein.  These data and related graphics (if available) are not legal documents and are not intended to be used as such.

The information contained in these data is dynamic and may change over time.  The data are not better than the original sources from which they were derived.  It is the responsibility of the data user to use the data appropriately and consistent within the limitations of geospatial data in general and these data in particular.  Any related graphics (if available) are intended to aid the data user in acquiring relevant data; it is not approriate to use the related graphics as data.

The U.S. Geological Survey and the National Park Service gives no warranty, expressed or implied, as to the accuracy, reliability, or completeness of these data.  It is strongly recommended that these data are directly acquired from an U.S. Geological Survey and National Park Service servers and not indirectly through other sources which may have changed the data in some way.  Although these data have been processed successfully on a computer system at the U.S. Geological Survey, no warranty expressed or implied is made regarding the utility of the data on another system or for general or scientific purposes, nor shall the act of distribution constitute any such warranty. This disclaimer applies both to individual use of the data and aggregate use with other data. It is also strongly recommended that careful attention be paid to the contents of the metadata file associated with these data. Mention of trade names or commercial products in this metadata report does not constitute endorsement or recommendation for use by the U. S. Department of the Interior, U. S. Geological Survey and National Park Service.</distliab><stdorder><digform><digtinfo><formname>HTML</formname></digtinfo><digtopt><onlinopt><computer><networka><networkr>http://www.usgs.gov/core_science_systems/csas/vip/parks/pete.html</networkr></networka></computer><accinstr>Internet Access</accinstr></onlinopt></digtopt></digform><fees>None</fees></stdorder></distinfo><metainfo><metd>20080418</metd><metrd>20100604</metrd><metc><cntinfo><cntorgp><cntorg>USGS/CSS/Core Science Analytics and Synthesis</cntorg><cntper>USGS-NPS Vegetation Characterization Program Coordinator</cntper></cntorgp><cntaddr><addrtype>mailing and physical address</addrtype><address>Denver Federal Center, Building 810, MS 302</address><city>Denver</city><state>Colorado</state><postal>80225</postal></cntaddr><cntvoice>(303) 202-4220</cntvoice><cntfax>303-202-4219</cntfax><cntemail>gs-b-npsveg@usgs.gov</cntemail></cntinfo></metc><metstdn>FGDC Biological Data Profile of the Content Standard for Digital Geospatial Metadata</metstdn><metstdv>FGDC-STD-001.1-1999</metstdv><metextns><onlink>http://www.usgs.gov/core_science_systems/csas/metadata/index.html</onlink></metextns></metainfo><dataIdInfo><envirDesc Sync="TRUE">Microsoft Windows XP Version 5.1 (Build 2600) Service Pack 3; ESRI ArcGIS 10.0.4.4000</envirDesc><dataLang><languageCode value="en" Sync="TRUE"></languageCode><countryCode value="US" Sync="TRUE"></countryCode></dataLang><idCitation><resTitle Sync="TRUE">pete_veg_map_association_2002</resTitle><presForm><PresFormCd value="005" Sync="TRUE"></PresFormCd></presForm></idCitation><spatRpType><SpatRepTypCd value="001" Sync="TRUE"></SpatRepTypCd></spatRpType><dataExt><geoEle><GeoBndBox esriExtentType="search"><exTypeCode Sync="TRUE">1</exTypeCode><westBL Sync="TRUE">-77.648132</westBL><eastBL Sync="TRUE">-77.266686</eastBL><northBL Sync="TRUE">37.317733</northBL><southBL Sync="TRUE">37.132596</southBL></GeoBndBox></geoEle></dataExt></dataIdInfo><mdLang><languageCode value="en" Sync="TRUE"></languageCode><countryCode value="US" Sync="TRUE"></countryCode></mdLang><Esri><DataProperties><itemProps><itemName Sync="TRUE">pete_veg_map_association_2002</itemName><imsContentType Sync="TRUE">002</imsContentType><nativeExtBox><westBL Sync="TRUE">265316.968900</westBL><eastBL Sync="TRUE">298676.150900</eastBL><southBL Sync="TRUE">4112849.342400</southBL><northBL Sync="TRUE">4132541.116700</northBL><exTypeCode Sync="TRUE">1</exTypeCode></nativeExtBox><itemSize Sync="TRUE">0.217</itemSize><itemLocation><linkage Sync="TRUE">file://\\IGSKBTHBWSTSIN2\I\npsveg\archivedparks\pete\spatial\peteveg\pete_veg_map_association_2002.shp</linkage><protocol Sync="TRUE">Local Area Network</protocol></itemLocation></itemProps><coordRef><type Sync="TRUE">Projected</type><geogcsn Sync="TRUE">GCS_North_American_1983</geogcsn><csUnits Sync="TRUE">Linear Unit: Meter (1.000000)</csUnits><projcsn Sync="TRUE">NAD_1983_UTM_Zone_18N</projcsn><peXml Sync="TRUE">&lt;ProjectedCoordinateSystem xsi:type='typens:ProjectedCoordinateSystem' xmlns:xsi='http://www.w3.org/2001/XMLSchema-instance' xmlns:xs='http://www.w3.org/2001/XMLSchema' xmlns:typens='http://www.esri.com/schemas/ArcGIS/10.0'&gt;&lt;WKT&gt;PROJCS[&amp;quot;NAD_1983_UTM_Zone_18N&amp;quot;,GEOGCS[&amp;quot;GCS_North_American_1983&amp;quot;,DATUM[&amp;quot;D_North_American_1983&amp;quot;,SPHEROID[&amp;quot;GRS_1980&amp;quot;,6378137.0,298.257222101]],PRIMEM[&amp;quot;Greenwich&amp;quot;,0.0],UNIT[&amp;quot;Degree&amp;quot;,0.0174532925199433]],PROJECTION[&amp;quot;Transverse_Mercator&amp;quot;],PARAMETER[&amp;quot;False_Easting&amp;quot;,500000.0],PARAMETER[&amp;quot;False_Northing&amp;quot;,0.0],PARAMETER[&amp;quot;Central_Meridian&amp;quot;,-75.0],PARAMETER[&amp;quot;Scale_Factor&amp;quot;,0.9996],PARAMETER[&amp;quot;Latitude_Of_Origin&amp;quot;,0.0],UNIT[&amp;quot;Meter&amp;quot;,1.0],AUTHORITY[&amp;quot;EPSG&amp;quot;,26918]]&lt;/WKT&gt;&lt;XOrigin&gt;-5120900&lt;/XOrigin&gt;&lt;YOrigin&gt;-9998100&lt;/YOrigin&gt;&lt;XYScale&gt;450445547.3910538&lt;/XYScale&gt;&lt;ZOrigin&gt;-100000&lt;/ZOrigin&gt;&lt;ZScale&gt;10000&lt;/ZScale&gt;&lt;MOrigin&gt;-100000&lt;/MOrigin&gt;&lt;MScale&gt;10000&lt;/MScale&gt;&lt;XYTolerance&gt;0.001&lt;/XYTolerance&gt;&lt;ZTolerance&gt;0.001&lt;/ZTolerance&gt;&lt;MTolerance&gt;0.001&lt;/MTolerance&gt;&lt;HighPrecision&gt;true&lt;/HighPrecision&gt;&lt;WKID&gt;26918&lt;/WKID&gt;&lt;/ProjectedCoordinateSystem&gt;</peXml></coordRef></DataProperties><SyncDate>20130206</SyncDate><SyncTime>13020500</SyncTime><ModDate>20130206</ModDate><ModTime>13020500</ModTime></Esri><distInfo><distFormat><formatName Sync="TRUE">Shapefile</formatName></distFormat><distTranOps><transSize Sync="TRUE">0.217</transSize></distTranOps></distInfo><mdHrLv><ScopeCd value="005" Sync="TRUE"></ScopeCd></mdHrLv><mdHrLvName Sync="TRUE">dataset</mdHrLvName><refSysInfo><RefSystem><refSysID><identCode code="26918" Sync="TRUE" value="26918"></identCode><idCodeSpace Sync="TRUE">EPSG</idCodeSpace><idVersion Sync="TRUE">7.4.1</idVersion></refSysID></RefSystem></refSysInfo><spatRepInfo><VectSpatRep><geometObjs Name="pete_veg_map_association_2002"><geoObjTyp><GeoObjTypCd value="002" Sync="TRUE"></GeoObjTypCd></geoObjTyp><geoObjCnt Sync="TRUE">250</geoObjCnt></geometObjs><topLvl><TopoLevCd value="001" Sync="TRUE"></TopoLevCd></topLvl></VectSpatRep></spatRepInfo><mdDateSt Sync="TRUE">20130206</mdDateSt></metadata>
