{
"type": "FeatureCollection",
"crs": { "type": "name", "properties": { "name": "urn:ogc:def:crs:OGC:1.3:CRS84" } },
                                                                                
"features": [
{ "type": "Feature", "properties": { "Name": "Blackwater River (trib. to Roanoke)", "description": null, "timestamp": null, "begin": null, "end": null, "altitudeMode": "relativeToGround", "tessellate": -1, "extrude": 0, "visibility": -1, "drawOrder": null, "icon": null }, "geometry": { "type": "Point", "coordinates": [ -79.824274, 37.054703, 0.0 ] } },
{ "type": "Feature", "properties": { "Name": "Clinch River", "description": null, "timestamp": null, "begin": null, "end": null, "altitudeMode": "relativeToGround", "tessellate": -1, "extrude": 0, "visibility": -1, "drawOrder": null, "icon": null }, "geometry": { "type": "Point", "coordinates": [ -82.265593, 36.890555, 0.0 ] } },
{ "type": "Feature", "properties": { "Name": "Blackwater River (trib. to Nottoway)", "description": null, "timestamp": null, "begin": null, "end": null, "altitudeMode": "relativeToGround", "tessellate": -1, "extrude": 0, "visibility": -1, "drawOrder": null, "icon": null }, "geometry": { "type": "Point", "coordinates": [ -76.887616, 36.733337, 0.0 ] } },
{ "type": "Feature", "properties": { "Name": "Carter Run", "description": null, "timestamp": null, "begin": null, "end": null, "altitudeMode": "relativeToGround", "tessellate": -1, "extrude": 0, "visibility": -1, "drawOrder": null, "icon": null }, "geometry": { "type": "Point", "coordinates": [ -77.907079, 38.70892, 0.0 ] } },
{ "type": "Feature", "properties": { "Name": "Catawba Creek", "description": null, "timestamp": null, "begin": null, "end": null, "altitudeMode": "relativeToGround", "tessellate": -1, "extrude": 0, "visibility": -1, "drawOrder": null, "icon": null }, "geometry": { "type": "Point", "coordinates": [ -79.842179, 37.551366, 0.0 ] } },
{ "type": "Feature", "properties": { "Name": "Chickahominy River", "description": null, "timestamp": null, "begin": null, "end": null, "altitudeMode": "relativeToGround", "tessellate": -1, "extrude": 0, "visibility": -1, "drawOrder": null, "icon": null }, "geometry": { "type": "Point", "coordinates": [ -76.992237, 37.397183, 0.0 ] } },
{ "type": "Feature", "properties": { "Name": "Country Line Creek", "description": null, "timestamp": null, "begin": null, "end": null, "altitudeMode": "relativeToGround", "tessellate": -1, "extrude": 0, "visibility": -1, "drawOrder": null, "icon": null }, "geometry": { "type": "Point", "coordinates": [ -79.209117, 36.543716, 0.0 ] } },
{ "type": "Feature", "properties": { "Name": "Cowpasture River", "description": null, "timestamp": null, "begin": null, "end": null, "altitudeMode": "relativeToGround", "tessellate": -1, "extrude": 0, "visibility": -1, "drawOrder": null, "icon": null }, "geometry": { "type": "Point", "coordinates": [ -79.752838, 37.790197, 0.0 ] } },
{ "type": "Feature", "properties": { "Name": "Craig Creek", "description": null, "timestamp": null, "begin": null, "end": null, "altitudeMode": "relativeToGround", "tessellate": -1, "extrude": 0, "visibility": -1, "drawOrder": null, "icon": null }, "geometry": { "type": "Point", "coordinates": [ -79.965477, 37.605331, 0.0 ] } },
{ "type": "Feature", "properties": { "Name": "Hardware River", "description": null, "timestamp": null, "begin": null, "end": null, "altitudeMode": "relativeToGround", "tessellate": -1, "extrude": 0, "visibility": -1, "drawOrder": null, "icon": null }, "geometry": { "type": "Point", "coordinates": [ -78.456662, 37.818734, 0.0 ] } },
{ "type": "Feature", "properties": { "Name": "Banister River", "description": null, "timestamp": null, "begin": null, "end": null, "altitudeMode": "relativeToGround", "tessellate": -1, "extrude": 0, "visibility": -1, "drawOrder": null, "icon": null }, "geometry": { "type": "Point", "coordinates": [ -78.912721, 36.774372, 0.0 ] } },
{ "type": "Feature", "properties": { "Name": "Jackson River", "description": null, "timestamp": null, "begin": null, "end": null, "altitudeMode": "relativeToGround", "tessellate": -1, "extrude": 0, "visibility": -1, "drawOrder": null, "icon": null }, "geometry": { "type": "Point", "coordinates": [ -79.973328, 37.887194, 0.0 ] } },
{ "type": "Feature", "properties": { "Name": "Appomattox River", "description": null, "timestamp": null, "begin": null, "end": null, "altitudeMode": "relativeToGround", "tessellate": -1, "extrude": 0, "visibility": -1, "drawOrder": null, "icon": null }, "geometry": { "type": "Point", "coordinates": [ -77.972985, 37.35002, 0.0 ] } },
{ "type": "Feature", "properties": { "Name": "Levisa Fork", "description": null, "timestamp": null, "begin": null, "end": null, "altitudeMode": "relativeToGround", "tessellate": -1, "extrude": 0, "visibility": -1, "drawOrder": null, "icon": null }, "geometry": { "type": "Point", "coordinates": [ -82.135098, 37.29382, 0.0 ] } },
{ "type": "Feature", "properties": { "Name": "Mattaponi River", "description": null, "timestamp": null, "begin": null, "end": null, "altitudeMode": "relativeToGround", "tessellate": -1, "extrude": 0, "visibility": -1, "drawOrder": null, "icon": null }, "geometry": { "type": "Point", "coordinates": [ -77.169356, 37.846158, 0.0 ] } },
{ "type": "Feature", "properties": { "Name": "Maury River", "description": null, "timestamp": null, "begin": null, "end": null, "altitudeMode": "relativeToGround", "tessellate": -1, "extrude": 0, "visibility": -1, "drawOrder": null, "icon": null }, "geometry": { "type": "Point", "coordinates": [ -79.411014, 37.765998, 0.0 ] } },
{ "type": "Feature", "properties": { "Name": "Middle Fork Holston River", "description": null, "timestamp": null, "begin": null, "end": null, "altitudeMode": "relativeToGround", "tessellate": -1, "extrude": 0, "visibility": -1, "drawOrder": null, "icon": null }, "geometry": { "type": "Point", "coordinates": [ -81.793392, 36.733717, 0.0 ] } },
{ "type": "Feature", "properties": { "Name": "Middle River", "description": null, "timestamp": null, "begin": null, "end": null, "altitudeMode": "relativeToGround", "tessellate": -1, "extrude": 0, "visibility": -1, "drawOrder": null, "icon": null }, "geometry": { "type": "Point", "coordinates": [ -78.926528, 38.221874, 0.0 ] } },
{ "type": "Feature", "properties": { "Name": "North Fork Holston River", "description": null, "timestamp": null, "begin": null, "end": null, "altitudeMode": "relativeToGround", "tessellate": -1, "extrude": 0, "visibility": -1, "drawOrder": null, "icon": null }, "geometry": { "type": "Point", "coordinates": [ -82.010474, 36.797699, 0.0 ] } },
{ "type": "Feature", "properties": { "Name": "North Fork Roanoke River", "description": null, "timestamp": null, "begin": null, "end": null, "altitudeMode": "relativeToGround", "tessellate": -1, "extrude": 0, "visibility": -1, "drawOrder": null, "icon": null }, "geometry": { "type": "Point", "coordinates": [ -80.232382, 37.236674, 0.0 ] } },
{ "type": "Feature", "properties": { "Name": "North Fork Shenandoah River", "description": null, "timestamp": null, "begin": null, "end": null, "altitudeMode": "relativeToGround", "tessellate": -1, "extrude": 0, "visibility": -1, "drawOrder": null, "icon": null }, "geometry": { "type": "Point", "coordinates": [ -78.486634, 38.853985, 0.0 ] } },
{ "type": "Feature", "properties": { "Name": "North River", "description": null, "timestamp": null, "begin": null, "end": null, "altitudeMode": "relativeToGround", "tessellate": -1, "extrude": 0, "visibility": -1, "drawOrder": null, "icon": null }, "geometry": { "type": "Point", "coordinates": [ -78.619142, 37.558847, 0.0 ] } },
{ "type": "Feature", "properties": { "Name": "Accotink Creek", "description": null, "timestamp": null, "begin": null, "end": null, "altitudeMode": "relativeToGround", "tessellate": -1, "extrude": 0, "visibility": -1, "drawOrder": null, "icon": null }, "geometry": { "type": "Point", "coordinates": [ -77.214548, 38.776277, 0.0 ] } },
{ "type": "Feature", "properties": { "Name": "Occoquan Creek", "description": null, "timestamp": null, "begin": null, "end": null, "altitudeMode": "relativeToGround", "tessellate": -1, "extrude": 0, "visibility": -1, "drawOrder": null, "icon": null }, "geometry": { "type": "Point", "coordinates": [ -77.22954, 38.641446, 0.0 ] } },
{ "type": "Feature", "properties": { "Name": "Meherrin River", "description": null, "timestamp": null, "begin": null, "end": null, "altitudeMode": "relativeToGround", "tessellate": -1, "extrude": 0, "visibility": -1, "drawOrder": null, "icon": null }, "geometry": { "type": "Point", "coordinates": [ -77.807396, 36.720595, 0.0 ] } },
{ "type": "Feature", "properties": { "Name": "New River", "description": null, "timestamp": null, "begin": null, "end": null, "altitudeMode": "relativeToGround", "tessellate": -1, "extrude": 0, "visibility": -1, "drawOrder": null, "icon": null }, "geometry": { "type": "Point", "coordinates": [ -80.843934, 36.964926, 0.0 ] } },
{ "type": "Feature", "properties": { "Name": "North Anna River", "description": null, "timestamp": null, "begin": null, "end": null, "altitudeMode": "relativeToGround", "tessellate": -1, "extrude": 0, "visibility": -1, "drawOrder": null, "icon": null }, "geometry": { "type": "Point", "coordinates": [ -77.784851, 38.056516, 0.0 ] } },
{ "type": "Feature", "properties": { "Name": "Potomac River", "description": null, "timestamp": null, "begin": null, "end": null, "altitudeMode": "relativeToGround", "tessellate": -1, "extrude": 0, "visibility": -1, "drawOrder": null, "icon": null }, "geometry": { "type": "Point", "coordinates": [ -77.094512, 38.640642, 0.0 ] } },
{ "type": "Feature", "properties": { "Name": "Potts Creek", "description": null, "timestamp": null, "begin": null, "end": null, "altitudeMode": "relativeToGround", "tessellate": -1, "extrude": 0, "visibility": -1, "drawOrder": null, "icon": null }, "geometry": { "type": "Point", "coordinates": [ -80.026385, 37.744524, 0.0 ] } },
{ "type": "Feature", "properties": { "Name": "Powell River", "description": null, "timestamp": null, "begin": null, "end": null, "altitudeMode": "relativeToGround", "tessellate": -1, "extrude": 0, "visibility": -1, "drawOrder": null, "icon": null }, "geometry": { "type": "Point", "coordinates": [ -83.067807, 36.702444, 0.0 ] } },
{ "type": "Feature", "properties": { "Name": "Rapidan River", "description": null, "timestamp": null, "begin": null, "end": null, "altitudeMode": "relativeToGround", "tessellate": -1, "extrude": 0, "visibility": -1, "drawOrder": null, "icon": null }, "geometry": { "type": "Point", "coordinates": [ -77.772017, 38.374476, 0.0 ] } },
{ "type": "Feature", "properties": { "Name": "Rappahannock River", "description": null, "timestamp": null, "begin": null, "end": null, "altitudeMode": "relativeToGround", "tessellate": -1, "extrude": 0, "visibility": -1, "drawOrder": null, "icon": null }, "geometry": { "type": "Point", "coordinates": [ -77.180862, 38.144153, 0.0 ] } },
{ "type": "Feature", "properties": { "Name": "Seneca Creek", "description": null, "timestamp": null, "begin": null, "end": null, "altitudeMode": "relativeToGround", "tessellate": -1, "extrude": 0, "visibility": -1, "drawOrder": null, "icon": null }, "geometry": { "type": "Point", "coordinates": [ -79.123589, 37.098279, 0.0 ] } },
{ "type": "Feature", "properties": { "Name": "Shenandoah River", "description": null, "timestamp": null, "begin": null, "end": null, "altitudeMode": "relativeToGround", "tessellate": -1, "extrude": 0, "visibility": -1, "drawOrder": null, "icon": null }, "geometry": { "type": "Point", "coordinates": [ -78.025539, 39.037362, 0.0 ] } },
{ "type": "Feature", "properties": { "Name": "Slate River", "description": null, "timestamp": null, "begin": null, "end": null, "altitudeMode": "relativeToGround", "tessellate": -1, "extrude": 0, "visibility": -1, "drawOrder": null, "icon": null }, "geometry": { "type": "Point", "coordinates": [ -78.459592, 37.642811, 0.0 ] } },
{ "type": "Feature", "properties": { "Name": "South Fork Roanoke River", "description": null, "timestamp": null, "begin": null, "end": null, "altitudeMode": "relativeToGround", "tessellate": -1, "extrude": 0, "visibility": -1, "drawOrder": null, "icon": null }, "geometry": { "type": "Point", "coordinates": [ -80.213716, 37.225013, 0.0 ] } },
{ "type": "Feature", "properties": { "Name": "South Fork Shenandoah River", "description": null, "timestamp": null, "begin": null, "end": null, "altitudeMode": "relativeToGround", "tessellate": -1, "extrude": 0, "visibility": -1, "drawOrder": null, "icon": null }, "geometry": { "type": "Point", "coordinates": [ -78.49821, 38.643496, 0.0 ] } },
{ "type": "Feature", "properties": { "Name": "South River", "description": null, "timestamp": null, "begin": null, "end": null, "altitudeMode": "relativeToGround", "tessellate": -1, "extrude": 0, "visibility": -1, "drawOrder": null, "icon": null }, "geometry": { "type": "Point", "coordinates": [ -78.84676, 38.193003, 0.0 ] } },
{ "type": "Feature", "properties": { "Name": "Smith River", "description": null, "timestamp": null, "begin": null, "end": null, "altitudeMode": "relativeToGround", "tessellate": -1, "extrude": 0, "visibility": -1, "drawOrder": null, "icon": null }, "geometry": { "type": "Point", "coordinates": [ -79.901349, 36.683651, 0.0 ] } },
{ "type": "Feature", "properties": { "Name": "Pamunkey River", "description": null, "timestamp": null, "begin": null, "end": null, "altitudeMode": "relativeToGround", "tessellate": -1, "extrude": 0, "visibility": -1, "drawOrder": null, "icon": null }, "geometry": { "type": "Point", "coordinates": [ -76.992011, 37.587953, 0.0 ] } },
{ "type": "Feature", "properties": { "Name": "Pound River", "description": null, "timestamp": null, "begin": null, "end": null, "altitudeMode": "relativeToGround", "tessellate": -1, "extrude": 0, "visibility": -1, "drawOrder": null, "icon": null }, "geometry": { "type": "Point", "coordinates": [ -82.355402, 37.228611, 0.0 ] } },
{ "type": "Feature", "properties": { "Name": "Staunton Creek", "description": null, "timestamp": null, "begin": null, "end": null, "altitudeMode": "relativeToGround", "tessellate": -1, "extrude": 0, "visibility": -1, "drawOrder": null, "icon": null }, "geometry": { "type": "Point", "coordinates": [ -82.529584, 36.810542, 0.0 ] } },
{ "type": "Feature", "properties": { "Name": "Tinker Creek", "description": null, "timestamp": null, "begin": null, "end": null, "altitudeMode": "relativeToGround", "tessellate": -1, "extrude": 0, "visibility": -1, "drawOrder": null, "icon": null }, "geometry": { "type": "Point", "coordinates": [ -79.910808, 37.276264, 0.0 ] } },
{ "type": "Feature", "properties": { "Name": "Tye River", "description": null, "timestamp": null, "begin": null, "end": null, "altitudeMode": "relativeToGround", "tessellate": -1, "extrude": 0, "visibility": -1, "drawOrder": null, "icon": null }, "geometry": { "type": "Point", "coordinates": [ -78.977896, 37.72266, 0.0 ] } },
{ "type": "Feature", "properties": { "Name": "Willis River", "description": null, "timestamp": null, "begin": null, "end": null, "altitudeMode": "relativeToGround", "tessellate": -1, "extrude": 0, "visibility": -1, "drawOrder": null, "icon": null }, "geometry": { "type": "Point", "coordinates": [ -78.40116, 37.437668, 0.0 ] } },
{ "type": "Feature", "properties": { "Name": "North Fork Powell River", "description": null, "timestamp": null, "begin": null, "end": null, "altitudeMode": "relativeToGround", "tessellate": -1, "extrude": 0, "visibility": -1, "drawOrder": null, "icon": null }, "geometry": { "type": "Point", "coordinates": [ -83.023873, 36.76915, 0.0 ] } },
{ "type": "Feature", "properties": { "Name": "Deep Creek", "description": null, "timestamp": null, "begin": null, "end": null, "altitudeMode": "relativeToGround", "tessellate": -1, "extrude": 0, "visibility": -1, "drawOrder": null, "icon": null }, "geometry": { "type": "Point", "coordinates": [ -77.839258, 37.295726, 0.0 ] } },
{ "type": "Feature", "properties": { "Name": "James River", "description": null, "timestamp": null, "begin": null, "end": null, "altitudeMode": "relativeToGround", "tessellate": -1, "extrude": 0, "visibility": -1, "drawOrder": null, "icon": null }, "geometry": { "type": "Point", "coordinates": [ -78.2358, 37.500135, 0.0 ] } },
{ "type": "Feature", "properties": { "Name": "Roanoke (Staunton) River", "description": null, "timestamp": null, "begin": null, "end": null, "altitudeMode": "relativeToGround", "tessellate": -1, "extrude": 0, "visibility": -1, "drawOrder": null, "icon": null }, "geometry": { "type": "Point", "coordinates": [ -79.073888, 36.901901, 0.0 ] } },
{ "type": "Feature", "properties": { "Name": "South Fork Holston River", "description": null, "timestamp": null, "begin": null, "end": null, "altitudeMode": "relativeToGround", "tessellate": -1, "extrude": 0, "visibility": -1, "drawOrder": null, "icon": null }, "geometry": { "type": "Point", "coordinates": [ -81.837399, 36.669557, 0.0 ] } },
{ "type": "Feature", "properties": { "Name": "Dragon Run", "description": null, "timestamp": null, "begin": null, "end": null, "altitudeMode": "relativeToGround", "tessellate": -1, "extrude": 0, "visibility": -1, "drawOrder": null, "icon": null }, "geometry": { "type": "Point", "coordinates": [ -76.590618, 37.582317, 0.0 ] } },
{ "type": "Feature", "properties": { "Name": "Rivanna River", "description": null, "timestamp": null, "begin": null, "end": null, "altitudeMode": "relativeToGround", "tessellate": -1, "extrude": 0, "visibility": -1, "drawOrder": null, "icon": null }, "geometry": { "type": "Point", "coordinates": [ -78.342048, 37.973322, 0.0 ] } },
{ "type": "Feature", "properties": { "Name": "Russell Fork", "description": null, "timestamp": null, "begin": null, "end": null, "altitudeMode": "relativeToGround", "tessellate": -1, "extrude": 0, "visibility": -1, "drawOrder": null, "icon": null }, "geometry": { "type": "Point", "coordinates": [ -82.310531, 37.252003, 0.0 ] } },
{ "type": "Feature", "properties": { "Name": "Stony Creek (Scott Co.)", "description": null, "timestamp": null, "begin": null, "end": null, "altitudeMode": "relativeToGround", "tessellate": -1, "extrude": 0, "visibility": -1, "drawOrder": null, "icon": null }, "geometry": { "type": "Point", "coordinates": [ -82.58429, 36.781229, 0.0 ] } },
{ "type": "Feature", "properties": { "Name": "Dan River", "description": null, "timestamp": null, "begin": null, "end": null, "altitudeMode": "relativeToGround", "tessellate": -1, "extrude": 0, "visibility": -1, "drawOrder": null, "icon": null }, "geometry": { "type": "Point", "coordinates": [ -80.000217, 36.646177, 0.0 ] } },
{ "type": "Feature", "properties": { "Name": "South Anna River", "description": null, "timestamp": null, "begin": null, "end": null, "altitudeMode": "relativeToGround", "tessellate": -1, "extrude": 0, "visibility": -1, "drawOrder": null, "icon": null }, "geometry": { "type": "Point", "coordinates": [ -77.815169, 37.85747, 0.0 ] } },
{ "type": "Feature", "properties": { "Name": "Tuckahoe Creek", "description": null, "timestamp": null, "begin": null, "end": null, "altitudeMode": "relativeToGround", "tessellate": -1, "extrude": 0, "visibility": -1, "drawOrder": null, "icon": null }, "geometry": { "type": "Point", "coordinates": [ -77.636966, 37.60763, 0.0 ] } },
{ "type": "Feature", "properties": { "Name": "Buffalo Creek", "description": null, "timestamp": null, "begin": null, "end": null, "altitudeMode": "relativeToGround", "tessellate": -1, "extrude": 0, "visibility": -1, "drawOrder": null, "icon": null }, "geometry": { "type": "Point", "coordinates": [ -78.445763, 37.293016, 0.0 ] } },
{ "type": "Feature", "properties": { "Name": "Nottoway River", "description": null, "timestamp": null, "begin": null, "end": null, "altitudeMode": "relativeToGround", "tessellate": -1, "extrude": 0, "visibility": -1, "drawOrder": null, "icon": null }, "geometry": { "type": "Point", "coordinates": [ -77.089471, 36.729501, 0.0 ] } },
{ "type": "Feature", "properties": { "Name": "Hazel River", "description": null, "timestamp": null, "begin": null, "end": null, "altitudeMode": "relativeToGround", "tessellate": -1, "extrude": 0, "visibility": -1, "drawOrder": null, "icon": null }, "geometry": { "type": "Point", "coordinates": [ -77.96834, 38.583439, 0.0 ] } },
{ "type": "Feature", "properties": { "Name": "Rockfish River", "description": null, "timestamp": null, "begin": null, "end": null, "altitudeMode": "relativeToGround", "tessellate": -1, "extrude": 0, "visibility": -1, "drawOrder": null, "icon": null }, "geometry": { "type": "Point", "coordinates": [ -78.728649, 37.788395, 0.0 ] } }
]
}
