<metadata xml:lang="en"><Esri><MetaID>{77F25628-823E-4D16-BBBE-D4FE904730B6}</MetaID><CreaDate>20110421</CreaDate><CreaTime>17281600</CreaTime><SyncOnce>FALSE</SyncOnce><DataProperties><lineage><Process ToolSource="C:\Program Files\ArcGIS\ArcToolbox\Toolboxes\Data Management Tools.tbx\DeleteFeatures" Date="20110421" Time="172816">DeleteFeatures "Database Connections\MURLOC_DIRECT.sde\VectorGIS_prd.DBO.Transportation\VectorGIS_prd.DBO.Intersection" "Database Connections\MURLOC_DIRECT.sde\VectorGIS_prd.DBO.Transportation\VectorGIS_prd.DBO.Intersection"</Process><Process ToolSource="C:\Program Files\ArcGIS\ArcToolbox\Toolboxes\Data Management Tools.tbx\Append" Date="20110421" Time="173347">Append D:\Shared\GIS\TransportationBackup\Backup.gdb\Transportation\Intersection "Database Connections\MURLOC_DIRECT.sde\VectorGIS_prd.DBO.Transportation\VectorGIS_prd.DBO.Intersection" TEST # # "Database Connections\MURLOC_DIRECT.sde\VectorGIS_prd.DBO.Transportation\VectorGIS_prd.DBO.Intersection"</Process><Process Name="Export to GDB - Intersection" ToolSource="C:\Program Files (x86)\ArcGIS\ArcToolbox\Toolboxes\Conversion Tools.tbx\FeatureClassToFeatureClass" Date="20120201" Time="113750">FeatureClassToFeatureClass "\\tempest\Shared\GIS\Admin\Data Download\Toolset\Murloc - Read.sde\VectorGIS_prd.DBO.Transportation\VectorGIS_prd.DBO.Intersection" C:\TEMP\GIS_DataDownload_Staging_Transportation\GDB\Transportation.gdb Intersection # "Int_ID 'Intersection ID' true true false 12 Text 0 0 ,First,#,\\tempest\Shared\GIS\Admin\Data Download\Toolset\Murloc - Read.sde\VectorGIS_prd.DBO.Transportation\VectorGIS_prd.DBO.Intersection,Int_ID,-1,-1;IntSt_ID_1 'Intersecting Street ID 1' true true false 9 Text 0 0 ,First,#,\\tempest\Shared\GIS\Admin\Data Download\Toolset\Murloc - Read.sde\VectorGIS_prd.DBO.Transportation\VectorGIS_prd.DBO.Intersection,IntSt_ID_1,-1,-1;IntSt_Name_1 'Intersecting Street 1' true true false 50 Text 0 0 ,First,#,\\tempest\Shared\GIS\Admin\Data Download\Toolset\Murloc - Read.sde\VectorGIS_prd.DBO.Transportation\VectorGIS_prd.DBO.Intersection,IntSt_Name_1,-1,-1;IntSt_ID_2 'Intersecting Street ID 2' true true false 9 Text 0 0 ,First,#,\\tempest\Shared\GIS\Admin\Data Download\Toolset\Murloc - Read.sde\VectorGIS_prd.DBO.Transportation\VectorGIS_prd.DBO.Intersection,IntSt_ID_2,-1,-1;IntSt_Name_2 'Intersecting Street 2' true true false 50 Text 0 0 ,First,#,\\tempest\Shared\GIS\Admin\Data Download\Toolset\Murloc - Read.sde\VectorGIS_prd.DBO.Transportation\VectorGIS_prd.DBO.Intersection,IntSt_Name_2,-1,-1;IntSt_ID_3 'Intersecting Street ID 3' true true false 9 Text 0 0 ,First,#,\\tempest\Shared\GIS\Admin\Data Download\Toolset\Murloc - Read.sde\VectorGIS_prd.DBO.Transportation\VectorGIS_prd.DBO.Intersection,IntSt_ID_3,-1,-1;IntSt_Name_3 'Intersecting Street 3' true true false 50 Text 0 0 ,First,#,\\tempest\Shared\GIS\Admin\Data Download\Toolset\Murloc - Read.sde\VectorGIS_prd.DBO.Transportation\VectorGIS_prd.DBO.Intersection,IntSt_Name_3,-1,-1;IntSt_ID_4 'Intersecting Street ID 4' true true false 9 Text 0 0 ,First,#,\\tempest\Shared\GIS\Admin\Data Download\Toolset\Murloc - Read.sde\VectorGIS_prd.DBO.Transportation\VectorGIS_prd.DBO.Intersection,IntSt_ID_4,-1,-1;IntSt_Name_4 'Intersecting Street 4' true true false 50 Text 0 0 ,First,#,\\tempest\Shared\GIS\Admin\Data Download\Toolset\Murloc - Read.sde\VectorGIS_prd.DBO.Transportation\VectorGIS_prd.DBO.Intersection,IntSt_Name_4,-1,-1;IntSt_ID_5 'Intersecting Street ID 5' true true false 9 Text 0 0 ,First,#,\\tempest\Shared\GIS\Admin\Data Download\Toolset\Murloc - Read.sde\VectorGIS_prd.DBO.Transportation\VectorGIS_prd.DBO.Intersection,IntSt_ID_5,-1,-1;IntSt_Name_5 'Intersecting Street 5' true true false 50 Text 0 0 ,First,#,\\tempest\Shared\GIS\Admin\Data Download\Toolset\Murloc - Read.sde\VectorGIS_prd.DBO.Transportation\VectorGIS_prd.DBO.Intersection,IntSt_Name_5,-1,-1;IntSt_ID_6 'Intersecting Street ID 6' true true false 9 Text 0 0 ,First,#,\\tempest\Shared\GIS\Admin\Data Download\Toolset\Murloc - Read.sde\VectorGIS_prd.DBO.Transportation\VectorGIS_prd.DBO.Intersection,IntSt_ID_6,-1,-1;IntSt_Name_6 'Intersecting Street 6' true true false 50 Text 0 0 ,First,#,\\tempest\Shared\GIS\Admin\Data Download\Toolset\Murloc - Read.sde\VectorGIS_prd.DBO.Transportation\VectorGIS_prd.DBO.Intersection,IntSt_Name_6,-1,-1" # C:\TEMP\GIS_DataDownload_Staging_Transportation\GDB\Transportation.gdb\Intersection</Process><Process Name="Delete Rows" ToolSource="C:\Program Files (x86)\ArcGIS\Desktop10.0\ArcToolbox\Toolboxes\Data Management Tools.tbx\DeleteRows" Date="20120328" Time="123219">DeleteRows "\\tempest\shared\GIS\Tools\Data Download\Staging\TransportationGDB\Transportation.gdb\Intersection"</Process><Process Name="Intersection Append" ToolSource="C:\Program Files (x86)\ArcGIS\Desktop10.0\ArcToolbox\Toolboxes\Data Management Tools.tbx\Append" Date="20120328" Time="142057">Append '\\tempest\shared\GIS\Tools\Sawyer Read.sde\VectorGIS_prd.DBO.Transportation\VectorGIS_prd.DBO.Intersection' "\\tempest\shared\GIS\Tools\Data Download\Staging\TransportationGDB\Transportation.gdb\Intersection" NO_TEST "Int_ID "Intersection ID" true true false 12 Text 0 0 ,First,#,\\tempest\shared\GIS\Tools\Sawyer Read.sde\VectorGIS_prd.DBO.Transportation\VectorGIS_prd.DBO.Intersection,Int_ID,-1,-1;IntSt_ID_1 "Intersecting Street ID 1" true true false 9 Text 0 0 ,First,#,\\tempest\shared\GIS\Tools\Sawyer Read.sde\VectorGIS_prd.DBO.Transportation\VectorGIS_prd.DBO.Intersection,IntSt_ID_1,-1,-1;IntSt_Name_1 "Intersecting Street 1" true true false 50 Text 0 0 ,First,#,\\tempest\shared\GIS\Tools\Sawyer Read.sde\VectorGIS_prd.DBO.Transportation\VectorGIS_prd.DBO.Intersection,IntSt_Name_1,-1,-1;IntSt_ID_2 "Intersecting Street ID 2" true true false 9 Text 0 0 ,First,#,\\tempest\shared\GIS\Tools\Sawyer Read.sde\VectorGIS_prd.DBO.Transportation\VectorGIS_prd.DBO.Intersection,IntSt_ID_2,-1,-1;IntSt_Name_2 "Intersecting Street 2" true true false 50 Text 0 0 ,First,#,\\tempest\shared\GIS\Tools\Sawyer Read.sde\VectorGIS_prd.DBO.Transportation\VectorGIS_prd.DBO.Intersection,IntSt_Name_2,-1,-1;IntSt_ID_3 "Intersecting Street ID 3" true true false 9 Text 0 0 ,First,#,\\tempest\shared\GIS\Tools\Sawyer Read.sde\VectorGIS_prd.DBO.Transportation\VectorGIS_prd.DBO.Intersection,IntSt_ID_3,-1,-1;IntSt_Name_3 "Intersecting Street 3" true true false 50 Text 0 0 ,First,#,\\tempest\shared\GIS\Tools\Sawyer Read.sde\VectorGIS_prd.DBO.Transportation\VectorGIS_prd.DBO.Intersection,IntSt_Name_3,-1,-1;IntSt_ID_4 "Intersecting Street ID 4" true true false 9 Text 0 0 ,First,#,\\tempest\shared\GIS\Tools\Sawyer Read.sde\VectorGIS_prd.DBO.Transportation\VectorGIS_prd.DBO.Intersection,IntSt_ID_4,-1,-1;IntSt_Name_4 "Intersecting Street 4" true true false 50 Text 0 0 ,First,#,\\tempest\shared\GIS\Tools\Sawyer Read.sde\VectorGIS_prd.DBO.Transportation\VectorGIS_prd.DBO.Intersection,IntSt_Name_4,-1,-1;IntSt_ID_5 "Intersecting Street ID 5" true true false 9 Text 0 0 ,First,#,\\tempest\shared\GIS\Tools\Sawyer Read.sde\VectorGIS_prd.DBO.Transportation\VectorGIS_prd.DBO.Intersection,IntSt_ID_5,-1,-1;IntSt_Name_5 "Intersecting Street 5" true true false 50 Text 0 0 ,First,#,\\tempest\shared\GIS\Tools\Sawyer Read.sde\VectorGIS_prd.DBO.Transportation\VectorGIS_prd.DBO.Intersection,IntSt_Name_5,-1,-1;IntSt_ID_6 "Intersecting Street ID 6" true true false 9 Text 0 0 ,First,#,\\tempest\shared\GIS\Tools\Sawyer Read.sde\VectorGIS_prd.DBO.Transportation\VectorGIS_prd.DBO.Intersection,IntSt_ID_6,-1,-1;IntSt_Name_6 "Intersecting Street 6" true true false 50 Text 0 0 ,First,#,\\tempest\shared\GIS\Tools\Sawyer Read.sde\VectorGIS_prd.DBO.Transportation\VectorGIS_prd.DBO.Intersection,IntSt_Name_6,-1,-1" #</Process><Process Name="Delete Rows (2)" ToolSource="C:\Program Files (x86)\ArcGIS\Desktop10.0\ArcToolbox\Toolboxes\Data Management Tools.tbx\DeleteRows" Date="20120328" Time="142403">DeleteRows "\\tempest\shared\GIS\Tools\Data Download\Staging\TransportationGDB\Transportation.gdb\Intersection"</Process><Process Name="Intersection Append" ToolSource="C:\Program Files (x86)\ArcGIS\Desktop10.0\ArcToolbox\Toolboxes\Data Management Tools.tbx\Append" Date="20120406" Time="135407">Append '\\tempest\shared\GIS\Tools\Sawyer Read.sde\VectorGIS_prd.DBO.Transportation\VectorGIS_prd.DBO.Intersection' "\\tempest\shared\GIS\Tools\Data Download\Staging\TransportationGDB\Transportation.gdb\Intersection" NO_TEST "Int_ID "Intersection ID" true true false 12 Text 0 0 ,First,#,\\tempest\shared\GIS\Tools\Sawyer Read.sde\VectorGIS_prd.DBO.Transportation\VectorGIS_prd.DBO.Intersection,Int_ID,-1,-1;IntSt_ID_1 "Intersecting Street ID 1" true true false 9 Text 0 0 ,First,#,\\tempest\shared\GIS\Tools\Sawyer Read.sde\VectorGIS_prd.DBO.Transportation\VectorGIS_prd.DBO.Intersection,IntSt_ID_1,-1,-1;IntSt_Name_1 "Intersecting Street 1" true true false 50 Text 0 0 ,First,#,\\tempest\shared\GIS\Tools\Sawyer Read.sde\VectorGIS_prd.DBO.Transportation\VectorGIS_prd.DBO.Intersection,IntSt_Name_1,-1,-1;IntSt_ID_2 "Intersecting Street ID 2" true true false 9 Text 0 0 ,First,#,\\tempest\shared\GIS\Tools\Sawyer Read.sde\VectorGIS_prd.DBO.Transportation\VectorGIS_prd.DBO.Intersection,IntSt_ID_2,-1,-1;IntSt_Name_2 "Intersecting Street 2" true true false 50 Text 0 0 ,First,#,\\tempest\shared\GIS\Tools\Sawyer Read.sde\VectorGIS_prd.DBO.Transportation\VectorGIS_prd.DBO.Intersection,IntSt_Name_2,-1,-1;IntSt_ID_3 "Intersecting Street ID 3" true true false 9 Text 0 0 ,First,#,\\tempest\shared\GIS\Tools\Sawyer Read.sde\VectorGIS_prd.DBO.Transportation\VectorGIS_prd.DBO.Intersection,IntSt_ID_3,-1,-1;IntSt_Name_3 "Intersecting Street 3" true true false 50 Text 0 0 ,First,#,\\tempest\shared\GIS\Tools\Sawyer Read.sde\VectorGIS_prd.DBO.Transportation\VectorGIS_prd.DBO.Intersection,IntSt_Name_3,-1,-1;IntSt_ID_4 "Intersecting Street ID 4" true true false 9 Text 0 0 ,First,#,\\tempest\shared\GIS\Tools\Sawyer Read.sde\VectorGIS_prd.DBO.Transportation\VectorGIS_prd.DBO.Intersection,IntSt_ID_4,-1,-1;IntSt_Name_4 "Intersecting Street 4" true true false 50 Text 0 0 ,First,#,\\tempest\shared\GIS\Tools\Sawyer Read.sde\VectorGIS_prd.DBO.Transportation\VectorGIS_prd.DBO.Intersection,IntSt_Name_4,-1,-1;IntSt_ID_5 "Intersecting Street ID 5" true true false 9 Text 0 0 ,First,#,\\tempest\shared\GIS\Tools\Sawyer Read.sde\VectorGIS_prd.DBO.Transportation\VectorGIS_prd.DBO.Intersection,IntSt_ID_5,-1,-1;IntSt_Name_5 "Intersecting Street 5" true true false 50 Text 0 0 ,First,#,\\tempest\shared\GIS\Tools\Sawyer Read.sde\VectorGIS_prd.DBO.Transportation\VectorGIS_prd.DBO.Intersection,IntSt_Name_5,-1,-1;IntSt_ID_6 "Intersecting Street ID 6" true true false 9 Text 0 0 ,First,#,\\tempest\shared\GIS\Tools\Sawyer Read.sde\VectorGIS_prd.DBO.Transportation\VectorGIS_prd.DBO.Intersection,IntSt_ID_6,-1,-1;IntSt_Name_6 "Intersecting Street 6" true true false 50 Text 0 0 ,First,#,\\tempest\shared\GIS\Tools\Sawyer Read.sde\VectorGIS_prd.DBO.Transportation\VectorGIS_prd.DBO.Intersection,IntSt_Name_6,-1,-1" #</Process><Process Name="Delete Rows (2)" ToolSource="C:\Program Files (x86)\ArcGIS\Desktop10.0\ArcToolbox\Toolboxes\Data Management Tools.tbx\DeleteRows" Date="20120406" Time="135705">DeleteRows "\\tempest\shared\GIS\Tools\Data Download\Staging\TransportationGDB\Transportation.gdb\Intersection"</Process><Process Name="Intersection Append" ToolSource="C:\Program Files (x86)\ArcGIS\Desktop10.0\ArcToolbox\Toolboxes\Data Management Tools.tbx\Append" Date="20120917" Time="145901">Append '\\tempest\shared\GIS\Data\Sharing\Data Download Portal\Sawyer Read.sde\VectorGIS_prd.DBO.Transportation\VectorGIS_prd.DBO.Intersection' "\\tempest\shared\GIS\Data\Sharing\Data Download Portal\Staging\TransportationGDB\Transportation.gdb\Intersection" NO_TEST "Int_ID "Intersection ID" true true false 12 Text 0 0 ,First,#,\\tempest\shared\GIS\Data\Sharing\Data Download Portal\Sawyer Read.sde\VectorGIS_prd.DBO.Transportation\VectorGIS_prd.DBO.Intersection,Int_ID,-1,-1;IntSt_ID_1 "Intersecting Street ID 1" true true false 9 Text 0 0 ,First,#,\\tempest\shared\GIS\Data\Sharing\Data Download Portal\Sawyer Read.sde\VectorGIS_prd.DBO.Transportation\VectorGIS_prd.DBO.Intersection,IntSt_ID_1,-1,-1;IntSt_Name_1 "Intersecting Street 1" true true false 50 Text 0 0 ,First,#,\\tempest\shared\GIS\Data\Sharing\Data Download Portal\Sawyer Read.sde\VectorGIS_prd.DBO.Transportation\VectorGIS_prd.DBO.Intersection,IntSt_Name_1,-1,-1;IntSt_ID_2 "Intersecting Street ID 2" true true false 9 Text 0 0 ,First,#,\\tempest\shared\GIS\Data\Sharing\Data Download Portal\Sawyer Read.sde\VectorGIS_prd.DBO.Transportation\VectorGIS_prd.DBO.Intersection,IntSt_ID_2,-1,-1;IntSt_Name_2 "Intersecting Street 2" true true false 50 Text 0 0 ,First,#,\\tempest\shared\GIS\Data\Sharing\Data Download Portal\Sawyer Read.sde\VectorGIS_prd.DBO.Transportation\VectorGIS_prd.DBO.Intersection,IntSt_Name_2,-1,-1;IntSt_ID_3 "Intersecting Street ID 3" true true false 9 Text 0 0 ,First,#,\\tempest\shared\GIS\Data\Sharing\Data Download Portal\Sawyer Read.sde\VectorGIS_prd.DBO.Transportation\VectorGIS_prd.DBO.Intersection,IntSt_ID_3,-1,-1;IntSt_Name_3 "Intersecting Street 3" true true false 50 Text 0 0 ,First,#,\\tempest\shared\GIS\Data\Sharing\Data Download Portal\Sawyer Read.sde\VectorGIS_prd.DBO.Transportation\VectorGIS_prd.DBO.Intersection,IntSt_Name_3,-1,-1;IntSt_ID_4 "Intersecting Street ID 4" true true false 9 Text 0 0 ,First,#,\\tempest\shared\GIS\Data\Sharing\Data Download Portal\Sawyer Read.sde\VectorGIS_prd.DBO.Transportation\VectorGIS_prd.DBO.Intersection,IntSt_ID_4,-1,-1;IntSt_Name_4 "Intersecting Street 4" true true false 50 Text 0 0 ,First,#,\\tempest\shared\GIS\Data\Sharing\Data Download Portal\Sawyer Read.sde\VectorGIS_prd.DBO.Transportation\VectorGIS_prd.DBO.Intersection,IntSt_Name_4,-1,-1;IntSt_ID_5 "Intersecting Street ID 5" true true false 9 Text 0 0 ,First,#,\\tempest\shared\GIS\Data\Sharing\Data Download Portal\Sawyer Read.sde\VectorGIS_prd.DBO.Transportation\VectorGIS_prd.DBO.Intersection,IntSt_ID_5,-1,-1;IntSt_Name_5 "Intersecting Street 5" true true false 50 Text 0 0 ,First,#,\\tempest\shared\GIS\Data\Sharing\Data Download Portal\Sawyer Read.sde\VectorGIS_prd.DBO.Transportation\VectorGIS_prd.DBO.Intersection,IntSt_Name_5,-1,-1;IntSt_ID_6 "Intersecting Street ID 6" true true false 9 Text 0 0 ,First,#,\\tempest\shared\GIS\Data\Sharing\Data Download Portal\Sawyer Read.sde\VectorGIS_prd.DBO.Transportation\VectorGIS_prd.DBO.Intersection,IntSt_ID_6,-1,-1;IntSt_Name_6 "Intersecting Street 6" true true false 50 Text 0 0 ,First,#,\\tempest\shared\GIS\Data\Sharing\Data Download Portal\Sawyer Read.sde\VectorGIS_prd.DBO.Transportation\VectorGIS_prd.DBO.Intersection,IntSt_Name_6,-1,-1" #</Process><Process Name="Delete Rows (2)" ToolSource="C:\Program Files (x86)\ArcGIS\Desktop10.0\ArcToolbox\Toolboxes\Data Management Tools.tbx\DeleteRows" Date="20120917" Time="150053">DeleteRows "\\tempest\shared\GIS\Data\Sharing\Data Download Portal\Staging\TransportationGDB\Transportation.gdb\Intersection"</Process><Process Name="Intersection Append" ToolSource="C:\Program Files (x86)\ArcGIS\Desktop10.0\ArcToolbox\Toolboxes\Data Management Tools.tbx\Append" Date="20120917" Time="150528">Append '\\tempest\shared\GIS\Data\Sharing\Data Download Portal\Sawyer Read.sde\VectorGIS_prd.DBO.Transportation\VectorGIS_prd.DBO.Intersection' "\\tempest\shared\GIS\Data\Sharing\Data Download Portal\Staging\TransportationGDB\Transportation.gdb\Intersection" NO_TEST "Int_ID "Intersection ID" true true false 12 Text 0 0 ,First,#,\\tempest\shared\GIS\Data\Sharing\Data Download Portal\Sawyer Read.sde\VectorGIS_prd.DBO.Transportation\VectorGIS_prd.DBO.Intersection,Int_ID,-1,-1;IntSt_ID_1 "Intersecting Street ID 1" true true false 9 Text 0 0 ,First,#,\\tempest\shared\GIS\Data\Sharing\Data Download Portal\Sawyer Read.sde\VectorGIS_prd.DBO.Transportation\VectorGIS_prd.DBO.Intersection,IntSt_ID_1,-1,-1;IntSt_Name_1 "Intersecting Street 1" true true false 50 Text 0 0 ,First,#,\\tempest\shared\GIS\Data\Sharing\Data Download Portal\Sawyer Read.sde\VectorGIS_prd.DBO.Transportation\VectorGIS_prd.DBO.Intersection,IntSt_Name_1,-1,-1;IntSt_ID_2 "Intersecting Street ID 2" true true false 9 Text 0 0 ,First,#,\\tempest\shared\GIS\Data\Sharing\Data Download Portal\Sawyer Read.sde\VectorGIS_prd.DBO.Transportation\VectorGIS_prd.DBO.Intersection,IntSt_ID_2,-1,-1;IntSt_Name_2 "Intersecting Street 2" true true false 50 Text 0 0 ,First,#,\\tempest\shared\GIS\Data\Sharing\Data Download Portal\Sawyer Read.sde\VectorGIS_prd.DBO.Transportation\VectorGIS_prd.DBO.Intersection,IntSt_Name_2,-1,-1;IntSt_ID_3 "Intersecting Street ID 3" true true false 9 Text 0 0 ,First,#,\\tempest\shared\GIS\Data\Sharing\Data Download Portal\Sawyer Read.sde\VectorGIS_prd.DBO.Transportation\VectorGIS_prd.DBO.Intersection,IntSt_ID_3,-1,-1;IntSt_Name_3 "Intersecting Street 3" true true false 50 Text 0 0 ,First,#,\\tempest\shared\GIS\Data\Sharing\Data Download Portal\Sawyer Read.sde\VectorGIS_prd.DBO.Transportation\VectorGIS_prd.DBO.Intersection,IntSt_Name_3,-1,-1;IntSt_ID_4 "Intersecting Street ID 4" true true false 9 Text 0 0 ,First,#,\\tempest\shared\GIS\Data\Sharing\Data Download Portal\Sawyer Read.sde\VectorGIS_prd.DBO.Transportation\VectorGIS_prd.DBO.Intersection,IntSt_ID_4,-1,-1;IntSt_Name_4 "Intersecting Street 4" true true false 50 Text 0 0 ,First,#,\\tempest\shared\GIS\Data\Sharing\Data Download Portal\Sawyer Read.sde\VectorGIS_prd.DBO.Transportation\VectorGIS_prd.DBO.Intersection,IntSt_Name_4,-1,-1;IntSt_ID_5 "Intersecting Street ID 5" true true false 9 Text 0 0 ,First,#,\\tempest\shared\GIS\Data\Sharing\Data Download Portal\Sawyer Read.sde\VectorGIS_prd.DBO.Transportation\VectorGIS_prd.DBO.Intersection,IntSt_ID_5,-1,-1;IntSt_Name_5 "Intersecting Street 5" true true false 50 Text 0 0 ,First,#,\\tempest\shared\GIS\Data\Sharing\Data Download Portal\Sawyer Read.sde\VectorGIS_prd.DBO.Transportation\VectorGIS_prd.DBO.Intersection,IntSt_Name_5,-1,-1;IntSt_ID_6 "Intersecting Street ID 6" true true false 9 Text 0 0 ,First,#,\\tempest\shared\GIS\Data\Sharing\Data Download Portal\Sawyer Read.sde\VectorGIS_prd.DBO.Transportation\VectorGIS_prd.DBO.Intersection,IntSt_ID_6,-1,-1;IntSt_Name_6 "Intersecting Street 6" true true false 50 Text 0 0 ,First,#,\\tempest\shared\GIS\Data\Sharing\Data Download Portal\Sawyer Read.sde\VectorGIS_prd.DBO.Transportation\VectorGIS_prd.DBO.Intersection,IntSt_Name_6,-1,-1" #</Process><Process Name="Delete Rows (2)" ToolSource="C:\Program Files (x86)\ArcGIS\Desktop10.0\ArcToolbox\Toolboxes\Data Management Tools.tbx\DeleteRows" Date="20120917" Time="150718">DeleteRows "\\tempest\shared\GIS\Data\Sharing\Data Download Portal\Staging\TransportationGDB\Transportation.gdb\Intersection"</Process><Process Name="Intersection Append" ToolSource="C:\Program Files (x86)\ArcGIS\Desktop10.0\ArcToolbox\Toolboxes\Data Management Tools.tbx\Append" Date="20121130" Time="163236">Append '\\tempest\shared\GIS\Data\Sharing\Data Download Portal\Sawyer Read.sde\VectorGIS_prd.DBO.Transportation\VectorGIS_prd.DBO.Intersection' "\\tempest\shared\GIS\Data\Sharing\Data Download Portal\Staging\TransportationGDB\Transportation.gdb\Intersection" NO_TEST "Int_ID "Intersection ID" true true false 12 Text 0 0 ,First,#,\\tempest\shared\GIS\Data\Sharing\Data Download Portal\Sawyer Read.sde\VectorGIS_prd.DBO.Transportation\VectorGIS_prd.DBO.Intersection,Int_ID,-1,-1;IntSt_ID_1 "Intersecting Street ID 1" true true false 9 Text 0 0 ,First,#,\\tempest\shared\GIS\Data\Sharing\Data Download Portal\Sawyer Read.sde\VectorGIS_prd.DBO.Transportation\VectorGIS_prd.DBO.Intersection,IntSt_ID_1,-1,-1;IntSt_Name_1 "Intersecting Street 1" true true false 50 Text 0 0 ,First,#,\\tempest\shared\GIS\Data\Sharing\Data Download Portal\Sawyer Read.sde\VectorGIS_prd.DBO.Transportation\VectorGIS_prd.DBO.Intersection,IntSt_Name_1,-1,-1;IntSt_ID_2 "Intersecting Street ID 2" true true false 9 Text 0 0 ,First,#,\\tempest\shared\GIS\Data\Sharing\Data Download Portal\Sawyer Read.sde\VectorGIS_prd.DBO.Transportation\VectorGIS_prd.DBO.Intersection,IntSt_ID_2,-1,-1;IntSt_Name_2 "Intersecting Street 2" true true false 50 Text 0 0 ,First,#,\\tempest\shared\GIS\Data\Sharing\Data Download Portal\Sawyer Read.sde\VectorGIS_prd.DBO.Transportation\VectorGIS_prd.DBO.Intersection,IntSt_Name_2,-1,-1;IntSt_ID_3 "Intersecting Street ID 3" true true false 9 Text 0 0 ,First,#,\\tempest\shared\GIS\Data\Sharing\Data Download Portal\Sawyer Read.sde\VectorGIS_prd.DBO.Transportation\VectorGIS_prd.DBO.Intersection,IntSt_ID_3,-1,-1;IntSt_Name_3 "Intersecting Street 3" true true false 50 Text 0 0 ,First,#,\\tempest\shared\GIS\Data\Sharing\Data Download Portal\Sawyer Read.sde\VectorGIS_prd.DBO.Transportation\VectorGIS_prd.DBO.Intersection,IntSt_Name_3,-1,-1;IntSt_ID_4 "Intersecting Street ID 4" true true false 9 Text 0 0 ,First,#,\\tempest\shared\GIS\Data\Sharing\Data Download Portal\Sawyer Read.sde\VectorGIS_prd.DBO.Transportation\VectorGIS_prd.DBO.Intersection,IntSt_ID_4,-1,-1;IntSt_Name_4 "Intersecting Street 4" true true false 50 Text 0 0 ,First,#,\\tempest\shared\GIS\Data\Sharing\Data Download Portal\Sawyer Read.sde\VectorGIS_prd.DBO.Transportation\VectorGIS_prd.DBO.Intersection,IntSt_Name_4,-1,-1;IntSt_ID_5 "Intersecting Street ID 5" true true false 9 Text 0 0 ,First,#,\\tempest\shared\GIS\Data\Sharing\Data Download Portal\Sawyer Read.sde\VectorGIS_prd.DBO.Transportation\VectorGIS_prd.DBO.Intersection,IntSt_ID_5,-1,-1;IntSt_Name_5 "Intersecting Street 5" true true false 50 Text 0 0 ,First,#,\\tempest\shared\GIS\Data\Sharing\Data Download Portal\Sawyer Read.sde\VectorGIS_prd.DBO.Transportation\VectorGIS_prd.DBO.Intersection,IntSt_Name_5,-1,-1;IntSt_ID_6 "Intersecting Street ID 6" true true false 9 Text 0 0 ,First,#,\\tempest\shared\GIS\Data\Sharing\Data Download Portal\Sawyer Read.sde\VectorGIS_prd.DBO.Transportation\VectorGIS_prd.DBO.Intersection,IntSt_ID_6,-1,-1;IntSt_Name_6 "Intersecting Street 6" true true false 50 Text 0 0 ,First,#,\\tempest\shared\GIS\Data\Sharing\Data Download Portal\Sawyer Read.sde\VectorGIS_prd.DBO.Transportation\VectorGIS_prd.DBO.Intersection,IntSt_Name_6,-1,-1" #</Process><Process Name="Delete Rows (2)" ToolSource="C:\Program Files (x86)\ArcGIS\Desktop10.0\ArcToolbox\Toolboxes\Data Management Tools.tbx\DeleteRows" Date="20121130" Time="163506">DeleteRows "\\tempest\shared\GIS\Data\Sharing\Data Download Portal\Staging\TransportationGDB\Transportation.gdb\Intersection"</Process><Process Name="Intersection Append" ToolSource="C:\Program Files (x86)\ArcGIS\Desktop10.0\ArcToolbox\Toolboxes\Data Management Tools.tbx\Append" Date="20130109" Time="110907">Append '\\tempest\shared\GIS\Data\Sharing\Data Download Portal\Sawyer Read.sde\VectorGIS_prd.DBO.Transportation\VectorGIS_prd.DBO.Intersection' "\\tempest\shared\GIS\Data\Sharing\Data Download Portal\Staging\TransportationGDB\Transportation.gdb\Intersection" NO_TEST "Int_ID "Intersection ID" true true false 12 Text 0 0 ,First,#,\\tempest\shared\GIS\Data\Sharing\Data Download Portal\Sawyer Read.sde\VectorGIS_prd.DBO.Transportation\VectorGIS_prd.DBO.Intersection,Int_ID,-1,-1;IntSt_ID_1 "Intersecting Street ID 1" true true false 9 Text 0 0 ,First,#,\\tempest\shared\GIS\Data\Sharing\Data Download Portal\Sawyer Read.sde\VectorGIS_prd.DBO.Transportation\VectorGIS_prd.DBO.Intersection,IntSt_ID_1,-1,-1;IntSt_Name_1 "Intersecting Street 1" true true false 50 Text 0 0 ,First,#,\\tempest\shared\GIS\Data\Sharing\Data Download Portal\Sawyer Read.sde\VectorGIS_prd.DBO.Transportation\VectorGIS_prd.DBO.Intersection,IntSt_Name_1,-1,-1;IntSt_ID_2 "Intersecting Street ID 2" true true false 9 Text 0 0 ,First,#,\\tempest\shared\GIS\Data\Sharing\Data Download Portal\Sawyer Read.sde\VectorGIS_prd.DBO.Transportation\VectorGIS_prd.DBO.Intersection,IntSt_ID_2,-1,-1;IntSt_Name_2 "Intersecting Street 2" true true false 50 Text 0 0 ,First,#,\\tempest\shared\GIS\Data\Sharing\Data Download Portal\Sawyer Read.sde\VectorGIS_prd.DBO.Transportation\VectorGIS_prd.DBO.Intersection,IntSt_Name_2,-1,-1;IntSt_ID_3 "Intersecting Street ID 3" true true false 9 Text 0 0 ,First,#,\\tempest\shared\GIS\Data\Sharing\Data Download Portal\Sawyer Read.sde\VectorGIS_prd.DBO.Transportation\VectorGIS_prd.DBO.Intersection,IntSt_ID_3,-1,-1;IntSt_Name_3 "Intersecting Street 3" true true false 50 Text 0 0 ,First,#,\\tempest\shared\GIS\Data\Sharing\Data Download Portal\Sawyer Read.sde\VectorGIS_prd.DBO.Transportation\VectorGIS_prd.DBO.Intersection,IntSt_Name_3,-1,-1;IntSt_ID_4 "Intersecting Street ID 4" true true false 9 Text 0 0 ,First,#,\\tempest\shared\GIS\Data\Sharing\Data Download Portal\Sawyer Read.sde\VectorGIS_prd.DBO.Transportation\VectorGIS_prd.DBO.Intersection,IntSt_ID_4,-1,-1;IntSt_Name_4 "Intersecting Street 4" true true false 50 Text 0 0 ,First,#,\\tempest\shared\GIS\Data\Sharing\Data Download Portal\Sawyer Read.sde\VectorGIS_prd.DBO.Transportation\VectorGIS_prd.DBO.Intersection,IntSt_Name_4,-1,-1;IntSt_ID_5 "Intersecting Street ID 5" true true false 9 Text 0 0 ,First,#,\\tempest\shared\GIS\Data\Sharing\Data Download Portal\Sawyer Read.sde\VectorGIS_prd.DBO.Transportation\VectorGIS_prd.DBO.Intersection,IntSt_ID_5,-1,-1;IntSt_Name_5 "Intersecting Street 5" true true false 50 Text 0 0 ,First,#,\\tempest\shared\GIS\Data\Sharing\Data Download Portal\Sawyer Read.sde\VectorGIS_prd.DBO.Transportation\VectorGIS_prd.DBO.Intersection,IntSt_Name_5,-1,-1;IntSt_ID_6 "Intersecting Street ID 6" true true false 9 Text 0 0 ,First,#,\\tempest\shared\GIS\Data\Sharing\Data Download Portal\Sawyer Read.sde\VectorGIS_prd.DBO.Transportation\VectorGIS_prd.DBO.Intersection,IntSt_ID_6,-1,-1;IntSt_Name_6 "Intersecting Street 6" true true false 50 Text 0 0 ,First,#,\\tempest\shared\GIS\Data\Sharing\Data Download Portal\Sawyer Read.sde\VectorGIS_prd.DBO.Transportation\VectorGIS_prd.DBO.Intersection,IntSt_Name_6,-1,-1" #</Process><Process Name="Delete Rows (2)" ToolSource="C:\Program Files (x86)\ArcGIS\Desktop10.0\ArcToolbox\Toolboxes\Data Management Tools.tbx\DeleteRows" Date="20130109" Time="111121">DeleteRows "\\tempest\shared\GIS\Data\Sharing\Data Download Portal\Staging\TransportationGDB\Transportation.gdb\Intersection"</Process><Process Name="Intersection Append" ToolSource="C:\Program Files (x86)\ArcGIS\Desktop10.0\ArcToolbox\Toolboxes\Data Management Tools.tbx\Append" Date="20130416" Time="124605">Append '\\tempest\shared\GIS\Data\Sharing\Data Download Portal\Sawyer Read.sde\VectorGIS_prd.DBO.Transportation\VectorGIS_prd.DBO.Intersection' "\\tempest\shared\GIS\Data\Sharing\Data Download Portal\Staging\TransportationGDB\Transportation.gdb\Intersection" NO_TEST "Int_ID "Intersection ID" true true false 12 Text 0 0 ,First,#,\\tempest\shared\GIS\Data\Sharing\Data Download Portal\Sawyer Read.sde\VectorGIS_prd.DBO.Transportation\VectorGIS_prd.DBO.Intersection,Int_ID,-1,-1;IntSt_ID_1 "Intersecting Street ID 1" true true false 9 Text 0 0 ,First,#,\\tempest\shared\GIS\Data\Sharing\Data Download Portal\Sawyer Read.sde\VectorGIS_prd.DBO.Transportation\VectorGIS_prd.DBO.Intersection,IntSt_ID_1,-1,-1;IntSt_Name_1 "Intersecting Street 1" true true false 50 Text 0 0 ,First,#,\\tempest\shared\GIS\Data\Sharing\Data Download Portal\Sawyer Read.sde\VectorGIS_prd.DBO.Transportation\VectorGIS_prd.DBO.Intersection,IntSt_Name_1,-1,-1;IntSt_ID_2 "Intersecting Street ID 2" true true false 9 Text 0 0 ,First,#,\\tempest\shared\GIS\Data\Sharing\Data Download Portal\Sawyer Read.sde\VectorGIS_prd.DBO.Transportation\VectorGIS_prd.DBO.Intersection,IntSt_ID_2,-1,-1;IntSt_Name_2 "Intersecting Street 2" true true false 50 Text 0 0 ,First,#,\\tempest\shared\GIS\Data\Sharing\Data Download Portal\Sawyer Read.sde\VectorGIS_prd.DBO.Transportation\VectorGIS_prd.DBO.Intersection,IntSt_Name_2,-1,-1;IntSt_ID_3 "Intersecting Street ID 3" true true false 9 Text 0 0 ,First,#,\\tempest\shared\GIS\Data\Sharing\Data Download Portal\Sawyer Read.sde\VectorGIS_prd.DBO.Transportation\VectorGIS_prd.DBO.Intersection,IntSt_ID_3,-1,-1;IntSt_Name_3 "Intersecting Street 3" true true false 50 Text 0 0 ,First,#,\\tempest\shared\GIS\Data\Sharing\Data Download Portal\Sawyer Read.sde\VectorGIS_prd.DBO.Transportation\VectorGIS_prd.DBO.Intersection,IntSt_Name_3,-1,-1;IntSt_ID_4 "Intersecting Street ID 4" true true false 9 Text 0 0 ,First,#,\\tempest\shared\GIS\Data\Sharing\Data Download Portal\Sawyer Read.sde\VectorGIS_prd.DBO.Transportation\VectorGIS_prd.DBO.Intersection,IntSt_ID_4,-1,-1;IntSt_Name_4 "Intersecting Street 4" true true false 50 Text 0 0 ,First,#,\\tempest\shared\GIS\Data\Sharing\Data Download Portal\Sawyer Read.sde\VectorGIS_prd.DBO.Transportation\VectorGIS_prd.DBO.Intersection,IntSt_Name_4,-1,-1;IntSt_ID_5 "Intersecting Street ID 5" true true false 9 Text 0 0 ,First,#,\\tempest\shared\GIS\Data\Sharing\Data Download Portal\Sawyer Read.sde\VectorGIS_prd.DBO.Transportation\VectorGIS_prd.DBO.Intersection,IntSt_ID_5,-1,-1;IntSt_Name_5 "Intersecting Street 5" true true false 50 Text 0 0 ,First,#,\\tempest\shared\GIS\Data\Sharing\Data Download Portal\Sawyer Read.sde\VectorGIS_prd.DBO.Transportation\VectorGIS_prd.DBO.Intersection,IntSt_Name_5,-1,-1;IntSt_ID_6 "Intersecting Street ID 6" true true false 9 Text 0 0 ,First,#,\\tempest\shared\GIS\Data\Sharing\Data Download Portal\Sawyer Read.sde\VectorGIS_prd.DBO.Transportation\VectorGIS_prd.DBO.Intersection,IntSt_ID_6,-1,-1;IntSt_Name_6 "Intersecting Street 6" true true false 50 Text 0 0 ,First,#,\\tempest\shared\GIS\Data\Sharing\Data Download Portal\Sawyer Read.sde\VectorGIS_prd.DBO.Transportation\VectorGIS_prd.DBO.Intersection,IntSt_Name_6,-1,-1" #</Process><Process Name="Delete Rows (2)" ToolSource="C:\Program Files (x86)\ArcGIS\Desktop10.0\ArcToolbox\Toolboxes\Data Management Tools.tbx\DeleteRows" Date="20130416" Time="124944">DeleteRows "\\tempest\shared\GIS\Data\Sharing\Data Download Portal\Staging\TransportationGDB\Transportation.gdb\Intersection"</Process><Process Name="Intersection Append" ToolSource="C:\Program Files (x86)\ArcGIS\Desktop10.0\ArcToolbox\Toolboxes\Data Management Tools.tbx\Append" Date="20130605" Time="101149">Append '\\tempest\shared\GIS\Data\Sharing\Data Download Portal\Sawyer Read.sde\VectorGIS_prd.DBO.Transportation\VectorGIS_prd.DBO.Intersection' "\\tempest\shared\GIS\Data\Sharing\Data Download Portal\Staging\TransportationGDB\Transportation.gdb\Intersection" NO_TEST "Int_ID "Intersection ID" true true false 12 Text 0 0 ,First,#,\\tempest\shared\GIS\Data\Sharing\Data Download Portal\Sawyer Read.sde\VectorGIS_prd.DBO.Transportation\VectorGIS_prd.DBO.Intersection,Int_ID,-1,-1;IntSt_ID_1 "Intersecting Street ID 1" true true false 9 Text 0 0 ,First,#,\\tempest\shared\GIS\Data\Sharing\Data Download Portal\Sawyer Read.sde\VectorGIS_prd.DBO.Transportation\VectorGIS_prd.DBO.Intersection,IntSt_ID_1,-1,-1;IntSt_Name_1 "Intersecting Street 1" true true false 50 Text 0 0 ,First,#,\\tempest\shared\GIS\Data\Sharing\Data Download Portal\Sawyer Read.sde\VectorGIS_prd.DBO.Transportation\VectorGIS_prd.DBO.Intersection,IntSt_Name_1,-1,-1;IntSt_ID_2 "Intersecting Street ID 2" true true false 9 Text 0 0 ,First,#,\\tempest\shared\GIS\Data\Sharing\Data Download Portal\Sawyer Read.sde\VectorGIS_prd.DBO.Transportation\VectorGIS_prd.DBO.Intersection,IntSt_ID_2,-1,-1;IntSt_Name_2 "Intersecting Street 2" true true false 50 Text 0 0 ,First,#,\\tempest\shared\GIS\Data\Sharing\Data Download Portal\Sawyer Read.sde\VectorGIS_prd.DBO.Transportation\VectorGIS_prd.DBO.Intersection,IntSt_Name_2,-1,-1;IntSt_ID_3 "Intersecting Street ID 3" true true false 9 Text 0 0 ,First,#,\\tempest\shared\GIS\Data\Sharing\Data Download Portal\Sawyer Read.sde\VectorGIS_prd.DBO.Transportation\VectorGIS_prd.DBO.Intersection,IntSt_ID_3,-1,-1;IntSt_Name_3 "Intersecting Street 3" true true false 50 Text 0 0 ,First,#,\\tempest\shared\GIS\Data\Sharing\Data Download Portal\Sawyer Read.sde\VectorGIS_prd.DBO.Transportation\VectorGIS_prd.DBO.Intersection,IntSt_Name_3,-1,-1;IntSt_ID_4 "Intersecting Street ID 4" true true false 9 Text 0 0 ,First,#,\\tempest\shared\GIS\Data\Sharing\Data Download Portal\Sawyer Read.sde\VectorGIS_prd.DBO.Transportation\VectorGIS_prd.DBO.Intersection,IntSt_ID_4,-1,-1;IntSt_Name_4 "Intersecting Street 4" true true false 50 Text 0 0 ,First,#,\\tempest\shared\GIS\Data\Sharing\Data Download Portal\Sawyer Read.sde\VectorGIS_prd.DBO.Transportation\VectorGIS_prd.DBO.Intersection,IntSt_Name_4,-1,-1;IntSt_ID_5 "Intersecting Street ID 5" true true false 9 Text 0 0 ,First,#,\\tempest\shared\GIS\Data\Sharing\Data Download Portal\Sawyer Read.sde\VectorGIS_prd.DBO.Transportation\VectorGIS_prd.DBO.Intersection,IntSt_ID_5,-1,-1;IntSt_Name_5 "Intersecting Street 5" true true false 50 Text 0 0 ,First,#,\\tempest\shared\GIS\Data\Sharing\Data Download Portal\Sawyer Read.sde\VectorGIS_prd.DBO.Transportation\VectorGIS_prd.DBO.Intersection,IntSt_Name_5,-1,-1;IntSt_ID_6 "Intersecting Street ID 6" true true false 9 Text 0 0 ,First,#,\\tempest\shared\GIS\Data\Sharing\Data Download Portal\Sawyer Read.sde\VectorGIS_prd.DBO.Transportation\VectorGIS_prd.DBO.Intersection,IntSt_ID_6,-1,-1;IntSt_Name_6 "Intersecting Street 6" true true false 50 Text 0 0 ,First,#,\\tempest\shared\GIS\Data\Sharing\Data Download Portal\Sawyer Read.sde\VectorGIS_prd.DBO.Transportation\VectorGIS_prd.DBO.Intersection,IntSt_Name_6,-1,-1" #</Process><Process Name="Delete Rows (2)" ToolSource="C:\Program Files (x86)\ArcGIS\Desktop10.0\ArcToolbox\Toolboxes\Data Management Tools.tbx\DeleteRows" Date="20130605" Time="101419">DeleteRows "\\tempest\shared\GIS\Data\Sharing\Data Download Portal\Staging\TransportationGDB\Transportation.gdb\Intersection"</Process><Process Name="Intersection Append" ToolSource="C:\Program Files (x86)\ArcGIS\Desktop10.0\ArcToolbox\Toolboxes\Data Management Tools.tbx\Append" Date="20130905" Time="163005">Append '\\tempest\shared\GIS\Data\Sharing\Data Download Portal\Sawyer Read.sde\VectorGIS_prd.DBO.Transportation\VectorGIS_prd.DBO.Intersection' "\\tempest\shared\GIS\Data\Sharing\Data Download Portal\Staging\TransportationGDB\Transportation.gdb\Intersection" NO_TEST "Int_ID "Intersection ID" true true false 12 Text 0 0 ,First,#,\\tempest\shared\GIS\Data\Sharing\Data Download Portal\Sawyer Read.sde\VectorGIS_prd.DBO.Transportation\VectorGIS_prd.DBO.Intersection,Int_ID,-1,-1;IntSt_ID_1 "Intersecting Street ID 1" true true false 9 Text 0 0 ,First,#,\\tempest\shared\GIS\Data\Sharing\Data Download Portal\Sawyer Read.sde\VectorGIS_prd.DBO.Transportation\VectorGIS_prd.DBO.Intersection,IntSt_ID_1,-1,-1;IntSt_Name_1 "Intersecting Street 1" true true false 50 Text 0 0 ,First,#,\\tempest\shared\GIS\Data\Sharing\Data Download Portal\Sawyer Read.sde\VectorGIS_prd.DBO.Transportation\VectorGIS_prd.DBO.Intersection,IntSt_Name_1,-1,-1;IntSt_ID_2 "Intersecting Street ID 2" true true false 9 Text 0 0 ,First,#,\\tempest\shared\GIS\Data\Sharing\Data Download Portal\Sawyer Read.sde\VectorGIS_prd.DBO.Transportation\VectorGIS_prd.DBO.Intersection,IntSt_ID_2,-1,-1;IntSt_Name_2 "Intersecting Street 2" true true false 50 Text 0 0 ,First,#,\\tempest\shared\GIS\Data\Sharing\Data Download Portal\Sawyer Read.sde\VectorGIS_prd.DBO.Transportation\VectorGIS_prd.DBO.Intersection,IntSt_Name_2,-1,-1;IntSt_ID_3 "Intersecting Street ID 3" true true false 9 Text 0 0 ,First,#,\\tempest\shared\GIS\Data\Sharing\Data Download Portal\Sawyer Read.sde\VectorGIS_prd.DBO.Transportation\VectorGIS_prd.DBO.Intersection,IntSt_ID_3,-1,-1;IntSt_Name_3 "Intersecting Street 3" true true false 50 Text 0 0 ,First,#,\\tempest\shared\GIS\Data\Sharing\Data Download Portal\Sawyer Read.sde\VectorGIS_prd.DBO.Transportation\VectorGIS_prd.DBO.Intersection,IntSt_Name_3,-1,-1;IntSt_ID_4 "Intersecting Street ID 4" true true false 9 Text 0 0 ,First,#,\\tempest\shared\GIS\Data\Sharing\Data Download Portal\Sawyer Read.sde\VectorGIS_prd.DBO.Transportation\VectorGIS_prd.DBO.Intersection,IntSt_ID_4,-1,-1;IntSt_Name_4 "Intersecting Street 4" true true false 50 Text 0 0 ,First,#,\\tempest\shared\GIS\Data\Sharing\Data Download Portal\Sawyer Read.sde\VectorGIS_prd.DBO.Transportation\VectorGIS_prd.DBO.Intersection,IntSt_Name_4,-1,-1;IntSt_ID_5 "Intersecting Street ID 5" true true false 9 Text 0 0 ,First,#,\\tempest\shared\GIS\Data\Sharing\Data Download Portal\Sawyer Read.sde\VectorGIS_prd.DBO.Transportation\VectorGIS_prd.DBO.Intersection,IntSt_ID_5,-1,-1;IntSt_Name_5 "Intersecting Street 5" true true false 50 Text 0 0 ,First,#,\\tempest\shared\GIS\Data\Sharing\Data Download Portal\Sawyer Read.sde\VectorGIS_prd.DBO.Transportation\VectorGIS_prd.DBO.Intersection,IntSt_Name_5,-1,-1;IntSt_ID_6 "Intersecting Street ID 6" true true false 9 Text 0 0 ,First,#,\\tempest\shared\GIS\Data\Sharing\Data Download Portal\Sawyer Read.sde\VectorGIS_prd.DBO.Transportation\VectorGIS_prd.DBO.Intersection,IntSt_ID_6,-1,-1;IntSt_Name_6 "Intersecting Street 6" true true false 50 Text 0 0 ,First,#,\\tempest\shared\GIS\Data\Sharing\Data Download Portal\Sawyer Read.sde\VectorGIS_prd.DBO.Transportation\VectorGIS_prd.DBO.Intersection,IntSt_Name_6,-1,-1" #</Process><Process Name="Delete Rows (2)" ToolSource="C:\Program Files (x86)\ArcGIS\Desktop10.0\ArcToolbox\Toolboxes\Data Management Tools.tbx\DeleteRows" Date="20130905" Time="163240">DeleteRows "\\tempest\shared\GIS\Data\Sharing\Data Download Portal\Staging\TransportationGDB\Transportation.gdb\Intersection"</Process><Process Name="Intersection Append" ToolSource="C:\Program Files (x86)\ArcGIS\Desktop10.0\ArcToolbox\Toolboxes\Data Management Tools.tbx\Append" Date="20131104" Time="131313">Append '\\tempest\shared\GIS\Data\Sharing\Data Download Portal\Sawyer Read.sde\VectorGIS_prd.DBO.Transportation\VectorGIS_prd.DBO.Intersection' "\\tempest\shared\GIS\Data\Sharing\Data Download Portal\Staging\TransportationGDB\Transportation.gdb\Intersection" NO_TEST "Int_ID "Intersection ID" true true false 12 Text 0 0 ,First,#,\\tempest\shared\GIS\Data\Sharing\Data Download Portal\Sawyer Read.sde\VectorGIS_prd.DBO.Transportation\VectorGIS_prd.DBO.Intersection,Int_ID,-1,-1;IntSt_ID_1 "Intersecting Street ID 1" true true false 9 Text 0 0 ,First,#,\\tempest\shared\GIS\Data\Sharing\Data Download Portal\Sawyer Read.sde\VectorGIS_prd.DBO.Transportation\VectorGIS_prd.DBO.Intersection,IntSt_ID_1,-1,-1;IntSt_Name_1 "Intersecting Street 1" true true false 50 Text 0 0 ,First,#,\\tempest\shared\GIS\Data\Sharing\Data Download Portal\Sawyer Read.sde\VectorGIS_prd.DBO.Transportation\VectorGIS_prd.DBO.Intersection,IntSt_Name_1,-1,-1;IntSt_ID_2 "Intersecting Street ID 2" true true false 9 Text 0 0 ,First,#,\\tempest\shared\GIS\Data\Sharing\Data Download Portal\Sawyer Read.sde\VectorGIS_prd.DBO.Transportation\VectorGIS_prd.DBO.Intersection,IntSt_ID_2,-1,-1;IntSt_Name_2 "Intersecting Street 2" true true false 50 Text 0 0 ,First,#,\\tempest\shared\GIS\Data\Sharing\Data Download Portal\Sawyer Read.sde\VectorGIS_prd.DBO.Transportation\VectorGIS_prd.DBO.Intersection,IntSt_Name_2,-1,-1;IntSt_ID_3 "Intersecting Street ID 3" true true false 9 Text 0 0 ,First,#,\\tempest\shared\GIS\Data\Sharing\Data Download Portal\Sawyer Read.sde\VectorGIS_prd.DBO.Transportation\VectorGIS_prd.DBO.Intersection,IntSt_ID_3,-1,-1;IntSt_Name_3 "Intersecting Street 3" true true false 50 Text 0 0 ,First,#,\\tempest\shared\GIS\Data\Sharing\Data Download Portal\Sawyer Read.sde\VectorGIS_prd.DBO.Transportation\VectorGIS_prd.DBO.Intersection,IntSt_Name_3,-1,-1;IntSt_ID_4 "Intersecting Street ID 4" true true false 9 Text 0 0 ,First,#,\\tempest\shared\GIS\Data\Sharing\Data Download Portal\Sawyer Read.sde\VectorGIS_prd.DBO.Transportation\VectorGIS_prd.DBO.Intersection,IntSt_ID_4,-1,-1;IntSt_Name_4 "Intersecting Street 4" true true false 50 Text 0 0 ,First,#,\\tempest\shared\GIS\Data\Sharing\Data Download Portal\Sawyer Read.sde\VectorGIS_prd.DBO.Transportation\VectorGIS_prd.DBO.Intersection,IntSt_Name_4,-1,-1;IntSt_ID_5 "Intersecting Street ID 5" true true false 9 Text 0 0 ,First,#,\\tempest\shared\GIS\Data\Sharing\Data Download Portal\Sawyer Read.sde\VectorGIS_prd.DBO.Transportation\VectorGIS_prd.DBO.Intersection,IntSt_ID_5,-1,-1;IntSt_Name_5 "Intersecting Street 5" true true false 50 Text 0 0 ,First,#,\\tempest\shared\GIS\Data\Sharing\Data Download Portal\Sawyer Read.sde\VectorGIS_prd.DBO.Transportation\VectorGIS_prd.DBO.Intersection,IntSt_Name_5,-1,-1;IntSt_ID_6 "Intersecting Street ID 6" true true false 9 Text 0 0 ,First,#,\\tempest\shared\GIS\Data\Sharing\Data Download Portal\Sawyer Read.sde\VectorGIS_prd.DBO.Transportation\VectorGIS_prd.DBO.Intersection,IntSt_ID_6,-1,-1;IntSt_Name_6 "Intersecting Street 6" true true false 50 Text 0 0 ,First,#,\\tempest\shared\GIS\Data\Sharing\Data Download Portal\Sawyer Read.sde\VectorGIS_prd.DBO.Transportation\VectorGIS_prd.DBO.Intersection,IntSt_Name_6,-1,-1" #</Process><Process Name="Delete Rows (2)" ToolSource="C:\Program Files (x86)\ArcGIS\Desktop10.0\ArcToolbox\Toolboxes\Data Management Tools.tbx\DeleteRows" Date="20131104" Time="131847">DeleteRows "\\tempest\shared\GIS\Data\Sharing\Data Download Portal\Staging\TransportationGDB\Transportation.gdb\Intersection"</Process><Process Name="Intersection Append" ToolSource="C:\Program Files (x86)\ArcGIS\Desktop10.0\ArcToolbox\Toolboxes\Data Management Tools.tbx\Append" Date="20140109" Time="085301">Append '\\tempest\shared\GIS\Data\Sharing\Data Download Portal\Sawyer Read.sde\VectorGIS_prd.DBO.Transportation\VectorGIS_prd.DBO.Intersection' "\\tempest\shared\GIS\Data\Sharing\Data Download Portal\Staging\TransportationGDB\Transportation.gdb\Intersection" NO_TEST "Int_ID "Intersection ID" true true false 12 Text 0 0 ,First,#,\\tempest\shared\GIS\Data\Sharing\Data Download Portal\Sawyer Read.sde\VectorGIS_prd.DBO.Transportation\VectorGIS_prd.DBO.Intersection,Int_ID,-1,-1;IntSt_ID_1 "Intersecting Street ID 1" true true false 9 Text 0 0 ,First,#,\\tempest\shared\GIS\Data\Sharing\Data Download Portal\Sawyer Read.sde\VectorGIS_prd.DBO.Transportation\VectorGIS_prd.DBO.Intersection,IntSt_ID_1,-1,-1;IntSt_Name_1 "Intersecting Street 1" true true false 50 Text 0 0 ,First,#,\\tempest\shared\GIS\Data\Sharing\Data Download Portal\Sawyer Read.sde\VectorGIS_prd.DBO.Transportation\VectorGIS_prd.DBO.Intersection,IntSt_Name_1,-1,-1;IntSt_ID_2 "Intersecting Street ID 2" true true false 9 Text 0 0 ,First,#,\\tempest\shared\GIS\Data\Sharing\Data Download Portal\Sawyer Read.sde\VectorGIS_prd.DBO.Transportation\VectorGIS_prd.DBO.Intersection,IntSt_ID_2,-1,-1;IntSt_Name_2 "Intersecting Street 2" true true false 50 Text 0 0 ,First,#,\\tempest\shared\GIS\Data\Sharing\Data Download Portal\Sawyer Read.sde\VectorGIS_prd.DBO.Transportation\VectorGIS_prd.DBO.Intersection,IntSt_Name_2,-1,-1;IntSt_ID_3 "Intersecting Street ID 3" true true false 9 Text 0 0 ,First,#,\\tempest\shared\GIS\Data\Sharing\Data Download Portal\Sawyer Read.sde\VectorGIS_prd.DBO.Transportation\VectorGIS_prd.DBO.Intersection,IntSt_ID_3,-1,-1;IntSt_Name_3 "Intersecting Street 3" true true false 50 Text 0 0 ,First,#,\\tempest\shared\GIS\Data\Sharing\Data Download Portal\Sawyer Read.sde\VectorGIS_prd.DBO.Transportation\VectorGIS_prd.DBO.Intersection,IntSt_Name_3,-1,-1;IntSt_ID_4 "Intersecting Street ID 4" true true false 9 Text 0 0 ,First,#,\\tempest\shared\GIS\Data\Sharing\Data Download Portal\Sawyer Read.sde\VectorGIS_prd.DBO.Transportation\VectorGIS_prd.DBO.Intersection,IntSt_ID_4,-1,-1;IntSt_Name_4 "Intersecting Street 4" true true false 50 Text 0 0 ,First,#,\\tempest\shared\GIS\Data\Sharing\Data Download Portal\Sawyer Read.sde\VectorGIS_prd.DBO.Transportation\VectorGIS_prd.DBO.Intersection,IntSt_Name_4,-1,-1;IntSt_ID_5 "Intersecting Street ID 5" true true false 9 Text 0 0 ,First,#,\\tempest\shared\GIS\Data\Sharing\Data Download Portal\Sawyer Read.sde\VectorGIS_prd.DBO.Transportation\VectorGIS_prd.DBO.Intersection,IntSt_ID_5,-1,-1;IntSt_Name_5 "Intersecting Street 5" true true false 50 Text 0 0 ,First,#,\\tempest\shared\GIS\Data\Sharing\Data Download Portal\Sawyer Read.sde\VectorGIS_prd.DBO.Transportation\VectorGIS_prd.DBO.Intersection,IntSt_Name_5,-1,-1;IntSt_ID_6 "Intersecting Street ID 6" true true false 9 Text 0 0 ,First,#,\\tempest\shared\GIS\Data\Sharing\Data Download Portal\Sawyer Read.sde\VectorGIS_prd.DBO.Transportation\VectorGIS_prd.DBO.Intersection,IntSt_ID_6,-1,-1;IntSt_Name_6 "Intersecting Street 6" true true false 50 Text 0 0 ,First,#,\\tempest\shared\GIS\Data\Sharing\Data Download Portal\Sawyer Read.sde\VectorGIS_prd.DBO.Transportation\VectorGIS_prd.DBO.Intersection,IntSt_Name_6,-1,-1" #</Process><Process Name="Delete Rows (2)" ToolSource="C:\Program Files (x86)\ArcGIS\Desktop10.0\ArcToolbox\Toolboxes\Data Management Tools.tbx\DeleteRows" Date="20140109" Time="085754">DeleteRows "\\tempest\shared\GIS\Data\Sharing\Data Download Portal\Staging\TransportationGDB\Transportation.gdb\Intersection"</Process><Process Name="Intersection Append" ToolSource="C:\Program Files (x86)\ArcGIS\Desktop10.0\ArcToolbox\Toolboxes\Data Management Tools.tbx\Append" Date="20140131" Time="102205">Append '\\tempest\shared\GIS\Data\Sharing\Data Download Portal\Sawyer Read.sde\VectorGIS_prd.DBO.Transportation\VectorGIS_prd.DBO.Intersection' "\\tempest\shared\GIS\Data\Sharing\Data Download Portal\Staging\TransportationGDB\Transportation.gdb\Intersection" NO_TEST "Int_ID "Intersection ID" true true false 12 Text 0 0 ,First,#,\\tempest\shared\GIS\Data\Sharing\Data Download Portal\Sawyer Read.sde\VectorGIS_prd.DBO.Transportation\VectorGIS_prd.DBO.Intersection,Int_ID,-1,-1;IntSt_ID_1 "Intersecting Street ID 1" true true false 9 Text 0 0 ,First,#,\\tempest\shared\GIS\Data\Sharing\Data Download Portal\Sawyer Read.sde\VectorGIS_prd.DBO.Transportation\VectorGIS_prd.DBO.Intersection,IntSt_ID_1,-1,-1;IntSt_Name_1 "Intersecting Street 1" true true false 50 Text 0 0 ,First,#,\\tempest\shared\GIS\Data\Sharing\Data Download Portal\Sawyer Read.sde\VectorGIS_prd.DBO.Transportation\VectorGIS_prd.DBO.Intersection,IntSt_Name_1,-1,-1;IntSt_ID_2 "Intersecting Street ID 2" true true false 9 Text 0 0 ,First,#,\\tempest\shared\GIS\Data\Sharing\Data Download Portal\Sawyer Read.sde\VectorGIS_prd.DBO.Transportation\VectorGIS_prd.DBO.Intersection,IntSt_ID_2,-1,-1;IntSt_Name_2 "Intersecting Street 2" true true false 50 Text 0 0 ,First,#,\\tempest\shared\GIS\Data\Sharing\Data Download Portal\Sawyer Read.sde\VectorGIS_prd.DBO.Transportation\VectorGIS_prd.DBO.Intersection,IntSt_Name_2,-1,-1;IntSt_ID_3 "Intersecting Street ID 3" true true false 9 Text 0 0 ,First,#,\\tempest\shared\GIS\Data\Sharing\Data Download Portal\Sawyer Read.sde\VectorGIS_prd.DBO.Transportation\VectorGIS_prd.DBO.Intersection,IntSt_ID_3,-1,-1;IntSt_Name_3 "Intersecting Street 3" true true false 50 Text 0 0 ,First,#,\\tempest\shared\GIS\Data\Sharing\Data Download Portal\Sawyer Read.sde\VectorGIS_prd.DBO.Transportation\VectorGIS_prd.DBO.Intersection,IntSt_Name_3,-1,-1;IntSt_ID_4 "Intersecting Street ID 4" true true false 9 Text 0 0 ,First,#,\\tempest\shared\GIS\Data\Sharing\Data Download Portal\Sawyer Read.sde\VectorGIS_prd.DBO.Transportation\VectorGIS_prd.DBO.Intersection,IntSt_ID_4,-1,-1;IntSt_Name_4 "Intersecting Street 4" true true false 50 Text 0 0 ,First,#,\\tempest\shared\GIS\Data\Sharing\Data Download Portal\Sawyer Read.sde\VectorGIS_prd.DBO.Transportation\VectorGIS_prd.DBO.Intersection,IntSt_Name_4,-1,-1;IntSt_ID_5 "Intersecting Street ID 5" true true false 9 Text 0 0 ,First,#,\\tempest\shared\GIS\Data\Sharing\Data Download Portal\Sawyer Read.sde\VectorGIS_prd.DBO.Transportation\VectorGIS_prd.DBO.Intersection,IntSt_ID_5,-1,-1;IntSt_Name_5 "Intersecting Street 5" true true false 50 Text 0 0 ,First,#,\\tempest\shared\GIS\Data\Sharing\Data Download Portal\Sawyer Read.sde\VectorGIS_prd.DBO.Transportation\VectorGIS_prd.DBO.Intersection,IntSt_Name_5,-1,-1;IntSt_ID_6 "Intersecting Street ID 6" true true false 9 Text 0 0 ,First,#,\\tempest\shared\GIS\Data\Sharing\Data Download Portal\Sawyer Read.sde\VectorGIS_prd.DBO.Transportation\VectorGIS_prd.DBO.Intersection,IntSt_ID_6,-1,-1;IntSt_Name_6 "Intersecting Street 6" true true false 50 Text 0 0 ,First,#,\\tempest\shared\GIS\Data\Sharing\Data Download Portal\Sawyer Read.sde\VectorGIS_prd.DBO.Transportation\VectorGIS_prd.DBO.Intersection,IntSt_Name_6,-1,-1" #</Process><Process Name="Delete Rows (2)" ToolSource="C:\Program Files (x86)\ArcGIS\Desktop10.0\ArcToolbox\Toolboxes\Data Management Tools.tbx\DeleteRows" Date="20140131" Time="102417">DeleteRows "\\tempest\shared\GIS\Data\Sharing\Data Download Portal\Staging\TransportationGDB\Transportation.gdb\Intersection"</Process><Process Name="Intersection Append" ToolSource="C:\Program Files (x86)\ArcGIS\Desktop10.0\ArcToolbox\Toolboxes\Data Management Tools.tbx\Append" Date="20140131" Time="102554">Append '\\tempest\shared\GIS\Data\Sharing\Data Download Portal\Sawyer Read.sde\VectorGIS_prd.DBO.Transportation\VectorGIS_prd.DBO.Intersection' "\\tempest\shared\GIS\Data\Sharing\Data Download Portal\Staging\TransportationGDB\Transportation.gdb\Intersection" NO_TEST "Int_ID "Intersection ID" true true false 12 Text 0 0 ,First,#,\\tempest\shared\GIS\Data\Sharing\Data Download Portal\Sawyer Read.sde\VectorGIS_prd.DBO.Transportation\VectorGIS_prd.DBO.Intersection,Int_ID,-1,-1;IntSt_ID_1 "Intersecting Street ID 1" true true false 9 Text 0 0 ,First,#,\\tempest\shared\GIS\Data\Sharing\Data Download Portal\Sawyer Read.sde\VectorGIS_prd.DBO.Transportation\VectorGIS_prd.DBO.Intersection,IntSt_ID_1,-1,-1;IntSt_Name_1 "Intersecting Street 1" true true false 50 Text 0 0 ,First,#,\\tempest\shared\GIS\Data\Sharing\Data Download Portal\Sawyer Read.sde\VectorGIS_prd.DBO.Transportation\VectorGIS_prd.DBO.Intersection,IntSt_Name_1,-1,-1;IntSt_ID_2 "Intersecting Street ID 2" true true false 9 Text 0 0 ,First,#,\\tempest\shared\GIS\Data\Sharing\Data Download Portal\Sawyer Read.sde\VectorGIS_prd.DBO.Transportation\VectorGIS_prd.DBO.Intersection,IntSt_ID_2,-1,-1;IntSt_Name_2 "Intersecting Street 2" true true false 50 Text 0 0 ,First,#,\\tempest\shared\GIS\Data\Sharing\Data Download Portal\Sawyer Read.sde\VectorGIS_prd.DBO.Transportation\VectorGIS_prd.DBO.Intersection,IntSt_Name_2,-1,-1;IntSt_ID_3 "Intersecting Street ID 3" true true false 9 Text 0 0 ,First,#,\\tempest\shared\GIS\Data\Sharing\Data Download Portal\Sawyer Read.sde\VectorGIS_prd.DBO.Transportation\VectorGIS_prd.DBO.Intersection,IntSt_ID_3,-1,-1;IntSt_Name_3 "Intersecting Street 3" true true false 50 Text 0 0 ,First,#,\\tempest\shared\GIS\Data\Sharing\Data Download Portal\Sawyer Read.sde\VectorGIS_prd.DBO.Transportation\VectorGIS_prd.DBO.Intersection,IntSt_Name_3,-1,-1;IntSt_ID_4 "Intersecting Street ID 4" true true false 9 Text 0 0 ,First,#,\\tempest\shared\GIS\Data\Sharing\Data Download Portal\Sawyer Read.sde\VectorGIS_prd.DBO.Transportation\VectorGIS_prd.DBO.Intersection,IntSt_ID_4,-1,-1;IntSt_Name_4 "Intersecting Street 4" true true false 50 Text 0 0 ,First,#,\\tempest\shared\GIS\Data\Sharing\Data Download Portal\Sawyer Read.sde\VectorGIS_prd.DBO.Transportation\VectorGIS_prd.DBO.Intersection,IntSt_Name_4,-1,-1;IntSt_ID_5 "Intersecting Street ID 5" true true false 9 Text 0 0 ,First,#,\\tempest\shared\GIS\Data\Sharing\Data Download Portal\Sawyer Read.sde\VectorGIS_prd.DBO.Transportation\VectorGIS_prd.DBO.Intersection,IntSt_ID_5,-1,-1;IntSt_Name_5 "Intersecting Street 5" true true false 50 Text 0 0 ,First,#,\\tempest\shared\GIS\Data\Sharing\Data Download Portal\Sawyer Read.sde\VectorGIS_prd.DBO.Transportation\VectorGIS_prd.DBO.Intersection,IntSt_Name_5,-1,-1;IntSt_ID_6 "Intersecting Street ID 6" true true false 9 Text 0 0 ,First,#,\\tempest\shared\GIS\Data\Sharing\Data Download Portal\Sawyer Read.sde\VectorGIS_prd.DBO.Transportation\VectorGIS_prd.DBO.Intersection,IntSt_ID_6,-1,-1;IntSt_Name_6 "Intersecting Street 6" true true false 50 Text 0 0 ,First,#,\\tempest\shared\GIS\Data\Sharing\Data Download Portal\Sawyer Read.sde\VectorGIS_prd.DBO.Transportation\VectorGIS_prd.DBO.Intersection,IntSt_Name_6,-1,-1" #</Process><Process Name="Delete Rows (2)" ToolSource="C:\Program Files (x86)\ArcGIS\Desktop10.0\ArcToolbox\Toolboxes\Data Management Tools.tbx\DeleteRows" Date="20140131" Time="102805">DeleteRows "\\tempest\shared\GIS\Data\Sharing\Data Download Portal\Staging\TransportationGDB\Transportation.gdb\Intersection"</Process><Process Name="Intersection Append" ToolSource="C:\Program Files (x86)\ArcGIS\Desktop10.0\ArcToolbox\Toolboxes\Data Management Tools.tbx\Append" Date="20140226" Time="123058">Append '\\tempest\shared\GIS\Data\Sharing\Data Download Portal\Sawyer Read.sde\VectorGIS_prd.DBO.Transportation\VectorGIS_prd.DBO.Intersection' "\\tempest\shared\GIS\Data\Sharing\Data Download Portal\Staging\TransportationGDB\Transportation.gdb\Intersection" NO_TEST "Int_ID "Intersection ID" true true false 12 Text 0 0 ,First,#,\\tempest\shared\GIS\Data\Sharing\Data Download Portal\Sawyer Read.sde\VectorGIS_prd.DBO.Transportation\VectorGIS_prd.DBO.Intersection,Int_ID,-1,-1;IntSt_ID_1 "Intersecting Street ID 1" true true false 9 Text 0 0 ,First,#,\\tempest\shared\GIS\Data\Sharing\Data Download Portal\Sawyer Read.sde\VectorGIS_prd.DBO.Transportation\VectorGIS_prd.DBO.Intersection,IntSt_ID_1,-1,-1;IntSt_Name_1 "Intersecting Street 1" true true false 50 Text 0 0 ,First,#,\\tempest\shared\GIS\Data\Sharing\Data Download Portal\Sawyer Read.sde\VectorGIS_prd.DBO.Transportation\VectorGIS_prd.DBO.Intersection,IntSt_Name_1,-1,-1;IntSt_ID_2 "Intersecting Street ID 2" true true false 9 Text 0 0 ,First,#,\\tempest\shared\GIS\Data\Sharing\Data Download Portal\Sawyer Read.sde\VectorGIS_prd.DBO.Transportation\VectorGIS_prd.DBO.Intersection,IntSt_ID_2,-1,-1;IntSt_Name_2 "Intersecting Street 2" true true false 50 Text 0 0 ,First,#,\\tempest\shared\GIS\Data\Sharing\Data Download Portal\Sawyer Read.sde\VectorGIS_prd.DBO.Transportation\VectorGIS_prd.DBO.Intersection,IntSt_Name_2,-1,-1;IntSt_ID_3 "Intersecting Street ID 3" true true false 9 Text 0 0 ,First,#,\\tempest\shared\GIS\Data\Sharing\Data Download Portal\Sawyer Read.sde\VectorGIS_prd.DBO.Transportation\VectorGIS_prd.DBO.Intersection,IntSt_ID_3,-1,-1;IntSt_Name_3 "Intersecting Street 3" true true false 50 Text 0 0 ,First,#,\\tempest\shared\GIS\Data\Sharing\Data Download Portal\Sawyer Read.sde\VectorGIS_prd.DBO.Transportation\VectorGIS_prd.DBO.Intersection,IntSt_Name_3,-1,-1;IntSt_ID_4 "Intersecting Street ID 4" true true false 9 Text 0 0 ,First,#,\\tempest\shared\GIS\Data\Sharing\Data Download Portal\Sawyer Read.sde\VectorGIS_prd.DBO.Transportation\VectorGIS_prd.DBO.Intersection,IntSt_ID_4,-1,-1;IntSt_Name_4 "Intersecting Street 4" true true false 50 Text 0 0 ,First,#,\\tempest\shared\GIS\Data\Sharing\Data Download Portal\Sawyer Read.sde\VectorGIS_prd.DBO.Transportation\VectorGIS_prd.DBO.Intersection,IntSt_Name_4,-1,-1;IntSt_ID_5 "Intersecting Street ID 5" true true false 9 Text 0 0 ,First,#,\\tempest\shared\GIS\Data\Sharing\Data Download Portal\Sawyer Read.sde\VectorGIS_prd.DBO.Transportation\VectorGIS_prd.DBO.Intersection,IntSt_ID_5,-1,-1;IntSt_Name_5 "Intersecting Street 5" true true false 50 Text 0 0 ,First,#,\\tempest\shared\GIS\Data\Sharing\Data Download Portal\Sawyer Read.sde\VectorGIS_prd.DBO.Transportation\VectorGIS_prd.DBO.Intersection,IntSt_Name_5,-1,-1;IntSt_ID_6 "Intersecting Street ID 6" true true false 9 Text 0 0 ,First,#,\\tempest\shared\GIS\Data\Sharing\Data Download Portal\Sawyer Read.sde\VectorGIS_prd.DBO.Transportation\VectorGIS_prd.DBO.Intersection,IntSt_ID_6,-1,-1;IntSt_Name_6 "Intersecting Street 6" true true false 50 Text 0 0 ,First,#,\\tempest\shared\GIS\Data\Sharing\Data Download Portal\Sawyer Read.sde\VectorGIS_prd.DBO.Transportation\VectorGIS_prd.DBO.Intersection,IntSt_Name_6,-1,-1" #</Process><Process ToolSource="C:\Program Files (x86)\ArcGIS\Desktop10.0\ArcToolbox\Toolboxes\Data Management Tools.tbx\CopyFeatures" Date="20140226" Time="123218">CopyFeatures "\\tempest\shared\GIS\Data\Sharing\Data Download Portal\Staging\TransportationGDB\Transportation.gdb\Intersection" "\\tempest\shared\GIS\Data\Sharing\Data Download Portal\Staging\TransportationSHP\Intersection.shp" # 0 0 0</Process></lineage><itemProps><itemName Sync="TRUE">Intersection</itemName><imsContentType Sync="TRUE">002</imsContentType><itemSize Sync="TRUE">0.000</itemSize><itemLocation><linkage Sync="TRUE">file://\\tempest\shared\GIS\Data\Sharing\Data Download Portal\Staging\TransportationSHP\Intersection.shp</linkage><protocol Sync="TRUE">Local Area Network</protocol></itemLocation></itemProps><coordRef><type Sync="TRUE">Projected</type><geogcsn Sync="TRUE">GCS_North_American_1983</geogcsn><csUnits Sync="TRUE">Linear Unit: Foot_US (0.304801)</csUnits><projcsn Sync="TRUE">NAD_1983_StatePlane_Virginia_South_FIPS_4502_Feet</projcsn><peXml Sync="TRUE">&lt;ProjectedCoordinateSystem xsi:type='typens:ProjectedCoordinateSystem' xmlns:xsi='http://www.w3.org/2001/XMLSchema-instance' xmlns:xs='http://www.w3.org/2001/XMLSchema' xmlns:typens='http://www.esri.com/schemas/ArcGIS/10.0'&gt;&lt;WKT&gt;PROJCS[&amp;quot;NAD_1983_StatePlane_Virginia_South_FIPS_4502_Feet&amp;quot;,GEOGCS[&amp;quot;GCS_North_American_1983&amp;quot;,DATUM[&amp;quot;D_North_American_1983&amp;quot;,SPHEROID[&amp;quot;GRS_1980&amp;quot;,6378137.0,298.257222101]],PRIMEM[&amp;quot;Greenwich&amp;quot;,0.0],UNIT[&amp;quot;Degree&amp;quot;,0.0174532925199433]],PROJECTION[&amp;quot;Lambert_Conformal_Conic&amp;quot;],PARAMETER[&amp;quot;False_Easting&amp;quot;,11482916.66666666],PARAMETER[&amp;quot;False_Northing&amp;quot;,3280833.333333333],PARAMETER[&amp;quot;Central_Meridian&amp;quot;,-78.5],PARAMETER[&amp;quot;Standard_Parallel_1&amp;quot;,36.76666666666667],PARAMETER[&amp;quot;Standard_Parallel_2&amp;quot;,37.96666666666667],PARAMETER[&amp;quot;Latitude_Of_Origin&amp;quot;,36.33333333333334],UNIT[&amp;quot;Foot_US&amp;quot;,0.3048006096012192],AUTHORITY[&amp;quot;EPSG&amp;quot;,2284]]&lt;/WKT&gt;&lt;XOrigin&gt;-111140600&lt;/XOrigin&gt;&lt;YOrigin&gt;-91532100&lt;/YOrigin&gt;&lt;XYScale&gt;36727036.750856541&lt;/XYScale&gt;&lt;ZOrigin&gt;-100000&lt;/ZOrigin&gt;&lt;ZScale&gt;10000&lt;/ZScale&gt;&lt;MOrigin&gt;-100000&lt;/MOrigin&gt;&lt;MScale&gt;10000&lt;/MScale&gt;&lt;XYTolerance&gt;0.0032808333333333335&lt;/XYTolerance&gt;&lt;ZTolerance&gt;0.001&lt;/ZTolerance&gt;&lt;MTolerance&gt;0.001&lt;/MTolerance&gt;&lt;HighPrecision&gt;true&lt;/HighPrecision&gt;&lt;WKID&gt;2284&lt;/WKID&gt;&lt;/ProjectedCoordinateSystem&gt;</peXml></coordRef></DataProperties><SyncDate>20140226</SyncDate><SyncTime>12321500</SyncTime><ModDate>20140226</ModDate><ModTime>12321500</ModTime></Esri><idinfo><native Sync="TRUE">Microsoft Windows 2000 Version 5.2 (Build 3790) Service Pack 2; ESRI ArcCatalog 9.3.1.4000</native><descript><langdata Sync="TRUE">en</langdata><abstract>Locations of intersections.</abstract><purpose>The purpose of this data set is to show the location of intersections. </purpose></descript><citation><citeinfo><origin>REQUIRED: The name of an organization or individual that developed the data set.</origin><pubdate>REQUIRED: The date when the data set is published or otherwise made available for release.</pubdate><title Sync="TRUE">Intersection</title><ftname Sync="TRUE">Intersection</ftname><geoform Sync="TRUE">vector digital data</geoform><onlink Sync="TRUE">\\GIS-RMR\C$\TEMP\GIS_DataDownload_Staging_Transportation\GDB\Transportation.gdb</onlink></citeinfo></citation><timeperd><current>REQUIRED: The basis on which the time period of content information is determined.</current><timeinfo><sngdate><caldate>REQUIRED: The year (and optionally month, or month and day) for which the data set corresponds to the ground.</caldate></sngdate></timeinfo></timeperd><status><progress>REQUIRED: The state of the data set.</progress><update>REQUIRED: The frequency with which changes and additions are made to the data set after the initial data set is completed.</update></status><spdom><bounding><westbc Sync="TRUE">-79.271312</westbc><eastbc Sync="TRUE">-79.087355</eastbc><northbc Sync="TRUE">37.469387</northbc><southbc Sync="TRUE">37.332709</southbc></bounding><lboundng><leftbc Sync="TRUE">11259071.864865</leftbc><rightbc Sync="TRUE">11312153.052337</rightbc><bottombc Sync="TRUE">3645608.308573</bottombc><topbc Sync="TRUE">3694992.597599</topbc></lboundng></spdom><keywords><theme><themekt>REQUIRED: Reference to a formally registered thesaurus or a similar authoritative source of theme keywords.</themekt><themekey>Intersections</themekey></theme></keywords><accconst>Users of this data agree to the use constraints described in this metadata document.</accconst><useconst>Pursuant to Section 54.1-402, paragraph C of the Code of Virginia, which is quoted below, this data may not be used for purposes listed in said paragraph C, since the data was not created, nor is it maintained under the supervision of a licensed land surveyor.</useconst><natvform Sync="TRUE">File Geodatabase Feature Class</natvform></idinfo><dataIdInfo><envirDesc Sync="TRUE">Microsoft Windows 7 Version 6.1 (Build 7601) Service Pack 1; ESRI ArcGIS 10.0.5.4400</envirDesc><dataLang><languageCode Sync="TRUE" value="eng"></languageCode><countryCode value="USA" Sync="TRUE"></countryCode></dataLang><idCitation><resTitle Sync="TRUE">Intersection</resTitle><presForm><PresFormCd Sync="TRUE" value="005"></PresFormCd></presForm></idCitation><spatRpType><SpatRepTypCd Sync="TRUE" value="001"></SpatRepTypCd></spatRpType><dataExt><geoEle><GeoBndBox esriExtentType="native"><westBL Sync="TRUE">11259071.864865</westBL><eastBL Sync="TRUE">11312153.052337</eastBL><northBL Sync="TRUE">3694992.597599</northBL><southBL Sync="TRUE">3645608.308573</southBL><exTypeCode Sync="TRUE">1</exTypeCode></GeoBndBox></geoEle></dataExt><geoBox esriExtentType="decdegrees"><westBL Sync="TRUE">-79.271312</westBL><eastBL Sync="TRUE">-79.087355</eastBL><northBL Sync="TRUE">37.469387</northBL><southBL Sync="TRUE">37.332709</southBL><exTypeCode Sync="TRUE">1</exTypeCode></geoBox></dataIdInfo><metainfo><langmeta Sync="TRUE">en</langmeta><metstdn Sync="TRUE">FGDC Content Standards for Digital Geospatial Metadata</metstdn><metstdv Sync="TRUE">FGDC-STD-001-1998</metstdv><mettc Sync="TRUE">local time</mettc><metc><cntinfo><cntorgp><cntper>REQUIRED: The person responsible for the metadata information.</cntper><cntorg>REQUIRED: The organization responsible for the metadata information.</cntorg></cntorgp><cntaddr><addrtype>REQUIRED: The mailing and/or physical address for the organization or individual.</addrtype><city>REQUIRED: The city of the address.</city><state>REQUIRED: The state or province of the address.</state><postal>REQUIRED: The ZIP or other postal code of the address.</postal></cntaddr><cntvoice>REQUIRED: The telephone number by which individuals can speak to the organization or individual.</cntvoice></cntinfo></metc><metd Sync="TRUE">20120201</metd></metainfo><mdLang><languageCode Sync="TRUE" value="eng"></languageCode><countryCode value="USA" Sync="TRUE"></countryCode></mdLang><mdStanName Sync="TRUE">ISO 19115 Geographic Information - Metadata</mdStanName><mdStanVer Sync="TRUE">DIS_ESRI1.0</mdStanVer><mdChar><CharSetCd Sync="TRUE" value="004"></CharSetCd></mdChar><mdHrLv><ScopeCd Sync="TRUE" value="005"></ScopeCd></mdHrLv><mdHrLvName Sync="TRUE">dataset</mdHrLvName><distinfo><resdesc Sync="TRUE">Downloadable Data</resdesc></distinfo><distInfo><distributor><distorTran><onLineSrc><orDesc Sync="TRUE">002</orDesc><linkage Sync="TRUE">file://\\GIS-RMR\C$\TEMP\GIS_DataDownload_Staging_Transportation\GDB\Transportation.gdb</linkage><protocol Sync="TRUE">Local Area Network</protocol></onLineSrc></distorTran><distorFormat><formatName Sync="TRUE">File Geodatabase Feature Class</formatName></distorFormat></distributor><distFormat><formatName Sync="TRUE">Shapefile</formatName></distFormat><distTranOps><transSize Sync="TRUE">0.000</transSize></distTranOps></distInfo><spdoinfo><direct Sync="TRUE">Vector</direct><ptvctinf><esriterm><efeatyp Sync="TRUE">Simple</efeatyp><efeageom code="1" Sync="TRUE"></efeageom><esritopo Sync="TRUE">FALSE</esritopo><efeacnt Sync="TRUE">0</efeacnt><spindex Sync="TRUE">FALSE</spindex><linrefer Sync="TRUE">TRUE</linrefer></esriterm></ptvctinf></spdoinfo><spref><horizsys><cordsysn><geogcsn Sync="TRUE">GCS_North_American_1983</geogcsn><projcsn Sync="TRUE">NAD_1983_StatePlane_Virginia_South_FIPS_4502_Feet</projcsn></cordsysn><planar><planci><plance Sync="TRUE">coordinate pair</plance><plandu Sync="TRUE">survey feet</plandu><coordrep><absres Sync="TRUE">0.000328</absres><ordres Sync="TRUE">0.000328</ordres></coordrep></planci></planar><geodetic><horizdn Sync="TRUE">North American Datum of 1983</horizdn><ellips Sync="TRUE">Geodetic Reference System 80</ellips><semiaxis Sync="TRUE">6378137.000000</semiaxis><denflat Sync="TRUE">298.257222</denflat></geodetic></horizsys><vertdef><altsys><altenc Sync="TRUE">Explicit elevation coordinate included with horizontal coordinates</altenc><altres Sync="TRUE">1.000000</altres></altsys></vertdef></spref><refSysInfo><RefSystem><refSysID><identCode Sync="TRUE" value="2284">NAD_1983_StatePlane_Virginia_South_FIPS_4502_Feet</identCode><idCodeSpace Sync="TRUE">EPSG</idCodeSpace><idVersion Sync="TRUE">7.4.1</idVersion></refSysID></RefSystem></refSysInfo><spatRepInfo><VectSpatRep><geometObjs Name="Intersection"><geoObjTyp><GeoObjTypCd value="004" Sync="TRUE"></GeoObjTypCd></geoObjTyp><geoObjCnt Sync="TRUE">0</geoObjCnt></geometObjs><topLvl><TopoLevCd value="001" Sync="TRUE"></TopoLevCd></topLvl></VectSpatRep></spatRepInfo><eainfo><detailed Name="Intersection"><enttyp><enttypl Sync="TRUE">Intersection</enttypl><enttypt Sync="TRUE">Feature Class</enttypt><enttypc Sync="TRUE">0</enttypc></enttyp><attr><attrlabl Sync="TRUE">FID</attrlabl><attalias Sync="TRUE">FID</attalias><attrtype Sync="TRUE">OID</attrtype><attwidth Sync="TRUE">4</attwidth><atprecis Sync="TRUE">0</atprecis><attscale Sync="TRUE">0</attscale><attrdef Sync="TRUE">Internal feature number.</attrdef><attrdefs Sync="TRUE">ESRI</attrdefs><attrdomv><udom Sync="TRUE">Sequential unique whole numbers that are automatically generated.</udom></attrdomv></attr><attr><attrlabl Sync="TRUE">Int_ID</attrlabl><attalias Sync="TRUE">Int_ID</attalias><attrtype Sync="TRUE">String</attrtype><attwidth Sync="TRUE">12</attwidth><atprecis Sync="TRUE">0</atprecis><attscale Sync="TRUE">0</attscale></attr><attr><attrlabl Sync="TRUE">IntSt_ID_1</attrlabl><attalias Sync="TRUE">IntSt_ID_1</attalias><attrtype Sync="TRUE">String</attrtype><attwidth Sync="TRUE">9</attwidth><atprecis Sync="TRUE">0</atprecis><attscale Sync="TRUE">0</attscale></attr><attr><attrlabl Sync="TRUE">IntSt_ID_2</attrlabl><attalias Sync="TRUE">IntSt_ID_2</attalias><attrtype Sync="TRUE">String</attrtype><attwidth Sync="TRUE">9</attwidth><atprecis Sync="TRUE">0</atprecis><attscale Sync="TRUE">0</attscale></attr><attr><attrlabl Sync="TRUE">IntSt_Name</attrlabl><attalias Sync="TRUE">IntSt_Name</attalias><attrtype Sync="TRUE">String</attrtype><attwidth Sync="TRUE">50</attwidth><atprecis Sync="TRUE">0</atprecis><attscale Sync="TRUE">0</attscale></attr><attr><attrlabl Sync="TRUE">IntSt_ID_3</attrlabl><attalias Sync="TRUE">IntSt_ID_3</attalias><attrtype Sync="TRUE">String</attrtype><attwidth Sync="TRUE">9</attwidth><atprecis Sync="TRUE">0</atprecis><attscale Sync="TRUE">0</attscale></attr><attr><attrlabl Sync="TRUE">IntSt_Na_1</attrlabl><attalias Sync="TRUE">IntSt_Na_1</attalias><attrtype Sync="TRUE">String</attrtype><attwidth Sync="TRUE">50</attwidth><atprecis Sync="TRUE">0</atprecis><attscale Sync="TRUE">0</attscale></attr><attr><attrlabl Sync="TRUE">IntSt_ID_4</attrlabl><attalias Sync="TRUE">IntSt_ID_4</attalias><attrtype Sync="TRUE">String</attrtype><attwidth Sync="TRUE">9</attwidth><atprecis Sync="TRUE">0</atprecis><attscale Sync="TRUE">0</attscale></attr><attr><attrlabl Sync="TRUE">IntSt_Na_2</attrlabl><attalias Sync="TRUE">IntSt_Na_2</attalias><attrtype Sync="TRUE">String</attrtype><attwidth Sync="TRUE">50</attwidth><atprecis Sync="TRUE">0</atprecis><attscale Sync="TRUE">0</attscale></attr><attr><attrlabl Sync="TRUE">IntSt_ID_5</attrlabl><attalias Sync="TRUE">IntSt_ID_5</attalias><attrtype Sync="TRUE">String</attrtype><attwidth Sync="TRUE">9</attwidth><atprecis Sync="TRUE">0</atprecis><attscale Sync="TRUE">0</attscale></attr><attr><attrlabl Sync="TRUE">IntSt_Na_3</attrlabl><attalias Sync="TRUE">IntSt_Na_3</attalias><attrtype Sync="TRUE">String</attrtype><attwidth Sync="TRUE">50</attwidth><atprecis Sync="TRUE">0</atprecis><attscale Sync="TRUE">0</attscale></attr><attr><attrlabl Sync="TRUE">IntSt_ID_6</attrlabl><attalias Sync="TRUE">IntSt_ID_6</attalias><attrtype Sync="TRUE">String</attrtype><attwidth Sync="TRUE">9</attwidth><atprecis Sync="TRUE">0</atprecis><attscale Sync="TRUE">0</attscale></attr><attr><attrlabl Sync="TRUE">IntSt_Na_4</attrlabl><attalias Sync="TRUE">IntSt_Na_4</attalias><attrtype Sync="TRUE">String</attrtype><attwidth Sync="TRUE">50</attwidth><atprecis Sync="TRUE">0</atprecis><attscale Sync="TRUE">0</attscale></attr><attr><attrlabl Sync="TRUE">SHAPE</attrlabl><attalias Sync="TRUE">Shape</attalias><attrtype Sync="TRUE">Geometry</attrtype><attwidth Sync="TRUE">0</attwidth><atprecis Sync="TRUE">0</atprecis><attscale Sync="TRUE">0</attscale><attrdef Sync="TRUE">Feature geometry.</attrdef><attrdefs Sync="TRUE">ESRI</attrdefs><attrdomv><udom Sync="TRUE">Coordinates defining the features.</udom></attrdomv></attr><attr><attrlabl Sync="TRUE">IntSt_Na_5</attrlabl><attalias Sync="TRUE">IntSt_Na_5</attalias><attrtype Sync="TRUE">String</attrtype><attwidth Sync="TRUE">50</attwidth><atprecis Sync="TRUE">0</atprecis><attscale Sync="TRUE">0</attscale></attr></detailed></eainfo><mdDateSt Sync="TRUE">20140226</mdDateSt></metadata>
