<metadata xml:lang="en"><Esri><CreaDate>20140226</CreaDate><CreaTime>11311800</CreaTime><SyncOnce>FALSE</SyncOnce><SyncDate>20140226</SyncDate><SyncTime>12323400</SyncTime><ModDate>20140226</ModDate><ModTime>12323400</ModTime><DataProperties><lineage><Process ToolSource="C:\Program Files (x86)\ArcGIS\ArcToolbox\Toolboxes\Conversion Tools.tbx\FeatureClassToFeatureClass" Date="20110516" Time="085600">FeatureClassToFeatureClass "C:\3D Streets\StreetElev\Street_Elevations.gdb\ONE_M" "C:\Documents and Settings\conwasc\Desktop\StreetCenterlines - Replacement\Test.gdb\Transportation" StreetCenterline # "STSGMT_ID 'STSGMT_ID' true true false 9 Text 0 0 ,First,#,C:\3D Streets\StreetElev\Street_Elevations.gdb\ONE_M,STSGMT_ID,-1,-1;ST_ID 'ST_ID' true true false 4 Text 0 0 ,First,#,C:\3D Streets\StreetElev\Street_Elevations.gdb\ONE_M,ST_ID,-1,-1;SGMT_ID 'SGMT_ID' true true false 3 Text 0 0 ,First,#,C:\3D Streets\StreetElev\Street_Elevations.gdb\ONE_M,SGMT_ID,-1,-1;PreDir 'Prefix Directional' true true false 2 Text 0 0 ,First,#,C:\3D Streets\StreetElev\Street_Elevations.gdb\ONE_M,PreDir,-1,-1;Name 'Name' true true false 50 Text 0 0 ,First,#,C:\3D Streets\StreetElev\Street_Elevations.gdb\ONE_M,Name,-1,-1;Type 'Type' true true false 5 Text 0 0 ,First,#,C:\3D Streets\StreetElev\Street_Elevations.gdb\ONE_M,Type,-1,-1;Dir 'Post Directional' true true false 4 Text 0 0 ,First,#,C:\3D Streets\StreetElev\Street_Elevations.gdb\ONE_M,Dir,-1,-1;StreetName 'Street Name' true true false 50 Text 0 0 ,First,#,C:\3D Streets\StreetElev\Street_Elevations.gdb\ONE_M,StreetName,-1,-1;FullStreet 'Full Street' true true false 70 Text 0 0 ,First,#,C:\3D Streets\StreetElev\Street_Elevations.gdb\ONE_M,FullStreet,-1,-1;Alias 'Alias' true true false 75 Text 0 0 ,First,#,C:\3D Streets\StreetElev\Street_Elevations.gdb\ONE_M,Alias,-1,-1;Jurisdiction 'Jurisdiction' true true false 50 Text 0 0 ,First,#,C:\3D Streets\StreetElev\Street_Elevations.gdb\ONE_M,Jurisdiction,-1,-1;Rte_Text 'Route Text' true true false 4 Text 0 0 ,First,#,C:\3D Streets\StreetElev\Street_Elevations.gdb\ONE_M,Rte_Text,-1,-1;Rte_Number 'Route Number' true true false 4 Long 0 0 ,First,#,C:\3D Streets\StreetElev\Street_Elevations.gdb\ONE_M,Rte_Number,-1,-1;Rte_Description 'Route Description' true true false 50 Text 0 0 ,First,#,C:\3D Streets\StreetElev\Street_Elevations.gdb\ONE_M,Rte_Description,-1,-1;Class_Functional 'Classifcation Functional' true true false 4 Long 0 0 ,First,#,C:\3D Streets\StreetElev\Street_Elevations.gdb\ONE_M,Class_Functional,-1,-1;Class_Thematic 'Classification Thematic' true true false 4 Long 0 0 ,First,#,C:\3D Streets\StreetElev\Street_Elevations.gdb\ONE_M,Class_Thematic,-1,-1;Class_Special 'Classification Special' true true false 4 Long 0 0 ,First,#,C:\3D Streets\StreetElev\Street_Elevations.gdb\ONE_M,Class_Special,-1,-1;Private 'Private' true true false 2 Short 0 0 ,First,#,C:\3D Streets\StreetElev\Street_Elevations.gdb\ONE_M,Private,-1,-1;LifeCycle 'Life Cycle' true true false 50 Text 0 0 ,First,#,C:\3D Streets\StreetElev\Street_Elevations.gdb\ONE_M,LifeCycle,-1,-1;Addr_LFrom 'Address Left From' true true false 4 Long 0 0 ,First,#,C:\3D Streets\StreetElev\Street_Elevations.gdb\ONE_M,Addr_LFrom,-1,-1;Addr_LTo 'Address Left To' true true false 4 Long 0 0 ,First,#,C:\3D Streets\StreetElev\Street_Elevations.gdb\ONE_M,Addr_LTo,-1,-1;Addr_RFrom 'Address Right From' true true false 4 Long 0 0 ,First,#,C:\3D Streets\StreetElev\Street_Elevations.gdb\ONE_M,Addr_RFrom,-1,-1;Addr_RTo 'Address Right To' true true false 4 Long 0 0 ,First,#,C:\3D Streets\StreetElev\Street_Elevations.gdb\ONE_M,Addr_RTo,-1,-1;Zip_L 'Zip Code Left' true true false 4 Long 0 0 ,First,#,C:\3D Streets\StreetElev\Street_Elevations.gdb\ONE_M,Zip_L,-1,-1;Zip_R 'Zip Code Right' true true false 4 Long 0 0 ,First,#,C:\3D Streets\StreetElev\Street_Elevations.gdb\ONE_M,Zip_R,-1,-1;CrossSt_From 'Cross Street From' true true false 100 Text 0 0 ,First,#,C:\3D Streets\StreetElev\Street_Elevations.gdb\ONE_M,CrossSt_From,-1,-1;CrossSt_To 'Cross Street To' true true false 100 Text 0 0 ,First,#,C:\3D Streets\StreetElev\Street_Elevations.gdb\ONE_M,CrossSt_To,-1,-1;Int_From 'Intersection From' true true false 12 Text 0 0 ,First,#,C:\3D Streets\StreetElev\Street_Elevations.gdb\ONE_M,Int_From,-1,-1;Int_To 'Intersection To' true true false 12 Text 0 0 ,First,#,C:\3D Streets\StreetElev\Street_Elevations.gdb\ONE_M,Int_To,-1,-1;LinearRef_From 'Linear Referencing From' true true false 8 Double 0 0 ,First,#,C:\3D Streets\StreetElev\Street_Elevations.gdb\ONE_M,LinearRef_From,-1,-1;LinearRef_To 'Linear Referencing To' true true false 8 Double 0 0 ,First,#,C:\3D Streets\StreetElev\Street_Elevations.gdb\ONE_M,LinearRef_To,-1,-1;SpeedLimit 'Speed Limit' true true false 4 Long 0 0 ,First,#,C:\3D Streets\StreetElev\Street_Elevations.gdb\ONE_M,SpeedLimit,-1,-1;Restriction_Truck 'Restriction Truck' true true false 2 Text 0 0 ,First,#,C:\3D Streets\StreetElev\Street_Elevations.gdb\ONE_M,Restriction_Truck,-1,-1;DirTravel 'Direction of Travel' true true false 2 Text 0 0 ,First,#,C:\3D Streets\StreetElev\Street_Elevations.gdb\ONE_M,DirTravel,-1,-1;INGBAMS 'INGBAMS' true true false 2 Short 0 0 ,First,#,C:\3D Streets\StreetElev\Street_Elevations.gdb\ONE_M,INGBAMS,-1,-1;GBALINK 'GBALINK' true true false 4 Long 0 0 ,First,#,C:\3D Streets\StreetElev\Street_Elevations.gdb\ONE_M,GBALINK,-1,-1;GBAMSSTLISTID 'GBAMSSTLISTID' true true false 4 Long 0 0 ,First,#,C:\3D Streets\StreetElev\Street_Elevations.gdb\ONE_M,GBAMSSTLISTID,-1,-1;INPSAPS 'INPSAPS' true true false 2 Short 0 0 ,First,#,C:\3D Streets\StreetElev\Street_Elevations.gdb\ONE_M,INPSAPS,-1,-1;CityInput 'City Input' true true false 2 Short 0 0 ,First,#,C:\3D Streets\StreetElev\Street_Elevations.gdb\ONE_M,CityInput,-1,-1;Editor 'Editor' true true false 40 Text 0 0 ,First,#,C:\3D Streets\StreetElev\Street_Elevations.gdb\ONE_M,Editor,-1,-1;DateModify 'DateModify' true true false 8 Date 0 0 ,First,#,C:\3D Streets\StreetElev\Street_Elevations.gdb\ONE_M,DateModify,-1,-1;OLD_ID 'OLD_ID' true true false 50 Text 0 0 ,First,#,C:\3D Streets\StreetElev\Street_Elevations.gdb\ONE_M,OLD_ID,-1,-1;GlobalID 'GlobalID' false false true 38 Long 0 0 ,First,#,C:\3D Streets\StreetElev\Street_Elevations.gdb\ONE_M,GlobalID,-1,-1;VDOT_Reimburse 'VDOT_Reimburse' true true false 2 Short 0 0 ,First,#,C:\3D Streets\StreetElev\Street_Elevations.gdb\ONE_M,VDOT_Reimburse,-1,-1;SHAPE_Length 'SHAPE_Length' false true true 8 Double 0 0 ,First,#,C:\3D Streets\StreetElev\Street_Elevations.gdb\ONE_M,SHAPE_Length,-1,-1;Length_3D '3D Length' true true false 8 Double 0 0 ,First,#,C:\3D Streets\StreetElev\Street_Elevations.gdb\ONE_M,Length_3D,-1,-1" # "C:\Documents and Settings\conwasc\Desktop\StreetCenterlines - Replacement\Test.gdb\Transportation\StreetCenterline"</Process><Process ToolSource="C:\Program Files\ArcGIS\ArcToolbox\Toolboxes\Conversion Tools.tbx\FeatureClassToFeatureClass" Date="20110519" Time="173214">FeatureClassToFeatureClass "D:\Shared\GIS\Database Maintenance\StreetCenterlines - Replacement\Test.gdb\Transportation\StreetCenterline" "Database Connections\MURLOC_DIRECT.sde\VectorGIS_prd.DBO.Transportation" StreetCenterline # "STSGMT_ID 'STSGMT_ID' true true false 9 Text 0 0 ,First,#,D:\Shared\GIS\Database Maintenance\StreetCenterlines - Replacement\Test.gdb\Transportation\StreetCenterline,STSGMT_ID,-1,-1;ST_ID 'ST_ID' true true false 4 Text 0 0 ,First,#,D:\Shared\GIS\Database Maintenance\StreetCenterlines - Replacement\Test.gdb\Transportation\StreetCenterline,ST_ID,-1,-1;SGMT_ID 'SGMT_ID' true true false 3 Text 0 0 ,First,#,D:\Shared\GIS\Database Maintenance\StreetCenterlines - Replacement\Test.gdb\Transportation\StreetCenterline,SGMT_ID,-1,-1;PreDir 'Prefix Directional' true true false 2 Text 0 0 ,First,#,D:\Shared\GIS\Database Maintenance\StreetCenterlines - Replacement\Test.gdb\Transportation\StreetCenterline,PreDir,-1,-1;Name 'Name' true true false 50 Text 0 0 ,First,#,D:\Shared\GIS\Database Maintenance\StreetCenterlines - Replacement\Test.gdb\Transportation\StreetCenterline,Name,-1,-1;Type 'Type' true true false 5 Text 0 0 ,First,#,D:\Shared\GIS\Database Maintenance\StreetCenterlines - Replacement\Test.gdb\Transportation\StreetCenterline,Type,-1,-1;Dir 'Post Directional' true true false 4 Text 0 0 ,First,#,D:\Shared\GIS\Database Maintenance\StreetCenterlines - Replacement\Test.gdb\Transportation\StreetCenterline,Dir,-1,-1;StreetName 'Street Name' true true false 50 Text 0 0 ,First,#,D:\Shared\GIS\Database Maintenance\StreetCenterlines - Replacement\Test.gdb\Transportation\StreetCenterline,StreetName,-1,-1;FullStreet 'Full Street' true true false 70 Text 0 0 ,First,#,D:\Shared\GIS\Database Maintenance\StreetCenterlines - Replacement\Test.gdb\Transportation\StreetCenterline,FullStreet,-1,-1;Alias 'Alias' true true false 75 Text 0 0 ,First,#,D:\Shared\GIS\Database Maintenance\StreetCenterlines - Replacement\Test.gdb\Transportation\StreetCenterline,Alias,-1,-1;Jurisdiction 'Jurisdiction' true true false 50 Text 0 0 ,First,#,D:\Shared\GIS\Database Maintenance\StreetCenterlines - Replacement\Test.gdb\Transportation\StreetCenterline,Jurisdiction,-1,-1;Rte_Text 'Route Text' true true false 4 Text 0 0 ,First,#,D:\Shared\GIS\Database Maintenance\StreetCenterlines - Replacement\Test.gdb\Transportation\StreetCenterline,Rte_Text,-1,-1;Rte_Number 'Route Number' true true false 4 Long 0 0 ,First,#,D:\Shared\GIS\Database Maintenance\StreetCenterlines - Replacement\Test.gdb\Transportation\StreetCenterline,Rte_Number,-1,-1;Rte_Description 'Route Description' true true false 50 Text 0 0 ,First,#,D:\Shared\GIS\Database Maintenance\StreetCenterlines - Replacement\Test.gdb\Transportation\StreetCenterline,Rte_Description,-1,-1;Class_Functional 'Classifcation Functional' true true false 4 Long 0 0 ,First,#,D:\Shared\GIS\Database Maintenance\StreetCenterlines - Replacement\Test.gdb\Transportation\StreetCenterline,Class_Functional,-1,-1;Class_Thematic 'Classification Thematic' true true false 4 Long 0 0 ,First,#,D:\Shared\GIS\Database Maintenance\StreetCenterlines - Replacement\Test.gdb\Transportation\StreetCenterline,Class_Thematic,-1,-1;Class_Special 'Classification Special' true true false 4 Long 0 0 ,First,#,D:\Shared\GIS\Database Maintenance\StreetCenterlines - Replacement\Test.gdb\Transportation\StreetCenterline,Class_Special,-1,-1;Private 'Private' true true false 2 Short 0 0 ,First,#,D:\Shared\GIS\Database Maintenance\StreetCenterlines - Replacement\Test.gdb\Transportation\StreetCenterline,Private,-1,-1;LifeCycle 'Life Cycle' true true false 50 Text 0 0 ,First,#,D:\Shared\GIS\Database Maintenance\StreetCenterlines - Replacement\Test.gdb\Transportation\StreetCenterline,LifeCycle,-1,-1;Addr_LFrom 'Address Left From' true true false 4 Long 0 0 ,First,#,D:\Shared\GIS\Database Maintenance\StreetCenterlines - Replacement\Test.gdb\Transportation\StreetCenterline,Addr_LFrom,-1,-1;Addr_LTo 'Address Left To' true true false 4 Long 0 0 ,First,#,D:\Shared\GIS\Database Maintenance\StreetCenterlines - Replacement\Test.gdb\Transportation\StreetCenterline,Addr_LTo,-1,-1;Addr_RFrom 'Address Right From' true true false 4 Long 0 0 ,First,#,D:\Shared\GIS\Database Maintenance\StreetCenterlines - Replacement\Test.gdb\Transportation\StreetCenterline,Addr_RFrom,-1,-1;Addr_RTo 'Address Right To' true true false 4 Long 0 0 ,First,#,D:\Shared\GIS\Database Maintenance\StreetCenterlines - Replacement\Test.gdb\Transportation\StreetCenterline,Addr_RTo,-1,-1;Zip_L 'Zip Code Left' true true false 4 Long 0 0 ,First,#,D:\Shared\GIS\Database Maintenance\StreetCenterlines - Replacement\Test.gdb\Transportation\StreetCenterline,Zip_L,-1,-1;Zip_R 'Zip Code Right' true true false 4 Long 0 0 ,First,#,D:\Shared\GIS\Database Maintenance\StreetCenterlines - Replacement\Test.gdb\Transportation\StreetCenterline,Zip_R,-1,-1;CrossSt_From 'Cross Street From' true true false 100 Text 0 0 ,First,#,D:\Shared\GIS\Database Maintenance\StreetCenterlines - Replacement\Test.gdb\Transportation\StreetCenterline,CrossSt_From,-1,-1;CrossSt_To 'Cross Street To' true true false 100 Text 0 0 ,First,#,D:\Shared\GIS\Database Maintenance\StreetCenterlines - Replacement\Test.gdb\Transportation\StreetCenterline,CrossSt_To,-1,-1;Int_From 'Intersection From' true true false 12 Text 0 0 ,First,#,D:\Shared\GIS\Database Maintenance\StreetCenterlines - Replacement\Test.gdb\Transportation\StreetCenterline,Int_From,-1,-1;Int_To 'Intersection To' true true false 12 Text 0 0 ,First,#,D:\Shared\GIS\Database Maintenance\StreetCenterlines - Replacement\Test.gdb\Transportation\StreetCenterline,Int_To,-1,-1;LinearRef_From 'Linear Referencing From' true true false 8 Double 0 0 ,First,#,D:\Shared\GIS\Database Maintenance\StreetCenterlines - Replacement\Test.gdb\Transportation\StreetCenterline,LinearRef_From,-1,-1;LinearRef_To 'Linear Referencing To' true true false 8 Double 0 0 ,First,#,D:\Shared\GIS\Database Maintenance\StreetCenterlines - Replacement\Test.gdb\Transportation\StreetCenterline,LinearRef_To,-1,-1;SpeedLimit 'Speed Limit' true true false 4 Long 0 0 ,First,#,D:\Shared\GIS\Database Maintenance\StreetCenterlines - Replacement\Test.gdb\Transportation\StreetCenterline,SpeedLimit,-1,-1;Restriction_Truck 'Restriction Truck' true true false 2 Text 0 0 ,First,#,D:\Shared\GIS\Database Maintenance\StreetCenterlines - Replacement\Test.gdb\Transportation\StreetCenterline,Restriction_Truck,-1,-1;DirTravel 'Direction of Travel' true true false 2 Text 0 0 ,First,#,D:\Shared\GIS\Database Maintenance\StreetCenterlines - Replacement\Test.gdb\Transportation\StreetCenterline,DirTravel,-1,-1;INGBAMS 'INGBAMS' true true false 2 Short 0 0 ,First,#,D:\Shared\GIS\Database Maintenance\StreetCenterlines - Replacement\Test.gdb\Transportation\StreetCenterline,INGBAMS,-1,-1;GBALINK 'GBALINK' true true false 4 Long 0 0 ,First,#,D:\Shared\GIS\Database Maintenance\StreetCenterlines - Replacement\Test.gdb\Transportation\StreetCenterline,GBALINK,-1,-1;GBAMSSTLISTID 'GBAMSSTLISTID' true true false 4 Long 0 0 ,First,#,D:\Shared\GIS\Database Maintenance\StreetCenterlines - Replacement\Test.gdb\Transportation\StreetCenterline,GBAMSSTLISTID,-1,-1;INPSAPS 'INPSAPS' true true false 2 Short 0 0 ,First,#,D:\Shared\GIS\Database Maintenance\StreetCenterlines - Replacement\Test.gdb\Transportation\StreetCenterline,INPSAPS,-1,-1;CityInput 'City Input' true true false 2 Short 0 0 ,First,#,D:\Shared\GIS\Database Maintenance\StreetCenterlines - Replacement\Test.gdb\Transportation\StreetCenterline,CityInput,-1,-1;Editor 'Editor' true true false 40 Text 0 0 ,First,#,D:\Shared\GIS\Database Maintenance\StreetCenterlines - Replacement\Test.gdb\Transportation\StreetCenterline,Editor,-1,-1;DateModify 'DateModify' true true false 8 Date 0 0 ,First,#,D:\Shared\GIS\Database Maintenance\StreetCenterlines - Replacement\Test.gdb\Transportation\StreetCenterline,DateModify,-1,-1;OLD_ID 'OLD_ID' true true false 50 Text 0 0 ,First,#,D:\Shared\GIS\Database Maintenance\StreetCenterlines - Replacement\Test.gdb\Transportation\StreetCenterline,OLD_ID,-1,-1;GlobalID 'GlobalID' false false true 38 Long 0 0 ,First,#,D:\Shared\GIS\Database Maintenance\StreetCenterlines - Replacement\Test.gdb\Transportation\StreetCenterline,GlobalID,-1,-1;VDOT_Reimburse 'VDOT_Reimburse' true true false 2 Short 0 0 ,First,#,D:\Shared\GIS\Database Maintenance\StreetCenterlines - Replacement\Test.gdb\Transportation\StreetCenterline,VDOT_Reimburse,-1,-1;Length_3D '3D Length' true true false 8 Double 0 0 ,First,#,D:\Shared\GIS\Database Maintenance\StreetCenterlines - Replacement\Test.gdb\Transportation\StreetCenterline,Length_3D,-1,-1;Shape_Length 'Shape_Length' false true true 8 Double 0 0 ,First,#,D:\Shared\GIS\Database Maintenance\StreetCenterlines - Replacement\Test.gdb\Transportation\StreetCenterline,Shape_Length,-1,-1" # "Database Connections\MURLOC_DIRECT.sde\VectorGIS_prd.DBO.Transportation\VectorGIS_prd.DBO.StreetCenterline"</Process><Process ToolSource="C:\Program Files (x86)\ArcGIS\Desktop10.0\ArcToolbox\Toolboxes\Data Management Tools.tbx\CalculateField" Date="20120416" Time="145152">CalculateField StreetCenterline CityInput 0 VB #</Process><Process ToolSource="c:\program files (x86)\arcgis\desktop10.0\ArcToolbox\Toolboxes\Data Management Tools.tbx\CalculateField" Date="20121011" Time="174938">CalculateField "\\Tempest\Shared\GIS\System Administration\Admin Tools\Database\Sawyer_Admin.sde\VectorGIS_prd.DBO.Transportation\VectorGIS_prd.DBO.StreetCenterline" Addr_Min res VB "Dim res\n\nif [Addr_LFrom] &gt; 0 then\n  if [Addr_RFrom] &gt; 0 then\n     if [Addr_LFrom] &lt; [Addr_RFrom] then\n       res = [Addr_LFrom]\n     else\n       res = [Addr_RFrom]\n     end if \n  else\n      res = [Addr_LFrom] \n  end if\nelseif [Addr_RFrom] &gt; 0 then\n res = [Addr_RFrom] \nelse\n res = 0\nend if\n\n"</Process><Process ToolSource="c:\program files (x86)\arcgis\desktop10.0\ArcToolbox\Toolboxes\Data Management Tools.tbx\CalculateField" Date="20121011" Time="175139">CalculateField "\\Tempest\Shared\GIS\System Administration\Admin Tools\Database\Sawyer_Admin.sde\VectorGIS_prd.DBO.Transportation\VectorGIS_prd.DBO.StreetCenterline" Addr_Max res VB "Dim res\n\nif [Addr_LTo] &gt; 0 then\n  if [Addr_RTo] &gt; 0 then\n     if [Addr_LTo] &gt; [Addr_RTo] then\n       res = [Addr_LTo]\n     else\n       res = [Addr_RTo]\n     end if \n  else\n      res = [Addr_LTo] \n  end if\nelseif [Addr_RTo] &gt; 0 then\n res = [Addr_RTo] \nelse\n res = 0\nend if\n\n\n"</Process><Process ToolSource="C:\Program Files (x86)\ArcGIS\Desktop10.0\ArcToolbox\Toolboxes\Data Management Tools.tbx\CalculateField" Date="20130221" Time="181438">CalculateField VectorGIS_prd.DBO.StreetCenterline Travel_Min calcTravelTime( !Length_3D!, !SpeedLimit!) PYTHON_9.3 "travelTimeMinutes = 0\n\ndef calcTravelTime (length, speed):\n lengthMiles = length / 5280\n travelTimeHours = lengthMiles / speed\n travelTimeMinutes = travelTimeHours * 60\n return travelTimeMinutes\n"</Process><Process ToolSource="C:\Program Files (x86)\ArcGIS\Desktop10.0\ArcToolbox\Toolboxes\Data Management Tools.tbx\CalculateField" Date="20130605" Time="140711">CalculateField StreetCenterline Restriction_Truck null VB #</Process><Process ToolSource="C:\Program Files (x86)\ArcGIS\Desktop10.0\ArcToolbox\Toolboxes\Data Management Tools.tbx\CalculateField" Date="20130605" Time="141040">CalculateField StreetCenterline Restriction_Truck "MD" VB #</Process><Process ToolSource="C:\Program Files (x86)\ArcGIS\Desktop10.0\ArcToolbox\Toolboxes\Data Management Tools.tbx\CalculateField" Date="20130605" Time="141219">CalculateField StreetCenterline Restriction_Truck "MD" VB #</Process><Process ToolSource="C:\Program Files (x86)\ArcGIS\Desktop10.0\ArcToolbox\Toolboxes\Data Management Tools.tbx\CalculateField" Date="20130605" Time="141243">CalculateField StreetCenterline Restriction_Truck "MD" VB #</Process><Process ToolSource="C:\Program Files (x86)\ArcGIS\Desktop10.0\ArcToolbox\Toolboxes\Data Management Tools.tbx\CalculateField" Date="20130605" Time="141343">CalculateField StreetCenterline Restriction_Truck "MD" VB #</Process><Process ToolSource="C:\Program Files (x86)\ArcGIS\Desktop10.0\ArcToolbox\Toolboxes\Data Management Tools.tbx\CalculateField" Date="20130605" Time="141423">CalculateField StreetCenterline Restriction_Truck "MD" VB #</Process><Process ToolSource="C:\Program Files (x86)\ArcGIS\Desktop10.0\ArcToolbox\Toolboxes\Data Management Tools.tbx\CalculateField" Date="20130605" Time="141520">CalculateField StreetCenterline Restriction_Truck "MD" VB #</Process><Process ToolSource="C:\Program Files (x86)\ArcGIS\Desktop10.0\ArcToolbox\Toolboxes\Data Management Tools.tbx\CalculateField" Date="20130605" Time="141613">CalculateField StreetCenterline Restriction_Truck "MD" VB #</Process><Process ToolSource="C:\Program Files (x86)\ArcGIS\Desktop10.0\ArcToolbox\Toolboxes\Data Management Tools.tbx\CalculateField" Date="20130605" Time="141709">CalculateField StreetCenterline Restriction_Truck "MD" VB #</Process><Process ToolSource="C:\Program Files (x86)\ArcGIS\Desktop10.0\ArcToolbox\Toolboxes\Data Management Tools.tbx\CalculateField" Date="20130712" Time="160827">CalculateField VectorGIS_prd.DBO.StreetCenterline TrafficCalming "Fine" VB #</Process><Process ToolSource="C:\Program Files (x86)\ArcGIS\Desktop10.0\ArcToolbox\Toolboxes\Data Management Tools.tbx\CalculateField" Date="20131114" Time="155132">CalculateField VectorGIS_prd.DBO.StreetCenterline Alias_911 "501 EXS" VB #</Process><Process ToolSource="C:\Program Files (x86)\ArcGIS\Desktop10.0\ArcToolbox\Toolboxes\Data Management Tools.tbx\CalculateField" Date="20140124" Time="093924">CalculateField VectorGIS_prd.DBO.StreetCenterline BikeLane 0 VB #</Process><Process ToolSource="C:\Program Files (x86)\ArcGIS\Desktop10.0\ArcToolbox\Toolboxes\Conversion Tools.tbx\FeatureClassToFeatureClass" Date="20140131" Time="101320">FeatureClassToFeatureClass "Database Connections\Sawyer - Reader.sde\VectorGIS_prd.DBO.Transportation\VectorGIS_prd.DBO.StreetCenterline" "\\Tempest\Shared\GIS\Data\Sharing\Data Download Portal\Staging\TransportationGDB\Transportation.gdb" a # "STSGMT_ID "STSGMT_ID" true true false 9 Text 0 0 ,First,#,Database Connections\Sawyer - Reader.sde\VectorGIS_prd.DBO.Transportation\VectorGIS_prd.DBO.StreetCenterline,STSGMT_ID,-1,-1;ST_ID "ST_ID" true true false 4 Text 0 0 ,First,#,Database Connections\Sawyer - Reader.sde\VectorGIS_prd.DBO.Transportation\VectorGIS_prd.DBO.StreetCenterline,ST_ID,-1,-1;SGMT_ID "SGMT_ID" true true false 3 Text 0 0 ,First,#,Database Connections\Sawyer - Reader.sde\VectorGIS_prd.DBO.Transportation\VectorGIS_prd.DBO.StreetCenterline,SGMT_ID,-1,-1;PreDir "Prefix Directional" true true false 2 Text 0 0 ,First,#,Database Connections\Sawyer - Reader.sde\VectorGIS_prd.DBO.Transportation\VectorGIS_prd.DBO.StreetCenterline,PreDir,-1,-1;Name "Name" true true false 50 Text 0 0 ,First,#,Database Connections\Sawyer - Reader.sde\VectorGIS_prd.DBO.Transportation\VectorGIS_prd.DBO.StreetCenterline,Name,-1,-1;Type "Type" true true false 5 Text 0 0 ,First,#,Database Connections\Sawyer - Reader.sde\VectorGIS_prd.DBO.Transportation\VectorGIS_prd.DBO.StreetCenterline,Type,-1,-1;Dir "Post Directional" true true false 4 Text 0 0 ,First,#,Database Connections\Sawyer - Reader.sde\VectorGIS_prd.DBO.Transportation\VectorGIS_prd.DBO.StreetCenterline,Dir,-1,-1;StreetName "Street Name" true true false 50 Text 0 0 ,First,#,Database Connections\Sawyer - Reader.sde\VectorGIS_prd.DBO.Transportation\VectorGIS_prd.DBO.StreetCenterline,StreetName,-1,-1;FullStreet "Full Street" true true false 70 Text 0 0 ,First,#,Database Connections\Sawyer - Reader.sde\VectorGIS_prd.DBO.Transportation\VectorGIS_prd.DBO.StreetCenterline,FullStreet,-1,-1;Alias "Alias" true true false 75 Text 0 0 ,First,#,Database Connections\Sawyer - Reader.sde\VectorGIS_prd.DBO.Transportation\VectorGIS_prd.DBO.StreetCenterline,Alias,-1,-1;Jurisdiction "Jurisdiction" true true false 50 Text 0 0 ,First,#,Database Connections\Sawyer - Reader.sde\VectorGIS_prd.DBO.Transportation\VectorGIS_prd.DBO.StreetCenterline,Jurisdiction,-1,-1;Rte_Text "Route Text" true true false 4 Text 0 0 ,First,#,Database Connections\Sawyer - Reader.sde\VectorGIS_prd.DBO.Transportation\VectorGIS_prd.DBO.StreetCenterline,Rte_Text,-1,-1;Rte_Number "Route Number" true true false 4 Long 0 10 ,First,#,Database Connections\Sawyer - Reader.sde\VectorGIS_prd.DBO.Transportation\VectorGIS_prd.DBO.StreetCenterline,Rte_Number,-1,-1;Rte_Description "Route Description" true true false 50 Text 0 0 ,First,#,Database Connections\Sawyer - Reader.sde\VectorGIS_prd.DBO.Transportation\VectorGIS_prd.DBO.StreetCenterline,Rte_Description,-1,-1;Class_Functional "Classifcation Functional" true true false 4 Long 0 10 ,First,#,Database Connections\Sawyer - Reader.sde\VectorGIS_prd.DBO.Transportation\VectorGIS_prd.DBO.StreetCenterline,Class_Functional,-1,-1;Class_Thematic "Classification Thematic" true true false 4 Long 0 10 ,First,#,Database Connections\Sawyer - Reader.sde\VectorGIS_prd.DBO.Transportation\VectorGIS_prd.DBO.StreetCenterline,Class_Thematic,-1,-1;Class_Special "Classification Special" true true false 4 Long 0 10 ,First,#,Database Connections\Sawyer - Reader.sde\VectorGIS_prd.DBO.Transportation\VectorGIS_prd.DBO.StreetCenterline,Class_Special,-1,-1;Private "Private" true true false 2 Short 0 5 ,First,#,Database Connections\Sawyer - Reader.sde\VectorGIS_prd.DBO.Transportation\VectorGIS_prd.DBO.StreetCenterline,Private,-1,-1;LifeCycle "Life Cycle" true true false 50 Text 0 0 ,First,#,Database Connections\Sawyer - Reader.sde\VectorGIS_prd.DBO.Transportation\VectorGIS_prd.DBO.StreetCenterline,LifeCycle,-1,-1;Addr_LFrom "Address Left From" true true false 4 Long 0 10 ,First,#,Database Connections\Sawyer - Reader.sde\VectorGIS_prd.DBO.Transportation\VectorGIS_prd.DBO.StreetCenterline,Addr_LFrom,-1,-1;Addr_LTo "Address Left To" true true false 4 Long 0 10 ,First,#,Database Connections\Sawyer - Reader.sde\VectorGIS_prd.DBO.Transportation\VectorGIS_prd.DBO.StreetCenterline,Addr_LTo,-1,-1;Addr_RFrom "Address Right From" true true false 4 Long 0 10 ,First,#,Database Connections\Sawyer - Reader.sde\VectorGIS_prd.DBO.Transportation\VectorGIS_prd.DBO.StreetCenterline,Addr_RFrom,-1,-1;Addr_RTo "Address Right To" true true false 4 Long 0 10 ,First,#,Database Connections\Sawyer - Reader.sde\VectorGIS_prd.DBO.Transportation\VectorGIS_prd.DBO.StreetCenterline,Addr_RTo,-1,-1;Zip_L "Zip Code Left" true true false 4 Long 0 10 ,First,#,Database Connections\Sawyer - Reader.sde\VectorGIS_prd.DBO.Transportation\VectorGIS_prd.DBO.StreetCenterline,Zip_L,-1,-1;Zip_R "Zip Code Right" true true false 4 Long 0 10 ,First,#,Database Connections\Sawyer - Reader.sde\VectorGIS_prd.DBO.Transportation\VectorGIS_prd.DBO.StreetCenterline,Zip_R,-1,-1;CrossSt_From "Cross Street From" true true false 100 Text 0 0 ,First,#,Database Connections\Sawyer - Reader.sde\VectorGIS_prd.DBO.Transportation\VectorGIS_prd.DBO.StreetCenterline,CrossSt_From,-1,-1;CrossSt_To "Cross Street To" true true false 100 Text 0 0 ,First,#,Database Connections\Sawyer - Reader.sde\VectorGIS_prd.DBO.Transportation\VectorGIS_prd.DBO.StreetCenterline,CrossSt_To,-1,-1;Int_From "Intersection From" true true false 12 Text 0 0 ,First,#,Database Connections\Sawyer - Reader.sde\VectorGIS_prd.DBO.Transportation\VectorGIS_prd.DBO.StreetCenterline,Int_From,-1,-1;Int_To "Intersection To" true true false 12 Text 0 0 ,First,#,Database Connections\Sawyer - Reader.sde\VectorGIS_prd.DBO.Transportation\VectorGIS_prd.DBO.StreetCenterline,Int_To,-1,-1;LinearRef_From "Linear Referencing From" true true false 8 Double 8 38 ,First,#,Database Connections\Sawyer - Reader.sde\VectorGIS_prd.DBO.Transportation\VectorGIS_prd.DBO.StreetCenterline,LinearRef_From,-1,-1;LinearRef_To "Linear Referencing To" true true false 8 Double 8 38 ,First,#,Database Connections\Sawyer - Reader.sde\VectorGIS_prd.DBO.Transportation\VectorGIS_prd.DBO.StreetCenterline,LinearRef_To,-1,-1;SpeedLimit "Speed Limit" true true false 4 Long 0 10 ,First,#,Database Connections\Sawyer - Reader.sde\VectorGIS_prd.DBO.Transportation\VectorGIS_prd.DBO.StreetCenterline,SpeedLimit,-1,-1;Restriction_Truck "Restriction Truck" true true false 2 Text 0 0 ,First,#,Database Connections\Sawyer - Reader.sde\VectorGIS_prd.DBO.Transportation\VectorGIS_prd.DBO.StreetCenterline,Restriction_Truck,-1,-1;DirTravel "Direction of Travel" true true false 2 Text 0 0 ,First,#,Database Connections\Sawyer - Reader.sde\VectorGIS_prd.DBO.Transportation\VectorGIS_prd.DBO.StreetCenterline,DirTravel,-1,-1;INGBAMS "INGBAMS" true true false 2 Short 0 5 ,First,#,Database Connections\Sawyer - Reader.sde\VectorGIS_prd.DBO.Transportation\VectorGIS_prd.DBO.StreetCenterline,INGBAMS,-1,-1;GBALINK "GBALINK" true true false 4 Long 0 10 ,First,#,Database Connections\Sawyer - Reader.sde\VectorGIS_prd.DBO.Transportation\VectorGIS_prd.DBO.StreetCenterline,GBALINK,-1,-1;GBAMSSTLISTID "GBAMSSTLISTID" true true false 4 Long 0 10 ,First,#,Database Connections\Sawyer - Reader.sde\VectorGIS_prd.DBO.Transportation\VectorGIS_prd.DBO.StreetCenterline,GBAMSSTLISTID,-1,-1;INPSAPS "INPSAPS" true true false 2 Short 0 5 ,First,#,Database Connections\Sawyer - Reader.sde\VectorGIS_prd.DBO.Transportation\VectorGIS_prd.DBO.StreetCenterline,INPSAPS,-1,-1;CityInput "City Input" true true false 2 Short 0 5 ,First,#,Database Connections\Sawyer - Reader.sde\VectorGIS_prd.DBO.Transportation\VectorGIS_prd.DBO.StreetCenterline,CityInput,-1,-1;Editor "Editor" true true false 40 Text 0 0 ,First,#,Database Connections\Sawyer - Reader.sde\VectorGIS_prd.DBO.Transportation\VectorGIS_prd.DBO.StreetCenterline,Editor,-1,-1;DateModify "DateModify" true true false 36 Date 0 0 ,First,#,Database Connections\Sawyer - Reader.sde\VectorGIS_prd.DBO.Transportation\VectorGIS_prd.DBO.StreetCenterline,DateModify,-1,-1;OLD_ID "OLD_ID" true true false 50 Text 0 0 ,First,#,Database Connections\Sawyer - Reader.sde\VectorGIS_prd.DBO.Transportation\VectorGIS_prd.DBO.StreetCenterline,OLD_ID,-1,-1;GlobalID "GlobalID" false false true 38 GlobalID 0 0 ,First,#,Database Connections\Sawyer - Reader.sde\VectorGIS_prd.DBO.Transportation\VectorGIS_prd.DBO.StreetCenterline,GlobalID,-1,-1;VDOT_Reimburse "VDOT Reimbursable" true true false 2 Short 0 5 ,First,#,Database Connections\Sawyer - Reader.sde\VectorGIS_prd.DBO.Transportation\VectorGIS_prd.DBO.StreetCenterline,VDOT_Reimburse,-1,-1;Length_3D "3D Length" true true false 8 Double 8 38 ,First,#,Database Connections\Sawyer - Reader.sde\VectorGIS_prd.DBO.Transportation\VectorGIS_prd.DBO.StreetCenterline,Length_3D,-1,-1;Addr_Min "Address From Min" true true false 4 Long 0 10 ,First,#,Database Connections\Sawyer - Reader.sde\VectorGIS_prd.DBO.Transportation\VectorGIS_prd.DBO.StreetCenterline,Addr_Min,-1,-1;Addr_Max "Address To Max" true true false 4 Long 0 10 ,First,#,Database Connections\Sawyer - Reader.sde\VectorGIS_prd.DBO.Transportation\VectorGIS_prd.DBO.StreetCenterline,Addr_Max,-1,-1;Travel_Min "Travel Time - Minutes" true true false 8 Double 8 38 ,First,#,Database Connections\Sawyer - Reader.sde\VectorGIS_prd.DBO.Transportation\VectorGIS_prd.DBO.StreetCenterline,Travel_Min,-1,-1;TrafficCalming "Traffic Calming Measure" true true false 50 Text 0 0 ,First,#,Database Connections\Sawyer - Reader.sde\VectorGIS_prd.DBO.Transportation\VectorGIS_prd.DBO.StreetCenterline,TrafficCalming,-1,-1;Alias_911 "Alias_911" true true false 75 Text 0 0 ,First,#,Database Connections\Sawyer - Reader.sde\VectorGIS_prd.DBO.Transportation\VectorGIS_prd.DBO.StreetCenterline,Alias_911,-1,-1;BikeLane "Bike Lane" true true false 2 Short 0 5 ,First,#,Database Connections\Sawyer - Reader.sde\VectorGIS_prd.DBO.Transportation\VectorGIS_prd.DBO.StreetCenterline,BikeLane,-1,-1;Shape_len "Shape_len" false false true 0 Double 0 0 ,First,#,Database Connections\Sawyer - Reader.sde\VectorGIS_prd.DBO.Transportation\VectorGIS_prd.DBO.StreetCenterline,Shape.len,-1,-1" #</Process><Process ToolSource="C:\Program Files (x86)\ArcGIS\Desktop10.0\ArcToolbox\Toolboxes\Data Management Tools.tbx\DeleteFeatures" Date="20140131" Time="101422">DeleteFeatures "\\Tempest\Shared\GIS\Data\Sharing\Data Download Portal\Staging\TransportationGDB\Transportation.gdb\StreetCenterline"</Process><Process Name="SC Append" ToolSource="C:\Program Files (x86)\ArcGIS\Desktop10.0\ArcToolbox\Toolboxes\Data Management Tools.tbx\Append" Date="20140131" Time="102154">Append in_memory\Centerlines "\\tempest\shared\GIS\Data\Sharing\Data Download Portal\Staging\TransportationGDB\Transportation.gdb\StreetCenterline" NO_TEST "STSGMT_ID "STSGMT_ID" true true false 9 Text 0 0 ,First,#,in_memory\Centerlines,STSGMT_ID,-1,-1;ST_ID "ST_ID" true true false 4 Text 0 0 ,First,#,in_memory\Centerlines,ST_ID,-1,-1;SGMT_ID "SGMT_ID" true true false 3 Text 0 0 ,First,#,in_memory\Centerlines,SGMT_ID,-1,-1;PreDir "Prefix Directional" true true false 2 Text 0 0 ,First,#,in_memory\Centerlines,PreDir,-1,-1;Name "Name" true true false 50 Text 0 0 ,First,#,in_memory\Centerlines,Name,-1,-1;Type "Type" true true false 5 Text 0 0 ,First,#,in_memory\Centerlines,Type,-1,-1;Dir "Post Directional" true true false 4 Text 0 0 ,First,#,in_memory\Centerlines,Dir,-1,-1;StreetName "Street Name" true true false 50 Text 0 0 ,First,#,in_memory\Centerlines,StreetName,-1,-1;FullStreet "Full Street" true true false 70 Text 0 0 ,First,#,in_memory\Centerlines,FullStreet,-1,-1;Alias "Alias" true true false 75 Text 0 0 ,First,#,in_memory\Centerlines,Alias,-1,-1;Jurisdiction "Jurisdiction" true true false 50 Text 0 0 ,First,#,in_memory\Centerlines,Jurisdiction,-1,-1;Rte_Text "Route Text" true true false 4 Text 0 0 ,First,#,in_memory\Centerlines,Rte_Text,-1,-1;Rte_Number "Route Number" true true false 4 Long 0 0 ,First,#,in_memory\Centerlines,Rte_Number,-1,-1;Rte_Description "Route Description" true true false 50 Text 0 0 ,First,#,in_memory\Centerlines,Rte_Description,-1,-1;Class_Functional "Classifcation Functional" true true false 4 Long 0 0 ,First,#,in_memory\Centerlines,Class_Functional,-1,-1;Class_Thematic "Classification Thematic" true true false 4 Long 0 0 ,First,#,in_memory\Centerlines,Class_Thematic,-1,-1;Class_Special "Classification Special" true true false 4 Long 0 0 ,First,#,in_memory\Centerlines,Class_Special,-1,-1;Private "Private" true true false 2 Short 0 0 ,First,#,in_memory\Centerlines,Private,-1,-1;LifeCycle "Life Cycle" true true false 50 Text 0 0 ,First,#,in_memory\Centerlines,LifeCycle,-1,-1;Addr_LFrom "Address Left From" true true false 4 Long 0 0 ,First,#,in_memory\Centerlines,Addr_LFrom,-1,-1;Addr_LTo "Address Left To" true true false 4 Long 0 0 ,First,#,in_memory\Centerlines,Addr_LTo,-1,-1;Addr_RFrom "Address Right From" true true false 4 Long 0 0 ,First,#,in_memory\Centerlines,Addr_RFrom,-1,-1;Addr_RTo "Address Right To" true true false 4 Long 0 0 ,First,#,in_memory\Centerlines,Addr_RTo,-1,-1;Zip_L "Zip Code Left" true true false 4 Long 0 0 ,First,#,in_memory\Centerlines,Zip_L,-1,-1;Zip_R "Zip Code Right" true true false 4 Long 0 0 ,First,#,in_memory\Centerlines,Zip_R,-1,-1;CrossSt_From "Cross Street From" true true false 100 Text 0 0 ,First,#,in_memory\Centerlines,CrossSt_From,-1,-1;CrossSt_To "Cross Street To" true true false 100 Text 0 0 ,First,#,in_memory\Centerlines,CrossSt_To,-1,-1;Int_From "Intersection From" true true false 12 Text 0 0 ,First,#,in_memory\Centerlines,Int_From,-1,-1;Int_To "Intersection To" true true false 12 Text 0 0 ,First,#,in_memory\Centerlines,Int_To,-1,-1;LinearRef_From "Linear Referencing From" true true false 8 Double 0 0 ,First,#,in_memory\Centerlines,LinearRef_From,-1,-1;LinearRef_To "Linear Referencing To" true true false 8 Double 0 0 ,First,#,in_memory\Centerlines,LinearRef_To,-1,-1;SpeedLimit "Speed Limit" true true false 4 Long 0 0 ,First,#,in_memory\Centerlines,SpeedLimit,-1,-1;Restriction_Truck "Restriction Truck" true true false 2 Text 0 0 ,First,#,in_memory\Centerlines,Restriction_Truck,-1,-1;DirTravel "Direction of Travel" true true false 2 Text 0 0 ,First,#,in_memory\Centerlines,DirTravel,-1,-1;INGBAMS "INGBAMS" true true false 2 Short 0 0 ,First,#,in_memory\Centerlines,INGBAMS,-1,-1;GBALINK "GBALINK" true true false 4 Long 0 0 ,First,#,in_memory\Centerlines,GBALINK,-1,-1;GBAMSSTLISTID "GBAMSSTLISTID" true true false 4 Long 0 0 ,First,#,in_memory\Centerlines,GBAMSSTLISTID,-1,-1;INPSAPS "INPSAPS" true true false 2 Short 0 0 ,First,#,in_memory\Centerlines,INPSAPS,-1,-1;CityInput "City Input" true true false 2 Short 0 0 ,First,#,in_memory\Centerlines,CityInput,-1,-1;Editor "Editor" true true false 40 Text 0 0 ,First,#,in_memory\Centerlines,Editor,-1,-1;DateModify "DateModify" true true false 8 Date 0 0 ,First,#,in_memory\Centerlines,DateModify,-1,-1;OLD_ID "OLD_ID" true true false 50 Text 0 0 ,First,#,in_memory\Centerlines,OLD_ID,-1,-1;GlobalID "GlobalID" false false false 38 GlobalID 0 0 ,First,#,in_memory\Centerlines,GlobalID,-1,-1;VDOT_Reimburse "VDOT Reimbursable" true true false 2 Short 0 0 ,First,#,in_memory\Centerlines,VDOT_Reimburse,-1,-1;Length_3D "3D Length" true true false 8 Double 0 0 ,First,#,in_memory\Centerlines,Length_3D,-1,-1;Addr_Min "Address From Min" true true false 4 Long 0 0 ,First,#,in_memory\Centerlines,Addr_Min,-1,-1;Addr_Max "Address To Max" true true false 4 Long 0 0 ,First,#,in_memory\Centerlines,Addr_Max,-1,-1;Travel_Min "Travel Time - Minutes" true true false 8 Double 0 0 ,First,#,in_memory\Centerlines,Travel_Min,-1,-1;TrafficCalming "Traffic Calming Measure" true true false 50 Text 0 0 ,First,#,in_memory\Centerlines,TrafficCalming,-1,-1;Alias_911 "Alias_911" true true false 75 Text 0 0 ,First,#,in_memory\Centerlines,Alias_911,-1,-1;BikeLane "Bike Lane" true true false 2 Short 0 0 ,First,#,in_memory\Centerlines,BikeLane,-1,-1;Shape_Length "Shape_Length" false true true 8 Double 0 0 ,First,#,in_memory\Centerlines,Shape_length,-1,-1" #</Process><Process Name="Delete Rows (2)" ToolSource="C:\Program Files (x86)\ArcGIS\Desktop10.0\ArcToolbox\Toolboxes\Data Management Tools.tbx\DeleteRows" Date="20140131" Time="102422">DeleteRows "\\tempest\shared\GIS\Data\Sharing\Data Download Portal\Staging\TransportationGDB\Transportation.gdb\StreetCenterline"</Process><Process Name="SC Append" ToolSource="C:\Program Files (x86)\ArcGIS\Desktop10.0\ArcToolbox\Toolboxes\Data Management Tools.tbx\Append" Date="20140131" Time="102543">Append in_memory\Centerlines "\\tempest\shared\GIS\Data\Sharing\Data Download Portal\Staging\TransportationGDB\Transportation.gdb\StreetCenterline" NO_TEST "STSGMT_ID "STSGMT_ID" true true false 9 Text 0 0 ,First,#,in_memory\Centerlines,STSGMT_ID,-1,-1;ST_ID "ST_ID" true true false 4 Text 0 0 ,First,#,in_memory\Centerlines,ST_ID,-1,-1;SGMT_ID "SGMT_ID" true true false 3 Text 0 0 ,First,#,in_memory\Centerlines,SGMT_ID,-1,-1;PreDir "Prefix Directional" true true false 2 Text 0 0 ,First,#,in_memory\Centerlines,PreDir,-1,-1;Name "Name" true true false 50 Text 0 0 ,First,#,in_memory\Centerlines,Name,-1,-1;Type "Type" true true false 5 Text 0 0 ,First,#,in_memory\Centerlines,Type,-1,-1;Dir "Post Directional" true true false 4 Text 0 0 ,First,#,in_memory\Centerlines,Dir,-1,-1;StreetName "Street Name" true true false 50 Text 0 0 ,First,#,in_memory\Centerlines,StreetName,-1,-1;FullStreet "Full Street" true true false 70 Text 0 0 ,First,#,in_memory\Centerlines,FullStreet,-1,-1;Alias "Alias" true true false 75 Text 0 0 ,First,#,in_memory\Centerlines,Alias,-1,-1;Jurisdiction "Jurisdiction" true true false 50 Text 0 0 ,First,#,in_memory\Centerlines,Jurisdiction,-1,-1;Rte_Text "Route Text" true true false 4 Text 0 0 ,First,#,in_memory\Centerlines,Rte_Text,-1,-1;Rte_Number "Route Number" true true false 4 Long 0 0 ,First,#,in_memory\Centerlines,Rte_Number,-1,-1;Rte_Description "Route Description" true true false 50 Text 0 0 ,First,#,in_memory\Centerlines,Rte_Description,-1,-1;Class_Functional "Classifcation Functional" true true false 4 Long 0 0 ,First,#,in_memory\Centerlines,Class_Functional,-1,-1;Class_Thematic "Classification Thematic" true true false 4 Long 0 0 ,First,#,in_memory\Centerlines,Class_Thematic,-1,-1;Class_Special "Classification Special" true true false 4 Long 0 0 ,First,#,in_memory\Centerlines,Class_Special,-1,-1;Private "Private" true true false 2 Short 0 0 ,First,#,in_memory\Centerlines,Private,-1,-1;LifeCycle "Life Cycle" true true false 50 Text 0 0 ,First,#,in_memory\Centerlines,LifeCycle,-1,-1;Addr_LFrom "Address Left From" true true false 4 Long 0 0 ,First,#,in_memory\Centerlines,Addr_LFrom,-1,-1;Addr_LTo "Address Left To" true true false 4 Long 0 0 ,First,#,in_memory\Centerlines,Addr_LTo,-1,-1;Addr_RFrom "Address Right From" true true false 4 Long 0 0 ,First,#,in_memory\Centerlines,Addr_RFrom,-1,-1;Addr_RTo "Address Right To" true true false 4 Long 0 0 ,First,#,in_memory\Centerlines,Addr_RTo,-1,-1;Zip_L "Zip Code Left" true true false 4 Long 0 0 ,First,#,in_memory\Centerlines,Zip_L,-1,-1;Zip_R "Zip Code Right" true true false 4 Long 0 0 ,First,#,in_memory\Centerlines,Zip_R,-1,-1;CrossSt_From "Cross Street From" true true false 100 Text 0 0 ,First,#,in_memory\Centerlines,CrossSt_From,-1,-1;CrossSt_To "Cross Street To" true true false 100 Text 0 0 ,First,#,in_memory\Centerlines,CrossSt_To,-1,-1;Int_From "Intersection From" true true false 12 Text 0 0 ,First,#,in_memory\Centerlines,Int_From,-1,-1;Int_To "Intersection To" true true false 12 Text 0 0 ,First,#,in_memory\Centerlines,Int_To,-1,-1;LinearRef_From "Linear Referencing From" true true false 8 Double 0 0 ,First,#,in_memory\Centerlines,LinearRef_From,-1,-1;LinearRef_To "Linear Referencing To" true true false 8 Double 0 0 ,First,#,in_memory\Centerlines,LinearRef_To,-1,-1;SpeedLimit "Speed Limit" true true false 4 Long 0 0 ,First,#,in_memory\Centerlines,SpeedLimit,-1,-1;Restriction_Truck "Restriction Truck" true true false 2 Text 0 0 ,First,#,in_memory\Centerlines,Restriction_Truck,-1,-1;DirTravel "Direction of Travel" true true false 2 Text 0 0 ,First,#,in_memory\Centerlines,DirTravel,-1,-1;INGBAMS "INGBAMS" true true false 2 Short 0 0 ,First,#,in_memory\Centerlines,INGBAMS,-1,-1;GBALINK "GBALINK" true true false 4 Long 0 0 ,First,#,in_memory\Centerlines,GBALINK,-1,-1;GBAMSSTLISTID "GBAMSSTLISTID" true true false 4 Long 0 0 ,First,#,in_memory\Centerlines,GBAMSSTLISTID,-1,-1;INPSAPS "INPSAPS" true true false 2 Short 0 0 ,First,#,in_memory\Centerlines,INPSAPS,-1,-1;CityInput "City Input" true true false 2 Short 0 0 ,First,#,in_memory\Centerlines,CityInput,-1,-1;Editor "Editor" true true false 40 Text 0 0 ,First,#,in_memory\Centerlines,Editor,-1,-1;DateModify "DateModify" true true false 8 Date 0 0 ,First,#,in_memory\Centerlines,DateModify,-1,-1;OLD_ID "OLD_ID" true true false 50 Text 0 0 ,First,#,in_memory\Centerlines,OLD_ID,-1,-1;GlobalID "GlobalID" false false false 38 GlobalID 0 0 ,First,#,in_memory\Centerlines,GlobalID,-1,-1;VDOT_Reimburse "VDOT Reimbursable" true true false 2 Short 0 0 ,First,#,in_memory\Centerlines,VDOT_Reimburse,-1,-1;Length_3D "3D Length" true true false 8 Double 0 0 ,First,#,in_memory\Centerlines,Length_3D,-1,-1;Addr_Min "Address From Min" true true false 4 Long 0 0 ,First,#,in_memory\Centerlines,Addr_Min,-1,-1;Addr_Max "Address To Max" true true false 4 Long 0 0 ,First,#,in_memory\Centerlines,Addr_Max,-1,-1;Travel_Min "Travel Time - Minutes" true true false 8 Double 0 0 ,First,#,in_memory\Centerlines,Travel_Min,-1,-1;TrafficCalming "Traffic Calming Measure" true true false 50 Text 0 0 ,First,#,in_memory\Centerlines,TrafficCalming,-1,-1;Alias_911 "Alias_911" true true false 75 Text 0 0 ,First,#,in_memory\Centerlines,Alias_911,-1,-1;BikeLane "Bike Lane" true true false 2 Short 0 0 ,First,#,in_memory\Centerlines,BikeLane,-1,-1;Shape_Length "Shape_Length" false true true 8 Double 0 0 ,First,#,in_memory\Centerlines,Shape_length,-1,-1" #</Process><Process Name="Delete Rows (2)" ToolSource="C:\Program Files (x86)\ArcGIS\Desktop10.0\ArcToolbox\Toolboxes\Data Management Tools.tbx\DeleteRows" Date="20140131" Time="102809">DeleteRows "\\tempest\shared\GIS\Data\Sharing\Data Download Portal\Staging\TransportationGDB\Transportation.gdb\StreetCenterline"</Process><Process Name="Initial Construction Append " ToolSource="C:\Program Files (x86)\ArcGIS\Desktop10.0\ArcToolbox\Toolboxes\Data Management Tools.tbx\Append" Date="20140226" Time="123104">Append 'in_memory\Initial Construction' "\\Tempest\Shared\GIS\Data\Sharing\Data Download Portal\Staging\TransportationGDB\Transportation.gdb\StreetCenterline_InitialConstruction" NO_TEST "STSGMT_ID "STSGMT_ID" true true false 9 Text 0 0 ,First,#,in_memory\Initial Construction,STSGMT_ID,-1,-1,in_memory\Initial Construction,STSGMT_ID,-1,-1,in_memory\Initial Construction,STSGMT_ID,-1,-1;ST_ID "ST_ID" true true false 4 Text 0 0 ,First,#,in_memory\Initial Construction,ST_ID,-1,-1,in_memory\Initial Construction,ST_ID,-1,-1,in_memory\Initial Construction,ST_ID,-1,-1;SGMT_ID "SGMT_ID" true true false 3 Text 0 0 ,First,#,in_memory\Initial Construction,SGMT_ID,-1,-1,in_memory\Initial Construction,SGMT_ID,-1,-1,in_memory\Initial Construction,SGMT_ID,-1,-1;PreDir "Prefix Directional" true true false 2 Text 0 0 ,First,#,in_memory\Initial Construction,PreDir,-1,-1,in_memory\Initial Construction,PreDir,-1,-1,in_memory\Initial Construction,PreDir,-1,-1;Name "Name" true true false 50 Text 0 0 ,First,#,in_memory\Initial Construction,Name,-1,-1,in_memory\Initial Construction,Name,-1,-1,in_memory\Initial Construction,Name,-1,-1;Type "Type" true true false 5 Text 0 0 ,First,#,in_memory\Initial Construction,Type,-1,-1,in_memory\Initial Construction,Type,-1,-1,in_memory\Initial Construction,Type,-1,-1;Dir "Post Directional" true true false 4 Text 0 0 ,First,#,in_memory\Initial Construction,Dir,-1,-1,in_memory\Initial Construction,Dir,-1,-1,in_memory\Initial Construction,Dir,-1,-1;StreetName "Street Name" true true false 50 Text 0 0 ,First,#,in_memory\Initial Construction,StreetName,-1,-1,in_memory\Initial Construction,StreetName,-1,-1,in_memory\Initial Construction,StreetName,-1,-1;FullStreet "Full Street" true true false 70 Text 0 0 ,First,#,in_memory\Initial Construction,FullStreet,-1,-1,in_memory\Initial Construction,FullStreet,-1,-1,in_memory\Initial Construction,FullStreet,-1,-1;Alias "Alias" true true false 75 Text 0 0 ,First,#,in_memory\Initial Construction,Alias,-1,-1,in_memory\Initial Construction,Alias,-1,-1,in_memory\Initial Construction,Alias,-1,-1;Jurisdiction "Jurisdiction" true true false 50 Text 0 0 ,First,#,in_memory\Initial Construction,Jurisdiction,-1,-1,in_memory\Initial Construction,Jurisdiction,-1,-1,in_memory\Initial Construction,Jurisdiction,-1,-1;Rte_Text "Route Text" true true false 4 Text 0 0 ,First,#,in_memory\Initial Construction,Rte_Text,-1,-1,in_memory\Initial Construction,Rte_Text,-1,-1,in_memory\Initial Construction,Rte_Text,-1,-1;Rte_Number "Route Number" true true false 4 Long 0 0 ,First,#,in_memory\Initial Construction,Rte_Number,-1,-1,in_memory\Initial Construction,Rte_Number,-1,-1,in_memory\Initial Construction,Rte_Number,-1,-1;Rte_Description "Route Description" true true false 50 Text 0 0 ,First,#,in_memory\Initial Construction,Rte_Description,-1,-1,in_memory\Initial Construction,Rte_Description,-1,-1,in_memory\Initial Construction,Rte_Description,-1,-1;Class_Functional "Classifcation Functional" true true false 4 Long 0 0 ,First,#,in_memory\Initial Construction,Class_Functional,-1,-1,in_memory\Initial Construction,Class_Functional,-1,-1,in_memory\Initial Construction,Class_Functional,-1,-1;Class_Thematic "Classification Thematic" true true false 4 Long 0 0 ,First,#,in_memory\Initial Construction,Class_Thematic,-1,-1,in_memory\Initial Construction,Class_Thematic,-1,-1,in_memory\Initial Construction,Class_Thematic,-1,-1;Class_Special "Classification Special" true true false 4 Long 0 0 ,First,#,in_memory\Initial Construction,Class_Special,-1,-1,in_memory\Initial Construction,Class_Special,-1,-1,in_memory\Initial Construction,Class_Special,-1,-1;Private "Private" true true false 2 Short 0 0 ,First,#,in_memory\Initial Construction,Private,-1,-1,in_memory\Initial Construction,Private,-1,-1,in_memory\Initial Construction,Private,-1,-1;LifeCycle "Life Cycle" true true false 50 Text 0 0 ,First,#,in_memory\Initial Construction,LifeCycle,-1,-1,in_memory\Initial Construction,LifeCycle,-1,-1,in_memory\Initial Construction,LifeCycle,-1,-1;Addr_LFrom "Address Left From" true true false 4 Long 0 0 ,First,#,in_memory\Initial Construction,Addr_LFrom,-1,-1,in_memory\Initial Construction,Addr_LFrom,-1,-1,in_memory\Initial Construction,Addr_LFrom,-1,-1;Addr_LTo "Address Left To" true true false 4 Long 0 0 ,First,#,in_memory\Initial Construction,Addr_LTo,-1,-1,in_memory\Initial Construction,Addr_LTo,-1,-1,in_memory\Initial Construction,Addr_LTo,-1,-1;Addr_RFrom "Address Right From" true true false 4 Long 0 0 ,First,#,in_memory\Initial Construction,Addr_RFrom,-1,-1,in_memory\Initial Construction,Addr_RFrom,-1,-1,in_memory\Initial Construction,Addr_RFrom,-1,-1;Addr_RTo "Address Right To" true true false 4 Long 0 0 ,First,#,in_memory\Initial Construction,Addr_RTo,-1,-1,in_memory\Initial Construction,Addr_RTo,-1,-1,in_memory\Initial Construction,Addr_RTo,-1,-1;Zip_L "Zip Code Left" true true false 4 Long 0 0 ,First,#,in_memory\Initial Construction,Zip_L,-1,-1,in_memory\Initial Construction,Zip_L,-1,-1,in_memory\Initial Construction,Zip_L,-1,-1;Zip_R "Zip Code Right" true true false 4 Long 0 0 ,First,#,in_memory\Initial Construction,Zip_R,-1,-1,in_memory\Initial Construction,Zip_R,-1,-1,in_memory\Initial Construction,Zip_R,-1,-1;CrossSt_From "Cross Street From" true true false 100 Text 0 0 ,First,#,in_memory\Initial Construction,CrossSt_From,-1,-1,in_memory\Initial Construction,CrossSt_From,-1,-1,in_memory\Initial Construction,CrossSt_From,-1,-1;CrossSt_To "Cross Street To" true true false 100 Text 0 0 ,First,#,in_memory\Initial Construction,CrossSt_To,-1,-1,in_memory\Initial Construction,CrossSt_To,-1,-1,in_memory\Initial Construction,CrossSt_To,-1,-1;Int_From "Intersection From" true true false 12 Text 0 0 ,First,#,in_memory\Initial Construction,Int_From,-1,-1,in_memory\Initial Construction,Int_From,-1,-1,in_memory\Initial Construction,Int_From,-1,-1;Int_To "Intersection To" true true false 12 Text 0 0 ,First,#,in_memory\Initial Construction,Int_To,-1,-1,in_memory\Initial Construction,Int_To,-1,-1,in_memory\Initial Construction,Int_To,-1,-1;LinearRef_From "Linear Referencing From" true true false 8 Double 0 0 ,First,#,in_memory\Initial Construction,LinearRef_From,-1,-1,in_memory\Initial Construction,LinearRef_From,-1,-1,in_memory\Initial Construction,LinearRef_From,-1,-1;LinearRef_To "Linear Referencing To" true true false 8 Double 0 0 ,First,#,in_memory\Initial Construction,LinearRef_To,-1,-1,in_memory\Initial Construction,LinearRef_To,-1,-1,in_memory\Initial Construction,LinearRef_To,-1,-1;SpeedLimit "Speed Limit" true true false 4 Long 0 0 ,First,#,in_memory\Initial Construction,SpeedLimit,-1,-1,in_memory\Initial Construction,SpeedLimit,-1,-1,in_memory\Initial Construction,SpeedLimit,-1,-1;Restriction_Truck "Restriction Truck" true true false 2 Text 0 0 ,First,#,in_memory\Initial Construction,Restriction_Truck,-1,-1,in_memory\Initial Construction,Restriction_Truck,-1,-1,in_memory\Initial Construction,Restriction_Truck,-1,-1;DirTravel "Direction of Travel" true true false 2 Text 0 0 ,First,#,in_memory\Initial Construction,DirTravel,-1,-1,in_memory\Initial Construction,DirTravel,-1,-1,in_memory\Initial Construction,DirTravel,-1,-1;INGBAMS "INGBAMS" true true false 2 Short 0 0 ,First,#,in_memory\Initial Construction,INGBAMS,-1,-1,in_memory\Initial Construction,INGBAMS,-1,-1,in_memory\Initial Construction,INGBAMS,-1,-1;GBALINK "GBALINK" true true false 4 Long 0 0 ,First,#,in_memory\Initial Construction,GBALINK,-1,-1,in_memory\Initial Construction,GBALINK,-1,-1,in_memory\Initial Construction,GBALINK,-1,-1;GBAMSSTLISTID "GBAMSSTLISTID" true true false 4 Long 0 0 ,First,#,in_memory\Initial Construction,GBAMSSTLISTID,-1,-1,in_memory\Initial Construction,GBAMSSTLISTID,-1,-1,in_memory\Initial Construction,GBAMSSTLISTID,-1,-1;INPSAPS "INPSAPS" true true false 2 Short 0 0 ,First,#,in_memory\Initial Construction,INPSAPS,-1,-1,in_memory\Initial Construction,INPSAPS,-1,-1,in_memory\Initial Construction,INPSAPS,-1,-1;CityInput "City Input" true true false 2 Short 0 0 ,First,#,in_memory\Initial Construction,CityInput,-1,-1,in_memory\Initial Construction,CityInput,-1,-1,in_memory\Initial Construction,CityInput,-1,-1;Editor "Editor" true true false 40 Text 0 0 ,First,#,in_memory\Initial Construction,Editor,-1,-1,in_memory\Initial Construction,Editor,-1,-1,in_memory\Initial Construction,Editor,-1,-1;DateModify "DateModify" true true false 8 Date 0 0 ,First,#,in_memory\Initial Construction,DateModify,-1,-1,in_memory\Initial Construction,DateModify,-1,-1,in_memory\Initial Construction,DateModify,-1,-1;OLD_ID "OLD_ID" true true false 50 Text 0 0 ,First,#,in_memory\Initial Construction,OLD_ID,-1,-1,in_memory\Initial Construction,OLD_ID,-1,-1,in_memory\Initial Construction,OLD_ID,-1,-1;GlobalID "GlobalID" false false false 38 GlobalID 0 0 ,First,#,in_memory\Initial Construction,GlobalID,-1,-1,in_memory\Initial Construction,GlobalID,-1,-1,in_memory\Initial Construction,GlobalID,-1,-1;VDOT_Reimburse "VDOT Reimbursable" true true false 2 Short 0 0 ,First,#,in_memory\Initial Construction,VDOT_Reimburse,-1,-1,in_memory\Initial Construction,VDOT_Reimburse,-1,-1,in_memory\Initial Construction,VDOT_Reimburse,-1,-1;Length_3D "3D Length" true true false 8 Double 0 0 ,First,#,in_memory\Initial Construction,Length_3D,-1,-1,in_memory\Initial Construction,Length_3D,-1,-1,in_memory\Initial Construction,Length_3D,-1,-1;Addr_Min "Address From Min" true true false 4 Long 0 0 ,First,#,in_memory\Initial Construction,Addr_Min,-1,-1,in_memory\Initial Construction,Addr_Min,-1,-1,in_memory\Initial Construction,Addr_Min,-1,-1;Addr_Max "Address To Max" true true false 4 Long 0 0 ,First,#,in_memory\Initial Construction,Addr_Max,-1,-1,in_memory\Initial Construction,Addr_Max,-1,-1,in_memory\Initial Construction,Addr_Max,-1,-1;Travel_Min "Travel Time - Minutes" true true false 8 Double 0 0 ,First,#,in_memory\Initial Construction,Travel_Min,-1,-1,in_memory\Initial Construction,Travel_Min,-1,-1,in_memory\Initial Construction,Travel_Min,-1,-1;TrafficCalming "Traffic Calming Measure" true true false 50 Text 0 0 ,First,#,in_memory\Initial Construction,TrafficCalming,-1,-1,in_memory\Initial Construction,TrafficCalming,-1,-1,in_memory\Initial Construction,TrafficCalming,-1,-1;Alias_911 "Alias_911" true true false 75 Text 0 0 ,First,#,in_memory\Initial Construction,Alias_911,-1,-1,in_memory\Initial Construction,Alias_911,-1,-1,in_memory\Initial Construction,Alias_911,-1,-1;BikeLane "Bike Lane" true true false 2 Short 0 0 ,First,#,in_memory\Initial Construction,BikeLane,-1,-1,in_memory\Initial Construction,BikeLane,-1,-1,in_memory\Initial Construction,BikeLane,-1,-1;StateID_RCL "StateID_RCL" true true false 8 Double 0 0 ,First,#,in_memory\Initial Construction,StateID_RCL,-1,-1,in_memory\Initial Construction,StateID_RCL,-1,-1;StateID_VDOTEdge "StateID_VDOTEdge" true true false 8 Double 0 0 ,First,#,in_memory\Initial Construction,StateID_VDOTEdge,-1,-1,in_memory\Initial Construction,StateID_VDOTEdge,-1,-1;StateID_Geo "StateID_Geo" true true false 8 Double 0 0 ,First,#,in_memory\Initial Construction,StateID_Geo,-1,-1,in_memory\Initial Construction,StateID_Geo,-1,-1;StateID_Local "StateID_Local" true true false 8 Double 0 0 ,First,#,in_memory\Initial Construction,StateID_Local,-1,-1,in_memory\Initial Construction,StateID_Local,-1,-1;Shape_Length "Shape_Length" false true true 8 Double 0 0 ,First,#,in_memory\Initial Construction,Shape_length,-1,-1,in_memory\Initial Construction,Shape_length,-1,-1,in_memory\Initial Construction,Shape_length,-1,-1" #</Process><Process ToolSource="C:\Program Files (x86)\ArcGIS\Desktop10.0\ArcToolbox\Toolboxes\Data Management Tools.tbx\CopyFeatures" Date="20140226" Time="123236">CopyFeatures "\\Tempest\Shared\GIS\Data\Sharing\Data Download Portal\Staging\TransportationGDB\Transportation.gdb\StreetCenterline_InitialConstruction" "\\tempest\shared\GIS\Data\Sharing\Data Download Portal\Staging\TransportationSHP\StreetCenterline_InitialConstruction.shp" # 0 0 0</Process></lineage><itemProps><itemName Sync="TRUE">StreetCenterline_InitialConstruction</itemName><imsContentType Sync="TRUE">002</imsContentType><itemLocation><linkage Sync="TRUE">file://\\tempest\shared\GIS\Data\Sharing\Data Download Portal\Staging\TransportationSHP\StreetCenterline_InitialConstruction.shp</linkage><protocol Sync="TRUE">Local Area Network</protocol></itemLocation><itemSize Sync="TRUE">0.000</itemSize></itemProps><coordRef><type Sync="TRUE">Projected</type><geogcsn Sync="TRUE">GCS_North_American_1983</geogcsn><csUnits Sync="TRUE">Linear Unit: Foot_US (0.304801)</csUnits><projcsn Sync="TRUE">NAD_1983_StatePlane_Virginia_South_FIPS_4502_Feet</projcsn><peXml Sync="TRUE">&lt;ProjectedCoordinateSystem xsi:type='typens:ProjectedCoordinateSystem' xmlns:xsi='http://www.w3.org/2001/XMLSchema-instance' xmlns:xs='http://www.w3.org/2001/XMLSchema' xmlns:typens='http://www.esri.com/schemas/ArcGIS/10.0'&gt;&lt;WKT&gt;PROJCS[&amp;quot;NAD_1983_StatePlane_Virginia_South_FIPS_4502_Feet&amp;quot;,GEOGCS[&amp;quot;GCS_North_American_1983&amp;quot;,DATUM[&amp;quot;D_North_American_1983&amp;quot;,SPHEROID[&amp;quot;GRS_1980&amp;quot;,6378137.0,298.257222101]],PRIMEM[&amp;quot;Greenwich&amp;quot;,0.0],UNIT[&amp;quot;Degree&amp;quot;,0.0174532925199433]],PROJECTION[&amp;quot;Lambert_Conformal_Conic&amp;quot;],PARAMETER[&amp;quot;False_Easting&amp;quot;,11482916.66666666],PARAMETER[&amp;quot;False_Northing&amp;quot;,3280833.333333333],PARAMETER[&amp;quot;Central_Meridian&amp;quot;,-78.5],PARAMETER[&amp;quot;Standard_Parallel_1&amp;quot;,36.76666666666667],PARAMETER[&amp;quot;Standard_Parallel_2&amp;quot;,37.96666666666667],PARAMETER[&amp;quot;Latitude_Of_Origin&amp;quot;,36.33333333333334],UNIT[&amp;quot;Foot_US&amp;quot;,0.3048006096012192],AUTHORITY[&amp;quot;EPSG&amp;quot;,2284]]&lt;/WKT&gt;&lt;XOrigin&gt;-111140600&lt;/XOrigin&gt;&lt;YOrigin&gt;-91532100&lt;/YOrigin&gt;&lt;XYScale&gt;36727036.750856541&lt;/XYScale&gt;&lt;ZOrigin&gt;-100000&lt;/ZOrigin&gt;&lt;ZScale&gt;10000&lt;/ZScale&gt;&lt;MOrigin&gt;-100000&lt;/MOrigin&gt;&lt;MScale&gt;10000&lt;/MScale&gt;&lt;XYTolerance&gt;0.0032808333333333335&lt;/XYTolerance&gt;&lt;ZTolerance&gt;0.001&lt;/ZTolerance&gt;&lt;MTolerance&gt;0.001&lt;/MTolerance&gt;&lt;HighPrecision&gt;true&lt;/HighPrecision&gt;&lt;WKID&gt;2284&lt;/WKID&gt;&lt;/ProjectedCoordinateSystem&gt;</peXml></coordRef></DataProperties><ArcGISFormat>1.0</ArcGISFormat><ArcGISstyle>FGDC CSDGM Metadata</ArcGISstyle></Esri><idinfo><native Sync="TRUE">Microsoft Windows 2000 Version 5.2 (Build 3790) Service Pack 2; ESRI ArcCatalog 9.3.1.1850</native><descript><langdata Sync="TRUE">en</langdata><abstract>REQUIRED: A brief narrative summary of the data set.</abstract><purpose>REQUIRED: A summary of the intentions with which the data set was developed.</purpose></descript><citation><citeinfo><origin>REQUIRED: The name of an organization or individual that developed the data set.</origin><pubdate>REQUIRED: The date when the data set is published or otherwise made available for release.</pubdate><title Sync="TRUE">VectorGIS_prd.DBO.StreetCenterline</title><ftname Sync="TRUE">VectorGIS_prd.DBO.StreetCenterline</ftname><geoform Sync="TRUE">vector digital data</geoform><onlink Sync="TRUE">Server=MURLOC; Service=SDE:SQLSERVER:MURLOC; Database=VectorGIS_prd; User=gisowner; Version=dbo.DEFAULT</onlink></citeinfo></citation><timeperd><current>REQUIRED: The basis on which the time period of content information is determined.</current><timeinfo><sngdate><caldate>REQUIRED: The year (and optionally month, or month and day) for which the data set corresponds to the ground.</caldate></sngdate></timeinfo></timeperd><status><progress>REQUIRED: The state of the data set.</progress><update>REQUIRED: The frequency with which changes and additions are made to the data set after the initial data set is completed.</update></status><spdom><bounding><westbc Sync="TRUE">REQUIRED: Western-most coordinate of the limit of coverage expressed in longitude.</westbc><eastbc Sync="TRUE">REQUIRED: Eastern-most coordinate of the limit of coverage expressed in longitude.</eastbc><northbc Sync="TRUE">REQUIRED: Northern-most coordinate of the limit of coverage expressed in latitude.</northbc><southbc Sync="TRUE">REQUIRED: Southern-most coordinate of the limit of coverage expressed in latitude.</southbc></bounding></spdom><keywords><theme><themekt>REQUIRED: Reference to a formally registered thesaurus or a similar authoritative source of theme keywords.</themekt><themekey>REQUIRED: Common-use word or phrase used to describe the subject of the data set.</themekey></theme></keywords><accconst>REQUIRED: Restrictions and legal prerequisites for accessing the data set.</accconst><useconst>REQUIRED: Restrictions and legal prerequisites for using the data set after access is granted.</useconst><natvform Sync="TRUE">SDE Feature Class</natvform></idinfo><dataIdInfo><envirDesc Sync="TRUE">Microsoft Windows 7 Version 6.1 (Build 7601) Service Pack 1; ESRI ArcGIS 10.0.5.4400</envirDesc><dataLang><languageCode Sync="TRUE" value="eng"/><countryCode value="USA" Sync="TRUE"></countryCode></dataLang><idCitation><resTitle Sync="TRUE">StreetCenterline_InitialConstruction</resTitle><presForm><PresFormCd Sync="TRUE" value="005"/></presForm></idCitation><spatRpType><SpatRepTypCd Sync="TRUE" value="001"/></spatRpType></dataIdInfo><metainfo><langmeta Sync="TRUE">en</langmeta><metstdn Sync="TRUE">FGDC Content Standards for Digital Geospatial Metadata</metstdn><metstdv Sync="TRUE">FGDC-STD-001-1998</metstdv><mettc Sync="TRUE">local time</mettc><metc><cntinfo><cntorgp><cntper>REQUIRED: The person responsible for the metadata information.</cntper><cntorg>REQUIRED: The organization responsible for the metadata information.</cntorg></cntorgp><cntaddr><addrtype>REQUIRED: The mailing and/or physical address for the organization or individual.</addrtype><city>REQUIRED: The city of the address.</city><state>REQUIRED: The state or province of the address.</state><postal>REQUIRED: The ZIP or other postal code of the address.</postal></cntaddr><cntvoice>REQUIRED: The telephone number by which individuals can speak to the organization or individual.</cntvoice></cntinfo></metc><metd Sync="TRUE">20110519</metd></metainfo><mdLang><languageCode Sync="TRUE" value="eng"/><countryCode value="USA" Sync="TRUE"></countryCode></mdLang><mdStanName Sync="TRUE">ISO 19115 Geographic Information - Metadata</mdStanName><mdStanVer Sync="TRUE">DIS_ESRI1.0</mdStanVer><mdChar><CharSetCd Sync="TRUE" value="004"/></mdChar><mdHrLv><ScopeCd Sync="TRUE" value="005"/></mdHrLv><mdHrLvName Sync="TRUE">dataset</mdHrLvName><distinfo><resdesc Sync="TRUE">Downloadable Data</resdesc></distinfo><distInfo><distributor><distorTran><onLineSrc><orDesc Sync="TRUE">002</orDesc><linkage Sync="TRUE">Server=MURLOC; Service=SDE:SQLSERVER:MURLOC; Database=VectorGIS_prd; User=gisowner; Version=dbo.DEFAULT</linkage><protocol Sync="TRUE">ArcSDE Connection</protocol></onLineSrc></distorTran><distorFormat><formatName Sync="TRUE">SDE Feature Class</formatName></distorFormat></distributor><distFormat><formatName Sync="TRUE">Shapefile</formatName></distFormat><distTranOps><transSize Sync="TRUE">0.000</transSize></distTranOps></distInfo><spdoinfo><direct Sync="TRUE">Vector</direct><ptvctinf><esriterm><efeatyp Sync="TRUE">Simple</efeatyp><efeageom code="3" Sync="TRUE"></efeageom><esritopo Sync="TRUE">FALSE</esritopo><efeacnt Sync="TRUE">0</efeacnt><spindex Sync="TRUE">FALSE</spindex><linrefer Sync="TRUE">TRUE</linrefer></esriterm></ptvctinf></spdoinfo><spref><horizsys><cordsysn><geogcsn Sync="TRUE">GCS_North_American_1983</geogcsn><projcsn Sync="TRUE">NAD_1983_StatePlane_Virginia_South_FIPS_4502_Feet</projcsn></cordsysn><planar><planci><plance Sync="TRUE">coordinate pair</plance><plandu Sync="TRUE">survey feet</plandu><coordrep><absres Sync="TRUE">0.000328</absres><ordres Sync="TRUE">0.000328</ordres></coordrep></planci></planar><geodetic><horizdn Sync="TRUE">North American Datum of 1983</horizdn><ellips Sync="TRUE">Geodetic Reference System 80</ellips><semiaxis Sync="TRUE">6378137.000000</semiaxis><denflat Sync="TRUE">298.257222</denflat></geodetic></horizsys><vertdef><altsys><altenc Sync="TRUE">Explicit elevation coordinate included with horizontal coordinates</altenc><altres Sync="TRUE">0.000100</altres></altsys></vertdef></spref><refSysInfo><RefSystem><refSysID><identCode Sync="TRUE" value="2284">NAD_1983_StatePlane_Virginia_South_FIPS_4502_Feet</identCode><idCodeSpace Sync="TRUE">EPSG</idCodeSpace><idVersion Sync="TRUE">7.4.1</idVersion></refSysID></RefSystem></refSysInfo><spatRepInfo><VectSpatRep><geometObjs Name="StreetCenterline_InitialConstruction"><geoObjTyp><GeoObjTypCd value="002" Sync="TRUE"></GeoObjTypCd></geoObjTyp><geoObjCnt Sync="TRUE">0</geoObjCnt></geometObjs><topLvl><TopoLevCd value="001" Sync="TRUE"></TopoLevCd></topLvl></VectSpatRep></spatRepInfo><eainfo><detailed Name="StreetCenterline_InitialConstruction"><enttyp><enttypl Sync="TRUE">StreetCenterline_InitialConstruction</enttypl><enttypt Sync="TRUE">Feature Class</enttypt><enttypc Sync="TRUE">0</enttypc></enttyp><attr><attrlabl Sync="TRUE">FID</attrlabl><attalias Sync="TRUE">FID</attalias><attrtype Sync="TRUE">OID</attrtype><attwidth Sync="TRUE">4</attwidth><atprecis Sync="TRUE">0</atprecis><attscale Sync="TRUE">0</attscale><attrdef Sync="TRUE">Internal feature number.</attrdef><attrdefs Sync="TRUE">ESRI</attrdefs><attrdomv><udom Sync="TRUE">Sequential unique whole numbers that are automatically generated.</udom></attrdomv></attr><attr><attrlabl Sync="TRUE">Shape</attrlabl><attalias Sync="TRUE">Shape</attalias><attrtype Sync="TRUE">Geometry</attrtype><attwidth Sync="TRUE">0</attwidth><atprecis Sync="TRUE">0</atprecis><attscale Sync="TRUE">0</attscale><attrdef Sync="TRUE">Feature geometry.</attrdef><attrdefs Sync="TRUE">ESRI</attrdefs><attrdomv><udom Sync="TRUE">Coordinates defining the features.</udom></attrdomv></attr><attr><attrlabl Sync="TRUE">STSGMT_ID</attrlabl><attalias Sync="TRUE">STSGMT_ID</attalias><attrtype Sync="TRUE">String</attrtype><attwidth Sync="TRUE">9</attwidth><atprecis Sync="TRUE">0</atprecis><attscale Sync="TRUE">0</attscale></attr><attr><attrlabl Sync="TRUE">ST_ID</attrlabl><attalias Sync="TRUE">ST_ID</attalias><attrtype Sync="TRUE">String</attrtype><attwidth Sync="TRUE">4</attwidth><atprecis Sync="TRUE">0</atprecis><attscale Sync="TRUE">0</attscale></attr><attr><attrlabl Sync="TRUE">SGMT_ID</attrlabl><attalias Sync="TRUE">SGMT_ID</attalias><attrtype Sync="TRUE">String</attrtype><attwidth Sync="TRUE">3</attwidth><atprecis Sync="TRUE">0</atprecis><attscale Sync="TRUE">0</attscale></attr><attr><attrlabl Sync="TRUE">PreDir</attrlabl><attalias Sync="TRUE">PreDir</attalias><attrtype Sync="TRUE">String</attrtype><attwidth Sync="TRUE">2</attwidth><atprecis Sync="TRUE">0</atprecis><attscale Sync="TRUE">0</attscale></attr><attr><attrlabl Sync="TRUE">Name</attrlabl><attalias Sync="TRUE">Name</attalias><attrtype Sync="TRUE">String</attrtype><attwidth Sync="TRUE">50</attwidth><atprecis Sync="TRUE">0</atprecis><attscale Sync="TRUE">0</attscale></attr><attr><attrlabl Sync="TRUE">Type</attrlabl><attalias Sync="TRUE">Type</attalias><attrtype Sync="TRUE">String</attrtype><attwidth Sync="TRUE">5</attwidth><atprecis Sync="TRUE">0</atprecis><attscale Sync="TRUE">0</attscale></attr><attr><attrlabl Sync="TRUE">Dir</attrlabl><attalias Sync="TRUE">Dir</attalias><attrtype Sync="TRUE">String</attrtype><attwidth Sync="TRUE">4</attwidth><atprecis Sync="TRUE">0</atprecis><attscale Sync="TRUE">0</attscale></attr><attr><attrlabl Sync="TRUE">StreetName</attrlabl><attalias Sync="TRUE">StreetName</attalias><attrtype Sync="TRUE">String</attrtype><attwidth Sync="TRUE">50</attwidth><atprecis Sync="TRUE">0</atprecis><attscale Sync="TRUE">0</attscale></attr><attr><attrlabl Sync="TRUE">FullStreet</attrlabl><attalias Sync="TRUE">FullStreet</attalias><attrtype Sync="TRUE">String</attrtype><attwidth Sync="TRUE">70</attwidth><atprecis Sync="TRUE">0</atprecis><attscale Sync="TRUE">0</attscale></attr><attr><attrlabl Sync="TRUE">Alias</attrlabl><attalias Sync="TRUE">Alias</attalias><attrtype Sync="TRUE">String</attrtype><attwidth Sync="TRUE">75</attwidth><atprecis Sync="TRUE">0</atprecis><attscale Sync="TRUE">0</attscale></attr><attr><attrlabl Sync="TRUE">Jurisdicti</attrlabl><attalias Sync="TRUE">Jurisdicti</attalias><attrtype Sync="TRUE">String</attrtype><attwidth Sync="TRUE">50</attwidth><atprecis Sync="TRUE">0</atprecis><attscale Sync="TRUE">0</attscale></attr><attr><attrlabl Sync="TRUE">Rte_Text</attrlabl><attalias Sync="TRUE">Rte_Text</attalias><attrtype Sync="TRUE">String</attrtype><attwidth Sync="TRUE">4</attwidth><atprecis Sync="TRUE">0</atprecis><attscale Sync="TRUE">0</attscale></attr><attr><attrlabl Sync="TRUE">Rte_Number</attrlabl><attalias Sync="TRUE">Rte_Number</attalias><attrtype Sync="TRUE">Integer</attrtype><attwidth Sync="TRUE">9</attwidth><atprecis Sync="TRUE">9</atprecis><attscale Sync="TRUE">0</attscale></attr><attr><attrlabl Sync="TRUE">Rte_Descri</attrlabl><attalias Sync="TRUE">Rte_Descri</attalias><attrtype Sync="TRUE">String</attrtype><attwidth Sync="TRUE">50</attwidth><atprecis Sync="TRUE">0</atprecis><attscale Sync="TRUE">0</attscale></attr><attr><attrlabl Sync="TRUE">Class_Func</attrlabl><attalias Sync="TRUE">Class_Func</attalias><attrtype Sync="TRUE">Integer</attrtype><attwidth Sync="TRUE">9</attwidth><atprecis Sync="TRUE">9</atprecis><attscale Sync="TRUE">0</attscale></attr><attr><attrlabl Sync="TRUE">Class_Them</attrlabl><attalias Sync="TRUE">Class_Them</attalias><attrtype Sync="TRUE">Integer</attrtype><attwidth Sync="TRUE">9</attwidth><atprecis Sync="TRUE">9</atprecis><attscale Sync="TRUE">0</attscale></attr><attr><attrlabl Sync="TRUE">Class_Spec</attrlabl><attalias Sync="TRUE">Class_Spec</attalias><attrtype Sync="TRUE">Integer</attrtype><attwidth Sync="TRUE">9</attwidth><atprecis Sync="TRUE">9</atprecis><attscale Sync="TRUE">0</attscale></attr><attr><attrlabl Sync="TRUE">Private</attrlabl><attalias Sync="TRUE">Private</attalias><attrtype Sync="TRUE">SmallInteger</attrtype><attwidth Sync="TRUE">4</attwidth><atprecis Sync="TRUE">4</atprecis><attscale Sync="TRUE">0</attscale></attr><attr><attrlabl Sync="TRUE">LifeCycle</attrlabl><attalias Sync="TRUE">LifeCycle</attalias><attrtype Sync="TRUE">String</attrtype><attwidth Sync="TRUE">50</attwidth><atprecis Sync="TRUE">0</atprecis><attscale Sync="TRUE">0</attscale></attr><attr><attrlabl Sync="TRUE">Addr_LFrom</attrlabl><attalias Sync="TRUE">Addr_LFrom</attalias><attrtype Sync="TRUE">Integer</attrtype><attwidth Sync="TRUE">9</attwidth><atprecis Sync="TRUE">9</atprecis><attscale Sync="TRUE">0</attscale></attr><attr><attrlabl Sync="TRUE">Addr_LTo</attrlabl><attalias Sync="TRUE">Addr_LTo</attalias><attrtype Sync="TRUE">Integer</attrtype><attwidth Sync="TRUE">9</attwidth><atprecis Sync="TRUE">9</atprecis><attscale Sync="TRUE">0</attscale></attr><attr><attrlabl Sync="TRUE">Addr_RFrom</attrlabl><attalias Sync="TRUE">Addr_RFrom</attalias><attrtype Sync="TRUE">Integer</attrtype><attwidth Sync="TRUE">9</attwidth><atprecis Sync="TRUE">9</atprecis><attscale Sync="TRUE">0</attscale></attr><attr><attrlabl Sync="TRUE">Addr_RTo</attrlabl><attalias Sync="TRUE">Addr_RTo</attalias><attrtype Sync="TRUE">Integer</attrtype><attwidth Sync="TRUE">9</attwidth><atprecis Sync="TRUE">9</atprecis><attscale Sync="TRUE">0</attscale></attr><attr><attrlabl Sync="TRUE">Zip_L</attrlabl><attalias Sync="TRUE">Zip_L</attalias><attrtype Sync="TRUE">Integer</attrtype><attwidth Sync="TRUE">9</attwidth><atprecis Sync="TRUE">9</atprecis><attscale Sync="TRUE">0</attscale></attr><attr><attrlabl Sync="TRUE">Zip_R</attrlabl><attalias Sync="TRUE">Zip_R</attalias><attrtype Sync="TRUE">Integer</attrtype><attwidth Sync="TRUE">9</attwidth><atprecis Sync="TRUE">9</atprecis><attscale Sync="TRUE">0</attscale></attr><attr><attrlabl Sync="TRUE">CrossSt_Fr</attrlabl><attalias Sync="TRUE">CrossSt_Fr</attalias><attrtype Sync="TRUE">String</attrtype><attwidth Sync="TRUE">100</attwidth><atprecis Sync="TRUE">0</atprecis><attscale Sync="TRUE">0</attscale></attr><attr><attrlabl Sync="TRUE">CrossSt_To</attrlabl><attalias Sync="TRUE">CrossSt_To</attalias><attrtype Sync="TRUE">String</attrtype><attwidth Sync="TRUE">100</attwidth><atprecis Sync="TRUE">0</atprecis><attscale Sync="TRUE">0</attscale></attr><attr><attrlabl Sync="TRUE">Int_From</attrlabl><attalias Sync="TRUE">Int_From</attalias><attrtype Sync="TRUE">String</attrtype><attwidth Sync="TRUE">12</attwidth><atprecis Sync="TRUE">0</atprecis><attscale Sync="TRUE">0</attscale></attr><attr><attrlabl Sync="TRUE">Int_To</attrlabl><attalias Sync="TRUE">Int_To</attalias><attrtype Sync="TRUE">String</attrtype><attwidth Sync="TRUE">12</attwidth><atprecis Sync="TRUE">0</atprecis><attscale Sync="TRUE">0</attscale></attr><attr><attrlabl Sync="TRUE">LinearRef_</attrlabl><attalias Sync="TRUE">LinearRef_</attalias><attrtype Sync="TRUE">Double</attrtype><attwidth Sync="TRUE">19</attwidth><atprecis Sync="TRUE">0</atprecis><attscale Sync="TRUE">0</attscale></attr><attr><attrlabl Sync="TRUE">LinearRef1</attrlabl><attalias Sync="TRUE">LinearRef1</attalias><attrtype Sync="TRUE">Double</attrtype><attwidth Sync="TRUE">19</attwidth><atprecis Sync="TRUE">0</atprecis><attscale Sync="TRUE">0</attscale></attr><attr><attrlabl Sync="TRUE">SpeedLimit</attrlabl><attalias Sync="TRUE">SpeedLimit</attalias><attrtype Sync="TRUE">Integer</attrtype><attwidth Sync="TRUE">9</attwidth><atprecis Sync="TRUE">9</atprecis><attscale Sync="TRUE">0</attscale></attr><attr><attrlabl Sync="TRUE">Restrictio</attrlabl><attalias Sync="TRUE">Restrictio</attalias><attrtype Sync="TRUE">String</attrtype><attwidth Sync="TRUE">2</attwidth><atprecis Sync="TRUE">0</atprecis><attscale Sync="TRUE">0</attscale></attr><attr><attrlabl Sync="TRUE">DirTravel</attrlabl><attalias Sync="TRUE">DirTravel</attalias><attrtype Sync="TRUE">String</attrtype><attwidth Sync="TRUE">2</attwidth><atprecis Sync="TRUE">0</atprecis><attscale Sync="TRUE">0</attscale></attr><attr><attrlabl Sync="TRUE">INGBAMS</attrlabl><attalias Sync="TRUE">INGBAMS</attalias><attrtype Sync="TRUE">SmallInteger</attrtype><attwidth Sync="TRUE">4</attwidth><atprecis Sync="TRUE">4</atprecis><attscale Sync="TRUE">0</attscale></attr><attr><attrlabl Sync="TRUE">GBALINK</attrlabl><attalias Sync="TRUE">GBALINK</attalias><attrtype Sync="TRUE">Integer</attrtype><attwidth Sync="TRUE">9</attwidth><atprecis Sync="TRUE">9</atprecis><attscale Sync="TRUE">0</attscale></attr><attr><attrlabl Sync="TRUE">GBAMSSTLIS</attrlabl><attalias Sync="TRUE">GBAMSSTLIS</attalias><attrtype Sync="TRUE">Integer</attrtype><attwidth Sync="TRUE">9</attwidth><atprecis Sync="TRUE">9</atprecis><attscale Sync="TRUE">0</attscale></attr><attr><attrlabl Sync="TRUE">INPSAPS</attrlabl><attalias Sync="TRUE">INPSAPS</attalias><attrtype Sync="TRUE">SmallInteger</attrtype><attwidth Sync="TRUE">4</attwidth><atprecis Sync="TRUE">4</atprecis><attscale Sync="TRUE">0</attscale></attr><attr><attrlabl Sync="TRUE">CityInput</attrlabl><attalias Sync="TRUE">CityInput</attalias><attrtype Sync="TRUE">SmallInteger</attrtype><attwidth Sync="TRUE">4</attwidth><atprecis Sync="TRUE">4</atprecis><attscale Sync="TRUE">0</attscale></attr><attr><attrlabl Sync="TRUE">Editor</attrlabl><attalias Sync="TRUE">Editor</attalias><attrtype Sync="TRUE">String</attrtype><attwidth Sync="TRUE">40</attwidth><atprecis Sync="TRUE">0</atprecis><attscale Sync="TRUE">0</attscale></attr><attr><attrlabl Sync="TRUE">DateModify</attrlabl><attalias Sync="TRUE">DateModify</attalias><attrtype Sync="TRUE">Date</attrtype><attwidth Sync="TRUE">8</attwidth><atprecis Sync="TRUE">0</atprecis><attscale Sync="TRUE">0</attscale></attr><attr><attrlabl Sync="TRUE">OLD_ID</attrlabl><attalias Sync="TRUE">OLD_ID</attalias><attrtype Sync="TRUE">String</attrtype><attwidth Sync="TRUE">50</attwidth><atprecis Sync="TRUE">0</atprecis><attscale Sync="TRUE">0</attscale></attr><attr><attrlabl Sync="TRUE">VDOT_Reimb</attrlabl><attalias Sync="TRUE">VDOT_Reimb</attalias><attrtype Sync="TRUE">SmallInteger</attrtype><attwidth Sync="TRUE">4</attwidth><atprecis Sync="TRUE">4</atprecis><attscale Sync="TRUE">0</attscale></attr><attr><attrlabl Sync="TRUE">Length_3D</attrlabl><attalias Sync="TRUE">Length_3D</attalias><attrtype Sync="TRUE">Double</attrtype><attwidth Sync="TRUE">19</attwidth><atprecis Sync="TRUE">0</atprecis><attscale Sync="TRUE">0</attscale></attr><attr><attrlabl Sync="TRUE">Addr_Min</attrlabl><attalias Sync="TRUE">Addr_Min</attalias><attrtype Sync="TRUE">Integer</attrtype><attwidth Sync="TRUE">9</attwidth><atprecis Sync="TRUE">9</atprecis><attscale Sync="TRUE">0</attscale></attr><attr><attrlabl Sync="TRUE">Addr_Max</attrlabl><attalias Sync="TRUE">Addr_Max</attalias><attrtype Sync="TRUE">Integer</attrtype><attwidth Sync="TRUE">9</attwidth><atprecis Sync="TRUE">9</atprecis><attscale Sync="TRUE">0</attscale></attr><attr><attrlabl Sync="TRUE">Travel_Min</attrlabl><attalias Sync="TRUE">Travel_Min</attalias><attrtype Sync="TRUE">Double</attrtype><attwidth Sync="TRUE">19</attwidth><atprecis Sync="TRUE">0</atprecis><attscale Sync="TRUE">0</attscale></attr><attr><attrlabl Sync="TRUE">TrafficCal</attrlabl><attalias Sync="TRUE">TrafficCal</attalias><attrtype Sync="TRUE">String</attrtype><attwidth Sync="TRUE">50</attwidth><atprecis Sync="TRUE">0</atprecis><attscale Sync="TRUE">0</attscale></attr><attr><attrlabl Sync="TRUE">Alias_911</attrlabl><attalias Sync="TRUE">Alias_911</attalias><attrtype Sync="TRUE">String</attrtype><attwidth Sync="TRUE">75</attwidth><atprecis Sync="TRUE">0</atprecis><attscale Sync="TRUE">0</attscale></attr><attr><attrlabl Sync="TRUE">BikeLane</attrlabl><attalias Sync="TRUE">BikeLane</attalias><attrtype Sync="TRUE">SmallInteger</attrtype><attwidth Sync="TRUE">4</attwidth><atprecis Sync="TRUE">4</atprecis><attscale Sync="TRUE">0</attscale></attr><attr><attrlabl Sync="TRUE">StateID_RC</attrlabl><attalias Sync="TRUE">StateID_RC</attalias><attrtype Sync="TRUE">Double</attrtype><attwidth Sync="TRUE">19</attwidth><atprecis Sync="TRUE">0</atprecis><attscale Sync="TRUE">0</attscale></attr><attr><attrlabl Sync="TRUE">StateID_VD</attrlabl><attalias Sync="TRUE">StateID_VD</attalias><attrtype Sync="TRUE">Double</attrtype><attwidth Sync="TRUE">19</attwidth><atprecis Sync="TRUE">0</atprecis><attscale Sync="TRUE">0</attscale></attr><attr><attrlabl Sync="TRUE">StateID_Ge</attrlabl><attalias Sync="TRUE">StateID_Ge</attalias><attrtype Sync="TRUE">Double</attrtype><attwidth Sync="TRUE">19</attwidth><atprecis Sync="TRUE">0</atprecis><attscale Sync="TRUE">0</attscale></attr><attr><attrlabl Sync="TRUE">StateID_Lo</attrlabl><attalias Sync="TRUE">StateID_Lo</attalias><attrtype Sync="TRUE">Double</attrtype><attwidth Sync="TRUE">19</attwidth><atprecis Sync="TRUE">0</atprecis><attscale Sync="TRUE">0</attscale></attr><attr><attrlabl Sync="TRUE">Shape_Leng</attrlabl><attalias Sync="TRUE">Shape_Leng</attalias><attrtype Sync="TRUE">Double</attrtype><attwidth Sync="TRUE">19</attwidth><atprecis Sync="TRUE">0</atprecis><attscale Sync="TRUE">0</attscale></attr></detailed></eainfo><mdDateSt Sync="TRUE">20140226</mdDateSt></metadata>
