<?xml version="1.0" encoding="UTF-8"?>
<metadata>
	<idinfo>
		<citation>
			<citeinfo>
				<origin>Mannin Dodd - blank</origin>
				<pubdate>4/14/2012</pubdate>
				<title>Easter Complex::VA-VAF::201257</title>
				<geoform Sync="TRUE">vector digital data</geoform>
				<othercit>The Fire Incident Mapping Tools (FIMT) is an ArcGIS extension designed to store, edit, display, and print wildland fire data.</othercit>
				<onlink Sync="TRUE">\\LTHP90807VN\C$\fsfiles\unit\fire\FIMT_v93\FIMT_Template.mdb</onlink>
				<ftname Sync="TRUE">FirePolygon</ftname><pubtime>1829</pubtime></citeinfo>
		</citation>
		<descript>
			<abstract>This is a data set to represent the existing condition of a fire incident at the time data edit.</abstract>
			<purpose>The purpose of the data is to create maps so the fire overhead team can make good decisions and to show the field going personnel where all aspects of the fire are located and where in relation to their proximity are all other fire and fire suppression resources located.</purpose>
			<supplinf>This data was produced using the Fire Incident Mapping Tools (FIMT) ArcGIS extension version 9.2.1.6.</supplinf>
			<langdata Sync="TRUE">en</langdata></descript>
		<timeperd>
			<timeinfo>
				<sngdate>
					<caldate>4/14/2012</caldate>
					<time>1829</time></sngdate>
			</timeinfo>
			<current>ground condition</current>
		</timeperd>
		<status>
			<progress>In work</progress>
			<update>Daily</update>
		</status>
		<spdom>
			<bounding>
				<westbc>REQUIRED: Western-most coordinate of the limit of coverage expressed in longitude.</westbc>
				<eastbc>REQUIRED: Eastern-most coordinate of the limit of coverage expressed in longitude.</eastbc>
				<northbc>REQUIRED: Northern-most coordinate of the limit of coverage expressed in latitude.</northbc>
				<southbc>REQUIRED: Southern-most coordinate of the limit of coverage expressed in latitude.</southbc>
			</bounding>
		</spdom>
		<keywords>
			<theme>
				<themekt>REQUIRED: Reference to a formally registered thesaurus or a similar authoritative source of theme keywords.</themekt>
				<themekey>Fire</themekey>
				<themekey>Incident</themekey>
				<themekey>FIMT</themekey>
			</theme>
		</keywords>
		<accconst>There are no access constraints known on this data.</accconst>
		<useconst>There are no known use constraints on the data.  Just beware that this data is gathered and produced in a method that is to meet time deadlines.  Some of the data is not very accurate.  Please check the accuracy values first (realizing that much of the time, these values are not provided or entered).</useconst>
		<secinfo>
			<secclass>Unclassified</secclass>
		</secinfo>
		<native Sync="TRUE">Microsoft Windows XP Version 5.1 (Build 2600) Service Pack 2; ESRI ArcCatalog 9.3.1.3000</native>
		<natvform Sync="TRUE">Personal GeoDatabase Feature Class</natvform><datacred>Easter Complex::VA-VAF::201257</datacred><ptcontac><cntinfo><cntperp><cntper>Mannin Dodd</cntper><cntorg>blank</cntorg></cntperp><cntpos>GIS Specialist</cntpos><cntvoice>540 239 1640</cntvoice><cntemail>hdodd@vt.edu</cntemail></cntinfo></ptcontac></idinfo>
	<dataqual>
		<attracc>
			<attraccr>This data is produced to give fire suppression resources ability to generally see where the fire and suppression resources are located.  They do not have to be all that accurate.  Please review the feature level metadata to see if the quality of the data is complete.</attraccr>
		</attracc>
		<logic>This data is produced to give fire suppression resources ability to generally see where the fire and suppression resources are located.  They do not have to be all that accurate.  Please review the feature level metadata to see if the quality of the data is complete.</logic>
		<complete>This data is as complete as could logically be obtained to meet publishing deadlines for the day.</complete>
		<posacc>
			<horizpa>
				<horizpar>This data is produced to give fire suppression resources ability to generally see where the fire and suppression resources are located.  They do not have to be all that accurate.  Please review the feature level metadata to see if the quality of the data is complete.</horizpar>
			</horizpa>
		</posacc>
		<lineage>
			<srcinfo>
				<srccontr>Please review the feature level metadata to see if the quality of the data is complete.</srccontr>
			</srcinfo>
			<procstep>
				<procdesc>
Most of the data is heads up digitized on the screen or is pulled in from other layers.  The FIMT extension maintains coincidence between the Fire Polygon, Fire Perimeter, and the Assignment Breaks.

For more information on Fire Incident Mapping Tools (FIMT), please go to http://gis.nwcg.gov/ website and then choose the Tools menu option.  There will be links there to the release letter, software installation file, user's guide, tutorial, and other useful information.
</procdesc>
				<proccont>
					<cntinfo>
						<cntperp>
							<cntper>John Varner</cntper>
							<cntorg>USDA Forest Service</cntorg>
						</cntperp>
						<cntpos>Region 2 Spatial Applications Coordinator</cntpos>
						<cntvoice>303-275-5019</cntvoice>
						<cntemail>jvarner@fs.fed.us</cntemail>
						<hours>M-F 7:30-12:00 / 12:30-16:30</hours>
						<cntinst>Best if contacted by E-mail</cntinst>
					</cntinfo>
				</proccont>
			</procstep>
			<procstep>
				<procdesc>Metadata imported.</procdesc>
				<srcused>C:\DOCUME~1\jvarner\LOCALS~1\Temp\xmlC.tmp</srcused>
			</procstep>
			<procstep><procdesc Sync="TRUE">Metadata imported.</procdesc><srcused Sync="TRUE">C:\DOCUME~1\jvarner\LOCALS~1\Temp\xmlB0.tmp</srcused><procdate Sync="TRUE">20100412</procdate><proctime Sync="TRUE">10111200</proctime></procstep><procstep><procdesc Sync="TRUE">Dataset copied.</procdesc><srcused Sync="TRUE">\\LTHP90807VN\C$\fsfiles\unit\fire\FIMT_v93\FIMT_Template_reorg.mdb</srcused><procdate Sync="TRUE">20100412</procdate><proctime Sync="TRUE">10261600</proctime></procstep></lineage>
		<cloud>n/a</cloud>
	</dataqual>
	<spdoinfo>
		<direct Sync="TRUE">Vector</direct>
		<ptvctinf><esriterm Name="FirePolygon"><efeatyp Sync="TRUE">Simple</efeatyp><efeageom Sync="TRUE">4</efeageom><esritopo Sync="TRUE">FALSE</esritopo><efeacnt Sync="TRUE">7</efeacnt><spindex Sync="TRUE">TRUE</spindex><linrefer Sync="TRUE">FALSE</linrefer></esriterm></ptvctinf></spdoinfo>
	<eainfo>
		<detailed Name="FirePolygon">
			<enttyp>
				<enttypl Sync="TRUE">FirePolygon</enttypl>
				<enttypt Sync="TRUE">Feature Class</enttypt><enttypc Sync="TRUE">7</enttypc></enttyp>
			<attr>
				<attrlabl>Shape</attrlabl>
				<attrdef>Feature geometry.</attrdef>
				<attrdefs>ESRI</attrdefs>
				<attrdomv>
					<udom>Coordinates defining the features.</udom>
				</attrdomv>
				<attalias Sync="TRUE">SHAPE</attalias><attrtype Sync="TRUE">Geometry</attrtype><attwidth Sync="TRUE">0</attwidth><atprecis Sync="TRUE">0</atprecis><attscale Sync="TRUE">0</attscale></attr>
			<attr>
				<attrlabl>OBJECTID</attrlabl>
				<attrdef>Internal feature number.</attrdef>
				<attrdefs>ESRI</attrdefs>
				<attrdomv>
					<udom>Sequential unique whole numbers that are automatically generated.</udom>
				</attrdomv>
				<attalias Sync="TRUE">OBJECTID</attalias><attrtype Sync="TRUE">OID</attrtype><attwidth Sync="TRUE">4</attwidth><atprecis Sync="TRUE">0</atprecis><attscale Sync="TRUE">0</attscale></attr>
			<attr>
				<attrlabl>UNIT_ID</attrlabl>
				<attalias Sync="TRUE">UNIT_ID</attalias><attrtype Sync="TRUE">String</attrtype><attwidth Sync="TRUE">7</attwidth><atprecis Sync="TRUE">0</atprecis><attscale Sync="TRUE">0</attscale></attr>
			<attr>
				<attrlabl>Fire_Num</attrlabl>
				<attalias Sync="TRUE">Fire_Num</attalias><attrtype Sync="TRUE">String</attrtype><attwidth Sync="TRUE">8</attwidth><atprecis Sync="TRUE">0</atprecis><attscale Sync="TRUE">0</attscale></attr>
			<attr>
				<attrlabl>Fire_Name</attrlabl>
				<attalias Sync="TRUE">Fire_Name</attalias><attrtype Sync="TRUE">String</attrtype><attwidth Sync="TRUE">40</attwidth><atprecis Sync="TRUE">0</atprecis><attscale Sync="TRUE">0</attscale></attr>
			<attr>
				<attrlabl>Label</attrlabl>
				<attalias Sync="TRUE">Label</attalias><attrtype Sync="TRUE">String</attrtype><attwidth Sync="TRUE">50</attwidth><atprecis Sync="TRUE">0</atprecis><attscale Sync="TRUE">0</attscale></attr>
			<attr>
				<attrlabl>CaptureDate</attrlabl>
				<attalias Sync="TRUE">CaptureDate</attalias><attrtype Sync="TRUE">Date</attrtype><attwidth Sync="TRUE">8</attwidth><atprecis Sync="TRUE">0</atprecis><attscale Sync="TRUE">0</attscale></attr>
			<attr>
				<attrlabl>CaptureTime</attrlabl>
				<attalias Sync="TRUE">CaptureTime</attalias><attrtype Sync="TRUE">String</attrtype><attwidth Sync="TRUE">6</attwidth><atprecis Sync="TRUE">0</atprecis><attscale Sync="TRUE">0</attscale></attr>
			<attr>
				<attrlabl>Agency</attrlabl>
				<attalias Sync="TRUE">Agency</attalias><attrtype Sync="TRUE">String</attrtype><attwidth Sync="TRUE">50</attwidth><atprecis Sync="TRUE">0</atprecis><attscale Sync="TRUE">0</attscale></attr>
			<attr>
				<attrlabl>Contact</attrlabl>
				<attalias Sync="TRUE">Contact</attalias><attrtype Sync="TRUE">String</attrtype><attwidth Sync="TRUE">40</attwidth><atprecis Sync="TRUE">0</atprecis><attscale Sync="TRUE">0</attscale></attr>
			<attr>
				<attrlabl>Phone</attrlabl>
				<attalias Sync="TRUE">Phone</attalias><attrtype Sync="TRUE">String</attrtype><attwidth Sync="TRUE">17</attwidth><atprecis Sync="TRUE">0</atprecis><attscale Sync="TRUE">0</attscale></attr>
			<attr>
				<attrlabl>Email</attrlabl>
				<attalias Sync="TRUE">Email</attalias><attrtype Sync="TRUE">String</attrtype><attwidth Sync="TRUE">35</attwidth><atprecis Sync="TRUE">0</atprecis><attscale Sync="TRUE">0</attscale></attr>
			<attr>
				<attrlabl>Source</attrlabl>
				<attalias Sync="TRUE">Source</attalias><attrtype Sync="TRUE">String</attrtype><attwidth Sync="TRUE">4</attwidth><atprecis Sync="TRUE">0</atprecis><attscale Sync="TRUE">0</attscale></attr>
			<attr>
				<attrlabl>ImageType</attrlabl>
				<attalias Sync="TRUE">ImageType</attalias><attrtype Sync="TRUE">String</attrtype><attwidth Sync="TRUE">4</attwidth><atprecis Sync="TRUE">0</atprecis><attscale Sync="TRUE">0</attscale></attr>
			<attr>
				<attrlabl>MapScale</attrlabl>
				<attalias Sync="TRUE">MapScale</attalias><attrtype Sync="TRUE">String</attrtype><attwidth Sync="TRUE">4</attwidth><atprecis Sync="TRUE">0</atprecis><attscale Sync="TRUE">0</attscale></attr>
			<attr>
				<attrlabl>Projection</attrlabl>
				<attalias Sync="TRUE">Projection</attalias><attrtype Sync="TRUE">String</attrtype><attwidth Sync="TRUE">50</attwidth><atprecis Sync="TRUE">0</atprecis><attscale Sync="TRUE">0</attscale></attr>
			<attr>
				<attrlabl>Units</attrlabl>
				<attalias Sync="TRUE">Units</attalias><attrtype Sync="TRUE">String</attrtype><attwidth Sync="TRUE">15</attwidth><atprecis Sync="TRUE">0</atprecis><attscale Sync="TRUE">0</attscale></attr>
			<attr>
				<attrlabl>Datum</attrlabl>
				<attalias Sync="TRUE">Datum</attalias><attrtype Sync="TRUE">String</attrtype><attwidth Sync="TRUE">25</attwidth><atprecis Sync="TRUE">0</atprecis><attscale Sync="TRUE">0</attscale></attr>
			<attr>
				<attrlabl>GPSType</attrlabl>
				<attalias Sync="TRUE">GPSType</attalias><attrtype Sync="TRUE">String</attrtype><attwidth Sync="TRUE">4</attwidth><atprecis Sync="TRUE">0</atprecis><attscale Sync="TRUE">0</attscale></attr>
			<attr>
				<attrlabl>TravelMethod</attrlabl>
				<attalias Sync="TRUE">TravelMethod</attalias><attrtype Sync="TRUE">String</attrtype><attwidth Sync="TRUE">4</attwidth><atprecis Sync="TRUE">0</atprecis><attscale Sync="TRUE">0</attscale></attr>
			<attr>
				<attrlabl>DiffCorrection</attrlabl>
				<attalias Sync="TRUE">DiffCorrection</attalias><attrtype Sync="TRUE">String</attrtype><attwidth Sync="TRUE">4</attwidth><atprecis Sync="TRUE">0</atprecis><attscale Sync="TRUE">0</attscale></attr>
			<attr>
				<attrlabl>Accuracy</attrlabl>
				<attalias Sync="TRUE">Accuracy</attalias><attrtype Sync="TRUE">Double</attrtype><attwidth Sync="TRUE">8</attwidth><atprecis Sync="TRUE">0</atprecis><attscale Sync="TRUE">0</attscale></attr>
			<attr>
				<attrlabl>ZoneID</attrlabl>
				<attalias Sync="TRUE">ZoneID</attalias><attrtype Sync="TRUE">String</attrtype><attwidth Sync="TRUE">40</attwidth><atprecis Sync="TRUE">0</atprecis><attscale Sync="TRUE">0</attscale></attr>
			<attr>
				<attrlabl>BranchID</attrlabl>
				<attalias Sync="TRUE">BranchID</attalias><attrtype Sync="TRUE">String</attrtype><attwidth Sync="TRUE">4</attwidth><atprecis Sync="TRUE">0</atprecis><attscale Sync="TRUE">0</attscale></attr>
			<attr>
				<attrlabl>DivisionID</attrlabl>
				<attalias Sync="TRUE">DivisionID</attalias><attrtype Sync="TRUE">String</attrtype><attwidth Sync="TRUE">4</attwidth><atprecis Sync="TRUE">0</atprecis><attscale Sync="TRUE">0</attscale></attr>
			<attr>
				<attrlabl>SectorID</attrlabl>
				<attalias Sync="TRUE">SectorID</attalias><attrtype Sync="TRUE">String</attrtype><attwidth Sync="TRUE">4</attwidth><atprecis Sync="TRUE">0</atprecis><attscale Sync="TRUE">0</attscale></attr>
			<attr>
				<attrlabl>AutoAcres</attrlabl>
				<attalias Sync="TRUE">AutoAcres</attalias><attrtype Sync="TRUE">Double</attrtype><attwidth Sync="TRUE">8</attwidth><atprecis Sync="TRUE">0</atprecis><attscale Sync="TRUE">0</attscale></attr>
			<attr>
				<attrlabl>AutoHectares</attrlabl>
				<attalias Sync="TRUE">AutoHectares</attalias><attrtype Sync="TRUE">Double</attrtype><attwidth Sync="TRUE">8</attwidth><atprecis Sync="TRUE">0</atprecis><attscale Sync="TRUE">0</attscale></attr>
			<attr>
				<attrlabl>AutoFeet</attrlabl>
				<attalias Sync="TRUE">AutoFeet</attalias><attrtype Sync="TRUE">Double</attrtype><attwidth Sync="TRUE">8</attwidth><atprecis Sync="TRUE">0</atprecis><attscale Sync="TRUE">0</attscale></attr>
			<attr>
				<attrlabl>AutoMeters</attrlabl>
				<attalias Sync="TRUE">AutoMeters</attalias><attrtype Sync="TRUE">Double</attrtype><attwidth Sync="TRUE">8</attwidth><atprecis Sync="TRUE">0</atprecis><attscale Sync="TRUE">0</attscale></attr>
			<attr>
				<attrlabl>UnitID</attrlabl>
				<attalias Sync="TRUE">UnitID</attalias><attrtype Sync="TRUE">String</attrtype><attwidth Sync="TRUE">20</attwidth><atprecis Sync="TRUE">0</atprecis><attscale Sync="TRUE">0</attscale></attr>
			<attr>
				<attrlabl>FireClass</attrlabl>
				<attalias Sync="TRUE">FireClass</attalias><attrtype Sync="TRUE">String</attrtype><attwidth Sync="TRUE">4</attwidth><atprecis Sync="TRUE">0</atprecis><attscale Sync="TRUE">0</attscale></attr>
			<attr>
				<attrlabl>BurnCode</attrlabl>
				<attalias Sync="TRUE">BurnCode</attalias><attrtype Sync="TRUE">String</attrtype><attwidth Sync="TRUE">4</attwidth><atprecis Sync="TRUE">0</atprecis><attscale Sync="TRUE">0</attscale></attr>
			<attr>
				<attrlabl>BurnClass</attrlabl>
				<attalias Sync="TRUE">BurnClass</attalias><attrtype Sync="TRUE">String</attrtype><attwidth Sync="TRUE">4</attwidth><atprecis Sync="TRUE">0</atprecis><attscale Sync="TRUE">0</attscale></attr>
			<attr>
				<attrlabl>Shape_Length</attrlabl>
				<attrdef>Length of feature in internal units.</attrdef>
				<attrdefs>ESRI</attrdefs>
				<attrdomv>
					<udom>Positive real numbers that are automatically generated.</udom>
				</attrdomv>
				<attalias Sync="TRUE">Shape_Length</attalias><attrtype Sync="TRUE">Double</attrtype><attwidth Sync="TRUE">8</attwidth><atprecis Sync="TRUE">0</atprecis><attscale Sync="TRUE">0</attscale></attr>
			<attr>
				<attrlabl>Shape_Area</attrlabl>
				<attrdef>Area of feature in internal units squared.</attrdef>
				<attrdefs>ESRI</attrdefs>
				<attrdomv>
					<udom>Positive real numbers that are automatically generated.</udom>
				</attrdomv>
				<attalias Sync="TRUE">Shape_Area</attalias><attrtype Sync="TRUE">Double</attrtype><attwidth Sync="TRUE">8</attwidth><atprecis Sync="TRUE">0</atprecis><attscale Sync="TRUE">0</attscale></attr>
			<attr>
				<attrlabl>Comments</attrlabl>
				<attalias Sync="TRUE">Comments</attalias><attrtype Sync="TRUE">String</attrtype><attwidth Sync="TRUE">255</attwidth><atprecis Sync="TRUE">0</atprecis><attscale Sync="TRUE">0</attscale></attr>
		</detailed>
		<detailed>
			<enttyp>
				<enttypl>AssignmentBreak</enttypl>
			</enttyp>
		</detailed>
		<detailed>
			<enttyp>
				<enttypl>FirePoint</enttypl>
			</enttyp>
		</detailed>
		<detailed>
			<enttyp>
				<enttypl>FireLine</enttypl>
			</enttyp>
		</detailed>
		<detailed>
			<enttyp>
				<enttypl>PerimeterSector</enttypl>
			</enttyp>
		</detailed>
		<overview></overview>
	</eainfo>
	<distinfo>
		<distrib>
			<cntinfo>
				<cntinst>Check with the local land manager to get a copy of the data.</cntinst>
			</cntinfo>
		</distrib>
		<resdesc>Downloadable Data</resdesc>
		<techpreq>It would greatly help to review the data using the Fire Incident Mapping Tools software, but it would not be required.  The software is almost completely used to assist in standardizing the data structure and how the data is incorporated into the personal geodatabase.</techpreq>
	</distinfo>
	<metainfo>
		<metd Sync="TRUE">20100412</metd>
		<metc>
			<cntinfo>
				<cntorgp>
					<cntorg>blank</cntorg>
					<cntper>Mannin Dodd</cntper>
				</cntorgp>
				<cntaddr>
					<addrtype>REQUIRED: The mailing and/or physical address for the organization or individual.</addrtype>
					<city>REQUIRED: The city of the address.</city>
					<state>REQUIRED: The state or province of the address.</state>
					<postal>REQUIRED: The ZIP or other postal code of the address.</postal>
				</cntaddr>
				<cntvoice>540 239 1640</cntvoice>
				<cntpos>GIS Specialist</cntpos><cntemail>hdodd@vt.edu</cntemail></cntinfo>
		</metc>
		<metstdn Sync="TRUE">FGDC Content Standards for Digital Geospatial Metadata</metstdn>
		<metstdv Sync="TRUE">FGDC-STD-001-1998</metstdv>
		<mettc Sync="TRUE">local time</mettc>
		<metuc>The data was generated to a broad resource standard.  Data within will have differing levels of metadata.  Primary use of the data is to meet emergency need and getting metadata on any and all features are pretty low on the priority list.  Please review the metadata fields to determine if there would be of any use on the constraints of the use of this data.</metuc>
		<metextns>
			<onlink>http://www.esri.com/metadata/esriprof80.html</onlink>
			<metprof>ESRI Metadata Profile</metprof>
		</metextns>
		<metextns>
			<onlink>http://www.esri.com/metadata/esriprof80.html</onlink>
			<metprof>ESRI Metadata Profile</metprof>
		</metextns>
		<langmeta Sync="TRUE">en</langmeta></metainfo>
	<Esri><CreaDate>20120416</CreaDate><CreaTime>13301900</CreaTime><SyncOnce>FALSE</SyncOnce><SyncDate>20120414</SyncDate><SyncTime>18304800</SyncTime><ModDate>20120414</ModDate><ModTime>18304800</ModTime><DataProperties><itemProps><itemName Sync="TRUE">FirePolygon</itemName><imsContentType Sync="TRUE">002</imsContentType><nativeExtBox><westBL Sync="TRUE">567902.083800</westBL><eastBL Sync="TRUE">706672.382900</eastBL><southBL Sync="TRUE">4162276.887700</southBL><northBL Sync="TRUE">4312774.627800</northBL><exTypeCode Sync="TRUE">1</exTypeCode></nativeExtBox><itemLocation><linkage Sync="TRUE">file://\\GISLAPTOP\C$\2012_incidents\2012_Easter_Complex\incident_data\EasterComplex_VAVAF201257_fimt100011.gdb</linkage><protocol Sync="TRUE">Local Area Network</protocol></itemLocation></itemProps><coordRef><type Sync="TRUE">Projected</type><geogcsn Sync="TRUE">GCS_North_American_1983</geogcsn><projcsn Sync="TRUE">NAD_1983_UTM_Zone_17N</projcsn><peXml Sync="TRUE">&lt;ProjectedCoordinateSystem xsi:type='typens:ProjectedCoordinateSystem' xmlns:xsi='http://www.w3.org/2001/XMLSchema-instance' xmlns:xs='http://www.w3.org/2001/XMLSchema' xmlns:typens='http://www.esri.com/schemas/ArcGIS/10.0'&gt;&lt;WKT&gt;PROJCS[&amp;quot;NAD_1983_UTM_Zone_17N&amp;quot;,GEOGCS[&amp;quot;GCS_North_American_1983&amp;quot;,DATUM[&amp;quot;D_North_American_1983&amp;quot;,SPHEROID[&amp;quot;GRS_1980&amp;quot;,6378137.0,298.257222101]],PRIMEM[&amp;quot;Greenwich&amp;quot;,0.0],UNIT[&amp;quot;Degree&amp;quot;,0.0174532925199433]],PROJECTION[&amp;quot;Transverse_Mercator&amp;quot;],PARAMETER[&amp;quot;False_Easting&amp;quot;,500000.0],PARAMETER[&amp;quot;False_Northing&amp;quot;,0.0],PARAMETER[&amp;quot;Central_Meridian&amp;quot;,-81.0],PARAMETER[&amp;quot;Scale_Factor&amp;quot;,0.9996],PARAMETER[&amp;quot;Latitude_Of_Origin&amp;quot;,0.0],UNIT[&amp;quot;Meter&amp;quot;,1.0],AUTHORITY[&amp;quot;EPSG&amp;quot;,26917]]&lt;/WKT&gt;&lt;XOrigin&gt;-5120900&lt;/XOrigin&gt;&lt;YOrigin&gt;-9998100&lt;/YOrigin&gt;&lt;XYScale&gt;10000&lt;/XYScale&gt;&lt;ZOrigin&gt;-100000&lt;/ZOrigin&gt;&lt;ZScale&gt;10000&lt;/ZScale&gt;&lt;MOrigin&gt;-100000&lt;/MOrigin&gt;&lt;MScale&gt;10000&lt;/MScale&gt;&lt;XYTolerance&gt;0.001&lt;/XYTolerance&gt;&lt;ZTolerance&gt;0.001&lt;/ZTolerance&gt;&lt;MTolerance&gt;0.001&lt;/MTolerance&gt;&lt;HighPrecision&gt;true&lt;/HighPrecision&gt;&lt;WKID&gt;26917&lt;/WKID&gt;&lt;/ProjectedCoordinateSystem&gt;</peXml></coordRef><lineage><Process ToolSource="C:\ArcGIS\Desktop10.0\ArcToolbox\Toolboxes\Data Management Tools.tbx\Project" Date="20120416" Time="133019">Project va_easter_complex_wolf_gap_20120414_1153 D:\a1_1load\va_easter_complex_wolf_gap_20120414_1153_1.shp GEOGCS['GCS_North_American_1983',DATUM['D_North_American_1983',SPHEROID['GRS_1980',6378137.0,298.257222101]],PRIMEM['Greenwich',0.0],UNIT['Degree',0.0174532925199433]] # PROJCS['NAD_1983_UTM_Zone_17N',GEOGCS['GCS_North_American_1983',DATUM['D_North_American_1983',SPHEROID['GRS_1980',6378137.0,298.257222101]],PRIMEM['Greenwich',0.0],UNIT['Degree',0.0174532925199433]],PROJECTION['Transverse_Mercator'],PARAMETER['False_Easting',500000.0],PARAMETER['False_Northing',0.0],PARAMETER['Central_Meridian',-81.0],PARAMETER['Scale_Factor',0.9996],PARAMETER['Latitude_Of_Origin',0.0],UNIT['Meter',1.0]]</Process></lineage></DataProperties><ArcGISFormat>1.0</ArcGISFormat><ArcGISstyle>FGDC CSDGM Metadata</ArcGISstyle></Esri><dataIdInfo><envirDesc Sync="TRUE">Microsoft Windows XP Version 5.1 (Build 2600) Service Pack 3; ESRI ArcGIS 10.0.2.3200</envirDesc><dataLang><languageCode Sync="TRUE" value="en" country="US"></languageCode></dataLang><idCitation><resTitle Sync="TRUE">FirePolygon</resTitle><presForm><PresFormCd Sync="TRUE" value="005"></PresFormCd></presForm></idCitation><spatRpType><SpatRepTypCd Sync="TRUE" value="001"></SpatRepTypCd></spatRpType><descKeys><thesaName uuidref="723f6998-058e-11dc-8314-0800200c9a66"></thesaName><keyword Sync="TRUE">002</keyword></descKeys><dataExt><geoEle><GeoBndBox esriExtentType="search"><westBL Sync="TRUE">-80.230717</westBL><eastBL Sync="TRUE">-78.615429</eastBL><northBL Sync="TRUE">38.961305</northBL><southBL Sync="TRUE">37.584367</southBL><exTypeCode Sync="TRUE">1</exTypeCode></GeoBndBox></geoEle></dataExt></dataIdInfo><mdLang><languageCode Sync="TRUE" value="en"></languageCode></mdLang><mdStanName Sync="TRUE">ISO 19115 Geographic Information - Metadata</mdStanName><mdStanVer Sync="TRUE">DIS_ESRI1.0</mdStanVer><mdChar><CharSetCd Sync="TRUE" value="004"></CharSetCd></mdChar><mdHrLv><ScopeCd Sync="TRUE" value="005"></ScopeCd></mdHrLv><mdHrLvName Sync="TRUE">dataset</mdHrLvName><distInfo><distributor><distorTran><onLineSrc><orDesc Sync="TRUE">002</orDesc><linkage Sync="TRUE">file://\\LTHP90807VN\C$\fsfiles\unit\fire\FIMT_v93\FIMT_Template.mdb</linkage><protocol Sync="TRUE">Local Area Network</protocol></onLineSrc></distorTran><distorFormat><formatName Sync="TRUE">Personal GeoDatabase Feature Class</formatName></distorFormat></distributor><distFormat><formatName Sync="TRUE">File Geodatabase Feature Class</formatName></distFormat></distInfo><spatRepInfo><VectSpatRep><topLvl><TopoLevCd Sync="TRUE" value="001"></TopoLevCd></topLvl><geometObjs Name="FirePolygon"><geoObjTyp><GeoObjTypCd Sync="TRUE" value="002"></GeoObjTypCd><geoObjCnt Sync="TRUE">7</geoObjCnt></geoObjTyp><geoObjCnt Sync="TRUE">0</geoObjCnt></geometObjs></VectSpatRep></spatRepInfo><mdDateSt Sync="TRUE">20120414</mdDateSt><refSysInfo><RefSystem><refSysID><identCode code="26917"></identCode><idCodeSpace Sync="TRUE">EPSG</idCodeSpace><idVersion Sync="TRUE">7.4.1</idVersion></refSysID></RefSystem></refSysInfo></metadata>
