<?xml version="1.0"?>
<!--<!DOCTYPE metadata SYSTEM "http://www.esri.com/metadata/esriprof80.dtd">-->
<metadata xml:lang="en"><Esri><MetaID>{B41C3B79-7FEC-4027-9F40-E57657759462}</MetaID><CreaDate>20090731</CreaDate><CreaTime>17030100</CreaTime><SyncOnce>FALSE</SyncOnce><DataProperties><lineage><Process ToolSource="C:\Program Files\ArcGIS\ArcToolbox\Toolboxes\Data Management Tools.tbx\RepairGeometry" Date="20090731" Time="170301">RepairGeometry N:\9147_VGIN09\9147_Bedford\Mapping\Delivery\090731_Buildings_Hydro\BEDFORD.mdb\HYDRO_LINE DELETE_NULL N:\9147_VGIN09\9147_Bedford\Mapping\Delivery\090731_Buildings_Hydro\BEDFORD.mdb\HYDRO_LINE</Process><Process ToolSource="C:\Program Files\ArcGIS\ArcToolbox\Toolboxes\Conversion Tools.tbx\FeatureClassToFeatureClass" Date="20091007" Time="161530">FeatureClassToFeatureClass "C:\Documents and Settings\lkudryk\Desktop\Client_Call_Fixes\090731_Buildings_Hydro\BEDFORD.mdb\HYDRO_LINE" "C:\Documents and Settings\lkudryk\Desktop\Client_Call_Fixes\090731_Buildings_Hydro\BEDFORD.mdb\Hydro" Hydro_fixes # "SHAPE_Length 'SHAPE_Length' false true true 8 Double 0 0 ,First,#,C:\Documents and Settings\lkudryk\Desktop\Client_Call_Fixes\090731_Buildings_Hydro\BEDFORD.mdb\HYDRO_LINE,SHAPE_Length,-1,-1;TYPE 'TYPE' true true false 2 Short 0 0 ,First,#,C:\Documents and Settings\lkudryk\Desktop\Client_Call_Fixes\090731_Buildings_Hydro\BEDFORD.mdb\HYDRO_LINE,TYPE,-1,-1;NAME 'NAME' true true false 255 Text 0 0 ,First,#,C:\Documents and Settings\lkudryk\Desktop\Client_Call_Fixes\090731_Buildings_Hydro\BEDFORD.mdb\HYDRO_LINE,NAME,-1,-1" # "C:\Documents and Settings\lkudryk\Desktop\Client_Call_Fixes\090731_Buildings_Hydro\BEDFORD.mdb\Hydro\Hydro_fixes"</Process><Process ToolSource="C:\Program Files\ArcGIS\ArcToolbox\Toolboxes\Data Management Tools.tbx\RepairGeometry" Date="20091008" Time="085234">RepairGeometry Hydro_fixes DELETE_NULL Hydro_fixes</Process><Process ToolSource="C:\Program Files\ArcGIS\ArcToolbox\Toolboxes\Conversion Tools.tbx\FeatureClassToFeatureClass" Date="20091012" Time="073027">FeatureClassToFeatureClass \\Cos-svr-81\vol1\Lisa\Client_Call_Fixes\090731_Buildings_Hydro\BEDFORD.mdb\Hydro\Hydro_fixes \\Cos-svr-81\vol1\Lisa\Client_Call_Fixes\090731_Buildings_Hydro\BEDFORD.mdb HYDRO_LINE # "TYPE 'TYPE' true true false 2 Short 0 0 ,First,#,\\Cos-svr-81\vol1\Lisa\Client_Call_Fixes\090731_Buildings_Hydro\BEDFORD.mdb\Hydro\Hydro_fixes,TYPE,-1,-1;NAME 'NAME' true true false 255 Text 0 0 ,First,#,\\Cos-svr-81\vol1\Lisa\Client_Call_Fixes\090731_Buildings_Hydro\BEDFORD.mdb\Hydro\Hydro_fixes,NAME,-1,-1;Shape_Length 'Shape_Length' false true true 8 Double 0 0 ,First,#,\\Cos-svr-81\vol1\Lisa\Client_Call_Fixes\090731_Buildings_Hydro\BEDFORD.mdb\Hydro\Hydro_fixes,Shape_Length,-1,-1" # \\Cos-svr-81\vol1\Lisa\Client_Call_Fixes\090731_Buildings_Hydro\BEDFORD.mdb\HYDRO_LINE</Process><Process ToolSource="C:\Program Files\ArcGIS\ArcToolbox\Toolboxes\Data Management Tools.tbx\CopyFeatures" Date="20100128" Time="180048">CopyFeatures L:\Sanborn\BEDFORD.mdb\HYDRO_LINE "Database Connections\Admin_GIS_GIS_Data.sde\gisdata.DBO.Environmental\gisdata.DBO.HYDRO_LINE" # 0 0 0</Process><Process ToolSource="C:\Program Files\ArcGIS\ArcToolbox\Toolboxes\Data Management Tools.tbx\CopyFeatures" Date="20110617" Time="095633">CopyFeatures "Database Connections\Admin_GIS_GIS_Data.sde\gisdata.DBO.Environmental\gisdata.DBO.Streams" "C:\Documents and Settings\carl\Desktop\gisdata_DBO_Streams.shp" # 0 0 0</Process></lineage></DataProperties><SyncDate>20110617</SyncDate><SyncTime>09563100</SyncTime><ModDate>20110617</ModDate><ModTime>09563100</ModTime></Esri><idinfo><native Sync="TRUE">Microsoft Windows XP Version 5.1 (Build 2600) Service Pack 3; ESRI ArcCatalog 9.3.1.3500</native><descript><langdata Sync="TRUE">en</langdata><abstract>REQUIRED: A brief narrative summary of the data set.</abstract><purpose>REQUIRED: A summary of the intentions with which the data set was developed.</purpose></descript><citation><citeinfo><origin>REQUIRED: The name of an organization or individual that developed the data set.</origin><pubdate>REQUIRED: The date when the data set is published or otherwise made available for release.</pubdate><title Sync="TRUE">gisdata_DBO_Streams</title><ftname Sync="TRUE">gisdata_DBO_Streams</ftname><geoform Sync="TRUE">vector digital data</geoform><onlink Sync="TRUE">\\C2JCLJ1\C$\Documents and Settings\carl\Desktop\Streams\Streams</onlink></citeinfo></citation><timeperd><current>REQUIRED: The basis on which the time period of content information is determined.</current><timeinfo><sngdate><caldate>REQUIRED: The year (and optionally month, or month and day) for which the data set corresponds to the ground.</caldate></sngdate></timeinfo></timeperd><status><progress>REQUIRED: The state of the data set.</progress><update>REQUIRED: The frequency with which changes and additions are made to the data set after the initial data set is completed.</update></status><spdom><bounding><westbc Sync="TRUE">-79.860995</westbc><eastbc Sync="TRUE">-79.192889</eastbc><northbc Sync="TRUE">37.620058</northbc><southbc Sync="TRUE">37.018186</southbc></bounding><lboundng><leftbc Sync="TRUE">11088713.866999</leftbc><rightbc Sync="TRUE">11280643.186223</rightbc><bottombc Sync="TRUE">3532999.022309</bottombc><topbc Sync="TRUE">3750070.246958</topbc></lboundng></spdom><keywords><theme><themekt>REQUIRED: Reference to a formally registered thesaurus or a similar authoritative source of theme keywords.</themekt><themekey>REQUIRED: Common-use word or phrase used to describe the subject of the data set.</themekey></theme></keywords><accconst>REQUIRED: Restrictions and legal prerequisites for accessing the data set.</accconst><useconst>REQUIRED: Restrictions and legal prerequisites for using the data set after access is granted.</useconst><natvform Sync="TRUE">Shapefile</natvform></idinfo><dataIdInfo><envirDesc Sync="TRUE">Microsoft Windows XP Version 5.1 (Build 2600) Service Pack 3; ESRI ArcCatalog 9.3.1.3500</envirDesc><dataLang><languageCode Sync="TRUE" value="en"></languageCode></dataLang><idCitation><resTitle Sync="TRUE">gisdata_DBO_Streams</resTitle><presForm><PresFormCd Sync="TRUE" value="005"></PresFormCd></presForm></idCitation><spatRpType><SpatRepTypCd Sync="TRUE" value="001"></SpatRepTypCd></spatRpType><dataExt><geoEle><GeoBndBox esriExtentType="native"><westBL Sync="TRUE">11088713.866999</westBL><eastBL Sync="TRUE">11280643.186223</eastBL><northBL Sync="TRUE">3750070.246958</northBL><southBL Sync="TRUE">3532999.022309</southBL><exTypeCode Sync="TRUE">1</exTypeCode></GeoBndBox></geoEle></dataExt><geoBox esriExtentType="decdegrees"><westBL Sync="TRUE">-79.860995</westBL><eastBL Sync="TRUE">-79.192889</eastBL><northBL Sync="TRUE">37.620058</northBL><southBL Sync="TRUE">37.018186</southBL><exTypeCode Sync="TRUE">1</exTypeCode></geoBox></dataIdInfo><metainfo><langmeta Sync="TRUE">en</langmeta><metstdn Sync="TRUE">FGDC Content Standards for Digital Geospatial Metadata</metstdn><metstdv Sync="TRUE">FGDC-STD-001-1998</metstdv><mettc Sync="TRUE">local time</mettc><metc><cntinfo><cntorgp><cntper>REQUIRED: The person responsible for the metadata information.</cntper><cntorg>REQUIRED: The organization responsible for the metadata information.</cntorg></cntorgp><cntaddr><addrtype>REQUIRED: The mailing and/or physical address for the organization or individual.</addrtype><city>REQUIRED: The city of the address.</city><state>REQUIRED: The state or province of the address.</state><postal>REQUIRED: The ZIP or other postal code of the address.</postal></cntaddr><cntvoice>REQUIRED: The telephone number by which individuals can speak to the organization or individual.</cntvoice></cntinfo></metc><metd Sync="TRUE">20110617</metd><metextns><onlink Sync="TRUE">http://www.esri.com/metadata/esriprof80.html</onlink><metprof Sync="TRUE">ESRI Metadata Profile</metprof></metextns></metainfo><mdLang><languageCode Sync="TRUE" value="en"></languageCode></mdLang><mdStanName Sync="TRUE">ISO 19115 Geographic Information - Metadata</mdStanName><mdStanVer Sync="TRUE">DIS_ESRI1.0</mdStanVer><mdChar><CharSetCd Sync="TRUE" value="004"></CharSetCd></mdChar><mdHrLv><ScopeCd Sync="TRUE" value="005"></ScopeCd></mdHrLv><mdHrLvName Sync="TRUE">dataset</mdHrLvName><distinfo><resdesc Sync="TRUE">Downloadable Data</resdesc><stdorder><digform><digtinfo><transize Sync="TRUE">0.000</transize><dssize Sync="TRUE">0.000</dssize></digtinfo></digform></stdorder></distinfo><distInfo><distributor><distorTran><onLineSrc><orDesc Sync="TRUE">002</orDesc><linkage Sync="TRUE">file://\\C2JCLJ1\C$\Documents and Settings\carl\Desktop\Streams\Streams</linkage><protocol Sync="TRUE">Local Area Network</protocol></onLineSrc><transSize Sync="TRUE">0.000</transSize></distorTran><distorFormat><formatName Sync="TRUE">Shapefile</formatName></distorFormat></distributor></distInfo><spdoinfo><direct Sync="TRUE">Vector</direct><ptvctinf><esriterm Name="gisdata_DBO_Streams"><efeatyp Sync="TRUE">Simple</efeatyp><efeageom Sync="TRUE">Polyline</efeageom><esritopo Sync="TRUE">FALSE</esritopo><efeacnt Sync="TRUE">0</efeacnt><spindex Sync="TRUE">FALSE</spindex><linrefer Sync="TRUE">FALSE</linrefer></esriterm><sdtsterm Name="gisdata_DBO_Streams"><sdtstype Sync="TRUE">String</sdtstype><ptvctcnt Sync="TRUE">0</ptvctcnt></sdtsterm></ptvctinf></spdoinfo><spref><horizsys><cordsysn><geogcsn Sync="TRUE">GCS_North_American_1983</geogcsn><projcsn Sync="TRUE">NAD_1983_StatePlane_Virginia_South_FIPS_4502_Feet</projcsn></cordsysn><planar><planci><plance Sync="TRUE">coordinate pair</plance><plandu Sync="TRUE">survey feet</plandu><coordrep><absres Sync="TRUE">0.000000</absres><ordres Sync="TRUE">0.000000</ordres></coordrep></planci><mapproj><mapprojn Sync="TRUE">Lambert Conformal Conic</mapprojn><lambertc><stdparll Sync="TRUE">36.766667</stdparll><stdparll Sync="TRUE">37.966667</stdparll><longcm Sync="TRUE">-78.500000</longcm><latprjo Sync="TRUE">36.333333</latprjo><feast Sync="TRUE">11482916.666667</feast><fnorth Sync="TRUE">3280833.333333</fnorth></lambertc></mapproj></planar><geodetic><horizdn Sync="TRUE">North American Datum of 1983</horizdn><ellips Sync="TRUE">Geodetic Reference System 80</ellips><semiaxis Sync="TRUE">6378137.000000</semiaxis><denflat Sync="TRUE">298.257222</denflat></geodetic></horizsys><vertdef><altsys><altenc Sync="TRUE">Explicit elevation coordinate included with horizontal coordinates</altenc><altres Sync="TRUE">1.000000</altres></altsys></vertdef></spref><refSysInfo><RefSystem><refSysID><identCode Sync="TRUE">NAD_1983_StatePlane_Virginia_South_FIPS_4502_Feet</identCode></refSysID></RefSystem></refSysInfo><spatRepInfo><VectSpatRep><topLvl><TopoLevCd Sync="TRUE" value="001"></TopoLevCd></topLvl><geometObjs Name="gisdata_DBO_Streams"><geoObjTyp><GeoObjTypCd Sync="TRUE" value="001"></GeoObjTypCd></geoObjTyp><geoObjCnt Sync="TRUE">0</geoObjCnt></geometObjs></VectSpatRep></spatRepInfo><eainfo><detailed Name="gisdata_DBO_Streams"><enttyp><enttypl Sync="TRUE">gisdata_DBO_Streams</enttypl><enttypt Sync="TRUE">Feature Class</enttypt><enttypc Sync="TRUE">0</enttypc></enttyp><attr><attrlabl Sync="TRUE">FID</attrlabl><attalias Sync="TRUE">FID</attalias><attrtype Sync="TRUE">OID</attrtype><attwidth Sync="TRUE">4</attwidth><atprecis Sync="TRUE">0</atprecis><attscale Sync="TRUE">0</attscale><attrdef Sync="TRUE">Internal feature number.</attrdef><attrdefs Sync="TRUE">ESRI</attrdefs><attrdomv><udom Sync="TRUE">Sequential unique whole numbers that are automatically generated.</udom></attrdomv></attr><attr><attrlabl Sync="TRUE">Shape</attrlabl><attalias Sync="TRUE">Shape</attalias><attrtype Sync="TRUE">Geometry</attrtype><attwidth Sync="TRUE">0</attwidth><atprecis Sync="TRUE">0</atprecis><attscale Sync="TRUE">0</attscale><attrdef Sync="TRUE">Feature geometry.</attrdef><attrdefs Sync="TRUE">ESRI</attrdefs><attrdomv><udom Sync="TRUE">Coordinates defining the features.</udom></attrdomv></attr><attr><attrlabl Sync="TRUE">TYPE</attrlabl><attalias Sync="TRUE">TYPE</attalias><attrtype Sync="TRUE">Number</attrtype><attwidth Sync="TRUE">5</attwidth></attr><attr><attrlabl Sync="TRUE">NAME</attrlabl><attalias Sync="TRUE">NAME</attalias><attrtype Sync="TRUE">String</attrtype><attwidth Sync="TRUE">254</attwidth></attr><attr><attrlabl Sync="TRUE">Shape_len</attrlabl><attalias Sync="TRUE">Shape_len</attalias><attrtype Sync="TRUE">Float</attrtype><attwidth Sync="TRUE">19</attwidth><atnumdec Sync="TRUE">11</atnumdec></attr></detailed></eainfo><mdDateSt Sync="TRUE">20110617</mdDateSt><dataqual><lineage><procstep><procdesc Sync="TRUE">Dataset moved.</procdesc><srcused Sync="TRUE">C:\Documents and Settings\carl\Desktop\Streams</srcused><procdate Sync="TRUE">20110617</procdate><proctime Sync="TRUE">09581000</proctime></procstep></lineage></dataqual></metadata>
