LAST_UPDATE,STATE,STATE_DESCR,STATE_ABBREV,COUNTY,PROJECT,PROJECT_DESCR,HEXAGON_NBR,PLOT_NBR,POINT_NBR,AREA_PERCENT,CONDITION_CLASS_NBR,PLOT_TYPE,PLOT_TYPE_DESCR,P3ID
26-JUL-2007,51,Virginia,VA,5,1,Detection Monitoring (on-frame),,1,1,100,1,1,Subplot boundary,3307
26-JUL-2007,51,Virginia,VA,5,1,Detection Monitoring (on-frame),,1,1,100,1,2,Microplot boundary,3307
26-JUL-2007,51,Virginia,VA,5,1,Detection Monitoring (on-frame),,1,2,100,1,1,Subplot boundary,3307
26-JUL-2007,51,Virginia,VA,5,1,Detection Monitoring (on-frame),,1,2,100,1,2,Microplot boundary,3307
26-JUL-2007,51,Virginia,VA,5,1,Detection Monitoring (on-frame),,1,3,100,1,1,Subplot boundary,3307
26-JUL-2007,51,Virginia,VA,5,1,Detection Monitoring (on-frame),,1,3,100,1,2,Microplot boundary,3307
26-JUL-2007,51,Virginia,VA,5,1,Detection Monitoring (on-frame),,1,4,100,1,1,Subplot boundary,3307
26-JUL-2007,51,Virginia,VA,5,1,Detection Monitoring (on-frame),,1,4,100,1,2,Microplot boundary,3307
26-JUL-2007,51,Virginia,VA,7,1,Detection Monitoring (on-frame),,1,1,100,1,1,Subplot boundary,3257
26-JUL-2007,51,Virginia,VA,7,1,Detection Monitoring (on-frame),,1,1,100,1,2,Microplot boundary,3257
26-JUL-2007,51,Virginia,VA,7,1,Detection Monitoring (on-frame),,1,2,100,1,1,Subplot boundary,3257
26-JUL-2007,51,Virginia,VA,7,1,Detection Monitoring (on-frame),,1,2,100,1,2,Microplot boundary,3257
26-JUL-2007,51,Virginia,VA,7,1,Detection Monitoring (on-frame),,1,3,41.685,1,2,Microplot boundary,3257
26-JUL-2007,51,Virginia,VA,7,1,Detection Monitoring (on-frame),,1,3,48.3642,1,1,Subplot boundary,3257
26-JUL-2007,51,Virginia,VA,7,1,Detection Monitoring (on-frame),,1,3,51.6358,2,1,Subplot boundary,3257
26-JUL-2007,51,Virginia,VA,7,1,Detection Monitoring (on-frame),,1,3,58.315,2,2,Microplot boundary,3257
26-JUL-2007,51,Virginia,VA,7,1,Detection Monitoring (on-frame),,1,4,100,2,1,Subplot boundary,3257
26-JUL-2007,51,Virginia,VA,7,1,Detection Monitoring (on-frame),,1,4,100,2,2,Microplot boundary,3257
26-JUL-2007,51,Virginia,VA,9,1,Detection Monitoring (on-frame),,2,1,100,1,1,Subplot boundary,3282
26-JUL-2007,51,Virginia,VA,9,1,Detection Monitoring (on-frame),,2,1,100,1,2,Microplot boundary,3282
26-JUL-2007,51,Virginia,VA,9,1,Detection Monitoring (on-frame),,2,2,100,1,1,Subplot boundary,3282
26-JUL-2007,51,Virginia,VA,9,1,Detection Monitoring (on-frame),,2,2,100,1,2,Microplot boundary,3282
26-JUL-2007,51,Virginia,VA,9,1,Detection Monitoring (on-frame),,2,3,100,1,1,Subplot boundary,3282
26-JUL-2007,51,Virginia,VA,9,1,Detection Monitoring (on-frame),,2,3,100,1,2,Microplot boundary,3282
26-JUL-2007,51,Virginia,VA,9,1,Detection Monitoring (on-frame),,2,4,100,1,1,Subplot boundary,3282
26-JUL-2007,51,Virginia,VA,9,1,Detection Monitoring (on-frame),,2,4,100,1,2,Microplot boundary,3282
26-JUL-2007,51,Virginia,VA,15,1,Detection Monitoring (on-frame),,1,1,100,1,1,Subplot boundary,4035
26-JUL-2007,51,Virginia,VA,15,1,Detection Monitoring (on-frame),,1,1,100,1,2,Microplot boundary,4035
26-JUL-2007,51,Virginia,VA,15,1,Detection Monitoring (on-frame),,1,2,100,2,1,Subplot boundary,4035
26-JUL-2007,51,Virginia,VA,15,1,Detection Monitoring (on-frame),,1,2,100,2,2,Microplot boundary,4035
26-JUL-2007,51,Virginia,VA,15,1,Detection Monitoring (on-frame),,1,3,100,1,1,Subplot boundary,4035
26-JUL-2007,51,Virginia,VA,15,1,Detection Monitoring (on-frame),,1,3,100,1,2,Microplot boundary,4035
26-JUL-2007,51,Virginia,VA,15,1,Detection Monitoring (on-frame),,1,4,100,1,1,Subplot boundary,4035
26-JUL-2007,51,Virginia,VA,15,1,Detection Monitoring (on-frame),,1,4,100,1,2,Microplot boundary,4035
26-JUL-2007,51,Virginia,VA,15,1,Detection Monitoring (on-frame),,1,1,100,1,1,Subplot boundary,4061
26-JUL-2007,51,Virginia,VA,15,1,Detection Monitoring (on-frame),,1,1,100,1,2,Microplot boundary,4061
26-JUL-2007,51,Virginia,VA,15,1,Detection Monitoring (on-frame),,1,2,100,1,1,Subplot boundary,4061
26-JUL-2007,51,Virginia,VA,15,1,Detection Monitoring (on-frame),,1,2,100,1,2,Microplot boundary,4061
26-JUL-2007,51,Virginia,VA,15,1,Detection Monitoring (on-frame),,1,3,100,1,1,Subplot boundary,4061
26-JUL-2007,51,Virginia,VA,15,1,Detection Monitoring (on-frame),,1,3,100,1,2,Microplot boundary,4061
26-JUL-2007,51,Virginia,VA,15,1,Detection Monitoring (on-frame),,1,4,100,2,1,Subplot boundary,4061
26-JUL-2007,51,Virginia,VA,15,1,Detection Monitoring (on-frame),,1,4,100,2,2,Microplot boundary,4061
26-JUL-2007,51,Virginia,VA,23,1,Detection Monitoring (on-frame),,1,1,100,1,1,Subplot boundary,3284
26-JUL-2007,51,Virginia,VA,23,1,Detection Monitoring (on-frame),,1,1,100,1,2,Microplot boundary,3284
26-JUL-2007,51,Virginia,VA,23,1,Detection Monitoring (on-frame),,1,2,100,1,1,Subplot boundary,3284
26-JUL-2007,51,Virginia,VA,23,1,Detection Monitoring (on-frame),,1,2,100,1,2,Microplot boundary,3284
26-JUL-2007,51,Virginia,VA,23,1,Detection Monitoring (on-frame),,1,3,100,1,1,Subplot boundary,3284
26-JUL-2007,51,Virginia,VA,23,1,Detection Monitoring (on-frame),,1,3,100,1,2,Microplot boundary,3284
26-JUL-2007,51,Virginia,VA,23,1,Detection Monitoring (on-frame),,1,4,100,1,1,Subplot boundary,3284
26-JUL-2007,51,Virginia,VA,23,1,Detection Monitoring (on-frame),,1,4,100,1,2,Microplot boundary,3284
26-JUL-2007,51,Virginia,VA,25,1,Detection Monitoring (on-frame),,1,1,100,1,1,Subplot boundary,2712
26-JUL-2007,51,Virginia,VA,25,1,Detection Monitoring (on-frame),,1,1,100,1,2,Microplot boundary,2712
26-JUL-2007,51,Virginia,VA,25,1,Detection Monitoring (on-frame),,1,2,100,1,1,Subplot boundary,2712
26-JUL-2007,51,Virginia,VA,25,1,Detection Monitoring (on-frame),,1,2,100,1,2,Microplot boundary,2712
26-JUL-2007,51,Virginia,VA,25,1,Detection Monitoring (on-frame),,1,3,100,1,1,Subplot boundary,2712
26-JUL-2007,51,Virginia,VA,25,1,Detection Monitoring (on-frame),,1,3,100,1,2,Microplot boundary,2712
26-JUL-2007,51,Virginia,VA,25,1,Detection Monitoring (on-frame),,1,4,100,1,1,Subplot boundary,2712
26-JUL-2007,51,Virginia,VA,25,1,Detection Monitoring (on-frame),,1,4,100,1,2,Microplot boundary,2712
26-JUL-2007,51,Virginia,VA,29,1,Detection Monitoring (on-frame),,1,1,100,1,1,Subplot boundary,3260
26-JUL-2007,51,Virginia,VA,29,1,Detection Monitoring (on-frame),,1,1,100,1,2,Microplot boundary,3260
26-JUL-2007,51,Virginia,VA,29,1,Detection Monitoring (on-frame),,1,2,18.7433,2,1,Subplot boundary,3260
26-JUL-2007,51,Virginia,VA,29,1,Detection Monitoring (on-frame),,1,2,81.2567,1,1,Subplot boundary,3260
26-JUL-2007,51,Virginia,VA,29,1,Detection Monitoring (on-frame),,1,2,100,1,2,Microplot boundary,3260
26-JUL-2007,51,Virginia,VA,29,1,Detection Monitoring (on-frame),,1,3,100,3,1,Subplot boundary,3260
26-JUL-2007,51,Virginia,VA,29,1,Detection Monitoring (on-frame),,1,3,100,3,2,Microplot boundary,3260
26-JUL-2007,51,Virginia,VA,29,1,Detection Monitoring (on-frame),,1,4,100,3,1,Subplot boundary,3260
26-JUL-2007,51,Virginia,VA,29,1,Detection Monitoring (on-frame),,1,4,100,3,2,Microplot boundary,3260
26-JUL-2007,51,Virginia,VA,31,1,Detection Monitoring (on-frame),,1,1,100,1,1,Subplot boundary,3275
26-JUL-2007,51,Virginia,VA,31,1,Detection Monitoring (on-frame),,1,1,100,1,2,Microplot boundary,3275
26-JUL-2007,51,Virginia,VA,31,1,Detection Monitoring (on-frame),,1,2,100,1,1,Subplot boundary,3275
26-JUL-2007,51,Virginia,VA,31,1,Detection Monitoring (on-frame),,1,2,100,1,2,Microplot boundary,3275
26-JUL-2007,51,Virginia,VA,31,1,Detection Monitoring (on-frame),,1,3,100,1,1,Subplot boundary,3275
26-JUL-2007,51,Virginia,VA,31,1,Detection Monitoring (on-frame),,1,3,100,1,2,Microplot boundary,3275
26-JUL-2007,51,Virginia,VA,31,1,Detection Monitoring (on-frame),,1,4,100,1,1,Subplot boundary,3275
26-JUL-2007,51,Virginia,VA,31,1,Detection Monitoring (on-frame),,1,4,100,1,2,Microplot boundary,3275
26-JUL-2007,51,Virginia,VA,41,1,Detection Monitoring (on-frame),,1,1,100,1,1,Subplot boundary,3238
26-JUL-2007,51,Virginia,VA,41,1,Detection Monitoring (on-frame),,1,1,100,1,2,Microplot boundary,3238
26-JUL-2007,51,Virginia,VA,41,1,Detection Monitoring (on-frame),,1,2,100,1,1,Subplot boundary,3238
26-JUL-2007,51,Virginia,VA,41,1,Detection Monitoring (on-frame),,1,2,100,1,2,Microplot boundary,3238
26-JUL-2007,51,Virginia,VA,41,1,Detection Monitoring (on-frame),,1,3,100,1,1,Subplot boundary,3238
26-JUL-2007,51,Virginia,VA,41,1,Detection Monitoring (on-frame),,1,3,100,1,2,Microplot boundary,3238
26-JUL-2007,51,Virginia,VA,41,1,Detection Monitoring (on-frame),,1,4,100,2,1,Subplot boundary,3238
26-JUL-2007,51,Virginia,VA,41,1,Detection Monitoring (on-frame),,1,4,100,2,2,Microplot boundary,3238
26-JUL-2007,51,Virginia,VA,45,1,Detection Monitoring (on-frame),,1,1,100,1,1,Subplot boundary,3298
26-JUL-2007,51,Virginia,VA,45,1,Detection Monitoring (on-frame),,1,1,100,1,2,Microplot boundary,3298
26-JUL-2007,51,Virginia,VA,45,1,Detection Monitoring (on-frame),,1,2,100,1,1,Subplot boundary,3298
26-JUL-2007,51,Virginia,VA,45,1,Detection Monitoring (on-frame),,1,2,100,1,2,Microplot boundary,3298
26-JUL-2007,51,Virginia,VA,45,1,Detection Monitoring (on-frame),,1,3,100,1,1,Subplot boundary,3298
26-JUL-2007,51,Virginia,VA,45,1,Detection Monitoring (on-frame),,1,3,100,1,2,Microplot boundary,3298
26-JUL-2007,51,Virginia,VA,45,1,Detection Monitoring (on-frame),,1,4,100,1,1,Subplot boundary,3298
26-JUL-2007,51,Virginia,VA,45,1,Detection Monitoring (on-frame),,1,4,100,1,2,Microplot boundary,3298
26-JUL-2007,51,Virginia,VA,47,1,Detection Monitoring (on-frame),,1,1,100,1,1,Subplot boundary,4025
26-JUL-2007,51,Virginia,VA,47,1,Detection Monitoring (on-frame),,1,1,100,1,2,Microplot boundary,4025
26-JUL-2007,51,Virginia,VA,47,1,Detection Monitoring (on-frame),,1,2,100,2,1,Subplot boundary,4025
26-JUL-2007,51,Virginia,VA,47,1,Detection Monitoring (on-frame),,1,2,100,2,2,Microplot boundary,4025
26-JUL-2007,51,Virginia,VA,47,1,Detection Monitoring (on-frame),,1,3,100,1,1,Subplot boundary,4025
26-JUL-2007,51,Virginia,VA,47,1,Detection Monitoring (on-frame),,1,3,100,1,2,Microplot boundary,4025
26-JUL-2007,51,Virginia,VA,47,1,Detection Monitoring (on-frame),,1,4,100,1,1,Subplot boundary,4025
26-JUL-2007,51,Virginia,VA,47,1,Detection Monitoring (on-frame),,1,4,100,1,2,Microplot boundary,4025
26-JUL-2007,51,Virginia,VA,51,1,Detection Monitoring (on-frame),,1,1,100,1,1,Subplot boundary,2809
26-JUL-2007,51,Virginia,VA,51,1,Detection Monitoring (on-frame),,1,1,100,1,2,Microplot boundary,2809
26-JUL-2007,51,Virginia,VA,51,1,Detection Monitoring (on-frame),,1,2,100,2,1,Subplot boundary,2809
26-JUL-2007,51,Virginia,VA,51,1,Detection Monitoring (on-frame),,1,2,100,2,2,Microplot boundary,2809
26-JUL-2007,51,Virginia,VA,51,1,Detection Monitoring (on-frame),,1,3,100,1,1,Subplot boundary,2809
26-JUL-2007,51,Virginia,VA,51,1,Detection Monitoring (on-frame),,1,3,100,1,2,Microplot boundary,2809
26-JUL-2007,51,Virginia,VA,51,1,Detection Monitoring (on-frame),,1,4,100,3,1,Subplot boundary,2809
26-JUL-2007,51,Virginia,VA,51,1,Detection Monitoring (on-frame),,1,4,100,3,2,Microplot boundary,2809
26-JUL-2007,51,Virginia,VA,53,1,Detection Monitoring (on-frame),,1,1,100,1,1,Subplot boundary,3232
26-JUL-2007,51,Virginia,VA,53,1,Detection Monitoring (on-frame),,1,1,100,1,2,Microplot boundary,3232
26-JUL-2007,51,Virginia,VA,53,1,Detection Monitoring (on-frame),,1,2,100,1,1,Subplot boundary,3232
26-JUL-2007,51,Virginia,VA,53,1,Detection Monitoring (on-frame),,1,2,100,1,2,Microplot boundary,3232
26-JUL-2007,51,Virginia,VA,53,1,Detection Monitoring (on-frame),,1,3,100,1,1,Subplot boundary,3232
26-JUL-2007,51,Virginia,VA,53,1,Detection Monitoring (on-frame),,1,3,100,1,2,Microplot boundary,3232
26-JUL-2007,51,Virginia,VA,53,1,Detection Monitoring (on-frame),,1,4,100,1,1,Subplot boundary,3232
26-JUL-2007,51,Virginia,VA,53,1,Detection Monitoring (on-frame),,1,4,100,1,2,Microplot boundary,3232
26-JUL-2007,51,Virginia,VA,75,1,Detection Monitoring (on-frame),,1,1,100,1,1,Subplot boundary,3246
26-JUL-2007,51,Virginia,VA,75,1,Detection Monitoring (on-frame),,1,1,100,1,2,Microplot boundary,3246
26-JUL-2007,51,Virginia,VA,75,1,Detection Monitoring (on-frame),,1,2,39.0045,2,2,Microplot boundary,3246
26-JUL-2007,51,Virginia,VA,75,1,Detection Monitoring (on-frame),,1,2,42.8195,3,1,Subplot boundary,3246
26-JUL-2007,51,Virginia,VA,75,1,Detection Monitoring (on-frame),,1,2,57.1805,2,1,Subplot boundary,3246
26-JUL-2007,51,Virginia,VA,75,1,Detection Monitoring (on-frame),,1,2,60.9955,3,2,Microplot boundary,3246
26-JUL-2007,51,Virginia,VA,75,1,Detection Monitoring (on-frame),,1,3,100,1,1,Subplot boundary,3246
26-JUL-2007,51,Virginia,VA,75,1,Detection Monitoring (on-frame),,1,3,100,1,2,Microplot boundary,3246
26-JUL-2007,51,Virginia,VA,75,1,Detection Monitoring (on-frame),,1,4,100,1,1,Subplot boundary,3246
26-JUL-2007,51,Virginia,VA,75,1,Detection Monitoring (on-frame),,1,4,100,1,2,Microplot boundary,3246
26-JUL-2007,51,Virginia,VA,77,1,Detection Monitoring (on-frame),,1,1,100,1,1,Subplot boundary,2786
26-JUL-2007,51,Virginia,VA,77,1,Detection Monitoring (on-frame),,1,1,100,1,2,Microplot boundary,2786
26-JUL-2007,51,Virginia,VA,77,1,Detection Monitoring (on-frame),,1,2,100,1,1,Subplot boundary,2786
26-JUL-2007,51,Virginia,VA,77,1,Detection Monitoring (on-frame),,1,2,100,1,2,Microplot boundary,2786
26-JUL-2007,51,Virginia,VA,77,1,Detection Monitoring (on-frame),,1,3,100,1,1,Subplot boundary,2786
26-JUL-2007,51,Virginia,VA,77,1,Detection Monitoring (on-frame),,1,3,100,1,2,Microplot boundary,2786
26-JUL-2007,51,Virginia,VA,77,1,Detection Monitoring (on-frame),,1,4,100,1,1,Subplot boundary,2786
26-JUL-2007,51,Virginia,VA,77,1,Detection Monitoring (on-frame),,1,4,100,1,2,Microplot boundary,2786
26-JUL-2007,51,Virginia,VA,83,1,Detection Monitoring (on-frame),,1,1,100,1,1,Subplot boundary,2729
26-JUL-2007,51,Virginia,VA,83,1,Detection Monitoring (on-frame),,1,1,100,1,2,Microplot boundary,2729
26-JUL-2007,51,Virginia,VA,83,1,Detection Monitoring (on-frame),,1,2,100,2,1,Subplot boundary,2729
26-JUL-2007,51,Virginia,VA,83,1,Detection Monitoring (on-frame),,1,2,100,2,2,Microplot boundary,2729
26-JUL-2007,51,Virginia,VA,83,1,Detection Monitoring (on-frame),,1,3,100,1,1,Subplot boundary,2729
26-JUL-2007,51,Virginia,VA,83,1,Detection Monitoring (on-frame),,1,3,100,1,2,Microplot boundary,2729
26-JUL-2007,51,Virginia,VA,83,1,Detection Monitoring (on-frame),,1,4,100,2,1,Subplot boundary,2729
26-JUL-2007,51,Virginia,VA,83,1,Detection Monitoring (on-frame),,1,4,100,2,2,Microplot boundary,2729
26-JUL-2007,51,Virginia,VA,95,1,Detection Monitoring (on-frame),,1,1,100,1,1,Subplot boundary,3225
26-JUL-2007,51,Virginia,VA,95,1,Detection Monitoring (on-frame),,1,1,100,1,2,Microplot boundary,3225
26-JUL-2007,51,Virginia,VA,95,1,Detection Monitoring (on-frame),,1,2,100,4,1,Subplot boundary,3225
26-JUL-2007,51,Virginia,VA,95,1,Detection Monitoring (on-frame),,1,2,100,4,2,Microplot boundary,3225
26-JUL-2007,51,Virginia,VA,95,1,Detection Monitoring (on-frame),,1,3,21.6994,3,1,Subplot boundary,3225
26-JUL-2007,51,Virginia,VA,95,1,Detection Monitoring (on-frame),,1,3,78.3006,2,1,Subplot boundary,3225
26-JUL-2007,51,Virginia,VA,95,1,Detection Monitoring (on-frame),,1,3,100,2,2,Microplot boundary,3225
26-JUL-2007,51,Virginia,VA,95,1,Detection Monitoring (on-frame),,1,4,100,1,1,Subplot boundary,3225
26-JUL-2007,51,Virginia,VA,95,1,Detection Monitoring (on-frame),,1,4,100,1,2,Microplot boundary,3225
26-JUL-2007,51,Virginia,VA,97,1,Detection Monitoring (on-frame),,1,1,100,1,1,Subplot boundary,3227
26-JUL-2007,51,Virginia,VA,97,1,Detection Monitoring (on-frame),,1,1,100,1,2,Microplot boundary,3227
26-JUL-2007,51,Virginia,VA,97,1,Detection Monitoring (on-frame),,1,2,100,1,1,Subplot boundary,3227
26-JUL-2007,51,Virginia,VA,97,1,Detection Monitoring (on-frame),,1,2,100,1,2,Microplot boundary,3227
26-JUL-2007,51,Virginia,VA,97,1,Detection Monitoring (on-frame),,1,3,100,1,1,Subplot boundary,3227
26-JUL-2007,51,Virginia,VA,97,1,Detection Monitoring (on-frame),,1,3,100,1,2,Microplot boundary,3227
26-JUL-2007,51,Virginia,VA,97,1,Detection Monitoring (on-frame),,1,4,100,1,1,Subplot boundary,3227
26-JUL-2007,51,Virginia,VA,97,1,Detection Monitoring (on-frame),,1,4,100,1,2,Microplot boundary,3227
26-JUL-2007,51,Virginia,VA,101,1,Detection Monitoring (on-frame),,1,1,100,1,1,Subplot boundary,3248
26-JUL-2007,51,Virginia,VA,101,1,Detection Monitoring (on-frame),,1,1,100,1,2,Microplot boundary,3248
26-JUL-2007,51,Virginia,VA,101,1,Detection Monitoring (on-frame),,1,2,100,1,1,Subplot boundary,3248
26-JUL-2007,51,Virginia,VA,101,1,Detection Monitoring (on-frame),,1,2,100,1,2,Microplot boundary,3248
26-JUL-2007,51,Virginia,VA,101,1,Detection Monitoring (on-frame),,1,3,100,1,1,Subplot boundary,3248
26-JUL-2007,51,Virginia,VA,101,1,Detection Monitoring (on-frame),,1,3,100,1,2,Microplot boundary,3248
26-JUL-2007,51,Virginia,VA,101,1,Detection Monitoring (on-frame),,1,4,100,1,1,Subplot boundary,3248
26-JUL-2007,51,Virginia,VA,101,1,Detection Monitoring (on-frame),,1,4,100,1,2,Microplot boundary,3248
26-JUL-2007,51,Virginia,VA,105,1,Detection Monitoring (on-frame),,1,1,100,1,1,Subplot boundary,2805
26-JUL-2007,51,Virginia,VA,105,1,Detection Monitoring (on-frame),,1,1,100,1,2,Microplot boundary,2805
26-JUL-2007,51,Virginia,VA,105,1,Detection Monitoring (on-frame),,1,2,100,2,1,Subplot boundary,2805
26-JUL-2007,51,Virginia,VA,105,1,Detection Monitoring (on-frame),,1,2,100,2,2,Microplot boundary,2805
26-JUL-2007,51,Virginia,VA,105,1,Detection Monitoring (on-frame),,1,3,100,1,1,Subplot boundary,2805
26-JUL-2007,51,Virginia,VA,105,1,Detection Monitoring (on-frame),,1,3,100,1,2,Microplot boundary,2805
26-JUL-2007,51,Virginia,VA,105,1,Detection Monitoring (on-frame),,1,4,100,1,1,Subplot boundary,2805
26-JUL-2007,51,Virginia,VA,105,1,Detection Monitoring (on-frame),,1,4,100,1,2,Microplot boundary,2805
26-JUL-2007,51,Virginia,VA,109,1,Detection Monitoring (on-frame),,1,1,100,1,1,Subplot boundary,3251
26-JUL-2007,51,Virginia,VA,109,1,Detection Monitoring (on-frame),,1,1,100,1,2,Microplot boundary,3251
26-JUL-2007,51,Virginia,VA,109,1,Detection Monitoring (on-frame),,1,2,100,1,1,Subplot boundary,3251
26-JUL-2007,51,Virginia,VA,109,1,Detection Monitoring (on-frame),,1,2,100,1,2,Microplot boundary,3251
26-JUL-2007,51,Virginia,VA,109,1,Detection Monitoring (on-frame),,1,3,4.6898,2,1,Subplot boundary,3251
26-JUL-2007,51,Virginia,VA,109,1,Detection Monitoring (on-frame),,1,3,95.3102,1,1,Subplot boundary,3251
26-JUL-2007,51,Virginia,VA,109,1,Detection Monitoring (on-frame),,1,3,100,1,2,Microplot boundary,3251
26-JUL-2007,51,Virginia,VA,109,1,Detection Monitoring (on-frame),,1,4,100,3,1,Subplot boundary,3251
26-JUL-2007,51,Virginia,VA,109,1,Detection Monitoring (on-frame),,1,4,100,3,2,Microplot boundary,3251
26-JUL-2007,51,Virginia,VA,117,1,Detection Monitoring (on-frame),,1,1,46.1151,2,1,Subplot boundary,2722
26-JUL-2007,51,Virginia,VA,117,1,Detection Monitoring (on-frame),,1,1,53.8849,1,1,Subplot boundary,2722
26-JUL-2007,51,Virginia,VA,117,1,Detection Monitoring (on-frame),,1,1,100,1,2,Microplot boundary,2722
26-JUL-2007,51,Virginia,VA,117,1,Detection Monitoring (on-frame),,1,2,100,3,1,Subplot boundary,2722
26-JUL-2007,51,Virginia,VA,117,1,Detection Monitoring (on-frame),,1,2,100,3,2,Microplot boundary,2722
26-JUL-2007,51,Virginia,VA,117,1,Detection Monitoring (on-frame),,1,3,100,1,1,Subplot boundary,2722
26-JUL-2007,51,Virginia,VA,117,1,Detection Monitoring (on-frame),,1,3,100,1,2,Microplot boundary,2722
26-JUL-2007,51,Virginia,VA,117,1,Detection Monitoring (on-frame),,1,4,100,2,1,Subplot boundary,2722
26-JUL-2007,51,Virginia,VA,117,1,Detection Monitoring (on-frame),,1,4,100,2,2,Microplot boundary,2722
26-JUL-2007,51,Virginia,VA,117,1,Detection Monitoring (on-frame),,1,1,100,1,1,Subplot boundary,2727
26-JUL-2007,51,Virginia,VA,117,1,Detection Monitoring (on-frame),,1,1,100,1,2,Microplot boundary,2727
26-JUL-2007,51,Virginia,VA,117,1,Detection Monitoring (on-frame),,1,2,100,1,1,Subplot boundary,2727
26-JUL-2007,51,Virginia,VA,117,1,Detection Monitoring (on-frame),,1,2,100,1,2,Microplot boundary,2727
26-JUL-2007,51,Virginia,VA,117,1,Detection Monitoring (on-frame),,1,3,100,1,1,Subplot boundary,2727
26-JUL-2007,51,Virginia,VA,117,1,Detection Monitoring (on-frame),,1,3,100,1,2,Microplot boundary,2727
26-JUL-2007,51,Virginia,VA,117,1,Detection Monitoring (on-frame),,1,4,100,1,1,Subplot boundary,2727
26-JUL-2007,51,Virginia,VA,117,1,Detection Monitoring (on-frame),,1,4,100,1,2,Microplot boundary,2727
26-JUL-2007,51,Virginia,VA,141,1,Detection Monitoring (on-frame),,1,1,100,1,1,Subplot boundary,2763
26-JUL-2007,51,Virginia,VA,141,1,Detection Monitoring (on-frame),,1,1,100,1,2,Microplot boundary,2763
26-JUL-2007,51,Virginia,VA,141,1,Detection Monitoring (on-frame),,1,2,100,1,1,Subplot boundary,2763
26-JUL-2007,51,Virginia,VA,141,1,Detection Monitoring (on-frame),,1,2,100,1,2,Microplot boundary,2763
26-JUL-2007,51,Virginia,VA,141,1,Detection Monitoring (on-frame),,1,3,100,2,1,Subplot boundary,2763
26-JUL-2007,51,Virginia,VA,141,1,Detection Monitoring (on-frame),,1,3,100,2,2,Microplot boundary,2763
26-JUL-2007,51,Virginia,VA,141,1,Detection Monitoring (on-frame),,1,4,100,2,1,Subplot boundary,2763
26-JUL-2007,51,Virginia,VA,141,1,Detection Monitoring (on-frame),,1,4,100,2,2,Microplot boundary,2763
26-JUL-2007,51,Virginia,VA,143,1,Detection Monitoring (on-frame),,1,1,100,1,1,Subplot boundary,2747
26-JUL-2007,51,Virginia,VA,143,1,Detection Monitoring (on-frame),,1,1,100,1,2,Microplot boundary,2747
26-JUL-2007,51,Virginia,VA,143,1,Detection Monitoring (on-frame),,1,2,100,2,1,Subplot boundary,2747
26-JUL-2007,51,Virginia,VA,143,1,Detection Monitoring (on-frame),,1,2,100,2,2,Microplot boundary,2747
26-JUL-2007,51,Virginia,VA,143,1,Detection Monitoring (on-frame),,1,3,100,3,1,Subplot boundary,2747
26-JUL-2007,51,Virginia,VA,143,1,Detection Monitoring (on-frame),,1,3,100,3,2,Microplot boundary,2747
26-JUL-2007,51,Virginia,VA,143,1,Detection Monitoring (on-frame),,1,4,100,2,1,Subplot boundary,2747
26-JUL-2007,51,Virginia,VA,143,1,Detection Monitoring (on-frame),,1,4,100,2,2,Microplot boundary,2747
26-JUL-2007,51,Virginia,VA,147,1,Detection Monitoring (on-frame),,1,1,100,1,1,Subplot boundary,3255
26-JUL-2007,51,Virginia,VA,147,1,Detection Monitoring (on-frame),,1,1,100,1,2,Microplot boundary,3255
26-JUL-2007,51,Virginia,VA,147,1,Detection Monitoring (on-frame),,1,2,100,1,1,Subplot boundary,3255
26-JUL-2007,51,Virginia,VA,147,1,Detection Monitoring (on-frame),,1,2,100,1,2,Microplot boundary,3255
26-JUL-2007,51,Virginia,VA,147,1,Detection Monitoring (on-frame),,1,3,100,1,1,Subplot boundary,3255
26-JUL-2007,51,Virginia,VA,147,1,Detection Monitoring (on-frame),,1,3,100,1,2,Microplot boundary,3255
26-JUL-2007,51,Virginia,VA,147,1,Detection Monitoring (on-frame),,1,4,100,2,1,Subplot boundary,3255
26-JUL-2007,51,Virginia,VA,147,1,Detection Monitoring (on-frame),,1,4,100,2,2,Microplot boundary,3255
26-JUL-2007,51,Virginia,VA,163,1,Detection Monitoring (on-frame),,1,1,100,1,1,Subplot boundary,3287
26-JUL-2007,51,Virginia,VA,163,1,Detection Monitoring (on-frame),,1,1,100,1,2,Microplot boundary,3287
26-JUL-2007,51,Virginia,VA,163,1,Detection Monitoring (on-frame),,1,2,100,2,1,Subplot boundary,3287
26-JUL-2007,51,Virginia,VA,163,1,Detection Monitoring (on-frame),,1,2,100,2,2,Microplot boundary,3287
26-JUL-2007,51,Virginia,VA,163,1,Detection Monitoring (on-frame),,1,3,100,1,1,Subplot boundary,3287
26-JUL-2007,51,Virginia,VA,163,1,Detection Monitoring (on-frame),,1,3,100,1,2,Microplot boundary,3287
26-JUL-2007,51,Virginia,VA,163,1,Detection Monitoring (on-frame),,1,4,11.7964,2,1,Subplot boundary,3287
26-JUL-2007,51,Virginia,VA,163,1,Detection Monitoring (on-frame),,1,4,88.2036,1,1,Subplot boundary,3287
26-JUL-2007,51,Virginia,VA,163,1,Detection Monitoring (on-frame),,1,4,100,1,2,Microplot boundary,3287
26-JUL-2007,51,Virginia,VA,163,1,Detection Monitoring (on-frame),,1,1,100,1,1,Subplot boundary,3289
26-JUL-2007,51,Virginia,VA,163,1,Detection Monitoring (on-frame),,1,1,100,1,2,Microplot boundary,3289
26-JUL-2007,51,Virginia,VA,163,1,Detection Monitoring (on-frame),,1,2,100,2,1,Subplot boundary,3289
26-JUL-2007,51,Virginia,VA,163,1,Detection Monitoring (on-frame),,1,2,100,2,2,Microplot boundary,3289
26-JUL-2007,51,Virginia,VA,163,1,Detection Monitoring (on-frame),,1,3,17.9363,2,1,Subplot boundary,3289
26-JUL-2007,51,Virginia,VA,163,1,Detection Monitoring (on-frame),,1,3,82.0637,1,1,Subplot boundary,3289
26-JUL-2007,51,Virginia,VA,163,1,Detection Monitoring (on-frame),,1,3,100,1,2,Microplot boundary,3289
26-JUL-2007,51,Virginia,VA,163,1,Detection Monitoring (on-frame),,1,4,100,2,1,Subplot boundary,3289
26-JUL-2007,51,Virginia,VA,163,1,Detection Monitoring (on-frame),,1,4,100,2,2,Microplot boundary,3289
26-JUL-2007,51,Virginia,VA,165,1,Detection Monitoring (on-frame),,1,1,100,1,1,Subplot boundary,4039
26-JUL-2007,51,Virginia,VA,165,1,Detection Monitoring (on-frame),,1,1,100,1,2,Microplot boundary,4039
26-JUL-2007,51,Virginia,VA,165,1,Detection Monitoring (on-frame),,1,2,100,1,1,Subplot boundary,4039
26-JUL-2007,51,Virginia,VA,165,1,Detection Monitoring (on-frame),,1,2,100,1,2,Microplot boundary,4039
26-JUL-2007,51,Virginia,VA,165,1,Detection Monitoring (on-frame),,1,3,100,1,1,Subplot boundary,4039
26-JUL-2007,51,Virginia,VA,165,1,Detection Monitoring (on-frame),,1,3,100,1,2,Microplot boundary,4039
26-JUL-2007,51,Virginia,VA,165,1,Detection Monitoring (on-frame),,1,4,100,1,1,Subplot boundary,4039
26-JUL-2007,51,Virginia,VA,165,1,Detection Monitoring (on-frame),,1,4,100,1,2,Microplot boundary,4039
26-JUL-2007,51,Virginia,VA,171,1,Detection Monitoring (on-frame),,1,1,100,1,1,Subplot boundary,4050
26-JUL-2007,51,Virginia,VA,171,1,Detection Monitoring (on-frame),,1,1,100,1,2,Microplot boundary,4050
26-JUL-2007,51,Virginia,VA,171,1,Detection Monitoring (on-frame),,1,2,100,1,1,Subplot boundary,4050
26-JUL-2007,51,Virginia,VA,171,1,Detection Monitoring (on-frame),,1,2,100,1,2,Microplot boundary,4050
26-JUL-2007,51,Virginia,VA,171,1,Detection Monitoring (on-frame),,1,3,100,2,1,Subplot boundary,4050
26-JUL-2007,51,Virginia,VA,171,1,Detection Monitoring (on-frame),,1,3,100,2,2,Microplot boundary,4050
26-JUL-2007,51,Virginia,VA,171,1,Detection Monitoring (on-frame),,1,4,100,2,1,Subplot boundary,4050
26-JUL-2007,51,Virginia,VA,171,1,Detection Monitoring (on-frame),,1,4,100,2,2,Microplot boundary,4050
26-JUL-2007,51,Virginia,VA,177,1,Detection Monitoring (on-frame),,1,1,100,1,1,Subplot boundary,4014
26-JUL-2007,51,Virginia,VA,177,1,Detection Monitoring (on-frame),,1,1,100,1,2,Microplot boundary,4014
26-JUL-2007,51,Virginia,VA,177,1,Detection Monitoring (on-frame),,1,2,100,1,1,Subplot boundary,4014
26-JUL-2007,51,Virginia,VA,177,1,Detection Monitoring (on-frame),,1,2,100,1,2,Microplot boundary,4014
26-JUL-2007,51,Virginia,VA,177,1,Detection Monitoring (on-frame),,1,3,37.9339,2,1,Subplot boundary,4014
26-JUL-2007,51,Virginia,VA,177,1,Detection Monitoring (on-frame),,1,3,62.0661,1,1,Subplot boundary,4014
26-JUL-2007,51,Virginia,VA,177,1,Detection Monitoring (on-frame),,1,3,100,2,2,Microplot boundary,4014
26-JUL-2007,51,Virginia,VA,177,1,Detection Monitoring (on-frame),,1,4,100,1,1,Subplot boundary,4014
26-JUL-2007,51,Virginia,VA,177,1,Detection Monitoring (on-frame),,1,4,100,1,2,Microplot boundary,4014
26-JUL-2007,51,Virginia,VA,193,1,Detection Monitoring (on-frame),,1,1,100,1,1,Subplot boundary,3982
26-JUL-2007,51,Virginia,VA,193,1,Detection Monitoring (on-frame),,1,1,100,1,2,Microplot boundary,3982
26-JUL-2007,51,Virginia,VA,193,1,Detection Monitoring (on-frame),,1,2,100,1,1,Subplot boundary,3982
26-JUL-2007,51,Virginia,VA,193,1,Detection Monitoring (on-frame),,1,2,100,1,2,Microplot boundary,3982
26-JUL-2007,51,Virginia,VA,193,1,Detection Monitoring (on-frame),,1,3,100,1,1,Subplot boundary,3982
26-JUL-2007,51,Virginia,VA,193,1,Detection Monitoring (on-frame),,1,3,100,1,2,Microplot boundary,3982
26-JUL-2007,51,Virginia,VA,193,1,Detection Monitoring (on-frame),,1,4,100,1,1,Subplot boundary,3982
26-JUL-2007,51,Virginia,VA,193,1,Detection Monitoring (on-frame),,1,4,100,1,2,Microplot boundary,3982
26-JUL-2007,51,Virginia,VA,800,1,Detection Monitoring (on-frame),,1,1,100,1,1,Subplot boundary,2692
26-JUL-2007,51,Virginia,VA,800,1,Detection Monitoring (on-frame),,1,1,100,1,2,Microplot boundary,2692
26-JUL-2007,51,Virginia,VA,800,1,Detection Monitoring (on-frame),,1,2,100,1,1,Subplot boundary,2692
26-JUL-2007,51,Virginia,VA,800,1,Detection Monitoring (on-frame),,1,2,100,1,2,Microplot boundary,2692
26-JUL-2007,51,Virginia,VA,800,1,Detection Monitoring (on-frame),,1,3,48.8795,2,1,Subplot boundary,2692
26-JUL-2007,51,Virginia,VA,800,1,Detection Monitoring (on-frame),,1,3,51.1205,1,1,Subplot boundary,2692
26-JUL-2007,51,Virginia,VA,800,1,Detection Monitoring (on-frame),,1,3,100,2,2,Microplot boundary,2692
26-JUL-2007,51,Virginia,VA,800,1,Detection Monitoring (on-frame),,1,4,100,1,1,Subplot boundary,2692
26-JUL-2007,51,Virginia,VA,800,1,Detection Monitoring (on-frame),,1,4,100,1,2,Microplot boundary,2692
,51,Virginia,VA,1,1,Detection Monitoring (on-frame),,1,1,100,1,1,Subplot boundary,3217
,51,Virginia,VA,1,1,Detection Monitoring (on-frame),,1,1,100,1,2,Microplot boundary,3217
,51,Virginia,VA,1,1,Detection Monitoring (on-frame),,1,2,100,1,1,Subplot boundary,3217
,51,Virginia,VA,1,1,Detection Monitoring (on-frame),,1,2,100,1,2,Microplot boundary,3217
,51,Virginia,VA,1,1,Detection Monitoring (on-frame),,1,3,100,1,1,Subplot boundary,3217
,51,Virginia,VA,1,1,Detection Monitoring (on-frame),,1,3,100,1,2,Microplot boundary,3217
,51,Virginia,VA,1,1,Detection Monitoring (on-frame),,1,4,100,1,1,Subplot boundary,3217
,51,Virginia,VA,1,1,Detection Monitoring (on-frame),,1,4,100,1,2,Microplot boundary,3217
,51,Virginia,VA,3,1,Detection Monitoring (on-frame),,1,1,100,3,1,Subplot boundary,4033
,51,Virginia,VA,3,1,Detection Monitoring (on-frame),,1,1,100,3,2,Microplot boundary,4033
,51,Virginia,VA,3,1,Detection Monitoring (on-frame),,1,2,100,3,1,Subplot boundary,4033
,51,Virginia,VA,3,1,Detection Monitoring (on-frame),,1,2,100,3,2,Microplot boundary,4033
,51,Virginia,VA,3,1,Detection Monitoring (on-frame),,1,3,100,2,1,Subplot boundary,4033
,51,Virginia,VA,3,1,Detection Monitoring (on-frame),,1,3,100,2,2,Microplot boundary,4033
,51,Virginia,VA,3,1,Detection Monitoring (on-frame),,1,4,100,1,1,Subplot boundary,4033
,51,Virginia,VA,3,1,Detection Monitoring (on-frame),,1,4,100,1,2,Microplot boundary,4033
,51,Virginia,VA,9,1,Detection Monitoring (on-frame),,1,1,100,1,1,Subplot boundary,3281
,51,Virginia,VA,9,1,Detection Monitoring (on-frame),,1,1,100,1,2,Microplot boundary,3281
,51,Virginia,VA,9,1,Detection Monitoring (on-frame),,1,2,100,1,1,Subplot boundary,3281
,51,Virginia,VA,9,1,Detection Monitoring (on-frame),,1,2,100,1,2,Microplot boundary,3281
,51,Virginia,VA,9,1,Detection Monitoring (on-frame),,1,3,100,1,1,Subplot boundary,3281
,51,Virginia,VA,9,1,Detection Monitoring (on-frame),,1,3,100,1,2,Microplot boundary,3281
,51,Virginia,VA,9,1,Detection Monitoring (on-frame),,1,4,100,1,1,Subplot boundary,3281
,51,Virginia,VA,9,1,Detection Monitoring (on-frame),,1,4,100,1,2,Microplot boundary,3281
,51,Virginia,VA,27,1,Detection Monitoring (on-frame),,1,1,100,1,1,Subplot boundary,3332
,51,Virginia,VA,27,1,Detection Monitoring (on-frame),,1,1,100,1,2,Microplot boundary,3332
,51,Virginia,VA,27,1,Detection Monitoring (on-frame),,1,2,100,1,1,Subplot boundary,3332
,51,Virginia,VA,27,1,Detection Monitoring (on-frame),,1,2,100,1,2,Microplot boundary,3332
,51,Virginia,VA,27,1,Detection Monitoring (on-frame),,1,3,100,1,1,Subplot boundary,3332
,51,Virginia,VA,27,1,Detection Monitoring (on-frame),,1,3,100,1,2,Microplot boundary,3332
,51,Virginia,VA,27,1,Detection Monitoring (on-frame),,1,4,100,1,1,Subplot boundary,3332
,51,Virginia,VA,27,1,Detection Monitoring (on-frame),,1,4,100,1,2,Microplot boundary,3332
,51,Virginia,VA,29,1,Detection Monitoring (on-frame),,1,1,100,1,1,Subplot boundary,3264
,51,Virginia,VA,29,1,Detection Monitoring (on-frame),,1,1,100,1,2,Microplot boundary,3264
,51,Virginia,VA,29,1,Detection Monitoring (on-frame),,1,2,100,1,1,Subplot boundary,3264
,51,Virginia,VA,29,1,Detection Monitoring (on-frame),,1,2,100,1,2,Microplot boundary,3264
,51,Virginia,VA,29,1,Detection Monitoring (on-frame),,1,3,100,1,1,Subplot boundary,3264
,51,Virginia,VA,29,1,Detection Monitoring (on-frame),,1,3,100,1,2,Microplot boundary,3264
,51,Virginia,VA,29,1,Detection Monitoring (on-frame),,1,4,100,1,1,Subplot boundary,3264
,51,Virginia,VA,29,1,Detection Monitoring (on-frame),,1,4,100,1,2,Microplot boundary,3264
,51,Virginia,VA,61,1,Detection Monitoring (on-frame),,1,1,100,2,1,Subplot boundary,4030
,51,Virginia,VA,61,1,Detection Monitoring (on-frame),,1,1,100,2,2,Microplot boundary,4030
,51,Virginia,VA,61,1,Detection Monitoring (on-frame),,1,2,100,1,1,Subplot boundary,4030
,51,Virginia,VA,61,1,Detection Monitoring (on-frame),,1,2,100,1,2,Microplot boundary,4030
,51,Virginia,VA,61,1,Detection Monitoring (on-frame),,1,3,100,2,1,Subplot boundary,4030
,51,Virginia,VA,61,1,Detection Monitoring (on-frame),,1,3,100,2,2,Microplot boundary,4030
,51,Virginia,VA,61,1,Detection Monitoring (on-frame),,1,4,100,2,1,Subplot boundary,4030
,51,Virginia,VA,61,1,Detection Monitoring (on-frame),,1,4,100,2,2,Microplot boundary,4030
,51,Virginia,VA,67,1,Detection Monitoring (on-frame),,1,1,100,1,1,Subplot boundary,3273
,51,Virginia,VA,67,1,Detection Monitoring (on-frame),,1,1,100,1,2,Microplot boundary,3273
,51,Virginia,VA,67,1,Detection Monitoring (on-frame),,1,2,100,1,1,Subplot boundary,3273
,51,Virginia,VA,67,1,Detection Monitoring (on-frame),,1,2,100,1,2,Microplot boundary,3273
,51,Virginia,VA,67,1,Detection Monitoring (on-frame),,1,3,100,1,1,Subplot boundary,3273
,51,Virginia,VA,67,1,Detection Monitoring (on-frame),,1,3,100,1,2,Microplot boundary,3273
,51,Virginia,VA,67,1,Detection Monitoring (on-frame),,1,4,100,1,1,Subplot boundary,3273
,51,Virginia,VA,67,1,Detection Monitoring (on-frame),,1,4,100,1,2,Microplot boundary,3273
,51,Virginia,VA,107,1,Detection Monitoring (on-frame),,1,1,100,1,1,Subplot boundary,4775
,51,Virginia,VA,107,1,Detection Monitoring (on-frame),,1,1,100,1,2,Microplot boundary,4775
,51,Virginia,VA,107,1,Detection Monitoring (on-frame),,1,2,100,1,1,Subplot boundary,4775
,51,Virginia,VA,107,1,Detection Monitoring (on-frame),,1,2,100,1,2,Microplot boundary,4775
,51,Virginia,VA,107,1,Detection Monitoring (on-frame),,1,3,100,1,1,Subplot boundary,4775
,51,Virginia,VA,107,1,Detection Monitoring (on-frame),,1,3,100,1,2,Microplot boundary,4775
,51,Virginia,VA,107,1,Detection Monitoring (on-frame),,1,4,100,1,1,Subplot boundary,4775
,51,Virginia,VA,107,1,Detection Monitoring (on-frame),,1,4,100,1,2,Microplot boundary,4775
,51,Virginia,VA,121,1,Detection Monitoring (on-frame),,1,1,100,1,1,Subplot boundary,3292
,51,Virginia,VA,121,1,Detection Monitoring (on-frame),,1,1,100,1,2,Microplot boundary,3292
,51,Virginia,VA,121,1,Detection Monitoring (on-frame),,1,2,100,1,1,Subplot boundary,3292
,51,Virginia,VA,121,1,Detection Monitoring (on-frame),,1,2,100,1,2,Microplot boundary,3292
,51,Virginia,VA,121,1,Detection Monitoring (on-frame),,1,3,100,1,1,Subplot boundary,3292
,51,Virginia,VA,121,1,Detection Monitoring (on-frame),,1,3,100,1,2,Microplot boundary,3292
,51,Virginia,VA,121,1,Detection Monitoring (on-frame),,1,4,100,1,1,Subplot boundary,3292
,51,Virginia,VA,121,1,Detection Monitoring (on-frame),,1,4,100,1,2,Microplot boundary,3292
,51,Virginia,VA,121,1,Detection Monitoring (on-frame),,1,1,100,1,1,Subplot boundary,3293
,51,Virginia,VA,121,1,Detection Monitoring (on-frame),,1,1,100,1,2,Microplot boundary,3293
,51,Virginia,VA,121,1,Detection Monitoring (on-frame),,1,2,100,1,1,Subplot boundary,3293
,51,Virginia,VA,121,1,Detection Monitoring (on-frame),,1,2,100,1,2,Microplot boundary,3293
,51,Virginia,VA,121,1,Detection Monitoring (on-frame),,1,3,100,1,1,Subplot boundary,3293
,51,Virginia,VA,121,1,Detection Monitoring (on-frame),,1,3,100,1,2,Microplot boundary,3293
,51,Virginia,VA,121,1,Detection Monitoring (on-frame),,1,4,100,1,1,Subplot boundary,3293
,51,Virginia,VA,121,1,Detection Monitoring (on-frame),,1,4,100,1,2,Microplot boundary,3293
,51,Virginia,VA,139,1,Detection Monitoring (on-frame),,1,1,100,1,1,Subplot boundary,4042
,51,Virginia,VA,139,1,Detection Monitoring (on-frame),,1,1,100,1,2,Microplot boundary,4042
,51,Virginia,VA,139,1,Detection Monitoring (on-frame),,1,2,100,1,1,Subplot boundary,4042
,51,Virginia,VA,139,1,Detection Monitoring (on-frame),,1,2,100,1,2,Microplot boundary,4042
,51,Virginia,VA,139,1,Detection Monitoring (on-frame),,1,3,100,1,1,Subplot boundary,4042
,51,Virginia,VA,139,1,Detection Monitoring (on-frame),,1,3,100,1,2,Microplot boundary,4042
,51,Virginia,VA,139,1,Detection Monitoring (on-frame),,1,4,100,1,1,Subplot boundary,4042
,51,Virginia,VA,139,1,Detection Monitoring (on-frame),,1,4,100,1,2,Microplot boundary,4042
,51,Virginia,VA,143,1,Detection Monitoring (on-frame),,1,1,100,2,1,Subplot boundary,2750
,51,Virginia,VA,143,1,Detection Monitoring (on-frame),,1,1,100,2,2,Microplot boundary,2750
,51,Virginia,VA,143,1,Detection Monitoring (on-frame),,1,2,100,2,1,Subplot boundary,2750
,51,Virginia,VA,143,1,Detection Monitoring (on-frame),,1,2,100,2,2,Microplot boundary,2750
,51,Virginia,VA,143,1,Detection Monitoring (on-frame),,1,3,100,1,1,Subplot boundary,2750
,51,Virginia,VA,143,1,Detection Monitoring (on-frame),,1,3,100,1,2,Microplot boundary,2750
,51,Virginia,VA,143,1,Detection Monitoring (on-frame),,1,4,100,2,1,Subplot boundary,2750
,51,Virginia,VA,143,1,Detection Monitoring (on-frame),,1,4,100,2,2,Microplot boundary,2750
,51,Virginia,VA,153,1,Detection Monitoring (on-frame),,1,1,100,1,1,Subplot boundary,4023
,51,Virginia,VA,153,1,Detection Monitoring (on-frame),,1,1,100,1,2,Microplot boundary,4023
,51,Virginia,VA,153,1,Detection Monitoring (on-frame),,1,2,100,1,1,Subplot boundary,4023
,51,Virginia,VA,153,1,Detection Monitoring (on-frame),,1,2,100,1,2,Microplot boundary,4023
,51,Virginia,VA,153,1,Detection Monitoring (on-frame),,1,3,100,1,1,Subplot boundary,4023
,51,Virginia,VA,153,1,Detection Monitoring (on-frame),,1,3,100,1,2,Microplot boundary,4023
,51,Virginia,VA,153,1,Detection Monitoring (on-frame),,1,4,100,1,1,Subplot boundary,4023
,51,Virginia,VA,153,1,Detection Monitoring (on-frame),,1,4,100,1,2,Microplot boundary,4023
,51,Virginia,VA,159,1,Detection Monitoring (on-frame),,1,1,100,1,1,Subplot boundary,3229
,51,Virginia,VA,159,1,Detection Monitoring (on-frame),,1,1,100,1,2,Microplot boundary,3229
,51,Virginia,VA,159,1,Detection Monitoring (on-frame),,1,2,100,1,1,Subplot boundary,3229
,51,Virginia,VA,159,1,Detection Monitoring (on-frame),,1,2,100,1,2,Microplot boundary,3229
,51,Virginia,VA,159,1,Detection Monitoring (on-frame),,1,3,100,1,1,Subplot boundary,3229
,51,Virginia,VA,159,1,Detection Monitoring (on-frame),,1,3,100,1,2,Microplot boundary,3229
,51,Virginia,VA,159,1,Detection Monitoring (on-frame),,1,4,100,1,1,Subplot boundary,3229
,51,Virginia,VA,159,1,Detection Monitoring (on-frame),,1,4,100,1,2,Microplot boundary,3229
,51,Virginia,VA,169,1,Detection Monitoring (on-frame),,1,1,100,1,1,Subplot boundary,2807
,51,Virginia,VA,169,1,Detection Monitoring (on-frame),,1,1,100,1,2,Microplot boundary,2807
,51,Virginia,VA,169,1,Detection Monitoring (on-frame),,1,2,100,1,1,Subplot boundary,2807
,51,Virginia,VA,169,1,Detection Monitoring (on-frame),,1,2,100,1,2,Microplot boundary,2807
,51,Virginia,VA,169,1,Detection Monitoring (on-frame),,1,3,100,1,1,Subplot boundary,2807
,51,Virginia,VA,169,1,Detection Monitoring (on-frame),,1,3,100,1,2,Microplot boundary,2807
,51,Virginia,VA,169,1,Detection Monitoring (on-frame),,1,4,100,1,1,Subplot boundary,2807
,51,Virginia,VA,169,1,Detection Monitoring (on-frame),,1,4,100,1,2,Microplot boundary,2807
,51,Virginia,VA,183,1,Detection Monitoring (on-frame),,1,1,100,1,1,Subplot boundary,2710
,51,Virginia,VA,183,1,Detection Monitoring (on-frame),,1,1,100,1,2,Microplot boundary,2710
,51,Virginia,VA,183,1,Detection Monitoring (on-frame),,1,2,100,1,1,Subplot boundary,2710
,51,Virginia,VA,183,1,Detection Monitoring (on-frame),,1,2,100,1,2,Microplot boundary,2710
,51,Virginia,VA,183,1,Detection Monitoring (on-frame),,1,3,100,1,1,Subplot boundary,2710
,51,Virginia,VA,183,1,Detection Monitoring (on-frame),,1,3,100,1,2,Microplot boundary,2710
,51,Virginia,VA,183,1,Detection Monitoring (on-frame),,1,4,100,1,1,Subplot boundary,2710
,51,Virginia,VA,183,1,Detection Monitoring (on-frame),,1,4,100,1,2,Microplot boundary,2710
,51,Virginia,VA,191,1,Detection Monitoring (on-frame),,1,1,100,1,1,Subplot boundary,2789
,51,Virginia,VA,191,1,Detection Monitoring (on-frame),,1,1,100,1,2,Microplot boundary,2789
,51,Virginia,VA,191,1,Detection Monitoring (on-frame),,1,2,100,1,1,Subplot boundary,2789
,51,Virginia,VA,191,1,Detection Monitoring (on-frame),,1,2,100,1,2,Microplot boundary,2789
,51,Virginia,VA,191,1,Detection Monitoring (on-frame),,1,3,100,1,1,Subplot boundary,2789
,51,Virginia,VA,191,1,Detection Monitoring (on-frame),,1,3,100,1,2,Microplot boundary,2789
,51,Virginia,VA,191,1,Detection Monitoring (on-frame),,1,4,100,1,1,Subplot boundary,2789
,51,Virginia,VA,191,1,Detection Monitoring (on-frame),,1,4,100,1,2,Microplot boundary,2789
,51,Virginia,VA,197,1,Detection Monitoring (on-frame),,1,1,100,1,1,Subplot boundary,2790
,51,Virginia,VA,197,1,Detection Monitoring (on-frame),,1,1,100,1,2,Microplot boundary,2790
,51,Virginia,VA,197,1,Detection Monitoring (on-frame),,1,2,100,1,1,Subplot boundary,2790
,51,Virginia,VA,197,1,Detection Monitoring (on-frame),,1,2,100,1,2,Microplot boundary,2790
,51,Virginia,VA,197,1,Detection Monitoring (on-frame),,1,3,100,1,1,Subplot boundary,2790
,51,Virginia,VA,197,1,Detection Monitoring (on-frame),,1,3,100,1,2,Microplot boundary,2790
,51,Virginia,VA,197,1,Detection Monitoring (on-frame),,1,4,100,1,1,Subplot boundary,2790
,51,Virginia,VA,197,1,Detection Monitoring (on-frame),,1,4,100,1,2,Microplot boundary,2790
,51,Virginia,VA,199,1,Detection Monitoring (on-frame),,1,1,100,1,1,Subplot boundary,2687
,51,Virginia,VA,199,1,Detection Monitoring (on-frame),,1,1,100,1,2,Microplot boundary,2687
,51,Virginia,VA,199,1,Detection Monitoring (on-frame),,1,2,100,1,1,Subplot boundary,2687
,51,Virginia,VA,199,1,Detection Monitoring (on-frame),,1,2,100,1,2,Microplot boundary,2687
,51,Virginia,VA,199,1,Detection Monitoring (on-frame),,1,3,100,1,1,Subplot boundary,2687
,51,Virginia,VA,199,1,Detection Monitoring (on-frame),,1,3,100,1,2,Microplot boundary,2687
,51,Virginia,VA,199,1,Detection Monitoring (on-frame),,1,4,100,1,1,Subplot boundary,2687
,51,Virginia,VA,199,1,Detection Monitoring (on-frame),,1,4,100,1,2,Microplot boundary,2687
,51,Virginia,VA,810,1,Detection Monitoring (on-frame),,1,1,100,1,1,Subplot boundary,2677
,51,Virginia,VA,810,1,Detection Monitoring (on-frame),,1,1,100,1,2,Microplot boundary,2677
,51,Virginia,VA,810,1,Detection Monitoring (on-frame),,1,2,100,1,1,Subplot boundary,2677
,51,Virginia,VA,810,1,Detection Monitoring (on-frame),,1,2,100,1,2,Microplot boundary,2677
,51,Virginia,VA,810,1,Detection Monitoring (on-frame),,1,3,100,1,1,Subplot boundary,2677
,51,Virginia,VA,810,1,Detection Monitoring (on-frame),,1,3,100,1,2,Microplot boundary,2677
,51,Virginia,VA,810,1,Detection Monitoring (on-frame),,1,4,100,1,1,Subplot boundary,2677
,51,Virginia,VA,810,1,Detection Monitoring (on-frame),,1,4,100,1,2,Microplot boundary,2677
