LAST_UPDATE,STATE,STATE_DESCR,STATE_ABBREV,COUNTY,PROJECT,PROJECT_DESCR,HEXAGON_NBR,PLOT_NBR,POINT_NBR,AREA_PERCENT,CONDITION_CLASS_NBR,PLOT_TYPE,PLOT_TYPE_DESCR,P3ID
26-JUL-2007,51,Virginia,VA,17,1,Detection Monitoring (on-frame),,1,1,100,1,1,Subplot boundary,3290
26-JUL-2007,51,Virginia,VA,17,1,Detection Monitoring (on-frame),,1,1,100,1,2,Microplot boundary,3290
26-JUL-2007,51,Virginia,VA,17,1,Detection Monitoring (on-frame),,1,2,100,1,1,Subplot boundary,3290
26-JUL-2007,51,Virginia,VA,17,1,Detection Monitoring (on-frame),,1,2,100,1,2,Microplot boundary,3290
26-JUL-2007,51,Virginia,VA,17,1,Detection Monitoring (on-frame),,1,3,100,1,1,Subplot boundary,3290
26-JUL-2007,51,Virginia,VA,17,1,Detection Monitoring (on-frame),,1,3,100,1,2,Microplot boundary,3290
26-JUL-2007,51,Virginia,VA,17,1,Detection Monitoring (on-frame),,1,4,100,1,1,Subplot boundary,3290
26-JUL-2007,51,Virginia,VA,17,1,Detection Monitoring (on-frame),,1,4,100,1,2,Microplot boundary,3290
26-JUL-2007,51,Virginia,VA,19,1,Detection Monitoring (on-frame),,1,1,100,1,1,Subplot boundary,3283
26-JUL-2007,51,Virginia,VA,19,1,Detection Monitoring (on-frame),,1,1,100,1,2,Microplot boundary,3283
26-JUL-2007,51,Virginia,VA,19,1,Detection Monitoring (on-frame),,1,2,100,1,1,Subplot boundary,3283
26-JUL-2007,51,Virginia,VA,19,1,Detection Monitoring (on-frame),,1,2,100,1,2,Microplot boundary,3283
26-JUL-2007,51,Virginia,VA,19,1,Detection Monitoring (on-frame),,1,3,100,1,1,Subplot boundary,3283
26-JUL-2007,51,Virginia,VA,19,1,Detection Monitoring (on-frame),,1,3,100,1,2,Microplot boundary,3283
26-JUL-2007,51,Virginia,VA,19,1,Detection Monitoring (on-frame),,1,4,100,1,1,Subplot boundary,3283
26-JUL-2007,51,Virginia,VA,19,1,Detection Monitoring (on-frame),,1,4,100,1,2,Microplot boundary,3283
26-JUL-2007,51,Virginia,VA,27,1,Detection Monitoring (on-frame),,1,1,100,1,1,Subplot boundary,3317
26-JUL-2007,51,Virginia,VA,27,1,Detection Monitoring (on-frame),,1,1,100,1,2,Microplot boundary,3317
26-JUL-2007,51,Virginia,VA,27,1,Detection Monitoring (on-frame),,1,2,100,1,1,Subplot boundary,3317
26-JUL-2007,51,Virginia,VA,27,1,Detection Monitoring (on-frame),,1,2,100,1,2,Microplot boundary,3317
26-JUL-2007,51,Virginia,VA,27,1,Detection Monitoring (on-frame),,1,3,100,1,1,Subplot boundary,3317
26-JUL-2007,51,Virginia,VA,27,1,Detection Monitoring (on-frame),,1,3,100,1,2,Microplot boundary,3317
26-JUL-2007,51,Virginia,VA,27,1,Detection Monitoring (on-frame),,1,4,100,1,1,Subplot boundary,3317
26-JUL-2007,51,Virginia,VA,27,1,Detection Monitoring (on-frame),,1,4,100,1,2,Microplot boundary,3317
26-JUL-2007,51,Virginia,VA,29,1,Detection Monitoring (on-frame),,1,1,100,1,1,Subplot boundary,3265
26-JUL-2007,51,Virginia,VA,29,1,Detection Monitoring (on-frame),,1,1,100,1,2,Microplot boundary,3265
26-JUL-2007,51,Virginia,VA,29,1,Detection Monitoring (on-frame),,1,2,100,1,1,Subplot boundary,3265
26-JUL-2007,51,Virginia,VA,29,1,Detection Monitoring (on-frame),,1,2,100,1,2,Microplot boundary,3265
26-JUL-2007,51,Virginia,VA,29,1,Detection Monitoring (on-frame),,1,3,100,1,1,Subplot boundary,3265
26-JUL-2007,51,Virginia,VA,29,1,Detection Monitoring (on-frame),,1,3,100,1,2,Microplot boundary,3265
26-JUL-2007,51,Virginia,VA,29,1,Detection Monitoring (on-frame),,1,4,100,1,1,Subplot boundary,3265
26-JUL-2007,51,Virginia,VA,29,1,Detection Monitoring (on-frame),,1,4,100,1,2,Microplot boundary,3265
26-JUL-2007,51,Virginia,VA,31,1,Detection Monitoring (on-frame),,1,1,100,1,1,Subplot boundary,3274
26-JUL-2007,51,Virginia,VA,31,1,Detection Monitoring (on-frame),,1,1,100,1,2,Microplot boundary,3274
26-JUL-2007,51,Virginia,VA,31,1,Detection Monitoring (on-frame),,1,2,1.5619,1,1,Subplot boundary,3274
26-JUL-2007,51,Virginia,VA,31,1,Detection Monitoring (on-frame),,1,2,98.4381,2,1,Subplot boundary,3274
26-JUL-2007,51,Virginia,VA,31,1,Detection Monitoring (on-frame),,1,2,100,2,2,Microplot boundary,3274
26-JUL-2007,51,Virginia,VA,31,1,Detection Monitoring (on-frame),,1,3,100,1,1,Subplot boundary,3274
26-JUL-2007,51,Virginia,VA,31,1,Detection Monitoring (on-frame),,1,3,100,1,2,Microplot boundary,3274
26-JUL-2007,51,Virginia,VA,31,1,Detection Monitoring (on-frame),,1,4,100,1,1,Subplot boundary,3274
26-JUL-2007,51,Virginia,VA,31,1,Detection Monitoring (on-frame),,1,4,100,1,2,Microplot boundary,3274
26-JUL-2007,51,Virginia,VA,33,1,Detection Monitoring (on-frame),,1,1,100,1,1,Subplot boundary,4013
26-JUL-2007,51,Virginia,VA,33,1,Detection Monitoring (on-frame),,1,1,100,1,2,Microplot boundary,4013
26-JUL-2007,51,Virginia,VA,33,1,Detection Monitoring (on-frame),,1,2,100,1,1,Subplot boundary,4013
26-JUL-2007,51,Virginia,VA,33,1,Detection Monitoring (on-frame),,1,2,100,1,2,Microplot boundary,4013
26-JUL-2007,51,Virginia,VA,33,1,Detection Monitoring (on-frame),,1,3,100,1,1,Subplot boundary,4013
26-JUL-2007,51,Virginia,VA,33,1,Detection Monitoring (on-frame),,1,3,100,1,2,Microplot boundary,4013
26-JUL-2007,51,Virginia,VA,33,1,Detection Monitoring (on-frame),,1,4,100,1,1,Subplot boundary,4013
26-JUL-2007,51,Virginia,VA,33,1,Detection Monitoring (on-frame),,1,4,100,1,2,Microplot boundary,4013
26-JUL-2007,51,Virginia,VA,35,1,Detection Monitoring (on-frame),,1,1,100,1,1,Subplot boundary,2766
26-JUL-2007,51,Virginia,VA,35,1,Detection Monitoring (on-frame),,1,1,100,1,2,Microplot boundary,2766
26-JUL-2007,51,Virginia,VA,35,1,Detection Monitoring (on-frame),,1,2,100,2,1,Subplot boundary,2766
26-JUL-2007,51,Virginia,VA,35,1,Detection Monitoring (on-frame),,1,2,100,2,2,Microplot boundary,2766
26-JUL-2007,51,Virginia,VA,35,1,Detection Monitoring (on-frame),,1,3,100,3,1,Subplot boundary,2766
26-JUL-2007,51,Virginia,VA,35,1,Detection Monitoring (on-frame),,1,3,100,3,2,Microplot boundary,2766
26-JUL-2007,51,Virginia,VA,35,1,Detection Monitoring (on-frame),,1,4,100,1,1,Subplot boundary,2766
26-JUL-2007,51,Virginia,VA,35,1,Detection Monitoring (on-frame),,1,4,100,1,2,Microplot boundary,2766
26-JUL-2007,51,Virginia,VA,36,1,Detection Monitoring (on-frame),,1,1,100,1,1,Subplot boundary,3237
26-JUL-2007,51,Virginia,VA,36,1,Detection Monitoring (on-frame),,1,1,100,1,2,Microplot boundary,3237
26-JUL-2007,51,Virginia,VA,36,1,Detection Monitoring (on-frame),,1,2,100,2,1,Subplot boundary,3237
26-JUL-2007,51,Virginia,VA,36,1,Detection Monitoring (on-frame),,1,2,100,2,2,Microplot boundary,3237
26-JUL-2007,51,Virginia,VA,36,1,Detection Monitoring (on-frame),,1,3,100,1,1,Subplot boundary,3237
26-JUL-2007,51,Virginia,VA,36,1,Detection Monitoring (on-frame),,1,3,100,1,2,Microplot boundary,3237
26-JUL-2007,51,Virginia,VA,36,1,Detection Monitoring (on-frame),,1,4,17.9363,1,2,Microplot boundary,3237
26-JUL-2007,51,Virginia,VA,36,1,Detection Monitoring (on-frame),,1,4,31.1868,1,1,Subplot boundary,3237
26-JUL-2007,51,Virginia,VA,36,1,Detection Monitoring (on-frame),,1,4,68.8132,3,1,Subplot boundary,3237
26-JUL-2007,51,Virginia,VA,36,1,Detection Monitoring (on-frame),,1,4,82.0637,3,2,Microplot boundary,3237
26-JUL-2007,51,Virginia,VA,37,1,Detection Monitoring (on-frame),,1,1,100,1,1,Subplot boundary,2728
26-JUL-2007,51,Virginia,VA,37,1,Detection Monitoring (on-frame),,1,1,100,1,2,Microplot boundary,2728
26-JUL-2007,51,Virginia,VA,37,1,Detection Monitoring (on-frame),,1,2,100,1,1,Subplot boundary,2728
26-JUL-2007,51,Virginia,VA,37,1,Detection Monitoring (on-frame),,1,2,100,1,2,Microplot boundary,2728
26-JUL-2007,51,Virginia,VA,37,1,Detection Monitoring (on-frame),,1,3,100,1,1,Subplot boundary,2728
26-JUL-2007,51,Virginia,VA,37,1,Detection Monitoring (on-frame),,1,3,100,1,2,Microplot boundary,2728
26-JUL-2007,51,Virginia,VA,37,1,Detection Monitoring (on-frame),,1,4,100,1,1,Subplot boundary,2728
26-JUL-2007,51,Virginia,VA,37,1,Detection Monitoring (on-frame),,1,4,100,1,2,Microplot boundary,2728
26-JUL-2007,51,Virginia,VA,41,1,Detection Monitoring (on-frame),,1,1,100,1,1,Subplot boundary,3239
26-JUL-2007,51,Virginia,VA,41,1,Detection Monitoring (on-frame),,1,1,100,1,2,Microplot boundary,3239
26-JUL-2007,51,Virginia,VA,41,1,Detection Monitoring (on-frame),,1,2,100,1,1,Subplot boundary,3239
26-JUL-2007,51,Virginia,VA,41,1,Detection Monitoring (on-frame),,1,2,100,1,2,Microplot boundary,3239
26-JUL-2007,51,Virginia,VA,41,1,Detection Monitoring (on-frame),,1,3,100,1,1,Subplot boundary,3239
26-JUL-2007,51,Virginia,VA,41,1,Detection Monitoring (on-frame),,1,3,100,1,2,Microplot boundary,3239
26-JUL-2007,51,Virginia,VA,41,1,Detection Monitoring (on-frame),,1,4,100,1,1,Subplot boundary,3239
26-JUL-2007,51,Virginia,VA,41,1,Detection Monitoring (on-frame),,1,4,100,1,2,Microplot boundary,3239
26-JUL-2007,51,Virginia,VA,45,1,Detection Monitoring (on-frame),,1,1,100,1,1,Subplot boundary,3297
26-JUL-2007,51,Virginia,VA,45,1,Detection Monitoring (on-frame),,1,1,100,1,2,Microplot boundary,3297
26-JUL-2007,51,Virginia,VA,45,1,Detection Monitoring (on-frame),,1,2,100,1,1,Subplot boundary,3297
26-JUL-2007,51,Virginia,VA,45,1,Detection Monitoring (on-frame),,1,2,100,1,2,Microplot boundary,3297
26-JUL-2007,51,Virginia,VA,45,1,Detection Monitoring (on-frame),,1,3,100,1,1,Subplot boundary,3297
26-JUL-2007,51,Virginia,VA,45,1,Detection Monitoring (on-frame),,1,3,100,1,2,Microplot boundary,3297
26-JUL-2007,51,Virginia,VA,45,1,Detection Monitoring (on-frame),,1,4,100,1,1,Subplot boundary,3297
26-JUL-2007,51,Virginia,VA,45,1,Detection Monitoring (on-frame),,1,4,100,1,2,Microplot boundary,3297
26-JUL-2007,51,Virginia,VA,49,1,Detection Monitoring (on-frame),,1,1,100,1,1,Subplot boundary,3259
26-JUL-2007,51,Virginia,VA,49,1,Detection Monitoring (on-frame),,1,1,100,1,2,Microplot boundary,3259
26-JUL-2007,51,Virginia,VA,49,1,Detection Monitoring (on-frame),,1,2,12.5075,1,2,Microplot boundary,3259
26-JUL-2007,51,Virginia,VA,49,1,Detection Monitoring (on-frame),,1,2,25.1668,2,1,Subplot boundary,3259
26-JUL-2007,51,Virginia,VA,49,1,Detection Monitoring (on-frame),,1,2,74.8332,1,1,Subplot boundary,3259
26-JUL-2007,51,Virginia,VA,49,1,Detection Monitoring (on-frame),,1,2,87.4925,2,2,Microplot boundary,3259
26-JUL-2007,51,Virginia,VA,49,1,Detection Monitoring (on-frame),,1,3,100,1,1,Subplot boundary,3259
26-JUL-2007,51,Virginia,VA,49,1,Detection Monitoring (on-frame),,1,3,100,1,2,Microplot boundary,3259
26-JUL-2007,51,Virginia,VA,49,1,Detection Monitoring (on-frame),,1,4,100,3,1,Subplot boundary,3259
26-JUL-2007,51,Virginia,VA,49,1,Detection Monitoring (on-frame),,1,4,100,3,2,Microplot boundary,3259
26-JUL-2007,51,Virginia,VA,49,1,Detection Monitoring (on-frame),,1,1,100,1,1,Subplot boundary,3263
26-JUL-2007,51,Virginia,VA,49,1,Detection Monitoring (on-frame),,1,1,100,1,2,Microplot boundary,3263
26-JUL-2007,51,Virginia,VA,49,1,Detection Monitoring (on-frame),,1,2,100,1,1,Subplot boundary,3263
26-JUL-2007,51,Virginia,VA,49,1,Detection Monitoring (on-frame),,1,2,100,1,2,Microplot boundary,3263
26-JUL-2007,51,Virginia,VA,49,1,Detection Monitoring (on-frame),,1,3,100,2,1,Subplot boundary,3263
26-JUL-2007,51,Virginia,VA,49,1,Detection Monitoring (on-frame),,1,3,100,2,2,Microplot boundary,3263
26-JUL-2007,51,Virginia,VA,49,1,Detection Monitoring (on-frame),,1,4,100,1,1,Subplot boundary,3263
26-JUL-2007,51,Virginia,VA,49,1,Detection Monitoring (on-frame),,1,4,100,1,2,Microplot boundary,3263
26-JUL-2007,51,Virginia,VA,57,1,Detection Monitoring (on-frame),,1,1,100,1,1,Subplot boundary,3230
26-JUL-2007,51,Virginia,VA,57,1,Detection Monitoring (on-frame),,1,1,100,1,2,Microplot boundary,3230
26-JUL-2007,51,Virginia,VA,57,1,Detection Monitoring (on-frame),,1,2,100,1,1,Subplot boundary,3230
26-JUL-2007,51,Virginia,VA,57,1,Detection Monitoring (on-frame),,1,2,100,1,2,Microplot boundary,3230
26-JUL-2007,51,Virginia,VA,57,1,Detection Monitoring (on-frame),,1,3,100,1,1,Subplot boundary,3230
26-JUL-2007,51,Virginia,VA,57,1,Detection Monitoring (on-frame),,1,3,100,1,2,Microplot boundary,3230
26-JUL-2007,51,Virginia,VA,57,1,Detection Monitoring (on-frame),,1,4,100,1,1,Subplot boundary,3230
26-JUL-2007,51,Virginia,VA,57,1,Detection Monitoring (on-frame),,1,4,100,1,2,Microplot boundary,3230
26-JUL-2007,51,Virginia,VA,61,1,Detection Monitoring (on-frame),,1,1,100,1,1,Subplot boundary,4024
26-JUL-2007,51,Virginia,VA,61,1,Detection Monitoring (on-frame),,1,1,100,1,2,Microplot boundary,4024
26-JUL-2007,51,Virginia,VA,61,1,Detection Monitoring (on-frame),,1,2,100,1,1,Subplot boundary,4024
26-JUL-2007,51,Virginia,VA,61,1,Detection Monitoring (on-frame),,1,2,100,1,2,Microplot boundary,4024
26-JUL-2007,51,Virginia,VA,61,1,Detection Monitoring (on-frame),,1,3,100,1,1,Subplot boundary,4024
26-JUL-2007,51,Virginia,VA,61,1,Detection Monitoring (on-frame),,1,3,100,1,2,Microplot boundary,4024
26-JUL-2007,51,Virginia,VA,61,1,Detection Monitoring (on-frame),,1,4,100,1,1,Subplot boundary,4024
26-JUL-2007,51,Virginia,VA,61,1,Detection Monitoring (on-frame),,1,4,100,1,2,Microplot boundary,4024
26-JUL-2007,51,Virginia,VA,63,1,Detection Monitoring (on-frame),,1,1,100,1,1,Subplot boundary,3291
26-JUL-2007,51,Virginia,VA,63,1,Detection Monitoring (on-frame),,1,1,100,1,2,Microplot boundary,3291
26-JUL-2007,51,Virginia,VA,63,1,Detection Monitoring (on-frame),,1,2,100,1,1,Subplot boundary,3291
26-JUL-2007,51,Virginia,VA,63,1,Detection Monitoring (on-frame),,1,2,100,1,2,Microplot boundary,3291
26-JUL-2007,51,Virginia,VA,63,1,Detection Monitoring (on-frame),,1,3,100,1,1,Subplot boundary,3291
26-JUL-2007,51,Virginia,VA,63,1,Detection Monitoring (on-frame),,1,3,100,1,2,Microplot boundary,3291
26-JUL-2007,51,Virginia,VA,63,1,Detection Monitoring (on-frame),,1,4,100,1,1,Subplot boundary,3291
26-JUL-2007,51,Virginia,VA,63,1,Detection Monitoring (on-frame),,1,4,100,1,2,Microplot boundary,3291
26-JUL-2007,51,Virginia,VA,71,1,Detection Monitoring (on-frame),,1,1,100,1,1,Subplot boundary,3299
26-JUL-2007,51,Virginia,VA,71,1,Detection Monitoring (on-frame),,1,1,100,1,2,Microplot boundary,3299
26-JUL-2007,51,Virginia,VA,71,1,Detection Monitoring (on-frame),,1,2,100,1,1,Subplot boundary,3299
26-JUL-2007,51,Virginia,VA,71,1,Detection Monitoring (on-frame),,1,2,100,1,2,Microplot boundary,3299
26-JUL-2007,51,Virginia,VA,71,1,Detection Monitoring (on-frame),,1,3,100,1,1,Subplot boundary,3299
26-JUL-2007,51,Virginia,VA,71,1,Detection Monitoring (on-frame),,1,3,100,1,2,Microplot boundary,3299
26-JUL-2007,51,Virginia,VA,71,1,Detection Monitoring (on-frame),,1,4,100,1,1,Subplot boundary,3299
26-JUL-2007,51,Virginia,VA,71,1,Detection Monitoring (on-frame),,1,4,100,1,2,Microplot boundary,3299
26-JUL-2007,51,Virginia,VA,85,1,Detection Monitoring (on-frame),,1,1,100,1,1,Subplot boundary,3249
26-JUL-2007,51,Virginia,VA,85,1,Detection Monitoring (on-frame),,1,1,100,1,2,Microplot boundary,3249
26-JUL-2007,51,Virginia,VA,85,1,Detection Monitoring (on-frame),,1,2,100,1,1,Subplot boundary,3249
26-JUL-2007,51,Virginia,VA,85,1,Detection Monitoring (on-frame),,1,2,100,1,2,Microplot boundary,3249
26-JUL-2007,51,Virginia,VA,85,1,Detection Monitoring (on-frame),,1,3,100,1,1,Subplot boundary,3249
26-JUL-2007,51,Virginia,VA,85,1,Detection Monitoring (on-frame),,1,3,100,1,2,Microplot boundary,3249
26-JUL-2007,51,Virginia,VA,85,1,Detection Monitoring (on-frame),,1,4,100,1,1,Subplot boundary,3249
26-JUL-2007,51,Virginia,VA,85,1,Detection Monitoring (on-frame),,1,4,100,1,2,Microplot boundary,3249
26-JUL-2007,51,Virginia,VA,91,1,Detection Monitoring (on-frame),,1,1,100,1,1,Subplot boundary,4062
26-JUL-2007,51,Virginia,VA,91,1,Detection Monitoring (on-frame),,1,1,100,1,2,Microplot boundary,4062
26-JUL-2007,51,Virginia,VA,91,1,Detection Monitoring (on-frame),,1,2,100,1,1,Subplot boundary,4062
26-JUL-2007,51,Virginia,VA,91,1,Detection Monitoring (on-frame),,1,2,100,1,2,Microplot boundary,4062
26-JUL-2007,51,Virginia,VA,91,1,Detection Monitoring (on-frame),,1,3,100,1,1,Subplot boundary,4062
26-JUL-2007,51,Virginia,VA,91,1,Detection Monitoring (on-frame),,1,3,100,1,2,Microplot boundary,4062
26-JUL-2007,51,Virginia,VA,91,1,Detection Monitoring (on-frame),,1,4,100,1,1,Subplot boundary,4062
26-JUL-2007,51,Virginia,VA,91,1,Detection Monitoring (on-frame),,1,4,100,1,2,Microplot boundary,4062
26-JUL-2007,51,Virginia,VA,113,1,Detection Monitoring (on-frame),,1,1,100,1,1,Subplot boundary,4041
26-JUL-2007,51,Virginia,VA,113,1,Detection Monitoring (on-frame),,1,1,100,1,2,Microplot boundary,4041
26-JUL-2007,51,Virginia,VA,113,1,Detection Monitoring (on-frame),,1,2,100,1,1,Subplot boundary,4041
26-JUL-2007,51,Virginia,VA,113,1,Detection Monitoring (on-frame),,1,2,100,1,2,Microplot boundary,4041
26-JUL-2007,51,Virginia,VA,113,1,Detection Monitoring (on-frame),,1,3,100,1,1,Subplot boundary,4041
26-JUL-2007,51,Virginia,VA,113,1,Detection Monitoring (on-frame),,1,3,100,1,2,Microplot boundary,4041
26-JUL-2007,51,Virginia,VA,113,1,Detection Monitoring (on-frame),,1,4,100,1,1,Subplot boundary,4041
26-JUL-2007,51,Virginia,VA,113,1,Detection Monitoring (on-frame),,1,4,100,1,2,Microplot boundary,4041
26-JUL-2007,51,Virginia,VA,117,1,Detection Monitoring (on-frame),,1,1,100,1,1,Subplot boundary,2724
26-JUL-2007,51,Virginia,VA,117,1,Detection Monitoring (on-frame),,1,1,100,1,2,Microplot boundary,2724
26-JUL-2007,51,Virginia,VA,117,1,Detection Monitoring (on-frame),,1,2,100,1,1,Subplot boundary,2724
26-JUL-2007,51,Virginia,VA,117,1,Detection Monitoring (on-frame),,1,2,100,1,2,Microplot boundary,2724
26-JUL-2007,51,Virginia,VA,117,1,Detection Monitoring (on-frame),,1,3,100,1,1,Subplot boundary,2724
26-JUL-2007,51,Virginia,VA,117,1,Detection Monitoring (on-frame),,1,3,100,1,2,Microplot boundary,2724
26-JUL-2007,51,Virginia,VA,117,1,Detection Monitoring (on-frame),,1,4,100,1,1,Subplot boundary,2724
26-JUL-2007,51,Virginia,VA,117,1,Detection Monitoring (on-frame),,1,4,100,1,2,Microplot boundary,2724
26-JUL-2007,51,Virginia,VA,133,1,Detection Monitoring (on-frame),,1,1,100,1,1,Subplot boundary,3228
26-JUL-2007,51,Virginia,VA,133,1,Detection Monitoring (on-frame),,1,1,100,1,2,Microplot boundary,3228
26-JUL-2007,51,Virginia,VA,133,1,Detection Monitoring (on-frame),,1,2,100,1,1,Subplot boundary,3228
26-JUL-2007,51,Virginia,VA,133,1,Detection Monitoring (on-frame),,1,2,100,1,2,Microplot boundary,3228
26-JUL-2007,51,Virginia,VA,133,1,Detection Monitoring (on-frame),,1,3,100,2,1,Subplot boundary,3228
26-JUL-2007,51,Virginia,VA,133,1,Detection Monitoring (on-frame),,1,3,100,2,2,Microplot boundary,3228
26-JUL-2007,51,Virginia,VA,133,1,Detection Monitoring (on-frame),,1,4,100,3,1,Subplot boundary,3228
26-JUL-2007,51,Virginia,VA,133,1,Detection Monitoring (on-frame),,1,4,100,3,2,Microplot boundary,3228
26-JUL-2007,51,Virginia,VA,141,1,Detection Monitoring (on-frame),,1,1,100,1,1,Subplot boundary,2764
26-JUL-2007,51,Virginia,VA,141,1,Detection Monitoring (on-frame),,1,1,100,1,2,Microplot boundary,2764
26-JUL-2007,51,Virginia,VA,141,1,Detection Monitoring (on-frame),,1,2,100,1,1,Subplot boundary,2764
26-JUL-2007,51,Virginia,VA,141,1,Detection Monitoring (on-frame),,1,2,100,1,2,Microplot boundary,2764
26-JUL-2007,51,Virginia,VA,141,1,Detection Monitoring (on-frame),,1,3,100,1,1,Subplot boundary,2764
26-JUL-2007,51,Virginia,VA,141,1,Detection Monitoring (on-frame),,1,3,100,1,2,Microplot boundary,2764
26-JUL-2007,51,Virginia,VA,141,1,Detection Monitoring (on-frame),,1,4,100,1,1,Subplot boundary,2764
26-JUL-2007,51,Virginia,VA,141,1,Detection Monitoring (on-frame),,1,4,100,1,2,Microplot boundary,2764
26-JUL-2007,51,Virginia,VA,143,1,Detection Monitoring (on-frame),,1,1,100,1,1,Subplot boundary,2749
26-JUL-2007,51,Virginia,VA,143,1,Detection Monitoring (on-frame),,1,1,100,1,2,Microplot boundary,2749
26-JUL-2007,51,Virginia,VA,143,1,Detection Monitoring (on-frame),,1,2,100,1,1,Subplot boundary,2749
26-JUL-2007,51,Virginia,VA,143,1,Detection Monitoring (on-frame),,1,2,100,1,2,Microplot boundary,2749
26-JUL-2007,51,Virginia,VA,143,1,Detection Monitoring (on-frame),,1,3,100,1,1,Subplot boundary,2749
26-JUL-2007,51,Virginia,VA,143,1,Detection Monitoring (on-frame),,1,3,100,1,2,Microplot boundary,2749
26-JUL-2007,51,Virginia,VA,143,1,Detection Monitoring (on-frame),,1,4,100,2,1,Subplot boundary,2749
26-JUL-2007,51,Virginia,VA,143,1,Detection Monitoring (on-frame),,1,4,100,2,2,Microplot boundary,2749
26-JUL-2007,51,Virginia,VA,147,1,Detection Monitoring (on-frame),,1,1,100,1,1,Subplot boundary,3254
26-JUL-2007,51,Virginia,VA,147,1,Detection Monitoring (on-frame),,1,1,100,1,2,Microplot boundary,3254
26-JUL-2007,51,Virginia,VA,147,1,Detection Monitoring (on-frame),,1,2,100,2,1,Subplot boundary,3254
26-JUL-2007,51,Virginia,VA,147,1,Detection Monitoring (on-frame),,1,2,100,2,2,Microplot boundary,3254
26-JUL-2007,51,Virginia,VA,147,1,Detection Monitoring (on-frame),,1,3,100,1,1,Subplot boundary,3254
26-JUL-2007,51,Virginia,VA,147,1,Detection Monitoring (on-frame),,1,3,100,1,2,Microplot boundary,3254
26-JUL-2007,51,Virginia,VA,147,1,Detection Monitoring (on-frame),,1,4,100,1,1,Subplot boundary,3254
26-JUL-2007,51,Virginia,VA,147,1,Detection Monitoring (on-frame),,1,4,100,1,2,Microplot boundary,3254
26-JUL-2007,51,Virginia,VA,149,1,Detection Monitoring (on-frame),,1,1,100,1,1,Subplot boundary,3234
26-JUL-2007,51,Virginia,VA,149,1,Detection Monitoring (on-frame),,1,1,100,1,2,Microplot boundary,3234
26-JUL-2007,51,Virginia,VA,149,1,Detection Monitoring (on-frame),,1,2,33.2002,1,2,Microplot boundary,3234
26-JUL-2007,51,Virginia,VA,149,1,Detection Monitoring (on-frame),,1,2,45.5958,3,1,Subplot boundary,3234
26-JUL-2007,51,Virginia,VA,149,1,Detection Monitoring (on-frame),,1,2,54.4042,1,1,Subplot boundary,3234
26-JUL-2007,51,Virginia,VA,149,1,Detection Monitoring (on-frame),,1,2,66.7998,3,2,Microplot boundary,3234
26-JUL-2007,51,Virginia,VA,149,1,Detection Monitoring (on-frame),,1,3,100,1,1,Subplot boundary,3234
26-JUL-2007,51,Virginia,VA,149,1,Detection Monitoring (on-frame),,1,3,100,1,2,Microplot boundary,3234
26-JUL-2007,51,Virginia,VA,149,1,Detection Monitoring (on-frame),,1,4,100,1,1,Subplot boundary,3234
26-JUL-2007,51,Virginia,VA,149,1,Detection Monitoring (on-frame),,1,4,100,1,2,Microplot boundary,3234
26-JUL-2007,51,Virginia,VA,153,1,Detection Monitoring (on-frame),,1,1,100,1,1,Subplot boundary,4029
26-JUL-2007,51,Virginia,VA,153,1,Detection Monitoring (on-frame),,1,1,100,1,2,Microplot boundary,4029
26-JUL-2007,51,Virginia,VA,153,1,Detection Monitoring (on-frame),,1,2,100,2,1,Subplot boundary,4029
26-JUL-2007,51,Virginia,VA,153,1,Detection Monitoring (on-frame),,1,2,100,2,2,Microplot boundary,4029
26-JUL-2007,51,Virginia,VA,153,1,Detection Monitoring (on-frame),,1,3,19.5622,2,1,Subplot boundary,4029
26-JUL-2007,51,Virginia,VA,153,1,Detection Monitoring (on-frame),,1,3,80.4378,1,1,Subplot boundary,4029
26-JUL-2007,51,Virginia,VA,153,1,Detection Monitoring (on-frame),,1,3,100,1,2,Microplot boundary,4029
26-JUL-2007,51,Virginia,VA,153,1,Detection Monitoring (on-frame),,1,4,100,1,1,Subplot boundary,4029
26-JUL-2007,51,Virginia,VA,153,1,Detection Monitoring (on-frame),,1,4,100,1,2,Microplot boundary,4029
26-JUL-2007,51,Virginia,VA,163,1,Detection Monitoring (on-frame),,1,1,100,1,1,Subplot boundary,3286
26-JUL-2007,51,Virginia,VA,163,1,Detection Monitoring (on-frame),,1,1,100,1,2,Microplot boundary,3286
26-JUL-2007,51,Virginia,VA,163,1,Detection Monitoring (on-frame),,1,2,100,1,1,Subplot boundary,3286
26-JUL-2007,51,Virginia,VA,163,1,Detection Monitoring (on-frame),,1,2,100,1,2,Microplot boundary,3286
26-JUL-2007,51,Virginia,VA,163,1,Detection Monitoring (on-frame),,1,3,100,1,1,Subplot boundary,3286
26-JUL-2007,51,Virginia,VA,163,1,Detection Monitoring (on-frame),,1,3,100,1,2,Microplot boundary,3286
26-JUL-2007,51,Virginia,VA,163,1,Detection Monitoring (on-frame),,1,4,100,1,1,Subplot boundary,3286
26-JUL-2007,51,Virginia,VA,163,1,Detection Monitoring (on-frame),,1,4,100,1,2,Microplot boundary,3286
26-JUL-2007,51,Virginia,VA,167,1,Detection Monitoring (on-frame),,1,1,100,1,1,Subplot boundary,3312
26-JUL-2007,51,Virginia,VA,167,1,Detection Monitoring (on-frame),,1,1,100,1,2,Microplot boundary,3312
26-JUL-2007,51,Virginia,VA,167,1,Detection Monitoring (on-frame),,1,2,100,1,1,Subplot boundary,3312
26-JUL-2007,51,Virginia,VA,167,1,Detection Monitoring (on-frame),,1,2,100,1,2,Microplot boundary,3312
26-JUL-2007,51,Virginia,VA,167,1,Detection Monitoring (on-frame),,1,3,100,1,1,Subplot boundary,3312
26-JUL-2007,51,Virginia,VA,167,1,Detection Monitoring (on-frame),,1,3,100,1,2,Microplot boundary,3312
26-JUL-2007,51,Virginia,VA,167,1,Detection Monitoring (on-frame),,1,4,100,1,1,Subplot boundary,3312
26-JUL-2007,51,Virginia,VA,167,1,Detection Monitoring (on-frame),,1,4,100,1,2,Microplot boundary,3312
26-JUL-2007,51,Virginia,VA,173,1,Detection Monitoring (on-frame),,1,1,100,1,1,Subplot boundary,2791
26-JUL-2007,51,Virginia,VA,173,1,Detection Monitoring (on-frame),,1,1,100,1,2,Microplot boundary,2791
26-JUL-2007,51,Virginia,VA,173,1,Detection Monitoring (on-frame),,1,2,100,1,1,Subplot boundary,2791
26-JUL-2007,51,Virginia,VA,173,1,Detection Monitoring (on-frame),,1,2,100,1,2,Microplot boundary,2791
26-JUL-2007,51,Virginia,VA,173,1,Detection Monitoring (on-frame),,1,3,100,1,1,Subplot boundary,2791
26-JUL-2007,51,Virginia,VA,173,1,Detection Monitoring (on-frame),,1,3,100,1,2,Microplot boundary,2791
26-JUL-2007,51,Virginia,VA,173,1,Detection Monitoring (on-frame),,1,4,100,1,1,Subplot boundary,2791
26-JUL-2007,51,Virginia,VA,173,1,Detection Monitoring (on-frame),,1,4,100,1,2,Microplot boundary,2791
26-JUL-2007,51,Virginia,VA,183,1,Detection Monitoring (on-frame),,1,1,100,1,1,Subplot boundary,2711
26-JUL-2007,51,Virginia,VA,183,1,Detection Monitoring (on-frame),,1,1,100,1,2,Microplot boundary,2711
26-JUL-2007,51,Virginia,VA,183,1,Detection Monitoring (on-frame),,1,2,100,1,1,Subplot boundary,2711
26-JUL-2007,51,Virginia,VA,183,1,Detection Monitoring (on-frame),,1,2,100,1,2,Microplot boundary,2711
26-JUL-2007,51,Virginia,VA,183,1,Detection Monitoring (on-frame),,1,3,100,1,1,Subplot boundary,2711
26-JUL-2007,51,Virginia,VA,183,1,Detection Monitoring (on-frame),,1,3,100,1,2,Microplot boundary,2711
26-JUL-2007,51,Virginia,VA,183,1,Detection Monitoring (on-frame),,1,4,100,2,1,Subplot boundary,2711
26-JUL-2007,51,Virginia,VA,183,1,Detection Monitoring (on-frame),,1,4,100,2,2,Microplot boundary,2711
26-JUL-2007,51,Virginia,VA,187,1,Detection Monitoring (on-frame),,2,1,100,1,1,Subplot boundary,4048
26-JUL-2007,51,Virginia,VA,187,1,Detection Monitoring (on-frame),,2,1,100,1,2,Microplot boundary,4048
26-JUL-2007,51,Virginia,VA,187,1,Detection Monitoring (on-frame),,2,2,100,1,1,Subplot boundary,4048
26-JUL-2007,51,Virginia,VA,187,1,Detection Monitoring (on-frame),,2,2,100,1,2,Microplot boundary,4048
26-JUL-2007,51,Virginia,VA,187,1,Detection Monitoring (on-frame),,2,3,34.2428,1,1,Subplot boundary,4048
26-JUL-2007,51,Virginia,VA,187,1,Detection Monitoring (on-frame),,2,3,65.7572,2,1,Subplot boundary,4048
26-JUL-2007,51,Virginia,VA,187,1,Detection Monitoring (on-frame),,2,3,100,2,2,Microplot boundary,4048
26-JUL-2007,51,Virginia,VA,187,1,Detection Monitoring (on-frame),,2,4,100,1,1,Subplot boundary,4048
26-JUL-2007,51,Virginia,VA,187,1,Detection Monitoring (on-frame),,2,4,100,1,2,Microplot boundary,4048
26-JUL-2007,51,Virginia,VA,191,1,Detection Monitoring (on-frame),,1,1,100,1,1,Subplot boundary,2806
26-JUL-2007,51,Virginia,VA,191,1,Detection Monitoring (on-frame),,1,1,100,1,2,Microplot boundary,2806
26-JUL-2007,51,Virginia,VA,191,1,Detection Monitoring (on-frame),,1,2,100,1,1,Subplot boundary,2806
26-JUL-2007,51,Virginia,VA,191,1,Detection Monitoring (on-frame),,1,2,100,1,2,Microplot boundary,2806
26-JUL-2007,51,Virginia,VA,191,1,Detection Monitoring (on-frame),,1,3,100,1,1,Subplot boundary,2806
26-JUL-2007,51,Virginia,VA,191,1,Detection Monitoring (on-frame),,1,3,100,1,2,Microplot boundary,2806
26-JUL-2007,51,Virginia,VA,191,1,Detection Monitoring (on-frame),,1,4,100,1,1,Subplot boundary,2806
26-JUL-2007,51,Virginia,VA,191,1,Detection Monitoring (on-frame),,1,4,100,1,2,Microplot boundary,2806
26-JUL-2007,51,Virginia,VA,550,1,Detection Monitoring (on-frame),,1,1,100,1,1,Subplot boundary,2688
26-JUL-2007,51,Virginia,VA,550,1,Detection Monitoring (on-frame),,1,1,100,1,2,Microplot boundary,2688
26-JUL-2007,51,Virginia,VA,550,1,Detection Monitoring (on-frame),,1,2,100,1,1,Subplot boundary,2688
26-JUL-2007,51,Virginia,VA,550,1,Detection Monitoring (on-frame),,1,2,100,1,2,Microplot boundary,2688
26-JUL-2007,51,Virginia,VA,550,1,Detection Monitoring (on-frame),,1,3,100,1,1,Subplot boundary,2688
26-JUL-2007,51,Virginia,VA,550,1,Detection Monitoring (on-frame),,1,3,100,1,2,Microplot boundary,2688
26-JUL-2007,51,Virginia,VA,550,1,Detection Monitoring (on-frame),,1,4,100,1,1,Subplot boundary,2688
26-JUL-2007,51,Virginia,VA,550,1,Detection Monitoring (on-frame),,1,4,100,1,2,Microplot boundary,2688
,51,Virginia,VA,1,1,Detection Monitoring (on-frame),,1,1,100,1,1,Subplot boundary,3219
,51,Virginia,VA,1,1,Detection Monitoring (on-frame),,1,1,100,1,2,Microplot boundary,3219
,51,Virginia,VA,1,1,Detection Monitoring (on-frame),,1,2,100,1,1,Subplot boundary,3219
,51,Virginia,VA,1,1,Detection Monitoring (on-frame),,1,2,100,1,2,Microplot boundary,3219
,51,Virginia,VA,1,1,Detection Monitoring (on-frame),,1,3,100,1,1,Subplot boundary,3219
,51,Virginia,VA,1,1,Detection Monitoring (on-frame),,1,3,100,1,2,Microplot boundary,3219
,51,Virginia,VA,1,1,Detection Monitoring (on-frame),,1,4,100,1,1,Subplot boundary,3219
,51,Virginia,VA,1,1,Detection Monitoring (on-frame),,1,4,100,1,2,Microplot boundary,3219
,51,Virginia,VA,3,1,Detection Monitoring (on-frame),,1,1,100,1,1,Subplot boundary,4034
,51,Virginia,VA,3,1,Detection Monitoring (on-frame),,1,1,100,1,2,Microplot boundary,4034
,51,Virginia,VA,3,1,Detection Monitoring (on-frame),,1,2,100,2,1,Subplot boundary,4034
,51,Virginia,VA,3,1,Detection Monitoring (on-frame),,1,2,100,2,2,Microplot boundary,4034
,51,Virginia,VA,3,1,Detection Monitoring (on-frame),,1,3,100,2,1,Subplot boundary,4034
,51,Virginia,VA,3,1,Detection Monitoring (on-frame),,1,3,100,2,2,Microplot boundary,4034
,51,Virginia,VA,3,1,Detection Monitoring (on-frame),,1,4,100,2,1,Subplot boundary,4034
,51,Virginia,VA,3,1,Detection Monitoring (on-frame),,1,4,100,2,2,Microplot boundary,4034
,51,Virginia,VA,15,1,Detection Monitoring (on-frame),,1,1,100,1,1,Subplot boundary,4052
,51,Virginia,VA,15,1,Detection Monitoring (on-frame),,1,1,100,1,2,Microplot boundary,4052
,51,Virginia,VA,15,1,Detection Monitoring (on-frame),,1,2,100,1,1,Subplot boundary,4052
,51,Virginia,VA,15,1,Detection Monitoring (on-frame),,1,2,100,1,2,Microplot boundary,4052
,51,Virginia,VA,15,1,Detection Monitoring (on-frame),,1,3,100,1,1,Subplot boundary,4052
,51,Virginia,VA,15,1,Detection Monitoring (on-frame),,1,3,100,1,2,Microplot boundary,4052
,51,Virginia,VA,15,1,Detection Monitoring (on-frame),,1,4,100,1,1,Subplot boundary,4052
,51,Virginia,VA,15,1,Detection Monitoring (on-frame),,1,4,100,1,2,Microplot boundary,4052
,51,Virginia,VA,19,1,Detection Monitoring (on-frame),,1,1,100,1,1,Subplot boundary,3271
,51,Virginia,VA,19,1,Detection Monitoring (on-frame),,1,1,100,1,2,Microplot boundary,3271
,51,Virginia,VA,19,1,Detection Monitoring (on-frame),,1,2,100,1,1,Subplot boundary,3271
,51,Virginia,VA,19,1,Detection Monitoring (on-frame),,1,2,100,1,2,Microplot boundary,3271
,51,Virginia,VA,19,1,Detection Monitoring (on-frame),,1,3,100,1,1,Subplot boundary,3271
,51,Virginia,VA,19,1,Detection Monitoring (on-frame),,1,3,100,1,2,Microplot boundary,3271
,51,Virginia,VA,19,1,Detection Monitoring (on-frame),,1,4,100,1,1,Subplot boundary,3271
,51,Virginia,VA,19,1,Detection Monitoring (on-frame),,1,4,100,1,2,Microplot boundary,3271
,51,Virginia,VA,25,1,Detection Monitoring (on-frame),,1,1,100,1,1,Subplot boundary,2726
,51,Virginia,VA,25,1,Detection Monitoring (on-frame),,1,1,100,1,2,Microplot boundary,2726
,51,Virginia,VA,25,1,Detection Monitoring (on-frame),,1,2,100,1,1,Subplot boundary,2726
,51,Virginia,VA,25,1,Detection Monitoring (on-frame),,1,2,100,1,2,Microplot boundary,2726
,51,Virginia,VA,25,1,Detection Monitoring (on-frame),,1,3,100,1,1,Subplot boundary,2726
,51,Virginia,VA,25,1,Detection Monitoring (on-frame),,1,3,100,1,2,Microplot boundary,2726
,51,Virginia,VA,25,1,Detection Monitoring (on-frame),,1,4,100,1,1,Subplot boundary,2726
,51,Virginia,VA,25,1,Detection Monitoring (on-frame),,1,4,100,1,2,Microplot boundary,2726
,51,Virginia,VA,33,1,Detection Monitoring (on-frame),,1,1,100,1,1,Subplot boundary,3250
,51,Virginia,VA,33,1,Detection Monitoring (on-frame),,1,1,100,1,2,Microplot boundary,3250
,51,Virginia,VA,33,1,Detection Monitoring (on-frame),,1,2,100,1,1,Subplot boundary,3250
,51,Virginia,VA,33,1,Detection Monitoring (on-frame),,1,2,100,1,2,Microplot boundary,3250
,51,Virginia,VA,33,1,Detection Monitoring (on-frame),,1,3,100,1,1,Subplot boundary,3250
,51,Virginia,VA,33,1,Detection Monitoring (on-frame),,1,3,100,1,2,Microplot boundary,3250
,51,Virginia,VA,33,1,Detection Monitoring (on-frame),,1,4,100,1,1,Subplot boundary,3250
,51,Virginia,VA,33,1,Detection Monitoring (on-frame),,1,4,100,1,2,Microplot boundary,3250
,51,Virginia,VA,51,1,Detection Monitoring (on-frame),,1,1,100,1,1,Subplot boundary,3333
,51,Virginia,VA,51,1,Detection Monitoring (on-frame),,1,1,100,1,2,Microplot boundary,3333
,51,Virginia,VA,51,1,Detection Monitoring (on-frame),,1,2,100,1,1,Subplot boundary,3333
,51,Virginia,VA,51,1,Detection Monitoring (on-frame),,1,2,100,1,2,Microplot boundary,3333
,51,Virginia,VA,51,1,Detection Monitoring (on-frame),,1,3,100,1,1,Subplot boundary,3333
,51,Virginia,VA,51,1,Detection Monitoring (on-frame),,1,3,100,1,2,Microplot boundary,3333
,51,Virginia,VA,51,1,Detection Monitoring (on-frame),,1,4,100,1,1,Subplot boundary,3333
,51,Virginia,VA,51,1,Detection Monitoring (on-frame),,1,4,100,1,2,Microplot boundary,3333
,51,Virginia,VA,73,1,Detection Monitoring (on-frame),,1,1,100,1,1,Subplot boundary,3224
,51,Virginia,VA,73,1,Detection Monitoring (on-frame),,1,1,100,1,2,Microplot boundary,3224
,51,Virginia,VA,73,1,Detection Monitoring (on-frame),,1,2,100,1,1,Subplot boundary,3224
,51,Virginia,VA,73,1,Detection Monitoring (on-frame),,1,2,100,1,2,Microplot boundary,3224
,51,Virginia,VA,73,1,Detection Monitoring (on-frame),,1,3,100,1,1,Subplot boundary,3224
,51,Virginia,VA,73,1,Detection Monitoring (on-frame),,1,3,100,1,2,Microplot boundary,3224
,51,Virginia,VA,73,1,Detection Monitoring (on-frame),,1,4,100,1,1,Subplot boundary,3224
,51,Virginia,VA,73,1,Detection Monitoring (on-frame),,1,4,100,1,2,Microplot boundary,3224
,51,Virginia,VA,79,1,Detection Monitoring (on-frame),,1,1,100,1,1,Subplot boundary,4037
,51,Virginia,VA,79,1,Detection Monitoring (on-frame),,1,1,100,1,2,Microplot boundary,4037
,51,Virginia,VA,79,1,Detection Monitoring (on-frame),,1,2,100,1,1,Subplot boundary,4037
,51,Virginia,VA,79,1,Detection Monitoring (on-frame),,1,2,100,1,2,Microplot boundary,4037
,51,Virginia,VA,79,1,Detection Monitoring (on-frame),,1,3,100,1,1,Subplot boundary,4037
,51,Virginia,VA,79,1,Detection Monitoring (on-frame),,1,3,100,1,2,Microplot boundary,4037
,51,Virginia,VA,79,1,Detection Monitoring (on-frame),,1,4,100,1,1,Subplot boundary,4037
,51,Virginia,VA,79,1,Detection Monitoring (on-frame),,1,4,100,1,2,Microplot boundary,4037
,51,Virginia,VA,89,1,Detection Monitoring (on-frame),,1,1,100,1,1,Subplot boundary,2748
,51,Virginia,VA,89,1,Detection Monitoring (on-frame),,1,1,100,1,2,Microplot boundary,2748
,51,Virginia,VA,89,1,Detection Monitoring (on-frame),,1,2,100,1,1,Subplot boundary,2748
,51,Virginia,VA,89,1,Detection Monitoring (on-frame),,1,2,100,1,2,Microplot boundary,2748
,51,Virginia,VA,89,1,Detection Monitoring (on-frame),,1,3,100,1,1,Subplot boundary,2748
,51,Virginia,VA,89,1,Detection Monitoring (on-frame),,1,3,100,1,2,Microplot boundary,2748
,51,Virginia,VA,89,1,Detection Monitoring (on-frame),,1,4,100,1,1,Subplot boundary,2748
,51,Virginia,VA,89,1,Detection Monitoring (on-frame),,1,4,100,1,2,Microplot boundary,2748
,51,Virginia,VA,93,1,Detection Monitoring (on-frame),,1,1,100,1,1,Subplot boundary,2693
,51,Virginia,VA,93,1,Detection Monitoring (on-frame),,1,1,100,1,2,Microplot boundary,2693
,51,Virginia,VA,93,1,Detection Monitoring (on-frame),,1,2,100,1,1,Subplot boundary,2693
,51,Virginia,VA,93,1,Detection Monitoring (on-frame),,1,2,100,1,2,Microplot boundary,2693
,51,Virginia,VA,93,1,Detection Monitoring (on-frame),,1,3,100,1,1,Subplot boundary,2693
,51,Virginia,VA,93,1,Detection Monitoring (on-frame),,1,3,100,1,2,Microplot boundary,2693
,51,Virginia,VA,93,1,Detection Monitoring (on-frame),,1,4,100,1,1,Subplot boundary,2693
,51,Virginia,VA,93,1,Detection Monitoring (on-frame),,1,4,100,1,2,Microplot boundary,2693
,51,Virginia,VA,105,1,Detection Monitoring (on-frame),,1,1,100,1,1,Subplot boundary,2823
,51,Virginia,VA,105,1,Detection Monitoring (on-frame),,1,1,100,1,2,Microplot boundary,2823
,51,Virginia,VA,105,1,Detection Monitoring (on-frame),,1,2,100,1,1,Subplot boundary,2823
,51,Virginia,VA,105,1,Detection Monitoring (on-frame),,1,2,100,1,2,Microplot boundary,2823
,51,Virginia,VA,105,1,Detection Monitoring (on-frame),,1,3,100,1,1,Subplot boundary,2823
,51,Virginia,VA,105,1,Detection Monitoring (on-frame),,1,3,100,1,2,Microplot boundary,2823
,51,Virginia,VA,105,1,Detection Monitoring (on-frame),,1,4,100,1,1,Subplot boundary,2823
,51,Virginia,VA,105,1,Detection Monitoring (on-frame),,1,4,100,1,2,Microplot boundary,2823
,51,Virginia,VA,107,1,Detection Monitoring (on-frame),,1,1,100,1,1,Subplot boundary,4774
,51,Virginia,VA,107,1,Detection Monitoring (on-frame),,1,1,100,1,2,Microplot boundary,4774
,51,Virginia,VA,107,1,Detection Monitoring (on-frame),,1,2,100,1,1,Subplot boundary,4774
,51,Virginia,VA,107,1,Detection Monitoring (on-frame),,1,2,100,1,2,Microplot boundary,4774
,51,Virginia,VA,107,1,Detection Monitoring (on-frame),,1,3,100,1,1,Subplot boundary,4774
,51,Virginia,VA,107,1,Detection Monitoring (on-frame),,1,3,100,1,2,Microplot boundary,4774
,51,Virginia,VA,107,1,Detection Monitoring (on-frame),,1,4,100,1,1,Subplot boundary,4774
,51,Virginia,VA,107,1,Detection Monitoring (on-frame),,1,4,100,1,2,Microplot boundary,4774
,51,Virginia,VA,131,1,Detection Monitoring (on-frame),,1,1,100,1,1,Subplot boundary,3214
,51,Virginia,VA,131,1,Detection Monitoring (on-frame),,1,1,100,1,2,Microplot boundary,3214
,51,Virginia,VA,131,1,Detection Monitoring (on-frame),,1,2,100,1,1,Subplot boundary,3214
,51,Virginia,VA,131,1,Detection Monitoring (on-frame),,1,2,100,1,2,Microplot boundary,3214
,51,Virginia,VA,131,1,Detection Monitoring (on-frame),,1,3,100,1,1,Subplot boundary,3214
,51,Virginia,VA,131,1,Detection Monitoring (on-frame),,1,3,100,1,2,Microplot boundary,3214
,51,Virginia,VA,131,1,Detection Monitoring (on-frame),,1,4,100,1,1,Subplot boundary,3214
,51,Virginia,VA,131,1,Detection Monitoring (on-frame),,1,4,100,1,2,Microplot boundary,3214
,51,Virginia,VA,143,1,Detection Monitoring (on-frame),,1,1,100,1,1,Subplot boundary,2746
,51,Virginia,VA,143,1,Detection Monitoring (on-frame),,1,1,100,1,2,Microplot boundary,2746
,51,Virginia,VA,143,1,Detection Monitoring (on-frame),,1,2,100,1,1,Subplot boundary,2746
,51,Virginia,VA,143,1,Detection Monitoring (on-frame),,1,2,100,1,2,Microplot boundary,2746
,51,Virginia,VA,143,1,Detection Monitoring (on-frame),,1,3,100,1,1,Subplot boundary,2746
,51,Virginia,VA,143,1,Detection Monitoring (on-frame),,1,3,100,1,2,Microplot boundary,2746
,51,Virginia,VA,143,1,Detection Monitoring (on-frame),,1,4,100,1,1,Subplot boundary,2746
,51,Virginia,VA,143,1,Detection Monitoring (on-frame),,1,4,100,1,2,Microplot boundary,2746
,51,Virginia,VA,161,1,Detection Monitoring (on-frame),,1,1,100,1,1,Subplot boundary,3295
,51,Virginia,VA,161,1,Detection Monitoring (on-frame),,1,1,100,1,2,Microplot boundary,3295
,51,Virginia,VA,161,1,Detection Monitoring (on-frame),,1,2,100,1,1,Subplot boundary,3295
,51,Virginia,VA,161,1,Detection Monitoring (on-frame),,1,2,100,1,2,Microplot boundary,3295
,51,Virginia,VA,161,1,Detection Monitoring (on-frame),,1,3,100,1,1,Subplot boundary,3295
,51,Virginia,VA,161,1,Detection Monitoring (on-frame),,1,3,100,1,2,Microplot boundary,3295
,51,Virginia,VA,161,1,Detection Monitoring (on-frame),,1,4,100,1,1,Subplot boundary,3295
,51,Virginia,VA,161,1,Detection Monitoring (on-frame),,1,4,100,1,2,Microplot boundary,3295
,51,Virginia,VA,165,1,Detection Monitoring (on-frame),,1,1,100,1,1,Subplot boundary,4040
,51,Virginia,VA,165,1,Detection Monitoring (on-frame),,1,1,100,1,2,Microplot boundary,4040
,51,Virginia,VA,165,1,Detection Monitoring (on-frame),,1,2,100,1,1,Subplot boundary,4040
,51,Virginia,VA,165,1,Detection Monitoring (on-frame),,1,2,100,1,2,Microplot boundary,4040
,51,Virginia,VA,165,1,Detection Monitoring (on-frame),,1,3,100,1,1,Subplot boundary,4040
,51,Virginia,VA,165,1,Detection Monitoring (on-frame),,1,3,100,1,2,Microplot boundary,4040
,51,Virginia,VA,165,1,Detection Monitoring (on-frame),,1,4,100,1,1,Subplot boundary,4040
,51,Virginia,VA,165,1,Detection Monitoring (on-frame),,1,4,100,1,2,Microplot boundary,4040
,51,Virginia,VA,169,1,Detection Monitoring (on-frame),,1,1,100,1,1,Subplot boundary,2804
,51,Virginia,VA,169,1,Detection Monitoring (on-frame),,1,1,100,1,2,Microplot boundary,2804
,51,Virginia,VA,169,1,Detection Monitoring (on-frame),,1,2,100,1,1,Subplot boundary,2804
,51,Virginia,VA,169,1,Detection Monitoring (on-frame),,1,2,100,1,2,Microplot boundary,2804
,51,Virginia,VA,169,1,Detection Monitoring (on-frame),,1,3,100,1,1,Subplot boundary,2804
,51,Virginia,VA,169,1,Detection Monitoring (on-frame),,1,3,100,1,2,Microplot boundary,2804
,51,Virginia,VA,169,1,Detection Monitoring (on-frame),,1,4,100,1,1,Subplot boundary,2804
,51,Virginia,VA,169,1,Detection Monitoring (on-frame),,1,4,100,1,2,Microplot boundary,2804
,51,Virginia,VA,177,1,Detection Monitoring (on-frame),,1,1,100,1,1,Subplot boundary,4015
,51,Virginia,VA,177,1,Detection Monitoring (on-frame),,1,1,100,1,2,Microplot boundary,4015
,51,Virginia,VA,177,1,Detection Monitoring (on-frame),,1,2,100,1,1,Subplot boundary,4015
,51,Virginia,VA,177,1,Detection Monitoring (on-frame),,1,2,100,1,2,Microplot boundary,4015
,51,Virginia,VA,177,1,Detection Monitoring (on-frame),,1,3,100,1,1,Subplot boundary,4015
,51,Virginia,VA,177,1,Detection Monitoring (on-frame),,1,3,100,1,2,Microplot boundary,4015
,51,Virginia,VA,177,1,Detection Monitoring (on-frame),,1,4,100,1,1,Subplot boundary,4015
,51,Virginia,VA,177,1,Detection Monitoring (on-frame),,1,4,100,1,2,Microplot boundary,4015
,51,Virginia,VA,187,1,Detection Monitoring (on-frame),,1,1,100,1,1,Subplot boundary,4047
,51,Virginia,VA,187,1,Detection Monitoring (on-frame),,1,1,100,1,2,Microplot boundary,4047
,51,Virginia,VA,187,1,Detection Monitoring (on-frame),,1,2,100,1,1,Subplot boundary,4047
,51,Virginia,VA,187,1,Detection Monitoring (on-frame),,1,2,100,1,2,Microplot boundary,4047
,51,Virginia,VA,187,1,Detection Monitoring (on-frame),,1,3,100,1,1,Subplot boundary,4047
,51,Virginia,VA,187,1,Detection Monitoring (on-frame),,1,3,100,1,2,Microplot boundary,4047
,51,Virginia,VA,187,1,Detection Monitoring (on-frame),,1,4,100,1,1,Subplot boundary,4047
,51,Virginia,VA,187,1,Detection Monitoring (on-frame),,1,4,100,1,2,Microplot boundary,4047
,51,Virginia,VA,197,1,Detection Monitoring (on-frame),,1,1,100,1,1,Subplot boundary,2772
,51,Virginia,VA,197,1,Detection Monitoring (on-frame),,1,1,100,1,2,Microplot boundary,2772
,51,Virginia,VA,197,1,Detection Monitoring (on-frame),,1,2,100,1,1,Subplot boundary,2772
,51,Virginia,VA,197,1,Detection Monitoring (on-frame),,1,2,100,1,2,Microplot boundary,2772
,51,Virginia,VA,197,1,Detection Monitoring (on-frame),,1,3,100,1,1,Subplot boundary,2772
,51,Virginia,VA,197,1,Detection Monitoring (on-frame),,1,3,100,1,2,Microplot boundary,2772
,51,Virginia,VA,197,1,Detection Monitoring (on-frame),,1,4,100,1,1,Subplot boundary,2772
,51,Virginia,VA,197,1,Detection Monitoring (on-frame),,1,4,100,1,2,Microplot boundary,2772
,51,Virginia,VA,550,1,Detection Monitoring (on-frame),,1,1,100,1,1,Subplot boundary,2691
,51,Virginia,VA,550,1,Detection Monitoring (on-frame),,1,1,100,1,2,Microplot boundary,2691
,51,Virginia,VA,550,1,Detection Monitoring (on-frame),,1,2,100,1,1,Subplot boundary,2691
,51,Virginia,VA,550,1,Detection Monitoring (on-frame),,1,2,100,1,2,Microplot boundary,2691
,51,Virginia,VA,550,1,Detection Monitoring (on-frame),,1,3,100,1,1,Subplot boundary,2691
,51,Virginia,VA,550,1,Detection Monitoring (on-frame),,1,3,100,1,2,Microplot boundary,2691
,51,Virginia,VA,550,1,Detection Monitoring (on-frame),,1,4,100,1,1,Subplot boundary,2691
,51,Virginia,VA,550,1,Detection Monitoring (on-frame),,1,4,100,1,2,Microplot boundary,2691
