LAST_UPDATE,STATE,STATE_DESCR,STATE_ABBREV,COUNTY,PROJECT,PROJECT_DESCR,HEXAGON_NBR,PLOT_NBR,POINT_NBR,AREA_PERCENT,CONDITION_CLASS_NBR,PLOT_TYPE,PLOT_TYPE_DESCR,P3ID
26-JUL-2007,51,Virginia,VA,1,1,Detection Monitoring (on-frame),,1,1,100,1,1,Subplot boundary,3216
26-JUL-2007,51,Virginia,VA,1,1,Detection Monitoring (on-frame),,1,1,100,1,2,Microplot boundary,3216
26-JUL-2007,51,Virginia,VA,1,1,Detection Monitoring (on-frame),,1,2,100,1,1,Subplot boundary,3216
26-JUL-2007,51,Virginia,VA,1,1,Detection Monitoring (on-frame),,1,2,100,1,2,Microplot boundary,3216
26-JUL-2007,51,Virginia,VA,1,1,Detection Monitoring (on-frame),,1,3,100,1,1,Subplot boundary,3216
26-JUL-2007,51,Virginia,VA,1,1,Detection Monitoring (on-frame),,1,3,100,1,2,Microplot boundary,3216
26-JUL-2007,51,Virginia,VA,1,1,Detection Monitoring (on-frame),,1,4,100,1,1,Subplot boundary,3216
26-JUL-2007,51,Virginia,VA,1,1,Detection Monitoring (on-frame),,1,4,100,1,2,Microplot boundary,3216
26-JUL-2007,51,Virginia,VA,3,1,Detection Monitoring (on-frame),,1,1,100,1,1,Subplot boundary,3267
26-JUL-2007,51,Virginia,VA,3,1,Detection Monitoring (on-frame),,1,1,100,1,2,Microplot boundary,3267
26-JUL-2007,51,Virginia,VA,3,1,Detection Monitoring (on-frame),,1,2,100,1,1,Subplot boundary,3267
26-JUL-2007,51,Virginia,VA,3,1,Detection Monitoring (on-frame),,1,2,100,1,2,Microplot boundary,3267
26-JUL-2007,51,Virginia,VA,3,1,Detection Monitoring (on-frame),,1,3,100,1,1,Subplot boundary,3267
26-JUL-2007,51,Virginia,VA,3,1,Detection Monitoring (on-frame),,1,3,100,1,2,Microplot boundary,3267
26-JUL-2007,51,Virginia,VA,3,1,Detection Monitoring (on-frame),,1,4,100,1,1,Subplot boundary,3267
26-JUL-2007,51,Virginia,VA,3,1,Detection Monitoring (on-frame),,1,4,100,1,2,Microplot boundary,3267
26-JUL-2007,51,Virginia,VA,5,1,Detection Monitoring (on-frame),,1,1,100,1,1,Subplot boundary,3285
26-JUL-2007,51,Virginia,VA,5,1,Detection Monitoring (on-frame),,1,1,100,1,2,Microplot boundary,3285
26-JUL-2007,51,Virginia,VA,5,1,Detection Monitoring (on-frame),,1,2,100,1,1,Subplot boundary,3285
26-JUL-2007,51,Virginia,VA,5,1,Detection Monitoring (on-frame),,1,2,100,1,2,Microplot boundary,3285
26-JUL-2007,51,Virginia,VA,5,1,Detection Monitoring (on-frame),,1,3,100,1,1,Subplot boundary,3285
26-JUL-2007,51,Virginia,VA,5,1,Detection Monitoring (on-frame),,1,3,100,1,2,Microplot boundary,3285
26-JUL-2007,51,Virginia,VA,5,1,Detection Monitoring (on-frame),,1,4,100,1,1,Subplot boundary,3285
26-JUL-2007,51,Virginia,VA,5,1,Detection Monitoring (on-frame),,1,4,100,1,2,Microplot boundary,3285
26-JUL-2007,51,Virginia,VA,5,1,Detection Monitoring (on-frame),,1,1,100,1,1,Subplot boundary,3303
26-JUL-2007,51,Virginia,VA,5,1,Detection Monitoring (on-frame),,1,1,100,1,2,Microplot boundary,3303
26-JUL-2007,51,Virginia,VA,5,1,Detection Monitoring (on-frame),,1,2,100,1,1,Subplot boundary,3303
26-JUL-2007,51,Virginia,VA,5,1,Detection Monitoring (on-frame),,1,2,100,1,2,Microplot boundary,3303
26-JUL-2007,51,Virginia,VA,5,1,Detection Monitoring (on-frame),,1,3,100,1,1,Subplot boundary,3303
26-JUL-2007,51,Virginia,VA,5,1,Detection Monitoring (on-frame),,1,3,100,1,2,Microplot boundary,3303
26-JUL-2007,51,Virginia,VA,5,1,Detection Monitoring (on-frame),,1,4,100,1,1,Subplot boundary,3303
26-JUL-2007,51,Virginia,VA,5,1,Detection Monitoring (on-frame),,1,4,100,1,2,Microplot boundary,3303
26-JUL-2007,51,Virginia,VA,5,1,Detection Monitoring (on-frame),,1,1,100,1,1,Subplot boundary,3307
26-JUL-2007,51,Virginia,VA,5,1,Detection Monitoring (on-frame),,1,1,100,1,2,Microplot boundary,3307
26-JUL-2007,51,Virginia,VA,5,1,Detection Monitoring (on-frame),,1,2,100,1,1,Subplot boundary,3307
26-JUL-2007,51,Virginia,VA,5,1,Detection Monitoring (on-frame),,1,2,100,1,2,Microplot boundary,3307
26-JUL-2007,51,Virginia,VA,5,1,Detection Monitoring (on-frame),,1,3,100,1,1,Subplot boundary,3307
26-JUL-2007,51,Virginia,VA,5,1,Detection Monitoring (on-frame),,1,3,100,1,2,Microplot boundary,3307
26-JUL-2007,51,Virginia,VA,5,1,Detection Monitoring (on-frame),,1,4,100,1,1,Subplot boundary,3307
26-JUL-2007,51,Virginia,VA,5,1,Detection Monitoring (on-frame),,1,4,100,1,2,Microplot boundary,3307
26-JUL-2007,51,Virginia,VA,7,1,Detection Monitoring (on-frame),,1,1,100,1,1,Subplot boundary,3257
26-JUL-2007,51,Virginia,VA,7,1,Detection Monitoring (on-frame),,1,1,100,1,2,Microplot boundary,3257
26-JUL-2007,51,Virginia,VA,7,1,Detection Monitoring (on-frame),,1,2,100,1,1,Subplot boundary,3257
26-JUL-2007,51,Virginia,VA,7,1,Detection Monitoring (on-frame),,1,2,100,1,2,Microplot boundary,3257
26-JUL-2007,51,Virginia,VA,7,1,Detection Monitoring (on-frame),,1,3,49.44,2,2,Microplot boundary,3257
26-JUL-2007,51,Virginia,VA,7,1,Detection Monitoring (on-frame),,1,3,50,2,1,Subplot boundary,3257
26-JUL-2007,51,Virginia,VA,7,1,Detection Monitoring (on-frame),,1,3,50,3,1,Subplot boundary,3257
26-JUL-2007,51,Virginia,VA,7,1,Detection Monitoring (on-frame),,1,3,50.55,3,2,Microplot boundary,3257
26-JUL-2007,51,Virginia,VA,7,1,Detection Monitoring (on-frame),,1,4,25.3,3,1,Subplot boundary,3257
26-JUL-2007,51,Virginia,VA,7,1,Detection Monitoring (on-frame),,1,4,74.69,2,1,Subplot boundary,3257
26-JUL-2007,51,Virginia,VA,7,1,Detection Monitoring (on-frame),,1,4,100,2,2,Microplot boundary,3257
26-JUL-2007,51,Virginia,VA,9,1,Detection Monitoring (on-frame),,1,1,100,1,1,Subplot boundary,3281
26-JUL-2007,51,Virginia,VA,9,1,Detection Monitoring (on-frame),,1,1,100,1,2,Microplot boundary,3281
26-JUL-2007,51,Virginia,VA,9,1,Detection Monitoring (on-frame),,1,2,100,2,1,Subplot boundary,3281
26-JUL-2007,51,Virginia,VA,9,1,Detection Monitoring (on-frame),,1,2,100,2,2,Microplot boundary,3281
26-JUL-2007,51,Virginia,VA,9,1,Detection Monitoring (on-frame),,1,3,100,1,1,Subplot boundary,3281
26-JUL-2007,51,Virginia,VA,9,1,Detection Monitoring (on-frame),,1,3,100,1,2,Microplot boundary,3281
26-JUL-2007,51,Virginia,VA,9,1,Detection Monitoring (on-frame),,1,4,100,1,1,Subplot boundary,3281
26-JUL-2007,51,Virginia,VA,9,1,Detection Monitoring (on-frame),,1,4,100,1,2,Microplot boundary,3281
26-JUL-2007,51,Virginia,VA,11,1,Detection Monitoring (on-frame),,1,1,100,1,1,Subplot boundary,3261
26-JUL-2007,51,Virginia,VA,11,1,Detection Monitoring (on-frame),,1,1,100,1,2,Microplot boundary,3261
26-JUL-2007,51,Virginia,VA,11,1,Detection Monitoring (on-frame),,1,2,100,1,1,Subplot boundary,3261
26-JUL-2007,51,Virginia,VA,11,1,Detection Monitoring (on-frame),,1,2,100,1,2,Microplot boundary,3261
26-JUL-2007,51,Virginia,VA,11,1,Detection Monitoring (on-frame),,1,3,100,1,1,Subplot boundary,3261
26-JUL-2007,51,Virginia,VA,11,1,Detection Monitoring (on-frame),,1,3,100,1,2,Microplot boundary,3261
26-JUL-2007,51,Virginia,VA,11,1,Detection Monitoring (on-frame),,1,4,100,1,1,Subplot boundary,3261
26-JUL-2007,51,Virginia,VA,11,1,Detection Monitoring (on-frame),,1,4,100,1,2,Microplot boundary,3261
26-JUL-2007,51,Virginia,VA,15,1,Detection Monitoring (on-frame),,1,1,100,1,1,Subplot boundary,4035
26-JUL-2007,51,Virginia,VA,15,1,Detection Monitoring (on-frame),,1,1,100,1,2,Microplot boundary,4035
26-JUL-2007,51,Virginia,VA,15,1,Detection Monitoring (on-frame),,1,2,100,1,1,Subplot boundary,4035
26-JUL-2007,51,Virginia,VA,15,1,Detection Monitoring (on-frame),,1,2,100,1,2,Microplot boundary,4035
26-JUL-2007,51,Virginia,VA,15,1,Detection Monitoring (on-frame),,1,3,100,1,1,Subplot boundary,4035
26-JUL-2007,51,Virginia,VA,15,1,Detection Monitoring (on-frame),,1,3,100,1,2,Microplot boundary,4035
26-JUL-2007,51,Virginia,VA,15,1,Detection Monitoring (on-frame),,1,4,100,1,1,Subplot boundary,4035
26-JUL-2007,51,Virginia,VA,15,1,Detection Monitoring (on-frame),,1,4,100,1,2,Microplot boundary,4035
26-JUL-2007,51,Virginia,VA,15,1,Detection Monitoring (on-frame),,1,1,100,1,1,Subplot boundary,4055
26-JUL-2007,51,Virginia,VA,15,1,Detection Monitoring (on-frame),,1,1,100,1,2,Microplot boundary,4055
26-JUL-2007,51,Virginia,VA,15,1,Detection Monitoring (on-frame),,1,2,100,1,1,Subplot boundary,4055
26-JUL-2007,51,Virginia,VA,15,1,Detection Monitoring (on-frame),,1,2,100,1,2,Microplot boundary,4055
26-JUL-2007,51,Virginia,VA,15,1,Detection Monitoring (on-frame),,1,3,100,1,1,Subplot boundary,4055
26-JUL-2007,51,Virginia,VA,15,1,Detection Monitoring (on-frame),,1,3,100,1,2,Microplot boundary,4055
26-JUL-2007,51,Virginia,VA,15,1,Detection Monitoring (on-frame),,1,4,100,1,1,Subplot boundary,4055
26-JUL-2007,51,Virginia,VA,15,1,Detection Monitoring (on-frame),,1,4,100,1,2,Microplot boundary,4055
26-JUL-2007,51,Virginia,VA,15,1,Detection Monitoring (on-frame),,1,1,100,1,1,Subplot boundary,4061
26-JUL-2007,51,Virginia,VA,15,1,Detection Monitoring (on-frame),,1,1,100,1,2,Microplot boundary,4061
26-JUL-2007,51,Virginia,VA,15,1,Detection Monitoring (on-frame),,1,2,100,1,1,Subplot boundary,4061
26-JUL-2007,51,Virginia,VA,15,1,Detection Monitoring (on-frame),,1,2,100,1,2,Microplot boundary,4061
26-JUL-2007,51,Virginia,VA,15,1,Detection Monitoring (on-frame),,1,3,100,1,1,Subplot boundary,4061
26-JUL-2007,51,Virginia,VA,15,1,Detection Monitoring (on-frame),,1,3,100,1,2,Microplot boundary,4061
26-JUL-2007,51,Virginia,VA,15,1,Detection Monitoring (on-frame),,1,4,100,1,1,Subplot boundary,4061
26-JUL-2007,51,Virginia,VA,15,1,Detection Monitoring (on-frame),,1,4,100,1,2,Microplot boundary,4061
26-JUL-2007,51,Virginia,VA,17,1,Detection Monitoring (on-frame),,1,1,100,1,1,Subplot boundary,3290
26-JUL-2007,51,Virginia,VA,17,1,Detection Monitoring (on-frame),,1,1,100,1,2,Microplot boundary,3290
26-JUL-2007,51,Virginia,VA,17,1,Detection Monitoring (on-frame),,1,2,9.08,2,2,Microplot boundary,3290
26-JUL-2007,51,Virginia,VA,17,1,Detection Monitoring (on-frame),,1,2,47.77,1,1,Subplot boundary,3290
26-JUL-2007,51,Virginia,VA,17,1,Detection Monitoring (on-frame),,1,2,52.22,2,1,Subplot boundary,3290
26-JUL-2007,51,Virginia,VA,17,1,Detection Monitoring (on-frame),,1,2,90.91,1,2,Microplot boundary,3290
26-JUL-2007,51,Virginia,VA,17,1,Detection Monitoring (on-frame),,1,3,100,1,1,Subplot boundary,3290
26-JUL-2007,51,Virginia,VA,17,1,Detection Monitoring (on-frame),,1,3,100,1,2,Microplot boundary,3290
26-JUL-2007,51,Virginia,VA,17,1,Detection Monitoring (on-frame),,1,4,100,1,1,Subplot boundary,3290
26-JUL-2007,51,Virginia,VA,17,1,Detection Monitoring (on-frame),,1,4,100,1,2,Microplot boundary,3290
26-JUL-2007,51,Virginia,VA,17,1,Detection Monitoring (on-frame),,1,1,100,1,1,Subplot boundary,4057
26-JUL-2007,51,Virginia,VA,17,1,Detection Monitoring (on-frame),,1,1,100,1,2,Microplot boundary,4057
26-JUL-2007,51,Virginia,VA,17,1,Detection Monitoring (on-frame),,1,2,100,1,1,Subplot boundary,4057
26-JUL-2007,51,Virginia,VA,17,1,Detection Monitoring (on-frame),,1,2,100,1,2,Microplot boundary,4057
26-JUL-2007,51,Virginia,VA,17,1,Detection Monitoring (on-frame),,1,3,100,1,1,Subplot boundary,4057
26-JUL-2007,51,Virginia,VA,17,1,Detection Monitoring (on-frame),,1,3,100,1,2,Microplot boundary,4057
26-JUL-2007,51,Virginia,VA,17,1,Detection Monitoring (on-frame),,1,4,100,1,1,Subplot boundary,4057
26-JUL-2007,51,Virginia,VA,17,1,Detection Monitoring (on-frame),,1,4,100,1,2,Microplot boundary,4057
26-JUL-2007,51,Virginia,VA,19,1,Detection Monitoring (on-frame),,1,1,100,1,1,Subplot boundary,3279
26-JUL-2007,51,Virginia,VA,19,1,Detection Monitoring (on-frame),,1,1,100,1,2,Microplot boundary,3279
26-JUL-2007,51,Virginia,VA,19,1,Detection Monitoring (on-frame),,1,2,100,1,1,Subplot boundary,3279
26-JUL-2007,51,Virginia,VA,19,1,Detection Monitoring (on-frame),,1,2,100,1,2,Microplot boundary,3279
26-JUL-2007,51,Virginia,VA,19,1,Detection Monitoring (on-frame),,1,3,100,1,1,Subplot boundary,3279
26-JUL-2007,51,Virginia,VA,19,1,Detection Monitoring (on-frame),,1,3,100,1,2,Microplot boundary,3279
26-JUL-2007,51,Virginia,VA,19,1,Detection Monitoring (on-frame),,1,4,100,1,1,Subplot boundary,3279
26-JUL-2007,51,Virginia,VA,19,1,Detection Monitoring (on-frame),,1,4,100,1,2,Microplot boundary,3279
26-JUL-2007,51,Virginia,VA,19,1,Detection Monitoring (on-frame),,1,1,100,1,1,Subplot boundary,3283
26-JUL-2007,51,Virginia,VA,19,1,Detection Monitoring (on-frame),,1,1,100,1,2,Microplot boundary,3283
26-JUL-2007,51,Virginia,VA,19,1,Detection Monitoring (on-frame),,1,2,100,1,1,Subplot boundary,3283
26-JUL-2007,51,Virginia,VA,19,1,Detection Monitoring (on-frame),,1,2,100,1,2,Microplot boundary,3283
26-JUL-2007,51,Virginia,VA,19,1,Detection Monitoring (on-frame),,1,3,100,1,1,Subplot boundary,3283
26-JUL-2007,51,Virginia,VA,19,1,Detection Monitoring (on-frame),,1,3,100,1,2,Microplot boundary,3283
26-JUL-2007,51,Virginia,VA,19,1,Detection Monitoring (on-frame),,1,4,100,1,1,Subplot boundary,3283
26-JUL-2007,51,Virginia,VA,19,1,Detection Monitoring (on-frame),,1,4,100,1,2,Microplot boundary,3283
26-JUL-2007,51,Virginia,VA,21,1,Detection Monitoring (on-frame),,1,1,100,1,1,Subplot boundary,3313
26-JUL-2007,51,Virginia,VA,21,1,Detection Monitoring (on-frame),,1,1,100,1,2,Microplot boundary,3313
26-JUL-2007,51,Virginia,VA,21,1,Detection Monitoring (on-frame),,1,2,100,1,1,Subplot boundary,3313
26-JUL-2007,51,Virginia,VA,21,1,Detection Monitoring (on-frame),,1,2,100,1,2,Microplot boundary,3313
26-JUL-2007,51,Virginia,VA,21,1,Detection Monitoring (on-frame),,1,3,100,1,1,Subplot boundary,3313
26-JUL-2007,51,Virginia,VA,21,1,Detection Monitoring (on-frame),,1,3,100,1,2,Microplot boundary,3313
26-JUL-2007,51,Virginia,VA,21,1,Detection Monitoring (on-frame),,1,4,100,1,1,Subplot boundary,3313
26-JUL-2007,51,Virginia,VA,21,1,Detection Monitoring (on-frame),,1,4,100,1,2,Microplot boundary,3313
26-JUL-2007,51,Virginia,VA,23,1,Detection Monitoring (on-frame),,1,1,100,1,1,Subplot boundary,3284
26-JUL-2007,51,Virginia,VA,23,1,Detection Monitoring (on-frame),,1,1,100,1,2,Microplot boundary,3284
26-JUL-2007,51,Virginia,VA,23,1,Detection Monitoring (on-frame),,1,2,100,1,1,Subplot boundary,3284
26-JUL-2007,51,Virginia,VA,23,1,Detection Monitoring (on-frame),,1,2,100,1,2,Microplot boundary,3284
26-JUL-2007,51,Virginia,VA,23,1,Detection Monitoring (on-frame),,1,3,100,1,1,Subplot boundary,3284
26-JUL-2007,51,Virginia,VA,23,1,Detection Monitoring (on-frame),,1,3,100,1,2,Microplot boundary,3284
26-JUL-2007,51,Virginia,VA,23,1,Detection Monitoring (on-frame),,1,4,100,1,1,Subplot boundary,3284
26-JUL-2007,51,Virginia,VA,23,1,Detection Monitoring (on-frame),,1,4,100,1,2,Microplot boundary,3284
26-JUL-2007,51,Virginia,VA,25,1,Detection Monitoring (on-frame),,1,1,100,1,1,Subplot boundary,2712
26-JUL-2007,51,Virginia,VA,25,1,Detection Monitoring (on-frame),,1,1,100,1,2,Microplot boundary,2712
26-JUL-2007,51,Virginia,VA,25,1,Detection Monitoring (on-frame),,1,2,100,1,1,Subplot boundary,2712
26-JUL-2007,51,Virginia,VA,25,1,Detection Monitoring (on-frame),,1,2,100,1,2,Microplot boundary,2712
26-JUL-2007,51,Virginia,VA,25,1,Detection Monitoring (on-frame),,1,3,100,1,1,Subplot boundary,2712
26-JUL-2007,51,Virginia,VA,25,1,Detection Monitoring (on-frame),,1,3,100,1,2,Microplot boundary,2712
26-JUL-2007,51,Virginia,VA,25,1,Detection Monitoring (on-frame),,1,4,100,1,1,Subplot boundary,2712
26-JUL-2007,51,Virginia,VA,25,1,Detection Monitoring (on-frame),,1,4,100,1,2,Microplot boundary,2712
26-JUL-2007,51,Virginia,VA,27,1,Detection Monitoring (on-frame),,1,1,100,1,1,Subplot boundary,3317
26-JUL-2007,51,Virginia,VA,27,1,Detection Monitoring (on-frame),,1,1,100,1,2,Microplot boundary,3317
26-JUL-2007,51,Virginia,VA,27,1,Detection Monitoring (on-frame),,1,2,100,1,1,Subplot boundary,3317
26-JUL-2007,51,Virginia,VA,27,1,Detection Monitoring (on-frame),,1,2,100,1,2,Microplot boundary,3317
26-JUL-2007,51,Virginia,VA,27,1,Detection Monitoring (on-frame),,1,3,100,1,1,Subplot boundary,3317
26-JUL-2007,51,Virginia,VA,27,1,Detection Monitoring (on-frame),,1,3,100,1,2,Microplot boundary,3317
26-JUL-2007,51,Virginia,VA,27,1,Detection Monitoring (on-frame),,1,4,100,1,1,Subplot boundary,3317
26-JUL-2007,51,Virginia,VA,27,1,Detection Monitoring (on-frame),,1,4,100,1,2,Microplot boundary,3317
26-JUL-2007,51,Virginia,VA,27,1,Detection Monitoring (on-frame),,1,1,100,1,1,Subplot boundary,3337
26-JUL-2007,51,Virginia,VA,27,1,Detection Monitoring (on-frame),,1,1,100,1,2,Microplot boundary,3337
26-JUL-2007,51,Virginia,VA,27,1,Detection Monitoring (on-frame),,1,2,100,1,1,Subplot boundary,3337
26-JUL-2007,51,Virginia,VA,27,1,Detection Monitoring (on-frame),,1,2,100,1,2,Microplot boundary,3337
26-JUL-2007,51,Virginia,VA,27,1,Detection Monitoring (on-frame),,1,3,100,1,1,Subplot boundary,3337
26-JUL-2007,51,Virginia,VA,27,1,Detection Monitoring (on-frame),,1,3,100,1,2,Microplot boundary,3337
26-JUL-2007,51,Virginia,VA,27,1,Detection Monitoring (on-frame),,1,4,100,1,1,Subplot boundary,3337
26-JUL-2007,51,Virginia,VA,27,1,Detection Monitoring (on-frame),,1,4,100,1,2,Microplot boundary,3337
26-JUL-2007,51,Virginia,VA,29,1,Detection Monitoring (on-frame),,1,1,100,1,1,Subplot boundary,3260
26-JUL-2007,51,Virginia,VA,29,1,Detection Monitoring (on-frame),,1,1,100,1,2,Microplot boundary,3260
26-JUL-2007,51,Virginia,VA,29,1,Detection Monitoring (on-frame),,1,2,18.72,2,1,Subplot boundary,3260
26-JUL-2007,51,Virginia,VA,29,1,Detection Monitoring (on-frame),,1,2,81.27,1,1,Subplot boundary,3260
26-JUL-2007,51,Virginia,VA,29,1,Detection Monitoring (on-frame),,1,2,100,1,2,Microplot boundary,3260
26-JUL-2007,51,Virginia,VA,29,1,Detection Monitoring (on-frame),,1,3,100,3,1,Subplot boundary,3260
26-JUL-2007,51,Virginia,VA,29,1,Detection Monitoring (on-frame),,1,3,100,3,2,Microplot boundary,3260
26-JUL-2007,51,Virginia,VA,29,1,Detection Monitoring (on-frame),,1,4,100,3,1,Subplot boundary,3260
26-JUL-2007,51,Virginia,VA,29,1,Detection Monitoring (on-frame),,1,4,100,3,2,Microplot boundary,3260
26-JUL-2007,51,Virginia,VA,29,1,Detection Monitoring (on-frame),,1,1,100,1,1,Subplot boundary,3265
26-JUL-2007,51,Virginia,VA,29,1,Detection Monitoring (on-frame),,1,1,100,1,2,Microplot boundary,3265
26-JUL-2007,51,Virginia,VA,29,1,Detection Monitoring (on-frame),,1,2,31.65,2,2,Microplot boundary,3265
26-JUL-2007,51,Virginia,VA,29,1,Detection Monitoring (on-frame),,1,2,32.16,2,1,Subplot boundary,3265
26-JUL-2007,51,Virginia,VA,29,1,Detection Monitoring (on-frame),,1,2,67.83,1,1,Subplot boundary,3265
26-JUL-2007,51,Virginia,VA,29,1,Detection Monitoring (on-frame),,1,2,68.34,1,2,Microplot boundary,3265
26-JUL-2007,51,Virginia,VA,29,1,Detection Monitoring (on-frame),,1,3,100,1,1,Subplot boundary,3265
26-JUL-2007,51,Virginia,VA,29,1,Detection Monitoring (on-frame),,1,3,100,1,2,Microplot boundary,3265
26-JUL-2007,51,Virginia,VA,29,1,Detection Monitoring (on-frame),,1,4,100,1,1,Subplot boundary,3265
26-JUL-2007,51,Virginia,VA,29,1,Detection Monitoring (on-frame),,1,4,100,1,2,Microplot boundary,3265
26-JUL-2007,51,Virginia,VA,31,1,Detection Monitoring (on-frame),,1,1,100,1,1,Subplot boundary,3274
26-JUL-2007,51,Virginia,VA,31,1,Detection Monitoring (on-frame),,1,1,100,1,2,Microplot boundary,3274
26-JUL-2007,51,Virginia,VA,31,1,Detection Monitoring (on-frame),,1,2,1.56,1,1,Subplot boundary,3274
26-JUL-2007,51,Virginia,VA,31,1,Detection Monitoring (on-frame),,1,2,98.43,2,1,Subplot boundary,3274
26-JUL-2007,51,Virginia,VA,31,1,Detection Monitoring (on-frame),,1,2,100,2,2,Microplot boundary,3274
26-JUL-2007,51,Virginia,VA,31,1,Detection Monitoring (on-frame),,1,3,100,1,1,Subplot boundary,3274
26-JUL-2007,51,Virginia,VA,31,1,Detection Monitoring (on-frame),,1,3,100,1,2,Microplot boundary,3274
26-JUL-2007,51,Virginia,VA,31,1,Detection Monitoring (on-frame),,1,4,100,1,1,Subplot boundary,3274
26-JUL-2007,51,Virginia,VA,31,1,Detection Monitoring (on-frame),,1,4,100,1,2,Microplot boundary,3274
26-JUL-2007,51,Virginia,VA,31,1,Detection Monitoring (on-frame),,1,1,100,1,1,Subplot boundary,3275
26-JUL-2007,51,Virginia,VA,31,1,Detection Monitoring (on-frame),,1,1,100,1,2,Microplot boundary,3275
26-JUL-2007,51,Virginia,VA,31,1,Detection Monitoring (on-frame),,1,2,100,1,1,Subplot boundary,3275
26-JUL-2007,51,Virginia,VA,31,1,Detection Monitoring (on-frame),,1,2,100,1,2,Microplot boundary,3275
26-JUL-2007,51,Virginia,VA,31,1,Detection Monitoring (on-frame),,1,3,100,1,1,Subplot boundary,3275
26-JUL-2007,51,Virginia,VA,31,1,Detection Monitoring (on-frame),,1,3,100,1,2,Microplot boundary,3275
26-JUL-2007,51,Virginia,VA,31,1,Detection Monitoring (on-frame),,1,4,100,1,1,Subplot boundary,3275
26-JUL-2007,51,Virginia,VA,31,1,Detection Monitoring (on-frame),,1,4,100,1,2,Microplot boundary,3275
26-JUL-2007,51,Virginia,VA,31,1,Detection Monitoring (on-frame),,1,1,100,1,1,Subplot boundary,3276
26-JUL-2007,51,Virginia,VA,31,1,Detection Monitoring (on-frame),,1,1,100,1,2,Microplot boundary,3276
26-JUL-2007,51,Virginia,VA,31,1,Detection Monitoring (on-frame),,1,2,100,1,1,Subplot boundary,3276
26-JUL-2007,51,Virginia,VA,31,1,Detection Monitoring (on-frame),,1,2,100,1,2,Microplot boundary,3276
26-JUL-2007,51,Virginia,VA,31,1,Detection Monitoring (on-frame),,1,3,100,1,1,Subplot boundary,3276
26-JUL-2007,51,Virginia,VA,31,1,Detection Monitoring (on-frame),,1,3,100,1,2,Microplot boundary,3276
26-JUL-2007,51,Virginia,VA,31,1,Detection Monitoring (on-frame),,1,4,100,2,1,Subplot boundary,3276
26-JUL-2007,51,Virginia,VA,31,1,Detection Monitoring (on-frame),,1,4,100,2,2,Microplot boundary,3276
26-JUL-2007,51,Virginia,VA,33,1,Detection Monitoring (on-frame),,1,1,100,1,1,Subplot boundary,4012
26-JUL-2007,51,Virginia,VA,33,1,Detection Monitoring (on-frame),,1,1,100,1,2,Microplot boundary,4012
26-JUL-2007,51,Virginia,VA,33,1,Detection Monitoring (on-frame),,1,2,100,1,1,Subplot boundary,4012
26-JUL-2007,51,Virginia,VA,33,1,Detection Monitoring (on-frame),,1,2,100,1,2,Microplot boundary,4012
26-JUL-2007,51,Virginia,VA,33,1,Detection Monitoring (on-frame),,1,3,17.12,1,1,Subplot boundary,4012
26-JUL-2007,51,Virginia,VA,33,1,Detection Monitoring (on-frame),,1,3,82.87,3,1,Subplot boundary,4012
26-JUL-2007,51,Virginia,VA,33,1,Detection Monitoring (on-frame),,1,3,100,3,2,Microplot boundary,4012
26-JUL-2007,51,Virginia,VA,33,1,Detection Monitoring (on-frame),,1,4,100,2,1,Subplot boundary,4012
26-JUL-2007,51,Virginia,VA,33,1,Detection Monitoring (on-frame),,1,4,100,2,2,Microplot boundary,4012
26-JUL-2007,51,Virginia,VA,33,1,Detection Monitoring (on-frame),,1,1,100,1,1,Subplot boundary,4013
26-JUL-2007,51,Virginia,VA,33,1,Detection Monitoring (on-frame),,1,1,100,1,2,Microplot boundary,4013
26-JUL-2007,51,Virginia,VA,33,1,Detection Monitoring (on-frame),,1,2,100,1,1,Subplot boundary,4013
26-JUL-2007,51,Virginia,VA,33,1,Detection Monitoring (on-frame),,1,2,100,1,2,Microplot boundary,4013
26-JUL-2007,51,Virginia,VA,33,1,Detection Monitoring (on-frame),,1,3,100,1,1,Subplot boundary,4013
26-JUL-2007,51,Virginia,VA,33,1,Detection Monitoring (on-frame),,1,3,100,1,2,Microplot boundary,4013
26-JUL-2007,51,Virginia,VA,33,1,Detection Monitoring (on-frame),,1,4,100,1,1,Subplot boundary,4013
26-JUL-2007,51,Virginia,VA,33,1,Detection Monitoring (on-frame),,1,4,100,1,2,Microplot boundary,4013
26-JUL-2007,51,Virginia,VA,35,1,Detection Monitoring (on-frame),,1,1,100,1,1,Subplot boundary,2766
26-JUL-2007,51,Virginia,VA,35,1,Detection Monitoring (on-frame),,1,1,100,1,2,Microplot boundary,2766
26-JUL-2007,51,Virginia,VA,35,1,Detection Monitoring (on-frame),,1,2,21.68,1,1,Subplot boundary,2766
26-JUL-2007,51,Virginia,VA,35,1,Detection Monitoring (on-frame),,1,2,48.88,2,2,Microplot boundary,2766
26-JUL-2007,51,Virginia,VA,35,1,Detection Monitoring (on-frame),,1,2,51.11,1,2,Microplot boundary,2766
26-JUL-2007,51,Virginia,VA,35,1,Detection Monitoring (on-frame),,1,2,78.31,2,1,Subplot boundary,2766
26-JUL-2007,51,Virginia,VA,35,1,Detection Monitoring (on-frame),,1,3,100,3,1,Subplot boundary,2766
26-JUL-2007,51,Virginia,VA,35,1,Detection Monitoring (on-frame),,1,3,100,3,2,Microplot boundary,2766
26-JUL-2007,51,Virginia,VA,35,1,Detection Monitoring (on-frame),,1,4,100,1,1,Subplot boundary,2766
26-JUL-2007,51,Virginia,VA,35,1,Detection Monitoring (on-frame),,1,4,100,1,2,Microplot boundary,2766
26-JUL-2007,51,Virginia,VA,36,1,Detection Monitoring (on-frame),,1,1,100,1,1,Subplot boundary,3237
26-JUL-2007,51,Virginia,VA,36,1,Detection Monitoring (on-frame),,1,1,100,1,2,Microplot boundary,3237
26-JUL-2007,51,Virginia,VA,36,1,Detection Monitoring (on-frame),,1,2,100,2,1,Subplot boundary,3237
26-JUL-2007,51,Virginia,VA,36,1,Detection Monitoring (on-frame),,1,2,100,2,2,Microplot boundary,3237
26-JUL-2007,51,Virginia,VA,36,1,Detection Monitoring (on-frame),,1,3,100,1,1,Subplot boundary,3237
26-JUL-2007,51,Virginia,VA,36,1,Detection Monitoring (on-frame),,1,3,100,1,2,Microplot boundary,3237
26-JUL-2007,51,Virginia,VA,36,1,Detection Monitoring (on-frame),,1,4,17.91,1,2,Microplot boundary,3237
26-JUL-2007,51,Virginia,VA,36,1,Detection Monitoring (on-frame),,1,4,31.14,1,1,Subplot boundary,3237
26-JUL-2007,51,Virginia,VA,36,1,Detection Monitoring (on-frame),,1,4,68.85,3,1,Subplot boundary,3237
26-JUL-2007,51,Virginia,VA,36,1,Detection Monitoring (on-frame),,1,4,82.08,3,2,Microplot boundary,3237
26-JUL-2007,51,Virginia,VA,37,1,Detection Monitoring (on-frame),,1,1,100,1,1,Subplot boundary,2728
26-JUL-2007,51,Virginia,VA,37,1,Detection Monitoring (on-frame),,1,1,100,1,2,Microplot boundary,2728
26-JUL-2007,51,Virginia,VA,37,1,Detection Monitoring (on-frame),,1,2,100,1,1,Subplot boundary,2728
26-JUL-2007,51,Virginia,VA,37,1,Detection Monitoring (on-frame),,1,2,100,1,2,Microplot boundary,2728
26-JUL-2007,51,Virginia,VA,37,1,Detection Monitoring (on-frame),,1,3,100,1,1,Subplot boundary,2728
26-JUL-2007,51,Virginia,VA,37,1,Detection Monitoring (on-frame),,1,3,100,1,2,Microplot boundary,2728
26-JUL-2007,51,Virginia,VA,37,1,Detection Monitoring (on-frame),,1,4,100,1,1,Subplot boundary,2728
26-JUL-2007,51,Virginia,VA,37,1,Detection Monitoring (on-frame),,1,4,100,1,2,Microplot boundary,2728
26-JUL-2007,51,Virginia,VA,37,1,Detection Monitoring (on-frame),,1,1,100,1,1,Subplot boundary,3253
26-JUL-2007,51,Virginia,VA,37,1,Detection Monitoring (on-frame),,1,1,100,1,2,Microplot boundary,3253
26-JUL-2007,51,Virginia,VA,37,1,Detection Monitoring (on-frame),,1,2,100,1,1,Subplot boundary,3253
26-JUL-2007,51,Virginia,VA,37,1,Detection Monitoring (on-frame),,1,2,100,1,2,Microplot boundary,3253
26-JUL-2007,51,Virginia,VA,37,1,Detection Monitoring (on-frame),,1,3,100,2,1,Subplot boundary,3253
26-JUL-2007,51,Virginia,VA,37,1,Detection Monitoring (on-frame),,1,3,100,2,2,Microplot boundary,3253
26-JUL-2007,51,Virginia,VA,37,1,Detection Monitoring (on-frame),,1,4,100,1,1,Subplot boundary,3253
26-JUL-2007,51,Virginia,VA,37,1,Detection Monitoring (on-frame),,1,4,100,1,2,Microplot boundary,3253
26-JUL-2007,51,Virginia,VA,41,1,Detection Monitoring (on-frame),,1,1,100,1,1,Subplot boundary,3238
26-JUL-2007,51,Virginia,VA,41,1,Detection Monitoring (on-frame),,1,1,100,1,2,Microplot boundary,3238
26-JUL-2007,51,Virginia,VA,41,1,Detection Monitoring (on-frame),,1,2,100,1,1,Subplot boundary,3238
26-JUL-2007,51,Virginia,VA,41,1,Detection Monitoring (on-frame),,1,2,100,1,2,Microplot boundary,3238
26-JUL-2007,51,Virginia,VA,41,1,Detection Monitoring (on-frame),,1,3,100,1,1,Subplot boundary,3238
26-JUL-2007,51,Virginia,VA,41,1,Detection Monitoring (on-frame),,1,3,100,1,2,Microplot boundary,3238
26-JUL-2007,51,Virginia,VA,41,1,Detection Monitoring (on-frame),,1,4,100,2,1,Subplot boundary,3238
26-JUL-2007,51,Virginia,VA,41,1,Detection Monitoring (on-frame),,1,4,100,2,2,Microplot boundary,3238
26-JUL-2007,51,Virginia,VA,41,1,Detection Monitoring (on-frame),,1,1,100,1,1,Subplot boundary,3239
26-JUL-2007,51,Virginia,VA,41,1,Detection Monitoring (on-frame),,1,1,100,1,2,Microplot boundary,3239
26-JUL-2007,51,Virginia,VA,41,1,Detection Monitoring (on-frame),,1,2,100,1,1,Subplot boundary,3239
26-JUL-2007,51,Virginia,VA,41,1,Detection Monitoring (on-frame),,1,2,100,1,2,Microplot boundary,3239
26-JUL-2007,51,Virginia,VA,41,1,Detection Monitoring (on-frame),,1,3,100,1,1,Subplot boundary,3239
26-JUL-2007,51,Virginia,VA,41,1,Detection Monitoring (on-frame),,1,3,100,1,2,Microplot boundary,3239
26-JUL-2007,51,Virginia,VA,41,1,Detection Monitoring (on-frame),,1,4,100,1,1,Subplot boundary,3239
26-JUL-2007,51,Virginia,VA,41,1,Detection Monitoring (on-frame),,1,4,100,1,2,Microplot boundary,3239
26-JUL-2007,51,Virginia,VA,41,1,Detection Monitoring (on-frame),,1,1,100,1,1,Subplot boundary,3244
26-JUL-2007,51,Virginia,VA,41,1,Detection Monitoring (on-frame),,1,1,100,1,2,Microplot boundary,3244
26-JUL-2007,51,Virginia,VA,41,1,Detection Monitoring (on-frame),,1,2,100,1,1,Subplot boundary,3244
26-JUL-2007,51,Virginia,VA,41,1,Detection Monitoring (on-frame),,1,2,100,1,2,Microplot boundary,3244
26-JUL-2007,51,Virginia,VA,41,1,Detection Monitoring (on-frame),,1,3,44.35,2,1,Subplot boundary,3244
26-JUL-2007,51,Virginia,VA,41,1,Detection Monitoring (on-frame),,1,3,55.64,1,1,Subplot boundary,3244
26-JUL-2007,51,Virginia,VA,41,1,Detection Monitoring (on-frame),,1,3,100,2,2,Microplot boundary,3244
26-JUL-2007,51,Virginia,VA,41,1,Detection Monitoring (on-frame),,1,4,100,2,1,Subplot boundary,3244
26-JUL-2007,51,Virginia,VA,41,1,Detection Monitoring (on-frame),,1,4,100,2,2,Microplot boundary,3244
26-JUL-2007,51,Virginia,VA,45,1,Detection Monitoring (on-frame),,1,1,100,1,1,Subplot boundary,3298
26-JUL-2007,51,Virginia,VA,45,1,Detection Monitoring (on-frame),,1,1,100,1,2,Microplot boundary,3298
26-JUL-2007,51,Virginia,VA,45,1,Detection Monitoring (on-frame),,1,2,100,1,1,Subplot boundary,3298
26-JUL-2007,51,Virginia,VA,45,1,Detection Monitoring (on-frame),,1,2,100,1,2,Microplot boundary,3298
26-JUL-2007,51,Virginia,VA,45,1,Detection Monitoring (on-frame),,1,3,100,1,1,Subplot boundary,3298
26-JUL-2007,51,Virginia,VA,45,1,Detection Monitoring (on-frame),,1,3,100,1,2,Microplot boundary,3298
26-JUL-2007,51,Virginia,VA,45,1,Detection Monitoring (on-frame),,1,4,100,1,1,Subplot boundary,3298
26-JUL-2007,51,Virginia,VA,45,1,Detection Monitoring (on-frame),,1,4,100,1,2,Microplot boundary,3298
26-JUL-2007,51,Virginia,VA,47,1,Detection Monitoring (on-frame),,1,1,100,1,1,Subplot boundary,4025
26-JUL-2007,51,Virginia,VA,47,1,Detection Monitoring (on-frame),,1,1,100,1,2,Microplot boundary,4025
26-JUL-2007,51,Virginia,VA,47,1,Detection Monitoring (on-frame),,1,2,100,2,1,Subplot boundary,4025
26-JUL-2007,51,Virginia,VA,47,1,Detection Monitoring (on-frame),,1,2,100,2,2,Microplot boundary,4025
26-JUL-2007,51,Virginia,VA,47,1,Detection Monitoring (on-frame),,1,3,100,1,1,Subplot boundary,4025
26-JUL-2007,51,Virginia,VA,47,1,Detection Monitoring (on-frame),,1,3,100,1,2,Microplot boundary,4025
26-JUL-2007,51,Virginia,VA,47,1,Detection Monitoring (on-frame),,1,4,100,1,1,Subplot boundary,4025
26-JUL-2007,51,Virginia,VA,47,1,Detection Monitoring (on-frame),,1,4,100,1,2,Microplot boundary,4025
26-JUL-2007,51,Virginia,VA,49,1,Detection Monitoring (on-frame),,1,1,100,1,1,Subplot boundary,3259
26-JUL-2007,51,Virginia,VA,49,1,Detection Monitoring (on-frame),,1,1,100,1,2,Microplot boundary,3259
26-JUL-2007,51,Virginia,VA,49,1,Detection Monitoring (on-frame),,1,2,12.43,1,2,Microplot boundary,3259
26-JUL-2007,51,Virginia,VA,49,1,Detection Monitoring (on-frame),,1,2,25.14,2,1,Subplot boundary,3259
26-JUL-2007,51,Virginia,VA,49,1,Detection Monitoring (on-frame),,1,2,74.85,1,1,Subplot boundary,3259
26-JUL-2007,51,Virginia,VA,49,1,Detection Monitoring (on-frame),,1,2,87.56,2,2,Microplot boundary,3259
26-JUL-2007,51,Virginia,VA,49,1,Detection Monitoring (on-frame),,1,3,100,1,1,Subplot boundary,3259
26-JUL-2007,51,Virginia,VA,49,1,Detection Monitoring (on-frame),,1,3,100,1,2,Microplot boundary,3259
26-JUL-2007,51,Virginia,VA,49,1,Detection Monitoring (on-frame),,1,4,100,3,1,Subplot boundary,3259
26-JUL-2007,51,Virginia,VA,49,1,Detection Monitoring (on-frame),,1,4,100,3,2,Microplot boundary,3259
26-JUL-2007,51,Virginia,VA,49,1,Detection Monitoring (on-frame),,1,1,100,1,1,Subplot boundary,3263
26-JUL-2007,51,Virginia,VA,49,1,Detection Monitoring (on-frame),,1,1,100,1,2,Microplot boundary,3263
26-JUL-2007,51,Virginia,VA,49,1,Detection Monitoring (on-frame),,1,2,100,1,1,Subplot boundary,3263
26-JUL-2007,51,Virginia,VA,49,1,Detection Monitoring (on-frame),,1,2,100,1,2,Microplot boundary,3263
26-JUL-2007,51,Virginia,VA,49,1,Detection Monitoring (on-frame),,1,3,100,2,1,Subplot boundary,3263
26-JUL-2007,51,Virginia,VA,49,1,Detection Monitoring (on-frame),,1,3,100,2,2,Microplot boundary,3263
26-JUL-2007,51,Virginia,VA,49,1,Detection Monitoring (on-frame),,1,4,100,1,1,Subplot boundary,3263
26-JUL-2007,51,Virginia,VA,49,1,Detection Monitoring (on-frame),,1,4,100,1,2,Microplot boundary,3263
26-JUL-2007,51,Virginia,VA,51,1,Detection Monitoring (on-frame),,1,1,100,1,1,Subplot boundary,2809
26-JUL-2007,51,Virginia,VA,51,1,Detection Monitoring (on-frame),,1,1,100,1,2,Microplot boundary,2809
26-JUL-2007,51,Virginia,VA,51,1,Detection Monitoring (on-frame),,1,2,100,2,1,Subplot boundary,2809
26-JUL-2007,51,Virginia,VA,51,1,Detection Monitoring (on-frame),,1,2,100,2,2,Microplot boundary,2809
26-JUL-2007,51,Virginia,VA,51,1,Detection Monitoring (on-frame),,1,3,100,1,1,Subplot boundary,2809
26-JUL-2007,51,Virginia,VA,51,1,Detection Monitoring (on-frame),,1,3,100,1,2,Microplot boundary,2809
26-JUL-2007,51,Virginia,VA,51,1,Detection Monitoring (on-frame),,1,4,100,3,1,Subplot boundary,2809
26-JUL-2007,51,Virginia,VA,51,1,Detection Monitoring (on-frame),,1,4,100,3,2,Microplot boundary,2809
26-JUL-2007,51,Virginia,VA,53,1,Detection Monitoring (on-frame),,1,1,100,1,1,Subplot boundary,3232
26-JUL-2007,51,Virginia,VA,53,1,Detection Monitoring (on-frame),,1,1,100,1,2,Microplot boundary,3232
26-JUL-2007,51,Virginia,VA,53,1,Detection Monitoring (on-frame),,1,2,100,1,1,Subplot boundary,3232
26-JUL-2007,51,Virginia,VA,53,1,Detection Monitoring (on-frame),,1,2,100,1,2,Microplot boundary,3232
26-JUL-2007,51,Virginia,VA,53,1,Detection Monitoring (on-frame),,1,3,100,1,1,Subplot boundary,3232
26-JUL-2007,51,Virginia,VA,53,1,Detection Monitoring (on-frame),,1,3,100,1,2,Microplot boundary,3232
26-JUL-2007,51,Virginia,VA,53,1,Detection Monitoring (on-frame),,1,4,100,1,1,Subplot boundary,3232
26-JUL-2007,51,Virginia,VA,53,1,Detection Monitoring (on-frame),,1,4,100,1,2,Microplot boundary,3232
26-JUL-2007,51,Virginia,VA,57,1,Detection Monitoring (on-frame),,1,1,100,1,1,Subplot boundary,3230
26-JUL-2007,51,Virginia,VA,57,1,Detection Monitoring (on-frame),,1,1,100,1,2,Microplot boundary,3230
26-JUL-2007,51,Virginia,VA,57,1,Detection Monitoring (on-frame),,1,2,100,1,1,Subplot boundary,3230
26-JUL-2007,51,Virginia,VA,57,1,Detection Monitoring (on-frame),,1,2,100,1,2,Microplot boundary,3230
26-JUL-2007,51,Virginia,VA,57,1,Detection Monitoring (on-frame),,1,3,100,1,1,Subplot boundary,3230
26-JUL-2007,51,Virginia,VA,57,1,Detection Monitoring (on-frame),,1,3,100,1,2,Microplot boundary,3230
26-JUL-2007,51,Virginia,VA,57,1,Detection Monitoring (on-frame),,1,4,100,1,1,Subplot boundary,3230
26-JUL-2007,51,Virginia,VA,57,1,Detection Monitoring (on-frame),,1,4,100,1,2,Microplot boundary,3230
26-JUL-2007,51,Virginia,VA,61,1,Detection Monitoring (on-frame),,1,1,100,1,1,Subplot boundary,4024
26-JUL-2007,51,Virginia,VA,61,1,Detection Monitoring (on-frame),,1,1,100,1,2,Microplot boundary,4024
26-JUL-2007,51,Virginia,VA,61,1,Detection Monitoring (on-frame),,1,2,100,1,1,Subplot boundary,4024
26-JUL-2007,51,Virginia,VA,61,1,Detection Monitoring (on-frame),,1,2,100,1,2,Microplot boundary,4024
26-JUL-2007,51,Virginia,VA,61,1,Detection Monitoring (on-frame),,1,3,100,1,1,Subplot boundary,4024
26-JUL-2007,51,Virginia,VA,61,1,Detection Monitoring (on-frame),,1,3,100,1,2,Microplot boundary,4024
26-JUL-2007,51,Virginia,VA,61,1,Detection Monitoring (on-frame),,1,4,100,1,1,Subplot boundary,4024
26-JUL-2007,51,Virginia,VA,61,1,Detection Monitoring (on-frame),,1,4,100,1,2,Microplot boundary,4024
26-JUL-2007,51,Virginia,VA,63,1,Detection Monitoring (on-frame),,1,1,100,1,1,Subplot boundary,3291
26-JUL-2007,51,Virginia,VA,63,1,Detection Monitoring (on-frame),,1,1,100,1,2,Microplot boundary,3291
26-JUL-2007,51,Virginia,VA,63,1,Detection Monitoring (on-frame),,1,2,100,1,1,Subplot boundary,3291
26-JUL-2007,51,Virginia,VA,63,1,Detection Monitoring (on-frame),,1,2,100,1,2,Microplot boundary,3291
26-JUL-2007,51,Virginia,VA,63,1,Detection Monitoring (on-frame),,1,3,100,1,1,Subplot boundary,3291
26-JUL-2007,51,Virginia,VA,63,1,Detection Monitoring (on-frame),,1,3,100,1,2,Microplot boundary,3291
26-JUL-2007,51,Virginia,VA,63,1,Detection Monitoring (on-frame),,1,4,100,1,1,Subplot boundary,3291
26-JUL-2007,51,Virginia,VA,63,1,Detection Monitoring (on-frame),,1,4,100,1,2,Microplot boundary,3291
26-JUL-2007,51,Virginia,VA,65,1,Detection Monitoring (on-frame),,1,1,100,1,1,Subplot boundary,3270
26-JUL-2007,51,Virginia,VA,65,1,Detection Monitoring (on-frame),,1,1,100,1,2,Microplot boundary,3270
26-JUL-2007,51,Virginia,VA,65,1,Detection Monitoring (on-frame),,1,2,100,1,1,Subplot boundary,3270
26-JUL-2007,51,Virginia,VA,65,1,Detection Monitoring (on-frame),,1,2,100,1,2,Microplot boundary,3270
26-JUL-2007,51,Virginia,VA,65,1,Detection Monitoring (on-frame),,1,3,100,1,1,Subplot boundary,3270
26-JUL-2007,51,Virginia,VA,65,1,Detection Monitoring (on-frame),,1,3,100,1,2,Microplot boundary,3270
26-JUL-2007,51,Virginia,VA,65,1,Detection Monitoring (on-frame),,1,4,36.85,2,1,Subplot boundary,3270
26-JUL-2007,51,Virginia,VA,65,1,Detection Monitoring (on-frame),,1,4,63.14,1,1,Subplot boundary,3270
26-JUL-2007,51,Virginia,VA,65,1,Detection Monitoring (on-frame),,1,4,100,1,2,Microplot boundary,3270
26-JUL-2007,51,Virginia,VA,69,1,Detection Monitoring (on-frame),,1,1,100,1,1,Subplot boundary,4806
26-JUL-2007,51,Virginia,VA,69,1,Detection Monitoring (on-frame),,1,1,100,1,2,Microplot boundary,4806
26-JUL-2007,51,Virginia,VA,69,1,Detection Monitoring (on-frame),,1,2,100,1,1,Subplot boundary,4806
26-JUL-2007,51,Virginia,VA,69,1,Detection Monitoring (on-frame),,1,2,100,1,2,Microplot boundary,4806
26-JUL-2007,51,Virginia,VA,69,1,Detection Monitoring (on-frame),,1,3,100,2,1,Subplot boundary,4806
26-JUL-2007,51,Virginia,VA,69,1,Detection Monitoring (on-frame),,1,3,100,2,2,Microplot boundary,4806
26-JUL-2007,51,Virginia,VA,69,1,Detection Monitoring (on-frame),,1,4,100,1,1,Subplot boundary,4806
26-JUL-2007,51,Virginia,VA,69,1,Detection Monitoring (on-frame),,1,4,100,1,2,Microplot boundary,4806
26-JUL-2007,51,Virginia,VA,71,1,Detection Monitoring (on-frame),,1,1,100,1,1,Subplot boundary,3299
26-JUL-2007,51,Virginia,VA,71,1,Detection Monitoring (on-frame),,1,1,100,1,2,Microplot boundary,3299
26-JUL-2007,51,Virginia,VA,71,1,Detection Monitoring (on-frame),,1,2,100,1,1,Subplot boundary,3299
26-JUL-2007,51,Virginia,VA,71,1,Detection Monitoring (on-frame),,1,2,100,1,2,Microplot boundary,3299
26-JUL-2007,51,Virginia,VA,71,1,Detection Monitoring (on-frame),,1,3,100,1,1,Subplot boundary,3299
26-JUL-2007,51,Virginia,VA,71,1,Detection Monitoring (on-frame),,1,3,100,1,2,Microplot boundary,3299
26-JUL-2007,51,Virginia,VA,71,1,Detection Monitoring (on-frame),,1,4,100,1,1,Subplot boundary,3299
26-JUL-2007,51,Virginia,VA,71,1,Detection Monitoring (on-frame),,1,4,100,1,2,Microplot boundary,3299
26-JUL-2007,51,Virginia,VA,75,1,Detection Monitoring (on-frame),,1,1,100,1,1,Subplot boundary,3246
26-JUL-2007,51,Virginia,VA,75,1,Detection Monitoring (on-frame),,1,1,100,1,2,Microplot boundary,3246
26-JUL-2007,51,Virginia,VA,75,1,Detection Monitoring (on-frame),,1,2,33.7,3,1,Subplot boundary,3246
26-JUL-2007,51,Virginia,VA,75,1,Detection Monitoring (on-frame),,1,2,66.29,2,1,Subplot boundary,3246
26-JUL-2007,51,Virginia,VA,75,1,Detection Monitoring (on-frame),,1,2,100,2,2,Microplot boundary,3246
26-JUL-2007,51,Virginia,VA,75,1,Detection Monitoring (on-frame),,1,3,100,1,1,Subplot boundary,3246
26-JUL-2007,51,Virginia,VA,75,1,Detection Monitoring (on-frame),,1,3,100,1,2,Microplot boundary,3246
26-JUL-2007,51,Virginia,VA,75,1,Detection Monitoring (on-frame),,1,4,100,1,1,Subplot boundary,3246
26-JUL-2007,51,Virginia,VA,75,1,Detection Monitoring (on-frame),,1,4,100,1,2,Microplot boundary,3246
26-JUL-2007,51,Virginia,VA,77,1,Detection Monitoring (on-frame),,1,1,100,1,1,Subplot boundary,2786
26-JUL-2007,51,Virginia,VA,77,1,Detection Monitoring (on-frame),,1,1,100,1,2,Microplot boundary,2786
26-JUL-2007,51,Virginia,VA,77,1,Detection Monitoring (on-frame),,1,2,100,1,1,Subplot boundary,2786
26-JUL-2007,51,Virginia,VA,77,1,Detection Monitoring (on-frame),,1,2,100,1,2,Microplot boundary,2786
26-JUL-2007,51,Virginia,VA,77,1,Detection Monitoring (on-frame),,1,3,100,1,1,Subplot boundary,2786
26-JUL-2007,51,Virginia,VA,77,1,Detection Monitoring (on-frame),,1,3,100,1,2,Microplot boundary,2786
26-JUL-2007,51,Virginia,VA,77,1,Detection Monitoring (on-frame),,1,4,100,1,1,Subplot boundary,2786
26-JUL-2007,51,Virginia,VA,77,1,Detection Monitoring (on-frame),,1,4,100,1,2,Microplot boundary,2786
26-JUL-2007,51,Virginia,VA,81,1,Detection Monitoring (on-frame),,1,1,100,1,1,Subplot boundary,2707
26-JUL-2007,51,Virginia,VA,81,1,Detection Monitoring (on-frame),,1,1,100,1,2,Microplot boundary,2707
26-JUL-2007,51,Virginia,VA,81,1,Detection Monitoring (on-frame),,1,2,100,2,1,Subplot boundary,2707
26-JUL-2007,51,Virginia,VA,81,1,Detection Monitoring (on-frame),,1,2,100,2,2,Microplot boundary,2707
26-JUL-2007,51,Virginia,VA,81,1,Detection Monitoring (on-frame),,1,3,100,1,1,Subplot boundary,2707
26-JUL-2007,51,Virginia,VA,81,1,Detection Monitoring (on-frame),,1,3,100,1,2,Microplot boundary,2707
26-JUL-2007,51,Virginia,VA,81,1,Detection Monitoring (on-frame),,1,4,.75,1,1,Subplot boundary,2707
26-JUL-2007,51,Virginia,VA,81,1,Detection Monitoring (on-frame),,1,4,99.24,3,1,Subplot boundary,2707
26-JUL-2007,51,Virginia,VA,81,1,Detection Monitoring (on-frame),,1,4,100,3,2,Microplot boundary,2707
26-JUL-2007,51,Virginia,VA,83,1,Detection Monitoring (on-frame),,1,1,100,1,1,Subplot boundary,2729
26-JUL-2007,51,Virginia,VA,83,1,Detection Monitoring (on-frame),,1,1,100,1,2,Microplot boundary,2729
26-JUL-2007,51,Virginia,VA,83,1,Detection Monitoring (on-frame),,1,2,100,2,1,Subplot boundary,2729
26-JUL-2007,51,Virginia,VA,83,1,Detection Monitoring (on-frame),,1,2,100,2,2,Microplot boundary,2729
26-JUL-2007,51,Virginia,VA,83,1,Detection Monitoring (on-frame),,1,3,100,1,1,Subplot boundary,2729
26-JUL-2007,51,Virginia,VA,83,1,Detection Monitoring (on-frame),,1,3,100,1,2,Microplot boundary,2729
26-JUL-2007,51,Virginia,VA,83,1,Detection Monitoring (on-frame),,1,4,100,2,1,Subplot boundary,2729
26-JUL-2007,51,Virginia,VA,83,1,Detection Monitoring (on-frame),,1,4,100,2,2,Microplot boundary,2729
26-JUL-2007,51,Virginia,VA,83,1,Detection Monitoring (on-frame),,1,1,100,1,1,Subplot boundary,2731
26-JUL-2007,51,Virginia,VA,83,1,Detection Monitoring (on-frame),,1,1,100,1,2,Microplot boundary,2731
26-JUL-2007,51,Virginia,VA,83,1,Detection Monitoring (on-frame),,1,2,100,1,1,Subplot boundary,2731
26-JUL-2007,51,Virginia,VA,83,1,Detection Monitoring (on-frame),,1,2,100,1,2,Microplot boundary,2731
26-JUL-2007,51,Virginia,VA,83,1,Detection Monitoring (on-frame),,1,3,100,1,1,Subplot boundary,2731
26-JUL-2007,51,Virginia,VA,83,1,Detection Monitoring (on-frame),,1,3,100,1,2,Microplot boundary,2731
26-JUL-2007,51,Virginia,VA,83,1,Detection Monitoring (on-frame),,1,4,100,1,1,Subplot boundary,2731
26-JUL-2007,51,Virginia,VA,83,1,Detection Monitoring (on-frame),,1,4,100,1,2,Microplot boundary,2731
26-JUL-2007,51,Virginia,VA,85,1,Detection Monitoring (on-frame),,1,1,100,1,1,Subplot boundary,3249
26-JUL-2007,51,Virginia,VA,85,1,Detection Monitoring (on-frame),,1,1,100,1,2,Microplot boundary,3249
26-JUL-2007,51,Virginia,VA,85,1,Detection Monitoring (on-frame),,1,2,100,1,1,Subplot boundary,3249
26-JUL-2007,51,Virginia,VA,85,1,Detection Monitoring (on-frame),,1,2,100,1,2,Microplot boundary,3249
26-JUL-2007,51,Virginia,VA,85,1,Detection Monitoring (on-frame),,1,3,100,1,1,Subplot boundary,3249
26-JUL-2007,51,Virginia,VA,85,1,Detection Monitoring (on-frame),,1,3,100,1,2,Microplot boundary,3249
26-JUL-2007,51,Virginia,VA,85,1,Detection Monitoring (on-frame),,1,4,100,1,1,Subplot boundary,3249
26-JUL-2007,51,Virginia,VA,85,1,Detection Monitoring (on-frame),,1,4,100,1,2,Microplot boundary,3249
26-JUL-2007,51,Virginia,VA,91,1,Detection Monitoring (on-frame),,1,1,100,1,1,Subplot boundary,4062
26-JUL-2007,51,Virginia,VA,91,1,Detection Monitoring (on-frame),,1,1,100,1,2,Microplot boundary,4062
26-JUL-2007,51,Virginia,VA,91,1,Detection Monitoring (on-frame),,1,2,100,1,1,Subplot boundary,4062
26-JUL-2007,51,Virginia,VA,91,1,Detection Monitoring (on-frame),,1,2,100,1,2,Microplot boundary,4062
26-JUL-2007,51,Virginia,VA,91,1,Detection Monitoring (on-frame),,1,3,100,1,1,Subplot boundary,4062
26-JUL-2007,51,Virginia,VA,91,1,Detection Monitoring (on-frame),,1,3,100,1,2,Microplot boundary,4062
26-JUL-2007,51,Virginia,VA,91,1,Detection Monitoring (on-frame),,1,4,100,1,1,Subplot boundary,4062
26-JUL-2007,51,Virginia,VA,91,1,Detection Monitoring (on-frame),,1,4,100,1,2,Microplot boundary,4062
26-JUL-2007,51,Virginia,VA,93,1,Detection Monitoring (on-frame),,1,1,100,1,1,Subplot boundary,2690
26-JUL-2007,51,Virginia,VA,93,1,Detection Monitoring (on-frame),,1,1,100,1,2,Microplot boundary,2690
26-JUL-2007,51,Virginia,VA,93,1,Detection Monitoring (on-frame),,1,2,100,2,1,Subplot boundary,2690
26-JUL-2007,51,Virginia,VA,93,1,Detection Monitoring (on-frame),,1,2,100,2,2,Microplot boundary,2690
26-JUL-2007,51,Virginia,VA,93,1,Detection Monitoring (on-frame),,1,3,3.02,3,1,Subplot boundary,2690
26-JUL-2007,51,Virginia,VA,93,1,Detection Monitoring (on-frame),,1,3,96.97,1,1,Subplot boundary,2690
26-JUL-2007,51,Virginia,VA,93,1,Detection Monitoring (on-frame),,1,3,100,1,2,Microplot boundary,2690
26-JUL-2007,51,Virginia,VA,93,1,Detection Monitoring (on-frame),,1,4,100,3,1,Subplot boundary,2690
26-JUL-2007,51,Virginia,VA,93,1,Detection Monitoring (on-frame),,1,4,100,3,2,Microplot boundary,2690
26-JUL-2007,51,Virginia,VA,95,1,Detection Monitoring (on-frame),,1,1,100,1,1,Subplot boundary,3225
26-JUL-2007,51,Virginia,VA,95,1,Detection Monitoring (on-frame),,1,1,100,1,2,Microplot boundary,3225
26-JUL-2007,51,Virginia,VA,95,1,Detection Monitoring (on-frame),,1,2,100,1,1,Subplot boundary,3225
26-JUL-2007,51,Virginia,VA,95,1,Detection Monitoring (on-frame),,1,2,100,1,2,Microplot boundary,3225
26-JUL-2007,51,Virginia,VA,95,1,Detection Monitoring (on-frame),,1,3,7.01,3,2,Microplot boundary,3225
26-JUL-2007,51,Virginia,VA,95,1,Detection Monitoring (on-frame),,1,3,39,3,1,Subplot boundary,3225
26-JUL-2007,51,Virginia,VA,95,1,Detection Monitoring (on-frame),,1,3,60.99,2,1,Subplot boundary,3225
26-JUL-2007,51,Virginia,VA,95,1,Detection Monitoring (on-frame),,1,3,92.98,2,2,Microplot boundary,3225
26-JUL-2007,51,Virginia,VA,95,1,Detection Monitoring (on-frame),,1,4,100,1,1,Subplot boundary,3225
26-JUL-2007,51,Virginia,VA,95,1,Detection Monitoring (on-frame),,1,4,100,1,2,Microplot boundary,3225
26-JUL-2007,51,Virginia,VA,97,1,Detection Monitoring (on-frame),,1,1,100,1,1,Subplot boundary,3227
26-JUL-2007,51,Virginia,VA,97,1,Detection Monitoring (on-frame),,1,1,100,1,2,Microplot boundary,3227
26-JUL-2007,51,Virginia,VA,97,1,Detection Monitoring (on-frame),,1,2,100,1,1,Subplot boundary,3227
26-JUL-2007,51,Virginia,VA,97,1,Detection Monitoring (on-frame),,1,2,100,1,2,Microplot boundary,3227
26-JUL-2007,51,Virginia,VA,97,1,Detection Monitoring (on-frame),,1,3,100,1,1,Subplot boundary,3227
26-JUL-2007,51,Virginia,VA,97,1,Detection Monitoring (on-frame),,1,3,100,1,2,Microplot boundary,3227
26-JUL-2007,51,Virginia,VA,97,1,Detection Monitoring (on-frame),,1,4,100,1,1,Subplot boundary,3227
26-JUL-2007,51,Virginia,VA,97,1,Detection Monitoring (on-frame),,1,4,100,1,2,Microplot boundary,3227
26-JUL-2007,51,Virginia,VA,101,1,Detection Monitoring (on-frame),,1,1,100,1,1,Subplot boundary,3248
26-JUL-2007,51,Virginia,VA,101,1,Detection Monitoring (on-frame),,1,1,100,1,2,Microplot boundary,3248
26-JUL-2007,51,Virginia,VA,101,1,Detection Monitoring (on-frame),,1,2,100,1,1,Subplot boundary,3248
26-JUL-2007,51,Virginia,VA,101,1,Detection Monitoring (on-frame),,1,2,100,1,2,Microplot boundary,3248
26-JUL-2007,51,Virginia,VA,101,1,Detection Monitoring (on-frame),,1,3,30.64,2,2,Microplot boundary,3248
26-JUL-2007,51,Virginia,VA,101,1,Detection Monitoring (on-frame),,1,3,47.77,2,1,Subplot boundary,3248
26-JUL-2007,51,Virginia,VA,101,1,Detection Monitoring (on-frame),,1,3,52.22,1,1,Subplot boundary,3248
26-JUL-2007,51,Virginia,VA,101,1,Detection Monitoring (on-frame),,1,3,69.35,1,2,Microplot boundary,3248
26-JUL-2007,51,Virginia,VA,101,1,Detection Monitoring (on-frame),,1,4,100,1,1,Subplot boundary,3248
26-JUL-2007,51,Virginia,VA,101,1,Detection Monitoring (on-frame),,1,4,100,1,2,Microplot boundary,3248
26-JUL-2007,51,Virginia,VA,105,1,Detection Monitoring (on-frame),,1,1,100,1,1,Subplot boundary,2805
26-JUL-2007,51,Virginia,VA,105,1,Detection Monitoring (on-frame),,1,1,100,1,2,Microplot boundary,2805
26-JUL-2007,51,Virginia,VA,105,1,Detection Monitoring (on-frame),,1,2,7.26,3,1,Subplot boundary,2805
26-JUL-2007,51,Virginia,VA,105,1,Detection Monitoring (on-frame),,1,2,34.75,1,1,Subplot boundary,2805
26-JUL-2007,51,Virginia,VA,105,1,Detection Monitoring (on-frame),,1,2,57.98,2,1,Subplot boundary,2805
26-JUL-2007,51,Virginia,VA,105,1,Detection Monitoring (on-frame),,1,2,100,2,2,Microplot boundary,2805
26-JUL-2007,51,Virginia,VA,105,1,Detection Monitoring (on-frame),,1,3,100,1,1,Subplot boundary,2805
26-JUL-2007,51,Virginia,VA,105,1,Detection Monitoring (on-frame),,1,3,100,1,2,Microplot boundary,2805
26-JUL-2007,51,Virginia,VA,105,1,Detection Monitoring (on-frame),,1,4,100,1,1,Subplot boundary,2805
26-JUL-2007,51,Virginia,VA,105,1,Detection Monitoring (on-frame),,1,4,100,1,2,Microplot boundary,2805
26-JUL-2007,51,Virginia,VA,109,1,Detection Monitoring (on-frame),,1,1,100,1,1,Subplot boundary,3251
26-JUL-2007,51,Virginia,VA,109,1,Detection Monitoring (on-frame),,1,1,100,1,2,Microplot boundary,3251
26-JUL-2007,51,Virginia,VA,109,1,Detection Monitoring (on-frame),,1,2,100,1,1,Subplot boundary,3251
26-JUL-2007,51,Virginia,VA,109,1,Detection Monitoring (on-frame),,1,2,100,1,2,Microplot boundary,3251
26-JUL-2007,51,Virginia,VA,109,1,Detection Monitoring (on-frame),,1,3,100,1,1,Subplot boundary,3251
26-JUL-2007,51,Virginia,VA,109,1,Detection Monitoring (on-frame),,1,3,100,1,2,Microplot boundary,3251
26-JUL-2007,51,Virginia,VA,109,1,Detection Monitoring (on-frame),,1,4,100,1,1,Subplot boundary,3251
26-JUL-2007,51,Virginia,VA,109,1,Detection Monitoring (on-frame),,1,4,100,1,2,Microplot boundary,3251
26-JUL-2007,51,Virginia,VA,109,1,Detection Monitoring (on-frame),,1,1,100,1,1,Subplot boundary,3269
26-JUL-2007,51,Virginia,VA,109,1,Detection Monitoring (on-frame),,1,1,100,1,2,Microplot boundary,3269
26-JUL-2007,51,Virginia,VA,109,1,Detection Monitoring (on-frame),,1,2,100,1,1,Subplot boundary,3269
26-JUL-2007,51,Virginia,VA,109,1,Detection Monitoring (on-frame),,1,2,100,1,2,Microplot boundary,3269
26-JUL-2007,51,Virginia,VA,109,1,Detection Monitoring (on-frame),,1,3,100,1,1,Subplot boundary,3269
26-JUL-2007,51,Virginia,VA,109,1,Detection Monitoring (on-frame),,1,3,100,1,2,Microplot boundary,3269
26-JUL-2007,51,Virginia,VA,109,1,Detection Monitoring (on-frame),,1,4,100,1,1,Subplot boundary,3269
26-JUL-2007,51,Virginia,VA,109,1,Detection Monitoring (on-frame),,1,4,100,1,2,Microplot boundary,3269
26-JUL-2007,51,Virginia,VA,111,1,Detection Monitoring (on-frame),,1,1,100,1,1,Subplot boundary,3252
26-JUL-2007,51,Virginia,VA,111,1,Detection Monitoring (on-frame),,1,1,100,1,2,Microplot boundary,3252
26-JUL-2007,51,Virginia,VA,111,1,Detection Monitoring (on-frame),,1,2,100,1,1,Subplot boundary,3252
26-JUL-2007,51,Virginia,VA,111,1,Detection Monitoring (on-frame),,1,2,100,1,2,Microplot boundary,3252
26-JUL-2007,51,Virginia,VA,111,1,Detection Monitoring (on-frame),,1,3,100,1,1,Subplot boundary,3252
26-JUL-2007,51,Virginia,VA,111,1,Detection Monitoring (on-frame),,1,3,100,1,2,Microplot boundary,3252
26-JUL-2007,51,Virginia,VA,111,1,Detection Monitoring (on-frame),,1,4,100,1,1,Subplot boundary,3252
26-JUL-2007,51,Virginia,VA,111,1,Detection Monitoring (on-frame),,1,4,100,1,2,Microplot boundary,3252
26-JUL-2007,51,Virginia,VA,113,1,Detection Monitoring (on-frame),,1,1,100,1,1,Subplot boundary,4041
26-JUL-2007,51,Virginia,VA,113,1,Detection Monitoring (on-frame),,1,1,100,1,2,Microplot boundary,4041
26-JUL-2007,51,Virginia,VA,113,1,Detection Monitoring (on-frame),,1,2,100,1,1,Subplot boundary,4041
26-JUL-2007,51,Virginia,VA,113,1,Detection Monitoring (on-frame),,1,2,100,1,2,Microplot boundary,4041
26-JUL-2007,51,Virginia,VA,113,1,Detection Monitoring (on-frame),,1,3,100,1,1,Subplot boundary,4041
26-JUL-2007,51,Virginia,VA,113,1,Detection Monitoring (on-frame),,1,3,100,1,2,Microplot boundary,4041
26-JUL-2007,51,Virginia,VA,113,1,Detection Monitoring (on-frame),,1,4,100,1,1,Subplot boundary,4041
26-JUL-2007,51,Virginia,VA,113,1,Detection Monitoring (on-frame),,1,4,100,1,2,Microplot boundary,4041
26-JUL-2007,51,Virginia,VA,117,1,Detection Monitoring (on-frame),,1,1,46.11,2,1,Subplot boundary,2722
26-JUL-2007,51,Virginia,VA,117,1,Detection Monitoring (on-frame),,1,1,53.88,1,1,Subplot boundary,2722
26-JUL-2007,51,Virginia,VA,117,1,Detection Monitoring (on-frame),,1,1,100,1,2,Microplot boundary,2722
26-JUL-2007,51,Virginia,VA,117,1,Detection Monitoring (on-frame),,1,2,100,3,1,Subplot boundary,2722
26-JUL-2007,51,Virginia,VA,117,1,Detection Monitoring (on-frame),,1,2,100,3,2,Microplot boundary,2722
26-JUL-2007,51,Virginia,VA,117,1,Detection Monitoring (on-frame),,1,3,1.9,1,1,Subplot boundary,2722
26-JUL-2007,51,Virginia,VA,117,1,Detection Monitoring (on-frame),,1,3,98.09,2,1,Subplot boundary,2722
26-JUL-2007,51,Virginia,VA,117,1,Detection Monitoring (on-frame),,1,3,100,2,2,Microplot boundary,2722
26-JUL-2007,51,Virginia,VA,117,1,Detection Monitoring (on-frame),,1,4,100,2,1,Subplot boundary,2722
26-JUL-2007,51,Virginia,VA,117,1,Detection Monitoring (on-frame),,1,4,100,2,2,Microplot boundary,2722
26-JUL-2007,51,Virginia,VA,117,1,Detection Monitoring (on-frame),,1,1,100,1,1,Subplot boundary,2724
26-JUL-2007,51,Virginia,VA,117,1,Detection Monitoring (on-frame),,1,1,100,1,2,Microplot boundary,2724
26-JUL-2007,51,Virginia,VA,117,1,Detection Monitoring (on-frame),,1,2,100,1,1,Subplot boundary,2724
26-JUL-2007,51,Virginia,VA,117,1,Detection Monitoring (on-frame),,1,2,100,1,2,Microplot boundary,2724
26-JUL-2007,51,Virginia,VA,117,1,Detection Monitoring (on-frame),,1,3,100,1,1,Subplot boundary,2724
26-JUL-2007,51,Virginia,VA,117,1,Detection Monitoring (on-frame),,1,3,100,1,2,Microplot boundary,2724
26-JUL-2007,51,Virginia,VA,117,1,Detection Monitoring (on-frame),,1,4,100,1,1,Subplot boundary,2724
26-JUL-2007,51,Virginia,VA,117,1,Detection Monitoring (on-frame),,1,4,100,1,2,Microplot boundary,2724
26-JUL-2007,51,Virginia,VA,117,1,Detection Monitoring (on-frame),,1,1,100,1,1,Subplot boundary,2727
26-JUL-2007,51,Virginia,VA,117,1,Detection Monitoring (on-frame),,1,1,100,1,2,Microplot boundary,2727
26-JUL-2007,51,Virginia,VA,117,1,Detection Monitoring (on-frame),,1,2,100,1,1,Subplot boundary,2727
26-JUL-2007,51,Virginia,VA,117,1,Detection Monitoring (on-frame),,1,2,100,1,2,Microplot boundary,2727
26-JUL-2007,51,Virginia,VA,117,1,Detection Monitoring (on-frame),,1,3,100,1,1,Subplot boundary,2727
26-JUL-2007,51,Virginia,VA,117,1,Detection Monitoring (on-frame),,1,3,100,1,2,Microplot boundary,2727
26-JUL-2007,51,Virginia,VA,117,1,Detection Monitoring (on-frame),,1,4,100,1,1,Subplot boundary,2727
26-JUL-2007,51,Virginia,VA,117,1,Detection Monitoring (on-frame),,1,4,100,1,2,Microplot boundary,2727
26-JUL-2007,51,Virginia,VA,125,1,Detection Monitoring (on-frame),,1,1,100,1,1,Subplot boundary,3268
26-JUL-2007,51,Virginia,VA,125,1,Detection Monitoring (on-frame),,1,1,100,1,2,Microplot boundary,3268
26-JUL-2007,51,Virginia,VA,125,1,Detection Monitoring (on-frame),,1,2,100,1,1,Subplot boundary,3268
26-JUL-2007,51,Virginia,VA,125,1,Detection Monitoring (on-frame),,1,2,100,1,2,Microplot boundary,3268
26-JUL-2007,51,Virginia,VA,125,1,Detection Monitoring (on-frame),,1,3,100,1,1,Subplot boundary,3268
26-JUL-2007,51,Virginia,VA,125,1,Detection Monitoring (on-frame),,1,3,100,1,2,Microplot boundary,3268
26-JUL-2007,51,Virginia,VA,125,1,Detection Monitoring (on-frame),,1,4,100,1,1,Subplot boundary,3268
26-JUL-2007,51,Virginia,VA,125,1,Detection Monitoring (on-frame),,1,4,100,1,2,Microplot boundary,3268
26-JUL-2007,51,Virginia,VA,133,1,Detection Monitoring (on-frame),,1,1,100,1,1,Subplot boundary,3228
26-JUL-2007,51,Virginia,VA,133,1,Detection Monitoring (on-frame),,1,1,100,1,2,Microplot boundary,3228
26-JUL-2007,51,Virginia,VA,133,1,Detection Monitoring (on-frame),,1,2,100,1,1,Subplot boundary,3228
26-JUL-2007,51,Virginia,VA,133,1,Detection Monitoring (on-frame),,1,2,100,1,2,Microplot boundary,3228
26-JUL-2007,51,Virginia,VA,133,1,Detection Monitoring (on-frame),,1,3,100,2,1,Subplot boundary,3228
26-JUL-2007,51,Virginia,VA,133,1,Detection Monitoring (on-frame),,1,3,100,2,2,Microplot boundary,3228
26-JUL-2007,51,Virginia,VA,133,1,Detection Monitoring (on-frame),,1,4,100,3,1,Subplot boundary,3228
26-JUL-2007,51,Virginia,VA,133,1,Detection Monitoring (on-frame),,1,4,100,3,2,Microplot boundary,3228
26-JUL-2007,51,Virginia,VA,135,1,Detection Monitoring (on-frame),,1,1,100,1,1,Subplot boundary,3233
26-JUL-2007,51,Virginia,VA,135,1,Detection Monitoring (on-frame),,1,1,100,1,2,Microplot boundary,3233
26-JUL-2007,51,Virginia,VA,135,1,Detection Monitoring (on-frame),,1,2,100,1,1,Subplot boundary,3233
26-JUL-2007,51,Virginia,VA,135,1,Detection Monitoring (on-frame),,1,2,100,1,2,Microplot boundary,3233
26-JUL-2007,51,Virginia,VA,135,1,Detection Monitoring (on-frame),,1,3,100,1,1,Subplot boundary,3233
26-JUL-2007,51,Virginia,VA,135,1,Detection Monitoring (on-frame),,1,3,100,1,2,Microplot boundary,3233
26-JUL-2007,51,Virginia,VA,135,1,Detection Monitoring (on-frame),,1,4,100,2,1,Subplot boundary,3233
26-JUL-2007,51,Virginia,VA,135,1,Detection Monitoring (on-frame),,1,4,100,2,2,Microplot boundary,3233
26-JUL-2007,51,Virginia,VA,137,1,Detection Monitoring (on-frame),,1,1,100,1,1,Subplot boundary,4017
26-JUL-2007,51,Virginia,VA,137,1,Detection Monitoring (on-frame),,1,1,100,1,2,Microplot boundary,4017
26-JUL-2007,51,Virginia,VA,137,1,Detection Monitoring (on-frame),,1,2,100,1,1,Subplot boundary,4017
26-JUL-2007,51,Virginia,VA,137,1,Detection Monitoring (on-frame),,1,2,100,1,2,Microplot boundary,4017
26-JUL-2007,51,Virginia,VA,137,1,Detection Monitoring (on-frame),,1,3,100,1,1,Subplot boundary,4017
26-JUL-2007,51,Virginia,VA,137,1,Detection Monitoring (on-frame),,1,3,100,1,2,Microplot boundary,4017
26-JUL-2007,51,Virginia,VA,137,1,Detection Monitoring (on-frame),,1,4,100,1,1,Subplot boundary,4017
26-JUL-2007,51,Virginia,VA,137,1,Detection Monitoring (on-frame),,1,4,100,1,2,Microplot boundary,4017
26-JUL-2007,51,Virginia,VA,139,1,Detection Monitoring (on-frame),,1,1,100,1,1,Subplot boundary,4043
26-JUL-2007,51,Virginia,VA,139,1,Detection Monitoring (on-frame),,1,1,100,1,2,Microplot boundary,4043
26-JUL-2007,51,Virginia,VA,139,1,Detection Monitoring (on-frame),,1,2,100,1,1,Subplot boundary,4043
26-JUL-2007,51,Virginia,VA,139,1,Detection Monitoring (on-frame),,1,2,100,1,2,Microplot boundary,4043
26-JUL-2007,51,Virginia,VA,139,1,Detection Monitoring (on-frame),,1,3,100,1,1,Subplot boundary,4043
26-JUL-2007,51,Virginia,VA,139,1,Detection Monitoring (on-frame),,1,3,100,1,2,Microplot boundary,4043
26-JUL-2007,51,Virginia,VA,139,1,Detection Monitoring (on-frame),,1,4,100,1,1,Subplot boundary,4043
26-JUL-2007,51,Virginia,VA,139,1,Detection Monitoring (on-frame),,1,4,100,1,2,Microplot boundary,4043
26-JUL-2007,51,Virginia,VA,141,1,Detection Monitoring (on-frame),,1,1,100,1,1,Subplot boundary,2763
26-JUL-2007,51,Virginia,VA,141,1,Detection Monitoring (on-frame),,1,1,100,1,2,Microplot boundary,2763
26-JUL-2007,51,Virginia,VA,141,1,Detection Monitoring (on-frame),,1,2,6.09,2,1,Subplot boundary,2763
26-JUL-2007,51,Virginia,VA,141,1,Detection Monitoring (on-frame),,1,2,6.09,2,2,Microplot boundary,2763
26-JUL-2007,51,Virginia,VA,141,1,Detection Monitoring (on-frame),,1,2,93.9,1,1,Subplot boundary,2763
26-JUL-2007,51,Virginia,VA,141,1,Detection Monitoring (on-frame),,1,2,93.9,1,2,Microplot boundary,2763
26-JUL-2007,51,Virginia,VA,141,1,Detection Monitoring (on-frame),,1,3,100,3,1,Subplot boundary,2763
26-JUL-2007,51,Virginia,VA,141,1,Detection Monitoring (on-frame),,1,3,100,3,2,Microplot boundary,2763
26-JUL-2007,51,Virginia,VA,141,1,Detection Monitoring (on-frame),,1,4,100,1,1,Subplot boundary,2763
26-JUL-2007,51,Virginia,VA,141,1,Detection Monitoring (on-frame),,1,4,100,1,2,Microplot boundary,2763
26-JUL-2007,51,Virginia,VA,141,1,Detection Monitoring (on-frame),,1,1,100,1,1,Subplot boundary,2764
26-JUL-2007,51,Virginia,VA,141,1,Detection Monitoring (on-frame),,1,1,100,1,2,Microplot boundary,2764
26-JUL-2007,51,Virginia,VA,141,1,Detection Monitoring (on-frame),,1,2,100,1,1,Subplot boundary,2764
26-JUL-2007,51,Virginia,VA,141,1,Detection Monitoring (on-frame),,1,2,100,1,2,Microplot boundary,2764
26-JUL-2007,51,Virginia,VA,141,1,Detection Monitoring (on-frame),,1,3,100,1,1,Subplot boundary,2764
26-JUL-2007,51,Virginia,VA,141,1,Detection Monitoring (on-frame),,1,3,100,1,2,Microplot boundary,2764
26-JUL-2007,51,Virginia,VA,141,1,Detection Monitoring (on-frame),,1,4,100,1,1,Subplot boundary,2764
26-JUL-2007,51,Virginia,VA,141,1,Detection Monitoring (on-frame),,1,4,100,1,2,Microplot boundary,2764
26-JUL-2007,51,Virginia,VA,141,1,Detection Monitoring (on-frame),,1,1,100,1,1,Subplot boundary,2769
26-JUL-2007,51,Virginia,VA,141,1,Detection Monitoring (on-frame),,1,1,100,1,2,Microplot boundary,2769
26-JUL-2007,51,Virginia,VA,141,1,Detection Monitoring (on-frame),,1,2,100,1,1,Subplot boundary,2769
26-JUL-2007,51,Virginia,VA,141,1,Detection Monitoring (on-frame),,1,2,100,1,2,Microplot boundary,2769
26-JUL-2007,51,Virginia,VA,141,1,Detection Monitoring (on-frame),,1,3,100,1,1,Subplot boundary,2769
26-JUL-2007,51,Virginia,VA,141,1,Detection Monitoring (on-frame),,1,3,100,1,2,Microplot boundary,2769
26-JUL-2007,51,Virginia,VA,141,1,Detection Monitoring (on-frame),,1,4,100,1,1,Subplot boundary,2769
26-JUL-2007,51,Virginia,VA,141,1,Detection Monitoring (on-frame),,1,4,100,1,2,Microplot boundary,2769
26-JUL-2007,51,Virginia,VA,143,1,Detection Monitoring (on-frame),,1,1,100,1,1,Subplot boundary,2749
26-JUL-2007,51,Virginia,VA,143,1,Detection Monitoring (on-frame),,1,1,100,1,2,Microplot boundary,2749
26-JUL-2007,51,Virginia,VA,143,1,Detection Monitoring (on-frame),,1,2,6.32,2,1,Subplot boundary,2749
26-JUL-2007,51,Virginia,VA,143,1,Detection Monitoring (on-frame),,1,2,93.67,1,1,Subplot boundary,2749
26-JUL-2007,51,Virginia,VA,143,1,Detection Monitoring (on-frame),,1,2,100,1,2,Microplot boundary,2749
26-JUL-2007,51,Virginia,VA,143,1,Detection Monitoring (on-frame),,1,3,100,1,1,Subplot boundary,2749
26-JUL-2007,51,Virginia,VA,143,1,Detection Monitoring (on-frame),,1,3,100,1,2,Microplot boundary,2749
26-JUL-2007,51,Virginia,VA,143,1,Detection Monitoring (on-frame),,1,4,100,2,1,Subplot boundary,2749
26-JUL-2007,51,Virginia,VA,143,1,Detection Monitoring (on-frame),,1,4,100,2,2,Microplot boundary,2749
26-JUL-2007,51,Virginia,VA,143,1,Detection Monitoring (on-frame),,1,1,100,1,1,Subplot boundary,2750
26-JUL-2007,51,Virginia,VA,143,1,Detection Monitoring (on-frame),,1,1,100,1,2,Microplot boundary,2750
26-JUL-2007,51,Virginia,VA,143,1,Detection Monitoring (on-frame),,1,2,100,1,1,Subplot boundary,2750
26-JUL-2007,51,Virginia,VA,143,1,Detection Monitoring (on-frame),,1,2,100,1,2,Microplot boundary,2750
26-JUL-2007,51,Virginia,VA,143,1,Detection Monitoring (on-frame),,1,3,100,1,1,Subplot boundary,2750
26-JUL-2007,51,Virginia,VA,143,1,Detection Monitoring (on-frame),,1,3,100,1,2,Microplot boundary,2750
26-JUL-2007,51,Virginia,VA,143,1,Detection Monitoring (on-frame),,1,4,100,2,1,Subplot boundary,2750
26-JUL-2007,51,Virginia,VA,143,1,Detection Monitoring (on-frame),,1,4,100,2,2,Microplot boundary,2750
26-JUL-2007,51,Virginia,VA,145,1,Detection Monitoring (on-frame),,1,1,100,1,1,Subplot boundary,3241
26-JUL-2007,51,Virginia,VA,145,1,Detection Monitoring (on-frame),,1,1,100,1,2,Microplot boundary,3241
26-JUL-2007,51,Virginia,VA,145,1,Detection Monitoring (on-frame),,1,2,100,1,1,Subplot boundary,3241
26-JUL-2007,51,Virginia,VA,145,1,Detection Monitoring (on-frame),,1,2,100,1,2,Microplot boundary,3241
26-JUL-2007,51,Virginia,VA,145,1,Detection Monitoring (on-frame),,1,3,100,1,1,Subplot boundary,3241
26-JUL-2007,51,Virginia,VA,145,1,Detection Monitoring (on-frame),,1,3,100,1,2,Microplot boundary,3241
26-JUL-2007,51,Virginia,VA,145,1,Detection Monitoring (on-frame),,1,4,100,1,1,Subplot boundary,3241
26-JUL-2007,51,Virginia,VA,145,1,Detection Monitoring (on-frame),,1,4,100,1,2,Microplot boundary,3241
26-JUL-2007,51,Virginia,VA,147,1,Detection Monitoring (on-frame),,1,1,100,1,1,Subplot boundary,3254
26-JUL-2007,51,Virginia,VA,147,1,Detection Monitoring (on-frame),,1,1,100,1,2,Microplot boundary,3254
26-JUL-2007,51,Virginia,VA,147,1,Detection Monitoring (on-frame),,1,2,100,2,1,Subplot boundary,3254
26-JUL-2007,51,Virginia,VA,147,1,Detection Monitoring (on-frame),,1,2,100,2,2,Microplot boundary,3254
26-JUL-2007,51,Virginia,VA,147,1,Detection Monitoring (on-frame),,1,3,100,1,1,Subplot boundary,3254
26-JUL-2007,51,Virginia,VA,147,1,Detection Monitoring (on-frame),,1,3,100,1,2,Microplot boundary,3254
26-JUL-2007,51,Virginia,VA,147,1,Detection Monitoring (on-frame),,1,4,100,1,1,Subplot boundary,3254
26-JUL-2007,51,Virginia,VA,147,1,Detection Monitoring (on-frame),,1,4,100,1,2,Microplot boundary,3254
26-JUL-2007,51,Virginia,VA,149,1,Detection Monitoring (on-frame),,1,1,100,1,1,Subplot boundary,3234
26-JUL-2007,51,Virginia,VA,149,1,Detection Monitoring (on-frame),,1,1,100,1,2,Microplot boundary,3234
26-JUL-2007,51,Virginia,VA,149,1,Detection Monitoring (on-frame),,1,2,33.19,1,2,Microplot boundary,3234
26-JUL-2007,51,Virginia,VA,149,1,Detection Monitoring (on-frame),,1,2,45.57,3,1,Subplot boundary,3234
26-JUL-2007,51,Virginia,VA,149,1,Detection Monitoring (on-frame),,1,2,54.43,1,1,Subplot boundary,3234
26-JUL-2007,51,Virginia,VA,149,1,Detection Monitoring (on-frame),,1,2,66.81,3,2,Microplot boundary,3234
26-JUL-2007,51,Virginia,VA,149,1,Detection Monitoring (on-frame),,1,3,100,1,1,Subplot boundary,3234
26-JUL-2007,51,Virginia,VA,149,1,Detection Monitoring (on-frame),,1,3,100,1,2,Microplot boundary,3234
26-JUL-2007,51,Virginia,VA,149,1,Detection Monitoring (on-frame),,1,4,100,1,1,Subplot boundary,3234
26-JUL-2007,51,Virginia,VA,149,1,Detection Monitoring (on-frame),,1,4,100,1,2,Microplot boundary,3234
26-JUL-2007,51,Virginia,VA,153,1,Detection Monitoring (on-frame),,1,1,100,1,1,Subplot boundary,4023
26-JUL-2007,51,Virginia,VA,153,1,Detection Monitoring (on-frame),,1,1,100,1,2,Microplot boundary,4023
26-JUL-2007,51,Virginia,VA,153,1,Detection Monitoring (on-frame),,1,2,100,1,1,Subplot boundary,4023
26-JUL-2007,51,Virginia,VA,153,1,Detection Monitoring (on-frame),,1,2,100,1,2,Microplot boundary,4023
26-JUL-2007,51,Virginia,VA,153,1,Detection Monitoring (on-frame),,1,3,100,1,1,Subplot boundary,4023
26-JUL-2007,51,Virginia,VA,153,1,Detection Monitoring (on-frame),,1,3,100,1,2,Microplot boundary,4023
26-JUL-2007,51,Virginia,VA,153,1,Detection Monitoring (on-frame),,1,4,100,2,1,Subplot boundary,4023
26-JUL-2007,51,Virginia,VA,153,1,Detection Monitoring (on-frame),,1,4,100,2,2,Microplot boundary,4023
26-JUL-2007,51,Virginia,VA,153,1,Detection Monitoring (on-frame),,1,1,100,1,1,Subplot boundary,4029
26-JUL-2007,51,Virginia,VA,153,1,Detection Monitoring (on-frame),,1,1,100,1,2,Microplot boundary,4029
26-JUL-2007,51,Virginia,VA,153,1,Detection Monitoring (on-frame),,1,2,100,2,1,Subplot boundary,4029
26-JUL-2007,51,Virginia,VA,153,1,Detection Monitoring (on-frame),,1,2,100,2,2,Microplot boundary,4029
26-JUL-2007,51,Virginia,VA,153,1,Detection Monitoring (on-frame),,1,3,19.55,2,1,Subplot boundary,4029
26-JUL-2007,51,Virginia,VA,153,1,Detection Monitoring (on-frame),,1,3,80.44,1,1,Subplot boundary,4029
26-JUL-2007,51,Virginia,VA,153,1,Detection Monitoring (on-frame),,1,3,100,1,2,Microplot boundary,4029
26-JUL-2007,51,Virginia,VA,153,1,Detection Monitoring (on-frame),,1,4,100,1,1,Subplot boundary,4029
26-JUL-2007,51,Virginia,VA,153,1,Detection Monitoring (on-frame),,1,4,100,1,2,Microplot boundary,4029
26-JUL-2007,51,Virginia,VA,157,1,Detection Monitoring (on-frame),,1,1,100,1,1,Subplot boundary,4046
26-JUL-2007,51,Virginia,VA,157,1,Detection Monitoring (on-frame),,1,1,100,1,2,Microplot boundary,4046
26-JUL-2007,51,Virginia,VA,157,1,Detection Monitoring (on-frame),,1,2,100,1,1,Subplot boundary,4046
26-JUL-2007,51,Virginia,VA,157,1,Detection Monitoring (on-frame),,1,2,100,1,2,Microplot boundary,4046
26-JUL-2007,51,Virginia,VA,157,1,Detection Monitoring (on-frame),,1,3,100,1,1,Subplot boundary,4046
26-JUL-2007,51,Virginia,VA,157,1,Detection Monitoring (on-frame),,1,3,100,1,2,Microplot boundary,4046
26-JUL-2007,51,Virginia,VA,157,1,Detection Monitoring (on-frame),,1,4,100,1,1,Subplot boundary,4046
26-JUL-2007,51,Virginia,VA,157,1,Detection Monitoring (on-frame),,1,4,100,1,2,Microplot boundary,4046
26-JUL-2007,51,Virginia,VA,159,1,Detection Monitoring (on-frame),,1,1,100,1,1,Subplot boundary,3977
26-JUL-2007,51,Virginia,VA,159,1,Detection Monitoring (on-frame),,1,1,100,1,2,Microplot boundary,3977
26-JUL-2007,51,Virginia,VA,159,1,Detection Monitoring (on-frame),,1,2,100,1,1,Subplot boundary,3977
26-JUL-2007,51,Virginia,VA,159,1,Detection Monitoring (on-frame),,1,2,100,1,2,Microplot boundary,3977
26-JUL-2007,51,Virginia,VA,159,1,Detection Monitoring (on-frame),,1,3,100,1,1,Subplot boundary,3977
26-JUL-2007,51,Virginia,VA,159,1,Detection Monitoring (on-frame),,1,3,100,1,2,Microplot boundary,3977
26-JUL-2007,51,Virginia,VA,159,1,Detection Monitoring (on-frame),,1,4,100,1,1,Subplot boundary,3977
26-JUL-2007,51,Virginia,VA,159,1,Detection Monitoring (on-frame),,1,4,100,1,2,Microplot boundary,3977
26-JUL-2007,51,Virginia,VA,163,1,Detection Monitoring (on-frame),,1,1,100,1,1,Subplot boundary,3286
26-JUL-2007,51,Virginia,VA,163,1,Detection Monitoring (on-frame),,1,1,100,1,2,Microplot boundary,3286
26-JUL-2007,51,Virginia,VA,163,1,Detection Monitoring (on-frame),,1,2,100,2,1,Subplot boundary,3286
26-JUL-2007,51,Virginia,VA,163,1,Detection Monitoring (on-frame),,1,2,100,2,2,Microplot boundary,3286
26-JUL-2007,51,Virginia,VA,163,1,Detection Monitoring (on-frame),,1,3,100,1,1,Subplot boundary,3286
26-JUL-2007,51,Virginia,VA,163,1,Detection Monitoring (on-frame),,1,3,100,1,2,Microplot boundary,3286
26-JUL-2007,51,Virginia,VA,163,1,Detection Monitoring (on-frame),,1,4,100,1,1,Subplot boundary,3286
26-JUL-2007,51,Virginia,VA,163,1,Detection Monitoring (on-frame),,1,4,100,1,2,Microplot boundary,3286
26-JUL-2007,51,Virginia,VA,163,1,Detection Monitoring (on-frame),,1,1,100,1,1,Subplot boundary,3287
26-JUL-2007,51,Virginia,VA,163,1,Detection Monitoring (on-frame),,1,1,100,1,2,Microplot boundary,3287
26-JUL-2007,51,Virginia,VA,163,1,Detection Monitoring (on-frame),,1,2,100,2,1,Subplot boundary,3287
26-JUL-2007,51,Virginia,VA,163,1,Detection Monitoring (on-frame),,1,2,100,2,2,Microplot boundary,3287
26-JUL-2007,51,Virginia,VA,163,1,Detection Monitoring (on-frame),,1,3,100,1,1,Subplot boundary,3287
26-JUL-2007,51,Virginia,VA,163,1,Detection Monitoring (on-frame),,1,3,100,1,2,Microplot boundary,3287
26-JUL-2007,51,Virginia,VA,163,1,Detection Monitoring (on-frame),,1,4,11.78,2,1,Subplot boundary,3287
26-JUL-2007,51,Virginia,VA,163,1,Detection Monitoring (on-frame),,1,4,88.21,1,1,Subplot boundary,3287
26-JUL-2007,51,Virginia,VA,163,1,Detection Monitoring (on-frame),,1,4,100,1,2,Microplot boundary,3287
26-JUL-2007,51,Virginia,VA,165,1,Detection Monitoring (on-frame),,1,1,100,1,1,Subplot boundary,4039
26-JUL-2007,51,Virginia,VA,165,1,Detection Monitoring (on-frame),,1,1,100,1,2,Microplot boundary,4039
26-JUL-2007,51,Virginia,VA,165,1,Detection Monitoring (on-frame),,1,2,100,1,1,Subplot boundary,4039
26-JUL-2007,51,Virginia,VA,165,1,Detection Monitoring (on-frame),,1,2,100,1,2,Microplot boundary,4039
26-JUL-2007,51,Virginia,VA,165,1,Detection Monitoring (on-frame),,1,3,100,1,1,Subplot boundary,4039
26-JUL-2007,51,Virginia,VA,165,1,Detection Monitoring (on-frame),,1,3,100,1,2,Microplot boundary,4039
26-JUL-2007,51,Virginia,VA,165,1,Detection Monitoring (on-frame),,1,4,100,1,1,Subplot boundary,4039
26-JUL-2007,51,Virginia,VA,165,1,Detection Monitoring (on-frame),,1,4,100,1,2,Microplot boundary,4039
26-JUL-2007,51,Virginia,VA,165,1,Detection Monitoring (on-frame),,1,1,100,1,1,Subplot boundary,4045
26-JUL-2007,51,Virginia,VA,165,1,Detection Monitoring (on-frame),,1,1,100,1,2,Microplot boundary,4045
26-JUL-2007,51,Virginia,VA,165,1,Detection Monitoring (on-frame),,1,2,100,2,1,Subplot boundary,4045
26-JUL-2007,51,Virginia,VA,165,1,Detection Monitoring (on-frame),,1,2,100,2,2,Microplot boundary,4045
26-JUL-2007,51,Virginia,VA,165,1,Detection Monitoring (on-frame),,1,3,100,2,1,Subplot boundary,4045
26-JUL-2007,51,Virginia,VA,165,1,Detection Monitoring (on-frame),,1,3,100,2,2,Microplot boundary,4045
26-JUL-2007,51,Virginia,VA,165,1,Detection Monitoring (on-frame),,1,4,100,1,1,Subplot boundary,4045
26-JUL-2007,51,Virginia,VA,165,1,Detection Monitoring (on-frame),,1,4,100,1,2,Microplot boundary,4045
26-JUL-2007,51,Virginia,VA,171,1,Detection Monitoring (on-frame),,1,1,100,1,1,Subplot boundary,4050
26-JUL-2007,51,Virginia,VA,171,1,Detection Monitoring (on-frame),,1,1,100,1,2,Microplot boundary,4050
26-JUL-2007,51,Virginia,VA,171,1,Detection Monitoring (on-frame),,1,2,100,1,1,Subplot boundary,4050
26-JUL-2007,51,Virginia,VA,171,1,Detection Monitoring (on-frame),,1,2,100,1,2,Microplot boundary,4050
26-JUL-2007,51,Virginia,VA,171,1,Detection Monitoring (on-frame),,1,3,100,2,1,Subplot boundary,4050
26-JUL-2007,51,Virginia,VA,171,1,Detection Monitoring (on-frame),,1,3,100,2,2,Microplot boundary,4050
26-JUL-2007,51,Virginia,VA,171,1,Detection Monitoring (on-frame),,1,4,100,2,1,Subplot boundary,4050
26-JUL-2007,51,Virginia,VA,171,1,Detection Monitoring (on-frame),,1,4,100,2,2,Microplot boundary,4050
26-JUL-2007,51,Virginia,VA,173,1,Detection Monitoring (on-frame),,1,1,100,1,1,Subplot boundary,2787
26-JUL-2007,51,Virginia,VA,173,1,Detection Monitoring (on-frame),,1,1,100,1,2,Microplot boundary,2787
26-JUL-2007,51,Virginia,VA,173,1,Detection Monitoring (on-frame),,1,2,100,1,1,Subplot boundary,2787
26-JUL-2007,51,Virginia,VA,173,1,Detection Monitoring (on-frame),,1,2,100,1,2,Microplot boundary,2787
26-JUL-2007,51,Virginia,VA,173,1,Detection Monitoring (on-frame),,1,3,100,1,1,Subplot boundary,2787
26-JUL-2007,51,Virginia,VA,173,1,Detection Monitoring (on-frame),,1,3,100,1,2,Microplot boundary,2787
26-JUL-2007,51,Virginia,VA,173,1,Detection Monitoring (on-frame),,1,4,100,1,1,Subplot boundary,2787
26-JUL-2007,51,Virginia,VA,173,1,Detection Monitoring (on-frame),,1,4,100,1,2,Microplot boundary,2787
26-JUL-2007,51,Virginia,VA,173,1,Detection Monitoring (on-frame),,1,1,100,1,1,Subplot boundary,2791
26-JUL-2007,51,Virginia,VA,173,1,Detection Monitoring (on-frame),,1,1,100,1,2,Microplot boundary,2791
26-JUL-2007,51,Virginia,VA,173,1,Detection Monitoring (on-frame),,1,2,100,1,1,Subplot boundary,2791
26-JUL-2007,51,Virginia,VA,173,1,Detection Monitoring (on-frame),,1,2,100,1,2,Microplot boundary,2791
26-JUL-2007,51,Virginia,VA,173,1,Detection Monitoring (on-frame),,1,3,100,1,1,Subplot boundary,2791
26-JUL-2007,51,Virginia,VA,173,1,Detection Monitoring (on-frame),,1,3,100,1,2,Microplot boundary,2791
26-JUL-2007,51,Virginia,VA,173,1,Detection Monitoring (on-frame),,1,4,100,1,1,Subplot boundary,2791
26-JUL-2007,51,Virginia,VA,173,1,Detection Monitoring (on-frame),,1,4,100,1,2,Microplot boundary,2791
26-JUL-2007,51,Virginia,VA,177,1,Detection Monitoring (on-frame),,1,1,100,1,1,Subplot boundary,4014
26-JUL-2007,51,Virginia,VA,177,1,Detection Monitoring (on-frame),,1,1,100,1,2,Microplot boundary,4014
26-JUL-2007,51,Virginia,VA,177,1,Detection Monitoring (on-frame),,1,2,100,1,1,Subplot boundary,4014
26-JUL-2007,51,Virginia,VA,177,1,Detection Monitoring (on-frame),,1,2,100,1,2,Microplot boundary,4014
26-JUL-2007,51,Virginia,VA,177,1,Detection Monitoring (on-frame),,1,3,45.56,2,1,Subplot boundary,4014
26-JUL-2007,51,Virginia,VA,177,1,Detection Monitoring (on-frame),,1,3,54.43,1,1,Subplot boundary,4014
26-JUL-2007,51,Virginia,VA,177,1,Detection Monitoring (on-frame),,1,3,100,2,2,Microplot boundary,4014
26-JUL-2007,51,Virginia,VA,177,1,Detection Monitoring (on-frame),,1,4,100,1,1,Subplot boundary,4014
26-JUL-2007,51,Virginia,VA,177,1,Detection Monitoring (on-frame),,1,4,100,1,2,Microplot boundary,4014
26-JUL-2007,51,Virginia,VA,179,1,Detection Monitoring (on-frame),,1,1,100,1,1,Subplot boundary,4020
26-JUL-2007,51,Virginia,VA,179,1,Detection Monitoring (on-frame),,1,1,100,1,2,Microplot boundary,4020
26-JUL-2007,51,Virginia,VA,179,1,Detection Monitoring (on-frame),,1,2,100,1,1,Subplot boundary,4020
26-JUL-2007,51,Virginia,VA,179,1,Detection Monitoring (on-frame),,1,2,100,1,2,Microplot boundary,4020
26-JUL-2007,51,Virginia,VA,179,1,Detection Monitoring (on-frame),,1,3,100,1,1,Subplot boundary,4020
26-JUL-2007,51,Virginia,VA,179,1,Detection Monitoring (on-frame),,1,3,100,1,2,Microplot boundary,4020
26-JUL-2007,51,Virginia,VA,179,1,Detection Monitoring (on-frame),,1,4,100,1,1,Subplot boundary,4020
26-JUL-2007,51,Virginia,VA,179,1,Detection Monitoring (on-frame),,1,4,100,1,2,Microplot boundary,4020
26-JUL-2007,51,Virginia,VA,181,1,Detection Monitoring (on-frame),,1,1,11.14,2,1,Subplot boundary,3223
26-JUL-2007,51,Virginia,VA,181,1,Detection Monitoring (on-frame),,1,1,88.85,1,1,Subplot boundary,3223
26-JUL-2007,51,Virginia,VA,181,1,Detection Monitoring (on-frame),,1,1,100,1,2,Microplot boundary,3223
26-JUL-2007,51,Virginia,VA,181,1,Detection Monitoring (on-frame),,1,2,100,2,1,Subplot boundary,3223
26-JUL-2007,51,Virginia,VA,181,1,Detection Monitoring (on-frame),,1,2,100,2,2,Microplot boundary,3223
26-JUL-2007,51,Virginia,VA,181,1,Detection Monitoring (on-frame),,1,3,100,1,1,Subplot boundary,3223
26-JUL-2007,51,Virginia,VA,181,1,Detection Monitoring (on-frame),,1,3,100,1,2,Microplot boundary,3223
26-JUL-2007,51,Virginia,VA,181,1,Detection Monitoring (on-frame),,1,4,100,2,1,Subplot boundary,3223
26-JUL-2007,51,Virginia,VA,181,1,Detection Monitoring (on-frame),,1,4,100,2,2,Microplot boundary,3223
26-JUL-2007,51,Virginia,VA,183,1,Detection Monitoring (on-frame),,1,1,100,1,1,Subplot boundary,2711
26-JUL-2007,51,Virginia,VA,183,1,Detection Monitoring (on-frame),,1,1,100,1,2,Microplot boundary,2711
26-JUL-2007,51,Virginia,VA,183,1,Detection Monitoring (on-frame),,1,2,100,1,1,Subplot boundary,2711
26-JUL-2007,51,Virginia,VA,183,1,Detection Monitoring (on-frame),,1,2,100,1,2,Microplot boundary,2711
26-JUL-2007,51,Virginia,VA,183,1,Detection Monitoring (on-frame),,1,3,100,1,1,Subplot boundary,2711
26-JUL-2007,51,Virginia,VA,183,1,Detection Monitoring (on-frame),,1,3,100,1,2,Microplot boundary,2711
26-JUL-2007,51,Virginia,VA,183,1,Detection Monitoring (on-frame),,1,4,100,2,1,Subplot boundary,2711
26-JUL-2007,51,Virginia,VA,183,1,Detection Monitoring (on-frame),,1,4,100,2,2,Microplot boundary,2711
26-JUL-2007,51,Virginia,VA,185,1,Detection Monitoring (on-frame),,1,1,100,1,1,Subplot boundary,3311
26-JUL-2007,51,Virginia,VA,185,1,Detection Monitoring (on-frame),,1,1,100,1,2,Microplot boundary,3311
26-JUL-2007,51,Virginia,VA,185,1,Detection Monitoring (on-frame),,1,2,100,2,1,Subplot boundary,3311
26-JUL-2007,51,Virginia,VA,185,1,Detection Monitoring (on-frame),,1,2,100,2,2,Microplot boundary,3311
26-JUL-2007,51,Virginia,VA,185,1,Detection Monitoring (on-frame),,1,3,45.01,1,1,Subplot boundary,3311
26-JUL-2007,51,Virginia,VA,185,1,Detection Monitoring (on-frame),,1,3,54.98,2,1,Subplot boundary,3311
26-JUL-2007,51,Virginia,VA,185,1,Detection Monitoring (on-frame),,1,3,100,1,2,Microplot boundary,3311
26-JUL-2007,51,Virginia,VA,185,1,Detection Monitoring (on-frame),,1,4,100,1,1,Subplot boundary,3311
26-JUL-2007,51,Virginia,VA,185,1,Detection Monitoring (on-frame),,1,4,100,1,2,Microplot boundary,3311
26-JUL-2007,51,Virginia,VA,187,1,Detection Monitoring (on-frame),,1,1,100,1,1,Subplot boundary,4047
26-JUL-2007,51,Virginia,VA,187,1,Detection Monitoring (on-frame),,1,1,100,1,2,Microplot boundary,4047
26-JUL-2007,51,Virginia,VA,187,1,Detection Monitoring (on-frame),,1,2,100,2,1,Subplot boundary,4047
26-JUL-2007,51,Virginia,VA,187,1,Detection Monitoring (on-frame),,1,2,100,2,2,Microplot boundary,4047
26-JUL-2007,51,Virginia,VA,187,1,Detection Monitoring (on-frame),,1,3,100,1,1,Subplot boundary,4047
26-JUL-2007,51,Virginia,VA,187,1,Detection Monitoring (on-frame),,1,3,100,1,2,Microplot boundary,4047
26-JUL-2007,51,Virginia,VA,187,1,Detection Monitoring (on-frame),,1,4,100,3,1,Subplot boundary,4047
26-JUL-2007,51,Virginia,VA,187,1,Detection Monitoring (on-frame),,1,4,100,3,2,Microplot boundary,4047
26-JUL-2007,51,Virginia,VA,191,1,Detection Monitoring (on-frame),,1,1,100,1,1,Subplot boundary,2784
26-JUL-2007,51,Virginia,VA,191,1,Detection Monitoring (on-frame),,1,1,100,1,2,Microplot boundary,2784
26-JUL-2007,51,Virginia,VA,191,1,Detection Monitoring (on-frame),,1,2,100,1,1,Subplot boundary,2784
26-JUL-2007,51,Virginia,VA,191,1,Detection Monitoring (on-frame),,1,2,100,1,2,Microplot boundary,2784
26-JUL-2007,51,Virginia,VA,191,1,Detection Monitoring (on-frame),,1,3,100,1,1,Subplot boundary,2784
26-JUL-2007,51,Virginia,VA,191,1,Detection Monitoring (on-frame),,1,3,100,1,2,Microplot boundary,2784
26-JUL-2007,51,Virginia,VA,191,1,Detection Monitoring (on-frame),,1,4,100,1,1,Subplot boundary,2784
26-JUL-2007,51,Virginia,VA,191,1,Detection Monitoring (on-frame),,1,4,100,1,2,Microplot boundary,2784
26-JUL-2007,51,Virginia,VA,191,1,Detection Monitoring (on-frame),,1,1,100,1,1,Subplot boundary,2806
26-JUL-2007,51,Virginia,VA,191,1,Detection Monitoring (on-frame),,1,1,100,1,2,Microplot boundary,2806
26-JUL-2007,51,Virginia,VA,191,1,Detection Monitoring (on-frame),,1,2,100,1,1,Subplot boundary,2806
26-JUL-2007,51,Virginia,VA,191,1,Detection Monitoring (on-frame),,1,2,100,1,2,Microplot boundary,2806
26-JUL-2007,51,Virginia,VA,191,1,Detection Monitoring (on-frame),,1,3,100,1,1,Subplot boundary,2806
26-JUL-2007,51,Virginia,VA,191,1,Detection Monitoring (on-frame),,1,3,100,1,2,Microplot boundary,2806
26-JUL-2007,51,Virginia,VA,191,1,Detection Monitoring (on-frame),,1,4,100,1,1,Subplot boundary,2806
26-JUL-2007,51,Virginia,VA,191,1,Detection Monitoring (on-frame),,1,4,100,1,2,Microplot boundary,2806
26-JUL-2007,51,Virginia,VA,193,1,Detection Monitoring (on-frame),,1,1,100,1,1,Subplot boundary,3982
26-JUL-2007,51,Virginia,VA,193,1,Detection Monitoring (on-frame),,1,1,100,1,2,Microplot boundary,3982
26-JUL-2007,51,Virginia,VA,193,1,Detection Monitoring (on-frame),,1,2,100,1,1,Subplot boundary,3982
26-JUL-2007,51,Virginia,VA,193,1,Detection Monitoring (on-frame),,1,2,100,1,2,Microplot boundary,3982
26-JUL-2007,51,Virginia,VA,193,1,Detection Monitoring (on-frame),,1,3,100,1,1,Subplot boundary,3982
26-JUL-2007,51,Virginia,VA,193,1,Detection Monitoring (on-frame),,1,3,100,1,2,Microplot boundary,3982
26-JUL-2007,51,Virginia,VA,193,1,Detection Monitoring (on-frame),,1,4,100,1,1,Subplot boundary,3982
26-JUL-2007,51,Virginia,VA,193,1,Detection Monitoring (on-frame),,1,4,100,1,2,Microplot boundary,3982
26-JUL-2007,51,Virginia,VA,195,1,Detection Monitoring (on-frame),,1,1,100,1,1,Subplot boundary,2811
26-JUL-2007,51,Virginia,VA,195,1,Detection Monitoring (on-frame),,1,1,100,1,2,Microplot boundary,2811
26-JUL-2007,51,Virginia,VA,195,1,Detection Monitoring (on-frame),,1,2,100,1,1,Subplot boundary,2811
26-JUL-2007,51,Virginia,VA,195,1,Detection Monitoring (on-frame),,1,2,100,1,2,Microplot boundary,2811
26-JUL-2007,51,Virginia,VA,195,1,Detection Monitoring (on-frame),,1,3,100,1,1,Subplot boundary,2811
26-JUL-2007,51,Virginia,VA,195,1,Detection Monitoring (on-frame),,1,3,100,1,2,Microplot boundary,2811
26-JUL-2007,51,Virginia,VA,195,1,Detection Monitoring (on-frame),,1,4,100,1,1,Subplot boundary,2811
26-JUL-2007,51,Virginia,VA,195,1,Detection Monitoring (on-frame),,1,4,100,1,2,Microplot boundary,2811
26-JUL-2007,51,Virginia,VA,550,1,Detection Monitoring (on-frame),,1,1,100,1,1,Subplot boundary,2688
26-JUL-2007,51,Virginia,VA,550,1,Detection Monitoring (on-frame),,1,1,100,1,2,Microplot boundary,2688
26-JUL-2007,51,Virginia,VA,550,1,Detection Monitoring (on-frame),,1,2,100,1,1,Subplot boundary,2688
26-JUL-2007,51,Virginia,VA,550,1,Detection Monitoring (on-frame),,1,2,100,1,2,Microplot boundary,2688
26-JUL-2007,51,Virginia,VA,550,1,Detection Monitoring (on-frame),,1,3,100,1,1,Subplot boundary,2688
26-JUL-2007,51,Virginia,VA,550,1,Detection Monitoring (on-frame),,1,3,100,1,2,Microplot boundary,2688
26-JUL-2007,51,Virginia,VA,550,1,Detection Monitoring (on-frame),,1,4,100,1,1,Subplot boundary,2688
26-JUL-2007,51,Virginia,VA,550,1,Detection Monitoring (on-frame),,1,4,100,1,2,Microplot boundary,2688
26-JUL-2007,51,Virginia,VA,800,1,Detection Monitoring (on-frame),,1,1,100,1,1,Subplot boundary,2692
26-JUL-2007,51,Virginia,VA,800,1,Detection Monitoring (on-frame),,1,1,100,1,2,Microplot boundary,2692
26-JUL-2007,51,Virginia,VA,800,1,Detection Monitoring (on-frame),,1,2,100,1,1,Subplot boundary,2692
26-JUL-2007,51,Virginia,VA,800,1,Detection Monitoring (on-frame),,1,2,100,1,2,Microplot boundary,2692
26-JUL-2007,51,Virginia,VA,800,1,Detection Monitoring (on-frame),,1,3,48.88,2,1,Subplot boundary,2692
26-JUL-2007,51,Virginia,VA,800,1,Detection Monitoring (on-frame),,1,3,51.11,1,1,Subplot boundary,2692
26-JUL-2007,51,Virginia,VA,800,1,Detection Monitoring (on-frame),,1,3,100,2,2,Microplot boundary,2692
26-JUL-2007,51,Virginia,VA,800,1,Detection Monitoring (on-frame),,1,4,100,1,1,Subplot boundary,2692
26-JUL-2007,51,Virginia,VA,800,1,Detection Monitoring (on-frame),,1,4,100,1,2,Microplot boundary,2692
,51,Virginia,VA,27,1,Detection Monitoring (on-frame),,1,1,100,1,1,Subplot boundary,3332
,51,Virginia,VA,27,1,Detection Monitoring (on-frame),,1,1,100,1,2,Microplot boundary,3332
,51,Virginia,VA,27,1,Detection Monitoring (on-frame),,1,2,100,1,1,Subplot boundary,3332
,51,Virginia,VA,27,1,Detection Monitoring (on-frame),,1,2,100,1,2,Microplot boundary,3332
,51,Virginia,VA,27,1,Detection Monitoring (on-frame),,1,3,100,1,1,Subplot boundary,3332
,51,Virginia,VA,27,1,Detection Monitoring (on-frame),,1,3,100,1,2,Microplot boundary,3332
,51,Virginia,VA,27,1,Detection Monitoring (on-frame),,1,4,100,1,1,Subplot boundary,3332
,51,Virginia,VA,27,1,Detection Monitoring (on-frame),,1,4,100,1,2,Microplot boundary,3332
