LAST_UPDATE,STATE,STATE_DESCR,STATE_ABBREV,COUNTY,PROJECT,PROJECT_DESCR,HEXAGON_NBR,PLOT_NBR,POINT_NBR,AREA_PERCENT,CONDITION_CLASS_NBR,PLOT_TYPE,PLOT_TYPE_DESCR,P3ID
26-JUL-2007,51,Virginia,VA,5,1,Detection Monitoring (on-frame),,1,1,100,1,1,Subplot boundary,3303
26-JUL-2007,51,Virginia,VA,5,1,Detection Monitoring (on-frame),,1,1,100,1,2,Microplot boundary,3303
26-JUL-2007,51,Virginia,VA,5,1,Detection Monitoring (on-frame),,1,2,100,1,1,Subplot boundary,3303
26-JUL-2007,51,Virginia,VA,5,1,Detection Monitoring (on-frame),,1,2,100,1,2,Microplot boundary,3303
26-JUL-2007,51,Virginia,VA,5,1,Detection Monitoring (on-frame),,1,3,100,1,1,Subplot boundary,3303
26-JUL-2007,51,Virginia,VA,5,1,Detection Monitoring (on-frame),,1,3,100,1,2,Microplot boundary,3303
26-JUL-2007,51,Virginia,VA,5,1,Detection Monitoring (on-frame),,1,4,100,1,1,Subplot boundary,3303
26-JUL-2007,51,Virginia,VA,5,1,Detection Monitoring (on-frame),,1,4,100,1,2,Microplot boundary,3303
26-JUL-2007,51,Virginia,VA,15,1,Detection Monitoring (on-frame),,1,1,100,1,1,Subplot boundary,4055
26-JUL-2007,51,Virginia,VA,15,1,Detection Monitoring (on-frame),,1,1,100,1,2,Microplot boundary,4055
26-JUL-2007,51,Virginia,VA,15,1,Detection Monitoring (on-frame),,1,2,100,1,1,Subplot boundary,4055
26-JUL-2007,51,Virginia,VA,15,1,Detection Monitoring (on-frame),,1,2,100,1,2,Microplot boundary,4055
26-JUL-2007,51,Virginia,VA,15,1,Detection Monitoring (on-frame),,1,3,100,1,1,Subplot boundary,4055
26-JUL-2007,51,Virginia,VA,15,1,Detection Monitoring (on-frame),,1,3,100,1,2,Microplot boundary,4055
26-JUL-2007,51,Virginia,VA,15,1,Detection Monitoring (on-frame),,1,4,100,1,1,Subplot boundary,4055
26-JUL-2007,51,Virginia,VA,15,1,Detection Monitoring (on-frame),,1,4,100,1,2,Microplot boundary,4055
26-JUL-2007,51,Virginia,VA,19,1,Detection Monitoring (on-frame),,1,1,100,1,1,Subplot boundary,3279
26-JUL-2007,51,Virginia,VA,19,1,Detection Monitoring (on-frame),,1,1,100,1,2,Microplot boundary,3279
26-JUL-2007,51,Virginia,VA,19,1,Detection Monitoring (on-frame),,1,2,100,1,1,Subplot boundary,3279
26-JUL-2007,51,Virginia,VA,19,1,Detection Monitoring (on-frame),,1,2,100,1,2,Microplot boundary,3279
26-JUL-2007,51,Virginia,VA,19,1,Detection Monitoring (on-frame),,1,3,100,1,1,Subplot boundary,3279
26-JUL-2007,51,Virginia,VA,19,1,Detection Monitoring (on-frame),,1,3,100,1,2,Microplot boundary,3279
26-JUL-2007,51,Virginia,VA,19,1,Detection Monitoring (on-frame),,1,4,100,1,1,Subplot boundary,3279
26-JUL-2007,51,Virginia,VA,19,1,Detection Monitoring (on-frame),,1,4,100,1,2,Microplot boundary,3279
26-JUL-2007,51,Virginia,VA,21,1,Detection Monitoring (on-frame),,1,1,100,1,1,Subplot boundary,3313
26-JUL-2007,51,Virginia,VA,21,1,Detection Monitoring (on-frame),,1,1,100,1,2,Microplot boundary,3313
26-JUL-2007,51,Virginia,VA,21,1,Detection Monitoring (on-frame),,1,2,100,1,1,Subplot boundary,3313
26-JUL-2007,51,Virginia,VA,21,1,Detection Monitoring (on-frame),,1,2,100,1,2,Microplot boundary,3313
26-JUL-2007,51,Virginia,VA,21,1,Detection Monitoring (on-frame),,1,3,100,1,1,Subplot boundary,3313
26-JUL-2007,51,Virginia,VA,21,1,Detection Monitoring (on-frame),,1,3,100,1,2,Microplot boundary,3313
26-JUL-2007,51,Virginia,VA,21,1,Detection Monitoring (on-frame),,1,4,100,1,1,Subplot boundary,3313
26-JUL-2007,51,Virginia,VA,21,1,Detection Monitoring (on-frame),,1,4,100,1,2,Microplot boundary,3313
26-JUL-2007,51,Virginia,VA,27,1,Detection Monitoring (on-frame),,1,1,100,1,1,Subplot boundary,3317
26-JUL-2007,51,Virginia,VA,27,1,Detection Monitoring (on-frame),,1,1,100,1,2,Microplot boundary,3317
26-JUL-2007,51,Virginia,VA,27,1,Detection Monitoring (on-frame),,1,2,100,1,1,Subplot boundary,3317
26-JUL-2007,51,Virginia,VA,27,1,Detection Monitoring (on-frame),,1,2,100,1,2,Microplot boundary,3317
26-JUL-2007,51,Virginia,VA,27,1,Detection Monitoring (on-frame),,1,3,100,1,1,Subplot boundary,3317
26-JUL-2007,51,Virginia,VA,27,1,Detection Monitoring (on-frame),,1,3,100,1,2,Microplot boundary,3317
26-JUL-2007,51,Virginia,VA,27,1,Detection Monitoring (on-frame),,1,4,100,1,1,Subplot boundary,3317
26-JUL-2007,51,Virginia,VA,27,1,Detection Monitoring (on-frame),,1,4,100,1,2,Microplot boundary,3317
26-JUL-2007,51,Virginia,VA,27,1,Detection Monitoring (on-frame),,1,1,100,1,1,Subplot boundary,3337
26-JUL-2007,51,Virginia,VA,27,1,Detection Monitoring (on-frame),,1,1,100,1,2,Microplot boundary,3337
26-JUL-2007,51,Virginia,VA,27,1,Detection Monitoring (on-frame),,1,2,100,1,1,Subplot boundary,3337
26-JUL-2007,51,Virginia,VA,27,1,Detection Monitoring (on-frame),,1,2,100,1,2,Microplot boundary,3337
26-JUL-2007,51,Virginia,VA,27,1,Detection Monitoring (on-frame),,1,3,100,1,1,Subplot boundary,3337
26-JUL-2007,51,Virginia,VA,27,1,Detection Monitoring (on-frame),,1,3,100,1,2,Microplot boundary,3337
26-JUL-2007,51,Virginia,VA,27,1,Detection Monitoring (on-frame),,1,4,100,1,1,Subplot boundary,3337
26-JUL-2007,51,Virginia,VA,27,1,Detection Monitoring (on-frame),,1,4,100,1,2,Microplot boundary,3337
26-JUL-2007,51,Virginia,VA,29,1,Detection Monitoring (on-frame),,1,1,100,1,1,Subplot boundary,3260
26-JUL-2007,51,Virginia,VA,29,1,Detection Monitoring (on-frame),,1,1,100,1,2,Microplot boundary,3260
26-JUL-2007,51,Virginia,VA,29,1,Detection Monitoring (on-frame),,1,2,18.7433,2,1,Subplot boundary,3260
26-JUL-2007,51,Virginia,VA,29,1,Detection Monitoring (on-frame),,1,2,81.2567,1,1,Subplot boundary,3260
26-JUL-2007,51,Virginia,VA,29,1,Detection Monitoring (on-frame),,1,2,100,1,2,Microplot boundary,3260
26-JUL-2007,51,Virginia,VA,29,1,Detection Monitoring (on-frame),,1,3,100,4,1,Subplot boundary,3260
26-JUL-2007,51,Virginia,VA,29,1,Detection Monitoring (on-frame),,1,3,100,4,2,Microplot boundary,3260
26-JUL-2007,51,Virginia,VA,29,1,Detection Monitoring (on-frame),,1,4,100,3,1,Subplot boundary,3260
26-JUL-2007,51,Virginia,VA,29,1,Detection Monitoring (on-frame),,1,4,100,3,2,Microplot boundary,3260
26-JUL-2007,51,Virginia,VA,31,1,Detection Monitoring (on-frame),,1,1,100,1,1,Subplot boundary,3274
26-JUL-2007,51,Virginia,VA,31,1,Detection Monitoring (on-frame),,1,1,100,1,2,Microplot boundary,3274
26-JUL-2007,51,Virginia,VA,31,1,Detection Monitoring (on-frame),,1,2,1.5619,1,1,Subplot boundary,3274
26-JUL-2007,51,Virginia,VA,31,1,Detection Monitoring (on-frame),,1,2,98.4381,2,1,Subplot boundary,3274
26-JUL-2007,51,Virginia,VA,31,1,Detection Monitoring (on-frame),,1,2,100,2,2,Microplot boundary,3274
26-JUL-2007,51,Virginia,VA,31,1,Detection Monitoring (on-frame),,1,3,100,1,1,Subplot boundary,3274
26-JUL-2007,51,Virginia,VA,31,1,Detection Monitoring (on-frame),,1,3,100,1,2,Microplot boundary,3274
26-JUL-2007,51,Virginia,VA,31,1,Detection Monitoring (on-frame),,1,4,100,1,1,Subplot boundary,3274
26-JUL-2007,51,Virginia,VA,31,1,Detection Monitoring (on-frame),,1,4,100,1,2,Microplot boundary,3274
26-JUL-2007,51,Virginia,VA,31,1,Detection Monitoring (on-frame),,1,1,100,1,1,Subplot boundary,3276
26-JUL-2007,51,Virginia,VA,31,1,Detection Monitoring (on-frame),,1,1,100,1,2,Microplot boundary,3276
26-JUL-2007,51,Virginia,VA,31,1,Detection Monitoring (on-frame),,1,2,100,1,1,Subplot boundary,3276
26-JUL-2007,51,Virginia,VA,31,1,Detection Monitoring (on-frame),,1,2,100,1,2,Microplot boundary,3276
26-JUL-2007,51,Virginia,VA,31,1,Detection Monitoring (on-frame),,1,3,100,1,1,Subplot boundary,3276
26-JUL-2007,51,Virginia,VA,31,1,Detection Monitoring (on-frame),,1,3,100,1,2,Microplot boundary,3276
26-JUL-2007,51,Virginia,VA,31,1,Detection Monitoring (on-frame),,1,4,100,2,1,Subplot boundary,3276
26-JUL-2007,51,Virginia,VA,31,1,Detection Monitoring (on-frame),,1,4,100,2,2,Microplot boundary,3276
26-JUL-2007,51,Virginia,VA,33,1,Detection Monitoring (on-frame),,1,1,100,1,1,Subplot boundary,4012
26-JUL-2007,51,Virginia,VA,33,1,Detection Monitoring (on-frame),,1,1,100,1,2,Microplot boundary,4012
26-JUL-2007,51,Virginia,VA,33,1,Detection Monitoring (on-frame),,1,2,100,1,1,Subplot boundary,4012
26-JUL-2007,51,Virginia,VA,33,1,Detection Monitoring (on-frame),,1,2,100,1,2,Microplot boundary,4012
26-JUL-2007,51,Virginia,VA,33,1,Detection Monitoring (on-frame),,1,3,17.1454,1,1,Subplot boundary,4012
26-JUL-2007,51,Virginia,VA,33,1,Detection Monitoring (on-frame),,1,3,82.8546,3,1,Subplot boundary,4012
26-JUL-2007,51,Virginia,VA,33,1,Detection Monitoring (on-frame),,1,3,100,3,2,Microplot boundary,4012
26-JUL-2007,51,Virginia,VA,33,1,Detection Monitoring (on-frame),,1,4,100,2,1,Subplot boundary,4012
26-JUL-2007,51,Virginia,VA,33,1,Detection Monitoring (on-frame),,1,4,100,2,2,Microplot boundary,4012
26-JUL-2007,51,Virginia,VA,33,1,Detection Monitoring (on-frame),,1,1,100,1,1,Subplot boundary,4013
26-JUL-2007,51,Virginia,VA,33,1,Detection Monitoring (on-frame),,1,1,100,1,2,Microplot boundary,4013
26-JUL-2007,51,Virginia,VA,33,1,Detection Monitoring (on-frame),,1,2,100,1,1,Subplot boundary,4013
26-JUL-2007,51,Virginia,VA,33,1,Detection Monitoring (on-frame),,1,2,100,1,2,Microplot boundary,4013
26-JUL-2007,51,Virginia,VA,33,1,Detection Monitoring (on-frame),,1,3,100,1,1,Subplot boundary,4013
26-JUL-2007,51,Virginia,VA,33,1,Detection Monitoring (on-frame),,1,3,100,1,2,Microplot boundary,4013
26-JUL-2007,51,Virginia,VA,33,1,Detection Monitoring (on-frame),,1,4,100,1,1,Subplot boundary,4013
26-JUL-2007,51,Virginia,VA,33,1,Detection Monitoring (on-frame),,1,4,100,1,2,Microplot boundary,4013
26-JUL-2007,51,Virginia,VA,36,1,Detection Monitoring (on-frame),,1,1,100,1,1,Subplot boundary,3237
26-JUL-2007,51,Virginia,VA,36,1,Detection Monitoring (on-frame),,1,1,100,1,2,Microplot boundary,3237
26-JUL-2007,51,Virginia,VA,36,1,Detection Monitoring (on-frame),,1,2,100,2,1,Subplot boundary,3237
26-JUL-2007,51,Virginia,VA,36,1,Detection Monitoring (on-frame),,1,2,100,2,2,Microplot boundary,3237
26-JUL-2007,51,Virginia,VA,36,1,Detection Monitoring (on-frame),,1,3,100,1,1,Subplot boundary,3237
26-JUL-2007,51,Virginia,VA,36,1,Detection Monitoring (on-frame),,1,3,100,1,2,Microplot boundary,3237
26-JUL-2007,51,Virginia,VA,36,1,Detection Monitoring (on-frame),,1,4,17.9363,1,2,Microplot boundary,3237
26-JUL-2007,51,Virginia,VA,36,1,Detection Monitoring (on-frame),,1,4,31.1868,1,1,Subplot boundary,3237
26-JUL-2007,51,Virginia,VA,36,1,Detection Monitoring (on-frame),,1,4,68.8132,3,1,Subplot boundary,3237
26-JUL-2007,51,Virginia,VA,36,1,Detection Monitoring (on-frame),,1,4,82.0637,3,2,Microplot boundary,3237
26-JUL-2007,51,Virginia,VA,45,1,Detection Monitoring (on-frame),,1,1,100,1,1,Subplot boundary,3297
26-JUL-2007,51,Virginia,VA,45,1,Detection Monitoring (on-frame),,1,1,100,1,2,Microplot boundary,3297
26-JUL-2007,51,Virginia,VA,45,1,Detection Monitoring (on-frame),,1,2,100,1,1,Subplot boundary,3297
26-JUL-2007,51,Virginia,VA,45,1,Detection Monitoring (on-frame),,1,2,100,1,2,Microplot boundary,3297
26-JUL-2007,51,Virginia,VA,45,1,Detection Monitoring (on-frame),,1,3,100,1,1,Subplot boundary,3297
26-JUL-2007,51,Virginia,VA,45,1,Detection Monitoring (on-frame),,1,3,100,1,2,Microplot boundary,3297
26-JUL-2007,51,Virginia,VA,45,1,Detection Monitoring (on-frame),,1,4,100,1,1,Subplot boundary,3297
26-JUL-2007,51,Virginia,VA,45,1,Detection Monitoring (on-frame),,1,4,100,1,2,Microplot boundary,3297
26-JUL-2007,51,Virginia,VA,49,1,Detection Monitoring (on-frame),,1,1,100,2,1,Subplot boundary,3263
26-JUL-2007,51,Virginia,VA,49,1,Detection Monitoring (on-frame),,1,1,100,2,2,Microplot boundary,3263
26-JUL-2007,51,Virginia,VA,49,1,Detection Monitoring (on-frame),,1,2,100,1,1,Subplot boundary,3263
26-JUL-2007,51,Virginia,VA,49,1,Detection Monitoring (on-frame),,1,2,100,1,2,Microplot boundary,3263
26-JUL-2007,51,Virginia,VA,49,1,Detection Monitoring (on-frame),,1,3,100,2,1,Subplot boundary,3263
26-JUL-2007,51,Virginia,VA,49,1,Detection Monitoring (on-frame),,1,3,100,2,2,Microplot boundary,3263
26-JUL-2007,51,Virginia,VA,49,1,Detection Monitoring (on-frame),,1,4,100,1,1,Subplot boundary,3263
26-JUL-2007,51,Virginia,VA,49,1,Detection Monitoring (on-frame),,1,4,100,1,2,Microplot boundary,3263
26-JUL-2007,51,Virginia,VA,51,1,Detection Monitoring (on-frame),,1,1,100,1,1,Subplot boundary,2809
26-JUL-2007,51,Virginia,VA,51,1,Detection Monitoring (on-frame),,1,1,100,1,2,Microplot boundary,2809
26-JUL-2007,51,Virginia,VA,51,1,Detection Monitoring (on-frame),,1,2,100,2,1,Subplot boundary,2809
26-JUL-2007,51,Virginia,VA,51,1,Detection Monitoring (on-frame),,1,2,100,2,2,Microplot boundary,2809
26-JUL-2007,51,Virginia,VA,51,1,Detection Monitoring (on-frame),,1,3,100,1,1,Subplot boundary,2809
26-JUL-2007,51,Virginia,VA,51,1,Detection Monitoring (on-frame),,1,3,100,1,2,Microplot boundary,2809
26-JUL-2007,51,Virginia,VA,51,1,Detection Monitoring (on-frame),,1,4,100,3,1,Subplot boundary,2809
26-JUL-2007,51,Virginia,VA,51,1,Detection Monitoring (on-frame),,1,4,100,3,2,Microplot boundary,2809
26-JUL-2007,51,Virginia,VA,53,1,Detection Monitoring (on-frame),,1,1,100,1,1,Subplot boundary,3232
26-JUL-2007,51,Virginia,VA,53,1,Detection Monitoring (on-frame),,1,1,100,1,2,Microplot boundary,3232
26-JUL-2007,51,Virginia,VA,53,1,Detection Monitoring (on-frame),,1,2,100,1,1,Subplot boundary,3232
26-JUL-2007,51,Virginia,VA,53,1,Detection Monitoring (on-frame),,1,2,100,1,2,Microplot boundary,3232
26-JUL-2007,51,Virginia,VA,53,1,Detection Monitoring (on-frame),,1,3,100,1,1,Subplot boundary,3232
26-JUL-2007,51,Virginia,VA,53,1,Detection Monitoring (on-frame),,1,3,100,1,2,Microplot boundary,3232
26-JUL-2007,51,Virginia,VA,53,1,Detection Monitoring (on-frame),,1,4,100,1,1,Subplot boundary,3232
26-JUL-2007,51,Virginia,VA,53,1,Detection Monitoring (on-frame),,1,4,100,1,2,Microplot boundary,3232
26-JUL-2007,51,Virginia,VA,65,1,Detection Monitoring (on-frame),,1,1,100,1,1,Subplot boundary,3270
26-JUL-2007,51,Virginia,VA,65,1,Detection Monitoring (on-frame),,1,1,100,1,2,Microplot boundary,3270
26-JUL-2007,51,Virginia,VA,65,1,Detection Monitoring (on-frame),,1,2,100,1,1,Subplot boundary,3270
26-JUL-2007,51,Virginia,VA,65,1,Detection Monitoring (on-frame),,1,2,100,1,2,Microplot boundary,3270
26-JUL-2007,51,Virginia,VA,65,1,Detection Monitoring (on-frame),,1,3,100,1,1,Subplot boundary,3270
26-JUL-2007,51,Virginia,VA,65,1,Detection Monitoring (on-frame),,1,3,100,1,2,Microplot boundary,3270
26-JUL-2007,51,Virginia,VA,65,1,Detection Monitoring (on-frame),,1,4,36.8833,2,1,Subplot boundary,3270
26-JUL-2007,51,Virginia,VA,65,1,Detection Monitoring (on-frame),,1,4,63.1167,1,1,Subplot boundary,3270
26-JUL-2007,51,Virginia,VA,65,1,Detection Monitoring (on-frame),,1,4,100,1,2,Microplot boundary,3270
26-JUL-2007,51,Virginia,VA,69,1,Detection Monitoring (on-frame),,1,1,100,1,1,Subplot boundary,4806
26-JUL-2007,51,Virginia,VA,69,1,Detection Monitoring (on-frame),,1,1,100,1,2,Microplot boundary,4806
26-JUL-2007,51,Virginia,VA,69,1,Detection Monitoring (on-frame),,1,2,100,1,1,Subplot boundary,4806
26-JUL-2007,51,Virginia,VA,69,1,Detection Monitoring (on-frame),,1,2,100,1,2,Microplot boundary,4806
26-JUL-2007,51,Virginia,VA,69,1,Detection Monitoring (on-frame),,1,3,100,1,1,Subplot boundary,4806
26-JUL-2007,51,Virginia,VA,69,1,Detection Monitoring (on-frame),,1,3,100,1,2,Microplot boundary,4806
26-JUL-2007,51,Virginia,VA,69,1,Detection Monitoring (on-frame),,1,4,100,1,1,Subplot boundary,4806
26-JUL-2007,51,Virginia,VA,69,1,Detection Monitoring (on-frame),,1,4,100,1,2,Microplot boundary,4806
26-JUL-2007,51,Virginia,VA,77,1,Detection Monitoring (on-frame),,1,1,100,1,1,Subplot boundary,2786
26-JUL-2007,51,Virginia,VA,77,1,Detection Monitoring (on-frame),,1,1,100,1,2,Microplot boundary,2786
26-JUL-2007,51,Virginia,VA,77,1,Detection Monitoring (on-frame),,1,2,100,1,1,Subplot boundary,2786
26-JUL-2007,51,Virginia,VA,77,1,Detection Monitoring (on-frame),,1,2,100,1,2,Microplot boundary,2786
26-JUL-2007,51,Virginia,VA,77,1,Detection Monitoring (on-frame),,1,3,100,1,1,Subplot boundary,2786
26-JUL-2007,51,Virginia,VA,77,1,Detection Monitoring (on-frame),,1,3,100,1,2,Microplot boundary,2786
26-JUL-2007,51,Virginia,VA,77,1,Detection Monitoring (on-frame),,1,4,100,1,1,Subplot boundary,2786
26-JUL-2007,51,Virginia,VA,77,1,Detection Monitoring (on-frame),,1,4,100,1,2,Microplot boundary,2786
26-JUL-2007,51,Virginia,VA,83,1,Detection Monitoring (on-frame),,1,1,100,1,1,Subplot boundary,2731
26-JUL-2007,51,Virginia,VA,83,1,Detection Monitoring (on-frame),,1,1,100,1,2,Microplot boundary,2731
26-JUL-2007,51,Virginia,VA,83,1,Detection Monitoring (on-frame),,1,2,100,1,1,Subplot boundary,2731
26-JUL-2007,51,Virginia,VA,83,1,Detection Monitoring (on-frame),,1,2,100,1,2,Microplot boundary,2731
26-JUL-2007,51,Virginia,VA,83,1,Detection Monitoring (on-frame),,1,3,100,2,1,Subplot boundary,2731
26-JUL-2007,51,Virginia,VA,83,1,Detection Monitoring (on-frame),,1,3,100,2,2,Microplot boundary,2731
26-JUL-2007,51,Virginia,VA,83,1,Detection Monitoring (on-frame),,1,4,100,1,1,Subplot boundary,2731
26-JUL-2007,51,Virginia,VA,83,1,Detection Monitoring (on-frame),,1,4,100,1,2,Microplot boundary,2731
26-JUL-2007,51,Virginia,VA,97,1,Detection Monitoring (on-frame),,1,1,100,1,1,Subplot boundary,3227
26-JUL-2007,51,Virginia,VA,97,1,Detection Monitoring (on-frame),,1,1,100,1,2,Microplot boundary,3227
26-JUL-2007,51,Virginia,VA,97,1,Detection Monitoring (on-frame),,1,2,100,1,1,Subplot boundary,3227
26-JUL-2007,51,Virginia,VA,97,1,Detection Monitoring (on-frame),,1,2,100,1,2,Microplot boundary,3227
26-JUL-2007,51,Virginia,VA,97,1,Detection Monitoring (on-frame),,1,3,100,1,1,Subplot boundary,3227
26-JUL-2007,51,Virginia,VA,97,1,Detection Monitoring (on-frame),,1,3,100,1,2,Microplot boundary,3227
26-JUL-2007,51,Virginia,VA,97,1,Detection Monitoring (on-frame),,1,4,100,1,1,Subplot boundary,3227
26-JUL-2007,51,Virginia,VA,97,1,Detection Monitoring (on-frame),,1,4,100,1,2,Microplot boundary,3227
26-JUL-2007,51,Virginia,VA,109,1,Detection Monitoring (on-frame),,1,1,100,1,1,Subplot boundary,3251
26-JUL-2007,51,Virginia,VA,109,1,Detection Monitoring (on-frame),,1,1,100,1,2,Microplot boundary,3251
26-JUL-2007,51,Virginia,VA,109,1,Detection Monitoring (on-frame),,1,2,100,1,1,Subplot boundary,3251
26-JUL-2007,51,Virginia,VA,109,1,Detection Monitoring (on-frame),,1,2,100,1,2,Microplot boundary,3251
26-JUL-2007,51,Virginia,VA,109,1,Detection Monitoring (on-frame),,1,3,100,1,1,Subplot boundary,3251
26-JUL-2007,51,Virginia,VA,109,1,Detection Monitoring (on-frame),,1,3,100,1,2,Microplot boundary,3251
26-JUL-2007,51,Virginia,VA,109,1,Detection Monitoring (on-frame),,1,4,100,2,1,Subplot boundary,3251
26-JUL-2007,51,Virginia,VA,109,1,Detection Monitoring (on-frame),,1,4,100,2,2,Microplot boundary,3251
26-JUL-2007,51,Virginia,VA,111,1,Detection Monitoring (on-frame),,1,1,100,1,1,Subplot boundary,3252
26-JUL-2007,51,Virginia,VA,111,1,Detection Monitoring (on-frame),,1,1,100,1,2,Microplot boundary,3252
26-JUL-2007,51,Virginia,VA,111,1,Detection Monitoring (on-frame),,1,2,100,1,1,Subplot boundary,3252
26-JUL-2007,51,Virginia,VA,111,1,Detection Monitoring (on-frame),,1,2,100,1,2,Microplot boundary,3252
26-JUL-2007,51,Virginia,VA,111,1,Detection Monitoring (on-frame),,1,3,100,1,1,Subplot boundary,3252
26-JUL-2007,51,Virginia,VA,111,1,Detection Monitoring (on-frame),,1,3,100,1,2,Microplot boundary,3252
26-JUL-2007,51,Virginia,VA,111,1,Detection Monitoring (on-frame),,1,4,100,1,1,Subplot boundary,3252
26-JUL-2007,51,Virginia,VA,111,1,Detection Monitoring (on-frame),,1,4,100,1,2,Microplot boundary,3252
26-JUL-2007,51,Virginia,VA,113,1,Detection Monitoring (on-frame),,1,1,100,1,1,Subplot boundary,4041
26-JUL-2007,51,Virginia,VA,113,1,Detection Monitoring (on-frame),,1,1,100,1,2,Microplot boundary,4041
26-JUL-2007,51,Virginia,VA,113,1,Detection Monitoring (on-frame),,1,2,100,1,1,Subplot boundary,4041
26-JUL-2007,51,Virginia,VA,113,1,Detection Monitoring (on-frame),,1,2,100,1,2,Microplot boundary,4041
26-JUL-2007,51,Virginia,VA,113,1,Detection Monitoring (on-frame),,1,3,100,1,1,Subplot boundary,4041
26-JUL-2007,51,Virginia,VA,113,1,Detection Monitoring (on-frame),,1,3,100,1,2,Microplot boundary,4041
26-JUL-2007,51,Virginia,VA,113,1,Detection Monitoring (on-frame),,1,4,100,1,1,Subplot boundary,4041
26-JUL-2007,51,Virginia,VA,113,1,Detection Monitoring (on-frame),,1,4,100,1,2,Microplot boundary,4041
26-JUL-2007,51,Virginia,VA,117,1,Detection Monitoring (on-frame),,1,1,46.1151,2,1,Subplot boundary,2722
26-JUL-2007,51,Virginia,VA,117,1,Detection Monitoring (on-frame),,1,1,53.8849,1,1,Subplot boundary,2722
26-JUL-2007,51,Virginia,VA,117,1,Detection Monitoring (on-frame),,1,1,100,1,2,Microplot boundary,2722
26-JUL-2007,51,Virginia,VA,117,1,Detection Monitoring (on-frame),,1,2,100,3,1,Subplot boundary,2722
26-JUL-2007,51,Virginia,VA,117,1,Detection Monitoring (on-frame),,1,2,100,3,2,Microplot boundary,2722
26-JUL-2007,51,Virginia,VA,117,1,Detection Monitoring (on-frame),,1,3,100,1,1,Subplot boundary,2722
26-JUL-2007,51,Virginia,VA,117,1,Detection Monitoring (on-frame),,1,3,100,1,2,Microplot boundary,2722
26-JUL-2007,51,Virginia,VA,117,1,Detection Monitoring (on-frame),,1,4,100,2,1,Subplot boundary,2722
26-JUL-2007,51,Virginia,VA,117,1,Detection Monitoring (on-frame),,1,4,100,2,2,Microplot boundary,2722
26-JUL-2007,51,Virginia,VA,125,1,Detection Monitoring (on-frame),,1,1,100,1,1,Subplot boundary,3268
26-JUL-2007,51,Virginia,VA,125,1,Detection Monitoring (on-frame),,1,1,100,1,2,Microplot boundary,3268
26-JUL-2007,51,Virginia,VA,125,1,Detection Monitoring (on-frame),,1,2,100,1,1,Subplot boundary,3268
26-JUL-2007,51,Virginia,VA,125,1,Detection Monitoring (on-frame),,1,2,100,1,2,Microplot boundary,3268
26-JUL-2007,51,Virginia,VA,125,1,Detection Monitoring (on-frame),,1,3,100,1,1,Subplot boundary,3268
26-JUL-2007,51,Virginia,VA,125,1,Detection Monitoring (on-frame),,1,3,100,1,2,Microplot boundary,3268
26-JUL-2007,51,Virginia,VA,125,1,Detection Monitoring (on-frame),,1,4,100,1,1,Subplot boundary,3268
26-JUL-2007,51,Virginia,VA,125,1,Detection Monitoring (on-frame),,1,4,100,1,2,Microplot boundary,3268
26-JUL-2007,51,Virginia,VA,133,1,Detection Monitoring (on-frame),,1,1,100,1,1,Subplot boundary,3228
26-JUL-2007,51,Virginia,VA,133,1,Detection Monitoring (on-frame),,1,1,100,1,2,Microplot boundary,3228
26-JUL-2007,51,Virginia,VA,133,1,Detection Monitoring (on-frame),,1,2,100,1,1,Subplot boundary,3228
26-JUL-2007,51,Virginia,VA,133,1,Detection Monitoring (on-frame),,1,2,100,1,2,Microplot boundary,3228
26-JUL-2007,51,Virginia,VA,133,1,Detection Monitoring (on-frame),,1,3,100,2,1,Subplot boundary,3228
26-JUL-2007,51,Virginia,VA,133,1,Detection Monitoring (on-frame),,1,3,100,2,2,Microplot boundary,3228
26-JUL-2007,51,Virginia,VA,133,1,Detection Monitoring (on-frame),,1,4,100,3,1,Subplot boundary,3228
26-JUL-2007,51,Virginia,VA,133,1,Detection Monitoring (on-frame),,1,4,100,3,2,Microplot boundary,3228
26-JUL-2007,51,Virginia,VA,139,1,Detection Monitoring (on-frame),,1,1,100,1,1,Subplot boundary,4043
26-JUL-2007,51,Virginia,VA,139,1,Detection Monitoring (on-frame),,1,1,100,1,2,Microplot boundary,4043
26-JUL-2007,51,Virginia,VA,139,1,Detection Monitoring (on-frame),,1,2,100,1,1,Subplot boundary,4043
26-JUL-2007,51,Virginia,VA,139,1,Detection Monitoring (on-frame),,1,2,100,1,2,Microplot boundary,4043
26-JUL-2007,51,Virginia,VA,139,1,Detection Monitoring (on-frame),,1,3,100,1,1,Subplot boundary,4043
26-JUL-2007,51,Virginia,VA,139,1,Detection Monitoring (on-frame),,1,3,100,1,2,Microplot boundary,4043
26-JUL-2007,51,Virginia,VA,139,1,Detection Monitoring (on-frame),,1,4,100,1,1,Subplot boundary,4043
26-JUL-2007,51,Virginia,VA,139,1,Detection Monitoring (on-frame),,1,4,100,1,2,Microplot boundary,4043
26-JUL-2007,51,Virginia,VA,143,1,Detection Monitoring (on-frame),,1,1,100,1,1,Subplot boundary,2750
26-JUL-2007,51,Virginia,VA,143,1,Detection Monitoring (on-frame),,1,1,100,1,2,Microplot boundary,2750
26-JUL-2007,51,Virginia,VA,143,1,Detection Monitoring (on-frame),,1,2,100,1,1,Subplot boundary,2750
26-JUL-2007,51,Virginia,VA,143,1,Detection Monitoring (on-frame),,1,2,100,1,2,Microplot boundary,2750
26-JUL-2007,51,Virginia,VA,143,1,Detection Monitoring (on-frame),,1,3,100,1,1,Subplot boundary,2750
26-JUL-2007,51,Virginia,VA,143,1,Detection Monitoring (on-frame),,1,3,100,1,2,Microplot boundary,2750
26-JUL-2007,51,Virginia,VA,143,1,Detection Monitoring (on-frame),,1,4,100,1,1,Subplot boundary,2750
26-JUL-2007,51,Virginia,VA,143,1,Detection Monitoring (on-frame),,1,4,100,1,2,Microplot boundary,2750
26-JUL-2007,51,Virginia,VA,145,1,Detection Monitoring (on-frame),,1,1,100,1,1,Subplot boundary,3241
26-JUL-2007,51,Virginia,VA,145,1,Detection Monitoring (on-frame),,1,1,100,1,2,Microplot boundary,3241
26-JUL-2007,51,Virginia,VA,145,1,Detection Monitoring (on-frame),,1,2,100,1,1,Subplot boundary,3241
26-JUL-2007,51,Virginia,VA,145,1,Detection Monitoring (on-frame),,1,2,100,1,2,Microplot boundary,3241
26-JUL-2007,51,Virginia,VA,145,1,Detection Monitoring (on-frame),,1,3,100,1,1,Subplot boundary,3241
26-JUL-2007,51,Virginia,VA,145,1,Detection Monitoring (on-frame),,1,3,100,1,2,Microplot boundary,3241
26-JUL-2007,51,Virginia,VA,145,1,Detection Monitoring (on-frame),,1,4,100,1,1,Subplot boundary,3241
26-JUL-2007,51,Virginia,VA,145,1,Detection Monitoring (on-frame),,1,4,100,1,2,Microplot boundary,3241
26-JUL-2007,51,Virginia,VA,163,1,Detection Monitoring (on-frame),,1,1,100,1,1,Subplot boundary,3287
26-JUL-2007,51,Virginia,VA,163,1,Detection Monitoring (on-frame),,1,1,100,1,2,Microplot boundary,3287
26-JUL-2007,51,Virginia,VA,163,1,Detection Monitoring (on-frame),,1,2,100,2,1,Subplot boundary,3287
26-JUL-2007,51,Virginia,VA,163,1,Detection Monitoring (on-frame),,1,2,100,2,2,Microplot boundary,3287
26-JUL-2007,51,Virginia,VA,163,1,Detection Monitoring (on-frame),,1,3,100,1,1,Subplot boundary,3287
26-JUL-2007,51,Virginia,VA,163,1,Detection Monitoring (on-frame),,1,3,100,1,2,Microplot boundary,3287
26-JUL-2007,51,Virginia,VA,163,1,Detection Monitoring (on-frame),,1,4,11.7964,2,1,Subplot boundary,3287
26-JUL-2007,51,Virginia,VA,163,1,Detection Monitoring (on-frame),,1,4,88.2036,1,1,Subplot boundary,3287
26-JUL-2007,51,Virginia,VA,163,1,Detection Monitoring (on-frame),,1,4,100,1,2,Microplot boundary,3287
26-JUL-2007,51,Virginia,VA,165,1,Detection Monitoring (on-frame),,1,1,100,1,1,Subplot boundary,4039
26-JUL-2007,51,Virginia,VA,165,1,Detection Monitoring (on-frame),,1,1,100,1,2,Microplot boundary,4039
26-JUL-2007,51,Virginia,VA,165,1,Detection Monitoring (on-frame),,1,2,100,1,1,Subplot boundary,4039
26-JUL-2007,51,Virginia,VA,165,1,Detection Monitoring (on-frame),,1,2,100,1,2,Microplot boundary,4039
26-JUL-2007,51,Virginia,VA,165,1,Detection Monitoring (on-frame),,1,3,100,1,1,Subplot boundary,4039
26-JUL-2007,51,Virginia,VA,165,1,Detection Monitoring (on-frame),,1,3,100,1,2,Microplot boundary,4039
26-JUL-2007,51,Virginia,VA,165,1,Detection Monitoring (on-frame),,1,4,100,1,1,Subplot boundary,4039
26-JUL-2007,51,Virginia,VA,165,1,Detection Monitoring (on-frame),,1,4,100,1,2,Microplot boundary,4039
26-JUL-2007,51,Virginia,VA,179,1,Detection Monitoring (on-frame),,1,1,100,1,1,Subplot boundary,4020
26-JUL-2007,51,Virginia,VA,179,1,Detection Monitoring (on-frame),,1,1,100,1,2,Microplot boundary,4020
26-JUL-2007,51,Virginia,VA,179,1,Detection Monitoring (on-frame),,1,2,100,1,1,Subplot boundary,4020
26-JUL-2007,51,Virginia,VA,179,1,Detection Monitoring (on-frame),,1,2,100,1,2,Microplot boundary,4020
26-JUL-2007,51,Virginia,VA,179,1,Detection Monitoring (on-frame),,1,3,100,1,1,Subplot boundary,4020
26-JUL-2007,51,Virginia,VA,179,1,Detection Monitoring (on-frame),,1,3,100,1,2,Microplot boundary,4020
26-JUL-2007,51,Virginia,VA,179,1,Detection Monitoring (on-frame),,1,4,100,1,1,Subplot boundary,4020
26-JUL-2007,51,Virginia,VA,179,1,Detection Monitoring (on-frame),,1,4,100,1,2,Microplot boundary,4020
26-JUL-2007,51,Virginia,VA,181,1,Detection Monitoring (on-frame),,1,1,100,1,1,Subplot boundary,3223
26-JUL-2007,51,Virginia,VA,181,1,Detection Monitoring (on-frame),,1,1,100,1,2,Microplot boundary,3223
26-JUL-2007,51,Virginia,VA,181,1,Detection Monitoring (on-frame),,1,2,100,2,1,Subplot boundary,3223
26-JUL-2007,51,Virginia,VA,181,1,Detection Monitoring (on-frame),,1,2,100,2,2,Microplot boundary,3223
26-JUL-2007,51,Virginia,VA,181,1,Detection Monitoring (on-frame),,1,3,100,1,1,Subplot boundary,3223
26-JUL-2007,51,Virginia,VA,181,1,Detection Monitoring (on-frame),,1,3,100,1,2,Microplot boundary,3223
26-JUL-2007,51,Virginia,VA,181,1,Detection Monitoring (on-frame),,1,4,100,2,1,Subplot boundary,3223
26-JUL-2007,51,Virginia,VA,181,1,Detection Monitoring (on-frame),,1,4,100,2,2,Microplot boundary,3223
26-JUL-2007,51,Virginia,VA,185,1,Detection Monitoring (on-frame),,1,1,100,1,1,Subplot boundary,3311
26-JUL-2007,51,Virginia,VA,185,1,Detection Monitoring (on-frame),,1,1,100,1,2,Microplot boundary,3311
26-JUL-2007,51,Virginia,VA,185,1,Detection Monitoring (on-frame),,1,2,100,2,1,Subplot boundary,3311
26-JUL-2007,51,Virginia,VA,185,1,Detection Monitoring (on-frame),,1,2,100,2,2,Microplot boundary,3311
26-JUL-2007,51,Virginia,VA,185,1,Detection Monitoring (on-frame),,1,3,45.0206,1,1,Subplot boundary,3311
26-JUL-2007,51,Virginia,VA,185,1,Detection Monitoring (on-frame),,1,3,54.9794,2,1,Subplot boundary,3311
26-JUL-2007,51,Virginia,VA,185,1,Detection Monitoring (on-frame),,1,3,100,1,2,Microplot boundary,3311
26-JUL-2007,51,Virginia,VA,185,1,Detection Monitoring (on-frame),,1,4,100,1,1,Subplot boundary,3311
26-JUL-2007,51,Virginia,VA,185,1,Detection Monitoring (on-frame),,1,4,100,1,2,Microplot boundary,3311
26-JUL-2007,51,Virginia,VA,191,1,Detection Monitoring (on-frame),,1,1,100,1,1,Subplot boundary,2784
26-JUL-2007,51,Virginia,VA,191,1,Detection Monitoring (on-frame),,1,1,100,1,2,Microplot boundary,2784
26-JUL-2007,51,Virginia,VA,191,1,Detection Monitoring (on-frame),,1,2,100,1,1,Subplot boundary,2784
26-JUL-2007,51,Virginia,VA,191,1,Detection Monitoring (on-frame),,1,2,100,1,2,Microplot boundary,2784
26-JUL-2007,51,Virginia,VA,191,1,Detection Monitoring (on-frame),,1,3,100,1,1,Subplot boundary,2784
26-JUL-2007,51,Virginia,VA,191,1,Detection Monitoring (on-frame),,1,3,100,1,2,Microplot boundary,2784
26-JUL-2007,51,Virginia,VA,191,1,Detection Monitoring (on-frame),,1,4,100,1,1,Subplot boundary,2784
26-JUL-2007,51,Virginia,VA,191,1,Detection Monitoring (on-frame),,1,4,100,1,2,Microplot boundary,2784
26-JUL-2007,51,Virginia,VA,195,1,Detection Monitoring (on-frame),,1,1,100,1,1,Subplot boundary,2811
26-JUL-2007,51,Virginia,VA,195,1,Detection Monitoring (on-frame),,1,1,100,1,2,Microplot boundary,2811
26-JUL-2007,51,Virginia,VA,195,1,Detection Monitoring (on-frame),,1,2,100,1,1,Subplot boundary,2811
26-JUL-2007,51,Virginia,VA,195,1,Detection Monitoring (on-frame),,1,2,100,1,2,Microplot boundary,2811
26-JUL-2007,51,Virginia,VA,195,1,Detection Monitoring (on-frame),,1,3,100,1,1,Subplot boundary,2811
26-JUL-2007,51,Virginia,VA,195,1,Detection Monitoring (on-frame),,1,3,100,1,2,Microplot boundary,2811
26-JUL-2007,51,Virginia,VA,195,1,Detection Monitoring (on-frame),,1,4,100,1,1,Subplot boundary,2811
26-JUL-2007,51,Virginia,VA,195,1,Detection Monitoring (on-frame),,1,4,100,1,2,Microplot boundary,2811
26-JUL-2007,51,Virginia,VA,800,1,Detection Monitoring (on-frame),,1,1,100,1,1,Subplot boundary,2692
26-JUL-2007,51,Virginia,VA,800,1,Detection Monitoring (on-frame),,1,1,100,1,2,Microplot boundary,2692
26-JUL-2007,51,Virginia,VA,800,1,Detection Monitoring (on-frame),,1,2,100,1,1,Subplot boundary,2692
26-JUL-2007,51,Virginia,VA,800,1,Detection Monitoring (on-frame),,1,2,100,1,2,Microplot boundary,2692
26-JUL-2007,51,Virginia,VA,800,1,Detection Monitoring (on-frame),,1,3,48.8795,2,1,Subplot boundary,2692
26-JUL-2007,51,Virginia,VA,800,1,Detection Monitoring (on-frame),,1,3,51.1205,1,1,Subplot boundary,2692
26-JUL-2007,51,Virginia,VA,800,1,Detection Monitoring (on-frame),,1,3,100,2,2,Microplot boundary,2692
26-JUL-2007,51,Virginia,VA,800,1,Detection Monitoring (on-frame),,1,4,100,1,1,Subplot boundary,2692
26-JUL-2007,51,Virginia,VA,800,1,Detection Monitoring (on-frame),,1,4,100,1,2,Microplot boundary,2692
,51,Virginia,VA,15,1,Detection Monitoring (on-frame),,1,1,100,1,1,Subplot boundary,4052
,51,Virginia,VA,15,1,Detection Monitoring (on-frame),,1,1,100,1,2,Microplot boundary,4052
,51,Virginia,VA,15,1,Detection Monitoring (on-frame),,1,2,100,1,1,Subplot boundary,4052
,51,Virginia,VA,15,1,Detection Monitoring (on-frame),,1,2,100,1,2,Microplot boundary,4052
,51,Virginia,VA,15,1,Detection Monitoring (on-frame),,1,3,100,1,1,Subplot boundary,4052
,51,Virginia,VA,15,1,Detection Monitoring (on-frame),,1,3,100,1,2,Microplot boundary,4052
,51,Virginia,VA,15,1,Detection Monitoring (on-frame),,1,4,100,1,1,Subplot boundary,4052
,51,Virginia,VA,15,1,Detection Monitoring (on-frame),,1,4,100,1,2,Microplot boundary,4052
,51,Virginia,VA,25,1,Detection Monitoring (on-frame),,1,1,100,1,1,Subplot boundary,2708
,51,Virginia,VA,25,1,Detection Monitoring (on-frame),,1,1,100,1,2,Microplot boundary,2708
,51,Virginia,VA,25,1,Detection Monitoring (on-frame),,1,2,100,1,1,Subplot boundary,2708
,51,Virginia,VA,25,1,Detection Monitoring (on-frame),,1,2,100,1,2,Microplot boundary,2708
,51,Virginia,VA,25,1,Detection Monitoring (on-frame),,1,3,100,1,1,Subplot boundary,2708
,51,Virginia,VA,25,1,Detection Monitoring (on-frame),,1,3,100,1,2,Microplot boundary,2708
,51,Virginia,VA,25,1,Detection Monitoring (on-frame),,1,4,100,1,1,Subplot boundary,2708
,51,Virginia,VA,25,1,Detection Monitoring (on-frame),,1,4,100,1,2,Microplot boundary,2708
,51,Virginia,VA,25,1,Detection Monitoring (on-frame),,1,1,100,1,1,Subplot boundary,2726
,51,Virginia,VA,25,1,Detection Monitoring (on-frame),,1,1,100,1,2,Microplot boundary,2726
,51,Virginia,VA,25,1,Detection Monitoring (on-frame),,1,2,100,1,1,Subplot boundary,2726
,51,Virginia,VA,25,1,Detection Monitoring (on-frame),,1,2,100,1,2,Microplot boundary,2726
,51,Virginia,VA,25,1,Detection Monitoring (on-frame),,1,3,100,1,1,Subplot boundary,2726
,51,Virginia,VA,25,1,Detection Monitoring (on-frame),,1,3,100,1,2,Microplot boundary,2726
,51,Virginia,VA,25,1,Detection Monitoring (on-frame),,1,4,100,1,1,Subplot boundary,2726
,51,Virginia,VA,25,1,Detection Monitoring (on-frame),,1,4,100,1,2,Microplot boundary,2726
,51,Virginia,VA,35,1,Detection Monitoring (on-frame),,1,1,100,1,1,Subplot boundary,2770
,51,Virginia,VA,35,1,Detection Monitoring (on-frame),,1,1,100,1,2,Microplot boundary,2770
,51,Virginia,VA,35,1,Detection Monitoring (on-frame),,1,2,100,1,1,Subplot boundary,2770
,51,Virginia,VA,35,1,Detection Monitoring (on-frame),,1,2,100,1,2,Microplot boundary,2770
,51,Virginia,VA,35,1,Detection Monitoring (on-frame),,1,3,100,1,1,Subplot boundary,2770
,51,Virginia,VA,35,1,Detection Monitoring (on-frame),,1,3,100,1,2,Microplot boundary,2770
,51,Virginia,VA,35,1,Detection Monitoring (on-frame),,1,4,100,1,1,Subplot boundary,2770
,51,Virginia,VA,35,1,Detection Monitoring (on-frame),,1,4,100,1,2,Microplot boundary,2770
,51,Virginia,VA,59,1,Detection Monitoring (on-frame),,1,1,100,1,1,Subplot boundary,4028
,51,Virginia,VA,59,1,Detection Monitoring (on-frame),,1,1,100,1,2,Microplot boundary,4028
,51,Virginia,VA,59,1,Detection Monitoring (on-frame),,1,2,100,1,1,Subplot boundary,4028
,51,Virginia,VA,59,1,Detection Monitoring (on-frame),,1,2,100,1,2,Microplot boundary,4028
,51,Virginia,VA,59,1,Detection Monitoring (on-frame),,1,3,100,1,1,Subplot boundary,4028
,51,Virginia,VA,59,1,Detection Monitoring (on-frame),,1,3,100,1,2,Microplot boundary,4028
,51,Virginia,VA,59,1,Detection Monitoring (on-frame),,1,4,100,1,1,Subplot boundary,4028
,51,Virginia,VA,59,1,Detection Monitoring (on-frame),,1,4,100,1,2,Microplot boundary,4028
,51,Virginia,VA,61,1,Detection Monitoring (on-frame),,1,1,100,1,1,Subplot boundary,4030
,51,Virginia,VA,61,1,Detection Monitoring (on-frame),,1,1,100,1,2,Microplot boundary,4030
,51,Virginia,VA,61,1,Detection Monitoring (on-frame),,1,2,100,1,1,Subplot boundary,4030
,51,Virginia,VA,61,1,Detection Monitoring (on-frame),,1,2,100,1,2,Microplot boundary,4030
,51,Virginia,VA,61,1,Detection Monitoring (on-frame),,1,3,100,1,1,Subplot boundary,4030
,51,Virginia,VA,61,1,Detection Monitoring (on-frame),,1,3,100,1,2,Microplot boundary,4030
,51,Virginia,VA,61,1,Detection Monitoring (on-frame),,1,4,100,1,1,Subplot boundary,4030
,51,Virginia,VA,61,1,Detection Monitoring (on-frame),,1,4,100,1,2,Microplot boundary,4030
,51,Virginia,VA,67,1,Detection Monitoring (on-frame),,1,1,100,1,1,Subplot boundary,2767
,51,Virginia,VA,67,1,Detection Monitoring (on-frame),,1,1,100,1,2,Microplot boundary,2767
,51,Virginia,VA,67,1,Detection Monitoring (on-frame),,1,2,100,1,1,Subplot boundary,2767
,51,Virginia,VA,67,1,Detection Monitoring (on-frame),,1,2,100,1,2,Microplot boundary,2767
,51,Virginia,VA,67,1,Detection Monitoring (on-frame),,1,3,100,1,1,Subplot boundary,2767
,51,Virginia,VA,67,1,Detection Monitoring (on-frame),,1,3,100,1,2,Microplot boundary,2767
,51,Virginia,VA,67,1,Detection Monitoring (on-frame),,1,4,100,1,1,Subplot boundary,2767
,51,Virginia,VA,67,1,Detection Monitoring (on-frame),,1,4,100,1,2,Microplot boundary,2767
,51,Virginia,VA,87,1,Detection Monitoring (on-frame),,1,1,100,1,1,Subplot boundary,3243
,51,Virginia,VA,87,1,Detection Monitoring (on-frame),,1,1,100,1,2,Microplot boundary,3243
,51,Virginia,VA,87,1,Detection Monitoring (on-frame),,1,2,100,1,1,Subplot boundary,3243
,51,Virginia,VA,87,1,Detection Monitoring (on-frame),,1,2,100,1,2,Microplot boundary,3243
,51,Virginia,VA,87,1,Detection Monitoring (on-frame),,1,3,100,1,1,Subplot boundary,3243
,51,Virginia,VA,87,1,Detection Monitoring (on-frame),,1,3,100,1,2,Microplot boundary,3243
,51,Virginia,VA,87,1,Detection Monitoring (on-frame),,1,4,100,1,1,Subplot boundary,3243
,51,Virginia,VA,87,1,Detection Monitoring (on-frame),,1,4,100,1,2,Microplot boundary,3243
,51,Virginia,VA,89,1,Detection Monitoring (on-frame),,1,1,100,1,1,Subplot boundary,2748
,51,Virginia,VA,89,1,Detection Monitoring (on-frame),,1,1,100,1,2,Microplot boundary,2748
,51,Virginia,VA,89,1,Detection Monitoring (on-frame),,1,2,100,1,1,Subplot boundary,2748
,51,Virginia,VA,89,1,Detection Monitoring (on-frame),,1,2,100,1,2,Microplot boundary,2748
,51,Virginia,VA,89,1,Detection Monitoring (on-frame),,1,3,100,1,1,Subplot boundary,2748
,51,Virginia,VA,89,1,Detection Monitoring (on-frame),,1,3,100,1,2,Microplot boundary,2748
,51,Virginia,VA,89,1,Detection Monitoring (on-frame),,1,4,100,1,1,Subplot boundary,2748
,51,Virginia,VA,89,1,Detection Monitoring (on-frame),,1,4,100,1,2,Microplot boundary,2748
,51,Virginia,VA,107,1,Detection Monitoring (on-frame),,1,1,100,1,1,Subplot boundary,4774
,51,Virginia,VA,107,1,Detection Monitoring (on-frame),,1,1,100,1,2,Microplot boundary,4774
,51,Virginia,VA,107,1,Detection Monitoring (on-frame),,1,2,100,1,1,Subplot boundary,4774
,51,Virginia,VA,107,1,Detection Monitoring (on-frame),,1,2,100,1,2,Microplot boundary,4774
,51,Virginia,VA,107,1,Detection Monitoring (on-frame),,1,3,100,1,1,Subplot boundary,4774
,51,Virginia,VA,107,1,Detection Monitoring (on-frame),,1,3,100,1,2,Microplot boundary,4774
,51,Virginia,VA,107,1,Detection Monitoring (on-frame),,1,4,100,1,1,Subplot boundary,4774
,51,Virginia,VA,107,1,Detection Monitoring (on-frame),,1,4,100,1,2,Microplot boundary,4774
,51,Virginia,VA,107,1,Detection Monitoring (on-frame),,1,1,100,2,1,Subplot boundary,4779
,51,Virginia,VA,107,1,Detection Monitoring (on-frame),,1,1,100,2,2,Microplot boundary,4779
,51,Virginia,VA,107,1,Detection Monitoring (on-frame),,1,2,100,1,1,Subplot boundary,4779
,51,Virginia,VA,107,1,Detection Monitoring (on-frame),,1,2,100,1,2,Microplot boundary,4779
,51,Virginia,VA,107,1,Detection Monitoring (on-frame),,1,3,100,2,1,Subplot boundary,4779
,51,Virginia,VA,107,1,Detection Monitoring (on-frame),,1,3,100,2,2,Microplot boundary,4779
,51,Virginia,VA,107,1,Detection Monitoring (on-frame),,1,4,100,2,1,Subplot boundary,4779
,51,Virginia,VA,107,1,Detection Monitoring (on-frame),,1,4,100,2,2,Microplot boundary,4779
,51,Virginia,VA,113,1,Detection Monitoring (on-frame),,1,1,100,1,1,Subplot boundary,4036
,51,Virginia,VA,113,1,Detection Monitoring (on-frame),,1,1,100,1,2,Microplot boundary,4036
,51,Virginia,VA,113,1,Detection Monitoring (on-frame),,1,2,100,1,1,Subplot boundary,4036
,51,Virginia,VA,113,1,Detection Monitoring (on-frame),,1,2,100,1,2,Microplot boundary,4036
,51,Virginia,VA,113,1,Detection Monitoring (on-frame),,1,3,100,1,1,Subplot boundary,4036
,51,Virginia,VA,113,1,Detection Monitoring (on-frame),,1,3,100,1,2,Microplot boundary,4036
,51,Virginia,VA,113,1,Detection Monitoring (on-frame),,1,4,100,1,1,Subplot boundary,4036
,51,Virginia,VA,113,1,Detection Monitoring (on-frame),,1,4,100,1,2,Microplot boundary,4036
,51,Virginia,VA,121,1,Detection Monitoring (on-frame),,1,1,100,1,1,Subplot boundary,3293
,51,Virginia,VA,121,1,Detection Monitoring (on-frame),,1,1,100,1,2,Microplot boundary,3293
,51,Virginia,VA,121,1,Detection Monitoring (on-frame),,1,2,100,1,1,Subplot boundary,3293
,51,Virginia,VA,121,1,Detection Monitoring (on-frame),,1,2,100,1,2,Microplot boundary,3293
,51,Virginia,VA,121,1,Detection Monitoring (on-frame),,1,3,100,1,1,Subplot boundary,3293
,51,Virginia,VA,121,1,Detection Monitoring (on-frame),,1,3,100,1,2,Microplot boundary,3293
,51,Virginia,VA,121,1,Detection Monitoring (on-frame),,1,4,100,1,1,Subplot boundary,3293
,51,Virginia,VA,121,1,Detection Monitoring (on-frame),,1,4,100,1,2,Microplot boundary,3293
,51,Virginia,VA,169,1,Detection Monitoring (on-frame),,1,1,100,1,1,Subplot boundary,2804
,51,Virginia,VA,169,1,Detection Monitoring (on-frame),,1,1,100,1,2,Microplot boundary,2804
,51,Virginia,VA,169,1,Detection Monitoring (on-frame),,1,2,100,1,1,Subplot boundary,2804
,51,Virginia,VA,169,1,Detection Monitoring (on-frame),,1,2,100,1,2,Microplot boundary,2804
,51,Virginia,VA,169,1,Detection Monitoring (on-frame),,1,3,100,1,1,Subplot boundary,2804
,51,Virginia,VA,169,1,Detection Monitoring (on-frame),,1,3,100,1,2,Microplot boundary,2804
,51,Virginia,VA,169,1,Detection Monitoring (on-frame),,1,4,100,1,1,Subplot boundary,2804
,51,Virginia,VA,169,1,Detection Monitoring (on-frame),,1,4,100,1,2,Microplot boundary,2804
,51,Virginia,VA,175,1,Detection Monitoring (on-frame),,1,1,100,1,1,Subplot boundary,2705
,51,Virginia,VA,175,1,Detection Monitoring (on-frame),,1,1,100,1,2,Microplot boundary,2705
,51,Virginia,VA,175,1,Detection Monitoring (on-frame),,1,2,100,1,1,Subplot boundary,2705
,51,Virginia,VA,175,1,Detection Monitoring (on-frame),,1,2,100,1,2,Microplot boundary,2705
,51,Virginia,VA,175,1,Detection Monitoring (on-frame),,1,3,100,1,1,Subplot boundary,2705
,51,Virginia,VA,175,1,Detection Monitoring (on-frame),,1,3,100,1,2,Microplot boundary,2705
,51,Virginia,VA,175,1,Detection Monitoring (on-frame),,1,4,100,1,1,Subplot boundary,2705
,51,Virginia,VA,175,1,Detection Monitoring (on-frame),,1,4,100,1,2,Microplot boundary,2705
,51,Virginia,VA,197,1,Detection Monitoring (on-frame),,1,1,100,1,1,Subplot boundary,2772
,51,Virginia,VA,197,1,Detection Monitoring (on-frame),,1,1,100,1,2,Microplot boundary,2772
,51,Virginia,VA,197,1,Detection Monitoring (on-frame),,1,2,100,1,1,Subplot boundary,2772
,51,Virginia,VA,197,1,Detection Monitoring (on-frame),,1,2,100,1,2,Microplot boundary,2772
,51,Virginia,VA,197,1,Detection Monitoring (on-frame),,1,3,100,1,1,Subplot boundary,2772
,51,Virginia,VA,197,1,Detection Monitoring (on-frame),,1,3,100,1,2,Microplot boundary,2772
,51,Virginia,VA,197,1,Detection Monitoring (on-frame),,1,4,100,1,1,Subplot boundary,2772
,51,Virginia,VA,197,1,Detection Monitoring (on-frame),,1,4,100,1,2,Microplot boundary,2772
,51,Virginia,VA,810,1,Detection Monitoring (on-frame),,1,1,100,1,1,Subplot boundary,2677
,51,Virginia,VA,810,1,Detection Monitoring (on-frame),,1,1,100,1,2,Microplot boundary,2677
,51,Virginia,VA,810,1,Detection Monitoring (on-frame),,1,2,100,1,1,Subplot boundary,2677
,51,Virginia,VA,810,1,Detection Monitoring (on-frame),,1,2,100,1,2,Microplot boundary,2677
,51,Virginia,VA,810,1,Detection Monitoring (on-frame),,1,3,100,1,1,Subplot boundary,2677
,51,Virginia,VA,810,1,Detection Monitoring (on-frame),,1,3,100,1,2,Microplot boundary,2677
,51,Virginia,VA,810,1,Detection Monitoring (on-frame),,1,4,100,1,1,Subplot boundary,2677
,51,Virginia,VA,810,1,Detection Monitoring (on-frame),,1,4,100,1,2,Microplot boundary,2677
