LAST_UPDATE,STATE,STATE_DESCR,STATE_ABBREV,COUNTY,PROJECT,PROJECT_DESCR,HEXAGON_NBR,PLOT_NBR,POINT_NBR,CONDITION_CLASS_NBR,PLOT_TYPE,PLOT_TYPE_DESCR,OFFSET_POINT,CORNER_AZIMUTH,CORNER_DISTANCE,LEFT_AZIMUTH,LEFT_DISTANCE,RIGHT_AZIMUTH,RIGHT_DISTANCE,BOUNDARY_CHANGE,P3ID
26-JUL-2007,51,Virginia,VA,29,1,Detection Monitoring (on-frame),,1,2,2,1,Subplot boundary,,,,310,,68,,0,3260
26-JUL-2007,51,Virginia,VA,31,1,Detection Monitoring (on-frame),,1,2,1,1,Subplot boundary,,189,15.6,184,,200,,0,3274
26-JUL-2007,51,Virginia,VA,33,1,Detection Monitoring (on-frame),,1,3,1,1,Subplot boundary,,,,230,,344,,0,4012
26-JUL-2007,51,Virginia,VA,36,1,Detection Monitoring (on-frame),,1,4,1,1,Subplot boundary,,,,306,,91,,0,3237
26-JUL-2007,51,Virginia,VA,36,1,Detection Monitoring (on-frame),,1,4,1,2,Microplot boundary,,,,317,,73,,0,3237
26-JUL-2007,51,Virginia,VA,65,1,Detection Monitoring (on-frame),,1,4,2,1,Subplot boundary,,,,134,,290,,0,3270
26-JUL-2007,51,Virginia,VA,117,1,Detection Monitoring (on-frame),,1,1,2,1,Subplot boundary,,,,164,,337,,1,2722
26-JUL-2007,51,Virginia,VA,163,1,Detection Monitoring (on-frame),,1,4,2,1,Subplot boundary,,,,272,,11,,0,3287
26-JUL-2007,51,Virginia,VA,185,1,Detection Monitoring (on-frame),,1,3,1,1,Subplot boundary,,,,17,,188,,0,3311
26-JUL-2007,51,Virginia,VA,800,1,Detection Monitoring (on-frame),,1,3,2,1,Subplot boundary,,,,21,,199,,0,2692
