LAST_UPDATE,STATE,STATE_DESCR,STATE_ABBREV,COUNTY,PROJECT,PROJECT_DESCR,HEXAGON_NBR,PLOT_NBR,POINT_NBR,CONDITION_CLASS_NBR,PLOT_TYPE,PLOT_TYPE_DESCR,OFFSET_POINT,CORNER_AZIMUTH,CORNER_DISTANCE,LEFT_AZIMUTH,LEFT_DISTANCE,RIGHT_AZIMUTH,RIGHT_DISTANCE,BOUNDARY_CHANGE,P3ID
26-JUL-2007,51,Virginia,VA,31,1,Detection Monitoring (on-frame),,1,2,1,1,Subplot boundary,,189,15.6,184,,200,,0,3274
26-JUL-2007,51,Virginia,VA,36,1,Detection Monitoring (on-frame),,1,4,1,1,Subplot boundary,,,,306,,91,,0,3237
26-JUL-2007,51,Virginia,VA,36,1,Detection Monitoring (on-frame),,1,4,1,2,Microplot boundary,,,,317,,73,,0,3237
26-JUL-2007,51,Virginia,VA,49,1,Detection Monitoring (on-frame),,1,2,1,2,Microplot boundary,,,,193,,294,,0,3259
26-JUL-2007,51,Virginia,VA,49,1,Detection Monitoring (on-frame),,1,2,2,1,Subplot boundary,,10,11,42,,139,,0,3259
26-JUL-2007,51,Virginia,VA,149,1,Detection Monitoring (on-frame),,1,2,1,2,Microplot boundary,,,,122,,271,,0,3234
26-JUL-2007,51,Virginia,VA,149,1,Detection Monitoring (on-frame),,1,2,3,1,Subplot boundary,,,,288,,100,,0,3234
26-JUL-2007,51,Virginia,VA,153,1,Detection Monitoring (on-frame),,1,3,2,1,Subplot boundary,,,,277,,37,,0,4029
26-JUL-2007,51,Virginia,VA,187,1,Detection Monitoring (on-frame),,2,3,1,1,Subplot boundary,,,,175,,326,,,4048
