LAST_UPDATE,STATE,STATE_DESCR,STATE_ABBREV,COUNTY,PROJECT,PROJECT_DESCR,HEXAGON_NBR,PLOT_NBR,POINT_NBR,CONDITION_CLASS_NBR,PLOT_TYPE,PLOT_TYPE_DESCR,OFFSET_POINT,CORNER_AZIMUTH,CORNER_DISTANCE,LEFT_AZIMUTH,LEFT_DISTANCE,RIGHT_AZIMUTH,RIGHT_DISTANCE,P3ID
26-JUL-2007,51,Virginia,VA,7,1,Detection Monitoring (on-frame),,1,3,2,2,Microplot boundary,,,,92,,271,,3257
26-JUL-2007,51,Virginia,VA,7,1,Detection Monitoring (on-frame),,1,3,3,1,Subplot boundary,,,,272,,92,,3257
26-JUL-2007,51,Virginia,VA,7,1,Detection Monitoring (on-frame),,1,4,3,1,Subplot boundary,,,,294,,67,,3257
26-JUL-2007,51,Virginia,VA,17,1,Detection Monitoring (on-frame),,1,2,1,1,Subplot boundary,,,,62,,238,,3290
26-JUL-2007,51,Virginia,VA,17,1,Detection Monitoring (on-frame),,1,2,2,2,Microplot boundary,,,,296,,26,,3290
26-JUL-2007,51,Virginia,VA,29,1,Detection Monitoring (on-frame),,1,2,2,1,Subplot boundary,,,,310,,68,,3260
26-JUL-2007,51,Virginia,VA,29,1,Detection Monitoring (on-frame),,1,2,2,1,Subplot boundary,,,,314,,101,,3265
26-JUL-2007,51,Virginia,VA,29,1,Detection Monitoring (on-frame),,1,2,2,2,Microplot boundary,,,,320,,106,,3265
26-JUL-2007,51,Virginia,VA,31,1,Detection Monitoring (on-frame),,1,2,1,1,Subplot boundary,,189,15.6,184,,200,,3274
26-JUL-2007,51,Virginia,VA,33,1,Detection Monitoring (on-frame),,1,3,1,1,Subplot boundary,,,,230,,344,,4012
26-JUL-2007,51,Virginia,VA,35,1,Detection Monitoring (on-frame),,1,2,1,1,Subplot boundary,,,,51,,176,,2766
26-JUL-2007,51,Virginia,VA,35,1,Detection Monitoring (on-frame),,1,2,2,2,Microplot boundary,,,,200,,18,,2766
26-JUL-2007,51,Virginia,VA,36,1,Detection Monitoring (on-frame),,1,4,1,1,Subplot boundary,,,,306,,91,,3237
26-JUL-2007,51,Virginia,VA,36,1,Detection Monitoring (on-frame),,1,4,1,2,Microplot boundary,,,,317,,73,,3237
26-JUL-2007,51,Virginia,VA,41,1,Detection Monitoring (on-frame),,1,3,2,1,Subplot boundary,,170,14,1,,163,,3244
26-JUL-2007,51,Virginia,VA,49,1,Detection Monitoring (on-frame),,1,2,1,2,Microplot boundary,,,,193,,294,,3259
26-JUL-2007,51,Virginia,VA,49,1,Detection Monitoring (on-frame),,1,2,2,1,Subplot boundary,,10,11,42,,139,,3259
26-JUL-2007,51,Virginia,VA,65,1,Detection Monitoring (on-frame),,1,4,2,1,Subplot boundary,,,,134,,290,,3270
26-JUL-2007,51,Virginia,VA,75,1,Detection Monitoring (on-frame),,1,2,3,1,Subplot boundary,,,,276,,66,,3246
26-JUL-2007,51,Virginia,VA,81,1,Detection Monitoring (on-frame),,1,4,1,1,Subplot boundary,,,,347,,25,,2707
26-JUL-2007,51,Virginia,VA,93,1,Detection Monitoring (on-frame),,1,3,3,1,Subplot boundary,,,,186,,247,,2690
26-JUL-2007,51,Virginia,VA,95,1,Detection Monitoring (on-frame),,1,3,3,1,Subplot boundary,,,,98,,258,,3225
26-JUL-2007,51,Virginia,VA,95,1,Detection Monitoring (on-frame),,1,3,3,2,Microplot boundary,,,,140,,222,,3225
26-JUL-2007,51,Virginia,VA,101,1,Detection Monitoring (on-frame),,1,3,2,1,Subplot boundary,,,,89,,265,,3248
26-JUL-2007,51,Virginia,VA,101,1,Detection Monitoring (on-frame),,1,3,2,2,Microplot boundary,,,,115,,259,,3248
26-JUL-2007,51,Virginia,VA,105,1,Detection Monitoring (on-frame),,1,2,1,1,Subplot boundary,,,,156,,308,,2805
26-JUL-2007,51,Virginia,VA,105,1,Detection Monitoring (on-frame),,1,2,3,1,Subplot boundary,,296,10,308,,348,,2805
26-JUL-2007,51,Virginia,VA,117,1,Detection Monitoring (on-frame),,1,1,2,1,Subplot boundary,,,,164,,337,,2722
26-JUL-2007,51,Virginia,VA,117,1,Detection Monitoring (on-frame),,1,3,1,1,Subplot boundary,,,,194,,246,,2722
26-JUL-2007,51,Virginia,VA,141,1,Detection Monitoring (on-frame),,1,2,2,1,Subplot boundary,,,,66,,144,,2763
26-JUL-2007,51,Virginia,VA,141,1,Detection Monitoring (on-frame),,1,2,2,2,Microplot boundary,,,,63,,141,,2763
26-JUL-2007,51,Virginia,VA,143,1,Detection Monitoring (on-frame),,1,2,2,1,Subplot boundary,,,,221,,300,,2749
26-JUL-2007,51,Virginia,VA,149,1,Detection Monitoring (on-frame),,1,2,1,2,Microplot boundary,,,,122,,271,,3234
26-JUL-2007,51,Virginia,VA,149,1,Detection Monitoring (on-frame),,1,2,3,1,Subplot boundary,,,,288,,100,,3234
26-JUL-2007,51,Virginia,VA,153,1,Detection Monitoring (on-frame),,1,3,2,1,Subplot boundary,,,,277,,37,,4029
26-JUL-2007,51,Virginia,VA,163,1,Detection Monitoring (on-frame),,1,4,2,1,Subplot boundary,,,,272,,11,,3287
26-JUL-2007,51,Virginia,VA,177,1,Detection Monitoring (on-frame),,1,3,2,1,Subplot boundary,,,,8,,180,,4014
26-JUL-2007,51,Virginia,VA,181,1,Detection Monitoring (on-frame),,1,1,2,1,Subplot boundary,,,,163,,260,,3223
26-JUL-2007,51,Virginia,VA,185,1,Detection Monitoring (on-frame),,1,3,1,1,Subplot boundary,,,,17,,188,,3311
26-JUL-2007,51,Virginia,VA,800,1,Detection Monitoring (on-frame),,1,3,2,1,Subplot boundary,,,,21,,199,,2692
