LAST_UPDATE,STATE,STATE_DESCR,STATE_ABBREV,COUNTY,PROJECT,PROJECT_DESCR,HEXAGON_NBR,PLOT_NBR,POINT_NBR,CONDITION_CLASS_NBR,PLOT_TYPE,PLOT_TYPE_DESCR,OFFSET_POINT,CORNER_AZIMUTH,CORNER_DISTANCE,LEFT_AZIMUTH,LEFT_DISTANCE,RIGHT_AZIMUTH,RIGHT_DISTANCE,BOUNDARY_CHANGE,P3ID
26-JUL-2007,51,Virginia,VA,7,1,Detection Monitoring (on-frame),,1,3,1,1,Subplot boundary,,,,272,,89,,1,3257
26-JUL-2007,51,Virginia,VA,7,1,Detection Monitoring (on-frame),,1,3,1,2,Microplot boundary,,,,278,,83,,1,3257
26-JUL-2007,51,Virginia,VA,29,1,Detection Monitoring (on-frame),,1,2,2,1,Subplot boundary,,,,310,,68,,0,3260
26-JUL-2007,51,Virginia,VA,75,1,Detection Monitoring (on-frame),,1,2,2,2,Microplot boundary,,,,270,,70,,1,3246
26-JUL-2007,51,Virginia,VA,75,1,Detection Monitoring (on-frame),,1,2,3,1,Subplot boundary,,,,84,,251,,1,3246
26-JUL-2007,51,Virginia,VA,95,1,Detection Monitoring (on-frame),,1,3,3,1,Subplot boundary,,,,137,,262,,1,3225
26-JUL-2007,51,Virginia,VA,109,1,Detection Monitoring (on-frame),,1,3,2,1,Subplot boundary,,,,49,,120,,1,3251
26-JUL-2007,51,Virginia,VA,117,1,Detection Monitoring (on-frame),,1,1,2,1,Subplot boundary,,,,164,,337,,0,2722
26-JUL-2007,51,Virginia,VA,163,1,Detection Monitoring (on-frame),,1,4,2,1,Subplot boundary,,,,272,,11,,0,3287
26-JUL-2007,51,Virginia,VA,163,1,Detection Monitoring (on-frame),,1,3,2,1,Subplot boundary,,,,155,,271,,,3289
26-JUL-2007,51,Virginia,VA,177,1,Detection Monitoring (on-frame),,1,3,2,1,Subplot boundary,,,,30,,188,,0,4014
26-JUL-2007,51,Virginia,VA,800,1,Detection Monitoring (on-frame),,1,3,2,1,Subplot boundary,,,,21,,199,,0,2692
