LAST_UPDATE,STATE,STATE_DESCR,STATE_ABBREV,COUNTY,PROJECT,PROJECT_DESCR,HEXAGON_NBR,PLOT_NBR,POINT_NBR,CONDITION_CLASS_NBR,PLOT_TYPE,PLOT_TYPE_DESCR,OFFSET_POINT,CORNER_AZIMUTH,CORNER_DISTANCE,LEFT_AZIMUTH,LEFT_DISTANCE,RIGHT_AZIMUTH,RIGHT_DISTANCE,BOUNDARY_CHANGE,P3ID
26-JUL-2007,51,Virginia,VA,29,1,Detection Monitoring (on-frame),,1,2,2,1,Subplot boundary,,,,310,,68,,0,3260
26-JUL-2007,51,Virginia,VA,29,1,Detection Monitoring (on-frame),,1,2,2,1,Subplot boundary,,,,314,,101,,1,3265
26-JUL-2007,51,Virginia,VA,29,1,Detection Monitoring (on-frame),,1,2,2,2,Microplot boundary,,,,320,,106,,0,3265
26-JUL-2007,51,Virginia,VA,31,1,Detection Monitoring (on-frame),,1,2,1,1,Subplot boundary,,189,15.6,184,,200,,0,3274
26-JUL-2007,51,Virginia,VA,33,1,Detection Monitoring (on-frame),,1,3,1,1,Subplot boundary,,,,230,,344,,0,4012
26-JUL-2007,51,Virginia,VA,35,1,Detection Monitoring (on-frame),,1,2,1,1,Subplot boundary,,,,51,,176,,1,2766
26-JUL-2007,51,Virginia,VA,35,1,Detection Monitoring (on-frame),,1,2,2,2,Microplot boundary,,,,200,,18,,0,2766
26-JUL-2007,51,Virginia,VA,36,1,Detection Monitoring (on-frame),,1,4,1,1,Subplot boundary,,,,306,,91,,1,3237
26-JUL-2007,51,Virginia,VA,36,1,Detection Monitoring (on-frame),,1,4,1,2,Microplot boundary,,,,317,,73,,0,3237
26-JUL-2007,51,Virginia,VA,41,1,Detection Monitoring (on-frame),,1,3,2,1,Subplot boundary,,170,14,1,,163,,0,3244
26-JUL-2007,51,Virginia,VA,49,1,Detection Monitoring (on-frame),,1,2,1,2,Microplot boundary,,,,193,,294,,0,3259
26-JUL-2007,51,Virginia,VA,49,1,Detection Monitoring (on-frame),,1,2,2,1,Subplot boundary,,10,11,42,,139,,1,3259
26-JUL-2007,51,Virginia,VA,65,1,Detection Monitoring (on-frame),,1,4,2,1,Subplot boundary,,,,134,,290,,0,3270
26-JUL-2007,51,Virginia,VA,81,1,Detection Monitoring (on-frame),,1,4,1,1,Subplot boundary,,,,347,,25,,0,2707
26-JUL-2007,51,Virginia,VA,83,1,Detection Monitoring (on-frame),,1,4,1,1,Subplot boundary,,,,107,,266,,1,2729
26-JUL-2007,51,Virginia,VA,95,1,Detection Monitoring (on-frame),,1,3,3,1,Subplot boundary,,,,98,,258,,1,3225
26-JUL-2007,51,Virginia,VA,95,1,Detection Monitoring (on-frame),,1,3,3,2,Microplot boundary,,,,140,,222,,0,3225
26-JUL-2007,51,Virginia,VA,117,1,Detection Monitoring (on-frame),,1,1,1,1,Subplot boundary,,,,164,,337,,1,2722
26-JUL-2007,51,Virginia,VA,143,1,Detection Monitoring (on-frame),,1,2,2,1,Subplot boundary,,,,221,,300,,0,2749
26-JUL-2007,51,Virginia,VA,149,1,Detection Monitoring (on-frame),,1,2,1,2,Microplot boundary,,,,122,,271,,0,3234
26-JUL-2007,51,Virginia,VA,149,1,Detection Monitoring (on-frame),,1,2,3,1,Subplot boundary,,,,288,,100,,1,3234
26-JUL-2007,51,Virginia,VA,153,1,Detection Monitoring (on-frame),,1,3,2,1,Subplot boundary,,,,277,,37,,0,4029
26-JUL-2007,51,Virginia,VA,155,1,Detection Monitoring (on-frame),,1,3,2,1,Subplot boundary,,,,210,,10,,,3294
26-JUL-2007,51,Virginia,VA,163,1,Detection Monitoring (on-frame),,1,4,2,1,Subplot boundary,,,,272,,11,,0,3287
26-JUL-2007,51,Virginia,VA,177,1,Detection Monitoring (on-frame),,1,3,2,1,Subplot boundary,,,,30,,188,,1,4014
26-JUL-2007,51,Virginia,VA,185,1,Detection Monitoring (on-frame),,1,3,1,1,Subplot boundary,,,,17,,188,,0,3311
26-JUL-2007,51,Virginia,VA,800,1,Detection Monitoring (on-frame),,1,3,2,1,Subplot boundary,,,,21,,199,,0,2692
