LAST_UPDATE,STATE,STATE_DESCR,STATE_ABBREV,COUNTY,FHM_REGION,FHM_REGION_DESCR,PROJECT,PROJECT_DESCR,MEASUREMENT_TYPE,PANEL,OVERLAP,HIERARCHIAL_ID,GRID_INTENSIFICATION,ECOREGION_CODE,HEXAGON_NBR,PLOT_NBR,PLOT_STATUS,PLOT_STATUS_DESCR,PROJECT_TYPE,QA_STATUS,QA_STATUS_DESCR,LICHEN_SPECIES_CODE,GENUS,SPECIES,ABUNDANCE_CLASS,P3ID
26-JUL-2007,51,Virginia,VA,5,2,Southeast,1,Detection Monitoring (on-frame),2,3,11,1700013,0,M221A,,1,1,= at least one forest condition,1,1,standard field plot,2601,Flavoparmelia,caperata,3,3303
26-JUL-2007,51,Virginia,VA,5,2,Southeast,1,Detection Monitoring (on-frame),2,3,11,1700013,0,M221A,,1,1,= at least one forest condition,1,1,standard field plot,2812,Heterodermia,granulifera,2,3303
26-JUL-2007,51,Virginia,VA,5,2,Southeast,1,Detection Monitoring (on-frame),2,3,11,1700013,0,M221A,,1,1,= at least one forest condition,1,1,standard field plot,3116,Hypogymnia,physodes,2,3303
26-JUL-2007,51,Virginia,VA,5,2,Southeast,1,Detection Monitoring (on-frame),2,3,11,1700013,0,M221A,,1,1,= at least one forest condition,1,1,standard field plot,3611,Leptogium,cyanescens,2,3303
26-JUL-2007,51,Virginia,VA,5,2,Southeast,1,Detection Monitoring (on-frame),2,3,11,1700013,0,M221A,,1,1,= at least one forest condition,1,1,standard field plot,3905,Lobaria,pulmonaria,2,3303
26-JUL-2007,51,Virginia,VA,5,2,Southeast,1,Detection Monitoring (on-frame),2,3,11,1700013,0,M221A,,1,1,= at least one forest condition,1,1,standard field plot,3906,Lobaria,quercizans,1,3303
26-JUL-2007,51,Virginia,VA,5,2,Southeast,1,Detection Monitoring (on-frame),2,3,11,1700013,0,M221A,,1,1,= at least one forest condition,1,1,standard field plot,4805,Parmelia,squarrosa,2,3303
26-JUL-2007,51,Virginia,VA,5,2,Southeast,1,Detection Monitoring (on-frame),2,3,11,1700013,0,M221A,,1,1,= at least one forest condition,1,1,standard field plot,6302,Pseudevernia,consocians,2,3303
26-JUL-2007,51,Virginia,VA,5,2,Southeast,1,Detection Monitoring (on-frame),2,3,11,1700013,0,M221A,,1,1,= at least one forest condition,1,1,standard field plot,6708,Punctelia,rudecta,2,3303
26-JUL-2007,51,Virginia,VA,5,2,Southeast,1,Detection Monitoring (on-frame),2,3,11,1700013,0,M221A,,1,1,= at least one forest condition,1,1,standard field plot,6808,Pyxine,sorediata,2,3303
26-JUL-2007,51,Virginia,VA,5,2,Southeast,1,Detection Monitoring (on-frame),2,3,11,1700013,0,M221A,,1,1,= at least one forest condition,1,1,standard field plot,7104,Rimelia,reticulata,3,3303
26-JUL-2007,51,Virginia,VA,5,2,Southeast,1,Detection Monitoring (on-frame),2,3,11,1700013,0,M221A,,1,1,= at least one forest condition,1,1,standard field plot,8000,Usnea,,1,3303
26-JUL-2007,51,Virginia,VA,5,2,Southeast,1,Detection Monitoring (on-frame),2,3,11,1700013,0,M221A,,1,1,= at least one forest condition,1,1,standard field plot,8063,Usnea,rubicunda,2,3303
26-JUL-2007,51,Virginia,VA,5,2,Southeast,1,Detection Monitoring (on-frame),2,3,11,1700013,0,M221A,,1,1,= at least one forest condition,1,1,standard field plot,8069,Usnea,strigosa,1,3303
26-JUL-2007,51,Virginia,VA,15,2,Southeast,1,Detection Monitoring (on-frame),2,3,11,1422203,0,M221A,,1,1,= at least one forest condition,1,1,standard field plot,301,Anaptychia,palmulata,3,4055
26-JUL-2007,51,Virginia,VA,15,2,Southeast,1,Detection Monitoring (on-frame),2,3,11,1422203,0,M221A,,1,1,= at least one forest condition,1,1,standard field plot,402,Anzia,colpodes,2,4055
26-JUL-2007,51,Virginia,VA,15,2,Southeast,1,Detection Monitoring (on-frame),2,3,11,1422203,0,M221A,,1,1,= at least one forest condition,1,1,standard field plot,1006,Cetraria,ciliaris,1,4055
26-JUL-2007,51,Virginia,VA,15,2,Southeast,1,Detection Monitoring (on-frame),2,3,11,1422203,0,M221A,,1,1,= at least one forest condition,1,1,standard field plot,1104,Cetrelia,olivetorum,1,4055
26-JUL-2007,51,Virginia,VA,15,2,Southeast,1,Detection Monitoring (on-frame),2,3,11,1422203,0,M221A,,1,1,= at least one forest condition,1,1,standard field plot,1203,Cladonia,bacillaris,3,4055
26-JUL-2007,51,Virginia,VA,15,2,Southeast,1,Detection Monitoring (on-frame),2,3,11,1422203,0,M221A,,1,1,= at least one forest condition,1,1,standard field plot,2601,Flavoparmelia,caperata,3,4055
26-JUL-2007,51,Virginia,VA,15,2,Southeast,1,Detection Monitoring (on-frame),2,3,11,1422203,0,M221A,,1,1,= at least one forest condition,1,1,standard field plot,2816,Heterodermia,obscurata,3,4055
26-JUL-2007,51,Virginia,VA,15,2,Southeast,1,Detection Monitoring (on-frame),2,3,11,1422203,0,M221A,,1,1,= at least one forest condition,1,1,standard field plot,3301,Imshaugia,aleurites,3,4055
26-JUL-2007,51,Virginia,VA,15,2,Southeast,1,Detection Monitoring (on-frame),2,3,11,1422203,0,M221A,,1,1,= at least one forest condition,1,1,standard field plot,5102,Parmelinopsis,minarum,1,4055
26-JUL-2007,51,Virginia,VA,15,2,Southeast,1,Detection Monitoring (on-frame),2,3,11,1422203,0,M221A,,1,1,= at least one forest condition,1,1,standard field plot,5310,Parmotrema,eurysacum,1,4055
26-JUL-2007,51,Virginia,VA,15,2,Southeast,1,Detection Monitoring (on-frame),2,3,11,1422203,0,M221A,,1,1,= at least one forest condition,1,1,standard field plot,6106,Platismatia,tuckermanii,1,4055
26-JUL-2007,51,Virginia,VA,15,2,Southeast,1,Detection Monitoring (on-frame),2,3,11,1422203,0,M221A,,1,1,= at least one forest condition,1,1,standard field plot,6302,Pseudevernia,consocians,1,4055
26-JUL-2007,51,Virginia,VA,15,2,Southeast,1,Detection Monitoring (on-frame),2,3,11,1422203,0,M221A,,1,1,= at least one forest condition,1,1,standard field plot,6705,Punctelia,missouriensis,2,4055
26-JUL-2007,51,Virginia,VA,15,2,Southeast,1,Detection Monitoring (on-frame),2,3,11,1422203,0,M221A,,1,1,= at least one forest condition,1,1,standard field plot,6711,Punctelia,subrudecta,3,4055
26-JUL-2007,51,Virginia,VA,15,2,Southeast,1,Detection Monitoring (on-frame),2,3,11,1422203,0,M221A,,1,1,= at least one forest condition,1,1,standard field plot,6808,Pyxine,sorediata,3,4055
26-JUL-2007,51,Virginia,VA,15,2,Southeast,1,Detection Monitoring (on-frame),2,3,11,1422203,0,M221A,,1,1,= at least one forest condition,1,1,standard field plot,7104,Rimelia,reticulata,3,4055
26-JUL-2007,51,Virginia,VA,15,2,Southeast,1,Detection Monitoring (on-frame),2,3,11,1422203,0,M221A,,1,1,= at least one forest condition,1,1,standard field plot,8050,Usnea,miriabilis,3,4055
26-JUL-2007,51,Virginia,VA,15,2,Southeast,1,Detection Monitoring (on-frame),2,3,11,1422203,0,M221A,,1,1,= at least one forest condition,1,1,standard field plot,8063,Usnea,rubicunda,2,4055
26-JUL-2007,51,Virginia,VA,15,2,Southeast,1,Detection Monitoring (on-frame),2,3,11,1422203,0,M221A,,1,1,= at least one forest condition,1,1,standard field plot,8069,Usnea,strigosa,2,4055
26-JUL-2007,51,Virginia,VA,33,2,Southeast,1,Detection Monitoring (on-frame),2,3,10,1420233,0,-232A,,1,1,= at least one forest condition,1,1,standard field plot,2601,Flavoparmelia,caperata,2,4012
26-JUL-2007,51,Virginia,VA,33,2,Southeast,1,Detection Monitoring (on-frame),2,3,10,1420233,0,-232A,,1,1,= at least one forest condition,1,1,standard field plot,4201,Myelochroa,aurulenta,3,4012
26-JUL-2007,51,Virginia,VA,33,2,Southeast,1,Detection Monitoring (on-frame),2,3,10,1420233,0,-232A,,1,1,= at least one forest condition,1,1,standard field plot,5102,Parmelinopsis,minarum,1,4012
26-JUL-2007,51,Virginia,VA,33,2,Southeast,1,Detection Monitoring (on-frame),2,3,10,1420233,0,-232A,,1,1,= at least one forest condition,1,1,standard field plot,5314,Parmotrema,hypotropum,3,4012
26-JUL-2007,51,Virginia,VA,33,2,Southeast,1,Detection Monitoring (on-frame),2,3,10,1420233,0,-232A,,1,1,= at least one forest condition,1,1,standard field plot,5614,Phaeophyscia,rubropulchra,3,4012
26-JUL-2007,51,Virginia,VA,33,2,Southeast,1,Detection Monitoring (on-frame),2,3,10,1420233,0,-232A,,1,1,= at least one forest condition,1,1,standard field plot,5704,Physcia,americana,1,4012
26-JUL-2007,51,Virginia,VA,33,2,Southeast,1,Detection Monitoring (on-frame),2,3,10,1420233,0,-232A,,1,1,= at least one forest condition,1,1,standard field plot,5716,Physcia,millegrana,3,4012
26-JUL-2007,51,Virginia,VA,33,2,Southeast,1,Detection Monitoring (on-frame),2,3,10,1420233,0,-232A,,1,1,= at least one forest condition,1,1,standard field plot,6708,Punctelia,rudecta,2,4012
26-JUL-2007,51,Virginia,VA,65,2,Southeast,1,Detection Monitoring (on-frame),2,3,11,1422033,0,-231A,,1,1,= at least one forest condition,1,1,standard field plot,1008,Cetraria,fendleri,1,3270
26-JUL-2007,51,Virginia,VA,65,2,Southeast,1,Detection Monitoring (on-frame),2,3,11,1422033,0,-231A,,1,1,= at least one forest condition,1,1,standard field plot,2601,Flavoparmelia,caperata,2,3270
26-JUL-2007,51,Virginia,VA,65,2,Southeast,1,Detection Monitoring (on-frame),2,3,11,1422033,0,-231A,,1,1,= at least one forest condition,1,1,standard field plot,5102,Parmelinopsis,minarum,1,3270
26-JUL-2007,51,Virginia,VA,65,2,Southeast,1,Detection Monitoring (on-frame),2,3,11,1422033,0,-231A,,1,1,= at least one forest condition,1,1,standard field plot,5323,Parmotrema,perforatum,3,3270
26-JUL-2007,51,Virginia,VA,65,2,Southeast,1,Detection Monitoring (on-frame),2,3,11,1422033,0,-231A,,1,1,= at least one forest condition,1,1,standard field plot,5718,Physcia,neogaea,1,3270
26-JUL-2007,51,Virginia,VA,65,2,Southeast,1,Detection Monitoring (on-frame),2,3,11,1422033,0,-231A,,1,1,= at least one forest condition,1,1,standard field plot,6708,Punctelia,rudecta,3,3270
26-JUL-2007,51,Virginia,VA,65,2,Southeast,1,Detection Monitoring (on-frame),2,3,11,1422033,0,-231A,,1,1,= at least one forest condition,1,1,standard field plot,6808,Pyxine,sorediata,2,3270
26-JUL-2007,51,Virginia,VA,65,2,Southeast,1,Detection Monitoring (on-frame),2,3,11,1422033,0,-231A,,1,1,= at least one forest condition,1,1,standard field plot,6901,Ramalina,americana,1,3270
26-JUL-2007,51,Virginia,VA,65,2,Southeast,1,Detection Monitoring (on-frame),2,3,11,1422033,0,-231A,,1,1,= at least one forest condition,1,1,standard field plot,8050,Usnea,miriabilis,1,3270
26-JUL-2007,51,Virginia,VA,65,2,Southeast,1,Detection Monitoring (on-frame),2,3,11,1422033,0,-231A,,1,1,= at least one forest condition,1,1,standard field plot,8069,Usnea,strigosa,1,3270
26-JUL-2007,51,Virginia,VA,69,2,Southeast,1,Detection Monitoring (on-frame),2,3,10,1331323,0,M221A,,1,1,= at least one forest condition,1,1,standard field plot,2601,Flavoparmelia,caperata,2,4806
26-JUL-2007,51,Virginia,VA,69,2,Southeast,1,Detection Monitoring (on-frame),2,3,10,1331323,0,M221A,,1,1,= at least one forest condition,1,1,standard field plot,2816,Heterodermia,obscurata,2,4806
26-JUL-2007,51,Virginia,VA,69,2,Southeast,1,Detection Monitoring (on-frame),2,3,10,1331323,0,M221A,,1,1,= at least one forest condition,1,1,standard field plot,4201,Myelochroa,aurulenta,3,4806
26-JUL-2007,51,Virginia,VA,69,2,Southeast,1,Detection Monitoring (on-frame),2,3,10,1331323,0,M221A,,1,1,= at least one forest condition,1,1,standard field plot,5305,Parmotrema,crinitum,1,4806
26-JUL-2007,51,Virginia,VA,69,2,Southeast,1,Detection Monitoring (on-frame),2,3,10,1331323,0,M221A,,1,1,= at least one forest condition,1,1,standard field plot,5614,Phaeophyscia,rubropulchra,2,4806
26-JUL-2007,51,Virginia,VA,69,2,Southeast,1,Detection Monitoring (on-frame),2,3,10,1331323,0,M221A,,1,1,= at least one forest condition,1,1,standard field plot,5716,Physcia,millegrana,2,4806
26-JUL-2007,51,Virginia,VA,69,2,Southeast,1,Detection Monitoring (on-frame),2,3,10,1331323,0,M221A,,1,1,= at least one forest condition,1,1,standard field plot,6705,Punctelia,missouriensis,3,4806
26-JUL-2007,51,Virginia,VA,69,2,Southeast,1,Detection Monitoring (on-frame),2,3,10,1331323,0,M221A,,1,1,= at least one forest condition,1,1,standard field plot,6708,Punctelia,rudecta,2,4806
26-JUL-2007,51,Virginia,VA,69,2,Southeast,1,Detection Monitoring (on-frame),2,3,10,1331323,0,M221A,,1,1,= at least one forest condition,1,1,standard field plot,8301,Candelaria,concolor,3,4806
26-JUL-2007,51,Virginia,VA,97,2,Southeast,1,Detection Monitoring (on-frame),2,3,12,1420323,0,-232A,,1,1,= at least one forest condition,1,1,standard field plot,5305,Parmotrema,crinitum,2,3227
26-JUL-2007,51,Virginia,VA,97,2,Southeast,1,Detection Monitoring (on-frame),2,3,12,1420323,0,-232A,,1,1,= at least one forest condition,1,1,standard field plot,5320,Parmotrema,michauxianum,1,3227
26-JUL-2007,51,Virginia,VA,97,2,Southeast,1,Detection Monitoring (on-frame),2,3,12,1420323,0,-232A,,1,1,= at least one forest condition,1,1,standard field plot,5614,Phaeophyscia,rubropulchra,2,3227
26-JUL-2007,51,Virginia,VA,97,2,Southeast,1,Detection Monitoring (on-frame),2,3,12,1420323,0,-232A,,1,1,= at least one forest condition,1,1,standard field plot,5704,Physcia,americana,1,3227
26-JUL-2007,51,Virginia,VA,97,2,Southeast,1,Detection Monitoring (on-frame),2,3,12,1420323,0,-232A,,1,1,= at least one forest condition,1,1,standard field plot,5718,Physcia,neogaea,1,3227
26-JUL-2007,51,Virginia,VA,97,2,Southeast,1,Detection Monitoring (on-frame),2,3,12,1420323,0,-232A,,1,1,= at least one forest condition,1,1,standard field plot,6707,Punctelia,reddenda,2,3227
26-JUL-2007,51,Virginia,VA,97,2,Southeast,1,Detection Monitoring (on-frame),2,3,12,1420323,0,-232A,,1,1,= at least one forest condition,1,1,standard field plot,6708,Punctelia,rudecta,2,3227
26-JUL-2007,51,Virginia,VA,109,2,Southeast,1,Detection Monitoring (on-frame),2,3,12,1422013,0,-231A,,1,1,= at least one forest condition,1,1,standard field plot,1006,Cetraria,ciliaris,2,3251
26-JUL-2007,51,Virginia,VA,109,2,Southeast,1,Detection Monitoring (on-frame),2,3,12,1422013,0,-231A,,1,1,= at least one forest condition,1,1,standard field plot,1203,Cladonia,bacillaris,3,3251
26-JUL-2007,51,Virginia,VA,109,2,Southeast,1,Detection Monitoring (on-frame),2,3,12,1422013,0,-231A,,1,1,= at least one forest condition,1,1,standard field plot,2601,Flavoparmelia,caperata,2,3251
26-JUL-2007,51,Virginia,VA,109,2,Southeast,1,Detection Monitoring (on-frame),2,3,12,1422013,0,-231A,,1,1,= at least one forest condition,1,1,standard field plot,2822,Heterodermia,speciosa,2,3251
26-JUL-2007,51,Virginia,VA,109,2,Southeast,1,Detection Monitoring (on-frame),2,3,12,1422013,0,-231A,,1,1,= at least one forest condition,1,1,standard field plot,3208,Hypotrachyna,livida,2,3251
26-JUL-2007,51,Virginia,VA,109,2,Southeast,1,Detection Monitoring (on-frame),2,3,12,1422013,0,-231A,,1,1,= at least one forest condition,1,1,standard field plot,5323,Parmotrema,perforatum,2,3251
26-JUL-2007,51,Virginia,VA,109,2,Southeast,1,Detection Monitoring (on-frame),2,3,12,1422013,0,-231A,,1,1,= at least one forest condition,1,1,standard field plot,5614,Phaeophyscia,rubropulchra,3,3251
26-JUL-2007,51,Virginia,VA,109,2,Southeast,1,Detection Monitoring (on-frame),2,3,12,1422013,0,-231A,,1,1,= at least one forest condition,1,1,standard field plot,5704,Physcia,americana,2,3251
26-JUL-2007,51,Virginia,VA,109,2,Southeast,1,Detection Monitoring (on-frame),2,3,12,1422013,0,-231A,,1,1,= at least one forest condition,1,1,standard field plot,6708,Punctelia,rudecta,2,3251
26-JUL-2007,51,Virginia,VA,109,2,Southeast,1,Detection Monitoring (on-frame),2,3,12,1422013,0,-231A,,1,1,= at least one forest condition,1,1,standard field plot,6808,Pyxine,sorediata,2,3251
26-JUL-2007,51,Virginia,VA,109,2,Southeast,1,Detection Monitoring (on-frame),2,3,12,1422013,0,-231A,,1,1,= at least one forest condition,1,1,standard field plot,8069,Usnea,strigosa,2,3251
26-JUL-2007,51,Virginia,VA,125,2,Southeast,1,Detection Monitoring (on-frame),2,3,10,1422213,0,M221D,,1,1,= at least one forest condition,1,1,standard field plot,4201,Myelochroa,aurulenta,3,3268
26-JUL-2007,51,Virginia,VA,125,2,Southeast,1,Detection Monitoring (on-frame),2,3,10,1422213,0,M221D,,1,1,= at least one forest condition,1,1,standard field plot,5314,Parmotrema,hypotropum,1,3268
26-JUL-2007,51,Virginia,VA,125,2,Southeast,1,Detection Monitoring (on-frame),2,3,10,1422213,0,M221D,,1,1,= at least one forest condition,1,1,standard field plot,5613,Phaeophyscia,pusilloides,3,3268
26-JUL-2007,51,Virginia,VA,125,2,Southeast,1,Detection Monitoring (on-frame),2,3,10,1422213,0,M221D,,1,1,= at least one forest condition,1,1,standard field plot,5614,Phaeophyscia,rubropulchra,3,3268
26-JUL-2007,51,Virginia,VA,125,2,Southeast,1,Detection Monitoring (on-frame),2,3,10,1422213,0,M221D,,1,1,= at least one forest condition,1,1,standard field plot,5716,Physcia,millegrana,3,3268
26-JUL-2007,51,Virginia,VA,125,2,Southeast,1,Detection Monitoring (on-frame),2,3,10,1422213,0,M221D,,1,1,= at least one forest condition,1,1,standard field plot,5723,Physcia,stellaris,1,3268
26-JUL-2007,51,Virginia,VA,125,2,Southeast,1,Detection Monitoring (on-frame),2,3,10,1422213,0,M221D,,1,1,= at least one forest condition,1,1,standard field plot,6708,Punctelia,rudecta,2,3268
26-JUL-2007,51,Virginia,VA,139,2,Southeast,1,Detection Monitoring (on-frame),2,3,11,1333113,0,M221A,,1,1,= at least one forest condition,1,1,standard field plot,2601,Flavoparmelia,caperata,2,4043
26-JUL-2007,51,Virginia,VA,139,2,Southeast,1,Detection Monitoring (on-frame),2,3,11,1333113,0,M221A,,1,1,= at least one forest condition,1,1,standard field plot,2816,Heterodermia,obscurata,2,4043
26-JUL-2007,51,Virginia,VA,139,2,Southeast,1,Detection Monitoring (on-frame),2,3,11,1333113,0,M221A,,1,1,= at least one forest condition,1,1,standard field plot,4201,Myelochroa,aurulenta,2,4043
26-JUL-2007,51,Virginia,VA,139,2,Southeast,1,Detection Monitoring (on-frame),2,3,11,1333113,0,M221A,,1,1,= at least one forest condition,1,1,standard field plot,5102,Parmelinopsis,minarum,2,4043
26-JUL-2007,51,Virginia,VA,139,2,Southeast,1,Detection Monitoring (on-frame),2,3,11,1333113,0,M221A,,1,1,= at least one forest condition,1,1,standard field plot,5314,Parmotrema,hypotropum,2,4043
26-JUL-2007,51,Virginia,VA,139,2,Southeast,1,Detection Monitoring (on-frame),2,3,11,1333113,0,M221A,,1,1,= at least one forest condition,1,1,standard field plot,5318,Parmotrema,margaritatum,1,4043
26-JUL-2007,51,Virginia,VA,139,2,Southeast,1,Detection Monitoring (on-frame),2,3,11,1333113,0,M221A,,1,1,= at least one forest condition,1,1,standard field plot,5614,Phaeophyscia,rubropulchra,2,4043
26-JUL-2007,51,Virginia,VA,139,2,Southeast,1,Detection Monitoring (on-frame),2,3,11,1333113,0,M221A,,1,1,= at least one forest condition,1,1,standard field plot,5716,Physcia,millegrana,3,4043
26-JUL-2007,51,Virginia,VA,139,2,Southeast,1,Detection Monitoring (on-frame),2,3,11,1333113,0,M221A,,1,1,= at least one forest condition,1,1,standard field plot,5723,Physcia,stellaris,2,4043
26-JUL-2007,51,Virginia,VA,139,2,Southeast,1,Detection Monitoring (on-frame),2,3,11,1333113,0,M221A,,1,1,= at least one forest condition,1,1,standard field plot,6708,Punctelia,rudecta,2,4043
26-JUL-2007,51,Virginia,VA,139,2,Southeast,1,Detection Monitoring (on-frame),2,3,11,1333113,0,M221A,,1,1,= at least one forest condition,1,1,standard field plot,6808,Pyxine,sorediata,2,4043
26-JUL-2007,51,Virginia,VA,139,2,Southeast,1,Detection Monitoring (on-frame),2,3,11,1333113,0,M221A,,1,1,= at least one forest condition,1,1,standard field plot,8301,Candelaria,concolor,2,4043
26-JUL-2007,51,Virginia,VA,163,2,Southeast,1,Detection Monitoring (on-frame),2,3,12,1422233,0,M221A,,1,1,= at least one forest condition,1,1,standard field plot,2601,Flavoparmelia,caperata,3,3287
26-JUL-2007,51,Virginia,VA,163,2,Southeast,1,Detection Monitoring (on-frame),2,3,12,1422233,0,M221A,,1,1,= at least one forest condition,1,1,standard field plot,2816,Heterodermia,obscurata,3,3287
26-JUL-2007,51,Virginia,VA,163,2,Southeast,1,Detection Monitoring (on-frame),2,3,12,1422233,0,M221A,,1,1,= at least one forest condition,1,1,standard field plot,4201,Myelochroa,aurulenta,2,3287
26-JUL-2007,51,Virginia,VA,163,2,Southeast,1,Detection Monitoring (on-frame),2,3,12,1422233,0,M221A,,1,1,= at least one forest condition,1,1,standard field plot,4806,Parmelia,sulcata,2,3287
26-JUL-2007,51,Virginia,VA,163,2,Southeast,1,Detection Monitoring (on-frame),2,3,12,1422233,0,M221A,,1,1,= at least one forest condition,1,1,standard field plot,5314,Parmotrema,hypotropum,2,3287
26-JUL-2007,51,Virginia,VA,163,2,Southeast,1,Detection Monitoring (on-frame),2,3,12,1422233,0,M221A,,1,1,= at least one forest condition,1,1,standard field plot,5614,Phaeophyscia,rubropulchra,3,3287
26-JUL-2007,51,Virginia,VA,163,2,Southeast,1,Detection Monitoring (on-frame),2,3,12,1422233,0,M221A,,1,1,= at least one forest condition,1,1,standard field plot,5716,Physcia,millegrana,2,3287
26-JUL-2007,51,Virginia,VA,163,2,Southeast,1,Detection Monitoring (on-frame),2,3,12,1422233,0,M221A,,1,1,= at least one forest condition,1,1,standard field plot,5718,Physcia,neogaea,2,3287
26-JUL-2007,51,Virginia,VA,163,2,Southeast,1,Detection Monitoring (on-frame),2,3,12,1422233,0,M221A,,1,1,= at least one forest condition,1,1,standard field plot,5901,Physconia,detersa,2,3287
26-JUL-2007,51,Virginia,VA,163,2,Southeast,1,Detection Monitoring (on-frame),2,3,12,1422233,0,M221A,,1,1,= at least one forest condition,1,1,standard field plot,6708,Punctelia,rudecta,2,3287
26-JUL-2007,51,Virginia,VA,163,2,Southeast,1,Detection Monitoring (on-frame),2,3,12,1422233,0,M221A,,1,1,= at least one forest condition,1,1,standard field plot,6711,Punctelia,subrudecta,1,3287
26-JUL-2007,51,Virginia,VA,163,2,Southeast,1,Detection Monitoring (on-frame),2,3,12,1422233,0,M221A,,1,1,= at least one forest condition,1,1,standard field plot,6808,Pyxine,sorediata,2,3287
26-JUL-2007,51,Virginia,VA,163,2,Southeast,1,Detection Monitoring (on-frame),2,3,12,1422233,0,M221A,,1,1,= at least one forest condition,1,1,standard field plot,8050,Usnea,miriabilis,2,3287
26-JUL-2007,51,Virginia,VA,163,2,Southeast,1,Detection Monitoring (on-frame),2,3,12,1422233,0,M221A,,1,1,= at least one forest condition,1,1,standard field plot,8069,Usnea,strigosa,1,3287
26-JUL-2007,51,Virginia,VA,165,2,Southeast,1,Detection Monitoring (on-frame),2,3,12,1422023,0,M221A,,1,1,= at least one forest condition,1,1,standard field plot,1012,Cetraria,oakesiana,1,4039
26-JUL-2007,51,Virginia,VA,165,2,Southeast,1,Detection Monitoring (on-frame),2,3,12,1422023,0,M221A,,1,1,= at least one forest condition,1,1,standard field plot,2601,Flavoparmelia,caperata,2,4039
26-JUL-2007,51,Virginia,VA,165,2,Southeast,1,Detection Monitoring (on-frame),2,3,12,1422023,0,M221A,,1,1,= at least one forest condition,1,1,standard field plot,4201,Myelochroa,aurulenta,3,4039
26-JUL-2007,51,Virginia,VA,165,2,Southeast,1,Detection Monitoring (on-frame),2,3,12,1422023,0,M221A,,1,1,= at least one forest condition,1,1,standard field plot,4202,Myelochroa,galbina,2,4039
26-JUL-2007,51,Virginia,VA,165,2,Southeast,1,Detection Monitoring (on-frame),2,3,12,1422023,0,M221A,,1,1,= at least one forest condition,1,1,standard field plot,5314,Parmotrema,hypotropum,1,4039
26-JUL-2007,51,Virginia,VA,165,2,Southeast,1,Detection Monitoring (on-frame),2,3,12,1422023,0,M221A,,1,1,= at least one forest condition,1,1,standard field plot,5613,Phaeophyscia,pusilloides,3,4039
26-JUL-2007,51,Virginia,VA,165,2,Southeast,1,Detection Monitoring (on-frame),2,3,12,1422023,0,M221A,,1,1,= at least one forest condition,1,1,standard field plot,5614,Phaeophyscia,rubropulchra,1,4039
26-JUL-2007,51,Virginia,VA,165,2,Southeast,1,Detection Monitoring (on-frame),2,3,12,1422023,0,M221A,,1,1,= at least one forest condition,1,1,standard field plot,5718,Physcia,neogaea,2,4039
26-JUL-2007,51,Virginia,VA,165,2,Southeast,1,Detection Monitoring (on-frame),2,3,12,1422023,0,M221A,,1,1,= at least one forest condition,1,1,standard field plot,5901,Physconia,detersa,1,4039
26-JUL-2007,51,Virginia,VA,165,2,Southeast,1,Detection Monitoring (on-frame),2,3,12,1422023,0,M221A,,1,1,= at least one forest condition,1,1,standard field plot,6708,Punctelia,rudecta,1,4039
26-JUL-2007,51,Virginia,VA,165,2,Southeast,1,Detection Monitoring (on-frame),2,3,12,1422023,0,M221A,,1,1,= at least one forest condition,1,1,standard field plot,6808,Pyxine,sorediata,1,4039
26-JUL-2007,51,Virginia,VA,165,2,Southeast,1,Detection Monitoring (on-frame),2,3,12,1422023,0,M221A,,1,1,= at least one forest condition,1,1,standard field plot,8050,Usnea,miriabilis,2,4039
26-JUL-2007,51,Virginia,VA,165,2,Southeast,1,Detection Monitoring (on-frame),2,3,12,1422023,0,M221A,,1,1,= at least one forest condition,1,1,standard field plot,8301,Candelaria,concolor,2,4039
26-JUL-2007,51,Virginia,VA,181,2,Southeast,1,Detection Monitoring (on-frame),2,3,10,1422113,0,-232A,,1,1,= at least one forest condition,1,1,standard field plot,2601,Flavoparmelia,caperata,2,3223
26-JUL-2007,51,Virginia,VA,181,2,Southeast,1,Detection Monitoring (on-frame),2,3,10,1422113,0,-232A,,1,1,= at least one forest condition,1,1,standard field plot,5314,Parmotrema,hypotropum,1,3223
26-JUL-2007,51,Virginia,VA,181,2,Southeast,1,Detection Monitoring (on-frame),2,3,10,1422113,0,-232A,,1,1,= at least one forest condition,1,1,standard field plot,5716,Physcia,millegrana,2,3223
26-JUL-2007,51,Virginia,VA,181,2,Southeast,1,Detection Monitoring (on-frame),2,3,10,1422113,0,-232A,,1,1,= at least one forest condition,1,1,standard field plot,5718,Physcia,neogaea,2,3223
26-JUL-2007,51,Virginia,VA,181,2,Southeast,1,Detection Monitoring (on-frame),2,3,10,1422113,0,-232A,,1,1,= at least one forest condition,1,1,standard field plot,6708,Punctelia,rudecta,2,3223
26-JUL-2007,51,Virginia,VA,800,2,Southeast,1,Detection Monitoring (on-frame),2,3,12,1423003,0,-232A,,1,1,= at least one forest condition,1,1,standard field plot,701,Bulbothrix,confoederata,2,2692
26-JUL-2007,51,Virginia,VA,800,2,Southeast,1,Detection Monitoring (on-frame),2,3,12,1423003,0,-232A,,1,1,= at least one forest condition,1,1,standard field plot,802,Canoparmelia,caroliniana,2,2692
26-JUL-2007,51,Virginia,VA,800,2,Southeast,1,Detection Monitoring (on-frame),2,3,12,1423003,0,-232A,,1,1,= at least one forest condition,1,1,standard field plot,2601,Flavoparmelia,caperata,2,2692
26-JUL-2007,51,Virginia,VA,800,2,Southeast,1,Detection Monitoring (on-frame),2,3,12,1423003,0,-232A,,1,1,= at least one forest condition,1,1,standard field plot,3208,Hypotrachyna,livida,3,2692
26-JUL-2007,51,Virginia,VA,800,2,Southeast,1,Detection Monitoring (on-frame),2,3,12,1423003,0,-232A,,1,1,= at least one forest condition,1,1,standard field plot,3210,Hypotrachyna,osseoalba,2,2692
26-JUL-2007,51,Virginia,VA,800,2,Southeast,1,Detection Monitoring (on-frame),2,3,12,1423003,0,-232A,,1,1,= at least one forest condition,1,1,standard field plot,6707,Punctelia,reddenda,1,2692
26-JUL-2007,51,Virginia,VA,800,2,Southeast,1,Detection Monitoring (on-frame),2,3,12,1423003,0,-232A,,1,1,= at least one forest condition,1,1,standard field plot,7104,Rimelia,reticulata,2,2692
26-JUL-2007,51,Virginia,VA,800,2,Southeast,1,Detection Monitoring (on-frame),2,3,12,1423003,0,-232A,,1,1,= at least one forest condition,1,1,standard field plot,8069,Usnea,strigosa,1,2692
