LAST_UPDATE,STATE,STATE_DESCR,STATE_ABBREV,COUNTY,FHM_REGION,FHM_REGION_DESCR,PROJECT,PROJECT_DESCR,MEASUREMENT_TYPE,PANEL,OVERLAP,HIERARCHIAL_ID,GRID_INTENSIFICATION,ECOREGION_CODE,HEXAGON_NBR,PLOT_NBR,PLOT_STATUS,PLOT_STATUS_DESCR,PROJECT_TYPE,QA_STATUS,QA_STATUS_DESCR,LICHEN_SPECIES_CODE,GENUS,SPECIES,ABUNDANCE_CLASS,P3ID
26-JUL-2007,51,Virginia,VA,5,2,Southeast,1,Detection Monitoring (on-frame),3,3,11,1700013,0,M221A,,1,1,= at least one forest condition,,1,standard field plot,2601,Flavoparmelia,caperata,3,3303
26-JUL-2007,51,Virginia,VA,5,2,Southeast,1,Detection Monitoring (on-frame),3,3,11,1700013,0,M221A,,1,1,= at least one forest condition,,1,standard field plot,2823,Heterodermia,squamulosa,2,3303
26-JUL-2007,51,Virginia,VA,5,2,Southeast,1,Detection Monitoring (on-frame),3,3,11,1700013,0,M221A,,1,1,= at least one forest condition,,1,standard field plot,3906,Lobaria,quercizans,2,3303
26-JUL-2007,51,Virginia,VA,5,2,Southeast,1,Detection Monitoring (on-frame),3,3,11,1700013,0,M221A,,1,1,= at least one forest condition,,1,standard field plot,5307,Parmotrema,dilatatum,3,3303
26-JUL-2007,51,Virginia,VA,5,2,Southeast,1,Detection Monitoring (on-frame),3,3,11,1700013,0,M221A,,1,1,= at least one forest condition,,1,standard field plot,6302,Pseudevernia,consocians,2,3303
26-JUL-2007,51,Virginia,VA,5,2,Southeast,1,Detection Monitoring (on-frame),3,3,11,1700013,0,M221A,,1,1,= at least one forest condition,,1,standard field plot,6708,Punctelia,rudecta,3,3303
26-JUL-2007,51,Virginia,VA,5,2,Southeast,1,Detection Monitoring (on-frame),3,3,11,1700013,0,M221A,,1,1,= at least one forest condition,,1,standard field plot,8000,Usnea,,2,3303
26-JUL-2007,51,Virginia,VA,15,2,Southeast,1,Detection Monitoring (on-frame),3,3,11,1422203,0,M221A,,1,1,= at least one forest condition,,1,standard field plot,301,Anaptychia,palmulata,2,4055
26-JUL-2007,51,Virginia,VA,15,2,Southeast,1,Detection Monitoring (on-frame),3,3,11,1422203,0,M221A,,1,1,= at least one forest condition,,1,standard field plot,1006,Cetraria,ciliaris,3,4055
26-JUL-2007,51,Virginia,VA,15,2,Southeast,1,Detection Monitoring (on-frame),3,3,11,1422203,0,M221A,,1,1,= at least one forest condition,,1,standard field plot,1211,Cladonia,coniocraea,1,4055
26-JUL-2007,51,Virginia,VA,15,2,Southeast,1,Detection Monitoring (on-frame),3,3,11,1422203,0,M221A,,1,1,= at least one forest condition,,1,standard field plot,1212,Cladonia,cristatella,1,4055
26-JUL-2007,51,Virginia,VA,15,2,Southeast,1,Detection Monitoring (on-frame),3,3,11,1422203,0,M221A,,1,1,= at least one forest condition,,1,standard field plot,1272,Cladonia,uncialis,3,4055
26-JUL-2007,51,Virginia,VA,15,2,Southeast,1,Detection Monitoring (on-frame),3,3,11,1422203,0,M221A,,1,1,= at least one forest condition,,1,standard field plot,2601,Flavoparmelia,caperata,3,4055
26-JUL-2007,51,Virginia,VA,15,2,Southeast,1,Detection Monitoring (on-frame),3,3,11,1422203,0,M221A,,1,1,= at least one forest condition,,1,standard field plot,2813,Heterodermia,hypoleuca,3,4055
26-JUL-2007,51,Virginia,VA,15,2,Southeast,1,Detection Monitoring (on-frame),3,3,11,1422203,0,M221A,,1,1,= at least one forest condition,,1,standard field plot,3301,Imshaugia,aleurites,2,4055
26-JUL-2007,51,Virginia,VA,15,2,Southeast,1,Detection Monitoring (on-frame),3,3,11,1422203,0,M221A,,1,1,= at least one forest condition,,1,standard field plot,3905,Lobaria,pulmonaria,1,4055
26-JUL-2007,51,Virginia,VA,15,2,Southeast,1,Detection Monitoring (on-frame),3,3,11,1422203,0,M221A,,1,1,= at least one forest condition,,1,standard field plot,4201,Myelochroa,aurulenta,2,4055
26-JUL-2007,51,Virginia,VA,15,2,Southeast,1,Detection Monitoring (on-frame),3,3,11,1422203,0,M221A,,1,1,= at least one forest condition,,1,standard field plot,4601,Normandina,pulchella,2,4055
26-JUL-2007,51,Virginia,VA,15,2,Southeast,1,Detection Monitoring (on-frame),3,3,11,1422203,0,M221A,,1,1,= at least one forest condition,,1,standard field plot,4904,Parmeliella,triptophylla,2,4055
26-JUL-2007,51,Virginia,VA,15,2,Southeast,1,Detection Monitoring (on-frame),3,3,11,1422203,0,M221A,,1,1,= at least one forest condition,,1,standard field plot,5101,Parmelinopsis,horrescens,2,4055
26-JUL-2007,51,Virginia,VA,15,2,Southeast,1,Detection Monitoring (on-frame),3,3,11,1422203,0,M221A,,1,1,= at least one forest condition,,1,standard field plot,5303,Parmotrema,chinense,3,4055
26-JUL-2007,51,Virginia,VA,15,2,Southeast,1,Detection Monitoring (on-frame),3,3,11,1422203,0,M221A,,1,1,= at least one forest condition,,1,standard field plot,5314,Parmotrema,hypotropum,3,4055
26-JUL-2007,51,Virginia,VA,15,2,Southeast,1,Detection Monitoring (on-frame),3,3,11,1422203,0,M221A,,1,1,= at least one forest condition,,1,standard field plot,5318,Parmotrema,margaritatum,3,4055
26-JUL-2007,51,Virginia,VA,15,2,Southeast,1,Detection Monitoring (on-frame),3,3,11,1422203,0,M221A,,1,1,= at least one forest condition,,1,standard field plot,5328,Parmotrema,gardneri,3,4055
26-JUL-2007,51,Virginia,VA,15,2,Southeast,1,Detection Monitoring (on-frame),3,3,11,1422203,0,M221A,,1,1,= at least one forest condition,,1,standard field plot,5716,Physcia,millegrana,3,4055
26-JUL-2007,51,Virginia,VA,15,2,Southeast,1,Detection Monitoring (on-frame),3,3,11,1422203,0,M221A,,1,1,= at least one forest condition,,1,standard field plot,5723,Physcia,stellaris,2,4055
26-JUL-2007,51,Virginia,VA,15,2,Southeast,1,Detection Monitoring (on-frame),3,3,11,1422203,0,M221A,,1,1,= at least one forest condition,,1,standard field plot,6106,Platismatia,tuckermanii,2,4055
26-JUL-2007,51,Virginia,VA,15,2,Southeast,1,Detection Monitoring (on-frame),3,3,11,1422203,0,M221A,,1,1,= at least one forest condition,,1,standard field plot,6302,Pseudevernia,consocians,2,4055
26-JUL-2007,51,Virginia,VA,15,2,Southeast,1,Detection Monitoring (on-frame),3,3,11,1422203,0,M221A,,1,1,= at least one forest condition,,1,standard field plot,6708,Punctelia,rudecta,2,4055
26-JUL-2007,51,Virginia,VA,15,2,Southeast,1,Detection Monitoring (on-frame),3,3,11,1422203,0,M221A,,1,1,= at least one forest condition,,1,standard field plot,6711,Punctelia,subrudecta,3,4055
26-JUL-2007,51,Virginia,VA,15,2,Southeast,1,Detection Monitoring (on-frame),3,3,11,1422203,0,M221A,,1,1,= at least one forest condition,,1,standard field plot,7104,Rimelia,reticulata,3,4055
26-JUL-2007,51,Virginia,VA,15,2,Southeast,1,Detection Monitoring (on-frame),3,3,11,1422203,0,M221A,,1,1,= at least one forest condition,,1,standard field plot,8072,Usnea,subfloridana,3,4055
26-JUL-2007,51,Virginia,VA,19,2,Southeast,1,Detection Monitoring (on-frame),3,3,10,1700103,0,M221A,,1,1,= at least one forest condition,,1,standard field plot,1203,Cladonia,bacillaris,1,3279
26-JUL-2007,51,Virginia,VA,19,2,Southeast,1,Detection Monitoring (on-frame),3,3,10,1700103,0,M221A,,1,1,= at least one forest condition,,1,standard field plot,1229,Cladonia,parasitica,3,3279
26-JUL-2007,51,Virginia,VA,19,2,Southeast,1,Detection Monitoring (on-frame),3,3,10,1700103,0,M221A,,1,1,= at least one forest condition,,1,standard field plot,1234,Cladonia,ramulosa,1,3279
26-JUL-2007,51,Virginia,VA,19,2,Southeast,1,Detection Monitoring (on-frame),3,3,10,1700103,0,M221A,,1,1,= at least one forest condition,,1,standard field plot,2601,Flavoparmelia,caperata,3,3279
26-JUL-2007,51,Virginia,VA,19,2,Southeast,1,Detection Monitoring (on-frame),3,3,10,1700103,0,M221A,,1,1,= at least one forest condition,,1,standard field plot,4201,Myelochroa,aurulenta,2,3279
26-JUL-2007,51,Virginia,VA,19,2,Southeast,1,Detection Monitoring (on-frame),3,3,10,1700103,0,M221A,,1,1,= at least one forest condition,,1,standard field plot,5314,Parmotrema,hypotropum,3,3279
26-JUL-2007,51,Virginia,VA,19,2,Southeast,1,Detection Monitoring (on-frame),3,3,10,1700103,0,M221A,,1,1,= at least one forest condition,,1,standard field plot,5723,Physcia,stellaris,2,3279
26-JUL-2007,51,Virginia,VA,19,2,Southeast,1,Detection Monitoring (on-frame),3,3,10,1700103,0,M221A,,1,1,= at least one forest condition,,1,standard field plot,6708,Punctelia,rudecta,3,3279
26-JUL-2007,51,Virginia,VA,19,2,Southeast,1,Detection Monitoring (on-frame),3,3,10,1700103,0,M221A,,1,1,= at least one forest condition,,1,standard field plot,6711,Punctelia,subrudecta,2,3279
26-JUL-2007,51,Virginia,VA,19,2,Southeast,1,Detection Monitoring (on-frame),3,3,10,1700103,0,M221A,,1,1,= at least one forest condition,,1,standard field plot,7104,Rimelia,reticulata,3,3279
26-JUL-2007,51,Virginia,VA,19,2,Southeast,1,Detection Monitoring (on-frame),3,3,10,1700103,0,M221A,,1,1,= at least one forest condition,,1,standard field plot,8069,Usnea,strigosa,2,3279
26-JUL-2007,51,Virginia,VA,21,2,Southeast,1,Detection Monitoring (on-frame),3,3,11,1700303,0,M221A,,1,1,= at least one forest condition,,1,standard field plot,802,Canoparmelia,caroliniana,3,3313
26-JUL-2007,51,Virginia,VA,21,2,Southeast,1,Detection Monitoring (on-frame),3,3,11,1700303,0,M221A,,1,1,= at least one forest condition,,1,standard field plot,1001,Cetraria,americana,2,3313
26-JUL-2007,51,Virginia,VA,21,2,Southeast,1,Detection Monitoring (on-frame),3,3,11,1700303,0,M221A,,1,1,= at least one forest condition,,1,standard field plot,1006,Cetraria,ciliaris,3,3313
26-JUL-2007,51,Virginia,VA,21,2,Southeast,1,Detection Monitoring (on-frame),3,3,11,1700303,0,M221A,,1,1,= at least one forest condition,,1,standard field plot,1012,Cetraria,oakesiana,3,3313
26-JUL-2007,51,Virginia,VA,21,2,Southeast,1,Detection Monitoring (on-frame),3,3,11,1700303,0,M221A,,1,1,= at least one forest condition,,1,standard field plot,1211,Cladonia,coniocraea,1,3313
26-JUL-2007,51,Virginia,VA,21,2,Southeast,1,Detection Monitoring (on-frame),3,3,11,1700303,0,M221A,,1,1,= at least one forest condition,,1,standard field plot,1233,Cladonia,pyxidata,1,3313
26-JUL-2007,51,Virginia,VA,21,2,Southeast,1,Detection Monitoring (on-frame),3,3,11,1700303,0,M221A,,1,1,= at least one forest condition,,1,standard field plot,1236,Cladonia,squamosa,2,3313
26-JUL-2007,51,Virginia,VA,21,2,Southeast,1,Detection Monitoring (on-frame),3,3,11,1700303,0,M221A,,1,1,= at least one forest condition,,1,standard field plot,2601,Flavoparmelia,caperata,3,3313
26-JUL-2007,51,Virginia,VA,21,2,Southeast,1,Detection Monitoring (on-frame),3,3,11,1700303,0,M221A,,1,1,= at least one forest condition,,1,standard field plot,2704,Flavopunctelia,soredica,3,3313
26-JUL-2007,51,Virginia,VA,21,2,Southeast,1,Detection Monitoring (on-frame),3,3,11,1700303,0,M221A,,1,1,= at least one forest condition,,1,standard field plot,2812,Heterodermia,granulifera,2,3313
26-JUL-2007,51,Virginia,VA,21,2,Southeast,1,Detection Monitoring (on-frame),3,3,11,1700303,0,M221A,,1,1,= at least one forest condition,,1,standard field plot,2816,Heterodermia,obscurata,2,3313
26-JUL-2007,51,Virginia,VA,21,2,Southeast,1,Detection Monitoring (on-frame),3,3,11,1700303,0,M221A,,1,1,= at least one forest condition,,1,standard field plot,3116,Hypogymnia,physodes,2,3313
26-JUL-2007,51,Virginia,VA,21,2,Southeast,1,Detection Monitoring (on-frame),3,3,11,1700303,0,M221A,,1,1,= at least one forest condition,,1,standard field plot,3301,Imshaugia,aleurites,3,3313
26-JUL-2007,51,Virginia,VA,21,2,Southeast,1,Detection Monitoring (on-frame),3,3,11,1700303,0,M221A,,1,1,= at least one forest condition,,1,standard field plot,4202,Myelochroa,galbina,2,3313
26-JUL-2007,51,Virginia,VA,21,2,Southeast,1,Detection Monitoring (on-frame),3,3,11,1700303,0,M221A,,1,1,= at least one forest condition,,1,standard field plot,4805,Parmelia,squarrosa,2,3313
26-JUL-2007,51,Virginia,VA,21,2,Southeast,1,Detection Monitoring (on-frame),3,3,11,1700303,0,M221A,,1,1,= at least one forest condition,,1,standard field plot,4806,Parmelia,sulcata,1,3313
26-JUL-2007,51,Virginia,VA,21,2,Southeast,1,Detection Monitoring (on-frame),3,3,11,1700303,0,M221A,,1,1,= at least one forest condition,,1,standard field plot,5302,Parmotrema,austrosinense,3,3313
26-JUL-2007,51,Virginia,VA,21,2,Southeast,1,Detection Monitoring (on-frame),3,3,11,1700303,0,M221A,,1,1,= at least one forest condition,,1,standard field plot,5310,Parmotrema,eurysacum,3,3313
26-JUL-2007,51,Virginia,VA,21,2,Southeast,1,Detection Monitoring (on-frame),3,3,11,1700303,0,M221A,,1,1,= at least one forest condition,,1,standard field plot,5314,Parmotrema,hypotropum,3,3313
26-JUL-2007,51,Virginia,VA,21,2,Southeast,1,Detection Monitoring (on-frame),3,3,11,1700303,0,M221A,,1,1,= at least one forest condition,,1,standard field plot,6106,Platismatia,tuckermanii,3,3313
26-JUL-2007,51,Virginia,VA,21,2,Southeast,1,Detection Monitoring (on-frame),3,3,11,1700303,0,M221A,,1,1,= at least one forest condition,,1,standard field plot,6302,Pseudevernia,consocians,1,3313
26-JUL-2007,51,Virginia,VA,21,2,Southeast,1,Detection Monitoring (on-frame),3,3,11,1700303,0,M221A,,1,1,= at least one forest condition,,1,standard field plot,6708,Punctelia,rudecta,3,3313
26-JUL-2007,51,Virginia,VA,21,2,Southeast,1,Detection Monitoring (on-frame),3,3,11,1700303,0,M221A,,1,1,= at least one forest condition,,1,standard field plot,6901,Ramalina,americana,3,3313
26-JUL-2007,51,Virginia,VA,21,2,Southeast,1,Detection Monitoring (on-frame),3,3,11,1700303,0,M221A,,1,1,= at least one forest condition,,1,standard field plot,7104,Rimelia,reticulata,3,3313
26-JUL-2007,51,Virginia,VA,21,2,Southeast,1,Detection Monitoring (on-frame),3,3,11,1700303,0,M221A,,1,1,= at least one forest condition,,1,standard field plot,8053,Usnea,mutabilis,2,3313
26-JUL-2007,51,Virginia,VA,21,2,Southeast,1,Detection Monitoring (on-frame),3,3,11,1700303,0,M221A,,1,1,= at least one forest condition,,1,standard field plot,8063,Usnea,rubicunda,2,3313
26-JUL-2007,51,Virginia,VA,21,2,Southeast,1,Detection Monitoring (on-frame),3,3,11,1700303,0,M221A,,1,1,= at least one forest condition,,1,standard field plot,8069,Usnea,strigosa,3,3313
26-JUL-2007,51,Virginia,VA,27,2,Southeast,1,Detection Monitoring (on-frame),3,2,7,1700322,0,M221C,,1,1,= at least one forest condition,,1,standard field plot,1012,Cetraria,oakesiana,2,3317
26-JUL-2007,51,Virginia,VA,27,2,Southeast,1,Detection Monitoring (on-frame),3,2,7,1700322,0,M221C,,1,1,= at least one forest condition,,1,standard field plot,2601,Flavoparmelia,caperata,3,3317
26-JUL-2007,51,Virginia,VA,27,2,Southeast,1,Detection Monitoring (on-frame),3,2,7,1700322,0,M221C,,1,1,= at least one forest condition,,1,standard field plot,2700,Flavopunctelia,,2,3317
26-JUL-2007,51,Virginia,VA,27,2,Southeast,1,Detection Monitoring (on-frame),3,2,7,1700322,0,M221C,,1,1,= at least one forest condition,,1,standard field plot,2813,Heterodermia,hypoleuca,3,3317
26-JUL-2007,51,Virginia,VA,27,2,Southeast,1,Detection Monitoring (on-frame),3,2,7,1700322,0,M221C,,1,1,= at least one forest condition,,1,standard field plot,2816,Heterodermia,obscurata,2,3317
26-JUL-2007,51,Virginia,VA,27,2,Southeast,1,Detection Monitoring (on-frame),3,2,7,1700322,0,M221C,,1,1,= at least one forest condition,,1,standard field plot,4202,Myelochroa,galbina,3,3317
26-JUL-2007,51,Virginia,VA,27,2,Southeast,1,Detection Monitoring (on-frame),3,2,7,1700322,0,M221C,,1,1,= at least one forest condition,,1,standard field plot,4805,Parmelia,squarrosa,1,3317
26-JUL-2007,51,Virginia,VA,27,2,Southeast,1,Detection Monitoring (on-frame),3,2,7,1700322,0,M221C,,1,1,= at least one forest condition,,1,standard field plot,4806,Parmelia,sulcata,2,3317
26-JUL-2007,51,Virginia,VA,27,2,Southeast,1,Detection Monitoring (on-frame),3,2,7,1700322,0,M221C,,1,1,= at least one forest condition,,1,standard field plot,5307,Parmotrema,dilatatum,3,3317
26-JUL-2007,51,Virginia,VA,27,2,Southeast,1,Detection Monitoring (on-frame),3,2,7,1700322,0,M221C,,1,1,= at least one forest condition,,1,standard field plot,5314,Parmotrema,hypotropum,3,3317
26-JUL-2007,51,Virginia,VA,27,2,Southeast,1,Detection Monitoring (on-frame),3,2,7,1700322,0,M221C,,1,1,= at least one forest condition,,1,standard field plot,5614,Phaeophyscia,rubropulchra,3,3317
26-JUL-2007,51,Virginia,VA,27,2,Southeast,1,Detection Monitoring (on-frame),3,2,7,1700322,0,M221C,,1,1,= at least one forest condition,,1,standard field plot,6708,Punctelia,rudecta,3,3317
26-JUL-2007,51,Virginia,VA,27,2,Southeast,1,Detection Monitoring (on-frame),3,2,7,1700322,0,M221C,,1,1,= at least one forest condition,,1,standard field plot,6711,Punctelia,subrudecta,3,3317
26-JUL-2007,51,Virginia,VA,29,2,Southeast,1,Detection Monitoring (on-frame),3,3,12,1422303,0,-231A,,1,1,= at least one forest condition,,1,standard field plot,2601,Flavoparmelia,caperata,3,3260
26-JUL-2007,51,Virginia,VA,29,2,Southeast,1,Detection Monitoring (on-frame),3,3,12,1422303,0,-231A,,1,1,= at least one forest condition,,1,standard field plot,5102,Parmelinopsis,minarum,2,3260
26-JUL-2007,51,Virginia,VA,29,2,Southeast,1,Detection Monitoring (on-frame),3,3,12,1422303,0,-231A,,1,1,= at least one forest condition,,1,standard field plot,5303,Parmotrema,chinense,3,3260
26-JUL-2007,51,Virginia,VA,29,2,Southeast,1,Detection Monitoring (on-frame),3,3,12,1422303,0,-231A,,1,1,= at least one forest condition,,1,standard field plot,5320,Parmotrema,michauxianum,3,3260
26-JUL-2007,51,Virginia,VA,29,2,Southeast,1,Detection Monitoring (on-frame),3,3,12,1422303,0,-231A,,1,1,= at least one forest condition,,1,standard field plot,6708,Punctelia,rudecta,3,3260
26-JUL-2007,51,Virginia,VA,29,2,Southeast,1,Detection Monitoring (on-frame),3,3,12,1422303,0,-231A,,1,1,= at least one forest condition,,1,standard field plot,6803,Pyxine,caesiopruinosa,1,3260
26-JUL-2007,51,Virginia,VA,29,2,Southeast,1,Detection Monitoring (on-frame),3,3,12,1422303,0,-231A,,1,1,= at least one forest condition,,1,standard field plot,7104,Rimelia,reticulata,2,3260
26-JUL-2007,51,Virginia,VA,29,2,Southeast,1,Detection Monitoring (on-frame),3,3,12,1422303,0,-231A,,1,1,= at least one forest condition,,1,standard field plot,8014,Usnea,ceratina,1,3260
26-JUL-2007,51,Virginia,VA,31,2,Southeast,1,Detection Monitoring (on-frame),3,2,7,1422332,0,-231A,,1,1,= at least one forest condition,,1,standard field plot,802,Canoparmelia,caroliniana,3,3274
26-JUL-2007,51,Virginia,VA,31,2,Southeast,1,Detection Monitoring (on-frame),3,2,7,1422332,0,-231A,,1,1,= at least one forest condition,,1,standard field plot,2601,Flavoparmelia,caperata,2,3274
26-JUL-2007,51,Virginia,VA,31,2,Southeast,1,Detection Monitoring (on-frame),3,2,7,1422332,0,-231A,,1,1,= at least one forest condition,,1,standard field plot,2816,Heterodermia,obscurata,3,3274
26-JUL-2007,51,Virginia,VA,31,2,Southeast,1,Detection Monitoring (on-frame),3,2,7,1422332,0,-231A,,1,1,= at least one forest condition,,1,standard field plot,4202,Myelochroa,galbina,1,3274
26-JUL-2007,51,Virginia,VA,31,2,Southeast,1,Detection Monitoring (on-frame),3,2,7,1422332,0,-231A,,1,1,= at least one forest condition,,1,standard field plot,5102,Parmelinopsis,minarum,3,3274
26-JUL-2007,51,Virginia,VA,31,2,Southeast,1,Detection Monitoring (on-frame),3,2,7,1422332,0,-231A,,1,1,= at least one forest condition,,1,standard field plot,5310,Parmotrema,eurysacum,2,3274
26-JUL-2007,51,Virginia,VA,31,2,Southeast,1,Detection Monitoring (on-frame),3,2,7,1422332,0,-231A,,1,1,= at least one forest condition,,1,standard field plot,5314,Parmotrema,hypotropum,3,3274
26-JUL-2007,51,Virginia,VA,31,2,Southeast,1,Detection Monitoring (on-frame),3,2,7,1422332,0,-231A,,1,1,= at least one forest condition,,1,standard field plot,5614,Phaeophyscia,rubropulchra,2,3274
26-JUL-2007,51,Virginia,VA,31,2,Southeast,1,Detection Monitoring (on-frame),3,2,7,1422332,0,-231A,,1,1,= at least one forest condition,,1,standard field plot,6708,Punctelia,rudecta,3,3274
26-JUL-2007,51,Virginia,VA,31,2,Southeast,1,Detection Monitoring (on-frame),3,2,7,1422332,0,-231A,,1,1,= at least one forest condition,,1,standard field plot,6808,Pyxine,sorediata,2,3274
26-JUL-2007,51,Virginia,VA,31,2,Southeast,1,Detection Monitoring (on-frame),3,2,7,1422332,0,-231A,,1,1,= at least one forest condition,,1,standard field plot,8069,Usnea,strigosa,3,3274
26-JUL-2007,51,Virginia,VA,31,2,Southeast,1,Detection Monitoring (on-frame),3,3,11,1422323,0,-231A,,1,1,= at least one forest condition,,1,standard field plot,802,Canoparmelia,caroliniana,3,3276
26-JUL-2007,51,Virginia,VA,31,2,Southeast,1,Detection Monitoring (on-frame),3,3,11,1422323,0,-231A,,1,1,= at least one forest condition,,1,standard field plot,2601,Flavoparmelia,caperata,2,3276
26-JUL-2007,51,Virginia,VA,31,2,Southeast,1,Detection Monitoring (on-frame),3,3,11,1422323,0,-231A,,1,1,= at least one forest condition,,1,standard field plot,5303,Parmotrema,chinense,1,3276
26-JUL-2007,51,Virginia,VA,31,2,Southeast,1,Detection Monitoring (on-frame),3,3,11,1422323,0,-231A,,1,1,= at least one forest condition,,1,standard field plot,5334,Parmotrema,ultralucens,2,3276
26-JUL-2007,51,Virginia,VA,31,2,Southeast,1,Detection Monitoring (on-frame),3,3,11,1422323,0,-231A,,1,1,= at least one forest condition,,1,standard field plot,5335,Parmotrema,xanthinum,2,3276
26-JUL-2007,51,Virginia,VA,31,2,Southeast,1,Detection Monitoring (on-frame),3,3,11,1422323,0,-231A,,1,1,= at least one forest condition,,1,standard field plot,5702,Physcia,aipolia,2,3276
26-JUL-2007,51,Virginia,VA,31,2,Southeast,1,Detection Monitoring (on-frame),3,3,11,1422323,0,-231A,,1,1,= at least one forest condition,,1,standard field plot,5723,Physcia,stellaris,1,3276
26-JUL-2007,51,Virginia,VA,31,2,Southeast,1,Detection Monitoring (on-frame),3,3,11,1422323,0,-231A,,1,1,= at least one forest condition,,1,standard field plot,6705,Punctelia,missouriensis,2,3276
26-JUL-2007,51,Virginia,VA,31,2,Southeast,1,Detection Monitoring (on-frame),3,3,11,1422323,0,-231A,,1,1,= at least one forest condition,,1,standard field plot,6708,Punctelia,rudecta,1,3276
26-JUL-2007,51,Virginia,VA,31,2,Southeast,1,Detection Monitoring (on-frame),3,3,11,1422323,0,-231A,,1,1,= at least one forest condition,,1,standard field plot,6808,Pyxine,sorediata,3,3276
26-JUL-2007,51,Virginia,VA,33,2,Southeast,1,Detection Monitoring (on-frame),3,3,10,1420233,0,-232A,,1,1,= at least one forest condition,,1,standard field plot,1234,Cladonia,ramulosa,1,4012
26-JUL-2007,51,Virginia,VA,33,2,Southeast,1,Detection Monitoring (on-frame),3,3,10,1420233,0,-232A,,1,1,= at least one forest condition,,1,standard field plot,4201,Myelochroa,aurulenta,1,4012
26-JUL-2007,51,Virginia,VA,33,2,Southeast,1,Detection Monitoring (on-frame),3,3,10,1420233,0,-232A,,1,1,= at least one forest condition,,1,standard field plot,5102,Parmelinopsis,minarum,1,4012
26-JUL-2007,51,Virginia,VA,33,2,Southeast,1,Detection Monitoring (on-frame),3,3,10,1420233,0,-232A,,1,1,= at least one forest condition,,1,standard field plot,5310,Parmotrema,eurysacum,1,4012
26-JUL-2007,51,Virginia,VA,33,2,Southeast,1,Detection Monitoring (on-frame),3,3,10,1420233,0,-232A,,1,1,= at least one forest condition,,1,standard field plot,5314,Parmotrema,hypotropum,2,4012
26-JUL-2007,51,Virginia,VA,33,2,Southeast,1,Detection Monitoring (on-frame),3,3,10,1420233,0,-232A,,1,1,= at least one forest condition,,1,standard field plot,5327,Parmotrema,rigidum,1,4012
26-JUL-2007,51,Virginia,VA,33,2,Southeast,1,Detection Monitoring (on-frame),3,3,10,1420233,0,-232A,,1,1,= at least one forest condition,,1,standard field plot,5333,Parmotrema,tinctorum,1,4012
26-JUL-2007,51,Virginia,VA,33,2,Southeast,1,Detection Monitoring (on-frame),3,3,10,1420233,0,-232A,,1,1,= at least one forest condition,,1,standard field plot,5704,Physcia,americana,1,4012
26-JUL-2007,51,Virginia,VA,33,2,Southeast,1,Detection Monitoring (on-frame),3,3,10,1420233,0,-232A,,1,1,= at least one forest condition,,1,standard field plot,6708,Punctelia,rudecta,3,4012
26-JUL-2007,51,Virginia,VA,33,2,Southeast,1,Detection Monitoring (on-frame),3,3,10,1420233,0,-232A,,1,1,= at least one forest condition,,1,standard field plot,7104,Rimelia,reticulata,2,4012
26-JUL-2007,51,Virginia,VA,33,2,Southeast,1,Detection Monitoring (on-frame),3,3,10,1420233,0,-232A,,1,1,= at least one forest condition,,1,standard field plot,7106,Rimelia,subisidiosa,1,4012
26-JUL-2007,51,Virginia,VA,36,2,Southeast,1,Detection Monitoring (on-frame),3,2,7,1422112,0,-232A,,1,1,= at least one forest condition,,1,standard field plot,802,Canoparmelia,caroliniana,1,3237
26-JUL-2007,51,Virginia,VA,36,2,Southeast,1,Detection Monitoring (on-frame),3,2,7,1422112,0,-232A,,1,1,= at least one forest condition,,1,standard field plot,2601,Flavoparmelia,caperata,3,3237
26-JUL-2007,51,Virginia,VA,36,2,Southeast,1,Detection Monitoring (on-frame),3,2,7,1422112,0,-232A,,1,1,= at least one forest condition,,1,standard field plot,3208,Hypotrachyna,livida,2,3237
26-JUL-2007,51,Virginia,VA,36,2,Southeast,1,Detection Monitoring (on-frame),3,2,7,1422112,0,-232A,,1,1,= at least one forest condition,,1,standard field plot,5314,Parmotrema,hypotropum,3,3237
26-JUL-2007,51,Virginia,VA,36,2,Southeast,1,Detection Monitoring (on-frame),3,2,7,1422112,0,-232A,,1,1,= at least one forest condition,,1,standard field plot,5716,Physcia,millegrana,2,3237
26-JUL-2007,51,Virginia,VA,36,2,Southeast,1,Detection Monitoring (on-frame),3,2,7,1422112,0,-232A,,1,1,= at least one forest condition,,1,standard field plot,6708,Punctelia,rudecta,3,3237
26-JUL-2007,51,Virginia,VA,36,2,Southeast,1,Detection Monitoring (on-frame),3,2,7,1422112,0,-232A,,1,1,= at least one forest condition,,1,standard field plot,7104,Rimelia,reticulata,1,3237
26-JUL-2007,51,Virginia,VA,36,2,Southeast,1,Detection Monitoring (on-frame),3,2,7,1422112,0,-232A,,1,1,= at least one forest condition,,1,standard field plot,8069,Usnea,strigosa,1,3237
26-JUL-2007,51,Virginia,VA,45,2,Southeast,1,Detection Monitoring (on-frame),3,2,7,1700102,0,M221A,,1,1,= at least one forest condition,,1,standard field plot,802,Canoparmelia,caroliniana,1,3297
26-JUL-2007,51,Virginia,VA,45,2,Southeast,1,Detection Monitoring (on-frame),3,2,7,1700102,0,M221A,,1,1,= at least one forest condition,,1,standard field plot,1225,Cladonia,macilenta,2,3297
26-JUL-2007,51,Virginia,VA,45,2,Southeast,1,Detection Monitoring (on-frame),3,2,7,1700102,0,M221A,,1,1,= at least one forest condition,,1,standard field plot,1233,Cladonia,pyxidata,3,3297
26-JUL-2007,51,Virginia,VA,45,2,Southeast,1,Detection Monitoring (on-frame),3,2,7,1700102,0,M221A,,1,1,= at least one forest condition,,1,standard field plot,2601,Flavoparmelia,caperata,3,3297
26-JUL-2007,51,Virginia,VA,45,2,Southeast,1,Detection Monitoring (on-frame),3,2,7,1700102,0,M221A,,1,1,= at least one forest condition,,1,standard field plot,4805,Parmelia,squarrosa,3,3297
26-JUL-2007,51,Virginia,VA,45,2,Southeast,1,Detection Monitoring (on-frame),3,2,7,1700102,0,M221A,,1,1,= at least one forest condition,,1,standard field plot,5102,Parmelinopsis,minarum,3,3297
26-JUL-2007,51,Virginia,VA,45,2,Southeast,1,Detection Monitoring (on-frame),3,2,7,1700102,0,M221A,,1,1,= at least one forest condition,,1,standard field plot,5303,Parmotrema,chinense,3,3297
26-JUL-2007,51,Virginia,VA,45,2,Southeast,1,Detection Monitoring (on-frame),3,2,7,1700102,0,M221A,,1,1,= at least one forest condition,,1,standard field plot,5314,Parmotrema,hypotropum,3,3297
26-JUL-2007,51,Virginia,VA,45,2,Southeast,1,Detection Monitoring (on-frame),3,2,7,1700102,0,M221A,,1,1,= at least one forest condition,,1,standard field plot,5331,Parmotrema,subtinctorium,3,3297
26-JUL-2007,51,Virginia,VA,45,2,Southeast,1,Detection Monitoring (on-frame),3,2,7,1700102,0,M221A,,1,1,= at least one forest condition,,1,standard field plot,5723,Physcia,stellaris,3,3297
26-JUL-2007,51,Virginia,VA,45,2,Southeast,1,Detection Monitoring (on-frame),3,2,7,1700102,0,M221A,,1,1,= at least one forest condition,,1,standard field plot,6302,Pseudevernia,consocians,1,3297
26-JUL-2007,51,Virginia,VA,45,2,Southeast,1,Detection Monitoring (on-frame),3,2,7,1700102,0,M221A,,1,1,= at least one forest condition,,1,standard field plot,6708,Punctelia,rudecta,3,3297
26-JUL-2007,51,Virginia,VA,45,2,Southeast,1,Detection Monitoring (on-frame),3,2,7,1700102,0,M221A,,1,1,= at least one forest condition,,1,standard field plot,6711,Punctelia,subrudecta,3,3297
26-JUL-2007,51,Virginia,VA,45,2,Southeast,1,Detection Monitoring (on-frame),3,2,7,1700102,0,M221A,,1,1,= at least one forest condition,,1,standard field plot,7104,Rimelia,reticulata,3,3297
26-JUL-2007,51,Virginia,VA,49,2,Southeast,1,Detection Monitoring (on-frame),3,2,7,1422122,0,-231A,,1,1,= at least one forest condition,,1,standard field plot,2601,Flavoparmelia,caperata,2,3263
26-JUL-2007,51,Virginia,VA,49,2,Southeast,1,Detection Monitoring (on-frame),3,2,7,1422122,0,-231A,,1,1,= at least one forest condition,,1,standard field plot,3301,Imshaugia,aleurites,1,3263
26-JUL-2007,51,Virginia,VA,49,2,Southeast,1,Detection Monitoring (on-frame),3,2,7,1422122,0,-231A,,1,1,= at least one forest condition,,1,standard field plot,5310,Parmotrema,eurysacum,1,3263
26-JUL-2007,51,Virginia,VA,49,2,Southeast,1,Detection Monitoring (on-frame),3,2,7,1422122,0,-231A,,1,1,= at least one forest condition,,1,standard field plot,5314,Parmotrema,hypotropum,2,3263
26-JUL-2007,51,Virginia,VA,49,2,Southeast,1,Detection Monitoring (on-frame),3,2,7,1422122,0,-231A,,1,1,= at least one forest condition,,1,standard field plot,5613,Phaeophyscia,pusilloides,1,3263
26-JUL-2007,51,Virginia,VA,49,2,Southeast,1,Detection Monitoring (on-frame),3,2,7,1422122,0,-231A,,1,1,= at least one forest condition,,1,standard field plot,5614,Phaeophyscia,rubropulchra,1,3263
26-JUL-2007,51,Virginia,VA,49,2,Southeast,1,Detection Monitoring (on-frame),3,2,7,1422122,0,-231A,,1,1,= at least one forest condition,,1,standard field plot,5716,Physcia,millegrana,1,3263
26-JUL-2007,51,Virginia,VA,53,2,Southeast,1,Detection Monitoring (on-frame),3,3,12,1422133,0,-231A,,1,1,= at least one forest condition,,1,standard field plot,4201,Myelochroa,aurulenta,1,3232
26-JUL-2007,51,Virginia,VA,53,2,Southeast,1,Detection Monitoring (on-frame),3,3,12,1422133,0,-231A,,1,1,= at least one forest condition,,1,standard field plot,5614,Phaeophyscia,rubropulchra,1,3232
26-JUL-2007,51,Virginia,VA,65,2,Southeast,1,Detection Monitoring (on-frame),3,3,11,1422033,0,-231A,,1,1,= at least one forest condition,,1,standard field plot,2601,Flavoparmelia,caperata,2,3270
26-JUL-2007,51,Virginia,VA,65,2,Southeast,1,Detection Monitoring (on-frame),3,3,11,1422033,0,-231A,,1,1,= at least one forest condition,,1,standard field plot,2816,Heterodermia,obscurata,2,3270
26-JUL-2007,51,Virginia,VA,65,2,Southeast,1,Detection Monitoring (on-frame),3,3,11,1422033,0,-231A,,1,1,= at least one forest condition,,1,standard field plot,4201,Myelochroa,aurulenta,3,3270
26-JUL-2007,51,Virginia,VA,65,2,Southeast,1,Detection Monitoring (on-frame),3,3,11,1422033,0,-231A,,1,1,= at least one forest condition,,1,standard field plot,5314,Parmotrema,hypotropum,2,3270
26-JUL-2007,51,Virginia,VA,65,2,Southeast,1,Detection Monitoring (on-frame),3,3,11,1422033,0,-231A,,1,1,= at least one forest condition,,1,standard field plot,5323,Parmotrema,perforatum,2,3270
26-JUL-2007,51,Virginia,VA,65,2,Southeast,1,Detection Monitoring (on-frame),3,3,11,1422033,0,-231A,,1,1,= at least one forest condition,,1,standard field plot,5328,Parmotrema,gardneri,2,3270
26-JUL-2007,51,Virginia,VA,65,2,Southeast,1,Detection Monitoring (on-frame),3,3,11,1422033,0,-231A,,1,1,= at least one forest condition,,1,standard field plot,6708,Punctelia,rudecta,3,3270
26-JUL-2007,51,Virginia,VA,65,2,Southeast,1,Detection Monitoring (on-frame),3,3,11,1422033,0,-231A,,1,1,= at least one forest condition,,1,standard field plot,6808,Pyxine,sorediata,2,3270
26-JUL-2007,51,Virginia,VA,69,2,Southeast,1,Detection Monitoring (on-frame),3,3,10,1331323,0,M221A,,1,1,= at least one forest condition,,1,standard field plot,2601,Flavoparmelia,caperata,3,4806
26-JUL-2007,51,Virginia,VA,69,2,Southeast,1,Detection Monitoring (on-frame),3,3,10,1331323,0,M221A,,1,1,= at least one forest condition,,1,standard field plot,4201,Myelochroa,aurulenta,3,4806
26-JUL-2007,51,Virginia,VA,69,2,Southeast,1,Detection Monitoring (on-frame),3,3,10,1331323,0,M221A,,1,1,= at least one forest condition,,1,standard field plot,5313,Parmotrema,hypoleucinum,2,4806
26-JUL-2007,51,Virginia,VA,69,2,Southeast,1,Detection Monitoring (on-frame),3,3,10,1331323,0,M221A,,1,1,= at least one forest condition,,1,standard field plot,6708,Punctelia,rudecta,3,4806
26-JUL-2007,51,Virginia,VA,77,2,Southeast,1,Detection Monitoring (on-frame),3,3,12,1700333,0,M221D,,1,1,= at least one forest condition,,1,standard field plot,1012,Cetraria,oakesiana,2,2786
26-JUL-2007,51,Virginia,VA,77,2,Southeast,1,Detection Monitoring (on-frame),3,3,12,1700333,0,M221D,,1,1,= at least one forest condition,,1,standard field plot,1102,Cetrelia,chicitae,2,2786
26-JUL-2007,51,Virginia,VA,77,2,Southeast,1,Detection Monitoring (on-frame),3,3,12,1700333,0,M221D,,1,1,= at least one forest condition,,1,standard field plot,2601,Flavoparmelia,caperata,3,2786
26-JUL-2007,51,Virginia,VA,77,2,Southeast,1,Detection Monitoring (on-frame),3,3,12,1700333,0,M221D,,1,1,= at least one forest condition,,1,standard field plot,2816,Heterodermia,obscurata,2,2786
26-JUL-2007,51,Virginia,VA,77,2,Southeast,1,Detection Monitoring (on-frame),3,3,12,1700333,0,M221D,,1,1,= at least one forest condition,,1,standard field plot,3206,Hypotrachyna,imbricatula,2,2786
26-JUL-2007,51,Virginia,VA,77,2,Southeast,1,Detection Monitoring (on-frame),3,3,12,1700333,0,M221D,,1,1,= at least one forest condition,,1,standard field plot,3208,Hypotrachyna,livida,3,2786
26-JUL-2007,51,Virginia,VA,77,2,Southeast,1,Detection Monitoring (on-frame),3,3,12,1700333,0,M221D,,1,1,= at least one forest condition,,1,standard field plot,4805,Parmelia,squarrosa,3,2786
26-JUL-2007,51,Virginia,VA,77,2,Southeast,1,Detection Monitoring (on-frame),3,3,12,1700333,0,M221D,,1,1,= at least one forest condition,,1,standard field plot,4806,Parmelia,sulcata,3,2786
26-JUL-2007,51,Virginia,VA,77,2,Southeast,1,Detection Monitoring (on-frame),3,3,12,1700333,0,M221D,,1,1,= at least one forest condition,,1,standard field plot,5314,Parmotrema,hypotropum,3,2786
26-JUL-2007,51,Virginia,VA,77,2,Southeast,1,Detection Monitoring (on-frame),3,3,12,1700333,0,M221D,,1,1,= at least one forest condition,,1,standard field plot,5320,Parmotrema,michauxianum,3,2786
26-JUL-2007,51,Virginia,VA,77,2,Southeast,1,Detection Monitoring (on-frame),3,3,12,1700333,0,M221D,,1,1,= at least one forest condition,,1,standard field plot,5613,Phaeophyscia,pusilloides,2,2786
26-JUL-2007,51,Virginia,VA,77,2,Southeast,1,Detection Monitoring (on-frame),3,3,12,1700333,0,M221D,,1,1,= at least one forest condition,,1,standard field plot,5614,Phaeophyscia,rubropulchra,3,2786
26-JUL-2007,51,Virginia,VA,77,2,Southeast,1,Detection Monitoring (on-frame),3,3,12,1700333,0,M221D,,1,1,= at least one forest condition,,1,standard field plot,5702,Physcia,aipolia,2,2786
26-JUL-2007,51,Virginia,VA,77,2,Southeast,1,Detection Monitoring (on-frame),3,3,12,1700333,0,M221D,,1,1,= at least one forest condition,,1,standard field plot,6708,Punctelia,rudecta,3,2786
26-JUL-2007,51,Virginia,VA,77,2,Southeast,1,Detection Monitoring (on-frame),3,3,12,1700333,0,M221D,,1,1,= at least one forest condition,,1,standard field plot,6808,Pyxine,sorediata,1,2786
26-JUL-2007,51,Virginia,VA,77,2,Southeast,1,Detection Monitoring (on-frame),3,3,12,1700333,0,M221D,,1,1,= at least one forest condition,,1,standard field plot,6901,Ramalina,americana,3,2786
26-JUL-2007,51,Virginia,VA,77,2,Southeast,1,Detection Monitoring (on-frame),3,3,12,1700333,0,M221D,,1,1,= at least one forest condition,,1,standard field plot,7104,Rimelia,reticulata,3,2786
26-JUL-2007,51,Virginia,VA,77,2,Southeast,1,Detection Monitoring (on-frame),3,3,12,1700333,0,M221D,,1,1,= at least one forest condition,,1,standard field plot,8000,Usnea,,2,2786
26-JUL-2007,51,Virginia,VA,77,2,Southeast,1,Detection Monitoring (on-frame),3,3,12,1700333,0,M221D,,1,1,= at least one forest condition,,1,standard field plot,8069,Usnea,strigosa,2,2786
26-JUL-2007,51,Virginia,VA,83,2,Southeast,1,Detection Monitoring (on-frame),3,3,10,1422333,0,-231A,,1,1,= at least one forest condition,,1,standard field plot,803,Canoparmelia,crozalsiana,2,2731
26-JUL-2007,51,Virginia,VA,83,2,Southeast,1,Detection Monitoring (on-frame),3,3,10,1422333,0,-231A,,1,1,= at least one forest condition,,1,standard field plot,2601,Flavoparmelia,caperata,3,2731
26-JUL-2007,51,Virginia,VA,83,2,Southeast,1,Detection Monitoring (on-frame),3,3,10,1422333,0,-231A,,1,1,= at least one forest condition,,1,standard field plot,2812,Heterodermia,granulifera,2,2731
26-JUL-2007,51,Virginia,VA,83,2,Southeast,1,Detection Monitoring (on-frame),3,3,10,1422333,0,-231A,,1,1,= at least one forest condition,,1,standard field plot,2816,Heterodermia,obscurata,3,2731
26-JUL-2007,51,Virginia,VA,83,2,Southeast,1,Detection Monitoring (on-frame),3,3,10,1422333,0,-231A,,1,1,= at least one forest condition,,1,standard field plot,3208,Hypotrachyna,livida,3,2731
26-JUL-2007,51,Virginia,VA,83,2,Southeast,1,Detection Monitoring (on-frame),3,3,10,1422333,0,-231A,,1,1,= at least one forest condition,,1,standard field plot,3216,Hypotrachyna,revoluta,2,2731
26-JUL-2007,51,Virginia,VA,83,2,Southeast,1,Detection Monitoring (on-frame),3,3,10,1422333,0,-231A,,1,1,= at least one forest condition,,1,standard field plot,4201,Myelochroa,aurulenta,1,2731
26-JUL-2007,51,Virginia,VA,83,2,Southeast,1,Detection Monitoring (on-frame),3,3,10,1422333,0,-231A,,1,1,= at least one forest condition,,1,standard field plot,5314,Parmotrema,hypotropum,3,2731
26-JUL-2007,51,Virginia,VA,83,2,Southeast,1,Detection Monitoring (on-frame),3,3,10,1422333,0,-231A,,1,1,= at least one forest condition,,1,standard field plot,5320,Parmotrema,michauxianum,2,2731
26-JUL-2007,51,Virginia,VA,83,2,Southeast,1,Detection Monitoring (on-frame),3,3,10,1422333,0,-231A,,1,1,= at least one forest condition,,1,standard field plot,5614,Phaeophyscia,rubropulchra,1,2731
26-JUL-2007,51,Virginia,VA,83,2,Southeast,1,Detection Monitoring (on-frame),3,3,10,1422333,0,-231A,,1,1,= at least one forest condition,,1,standard field plot,5702,Physcia,aipolia,2,2731
26-JUL-2007,51,Virginia,VA,83,2,Southeast,1,Detection Monitoring (on-frame),3,3,10,1422333,0,-231A,,1,1,= at least one forest condition,,1,standard field plot,5704,Physcia,americana,1,2731
26-JUL-2007,51,Virginia,VA,83,2,Southeast,1,Detection Monitoring (on-frame),3,3,10,1422333,0,-231A,,1,1,= at least one forest condition,,1,standard field plot,5716,Physcia,millegrana,1,2731
26-JUL-2007,51,Virginia,VA,83,2,Southeast,1,Detection Monitoring (on-frame),3,3,10,1422333,0,-231A,,1,1,= at least one forest condition,,1,standard field plot,6708,Punctelia,rudecta,3,2731
26-JUL-2007,51,Virginia,VA,83,2,Southeast,1,Detection Monitoring (on-frame),3,3,10,1422333,0,-231A,,1,1,= at least one forest condition,,1,standard field plot,6808,Pyxine,sorediata,1,2731
26-JUL-2007,51,Virginia,VA,83,2,Southeast,1,Detection Monitoring (on-frame),3,3,10,1422333,0,-231A,,1,1,= at least one forest condition,,1,standard field plot,6901,Ramalina,americana,1,2731
26-JUL-2007,51,Virginia,VA,83,2,Southeast,1,Detection Monitoring (on-frame),3,3,10,1422333,0,-231A,,1,1,= at least one forest condition,,1,standard field plot,7104,Rimelia,reticulata,2,2731
26-JUL-2007,51,Virginia,VA,83,2,Southeast,1,Detection Monitoring (on-frame),3,3,10,1422333,0,-231A,,1,1,= at least one forest condition,,1,standard field plot,8014,Usnea,ceratina,1,2731
26-JUL-2007,51,Virginia,VA,83,2,Southeast,1,Detection Monitoring (on-frame),3,3,10,1422333,0,-231A,,1,1,= at least one forest condition,,1,standard field plot,8053,Usnea,mutabilis,1,2731
26-JUL-2007,51,Virginia,VA,83,2,Southeast,1,Detection Monitoring (on-frame),3,3,10,1422333,0,-231A,,1,1,= at least one forest condition,,1,standard field plot,8069,Usnea,strigosa,3,2731
26-JUL-2007,51,Virginia,VA,97,2,Southeast,1,Detection Monitoring (on-frame),3,3,12,1420323,0,-232A,,1,1,= at least one forest condition,,1,standard field plot,2601,Flavoparmelia,caperata,1,3227
26-JUL-2007,51,Virginia,VA,97,2,Southeast,1,Detection Monitoring (on-frame),3,3,12,1420323,0,-232A,,1,1,= at least one forest condition,,1,standard field plot,5327,Parmotrema,rigidum,1,3227
26-JUL-2007,51,Virginia,VA,97,2,Southeast,1,Detection Monitoring (on-frame),3,3,12,1420323,0,-232A,,1,1,= at least one forest condition,,1,standard field plot,5614,Phaeophyscia,rubropulchra,2,3227
26-JUL-2007,51,Virginia,VA,109,2,Southeast,1,Detection Monitoring (on-frame),3,3,12,1422013,0,-231A,,1,1,= at least one forest condition,,1,standard field plot,2601,Flavoparmelia,caperata,3,3251
26-JUL-2007,51,Virginia,VA,109,2,Southeast,1,Detection Monitoring (on-frame),3,3,12,1422013,0,-231A,,1,1,= at least one forest condition,,1,standard field plot,2816,Heterodermia,obscurata,3,3251
26-JUL-2007,51,Virginia,VA,109,2,Southeast,1,Detection Monitoring (on-frame),3,3,12,1422013,0,-231A,,1,1,= at least one forest condition,,1,standard field plot,3208,Hypotrachyna,livida,2,3251
26-JUL-2007,51,Virginia,VA,109,2,Southeast,1,Detection Monitoring (on-frame),3,3,12,1422013,0,-231A,,1,1,= at least one forest condition,,1,standard field plot,5307,Parmotrema,dilatatum,3,3251
26-JUL-2007,51,Virginia,VA,109,2,Southeast,1,Detection Monitoring (on-frame),3,3,12,1422013,0,-231A,,1,1,= at least one forest condition,,1,standard field plot,5314,Parmotrema,hypotropum,3,3251
26-JUL-2007,51,Virginia,VA,109,2,Southeast,1,Detection Monitoring (on-frame),3,3,12,1422013,0,-231A,,1,1,= at least one forest condition,,1,standard field plot,5328,Parmotrema,gardneri,3,3251
26-JUL-2007,51,Virginia,VA,109,2,Southeast,1,Detection Monitoring (on-frame),3,3,12,1422013,0,-231A,,1,1,= at least one forest condition,,1,standard field plot,5704,Physcia,americana,3,3251
26-JUL-2007,51,Virginia,VA,109,2,Southeast,1,Detection Monitoring (on-frame),3,3,12,1422013,0,-231A,,1,1,= at least one forest condition,,1,standard field plot,5716,Physcia,millegrana,2,3251
26-JUL-2007,51,Virginia,VA,109,2,Southeast,1,Detection Monitoring (on-frame),3,3,12,1422013,0,-231A,,1,1,= at least one forest condition,,1,standard field plot,6708,Punctelia,rudecta,3,3251
26-JUL-2007,51,Virginia,VA,109,2,Southeast,1,Detection Monitoring (on-frame),3,3,12,1422013,0,-231A,,1,1,= at least one forest condition,,1,standard field plot,8014,Usnea,ceratina,2,3251
26-JUL-2007,51,Virginia,VA,113,2,Southeast,1,Detection Monitoring (on-frame),3,2,7,1422002,0,M221D,,1,1,= at least one forest condition,,1,standard field plot,1012,Cetraria,oakesiana,3,4041
26-JUL-2007,51,Virginia,VA,113,2,Southeast,1,Detection Monitoring (on-frame),3,2,7,1422002,0,M221D,,1,1,= at least one forest condition,,1,standard field plot,2601,Flavoparmelia,caperata,3,4041
26-JUL-2007,51,Virginia,VA,113,2,Southeast,1,Detection Monitoring (on-frame),3,2,7,1422002,0,M221D,,1,1,= at least one forest condition,,1,standard field plot,4201,Myelochroa,aurulenta,3,4041
26-JUL-2007,51,Virginia,VA,113,2,Southeast,1,Detection Monitoring (on-frame),3,2,7,1422002,0,M221D,,1,1,= at least one forest condition,,1,standard field plot,5102,Parmelinopsis,minarum,2,4041
26-JUL-2007,51,Virginia,VA,113,2,Southeast,1,Detection Monitoring (on-frame),3,2,7,1422002,0,M221D,,1,1,= at least one forest condition,,1,standard field plot,6708,Punctelia,rudecta,3,4041
26-JUL-2007,51,Virginia,VA,125,2,Southeast,1,Detection Monitoring (on-frame),3,3,10,1422213,0,M221D,,1,1,= at least one forest condition,,1,standard field plot,1233,Cladonia,pyxidata,1,3268
26-JUL-2007,51,Virginia,VA,125,2,Southeast,1,Detection Monitoring (on-frame),3,3,10,1422213,0,M221D,,1,1,= at least one forest condition,,1,standard field plot,1244,Cladonia,furcata,2,3268
26-JUL-2007,51,Virginia,VA,125,2,Southeast,1,Detection Monitoring (on-frame),3,3,10,1422213,0,M221D,,1,1,= at least one forest condition,,1,standard field plot,2601,Flavoparmelia,caperata,3,3268
26-JUL-2007,51,Virginia,VA,125,2,Southeast,1,Detection Monitoring (on-frame),3,3,10,1422213,0,M221D,,1,1,= at least one forest condition,,1,standard field plot,4201,Myelochroa,aurulenta,2,3268
26-JUL-2007,51,Virginia,VA,125,2,Southeast,1,Detection Monitoring (on-frame),3,3,10,1422213,0,M221D,,1,1,= at least one forest condition,,1,standard field plot,5102,Parmelinopsis,minarum,3,3268
26-JUL-2007,51,Virginia,VA,125,2,Southeast,1,Detection Monitoring (on-frame),3,3,10,1422213,0,M221D,,1,1,= at least one forest condition,,1,standard field plot,5314,Parmotrema,hypotropum,3,3268
26-JUL-2007,51,Virginia,VA,125,2,Southeast,1,Detection Monitoring (on-frame),3,3,10,1422213,0,M221D,,1,1,= at least one forest condition,,1,standard field plot,5318,Parmotrema,margaritatum,3,3268
26-JUL-2007,51,Virginia,VA,125,2,Southeast,1,Detection Monitoring (on-frame),3,3,10,1422213,0,M221D,,1,1,= at least one forest condition,,1,standard field plot,6711,Punctelia,subrudecta,2,3268
26-JUL-2007,51,Virginia,VA,125,2,Southeast,1,Detection Monitoring (on-frame),3,3,10,1422213,0,M221D,,1,1,= at least one forest condition,,1,standard field plot,7101,Rimelia,cetrata,2,3268
26-JUL-2007,51,Virginia,VA,139,2,Southeast,1,Detection Monitoring (on-frame),3,3,11,1333113,0,M221A,,1,1,= at least one forest condition,,1,standard field plot,1211,Cladonia,coniocraea,2,4043
26-JUL-2007,51,Virginia,VA,139,2,Southeast,1,Detection Monitoring (on-frame),3,3,11,1333113,0,M221A,,1,1,= at least one forest condition,,1,standard field plot,2601,Flavoparmelia,caperata,3,4043
26-JUL-2007,51,Virginia,VA,139,2,Southeast,1,Detection Monitoring (on-frame),3,3,11,1333113,0,M221A,,1,1,= at least one forest condition,,1,standard field plot,2822,Heterodermia,speciosa,2,4043
26-JUL-2007,51,Virginia,VA,139,2,Southeast,1,Detection Monitoring (on-frame),3,3,11,1333113,0,M221A,,1,1,= at least one forest condition,,1,standard field plot,4201,Myelochroa,aurulenta,2,4043
26-JUL-2007,51,Virginia,VA,139,2,Southeast,1,Detection Monitoring (on-frame),3,3,11,1333113,0,M221A,,1,1,= at least one forest condition,,1,standard field plot,5314,Parmotrema,hypotropum,2,4043
26-JUL-2007,51,Virginia,VA,139,2,Southeast,1,Detection Monitoring (on-frame),3,3,11,1333113,0,M221A,,1,1,= at least one forest condition,,1,standard field plot,5335,Parmotrema,xanthinum,3,4043
26-JUL-2007,51,Virginia,VA,139,2,Southeast,1,Detection Monitoring (on-frame),3,3,11,1333113,0,M221A,,1,1,= at least one forest condition,,1,standard field plot,5716,Physcia,millegrana,3,4043
26-JUL-2007,51,Virginia,VA,139,2,Southeast,1,Detection Monitoring (on-frame),3,3,11,1333113,0,M221A,,1,1,= at least one forest condition,,1,standard field plot,6708,Punctelia,rudecta,3,4043
26-JUL-2007,51,Virginia,VA,139,2,Southeast,1,Detection Monitoring (on-frame),3,3,11,1333113,0,M221A,,1,1,= at least one forest condition,,1,standard field plot,6809,Pyxine,subcinerea,3,4043
26-JUL-2007,51,Virginia,VA,139,2,Southeast,1,Detection Monitoring (on-frame),3,3,11,1333113,0,M221A,,1,1,= at least one forest condition,,1,standard field plot,7104,Rimelia,reticulata,2,4043
26-JUL-2007,51,Virginia,VA,163,2,Southeast,1,Detection Monitoring (on-frame),3,3,12,1422233,0,M221A,,1,1,= at least one forest condition,,1,standard field plot,2601,Flavoparmelia,caperata,3,3287
26-JUL-2007,51,Virginia,VA,163,2,Southeast,1,Detection Monitoring (on-frame),3,3,12,1422233,0,M221A,,1,1,= at least one forest condition,,1,standard field plot,4201,Myelochroa,aurulenta,3,3287
26-JUL-2007,51,Virginia,VA,163,2,Southeast,1,Detection Monitoring (on-frame),3,3,12,1422233,0,M221A,,1,1,= at least one forest condition,,1,standard field plot,4202,Myelochroa,galbina,3,3287
26-JUL-2007,51,Virginia,VA,163,2,Southeast,1,Detection Monitoring (on-frame),3,3,12,1422233,0,M221A,,1,1,= at least one forest condition,,1,standard field plot,5303,Parmotrema,chinense,3,3287
26-JUL-2007,51,Virginia,VA,163,2,Southeast,1,Detection Monitoring (on-frame),3,3,12,1422233,0,M221A,,1,1,= at least one forest condition,,1,standard field plot,5314,Parmotrema,hypotropum,3,3287
26-JUL-2007,51,Virginia,VA,163,2,Southeast,1,Detection Monitoring (on-frame),3,3,12,1422233,0,M221A,,1,1,= at least one forest condition,,1,standard field plot,5614,Phaeophyscia,rubropulchra,3,3287
26-JUL-2007,51,Virginia,VA,163,2,Southeast,1,Detection Monitoring (on-frame),3,3,12,1422233,0,M221A,,1,1,= at least one forest condition,,1,standard field plot,5700,Physcia,,3,3287
26-JUL-2007,51,Virginia,VA,163,2,Southeast,1,Detection Monitoring (on-frame),3,3,12,1422233,0,M221A,,1,1,= at least one forest condition,,1,standard field plot,6708,Punctelia,rudecta,3,3287
26-JUL-2007,51,Virginia,VA,165,2,Southeast,1,Detection Monitoring (on-frame),3,3,12,1422023,0,M221A,,1,1,= at least one forest condition,,1,standard field plot,803,Canoparmelia,crozalsiana,2,4039
26-JUL-2007,51,Virginia,VA,165,2,Southeast,1,Detection Monitoring (on-frame),3,3,12,1422023,0,M221A,,1,1,= at least one forest condition,,1,standard field plot,1211,Cladonia,coniocraea,2,4039
26-JUL-2007,51,Virginia,VA,165,2,Southeast,1,Detection Monitoring (on-frame),3,3,12,1422023,0,M221A,,1,1,= at least one forest condition,,1,standard field plot,2601,Flavoparmelia,caperata,3,4039
26-JUL-2007,51,Virginia,VA,165,2,Southeast,1,Detection Monitoring (on-frame),3,3,12,1422023,0,M221A,,1,1,= at least one forest condition,,1,standard field plot,4201,Myelochroa,aurulenta,2,4039
26-JUL-2007,51,Virginia,VA,165,2,Southeast,1,Detection Monitoring (on-frame),3,3,12,1422023,0,M221A,,1,1,= at least one forest condition,,1,standard field plot,5102,Parmelinopsis,minarum,3,4039
26-JUL-2007,51,Virginia,VA,165,2,Southeast,1,Detection Monitoring (on-frame),3,3,12,1422023,0,M221A,,1,1,= at least one forest condition,,1,standard field plot,5314,Parmotrema,hypotropum,2,4039
26-JUL-2007,51,Virginia,VA,165,2,Southeast,1,Detection Monitoring (on-frame),3,3,12,1422023,0,M221A,,1,1,= at least one forest condition,,1,standard field plot,5333,Parmotrema,tinctorum,3,4039
26-JUL-2007,51,Virginia,VA,165,2,Southeast,1,Detection Monitoring (on-frame),3,3,12,1422023,0,M221A,,1,1,= at least one forest condition,,1,standard field plot,5335,Parmotrema,xanthinum,2,4039
26-JUL-2007,51,Virginia,VA,165,2,Southeast,1,Detection Monitoring (on-frame),3,3,12,1422023,0,M221A,,1,1,= at least one forest condition,,1,standard field plot,5601,Phaeophyscia,adiastola,1,4039
26-JUL-2007,51,Virginia,VA,165,2,Southeast,1,Detection Monitoring (on-frame),3,3,12,1422023,0,M221A,,1,1,= at least one forest condition,,1,standard field plot,5702,Physcia,aipolia,2,4039
26-JUL-2007,51,Virginia,VA,165,2,Southeast,1,Detection Monitoring (on-frame),3,3,12,1422023,0,M221A,,1,1,= at least one forest condition,,1,standard field plot,5704,Physcia,americana,2,4039
26-JUL-2007,51,Virginia,VA,165,2,Southeast,1,Detection Monitoring (on-frame),3,3,12,1422023,0,M221A,,1,1,= at least one forest condition,,1,standard field plot,5723,Physcia,stellaris,1,4039
26-JUL-2007,51,Virginia,VA,165,2,Southeast,1,Detection Monitoring (on-frame),3,3,12,1422023,0,M221A,,1,1,= at least one forest condition,,1,standard field plot,6708,Punctelia,rudecta,3,4039
26-JUL-2007,51,Virginia,VA,181,2,Southeast,1,Detection Monitoring (on-frame),3,3,10,1422113,0,-232A,,1,1,= at least one forest condition,,1,standard field plot,2601,Flavoparmelia,caperata,3,3223
26-JUL-2007,51,Virginia,VA,181,2,Southeast,1,Detection Monitoring (on-frame),3,3,10,1422113,0,-232A,,1,1,= at least one forest condition,,1,standard field plot,4201,Myelochroa,aurulenta,3,3223
26-JUL-2007,51,Virginia,VA,181,2,Southeast,1,Detection Monitoring (on-frame),3,3,10,1422113,0,-232A,,1,1,= at least one forest condition,,1,standard field plot,5303,Parmotrema,chinense,2,3223
26-JUL-2007,51,Virginia,VA,181,2,Southeast,1,Detection Monitoring (on-frame),3,3,10,1422113,0,-232A,,1,1,= at least one forest condition,,1,standard field plot,5327,Parmotrema,rigidum,1,3223
26-JUL-2007,51,Virginia,VA,181,2,Southeast,1,Detection Monitoring (on-frame),3,3,10,1422113,0,-232A,,1,1,= at least one forest condition,,1,standard field plot,6708,Punctelia,rudecta,2,3223
26-JUL-2007,51,Virginia,VA,181,2,Southeast,1,Detection Monitoring (on-frame),3,3,10,1422113,0,-232A,,1,1,= at least one forest condition,,1,standard field plot,7101,Rimelia,cetrata,1,3223
26-JUL-2007,51,Virginia,VA,181,2,Southeast,1,Detection Monitoring (on-frame),3,3,10,1422113,0,-232A,,1,1,= at least one forest condition,,1,standard field plot,8069,Usnea,strigosa,1,3223
26-JUL-2007,51,Virginia,VA,191,2,Southeast,1,Detection Monitoring (on-frame),3,3,11,1702113,0,M221A,,1,1,= at least one forest condition,,1,standard field plot,2601,Flavoparmelia,caperata,1,2784
26-JUL-2007,51,Virginia,VA,191,2,Southeast,1,Detection Monitoring (on-frame),3,3,11,1702113,0,M221A,,1,1,= at least one forest condition,,1,standard field plot,4201,Myelochroa,aurulenta,1,2784
26-JUL-2007,51,Virginia,VA,191,2,Southeast,1,Detection Monitoring (on-frame),3,3,11,1702113,0,M221A,,1,1,= at least one forest condition,,1,standard field plot,5614,Phaeophyscia,rubropulchra,1,2784
26-JUL-2007,51,Virginia,VA,191,2,Southeast,1,Detection Monitoring (on-frame),3,3,11,1702113,0,M221A,,1,1,= at least one forest condition,,1,standard field plot,6708,Punctelia,rudecta,1,2784
26-JUL-2007,51,Virginia,VA,800,2,Southeast,1,Detection Monitoring (on-frame),3,3,12,1423003,0,-232A,,1,1,= at least one forest condition,,1,standard field plot,802,Canoparmelia,caroliniana,2,2692
26-JUL-2007,51,Virginia,VA,800,2,Southeast,1,Detection Monitoring (on-frame),3,3,12,1423003,0,-232A,,1,1,= at least one forest condition,,1,standard field plot,5102,Parmelinopsis,minarum,2,2692
26-JUL-2007,51,Virginia,VA,800,2,Southeast,1,Detection Monitoring (on-frame),3,3,12,1423003,0,-232A,,1,1,= at least one forest condition,,1,standard field plot,5716,Physcia,millegrana,1,2692
26-JUL-2007,51,Virginia,VA,800,2,Southeast,1,Detection Monitoring (on-frame),3,3,12,1423003,0,-232A,,1,1,= at least one forest condition,,1,standard field plot,6708,Punctelia,rudecta,2,2692
