LAST_UPDATE,STATE,STATE_DESCR,STATE_ABBREV,COUNTY,FHM_REGION,FHM_REGION_DESCR,PROJECT,PROJECT_DESCR,MEASUREMENT_TYPE,PANEL,OVERLAP,HIERARCHIAL_ID,GRID_INTENSIFICATION,ECOREGION_CODE,HEXAGON_NBR,PLOT_NBR,PLOT_STATUS,PLOT_STATUS_DESCR,PROJECT_TYPE,QA_STATUS,QA_STATUS_DESCR,LICHEN_SPECIES_CODE,GENUS,SPECIES,ABUNDANCE_CLASS,P3ID
26-JUL-2007,51,Virginia,VA,5,2,Southeast,1,Detection Monitoring (on-frame),3,0,3,1700010,0,M221A,,1,1,= at least one forest condition,,1,standard field plot,1104,Cetrelia,olivetorum,2,3307
26-JUL-2007,51,Virginia,VA,5,2,Southeast,1,Detection Monitoring (on-frame),3,0,3,1700010,0,M221A,,1,1,= at least one forest condition,,1,standard field plot,3208,Hypotrachyna,livida,3,3307
26-JUL-2007,51,Virginia,VA,5,2,Southeast,1,Detection Monitoring (on-frame),3,0,3,1700010,0,M221A,,1,1,= at least one forest condition,,1,standard field plot,3301,Imshaugia,aleurites,3,3307
26-JUL-2007,51,Virginia,VA,5,2,Southeast,1,Detection Monitoring (on-frame),3,0,3,1700010,0,M221A,,1,1,= at least one forest condition,,1,standard field plot,4805,Parmelia,squarrosa,2,3307
26-JUL-2007,51,Virginia,VA,5,2,Southeast,1,Detection Monitoring (on-frame),3,0,3,1700010,0,M221A,,1,1,= at least one forest condition,,1,standard field plot,6106,Platismatia,tuckermanii,2,3307
26-JUL-2007,51,Virginia,VA,5,2,Southeast,1,Detection Monitoring (on-frame),3,0,3,1700010,0,M221A,,1,1,= at least one forest condition,,1,standard field plot,6302,Pseudevernia,consocians,3,3307
26-JUL-2007,51,Virginia,VA,5,2,Southeast,1,Detection Monitoring (on-frame),3,0,3,1700010,0,M221A,,1,1,= at least one forest condition,,1,standard field plot,8069,Usnea,strigosa,2,3307
26-JUL-2007,51,Virginia,VA,7,2,Southeast,1,Detection Monitoring (on-frame),3,0,3,1422310,0,-231A,,1,1,= at least one forest condition,,1,standard field plot,1008,Cetraria,fendleri,2,3257
26-JUL-2007,51,Virginia,VA,7,2,Southeast,1,Detection Monitoring (on-frame),3,0,3,1422310,0,-231A,,1,1,= at least one forest condition,,1,standard field plot,1229,Cladonia,parasitica,2,3257
26-JUL-2007,51,Virginia,VA,7,2,Southeast,1,Detection Monitoring (on-frame),3,0,3,1422310,0,-231A,,1,1,= at least one forest condition,,1,standard field plot,5300,Parmotrema,,2,3257
26-JUL-2007,51,Virginia,VA,9,,,1,Detection Monitoring (on-frame),1,0,3,1422320,0,M221D,,2,1,= at least one forest condition,,1,standard field plot,1006,Cetraria,ciliaris,3,3282
26-JUL-2007,51,Virginia,VA,9,,,1,Detection Monitoring (on-frame),1,0,3,1422320,0,M221D,,2,1,= at least one forest condition,,1,standard field plot,2601,Flavoparmelia,caperata,3,3282
26-JUL-2007,51,Virginia,VA,9,,,1,Detection Monitoring (on-frame),1,0,3,1422320,0,M221D,,2,1,= at least one forest condition,,1,standard field plot,4201,Myelochroa,aurulenta,3,3282
26-JUL-2007,51,Virginia,VA,9,,,1,Detection Monitoring (on-frame),1,0,3,1422320,0,M221D,,2,1,= at least one forest condition,,1,standard field plot,5310,Parmotrema,eurysacum,2,3282
26-JUL-2007,51,Virginia,VA,9,,,1,Detection Monitoring (on-frame),1,0,3,1422320,0,M221D,,2,1,= at least one forest condition,,1,standard field plot,5318,Parmotrema,margaritatum,2,3282
26-JUL-2007,51,Virginia,VA,9,,,1,Detection Monitoring (on-frame),1,0,3,1422320,0,M221D,,2,1,= at least one forest condition,,1,standard field plot,5613,Phaeophyscia,pusilloides,3,3282
26-JUL-2007,51,Virginia,VA,9,,,1,Detection Monitoring (on-frame),1,0,3,1422320,0,M221D,,2,1,= at least one forest condition,,1,standard field plot,5614,Phaeophyscia,rubropulchra,2,3282
26-JUL-2007,51,Virginia,VA,9,,,1,Detection Monitoring (on-frame),1,0,3,1422320,0,M221D,,2,1,= at least one forest condition,,1,standard field plot,5718,Physcia,neogaea,2,3282
26-JUL-2007,51,Virginia,VA,9,,,1,Detection Monitoring (on-frame),1,0,3,1422320,0,M221D,,2,1,= at least one forest condition,,1,standard field plot,6708,Punctelia,rudecta,3,3282
26-JUL-2007,51,Virginia,VA,9,,,1,Detection Monitoring (on-frame),1,0,3,1422320,0,M221D,,2,1,= at least one forest condition,,1,standard field plot,6711,Punctelia,subrudecta,3,3282
26-JUL-2007,51,Virginia,VA,9,,,1,Detection Monitoring (on-frame),1,0,3,1422320,0,M221D,,2,1,= at least one forest condition,,1,standard field plot,6809,Pyxine,subcinerea,2,3282
26-JUL-2007,51,Virginia,VA,9,,,1,Detection Monitoring (on-frame),1,0,3,1422320,0,M221D,,2,1,= at least one forest condition,,1,standard field plot,8301,Candelaria,concolor,3,3282
26-JUL-2007,51,Virginia,VA,15,2,Southeast,1,Detection Monitoring (on-frame),3,0,2,1422210,0,M221A,,1,1,= at least one forest condition,,1,standard field plot,2601,Flavoparmelia,caperata,2,4035
26-JUL-2007,51,Virginia,VA,15,2,Southeast,1,Detection Monitoring (on-frame),3,0,2,1422210,0,M221A,,1,1,= at least one forest condition,,1,standard field plot,2816,Heterodermia,obscurata,2,4035
26-JUL-2007,51,Virginia,VA,15,2,Southeast,1,Detection Monitoring (on-frame),3,0,2,1422210,0,M221A,,1,1,= at least one forest condition,,1,standard field plot,4201,Myelochroa,aurulenta,3,4035
26-JUL-2007,51,Virginia,VA,15,2,Southeast,1,Detection Monitoring (on-frame),3,0,2,1422210,0,M221A,,1,1,= at least one forest condition,,1,standard field plot,5716,Physcia,millegrana,3,4035
26-JUL-2007,51,Virginia,VA,15,2,Southeast,1,Detection Monitoring (on-frame),3,0,2,1422210,0,M221A,,1,1,= at least one forest condition,,1,standard field plot,6706,Punctelia,perreticulata,2,4035
26-JUL-2007,51,Virginia,VA,15,2,Southeast,1,Detection Monitoring (on-frame),3,0,2,1422210,0,M221A,,1,1,= at least one forest condition,,1,standard field plot,6708,Punctelia,rudecta,3,4035
26-JUL-2007,51,Virginia,VA,15,2,Southeast,1,Detection Monitoring (on-frame),3,0,2,1422210,0,M221A,,1,1,= at least one forest condition,,1,standard field plot,7101,Rimelia,cetrata,2,4035
26-JUL-2007,51,Virginia,VA,15,2,Southeast,1,Detection Monitoring (on-frame),3,0,3,1422200,0,M221A,,1,1,= at least one forest condition,,1,standard field plot,301,Anaptychia,palmulata,3,4061
26-JUL-2007,51,Virginia,VA,15,2,Southeast,1,Detection Monitoring (on-frame),3,0,3,1422200,0,M221A,,1,1,= at least one forest condition,,1,standard field plot,1012,Cetraria,oakesiana,3,4061
26-JUL-2007,51,Virginia,VA,15,2,Southeast,1,Detection Monitoring (on-frame),3,0,3,1422200,0,M221A,,1,1,= at least one forest condition,,1,standard field plot,2601,Flavoparmelia,caperata,3,4061
26-JUL-2007,51,Virginia,VA,15,2,Southeast,1,Detection Monitoring (on-frame),3,0,3,1422200,0,M221A,,1,1,= at least one forest condition,,1,standard field plot,4805,Parmelia,squarrosa,3,4061
26-JUL-2007,51,Virginia,VA,15,2,Southeast,1,Detection Monitoring (on-frame),3,0,3,1422200,0,M221A,,1,1,= at least one forest condition,,1,standard field plot,5305,Parmotrema,crinitum,2,4061
26-JUL-2007,51,Virginia,VA,15,2,Southeast,1,Detection Monitoring (on-frame),3,0,3,1422200,0,M221A,,1,1,= at least one forest condition,,1,standard field plot,6708,Punctelia,rudecta,3,4061
26-JUL-2007,51,Virginia,VA,15,2,Southeast,1,Detection Monitoring (on-frame),3,0,3,1422200,0,M221A,,1,1,= at least one forest condition,,1,standard field plot,6901,Ramalina,americana,3,4061
26-JUL-2007,51,Virginia,VA,23,2,Southeast,1,Detection Monitoring (on-frame),3,0,2,1700100,0,M221A,,1,1,= at least one forest condition,,1,standard field plot,2601,Flavoparmelia,caperata,3,3284
26-JUL-2007,51,Virginia,VA,23,2,Southeast,1,Detection Monitoring (on-frame),3,0,2,1700100,0,M221A,,1,1,= at least one forest condition,,1,standard field plot,2603,Flavoparmelia,baltimorensis,3,3284
26-JUL-2007,51,Virginia,VA,23,2,Southeast,1,Detection Monitoring (on-frame),3,0,2,1700100,0,M221A,,1,1,= at least one forest condition,,1,standard field plot,6708,Punctelia,rudecta,3,3284
26-JUL-2007,51,Virginia,VA,23,2,Southeast,1,Detection Monitoring (on-frame),3,0,2,1700100,0,M221A,,1,1,= at least one forest condition,,1,standard field plot,6808,Pyxine,sorediata,3,3284
26-JUL-2007,51,Virginia,VA,23,2,Southeast,1,Detection Monitoring (on-frame),3,0,2,1700100,0,M221A,,1,1,= at least one forest condition,,1,standard field plot,7104,Rimelia,reticulata,3,3284
26-JUL-2007,51,Virginia,VA,25,2,Southeast,1,Detection Monitoring (on-frame),3,0,2,1423200,0,-231A,,1,1,= at least one forest condition,,1,standard field plot,5301,Parmotrema,arnoldii,3,2712
26-JUL-2007,51,Virginia,VA,25,2,Southeast,1,Detection Monitoring (on-frame),3,0,2,1423200,0,-231A,,1,1,= at least one forest condition,,1,standard field plot,5613,Phaeophyscia,pusilloides,2,2712
26-JUL-2007,51,Virginia,VA,25,2,Southeast,1,Detection Monitoring (on-frame),3,0,2,1423200,0,-231A,,1,1,= at least one forest condition,,1,standard field plot,5702,Physcia,aipolia,2,2712
26-JUL-2007,51,Virginia,VA,25,2,Southeast,1,Detection Monitoring (on-frame),3,0,2,1423200,0,-231A,,1,1,= at least one forest condition,,1,standard field plot,6708,Punctelia,rudecta,2,2712
26-JUL-2007,51,Virginia,VA,29,2,Southeast,1,Detection Monitoring (on-frame),3,3,12,1422303,0,-231A,,1,1,= at least one forest condition,,1,standard field plot,2601,Flavoparmelia,caperata,2,3260
26-JUL-2007,51,Virginia,VA,29,2,Southeast,1,Detection Monitoring (on-frame),3,3,12,1422303,0,-231A,,1,1,= at least one forest condition,,1,standard field plot,2816,Heterodermia,obscurata,2,3260
26-JUL-2007,51,Virginia,VA,29,2,Southeast,1,Detection Monitoring (on-frame),3,3,12,1422303,0,-231A,,1,1,= at least one forest condition,,1,standard field plot,5303,Parmotrema,chinense,2,3260
26-JUL-2007,51,Virginia,VA,29,2,Southeast,1,Detection Monitoring (on-frame),3,3,12,1422303,0,-231A,,1,1,= at least one forest condition,,1,standard field plot,5314,Parmotrema,hypotropum,2,3260
26-JUL-2007,51,Virginia,VA,29,2,Southeast,1,Detection Monitoring (on-frame),3,3,12,1422303,0,-231A,,1,1,= at least one forest condition,,1,standard field plot,5704,Physcia,americana,2,3260
26-JUL-2007,51,Virginia,VA,29,2,Southeast,1,Detection Monitoring (on-frame),3,3,12,1422303,0,-231A,,1,1,= at least one forest condition,,1,standard field plot,6708,Punctelia,rudecta,2,3260
26-JUL-2007,51,Virginia,VA,29,2,Southeast,1,Detection Monitoring (on-frame),3,3,12,1422303,0,-231A,,1,1,= at least one forest condition,,1,standard field plot,8053,Usnea,mutabilis,2,3260
26-JUL-2007,51,Virginia,VA,31,2,Southeast,1,Detection Monitoring (on-frame),3,0,1,1700110,0,-231A,,1,1,= at least one forest condition,,1,standard field plot,802,Canoparmelia,caroliniana,2,3275
26-JUL-2007,51,Virginia,VA,31,2,Southeast,1,Detection Monitoring (on-frame),3,0,1,1700110,0,-231A,,1,1,= at least one forest condition,,1,standard field plot,2601,Flavoparmelia,caperata,3,3275
26-JUL-2007,51,Virginia,VA,31,2,Southeast,1,Detection Monitoring (on-frame),3,0,1,1700110,0,-231A,,1,1,= at least one forest condition,,1,standard field plot,3301,Imshaugia,aleurites,3,3275
26-JUL-2007,51,Virginia,VA,31,2,Southeast,1,Detection Monitoring (on-frame),3,0,1,1700110,0,-231A,,1,1,= at least one forest condition,,1,standard field plot,4201,Myelochroa,aurulenta,3,3275
26-JUL-2007,51,Virginia,VA,31,2,Southeast,1,Detection Monitoring (on-frame),3,0,1,1700110,0,-231A,,1,1,= at least one forest condition,,1,standard field plot,5314,Parmotrema,hypotropum,3,3275
26-JUL-2007,51,Virginia,VA,31,2,Southeast,1,Detection Monitoring (on-frame),3,0,1,1700110,0,-231A,,1,1,= at least one forest condition,,1,standard field plot,5318,Parmotrema,margaritatum,3,3275
26-JUL-2007,51,Virginia,VA,31,2,Southeast,1,Detection Monitoring (on-frame),3,0,1,1700110,0,-231A,,1,1,= at least one forest condition,,1,standard field plot,6708,Punctelia,rudecta,2,3275
26-JUL-2007,51,Virginia,VA,31,2,Southeast,1,Detection Monitoring (on-frame),3,0,1,1700110,0,-231A,,1,1,= at least one forest condition,,1,standard field plot,8053,Usnea,mutabilis,2,3275
26-JUL-2007,51,Virginia,VA,41,2,Southeast,1,Detection Monitoring (on-frame),3,0,1,1422130,0,-231A,,1,1,= at least one forest condition,,1,standard field plot,2601,Flavoparmelia,caperata,3,3238
26-JUL-2007,51,Virginia,VA,41,2,Southeast,1,Detection Monitoring (on-frame),3,0,1,1422130,0,-231A,,1,1,= at least one forest condition,,1,standard field plot,3200,Hypotrachyna,,2,3238
26-JUL-2007,51,Virginia,VA,41,2,Southeast,1,Detection Monitoring (on-frame),3,0,1,1422130,0,-231A,,1,1,= at least one forest condition,,1,standard field plot,3208,Hypotrachyna,livida,3,3238
26-JUL-2007,51,Virginia,VA,41,2,Southeast,1,Detection Monitoring (on-frame),3,0,1,1422130,0,-231A,,1,1,= at least one forest condition,,1,standard field plot,4201,Myelochroa,aurulenta,2,3238
26-JUL-2007,51,Virginia,VA,41,2,Southeast,1,Detection Monitoring (on-frame),3,0,1,1422130,0,-231A,,1,1,= at least one forest condition,,1,standard field plot,5314,Parmotrema,hypotropum,2,3238
26-JUL-2007,51,Virginia,VA,41,2,Southeast,1,Detection Monitoring (on-frame),3,0,1,1422130,0,-231A,,1,1,= at least one forest condition,,1,standard field plot,5318,Parmotrema,margaritatum,2,3238
26-JUL-2007,51,Virginia,VA,41,2,Southeast,1,Detection Monitoring (on-frame),3,0,1,1422130,0,-231A,,1,1,= at least one forest condition,,1,standard field plot,6705,Punctelia,missouriensis,3,3238
26-JUL-2007,51,Virginia,VA,41,2,Southeast,1,Detection Monitoring (on-frame),3,0,1,1422130,0,-231A,,1,1,= at least one forest condition,,1,standard field plot,6708,Punctelia,rudecta,3,3238
26-JUL-2007,51,Virginia,VA,45,2,Southeast,1,Detection Monitoring (on-frame),3,0,1,1700120,0,M221A,,1,1,= at least one forest condition,,1,standard field plot,1006,Cetraria,ciliaris,3,3298
26-JUL-2007,51,Virginia,VA,45,2,Southeast,1,Detection Monitoring (on-frame),3,0,1,1700120,0,M221A,,1,1,= at least one forest condition,,1,standard field plot,2601,Flavoparmelia,caperata,3,3298
26-JUL-2007,51,Virginia,VA,45,2,Southeast,1,Detection Monitoring (on-frame),3,0,1,1700120,0,M221A,,1,1,= at least one forest condition,,1,standard field plot,3210,Hypotrachyna,osseoalba,2,3298
26-JUL-2007,51,Virginia,VA,45,2,Southeast,1,Detection Monitoring (on-frame),3,0,1,1700120,0,M221A,,1,1,= at least one forest condition,,1,standard field plot,6302,Pseudevernia,consocians,1,3298
26-JUL-2007,51,Virginia,VA,45,2,Southeast,1,Detection Monitoring (on-frame),3,0,1,1700120,0,M221A,,1,1,= at least one forest condition,,1,standard field plot,6708,Punctelia,rudecta,3,3298
26-JUL-2007,51,Virginia,VA,45,2,Southeast,1,Detection Monitoring (on-frame),3,0,1,1700120,0,M221A,,1,1,= at least one forest condition,,1,standard field plot,7104,Rimelia,reticulata,3,3298
26-JUL-2007,51,Virginia,VA,47,2,Southeast,1,Detection Monitoring (on-frame),3,0,2,1422000,0,M221D,,1,1,= at least one forest condition,,1,standard field plot,4201,Myelochroa,aurulenta,3,4025
26-JUL-2007,51,Virginia,VA,47,2,Southeast,1,Detection Monitoring (on-frame),3,0,2,1422000,0,M221D,,1,1,= at least one forest condition,,1,standard field plot,5613,Phaeophyscia,pusilloides,3,4025
26-JUL-2007,51,Virginia,VA,47,2,Southeast,1,Detection Monitoring (on-frame),3,0,2,1422000,0,M221D,,1,1,= at least one forest condition,,1,standard field plot,5614,Phaeophyscia,rubropulchra,3,4025
26-JUL-2007,51,Virginia,VA,51,2,Southeast,1,Detection Monitoring (on-frame),3,3,12,1702103,0,M221C,,1,1,= at least one forest condition,,1,standard field plot,2816,Heterodermia,obscurata,2,2809
26-JUL-2007,51,Virginia,VA,51,2,Southeast,1,Detection Monitoring (on-frame),3,3,12,1702103,0,M221C,,1,1,= at least one forest condition,,1,standard field plot,5716,Physcia,millegrana,2,2809
26-JUL-2007,51,Virginia,VA,51,2,Southeast,1,Detection Monitoring (on-frame),3,3,12,1702103,0,M221C,,1,1,= at least one forest condition,,1,standard field plot,6708,Punctelia,rudecta,2,2809
26-JUL-2007,51,Virginia,VA,53,2,Southeast,1,Detection Monitoring (on-frame),3,3,12,1422133,0,-231A,,1,1,= at least one forest condition,,1,standard field plot,2601,Flavoparmelia,caperata,3,3232
26-JUL-2007,51,Virginia,VA,53,2,Southeast,1,Detection Monitoring (on-frame),3,3,12,1422133,0,-231A,,1,1,= at least one forest condition,,1,standard field plot,2816,Heterodermia,obscurata,3,3232
26-JUL-2007,51,Virginia,VA,53,2,Southeast,1,Detection Monitoring (on-frame),3,3,12,1422133,0,-231A,,1,1,= at least one forest condition,,1,standard field plot,2822,Heterodermia,speciosa,3,3232
26-JUL-2007,51,Virginia,VA,53,2,Southeast,1,Detection Monitoring (on-frame),3,3,12,1422133,0,-231A,,1,1,= at least one forest condition,,1,standard field plot,5303,Parmotrema,chinense,2,3232
26-JUL-2007,51,Virginia,VA,53,2,Southeast,1,Detection Monitoring (on-frame),3,3,12,1422133,0,-231A,,1,1,= at least one forest condition,,1,standard field plot,5310,Parmotrema,eurysacum,2,3232
26-JUL-2007,51,Virginia,VA,53,2,Southeast,1,Detection Monitoring (on-frame),3,3,12,1422133,0,-231A,,1,1,= at least one forest condition,,1,standard field plot,5314,Parmotrema,hypotropum,3,3232
26-JUL-2007,51,Virginia,VA,53,2,Southeast,1,Detection Monitoring (on-frame),3,3,12,1422133,0,-231A,,1,1,= at least one forest condition,,1,standard field plot,5614,Phaeophyscia,rubropulchra,2,3232
26-JUL-2007,51,Virginia,VA,53,2,Southeast,1,Detection Monitoring (on-frame),3,3,12,1422133,0,-231A,,1,1,= at least one forest condition,,1,standard field plot,5704,Physcia,americana,3,3232
26-JUL-2007,51,Virginia,VA,53,2,Southeast,1,Detection Monitoring (on-frame),3,3,12,1422133,0,-231A,,1,1,= at least one forest condition,,1,standard field plot,6705,Punctelia,missouriensis,2,3232
26-JUL-2007,51,Virginia,VA,53,2,Southeast,1,Detection Monitoring (on-frame),3,3,12,1422133,0,-231A,,1,1,= at least one forest condition,,1,standard field plot,8069,Usnea,strigosa,3,3232
26-JUL-2007,51,Virginia,VA,75,2,Southeast,1,Detection Monitoring (on-frame),3,0,2,1422120,0,-231A,,1,1,= at least one forest condition,,1,standard field plot,1006,Cetraria,ciliaris,2,3246
26-JUL-2007,51,Virginia,VA,75,2,Southeast,1,Detection Monitoring (on-frame),3,0,2,1422120,0,-231A,,1,1,= at least one forest condition,,1,standard field plot,1211,Cladonia,coniocraea,2,3246
26-JUL-2007,51,Virginia,VA,75,2,Southeast,1,Detection Monitoring (on-frame),3,0,2,1422120,0,-231A,,1,1,= at least one forest condition,,1,standard field plot,2601,Flavoparmelia,caperata,2,3246
26-JUL-2007,51,Virginia,VA,75,2,Southeast,1,Detection Monitoring (on-frame),3,0,2,1422120,0,-231A,,1,1,= at least one forest condition,,1,standard field plot,3208,Hypotrachyna,livida,2,3246
26-JUL-2007,51,Virginia,VA,75,2,Southeast,1,Detection Monitoring (on-frame),3,0,2,1422120,0,-231A,,1,1,= at least one forest condition,,1,standard field plot,5314,Parmotrema,hypotropum,2,3246
26-JUL-2007,51,Virginia,VA,75,2,Southeast,1,Detection Monitoring (on-frame),3,0,2,1422120,0,-231A,,1,1,= at least one forest condition,,1,standard field plot,6708,Punctelia,rudecta,2,3246
26-JUL-2007,51,Virginia,VA,75,2,Southeast,1,Detection Monitoring (on-frame),3,0,2,1422120,0,-231A,,1,1,= at least one forest condition,,1,standard field plot,6711,Punctelia,subrudecta,3,3246
26-JUL-2007,51,Virginia,VA,75,2,Southeast,1,Detection Monitoring (on-frame),3,0,2,1422120,0,-231A,,1,1,= at least one forest condition,,1,standard field plot,8000,Usnea,,2,3246
26-JUL-2007,51,Virginia,VA,77,2,Southeast,1,Detection Monitoring (on-frame),3,3,12,1700333,0,M221D,,1,1,= at least one forest condition,,1,standard field plot,4805,Parmelia,squarrosa,3,2786
26-JUL-2007,51,Virginia,VA,77,2,Southeast,1,Detection Monitoring (on-frame),3,3,12,1700333,0,M221D,,1,1,= at least one forest condition,,1,standard field plot,4806,Parmelia,sulcata,3,2786
26-JUL-2007,51,Virginia,VA,77,2,Southeast,1,Detection Monitoring (on-frame),3,3,12,1700333,0,M221D,,1,1,= at least one forest condition,,1,standard field plot,5102,Parmelinopsis,minarum,3,2786
26-JUL-2007,51,Virginia,VA,77,2,Southeast,1,Detection Monitoring (on-frame),3,3,12,1700333,0,M221D,,1,1,= at least one forest condition,,1,standard field plot,5303,Parmotrema,chinense,3,2786
26-JUL-2007,51,Virginia,VA,77,2,Southeast,1,Detection Monitoring (on-frame),3,3,12,1700333,0,M221D,,1,1,= at least one forest condition,,1,standard field plot,5314,Parmotrema,hypotropum,3,2786
26-JUL-2007,51,Virginia,VA,77,2,Southeast,1,Detection Monitoring (on-frame),3,3,12,1700333,0,M221D,,1,1,= at least one forest condition,,1,standard field plot,5613,Phaeophyscia,pusilloides,1,2786
26-JUL-2007,51,Virginia,VA,77,2,Southeast,1,Detection Monitoring (on-frame),3,3,12,1700333,0,M221D,,1,1,= at least one forest condition,,1,standard field plot,5614,Phaeophyscia,rubropulchra,3,2786
26-JUL-2007,51,Virginia,VA,77,2,Southeast,1,Detection Monitoring (on-frame),3,3,12,1700333,0,M221D,,1,1,= at least one forest condition,,1,standard field plot,5716,Physcia,millegrana,3,2786
26-JUL-2007,51,Virginia,VA,77,2,Southeast,1,Detection Monitoring (on-frame),3,3,12,1700333,0,M221D,,1,1,= at least one forest condition,,1,standard field plot,5723,Physcia,stellaris,2,2786
26-JUL-2007,51,Virginia,VA,77,2,Southeast,1,Detection Monitoring (on-frame),3,3,12,1700333,0,M221D,,1,1,= at least one forest condition,,1,standard field plot,6708,Punctelia,rudecta,3,2786
26-JUL-2007,51,Virginia,VA,77,2,Southeast,1,Detection Monitoring (on-frame),3,3,12,1700333,0,M221D,,1,1,= at least one forest condition,,1,standard field plot,6901,Ramalina,americana,3,2786
26-JUL-2007,51,Virginia,VA,77,2,Southeast,1,Detection Monitoring (on-frame),3,3,12,1700333,0,M221D,,1,1,= at least one forest condition,,1,standard field plot,8069,Usnea,strigosa,3,2786
26-JUL-2007,51,Virginia,VA,83,2,Southeast,1,Detection Monitoring (on-frame),3,0,3,1701000,0,-231A,,1,1,= at least one forest condition,,1,standard field plot,2601,Flavoparmelia,caperata,2,2729
26-JUL-2007,51,Virginia,VA,95,2,Southeast,1,Detection Monitoring (on-frame),3,0,2,1422110,0,-232A,,1,1,= at least one forest condition,,1,standard field plot,2601,Flavoparmelia,caperata,3,3225
26-JUL-2007,51,Virginia,VA,95,2,Southeast,1,Detection Monitoring (on-frame),3,0,2,1422110,0,-232A,,1,1,= at least one forest condition,,1,standard field plot,3208,Hypotrachyna,livida,2,3225
26-JUL-2007,51,Virginia,VA,95,2,Southeast,1,Detection Monitoring (on-frame),3,0,2,1422110,0,-232A,,1,1,= at least one forest condition,,1,standard field plot,5310,Parmotrema,eurysacum,3,3225
26-JUL-2007,51,Virginia,VA,95,2,Southeast,1,Detection Monitoring (on-frame),3,0,2,1422110,0,-232A,,1,1,= at least one forest condition,,1,standard field plot,5314,Parmotrema,hypotropum,3,3225
26-JUL-2007,51,Virginia,VA,95,2,Southeast,1,Detection Monitoring (on-frame),3,0,2,1422110,0,-232A,,1,1,= at least one forest condition,,1,standard field plot,5702,Physcia,aipolia,2,3225
26-JUL-2007,51,Virginia,VA,95,2,Southeast,1,Detection Monitoring (on-frame),3,0,2,1422110,0,-232A,,1,1,= at least one forest condition,,1,standard field plot,5716,Physcia,millegrana,3,3225
26-JUL-2007,51,Virginia,VA,95,2,Southeast,1,Detection Monitoring (on-frame),3,0,2,1422110,0,-232A,,1,1,= at least one forest condition,,1,standard field plot,6708,Punctelia,rudecta,2,3225
26-JUL-2007,51,Virginia,VA,95,2,Southeast,1,Detection Monitoring (on-frame),3,0,2,1422110,0,-232A,,1,1,= at least one forest condition,,1,standard field plot,6711,Punctelia,subrudecta,2,3225
26-JUL-2007,51,Virginia,VA,95,2,Southeast,1,Detection Monitoring (on-frame),3,0,2,1422110,0,-232A,,1,1,= at least one forest condition,,1,standard field plot,8041,Usnea,hirta,2,3225
26-JUL-2007,51,Virginia,VA,95,2,Southeast,1,Detection Monitoring (on-frame),3,0,2,1422110,0,-232A,,1,1,= at least one forest condition,,1,standard field plot,8063,Usnea,rubicunda,2,3225
26-JUL-2007,51,Virginia,VA,97,2,Southeast,1,Detection Monitoring (on-frame),3,3,12,1420323,0,-232A,,1,1,= at least one forest condition,,1,standard field plot,2601,Flavoparmelia,caperata,3,3227
26-JUL-2007,51,Virginia,VA,97,2,Southeast,1,Detection Monitoring (on-frame),3,3,12,1420323,0,-232A,,1,1,= at least one forest condition,,1,standard field plot,4202,Myelochroa,galbina,3,3227
26-JUL-2007,51,Virginia,VA,97,2,Southeast,1,Detection Monitoring (on-frame),3,3,12,1420323,0,-232A,,1,1,= at least one forest condition,,1,standard field plot,5314,Parmotrema,hypotropum,3,3227
26-JUL-2007,51,Virginia,VA,97,2,Southeast,1,Detection Monitoring (on-frame),3,3,12,1420323,0,-232A,,1,1,= at least one forest condition,,1,standard field plot,6708,Punctelia,rudecta,3,3227
26-JUL-2007,51,Virginia,VA,97,2,Southeast,1,Detection Monitoring (on-frame),3,3,12,1420323,0,-232A,,1,1,= at least one forest condition,,1,standard field plot,6808,Pyxine,sorediata,3,3227
26-JUL-2007,51,Virginia,VA,97,2,Southeast,1,Detection Monitoring (on-frame),3,3,12,1420323,0,-232A,,1,1,= at least one forest condition,,1,standard field plot,8041,Usnea,hirta,1,3227
26-JUL-2007,51,Virginia,VA,101,2,Southeast,1,Detection Monitoring (on-frame),3,0,3,1422100,0,-232A,,1,1,= at least one forest condition,,1,standard field plot,2601,Flavoparmelia,caperata,3,3248
26-JUL-2007,51,Virginia,VA,101,2,Southeast,1,Detection Monitoring (on-frame),3,0,3,1422100,0,-232A,,1,1,= at least one forest condition,,1,standard field plot,3208,Hypotrachyna,livida,2,3248
26-JUL-2007,51,Virginia,VA,101,2,Southeast,1,Detection Monitoring (on-frame),3,0,3,1422100,0,-232A,,1,1,= at least one forest condition,,1,standard field plot,5314,Parmotrema,hypotropum,2,3248
26-JUL-2007,51,Virginia,VA,101,2,Southeast,1,Detection Monitoring (on-frame),3,0,3,1422100,0,-232A,,1,1,= at least one forest condition,,1,standard field plot,6702,Punctelia,bolliana,2,3248
26-JUL-2007,51,Virginia,VA,101,2,Southeast,1,Detection Monitoring (on-frame),3,0,3,1422100,0,-232A,,1,1,= at least one forest condition,,1,standard field plot,6708,Punctelia,rudecta,3,3248
26-JUL-2007,51,Virginia,VA,101,2,Southeast,1,Detection Monitoring (on-frame),3,0,3,1422100,0,-232A,,1,1,= at least one forest condition,,1,standard field plot,7101,Rimelia,cetrata,2,3248
26-JUL-2007,51,Virginia,VA,105,2,Southeast,1,Detection Monitoring (on-frame),3,0,1,1702310,0,-221I,,1,1,= at least one forest condition,,1,standard field plot,1006,Cetraria,ciliaris,2,2805
26-JUL-2007,51,Virginia,VA,105,2,Southeast,1,Detection Monitoring (on-frame),3,0,1,1702310,0,-221I,,1,1,= at least one forest condition,,1,standard field plot,2601,Flavoparmelia,caperata,2,2805
26-JUL-2007,51,Virginia,VA,105,2,Southeast,1,Detection Monitoring (on-frame),3,0,1,1702310,0,-221I,,1,1,= at least one forest condition,,1,standard field plot,2816,Heterodermia,obscurata,3,2805
26-JUL-2007,51,Virginia,VA,105,2,Southeast,1,Detection Monitoring (on-frame),3,0,1,1702310,0,-221I,,1,1,= at least one forest condition,,1,standard field plot,3208,Hypotrachyna,livida,3,2805
26-JUL-2007,51,Virginia,VA,105,2,Southeast,1,Detection Monitoring (on-frame),3,0,1,1702310,0,-221I,,1,1,= at least one forest condition,,1,standard field plot,4202,Myelochroa,galbina,2,2805
26-JUL-2007,51,Virginia,VA,105,2,Southeast,1,Detection Monitoring (on-frame),3,0,1,1702310,0,-221I,,1,1,= at least one forest condition,,1,standard field plot,5314,Parmotrema,hypotropum,2,2805
26-JUL-2007,51,Virginia,VA,105,2,Southeast,1,Detection Monitoring (on-frame),3,0,1,1702310,0,-221I,,1,1,= at least one forest condition,,1,standard field plot,5318,Parmotrema,margaritatum,3,2805
26-JUL-2007,51,Virginia,VA,105,2,Southeast,1,Detection Monitoring (on-frame),3,0,1,1702310,0,-221I,,1,1,= at least one forest condition,,1,standard field plot,5613,Phaeophyscia,pusilloides,3,2805
26-JUL-2007,51,Virginia,VA,105,2,Southeast,1,Detection Monitoring (on-frame),3,0,1,1702310,0,-221I,,1,1,= at least one forest condition,,1,standard field plot,5704,Physcia,americana,2,2805
26-JUL-2007,51,Virginia,VA,105,2,Southeast,1,Detection Monitoring (on-frame),3,0,1,1702310,0,-221I,,1,1,= at least one forest condition,,1,standard field plot,5716,Physcia,millegrana,3,2805
26-JUL-2007,51,Virginia,VA,105,2,Southeast,1,Detection Monitoring (on-frame),3,0,1,1702310,0,-221I,,1,1,= at least one forest condition,,1,standard field plot,6708,Punctelia,rudecta,2,2805
26-JUL-2007,51,Virginia,VA,105,2,Southeast,1,Detection Monitoring (on-frame),3,0,1,1702310,0,-221I,,1,1,= at least one forest condition,,1,standard field plot,6809,Pyxine,subcinerea,2,2805
26-JUL-2007,51,Virginia,VA,105,2,Southeast,1,Detection Monitoring (on-frame),3,0,1,1702310,0,-221I,,1,1,= at least one forest condition,,1,standard field plot,6901,Ramalina,americana,3,2805
26-JUL-2007,51,Virginia,VA,105,2,Southeast,1,Detection Monitoring (on-frame),3,0,1,1702310,0,-221I,,1,1,= at least one forest condition,,1,standard field plot,8069,Usnea,strigosa,3,2805
26-JUL-2007,51,Virginia,VA,109,2,Southeast,1,Detection Monitoring (on-frame),3,3,12,1422013,0,-231A,,1,1,= at least one forest condition,,1,standard field plot,1006,Cetraria,ciliaris,2,3251
26-JUL-2007,51,Virginia,VA,109,2,Southeast,1,Detection Monitoring (on-frame),3,3,12,1422013,0,-231A,,1,1,= at least one forest condition,,1,standard field plot,2601,Flavoparmelia,caperata,3,3251
26-JUL-2007,51,Virginia,VA,109,2,Southeast,1,Detection Monitoring (on-frame),3,3,12,1422013,0,-231A,,1,1,= at least one forest condition,,1,standard field plot,5314,Parmotrema,hypotropum,3,3251
26-JUL-2007,51,Virginia,VA,109,2,Southeast,1,Detection Monitoring (on-frame),3,3,12,1422013,0,-231A,,1,1,= at least one forest condition,,1,standard field plot,5716,Physcia,millegrana,3,3251
26-JUL-2007,51,Virginia,VA,109,2,Southeast,1,Detection Monitoring (on-frame),3,3,12,1422013,0,-231A,,1,1,= at least one forest condition,,1,standard field plot,6708,Punctelia,rudecta,3,3251
26-JUL-2007,51,Virginia,VA,109,2,Southeast,1,Detection Monitoring (on-frame),3,3,12,1422013,0,-231A,,1,1,= at least one forest condition,,1,standard field plot,7104,Rimelia,reticulata,2,3251
26-JUL-2007,51,Virginia,VA,109,2,Southeast,1,Detection Monitoring (on-frame),3,3,12,1422013,0,-231A,,1,1,= at least one forest condition,,1,standard field plot,8053,Usnea,mutabilis,3,3251
26-JUL-2007,51,Virginia,VA,117,2,Southeast,1,Detection Monitoring (on-frame),3,0,1,1423220,0,-231A,,1,1,= at least one forest condition,,1,standard field plot,6708,Punctelia,rudecta,2,2727
26-JUL-2007,51,Virginia,VA,117,2,Southeast,1,Detection Monitoring (on-frame),3,3,12,1423223,0,-231A,,1,1,= at least one forest condition,,1,standard field plot,2601,Flavoparmelia,caperata,2,2722
26-JUL-2007,51,Virginia,VA,117,2,Southeast,1,Detection Monitoring (on-frame),3,3,12,1423223,0,-231A,,1,1,= at least one forest condition,,1,standard field plot,3208,Hypotrachyna,livida,2,2722
26-JUL-2007,51,Virginia,VA,117,2,Southeast,1,Detection Monitoring (on-frame),3,3,12,1423223,0,-231A,,1,1,= at least one forest condition,,1,standard field plot,5314,Parmotrema,hypotropum,3,2722
26-JUL-2007,51,Virginia,VA,117,2,Southeast,1,Detection Monitoring (on-frame),3,3,12,1423223,0,-231A,,1,1,= at least one forest condition,,1,standard field plot,5718,Physcia,neogaea,2,2722
26-JUL-2007,51,Virginia,VA,117,2,Southeast,1,Detection Monitoring (on-frame),3,3,12,1423223,0,-231A,,1,1,= at least one forest condition,,1,standard field plot,6708,Punctelia,rudecta,3,2722
26-JUL-2007,51,Virginia,VA,141,2,Southeast,1,Detection Monitoring (on-frame),3,0,1,1701200,0,-231A,,1,1,= at least one forest condition,,1,standard field plot,802,Canoparmelia,caroliniana,3,2763
26-JUL-2007,51,Virginia,VA,141,2,Southeast,1,Detection Monitoring (on-frame),3,0,1,1701200,0,-231A,,1,1,= at least one forest condition,,1,standard field plot,1203,Cladonia,bacillaris,1,2763
26-JUL-2007,51,Virginia,VA,141,2,Southeast,1,Detection Monitoring (on-frame),3,0,1,1701200,0,-231A,,1,1,= at least one forest condition,,1,standard field plot,2601,Flavoparmelia,caperata,3,2763
26-JUL-2007,51,Virginia,VA,141,2,Southeast,1,Detection Monitoring (on-frame),3,0,1,1701200,0,-231A,,1,1,= at least one forest condition,,1,standard field plot,2816,Heterodermia,obscurata,3,2763
26-JUL-2007,51,Virginia,VA,141,2,Southeast,1,Detection Monitoring (on-frame),3,0,1,1701200,0,-231A,,1,1,= at least one forest condition,,1,standard field plot,3208,Hypotrachyna,livida,3,2763
26-JUL-2007,51,Virginia,VA,141,2,Southeast,1,Detection Monitoring (on-frame),3,0,1,1701200,0,-231A,,1,1,= at least one forest condition,,1,standard field plot,4201,Myelochroa,aurulenta,3,2763
26-JUL-2007,51,Virginia,VA,141,2,Southeast,1,Detection Monitoring (on-frame),3,0,1,1701200,0,-231A,,1,1,= at least one forest condition,,1,standard field plot,5300,Parmotrema,,3,2763
26-JUL-2007,51,Virginia,VA,141,2,Southeast,1,Detection Monitoring (on-frame),3,0,1,1701200,0,-231A,,1,1,= at least one forest condition,,1,standard field plot,5301,Parmotrema,arnoldii,2,2763
26-JUL-2007,51,Virginia,VA,141,2,Southeast,1,Detection Monitoring (on-frame),3,0,1,1701200,0,-231A,,1,1,= at least one forest condition,,1,standard field plot,5314,Parmotrema,hypotropum,3,2763
26-JUL-2007,51,Virginia,VA,141,2,Southeast,1,Detection Monitoring (on-frame),3,0,1,1701200,0,-231A,,1,1,= at least one forest condition,,1,standard field plot,6708,Punctelia,rudecta,3,2763
26-JUL-2007,51,Virginia,VA,141,2,Southeast,1,Detection Monitoring (on-frame),3,0,1,1701200,0,-231A,,1,1,= at least one forest condition,,1,standard field plot,6808,Pyxine,sorediata,2,2763
26-JUL-2007,51,Virginia,VA,141,2,Southeast,1,Detection Monitoring (on-frame),3,0,1,1701200,0,-231A,,1,1,= at least one forest condition,,1,standard field plot,6901,Ramalina,americana,1,2763
26-JUL-2007,51,Virginia,VA,141,2,Southeast,1,Detection Monitoring (on-frame),3,0,1,1701200,0,-231A,,1,1,= at least one forest condition,,1,standard field plot,7104,Rimelia,reticulata,3,2763
26-JUL-2007,51,Virginia,VA,141,2,Southeast,1,Detection Monitoring (on-frame),3,0,1,1701200,0,-231A,,1,1,= at least one forest condition,,1,standard field plot,8014,Usnea,ceratina,1,2763
26-JUL-2007,51,Virginia,VA,141,2,Southeast,1,Detection Monitoring (on-frame),3,0,1,1701200,0,-231A,,1,1,= at least one forest condition,,1,standard field plot,9999,unknown,,3,2763
26-JUL-2007,51,Virginia,VA,143,2,Southeast,1,Detection Monitoring (on-frame),3,0,2,1701020,0,-231A,,1,1,= at least one forest condition,,1,standard field plot,2601,Flavoparmelia,caperata,3,2747
26-JUL-2007,51,Virginia,VA,143,2,Southeast,1,Detection Monitoring (on-frame),3,0,2,1701020,0,-231A,,1,1,= at least one forest condition,,1,standard field plot,5101,Parmelinopsis,horrescens,3,2747
26-JUL-2007,51,Virginia,VA,143,2,Southeast,1,Detection Monitoring (on-frame),3,0,2,1701020,0,-231A,,1,1,= at least one forest condition,,1,standard field plot,5102,Parmelinopsis,minarum,3,2747
26-JUL-2007,51,Virginia,VA,143,2,Southeast,1,Detection Monitoring (on-frame),3,0,2,1701020,0,-231A,,1,1,= at least one forest condition,,1,standard field plot,5314,Parmotrema,hypotropum,3,2747
26-JUL-2007,51,Virginia,VA,143,2,Southeast,1,Detection Monitoring (on-frame),3,0,2,1701020,0,-231A,,1,1,= at least one forest condition,,1,standard field plot,5614,Phaeophyscia,rubropulchra,3,2747
26-JUL-2007,51,Virginia,VA,143,2,Southeast,1,Detection Monitoring (on-frame),3,0,2,1701020,0,-231A,,1,1,= at least one forest condition,,1,standard field plot,6708,Punctelia,rudecta,3,2747
26-JUL-2007,51,Virginia,VA,143,2,Southeast,1,Detection Monitoring (on-frame),3,0,2,1701020,0,-231A,,1,1,= at least one forest condition,,1,standard field plot,8000,Usnea,,1,2747
26-JUL-2007,51,Virginia,VA,147,2,Southeast,1,Detection Monitoring (on-frame),3,0,2,1422330,0,-231A,,1,1,= at least one forest condition,,1,standard field plot,2816,Heterodermia,obscurata,2,3255
26-JUL-2007,51,Virginia,VA,147,2,Southeast,1,Detection Monitoring (on-frame),3,0,2,1422330,0,-231A,,1,1,= at least one forest condition,,1,standard field plot,2822,Heterodermia,speciosa,3,3255
26-JUL-2007,51,Virginia,VA,147,2,Southeast,1,Detection Monitoring (on-frame),3,0,2,1422330,0,-231A,,1,1,= at least one forest condition,,1,standard field plot,4201,Myelochroa,aurulenta,2,3255
26-JUL-2007,51,Virginia,VA,147,2,Southeast,1,Detection Monitoring (on-frame),3,0,2,1422330,0,-231A,,1,1,= at least one forest condition,,1,standard field plot,5314,Parmotrema,hypotropum,2,3255
26-JUL-2007,51,Virginia,VA,147,2,Southeast,1,Detection Monitoring (on-frame),3,0,2,1422330,0,-231A,,1,1,= at least one forest condition,,1,standard field plot,5601,Phaeophyscia,adiastola,3,3255
26-JUL-2007,51,Virginia,VA,147,2,Southeast,1,Detection Monitoring (on-frame),3,0,2,1422330,0,-231A,,1,1,= at least one forest condition,,1,standard field plot,5613,Phaeophyscia,pusilloides,2,3255
26-JUL-2007,51,Virginia,VA,147,2,Southeast,1,Detection Monitoring (on-frame),3,0,2,1422330,0,-231A,,1,1,= at least one forest condition,,1,standard field plot,5614,Phaeophyscia,rubropulchra,3,3255
26-JUL-2007,51,Virginia,VA,147,2,Southeast,1,Detection Monitoring (on-frame),3,0,2,1422330,0,-231A,,1,1,= at least one forest condition,,1,standard field plot,5704,Physcia,americana,2,3255
26-JUL-2007,51,Virginia,VA,147,2,Southeast,1,Detection Monitoring (on-frame),3,0,2,1422330,0,-231A,,1,1,= at least one forest condition,,1,standard field plot,5716,Physcia,millegrana,2,3255
26-JUL-2007,51,Virginia,VA,147,2,Southeast,1,Detection Monitoring (on-frame),3,0,2,1422330,0,-231A,,1,1,= at least one forest condition,,1,standard field plot,5718,Physcia,neogaea,2,3255
26-JUL-2007,51,Virginia,VA,147,2,Southeast,1,Detection Monitoring (on-frame),3,0,2,1422330,0,-231A,,1,1,= at least one forest condition,,1,standard field plot,5723,Physcia,stellaris,2,3255
26-JUL-2007,51,Virginia,VA,147,2,Southeast,1,Detection Monitoring (on-frame),3,0,2,1422330,0,-231A,,1,1,= at least one forest condition,,1,standard field plot,5801,Physciella,chloantha,3,3255
26-JUL-2007,51,Virginia,VA,147,2,Southeast,1,Detection Monitoring (on-frame),3,0,2,1422330,0,-231A,,1,1,= at least one forest condition,,1,standard field plot,6708,Punctelia,rudecta,2,3255
26-JUL-2007,51,Virginia,VA,147,2,Southeast,1,Detection Monitoring (on-frame),3,0,2,1422330,0,-231A,,1,1,= at least one forest condition,,1,standard field plot,8301,Candelaria,concolor,3,3255
26-JUL-2007,51,Virginia,VA,163,2,Southeast,1,Detection Monitoring (on-frame),1,0,1,1422230,0,M221A,,1,1,= at least one forest condition,,1,standard field plot,2601,Flavoparmelia,caperata,2,3289
26-JUL-2007,51,Virginia,VA,163,2,Southeast,1,Detection Monitoring (on-frame),1,0,1,1422230,0,M221A,,1,1,= at least one forest condition,,1,standard field plot,2816,Heterodermia,obscurata,2,3289
26-JUL-2007,51,Virginia,VA,163,2,Southeast,1,Detection Monitoring (on-frame),1,0,1,1422230,0,M221A,,1,1,= at least one forest condition,,1,standard field plot,5314,Parmotrema,hypotropum,2,3289
26-JUL-2007,51,Virginia,VA,163,2,Southeast,1,Detection Monitoring (on-frame),1,0,1,1422230,0,M221A,,1,1,= at least one forest condition,,1,standard field plot,5704,Physcia,americana,2,3289
26-JUL-2007,51,Virginia,VA,163,2,Southeast,1,Detection Monitoring (on-frame),1,0,1,1422230,0,M221A,,1,1,= at least one forest condition,,1,standard field plot,5716,Physcia,millegrana,3,3289
26-JUL-2007,51,Virginia,VA,163,2,Southeast,1,Detection Monitoring (on-frame),1,0,1,1422230,0,M221A,,1,1,= at least one forest condition,,1,standard field plot,6708,Punctelia,rudecta,2,3289
26-JUL-2007,51,Virginia,VA,163,2,Southeast,1,Detection Monitoring (on-frame),1,0,1,1422230,0,M221A,,1,1,= at least one forest condition,,1,standard field plot,6711,Punctelia,subrudecta,3,3289
26-JUL-2007,51,Virginia,VA,163,2,Southeast,1,Detection Monitoring (on-frame),1,0,1,1422230,0,M221A,,1,1,= at least one forest condition,,1,standard field plot,8053,Usnea,mutabilis,2,3289
26-JUL-2007,51,Virginia,VA,163,2,Southeast,1,Detection Monitoring (on-frame),3,3,12,1422233,0,M221A,,1,1,= at least one forest condition,,1,standard field plot,2601,Flavoparmelia,caperata,3,3287
26-JUL-2007,51,Virginia,VA,163,2,Southeast,1,Detection Monitoring (on-frame),3,3,12,1422233,0,M221A,,1,1,= at least one forest condition,,1,standard field plot,4202,Myelochroa,galbina,2,3287
26-JUL-2007,51,Virginia,VA,163,2,Southeast,1,Detection Monitoring (on-frame),3,3,12,1422233,0,M221A,,1,1,= at least one forest condition,,1,standard field plot,5102,Parmelinopsis,minarum,3,3287
26-JUL-2007,51,Virginia,VA,163,2,Southeast,1,Detection Monitoring (on-frame),3,3,12,1422233,0,M221A,,1,1,= at least one forest condition,,1,standard field plot,5314,Parmotrema,hypotropum,2,3287
26-JUL-2007,51,Virginia,VA,163,2,Southeast,1,Detection Monitoring (on-frame),3,3,12,1422233,0,M221A,,1,1,= at least one forest condition,,1,standard field plot,5318,Parmotrema,margaritatum,3,3287
26-JUL-2007,51,Virginia,VA,163,2,Southeast,1,Detection Monitoring (on-frame),3,3,12,1422233,0,M221A,,1,1,= at least one forest condition,,1,standard field plot,5613,Phaeophyscia,pusilloides,2,3287
26-JUL-2007,51,Virginia,VA,163,2,Southeast,1,Detection Monitoring (on-frame),3,3,12,1422233,0,M221A,,1,1,= at least one forest condition,,1,standard field plot,5723,Physcia,stellaris,2,3287
26-JUL-2007,51,Virginia,VA,163,2,Southeast,1,Detection Monitoring (on-frame),3,3,12,1422233,0,M221A,,1,1,= at least one forest condition,,1,standard field plot,6708,Punctelia,rudecta,3,3287
26-JUL-2007,51,Virginia,VA,163,2,Southeast,1,Detection Monitoring (on-frame),3,3,12,1422233,0,M221A,,1,1,= at least one forest condition,,1,standard field plot,6808,Pyxine,sorediata,3,3287
26-JUL-2007,51,Virginia,VA,163,2,Southeast,1,Detection Monitoring (on-frame),3,3,12,1422233,0,M221A,,1,1,= at least one forest condition,,1,standard field plot,7104,Rimelia,reticulata,3,3287
26-JUL-2007,51,Virginia,VA,165,2,Southeast,1,Detection Monitoring (on-frame),3,3,12,1422023,0,M221A,,1,1,= at least one forest condition,,1,standard field plot,1012,Cetraria,oakesiana,2,4039
26-JUL-2007,51,Virginia,VA,165,2,Southeast,1,Detection Monitoring (on-frame),3,3,12,1422023,0,M221A,,1,1,= at least one forest condition,,1,standard field plot,2601,Flavoparmelia,caperata,3,4039
26-JUL-2007,51,Virginia,VA,165,2,Southeast,1,Detection Monitoring (on-frame),3,3,12,1422023,0,M221A,,1,1,= at least one forest condition,,1,standard field plot,4805,Parmelia,squarrosa,3,4039
26-JUL-2007,51,Virginia,VA,165,2,Southeast,1,Detection Monitoring (on-frame),3,3,12,1422023,0,M221A,,1,1,= at least one forest condition,,1,standard field plot,4806,Parmelia,sulcata,2,4039
26-JUL-2007,51,Virginia,VA,165,2,Southeast,1,Detection Monitoring (on-frame),3,3,12,1422023,0,M221A,,1,1,= at least one forest condition,,1,standard field plot,5102,Parmelinopsis,minarum,2,4039
26-JUL-2007,51,Virginia,VA,165,2,Southeast,1,Detection Monitoring (on-frame),3,3,12,1422023,0,M221A,,1,1,= at least one forest condition,,1,standard field plot,5314,Parmotrema,hypotropum,2,4039
26-JUL-2007,51,Virginia,VA,165,2,Southeast,1,Detection Monitoring (on-frame),3,3,12,1422023,0,M221A,,1,1,= at least one forest condition,,1,standard field plot,5718,Physcia,neogaea,2,4039
26-JUL-2007,51,Virginia,VA,165,2,Southeast,1,Detection Monitoring (on-frame),3,3,12,1422023,0,M221A,,1,1,= at least one forest condition,,1,standard field plot,5723,Physcia,stellaris,2,4039
26-JUL-2007,51,Virginia,VA,165,2,Southeast,1,Detection Monitoring (on-frame),3,3,12,1422023,0,M221A,,1,1,= at least one forest condition,,1,standard field plot,6708,Punctelia,rudecta,3,4039
26-JUL-2007,51,Virginia,VA,165,2,Southeast,1,Detection Monitoring (on-frame),3,3,12,1422023,0,M221A,,1,1,= at least one forest condition,,1,standard field plot,6808,Pyxine,sorediata,2,4039
26-JUL-2007,51,Virginia,VA,165,2,Southeast,1,Detection Monitoring (on-frame),3,3,12,1422023,0,M221A,,1,1,= at least one forest condition,,1,standard field plot,8053,Usnea,mutabilis,1,4039
26-JUL-2007,51,Virginia,VA,171,2,Southeast,1,Detection Monitoring (on-frame),3,0,3,1333110,0,M221A,,1,1,= at least one forest condition,,1,standard field plot,2601,Flavoparmelia,caperata,3,4050
26-JUL-2007,51,Virginia,VA,171,2,Southeast,1,Detection Monitoring (on-frame),3,0,3,1333110,0,M221A,,1,1,= at least one forest condition,,1,standard field plot,4201,Myelochroa,aurulenta,3,4050
26-JUL-2007,51,Virginia,VA,171,2,Southeast,1,Detection Monitoring (on-frame),3,0,3,1333110,0,M221A,,1,1,= at least one forest condition,,1,standard field plot,5614,Phaeophyscia,rubropulchra,3,4050
26-JUL-2007,51,Virginia,VA,171,2,Southeast,1,Detection Monitoring (on-frame),3,0,3,1333110,0,M221A,,1,1,= at least one forest condition,,1,standard field plot,5704,Physcia,americana,3,4050
26-JUL-2007,51,Virginia,VA,171,2,Southeast,1,Detection Monitoring (on-frame),3,0,3,1333110,0,M221A,,1,1,= at least one forest condition,,1,standard field plot,5723,Physcia,stellaris,3,4050
26-JUL-2007,51,Virginia,VA,171,2,Southeast,1,Detection Monitoring (on-frame),3,0,3,1333110,0,M221A,,1,1,= at least one forest condition,,1,standard field plot,6708,Punctelia,rudecta,2,4050
26-JUL-2007,51,Virginia,VA,171,2,Southeast,1,Detection Monitoring (on-frame),3,0,3,1333110,0,M221A,,1,1,= at least one forest condition,,1,standard field plot,6711,Punctelia,subrudecta,2,4050
26-JUL-2007,51,Virginia,VA,171,2,Southeast,1,Detection Monitoring (on-frame),3,0,3,1333110,0,M221A,,1,1,= at least one forest condition,,1,standard field plot,6712,Punctelia,punctilla,3,4050
26-JUL-2007,51,Virginia,VA,171,2,Southeast,1,Detection Monitoring (on-frame),3,0,3,1333110,0,M221A,,1,1,= at least one forest condition,,1,standard field plot,6803,Pyxine,caesiopruinosa,3,4050
26-JUL-2007,51,Virginia,VA,177,2,Southeast,1,Detection Monitoring (on-frame),3,0,1,1422010,0,-231A,,1,1,= at least one forest condition,,1,standard field plot,2501,Everniastrum,catawbiense,2,4014
26-JUL-2007,51,Virginia,VA,177,2,Southeast,1,Detection Monitoring (on-frame),3,0,1,1422010,0,-231A,,1,1,= at least one forest condition,,1,standard field plot,2601,Flavoparmelia,caperata,3,4014
26-JUL-2007,51,Virginia,VA,177,2,Southeast,1,Detection Monitoring (on-frame),3,0,1,1422010,0,-231A,,1,1,= at least one forest condition,,1,standard field plot,4201,Myelochroa,aurulenta,2,4014
26-JUL-2007,51,Virginia,VA,177,2,Southeast,1,Detection Monitoring (on-frame),3,0,1,1422010,0,-231A,,1,1,= at least one forest condition,,1,standard field plot,5314,Parmotrema,hypotropum,2,4014
26-JUL-2007,51,Virginia,VA,177,2,Southeast,1,Detection Monitoring (on-frame),3,0,1,1422010,0,-231A,,1,1,= at least one forest condition,,1,standard field plot,5613,Phaeophyscia,pusilloides,2,4014
26-JUL-2007,51,Virginia,VA,177,2,Southeast,1,Detection Monitoring (on-frame),3,0,1,1422010,0,-231A,,1,1,= at least one forest condition,,1,standard field plot,5614,Phaeophyscia,rubropulchra,3,4014
26-JUL-2007,51,Virginia,VA,177,2,Southeast,1,Detection Monitoring (on-frame),3,0,1,1422010,0,-231A,,1,1,= at least one forest condition,,1,standard field plot,5700,Physcia,,2,4014
26-JUL-2007,51,Virginia,VA,177,2,Southeast,1,Detection Monitoring (on-frame),3,0,1,1422010,0,-231A,,1,1,= at least one forest condition,,1,standard field plot,5704,Physcia,americana,3,4014
26-JUL-2007,51,Virginia,VA,177,2,Southeast,1,Detection Monitoring (on-frame),3,0,1,1422010,0,-231A,,1,1,= at least one forest condition,,1,standard field plot,5716,Physcia,millegrana,2,4014
26-JUL-2007,51,Virginia,VA,177,2,Southeast,1,Detection Monitoring (on-frame),3,0,1,1422010,0,-231A,,1,1,= at least one forest condition,,1,standard field plot,6708,Punctelia,rudecta,3,4014
26-JUL-2007,51,Virginia,VA,177,2,Southeast,1,Detection Monitoring (on-frame),3,0,1,1422010,0,-231A,,1,1,= at least one forest condition,,1,standard field plot,6800,Pyxine,,1,4014
26-JUL-2007,51,Virginia,VA,177,2,Southeast,1,Detection Monitoring (on-frame),3,0,1,1422010,0,-231A,,1,1,= at least one forest condition,,1,standard field plot,6808,Pyxine,sorediata,3,4014
26-JUL-2007,51,Virginia,VA,177,2,Southeast,1,Detection Monitoring (on-frame),3,0,1,1422010,0,-231A,,1,1,= at least one forest condition,,1,standard field plot,6809,Pyxine,subcinerea,2,4014
26-JUL-2007,51,Virginia,VA,177,2,Southeast,1,Detection Monitoring (on-frame),3,0,1,1422010,0,-231A,,1,1,= at least one forest condition,,1,standard field plot,8069,Usnea,strigosa,1,4014
26-JUL-2007,51,Virginia,VA,177,2,Southeast,1,Detection Monitoring (on-frame),3,0,1,1422010,0,-231A,,1,1,= at least one forest condition,,1,standard field plot,8302,Candelaria,fibrosa,2,4014
26-JUL-2007,51,Virginia,VA,177,2,Southeast,1,Detection Monitoring (on-frame),3,0,1,1422010,0,-231A,,1,1,= at least one forest condition,,1,standard field plot,9999,unknown,,2,4014
26-JUL-2007,51,Virginia,VA,193,2,Southeast,1,Detection Monitoring (on-frame),3,0,2,1420230,0,-232A,,1,1,= at least one forest condition,,1,standard field plot,1210,Cladonia,chlorophaea,1,3982
26-JUL-2007,51,Virginia,VA,193,2,Southeast,1,Detection Monitoring (on-frame),3,0,2,1420230,0,-232A,,1,1,= at least one forest condition,,1,standard field plot,1212,Cladonia,cristatella,2,3982
26-JUL-2007,51,Virginia,VA,193,2,Southeast,1,Detection Monitoring (on-frame),3,0,2,1420230,0,-232A,,1,1,= at least one forest condition,,1,standard field plot,1229,Cladonia,parasitica,3,3982
26-JUL-2007,51,Virginia,VA,193,2,Southeast,1,Detection Monitoring (on-frame),3,0,2,1420230,0,-232A,,1,1,= at least one forest condition,,1,standard field plot,2601,Flavoparmelia,caperata,2,3982
26-JUL-2007,51,Virginia,VA,193,2,Southeast,1,Detection Monitoring (on-frame),3,0,2,1420230,0,-232A,,1,1,= at least one forest condition,,1,standard field plot,5314,Parmotrema,hypotropum,2,3982
26-JUL-2007,51,Virginia,VA,193,2,Southeast,1,Detection Monitoring (on-frame),3,0,2,1420230,0,-232A,,1,1,= at least one forest condition,,1,standard field plot,5716,Physcia,millegrana,2,3982
26-JUL-2007,51,Virginia,VA,193,2,Southeast,1,Detection Monitoring (on-frame),3,0,2,1420230,0,-232A,,1,1,= at least one forest condition,,1,standard field plot,6708,Punctelia,rudecta,2,3982
26-JUL-2007,51,Virginia,VA,193,2,Southeast,1,Detection Monitoring (on-frame),3,0,2,1420230,0,-232A,,1,1,= at least one forest condition,,1,standard field plot,8069,Usnea,strigosa,2,3982
26-JUL-2007,51,Virginia,VA,800,2,Southeast,1,Detection Monitoring (on-frame),3,3,12,1423003,0,-232A,,1,1,= at least one forest condition,,1,standard field plot,4201,Myelochroa,aurulenta,2,2692
26-JUL-2007,51,Virginia,VA,800,2,Southeast,1,Detection Monitoring (on-frame),3,3,12,1423003,0,-232A,,1,1,= at least one forest condition,,1,standard field plot,4202,Myelochroa,galbina,2,2692
26-JUL-2007,51,Virginia,VA,800,2,Southeast,1,Detection Monitoring (on-frame),3,3,12,1423003,0,-232A,,1,1,= at least one forest condition,,1,standard field plot,5102,Parmelinopsis,minarum,2,2692
26-JUL-2007,51,Virginia,VA,800,2,Southeast,1,Detection Monitoring (on-frame),3,3,12,1423003,0,-232A,,1,1,= at least one forest condition,,1,standard field plot,6708,Punctelia,rudecta,2,2692
26-JUL-2007,51,Virginia,VA,800,2,Southeast,1,Detection Monitoring (on-frame),3,3,12,1423003,0,-232A,,1,1,= at least one forest condition,,1,standard field plot,7104,Rimelia,reticulata,2,2692
