LAST_UPDATE,STATE,STATE_DESCR,STATE_ABBREV,COUNTY,FHM_REGION,FHM_REGION_DESCR,PROJECT,PROJECT_DESCR,MEASUREMENT_TYPE,PANEL,OVERLAP,HIERARCHIAL_ID,GRID_INTENSIFICATION,ECOREGION_CODE,HEXAGON_NBR,PLOT_NBR,PLOT_STATUS,PLOT_STATUS_DESCR,PROJECT_TYPE,QA_STATUS,QA_STATUS_DESCR,LICHEN_SPECIES_CODE,GENUS,SPECIES,ABUNDANCE_CLASS,P3ID
26-JUL-2007,51,Virginia,VA,5,2,Southeast,1,Detection Monitoring (on-frame),3,0,3,1700010,0,M221A,,1,1,= at least one forest condition,1,1,standard field plot,1001,Cetraria,americana,1,3307
26-JUL-2007,51,Virginia,VA,5,2,Southeast,1,Detection Monitoring (on-frame),3,0,3,1700010,0,M221A,,1,1,= at least one forest condition,1,1,standard field plot,1006,Cetraria,ciliaris,1,3307
26-JUL-2007,51,Virginia,VA,5,2,Southeast,1,Detection Monitoring (on-frame),3,0,3,1700010,0,M221A,,1,1,= at least one forest condition,1,1,standard field plot,1012,Cetraria,oakesiana,2,3307
26-JUL-2007,51,Virginia,VA,5,2,Southeast,1,Detection Monitoring (on-frame),3,0,3,1700010,0,M221A,,1,1,= at least one forest condition,1,1,standard field plot,1211,Cladonia,coniocraea,3,3307
26-JUL-2007,51,Virginia,VA,5,2,Southeast,1,Detection Monitoring (on-frame),3,0,3,1700010,0,M221A,,1,1,= at least one forest condition,1,1,standard field plot,1228,Cladonia,ochrochlora,3,3307
26-JUL-2007,51,Virginia,VA,5,2,Southeast,1,Detection Monitoring (on-frame),3,0,3,1700010,0,M221A,,1,1,= at least one forest condition,1,1,standard field plot,1236,Cladonia,squamosa,3,3307
26-JUL-2007,51,Virginia,VA,5,2,Southeast,1,Detection Monitoring (on-frame),3,0,3,1700010,0,M221A,,1,1,= at least one forest condition,1,1,standard field plot,2601,Flavoparmelia,caperata,3,3307
26-JUL-2007,51,Virginia,VA,5,2,Southeast,1,Detection Monitoring (on-frame),3,0,3,1700010,0,M221A,,1,1,= at least one forest condition,1,1,standard field plot,2816,Heterodermia,obscurata,3,3307
26-JUL-2007,51,Virginia,VA,5,2,Southeast,1,Detection Monitoring (on-frame),3,0,3,1700010,0,M221A,,1,1,= at least one forest condition,1,1,standard field plot,3116,Hypogymnia,physodes,2,3307
26-JUL-2007,51,Virginia,VA,5,2,Southeast,1,Detection Monitoring (on-frame),3,0,3,1700010,0,M221A,,1,1,= at least one forest condition,1,1,standard field plot,3208,Hypotrachyna,livida,1,3307
26-JUL-2007,51,Virginia,VA,5,2,Southeast,1,Detection Monitoring (on-frame),3,0,3,1700010,0,M221A,,1,1,= at least one forest condition,1,1,standard field plot,3301,Imshaugia,aleurites,3,3307
26-JUL-2007,51,Virginia,VA,5,2,Southeast,1,Detection Monitoring (on-frame),3,0,3,1700010,0,M221A,,1,1,= at least one forest condition,1,1,standard field plot,3302,Imshaugia,placorodia,1,3307
26-JUL-2007,51,Virginia,VA,5,2,Southeast,1,Detection Monitoring (on-frame),3,0,3,1700010,0,M221A,,1,1,= at least one forest condition,1,1,standard field plot,4805,Parmelia,squarrosa,3,3307
26-JUL-2007,51,Virginia,VA,5,2,Southeast,1,Detection Monitoring (on-frame),3,0,3,1700010,0,M221A,,1,1,= at least one forest condition,1,1,standard field plot,5102,Parmelinopsis,minarum,3,3307
26-JUL-2007,51,Virginia,VA,5,2,Southeast,1,Detection Monitoring (on-frame),3,0,3,1700010,0,M221A,,1,1,= at least one forest condition,1,1,standard field plot,5318,Parmotrema,margaritatum,3,3307
26-JUL-2007,51,Virginia,VA,5,2,Southeast,1,Detection Monitoring (on-frame),3,0,3,1700010,0,M221A,,1,1,= at least one forest condition,1,1,standard field plot,5716,Physcia,millegrana,2,3307
26-JUL-2007,51,Virginia,VA,5,2,Southeast,1,Detection Monitoring (on-frame),3,0,3,1700010,0,M221A,,1,1,= at least one forest condition,1,1,standard field plot,5723,Physcia,stellaris,3,3307
26-JUL-2007,51,Virginia,VA,5,2,Southeast,1,Detection Monitoring (on-frame),3,0,3,1700010,0,M221A,,1,1,= at least one forest condition,1,1,standard field plot,6106,Platismatia,tuckermanii,3,3307
26-JUL-2007,51,Virginia,VA,5,2,Southeast,1,Detection Monitoring (on-frame),3,0,3,1700010,0,M221A,,1,1,= at least one forest condition,1,1,standard field plot,6302,Pseudevernia,consocians,3,3307
26-JUL-2007,51,Virginia,VA,5,2,Southeast,1,Detection Monitoring (on-frame),3,0,3,1700010,0,M221A,,1,1,= at least one forest condition,1,1,standard field plot,6708,Punctelia,rudecta,3,3307
26-JUL-2007,51,Virginia,VA,5,2,Southeast,1,Detection Monitoring (on-frame),3,0,3,1700010,0,M221A,,1,1,= at least one forest condition,1,1,standard field plot,6808,Pyxine,sorediata,3,3307
26-JUL-2007,51,Virginia,VA,5,2,Southeast,1,Detection Monitoring (on-frame),3,0,3,1700010,0,M221A,,1,1,= at least one forest condition,1,1,standard field plot,6901,Ramalina,americana,1,3307
26-JUL-2007,51,Virginia,VA,5,2,Southeast,1,Detection Monitoring (on-frame),3,0,3,1700010,0,M221A,,1,1,= at least one forest condition,1,1,standard field plot,7101,Rimelia,cetrata,3,3307
26-JUL-2007,51,Virginia,VA,5,2,Southeast,1,Detection Monitoring (on-frame),3,0,3,1700010,0,M221A,,1,1,= at least one forest condition,1,1,standard field plot,7104,Rimelia,reticulata,3,3307
26-JUL-2007,51,Virginia,VA,5,2,Southeast,1,Detection Monitoring (on-frame),3,0,3,1700010,0,M221A,,1,1,= at least one forest condition,1,1,standard field plot,8063,Usnea,rubicunda,3,3307
26-JUL-2007,51,Virginia,VA,5,2,Southeast,1,Detection Monitoring (on-frame),3,0,3,1700010,0,M221A,,1,1,= at least one forest condition,1,1,standard field plot,8069,Usnea,strigosa,2,3307
26-JUL-2007,51,Virginia,VA,7,2,Southeast,1,Detection Monitoring (on-frame),3,0,3,1422310,0,-231A,,1,1,= at least one forest condition,1,1,standard field plot,301,Anaptychia,palmulata,3,3257
26-JUL-2007,51,Virginia,VA,7,2,Southeast,1,Detection Monitoring (on-frame),3,0,3,1422310,0,-231A,,1,1,= at least one forest condition,1,1,standard field plot,1210,Cladonia,chlorophaea,2,3257
26-JUL-2007,51,Virginia,VA,7,2,Southeast,1,Detection Monitoring (on-frame),3,0,3,1422310,0,-231A,,1,1,= at least one forest condition,1,1,standard field plot,1214,Cladonia,cylindrica,3,3257
26-JUL-2007,51,Virginia,VA,7,2,Southeast,1,Detection Monitoring (on-frame),3,0,3,1422310,0,-231A,,1,1,= at least one forest condition,1,1,standard field plot,1234,Cladonia,ramulosa,2,3257
26-JUL-2007,51,Virginia,VA,7,2,Southeast,1,Detection Monitoring (on-frame),3,0,3,1422310,0,-231A,,1,1,= at least one forest condition,1,1,standard field plot,2601,Flavoparmelia,caperata,3,3257
26-JUL-2007,51,Virginia,VA,7,2,Southeast,1,Detection Monitoring (on-frame),3,0,3,1422310,0,-231A,,1,1,= at least one forest condition,1,1,standard field plot,2812,Heterodermia,granulifera,2,3257
26-JUL-2007,51,Virginia,VA,7,2,Southeast,1,Detection Monitoring (on-frame),3,0,3,1422310,0,-231A,,1,1,= at least one forest condition,1,1,standard field plot,2816,Heterodermia,obscurata,3,3257
26-JUL-2007,51,Virginia,VA,7,2,Southeast,1,Detection Monitoring (on-frame),3,0,3,1422310,0,-231A,,1,1,= at least one forest condition,1,1,standard field plot,2822,Heterodermia,speciosa,3,3257
26-JUL-2007,51,Virginia,VA,7,2,Southeast,1,Detection Monitoring (on-frame),3,0,3,1422310,0,-231A,,1,1,= at least one forest condition,1,1,standard field plot,4201,Myelochroa,aurulenta,2,3257
26-JUL-2007,51,Virginia,VA,7,2,Southeast,1,Detection Monitoring (on-frame),3,0,3,1422310,0,-231A,,1,1,= at least one forest condition,1,1,standard field plot,5314,Parmotrema,hypotropum,3,3257
26-JUL-2007,51,Virginia,VA,7,2,Southeast,1,Detection Monitoring (on-frame),3,0,3,1422310,0,-231A,,1,1,= at least one forest condition,1,1,standard field plot,5320,Parmotrema,michauxianum,2,3257
26-JUL-2007,51,Virginia,VA,7,2,Southeast,1,Detection Monitoring (on-frame),3,0,3,1422310,0,-231A,,1,1,= at least one forest condition,1,1,standard field plot,5613,Phaeophyscia,pusilloides,1,3257
26-JUL-2007,51,Virginia,VA,7,2,Southeast,1,Detection Monitoring (on-frame),3,0,3,1422310,0,-231A,,1,1,= at least one forest condition,1,1,standard field plot,5702,Physcia,aipolia,3,3257
26-JUL-2007,51,Virginia,VA,7,2,Southeast,1,Detection Monitoring (on-frame),3,0,3,1422310,0,-231A,,1,1,= at least one forest condition,1,1,standard field plot,5704,Physcia,americana,3,3257
26-JUL-2007,51,Virginia,VA,7,2,Southeast,1,Detection Monitoring (on-frame),3,0,3,1422310,0,-231A,,1,1,= at least one forest condition,1,1,standard field plot,5716,Physcia,millegrana,3,3257
26-JUL-2007,51,Virginia,VA,7,2,Southeast,1,Detection Monitoring (on-frame),3,0,3,1422310,0,-231A,,1,1,= at least one forest condition,1,1,standard field plot,6708,Punctelia,rudecta,3,3257
26-JUL-2007,51,Virginia,VA,7,2,Southeast,1,Detection Monitoring (on-frame),3,0,3,1422310,0,-231A,,1,1,= at least one forest condition,1,1,standard field plot,6808,Pyxine,sorediata,2,3257
26-JUL-2007,51,Virginia,VA,7,2,Southeast,1,Detection Monitoring (on-frame),3,0,3,1422310,0,-231A,,1,1,= at least one forest condition,1,1,standard field plot,7104,Rimelia,reticulata,3,3257
26-JUL-2007,51,Virginia,VA,7,2,Southeast,1,Detection Monitoring (on-frame),3,0,3,1422310,0,-231A,,1,1,= at least one forest condition,1,1,standard field plot,7106,Rimelia,subisidiosa,3,3257
26-JUL-2007,51,Virginia,VA,7,2,Southeast,1,Detection Monitoring (on-frame),3,0,3,1422310,0,-231A,,1,1,= at least one forest condition,1,1,standard field plot,8069,Usnea,strigosa,3,3257
26-JUL-2007,51,Virginia,VA,7,2,Southeast,1,Detection Monitoring (on-frame),3,0,3,1422310,0,-231A,,1,1,= at least one forest condition,1,1,standard field plot,8301,Candelaria,concolor,2,3257
26-JUL-2007,51,Virginia,VA,15,2,Southeast,1,Detection Monitoring (on-frame),3,0,2,1422210,0,M221A,,1,1,= at least one forest condition,1,1,standard field plot,301,Anaptychia,palmulata,2,4035
26-JUL-2007,51,Virginia,VA,15,2,Southeast,1,Detection Monitoring (on-frame),3,0,2,1422210,0,M221A,,1,1,= at least one forest condition,1,1,standard field plot,1012,Cetraria,oakesiana,2,4035
26-JUL-2007,51,Virginia,VA,15,2,Southeast,1,Detection Monitoring (on-frame),3,0,2,1422210,0,M221A,,1,1,= at least one forest condition,1,1,standard field plot,1234,Cladonia,ramulosa,2,4035
26-JUL-2007,51,Virginia,VA,15,2,Southeast,1,Detection Monitoring (on-frame),3,0,2,1422210,0,M221A,,1,1,= at least one forest condition,1,1,standard field plot,2601,Flavoparmelia,caperata,2,4035
26-JUL-2007,51,Virginia,VA,15,2,Southeast,1,Detection Monitoring (on-frame),3,0,2,1422210,0,M221A,,1,1,= at least one forest condition,1,1,standard field plot,2822,Heterodermia,speciosa,1,4035
26-JUL-2007,51,Virginia,VA,15,2,Southeast,1,Detection Monitoring (on-frame),3,0,2,1422210,0,M221A,,1,1,= at least one forest condition,1,1,standard field plot,3611,Leptogium,cyanescens,3,4035
26-JUL-2007,51,Virginia,VA,15,2,Southeast,1,Detection Monitoring (on-frame),3,0,2,1422210,0,M221A,,1,1,= at least one forest condition,1,1,standard field plot,4201,Myelochroa,aurulenta,3,4035
26-JUL-2007,51,Virginia,VA,15,2,Southeast,1,Detection Monitoring (on-frame),3,0,2,1422210,0,M221A,,1,1,= at least one forest condition,1,1,standard field plot,5102,Parmelinopsis,minarum,3,4035
26-JUL-2007,51,Virginia,VA,15,2,Southeast,1,Detection Monitoring (on-frame),3,0,2,1422210,0,M221A,,1,1,= at least one forest condition,1,1,standard field plot,5305,Parmotrema,crinitum,1,4035
26-JUL-2007,51,Virginia,VA,15,2,Southeast,1,Detection Monitoring (on-frame),3,0,2,1422210,0,M221A,,1,1,= at least one forest condition,1,1,standard field plot,5314,Parmotrema,hypotropum,3,4035
26-JUL-2007,51,Virginia,VA,15,2,Southeast,1,Detection Monitoring (on-frame),3,0,2,1422210,0,M221A,,1,1,= at least one forest condition,1,1,standard field plot,5601,Phaeophyscia,adiastola,2,4035
26-JUL-2007,51,Virginia,VA,15,2,Southeast,1,Detection Monitoring (on-frame),3,0,2,1422210,0,M221A,,1,1,= at least one forest condition,1,1,standard field plot,5614,Phaeophyscia,rubropulchra,3,4035
26-JUL-2007,51,Virginia,VA,15,2,Southeast,1,Detection Monitoring (on-frame),3,0,2,1422210,0,M221A,,1,1,= at least one forest condition,1,1,standard field plot,6708,Punctelia,rudecta,3,4035
26-JUL-2007,51,Virginia,VA,15,2,Southeast,1,Detection Monitoring (on-frame),3,0,2,1422210,0,M221A,,1,1,= at least one forest condition,1,1,standard field plot,6808,Pyxine,sorediata,2,4035
26-JUL-2007,51,Virginia,VA,15,2,Southeast,1,Detection Monitoring (on-frame),3,0,2,1422210,0,M221A,,1,1,= at least one forest condition,1,1,standard field plot,7101,Rimelia,cetrata,2,4035
26-JUL-2007,51,Virginia,VA,15,2,Southeast,1,Detection Monitoring (on-frame),3,0,2,1422210,0,M221A,,1,1,= at least one forest condition,1,1,standard field plot,8069,Usnea,strigosa,1,4035
26-JUL-2007,51,Virginia,VA,15,2,Southeast,1,Detection Monitoring (on-frame),3,0,3,1422200,0,M221A,,1,1,= at least one forest condition,1,1,standard field plot,1001,Cetraria,americana,3,4061
26-JUL-2007,51,Virginia,VA,15,2,Southeast,1,Detection Monitoring (on-frame),3,0,3,1422200,0,M221A,,1,1,= at least one forest condition,1,1,standard field plot,1012,Cetraria,oakesiana,3,4061
26-JUL-2007,51,Virginia,VA,15,2,Southeast,1,Detection Monitoring (on-frame),3,0,3,1422200,0,M221A,,1,1,= at least one forest condition,1,1,standard field plot,1013,Cetraria,orbata,1,4061
26-JUL-2007,51,Virginia,VA,15,2,Southeast,1,Detection Monitoring (on-frame),3,0,3,1422200,0,M221A,,1,1,= at least one forest condition,1,1,standard field plot,1101,Cetrelia,cetrarioides,2,4061
26-JUL-2007,51,Virginia,VA,15,2,Southeast,1,Detection Monitoring (on-frame),3,0,3,1422200,0,M221A,,1,1,= at least one forest condition,1,1,standard field plot,1210,Cladonia,chlorophaea,3,4061
26-JUL-2007,51,Virginia,VA,15,2,Southeast,1,Detection Monitoring (on-frame),3,0,3,1422200,0,M221A,,1,1,= at least one forest condition,1,1,standard field plot,1211,Cladonia,coniocraea,2,4061
26-JUL-2007,51,Virginia,VA,15,2,Southeast,1,Detection Monitoring (on-frame),3,0,3,1422200,0,M221A,,1,1,= at least one forest condition,1,1,standard field plot,1251,Cladonia,rei,2,4061
26-JUL-2007,51,Virginia,VA,15,2,Southeast,1,Detection Monitoring (on-frame),3,0,3,1422200,0,M221A,,1,1,= at least one forest condition,1,1,standard field plot,2601,Flavoparmelia,caperata,3,4061
26-JUL-2007,51,Virginia,VA,15,2,Southeast,1,Detection Monitoring (on-frame),3,0,3,1422200,0,M221A,,1,1,= at least one forest condition,1,1,standard field plot,2702,Flavopunctelia,flaventior,1,4061
26-JUL-2007,51,Virginia,VA,15,2,Southeast,1,Detection Monitoring (on-frame),3,0,3,1422200,0,M221A,,1,1,= at least one forest condition,1,1,standard field plot,3116,Hypogymnia,physodes,2,4061
26-JUL-2007,51,Virginia,VA,15,2,Southeast,1,Detection Monitoring (on-frame),3,0,3,1422200,0,M221A,,1,1,= at least one forest condition,1,1,standard field plot,3302,Imshaugia,placorodia,1,4061
26-JUL-2007,51,Virginia,VA,15,2,Southeast,1,Detection Monitoring (on-frame),3,0,3,1422200,0,M221A,,1,1,= at least one forest condition,1,1,standard field plot,3905,Lobaria,pulmonaria,1,4061
26-JUL-2007,51,Virginia,VA,15,2,Southeast,1,Detection Monitoring (on-frame),3,0,3,1422200,0,M221A,,1,1,= at least one forest condition,1,1,standard field plot,4015,Melanelia,subaurifera,1,4061
26-JUL-2007,51,Virginia,VA,15,2,Southeast,1,Detection Monitoring (on-frame),3,0,3,1422200,0,M221A,,1,1,= at least one forest condition,1,1,standard field plot,4805,Parmelia,squarrosa,3,4061
26-JUL-2007,51,Virginia,VA,15,2,Southeast,1,Detection Monitoring (on-frame),3,0,3,1422200,0,M221A,,1,1,= at least one forest condition,1,1,standard field plot,4806,Parmelia,sulcata,3,4061
26-JUL-2007,51,Virginia,VA,15,2,Southeast,1,Detection Monitoring (on-frame),3,0,3,1422200,0,M221A,,1,1,= at least one forest condition,1,1,standard field plot,5318,Parmotrema,margaritatum,3,4061
26-JUL-2007,51,Virginia,VA,15,2,Southeast,1,Detection Monitoring (on-frame),3,0,3,1422200,0,M221A,,1,1,= at least one forest condition,1,1,standard field plot,5716,Physcia,millegrana,3,4061
26-JUL-2007,51,Virginia,VA,15,2,Southeast,1,Detection Monitoring (on-frame),3,0,3,1422200,0,M221A,,1,1,= at least one forest condition,1,1,standard field plot,5723,Physcia,stellaris,3,4061
26-JUL-2007,51,Virginia,VA,15,2,Southeast,1,Detection Monitoring (on-frame),3,0,3,1422200,0,M221A,,1,1,= at least one forest condition,1,1,standard field plot,6302,Pseudevernia,consocians,3,4061
26-JUL-2007,51,Virginia,VA,15,2,Southeast,1,Detection Monitoring (on-frame),3,0,3,1422200,0,M221A,,1,1,= at least one forest condition,1,1,standard field plot,6708,Punctelia,rudecta,3,4061
26-JUL-2007,51,Virginia,VA,15,2,Southeast,1,Detection Monitoring (on-frame),3,0,3,1422200,0,M221A,,1,1,= at least one forest condition,1,1,standard field plot,6808,Pyxine,sorediata,3,4061
26-JUL-2007,51,Virginia,VA,15,2,Southeast,1,Detection Monitoring (on-frame),3,0,3,1422200,0,M221A,,1,1,= at least one forest condition,1,1,standard field plot,6901,Ramalina,americana,2,4061
26-JUL-2007,51,Virginia,VA,15,2,Southeast,1,Detection Monitoring (on-frame),3,0,3,1422200,0,M221A,,1,1,= at least one forest condition,1,1,standard field plot,7104,Rimelia,reticulata,3,4061
26-JUL-2007,51,Virginia,VA,15,2,Southeast,1,Detection Monitoring (on-frame),3,0,3,1422200,0,M221A,,1,1,= at least one forest condition,1,1,standard field plot,8063,Usnea,rubicunda,2,4061
26-JUL-2007,51,Virginia,VA,23,2,Southeast,1,Detection Monitoring (on-frame),3,0,2,1700100,0,M221A,,1,1,= at least one forest condition,1,1,standard field plot,1210,Cladonia,chlorophaea,3,3284
26-JUL-2007,51,Virginia,VA,23,2,Southeast,1,Detection Monitoring (on-frame),3,0,2,1700100,0,M221A,,1,1,= at least one forest condition,1,1,standard field plot,1214,Cladonia,cylindrica,3,3284
26-JUL-2007,51,Virginia,VA,23,2,Southeast,1,Detection Monitoring (on-frame),3,0,2,1700100,0,M221A,,1,1,= at least one forest condition,1,1,standard field plot,2601,Flavoparmelia,caperata,3,3284
26-JUL-2007,51,Virginia,VA,23,2,Southeast,1,Detection Monitoring (on-frame),3,0,2,1700100,0,M221A,,1,1,= at least one forest condition,1,1,standard field plot,2816,Heterodermia,obscurata,2,3284
26-JUL-2007,51,Virginia,VA,23,2,Southeast,1,Detection Monitoring (on-frame),3,0,2,1700100,0,M221A,,1,1,= at least one forest condition,1,1,standard field plot,2822,Heterodermia,speciosa,3,3284
26-JUL-2007,51,Virginia,VA,23,2,Southeast,1,Detection Monitoring (on-frame),3,0,2,1700100,0,M221A,,1,1,= at least one forest condition,1,1,standard field plot,5101,Parmelinopsis,horrescens,3,3284
26-JUL-2007,51,Virginia,VA,23,2,Southeast,1,Detection Monitoring (on-frame),3,0,2,1700100,0,M221A,,1,1,= at least one forest condition,1,1,standard field plot,5102,Parmelinopsis,minarum,3,3284
26-JUL-2007,51,Virginia,VA,23,2,Southeast,1,Detection Monitoring (on-frame),3,0,2,1700100,0,M221A,,1,1,= at least one forest condition,1,1,standard field plot,5310,Parmotrema,eurysacum,3,3284
26-JUL-2007,51,Virginia,VA,23,2,Southeast,1,Detection Monitoring (on-frame),3,0,2,1700100,0,M221A,,1,1,= at least one forest condition,1,1,standard field plot,5314,Parmotrema,hypotropum,1,3284
26-JUL-2007,51,Virginia,VA,23,2,Southeast,1,Detection Monitoring (on-frame),3,0,2,1700100,0,M221A,,1,1,= at least one forest condition,1,1,standard field plot,5318,Parmotrema,margaritatum,3,3284
26-JUL-2007,51,Virginia,VA,23,2,Southeast,1,Detection Monitoring (on-frame),3,0,2,1700100,0,M221A,,1,1,= at least one forest condition,1,1,standard field plot,5331,Parmotrema,subtinctorium,3,3284
26-JUL-2007,51,Virginia,VA,23,2,Southeast,1,Detection Monitoring (on-frame),3,0,2,1700100,0,M221A,,1,1,= at least one forest condition,1,1,standard field plot,5901,Physconia,detersa,2,3284
26-JUL-2007,51,Virginia,VA,23,2,Southeast,1,Detection Monitoring (on-frame),3,0,2,1700100,0,M221A,,1,1,= at least one forest condition,1,1,standard field plot,6702,Punctelia,bolliana,2,3284
26-JUL-2007,51,Virginia,VA,23,2,Southeast,1,Detection Monitoring (on-frame),3,0,2,1700100,0,M221A,,1,1,= at least one forest condition,1,1,standard field plot,6709,Punctelia,semansiana,3,3284
26-JUL-2007,51,Virginia,VA,23,2,Southeast,1,Detection Monitoring (on-frame),3,0,2,1700100,0,M221A,,1,1,= at least one forest condition,1,1,standard field plot,6808,Pyxine,sorediata,3,3284
26-JUL-2007,51,Virginia,VA,23,2,Southeast,1,Detection Monitoring (on-frame),3,0,2,1700100,0,M221A,,1,1,= at least one forest condition,1,1,standard field plot,8053,Usnea,mutabilis,3,3284
26-JUL-2007,51,Virginia,VA,23,2,Southeast,1,Detection Monitoring (on-frame),3,0,2,1700100,0,M221A,,1,1,= at least one forest condition,1,1,standard field plot,8301,Candelaria,concolor,2,3284
26-JUL-2007,51,Virginia,VA,25,2,Southeast,1,Detection Monitoring (on-frame),3,0,2,1423200,0,-231A,,1,1,= at least one forest condition,1,1,standard field plot,1008,Cetraria,fendleri,3,2712
26-JUL-2007,51,Virginia,VA,25,2,Southeast,1,Detection Monitoring (on-frame),3,0,2,1423200,0,-231A,,1,1,= at least one forest condition,1,1,standard field plot,2601,Flavoparmelia,caperata,2,2712
26-JUL-2007,51,Virginia,VA,25,2,Southeast,1,Detection Monitoring (on-frame),3,0,2,1423200,0,-231A,,1,1,= at least one forest condition,1,1,standard field plot,3208,Hypotrachyna,livida,3,2712
26-JUL-2007,51,Virginia,VA,25,2,Southeast,1,Detection Monitoring (on-frame),3,0,2,1423200,0,-231A,,1,1,= at least one forest condition,1,1,standard field plot,5314,Parmotrema,hypotropum,3,2712
26-JUL-2007,51,Virginia,VA,25,2,Southeast,1,Detection Monitoring (on-frame),3,0,2,1423200,0,-231A,,1,1,= at least one forest condition,1,1,standard field plot,5320,Parmotrema,michauxianum,2,2712
26-JUL-2007,51,Virginia,VA,25,2,Southeast,1,Detection Monitoring (on-frame),3,0,2,1423200,0,-231A,,1,1,= at least one forest condition,1,1,standard field plot,5323,Parmotrema,perforatum,3,2712
26-JUL-2007,51,Virginia,VA,25,2,Southeast,1,Detection Monitoring (on-frame),3,0,2,1423200,0,-231A,,1,1,= at least one forest condition,1,1,standard field plot,5702,Physcia,aipolia,3,2712
26-JUL-2007,51,Virginia,VA,25,2,Southeast,1,Detection Monitoring (on-frame),3,0,2,1423200,0,-231A,,1,1,= at least one forest condition,1,1,standard field plot,6708,Punctelia,rudecta,3,2712
26-JUL-2007,51,Virginia,VA,25,2,Southeast,1,Detection Monitoring (on-frame),3,0,2,1423200,0,-231A,,1,1,= at least one forest condition,1,1,standard field plot,8069,Usnea,strigosa,3,2712
26-JUL-2007,51,Virginia,VA,31,2,Southeast,1,Detection Monitoring (on-frame),3,0,1,1700110,0,-231A,,1,1,= at least one forest condition,1,1,standard field plot,1006,Cetraria,ciliaris,3,3275
26-JUL-2007,51,Virginia,VA,31,2,Southeast,1,Detection Monitoring (on-frame),3,0,1,1700110,0,-231A,,1,1,= at least one forest condition,1,1,standard field plot,1210,Cladonia,chlorophaea,2,3275
26-JUL-2007,51,Virginia,VA,31,2,Southeast,1,Detection Monitoring (on-frame),3,0,1,1700110,0,-231A,,1,1,= at least one forest condition,1,1,standard field plot,1233,Cladonia,pyxidata,2,3275
26-JUL-2007,51,Virginia,VA,31,2,Southeast,1,Detection Monitoring (on-frame),3,0,1,1700110,0,-231A,,1,1,= at least one forest condition,1,1,standard field plot,2601,Flavoparmelia,caperata,3,3275
26-JUL-2007,51,Virginia,VA,31,2,Southeast,1,Detection Monitoring (on-frame),3,0,1,1700110,0,-231A,,1,1,= at least one forest condition,1,1,standard field plot,2816,Heterodermia,obscurata,2,3275
26-JUL-2007,51,Virginia,VA,31,2,Southeast,1,Detection Monitoring (on-frame),3,0,1,1700110,0,-231A,,1,1,= at least one forest condition,1,1,standard field plot,3208,Hypotrachyna,livida,2,3275
26-JUL-2007,51,Virginia,VA,31,2,Southeast,1,Detection Monitoring (on-frame),3,0,1,1700110,0,-231A,,1,1,= at least one forest condition,1,1,standard field plot,3301,Imshaugia,aleurites,3,3275
26-JUL-2007,51,Virginia,VA,31,2,Southeast,1,Detection Monitoring (on-frame),3,0,1,1700110,0,-231A,,1,1,= at least one forest condition,1,1,standard field plot,4201,Myelochroa,aurulenta,3,3275
26-JUL-2007,51,Virginia,VA,31,2,Southeast,1,Detection Monitoring (on-frame),3,0,1,1700110,0,-231A,,1,1,= at least one forest condition,1,1,standard field plot,5101,Parmelinopsis,horrescens,3,3275
26-JUL-2007,51,Virginia,VA,31,2,Southeast,1,Detection Monitoring (on-frame),3,0,1,1700110,0,-231A,,1,1,= at least one forest condition,1,1,standard field plot,5102,Parmelinopsis,minarum,3,3275
26-JUL-2007,51,Virginia,VA,31,2,Southeast,1,Detection Monitoring (on-frame),3,0,1,1700110,0,-231A,,1,1,= at least one forest condition,1,1,standard field plot,5314,Parmotrema,hypotropum,3,3275
26-JUL-2007,51,Virginia,VA,31,2,Southeast,1,Detection Monitoring (on-frame),3,0,1,1700110,0,-231A,,1,1,= at least one forest condition,1,1,standard field plot,5328,Parmotrema,gardneri,2,3275
26-JUL-2007,51,Virginia,VA,31,2,Southeast,1,Detection Monitoring (on-frame),3,0,1,1700110,0,-231A,,1,1,= at least one forest condition,1,1,standard field plot,5614,Phaeophyscia,rubropulchra,3,3275
26-JUL-2007,51,Virginia,VA,31,2,Southeast,1,Detection Monitoring (on-frame),3,0,1,1700110,0,-231A,,1,1,= at least one forest condition,1,1,standard field plot,6708,Punctelia,rudecta,3,3275
26-JUL-2007,51,Virginia,VA,31,2,Southeast,1,Detection Monitoring (on-frame),3,0,1,1700110,0,-231A,,1,1,= at least one forest condition,1,1,standard field plot,6711,Punctelia,subrudecta,3,3275
26-JUL-2007,51,Virginia,VA,31,2,Southeast,1,Detection Monitoring (on-frame),3,0,1,1700110,0,-231A,,1,1,= at least one forest condition,1,1,standard field plot,6901,Ramalina,americana,1,3275
26-JUL-2007,51,Virginia,VA,31,2,Southeast,1,Detection Monitoring (on-frame),3,0,1,1700110,0,-231A,,1,1,= at least one forest condition,1,1,standard field plot,7104,Rimelia,reticulata,3,3275
26-JUL-2007,51,Virginia,VA,41,2,Southeast,1,Detection Monitoring (on-frame),3,0,1,1422130,0,-231A,,1,1,= at least one forest condition,1,1,standard field plot,803,Canoparmelia,crozalsiana,2,3238
26-JUL-2007,51,Virginia,VA,41,2,Southeast,1,Detection Monitoring (on-frame),3,0,1,1422130,0,-231A,,1,1,= at least one forest condition,1,1,standard field plot,2601,Flavoparmelia,caperata,3,3238
26-JUL-2007,51,Virginia,VA,41,2,Southeast,1,Detection Monitoring (on-frame),3,0,1,1422130,0,-231A,,1,1,= at least one forest condition,1,1,standard field plot,2816,Heterodermia,obscurata,3,3238
26-JUL-2007,51,Virginia,VA,41,2,Southeast,1,Detection Monitoring (on-frame),3,0,1,1422130,0,-231A,,1,1,= at least one forest condition,1,1,standard field plot,3208,Hypotrachyna,livida,3,3238
26-JUL-2007,51,Virginia,VA,41,2,Southeast,1,Detection Monitoring (on-frame),3,0,1,1422130,0,-231A,,1,1,= at least one forest condition,1,1,standard field plot,4201,Myelochroa,aurulenta,3,3238
26-JUL-2007,51,Virginia,VA,41,2,Southeast,1,Detection Monitoring (on-frame),3,0,1,1422130,0,-231A,,1,1,= at least one forest condition,1,1,standard field plot,5101,Parmelinopsis,horrescens,3,3238
26-JUL-2007,51,Virginia,VA,41,2,Southeast,1,Detection Monitoring (on-frame),3,0,1,1422130,0,-231A,,1,1,= at least one forest condition,1,1,standard field plot,5201,Parmeliopsis,ambigua,3,3238
26-JUL-2007,51,Virginia,VA,41,2,Southeast,1,Detection Monitoring (on-frame),3,0,1,1422130,0,-231A,,1,1,= at least one forest condition,1,1,standard field plot,5314,Parmotrema,hypotropum,3,3238
26-JUL-2007,51,Virginia,VA,41,2,Southeast,1,Detection Monitoring (on-frame),3,0,1,1422130,0,-231A,,1,1,= at least one forest condition,1,1,standard field plot,5603,Phaeophyscia,ciliata,1,3238
26-JUL-2007,51,Virginia,VA,41,2,Southeast,1,Detection Monitoring (on-frame),3,0,1,1422130,0,-231A,,1,1,= at least one forest condition,1,1,standard field plot,5613,Phaeophyscia,pusilloides,3,3238
26-JUL-2007,51,Virginia,VA,41,2,Southeast,1,Detection Monitoring (on-frame),3,0,1,1422130,0,-231A,,1,1,= at least one forest condition,1,1,standard field plot,5614,Phaeophyscia,rubropulchra,3,3238
26-JUL-2007,51,Virginia,VA,41,2,Southeast,1,Detection Monitoring (on-frame),3,0,1,1422130,0,-231A,,1,1,= at least one forest condition,1,1,standard field plot,5716,Physcia,millegrana,3,3238
26-JUL-2007,51,Virginia,VA,41,2,Southeast,1,Detection Monitoring (on-frame),3,0,1,1422130,0,-231A,,1,1,= at least one forest condition,1,1,standard field plot,6708,Punctelia,rudecta,3,3238
26-JUL-2007,51,Virginia,VA,41,2,Southeast,1,Detection Monitoring (on-frame),3,0,1,1422130,0,-231A,,1,1,= at least one forest condition,1,1,standard field plot,6803,Pyxine,caesiopruinosa,1,3238
26-JUL-2007,51,Virginia,VA,41,2,Southeast,1,Detection Monitoring (on-frame),3,0,1,1422130,0,-231A,,1,1,= at least one forest condition,1,1,standard field plot,8069,Usnea,strigosa,1,3238
26-JUL-2007,51,Virginia,VA,41,2,Southeast,1,Detection Monitoring (on-frame),3,0,1,1422130,0,-231A,,1,1,= at least one forest condition,1,1,standard field plot,8301,Candelaria,concolor,2,3238
26-JUL-2007,51,Virginia,VA,45,2,Southeast,1,Detection Monitoring (on-frame),3,0,1,1700120,0,M221A,,1,1,= at least one forest condition,1,1,standard field plot,1006,Cetraria,ciliaris,3,3298
26-JUL-2007,51,Virginia,VA,45,2,Southeast,1,Detection Monitoring (on-frame),3,0,1,1700120,0,M221A,,1,1,= at least one forest condition,1,1,standard field plot,1012,Cetraria,oakesiana,3,3298
26-JUL-2007,51,Virginia,VA,45,2,Southeast,1,Detection Monitoring (on-frame),3,0,1,1700120,0,M221A,,1,1,= at least one forest condition,1,1,standard field plot,1251,Cladonia,rei,3,3298
26-JUL-2007,51,Virginia,VA,45,2,Southeast,1,Detection Monitoring (on-frame),3,0,1,1700120,0,M221A,,1,1,= at least one forest condition,1,1,standard field plot,2601,Flavoparmelia,caperata,3,3298
26-JUL-2007,51,Virginia,VA,45,2,Southeast,1,Detection Monitoring (on-frame),3,0,1,1700120,0,M221A,,1,1,= at least one forest condition,1,1,standard field plot,2816,Heterodermia,obscurata,2,3298
26-JUL-2007,51,Virginia,VA,45,2,Southeast,1,Detection Monitoring (on-frame),3,0,1,1700120,0,M221A,,1,1,= at least one forest condition,1,1,standard field plot,3208,Hypotrachyna,livida,3,3298
26-JUL-2007,51,Virginia,VA,45,2,Southeast,1,Detection Monitoring (on-frame),3,0,1,1700120,0,M221A,,1,1,= at least one forest condition,1,1,standard field plot,3301,Imshaugia,aleurites,3,3298
26-JUL-2007,51,Virginia,VA,45,2,Southeast,1,Detection Monitoring (on-frame),3,0,1,1700120,0,M221A,,1,1,= at least one forest condition,1,1,standard field plot,4202,Myelochroa,galbina,3,3298
26-JUL-2007,51,Virginia,VA,45,2,Southeast,1,Detection Monitoring (on-frame),3,0,1,1700120,0,M221A,,1,1,= at least one forest condition,1,1,standard field plot,5305,Parmotrema,crinitum,3,3298
26-JUL-2007,51,Virginia,VA,45,2,Southeast,1,Detection Monitoring (on-frame),3,0,1,1700120,0,M221A,,1,1,= at least one forest condition,1,1,standard field plot,5314,Parmotrema,hypotropum,3,3298
26-JUL-2007,51,Virginia,VA,45,2,Southeast,1,Detection Monitoring (on-frame),3,0,1,1700120,0,M221A,,1,1,= at least one forest condition,1,1,standard field plot,5613,Phaeophyscia,pusilloides,3,3298
26-JUL-2007,51,Virginia,VA,45,2,Southeast,1,Detection Monitoring (on-frame),3,0,1,1700120,0,M221A,,1,1,= at least one forest condition,1,1,standard field plot,5614,Phaeophyscia,rubropulchra,3,3298
26-JUL-2007,51,Virginia,VA,45,2,Southeast,1,Detection Monitoring (on-frame),3,0,1,1700120,0,M221A,,1,1,= at least one forest condition,1,1,standard field plot,5704,Physcia,americana,3,3298
26-JUL-2007,51,Virginia,VA,45,2,Southeast,1,Detection Monitoring (on-frame),3,0,1,1700120,0,M221A,,1,1,= at least one forest condition,1,1,standard field plot,6106,Platismatia,tuckermanii,2,3298
26-JUL-2007,51,Virginia,VA,45,2,Southeast,1,Detection Monitoring (on-frame),3,0,1,1700120,0,M221A,,1,1,= at least one forest condition,1,1,standard field plot,6302,Pseudevernia,consocians,3,3298
26-JUL-2007,51,Virginia,VA,45,2,Southeast,1,Detection Monitoring (on-frame),3,0,1,1700120,0,M221A,,1,1,= at least one forest condition,1,1,standard field plot,6708,Punctelia,rudecta,3,3298
26-JUL-2007,51,Virginia,VA,45,2,Southeast,1,Detection Monitoring (on-frame),3,0,1,1700120,0,M221A,,1,1,= at least one forest condition,1,1,standard field plot,6711,Punctelia,subrudecta,3,3298
26-JUL-2007,51,Virginia,VA,45,2,Southeast,1,Detection Monitoring (on-frame),3,0,1,1700120,0,M221A,,1,1,= at least one forest condition,1,1,standard field plot,6808,Pyxine,sorediata,3,3298
26-JUL-2007,51,Virginia,VA,45,2,Southeast,1,Detection Monitoring (on-frame),3,0,1,1700120,0,M221A,,1,1,= at least one forest condition,1,1,standard field plot,6901,Ramalina,americana,2,3298
26-JUL-2007,51,Virginia,VA,45,2,Southeast,1,Detection Monitoring (on-frame),3,0,1,1700120,0,M221A,,1,1,= at least one forest condition,1,1,standard field plot,7101,Rimelia,cetrata,3,3298
26-JUL-2007,51,Virginia,VA,45,2,Southeast,1,Detection Monitoring (on-frame),3,0,1,1700120,0,M221A,,1,1,= at least one forest condition,1,1,standard field plot,7104,Rimelia,reticulata,3,3298
26-JUL-2007,51,Virginia,VA,45,2,Southeast,1,Detection Monitoring (on-frame),3,0,1,1700120,0,M221A,,1,1,= at least one forest condition,1,1,standard field plot,8063,Usnea,rubicunda,3,3298
26-JUL-2007,51,Virginia,VA,47,2,Southeast,1,Detection Monitoring (on-frame),3,0,2,1422000,0,M221D,,1,1,= at least one forest condition,1,1,standard field plot,2601,Flavoparmelia,caperata,1,4025
26-JUL-2007,51,Virginia,VA,47,2,Southeast,1,Detection Monitoring (on-frame),3,0,2,1422000,0,M221D,,1,1,= at least one forest condition,1,1,standard field plot,4201,Myelochroa,aurulenta,3,4025
26-JUL-2007,51,Virginia,VA,47,2,Southeast,1,Detection Monitoring (on-frame),3,0,2,1422000,0,M221D,,1,1,= at least one forest condition,1,1,standard field plot,5314,Parmotrema,hypotropum,1,4025
26-JUL-2007,51,Virginia,VA,47,2,Southeast,1,Detection Monitoring (on-frame),3,0,2,1422000,0,M221D,,1,1,= at least one forest condition,1,1,standard field plot,5613,Phaeophyscia,pusilloides,2,4025
26-JUL-2007,51,Virginia,VA,47,2,Southeast,1,Detection Monitoring (on-frame),3,0,2,1422000,0,M221D,,1,1,= at least one forest condition,1,1,standard field plot,5614,Phaeophyscia,rubropulchra,3,4025
26-JUL-2007,51,Virginia,VA,47,2,Southeast,1,Detection Monitoring (on-frame),3,0,2,1422000,0,M221D,,1,1,= at least one forest condition,1,1,standard field plot,5702,Physcia,aipolia,1,4025
26-JUL-2007,51,Virginia,VA,47,2,Southeast,1,Detection Monitoring (on-frame),3,0,2,1422000,0,M221D,,1,1,= at least one forest condition,1,1,standard field plot,5716,Physcia,millegrana,1,4025
26-JUL-2007,51,Virginia,VA,47,2,Southeast,1,Detection Monitoring (on-frame),3,0,2,1422000,0,M221D,,1,1,= at least one forest condition,1,1,standard field plot,6708,Punctelia,rudecta,2,4025
26-JUL-2007,51,Virginia,VA,75,2,Southeast,1,Detection Monitoring (on-frame),3,0,2,1422120,0,-231A,,1,1,= at least one forest condition,1,1,standard field plot,1006,Cetraria,ciliaris,1,3246
26-JUL-2007,51,Virginia,VA,75,2,Southeast,1,Detection Monitoring (on-frame),3,0,2,1422120,0,-231A,,1,1,= at least one forest condition,1,1,standard field plot,1212,Cladonia,cristatella,2,3246
26-JUL-2007,51,Virginia,VA,75,2,Southeast,1,Detection Monitoring (on-frame),3,0,2,1422120,0,-231A,,1,1,= at least one forest condition,1,1,standard field plot,2601,Flavoparmelia,caperata,3,3246
26-JUL-2007,51,Virginia,VA,75,2,Southeast,1,Detection Monitoring (on-frame),3,0,2,1422120,0,-231A,,1,1,= at least one forest condition,1,1,standard field plot,3208,Hypotrachyna,livida,3,3246
26-JUL-2007,51,Virginia,VA,75,2,Southeast,1,Detection Monitoring (on-frame),3,0,2,1422120,0,-231A,,1,1,= at least one forest condition,1,1,standard field plot,4601,Normandina,pulchella,3,3246
26-JUL-2007,51,Virginia,VA,75,2,Southeast,1,Detection Monitoring (on-frame),3,0,2,1422120,0,-231A,,1,1,= at least one forest condition,1,1,standard field plot,5314,Parmotrema,hypotropum,3,3246
26-JUL-2007,51,Virginia,VA,75,2,Southeast,1,Detection Monitoring (on-frame),3,0,2,1422120,0,-231A,,1,1,= at least one forest condition,1,1,standard field plot,5613,Phaeophyscia,pusilloides,3,3246
26-JUL-2007,51,Virginia,VA,75,2,Southeast,1,Detection Monitoring (on-frame),3,0,2,1422120,0,-231A,,1,1,= at least one forest condition,1,1,standard field plot,5614,Phaeophyscia,rubropulchra,2,3246
26-JUL-2007,51,Virginia,VA,75,2,Southeast,1,Detection Monitoring (on-frame),3,0,2,1422120,0,-231A,,1,1,= at least one forest condition,1,1,standard field plot,5702,Physcia,aipolia,2,3246
26-JUL-2007,51,Virginia,VA,75,2,Southeast,1,Detection Monitoring (on-frame),3,0,2,1422120,0,-231A,,1,1,= at least one forest condition,1,1,standard field plot,5704,Physcia,americana,1,3246
26-JUL-2007,51,Virginia,VA,75,2,Southeast,1,Detection Monitoring (on-frame),3,0,2,1422120,0,-231A,,1,1,= at least one forest condition,1,1,standard field plot,5716,Physcia,millegrana,3,3246
26-JUL-2007,51,Virginia,VA,75,2,Southeast,1,Detection Monitoring (on-frame),3,0,2,1422120,0,-231A,,1,1,= at least one forest condition,1,1,standard field plot,6708,Punctelia,rudecta,3,3246
26-JUL-2007,51,Virginia,VA,75,2,Southeast,1,Detection Monitoring (on-frame),3,0,2,1422120,0,-231A,,1,1,= at least one forest condition,1,1,standard field plot,8069,Usnea,strigosa,2,3246
26-JUL-2007,51,Virginia,VA,75,2,Southeast,1,Detection Monitoring (on-frame),3,0,2,1422120,0,-231A,,1,1,= at least one forest condition,1,1,standard field plot,8301,Candelaria,concolor,1,3246
26-JUL-2007,51,Virginia,VA,83,2,Southeast,1,Detection Monitoring (on-frame),3,0,3,1701000,0,-231A,,1,1,= at least one forest condition,1,1,standard field plot,2601,Flavoparmelia,caperata,3,2729
26-JUL-2007,51,Virginia,VA,83,2,Southeast,1,Detection Monitoring (on-frame),3,0,3,1701000,0,-231A,,1,1,= at least one forest condition,1,1,standard field plot,4201,Myelochroa,aurulenta,3,2729
26-JUL-2007,51,Virginia,VA,83,2,Southeast,1,Detection Monitoring (on-frame),3,0,3,1701000,0,-231A,,1,1,= at least one forest condition,1,1,standard field plot,5314,Parmotrema,hypotropum,3,2729
26-JUL-2007,51,Virginia,VA,83,2,Southeast,1,Detection Monitoring (on-frame),3,0,3,1701000,0,-231A,,1,1,= at least one forest condition,1,1,standard field plot,5320,Parmotrema,michauxianum,3,2729
26-JUL-2007,51,Virginia,VA,83,2,Southeast,1,Detection Monitoring (on-frame),3,0,3,1701000,0,-231A,,1,1,= at least one forest condition,1,1,standard field plot,5328,Parmotrema,gardneri,3,2729
26-JUL-2007,51,Virginia,VA,83,2,Southeast,1,Detection Monitoring (on-frame),3,0,3,1701000,0,-231A,,1,1,= at least one forest condition,1,1,standard field plot,5603,Phaeophyscia,ciliata,2,2729
26-JUL-2007,51,Virginia,VA,83,2,Southeast,1,Detection Monitoring (on-frame),3,0,3,1701000,0,-231A,,1,1,= at least one forest condition,1,1,standard field plot,5613,Phaeophyscia,pusilloides,3,2729
26-JUL-2007,51,Virginia,VA,83,2,Southeast,1,Detection Monitoring (on-frame),3,0,3,1701000,0,-231A,,1,1,= at least one forest condition,1,1,standard field plot,5614,Phaeophyscia,rubropulchra,3,2729
26-JUL-2007,51,Virginia,VA,83,2,Southeast,1,Detection Monitoring (on-frame),3,0,3,1701000,0,-231A,,1,1,= at least one forest condition,1,1,standard field plot,6705,Punctelia,missouriensis,2,2729
26-JUL-2007,51,Virginia,VA,83,2,Southeast,1,Detection Monitoring (on-frame),3,0,3,1701000,0,-231A,,1,1,= at least one forest condition,1,1,standard field plot,6708,Punctelia,rudecta,3,2729
26-JUL-2007,51,Virginia,VA,83,2,Southeast,1,Detection Monitoring (on-frame),3,0,3,1701000,0,-231A,,1,1,= at least one forest condition,1,1,standard field plot,7104,Rimelia,reticulata,1,2729
26-JUL-2007,51,Virginia,VA,83,2,Southeast,1,Detection Monitoring (on-frame),3,0,3,1701000,0,-231A,,1,1,= at least one forest condition,1,1,standard field plot,8069,Usnea,strigosa,1,2729
26-JUL-2007,51,Virginia,VA,83,2,Southeast,1,Detection Monitoring (on-frame),3,0,3,1701000,0,-231A,,1,1,= at least one forest condition,1,1,standard field plot,8301,Candelaria,concolor,3,2729
26-JUL-2007,51,Virginia,VA,95,2,Southeast,1,Detection Monitoring (on-frame),3,0,2,1422110,0,-232A,,1,1,= at least one forest condition,1,1,standard field plot,2601,Flavoparmelia,caperata,2,3225
26-JUL-2007,51,Virginia,VA,95,2,Southeast,1,Detection Monitoring (on-frame),3,0,2,1422110,0,-232A,,1,1,= at least one forest condition,1,1,standard field plot,3611,Leptogium,cyanescens,1,3225
26-JUL-2007,51,Virginia,VA,95,2,Southeast,1,Detection Monitoring (on-frame),3,0,2,1422110,0,-232A,,1,1,= at least one forest condition,1,1,standard field plot,5300,Parmotrema,,2,3225
26-JUL-2007,51,Virginia,VA,95,2,Southeast,1,Detection Monitoring (on-frame),3,0,2,1422110,0,-232A,,1,1,= at least one forest condition,1,1,standard field plot,5314,Parmotrema,hypotropum,2,3225
26-JUL-2007,51,Virginia,VA,95,2,Southeast,1,Detection Monitoring (on-frame),3,0,2,1422110,0,-232A,,1,1,= at least one forest condition,1,1,standard field plot,5613,Phaeophyscia,pusilloides,3,3225
26-JUL-2007,51,Virginia,VA,95,2,Southeast,1,Detection Monitoring (on-frame),3,0,2,1422110,0,-232A,,1,1,= at least one forest condition,1,1,standard field plot,5614,Phaeophyscia,rubropulchra,3,3225
26-JUL-2007,51,Virginia,VA,95,2,Southeast,1,Detection Monitoring (on-frame),3,0,2,1422110,0,-232A,,1,1,= at least one forest condition,1,1,standard field plot,5702,Physcia,aipolia,1,3225
26-JUL-2007,51,Virginia,VA,95,2,Southeast,1,Detection Monitoring (on-frame),3,0,2,1422110,0,-232A,,1,1,= at least one forest condition,1,1,standard field plot,5716,Physcia,millegrana,3,3225
26-JUL-2007,51,Virginia,VA,95,2,Southeast,1,Detection Monitoring (on-frame),3,0,2,1422110,0,-232A,,1,1,= at least one forest condition,1,1,standard field plot,6708,Punctelia,rudecta,3,3225
26-JUL-2007,51,Virginia,VA,95,2,Southeast,1,Detection Monitoring (on-frame),3,0,2,1422110,0,-232A,,1,1,= at least one forest condition,1,1,standard field plot,6803,Pyxine,caesiopruinosa,2,3225
26-JUL-2007,51,Virginia,VA,95,2,Southeast,1,Detection Monitoring (on-frame),3,0,2,1422110,0,-232A,,1,1,= at least one forest condition,1,1,standard field plot,7104,Rimelia,reticulata,2,3225
26-JUL-2007,51,Virginia,VA,95,2,Southeast,1,Detection Monitoring (on-frame),3,0,2,1422110,0,-232A,,1,1,= at least one forest condition,1,1,standard field plot,8069,Usnea,strigosa,2,3225
26-JUL-2007,51,Virginia,VA,95,2,Southeast,1,Detection Monitoring (on-frame),3,0,2,1422110,0,-232A,,1,1,= at least one forest condition,1,1,standard field plot,8201,Xanthoria,candelaria,2,3225
26-JUL-2007,51,Virginia,VA,95,2,Southeast,1,Detection Monitoring (on-frame),3,0,2,1422110,0,-232A,,1,1,= at least one forest condition,1,1,standard field plot,8301,Candelaria,concolor,3,3225
26-JUL-2007,51,Virginia,VA,101,2,Southeast,1,Detection Monitoring (on-frame),3,0,3,1422100,0,-232A,,1,1,= at least one forest condition,1,1,standard field plot,2601,Flavoparmelia,caperata,3,3248
26-JUL-2007,51,Virginia,VA,101,2,Southeast,1,Detection Monitoring (on-frame),3,0,3,1422100,0,-232A,,1,1,= at least one forest condition,1,1,standard field plot,5314,Parmotrema,hypotropum,2,3248
26-JUL-2007,51,Virginia,VA,101,2,Southeast,1,Detection Monitoring (on-frame),3,0,3,1422100,0,-232A,,1,1,= at least one forest condition,1,1,standard field plot,5320,Parmotrema,michauxianum,3,3248
26-JUL-2007,51,Virginia,VA,101,2,Southeast,1,Detection Monitoring (on-frame),3,0,3,1422100,0,-232A,,1,1,= at least one forest condition,1,1,standard field plot,5601,Phaeophyscia,adiastola,3,3248
26-JUL-2007,51,Virginia,VA,101,2,Southeast,1,Detection Monitoring (on-frame),3,0,3,1422100,0,-232A,,1,1,= at least one forest condition,1,1,standard field plot,5614,Phaeophyscia,rubropulchra,3,3248
26-JUL-2007,51,Virginia,VA,101,2,Southeast,1,Detection Monitoring (on-frame),3,0,3,1422100,0,-232A,,1,1,= at least one forest condition,1,1,standard field plot,5702,Physcia,aipolia,2,3248
26-JUL-2007,51,Virginia,VA,101,2,Southeast,1,Detection Monitoring (on-frame),3,0,3,1422100,0,-232A,,1,1,= at least one forest condition,1,1,standard field plot,5716,Physcia,millegrana,2,3248
26-JUL-2007,51,Virginia,VA,101,2,Southeast,1,Detection Monitoring (on-frame),3,0,3,1422100,0,-232A,,1,1,= at least one forest condition,1,1,standard field plot,6708,Punctelia,rudecta,3,3248
26-JUL-2007,51,Virginia,VA,101,2,Southeast,1,Detection Monitoring (on-frame),3,0,3,1422100,0,-232A,,1,1,= at least one forest condition,1,1,standard field plot,8069,Usnea,strigosa,2,3248
26-JUL-2007,51,Virginia,VA,105,2,Southeast,1,Detection Monitoring (on-frame),3,0,1,1702310,0,-221I,,1,1,= at least one forest condition,1,1,standard field plot,2601,Flavoparmelia,caperata,3,2805
26-JUL-2007,51,Virginia,VA,105,2,Southeast,1,Detection Monitoring (on-frame),3,0,1,1702310,0,-221I,,1,1,= at least one forest condition,1,1,standard field plot,2816,Heterodermia,obscurata,2,2805
26-JUL-2007,51,Virginia,VA,105,2,Southeast,1,Detection Monitoring (on-frame),3,0,1,1702310,0,-221I,,1,1,= at least one forest condition,1,1,standard field plot,3208,Hypotrachyna,livida,3,2805
26-JUL-2007,51,Virginia,VA,105,2,Southeast,1,Detection Monitoring (on-frame),3,0,1,1702310,0,-221I,,1,1,= at least one forest condition,1,1,standard field plot,4202,Myelochroa,galbina,2,2805
26-JUL-2007,51,Virginia,VA,105,2,Southeast,1,Detection Monitoring (on-frame),3,0,1,1702310,0,-221I,,1,1,= at least one forest condition,1,1,standard field plot,4806,Parmelia,sulcata,2,2805
26-JUL-2007,51,Virginia,VA,105,2,Southeast,1,Detection Monitoring (on-frame),3,0,1,1702310,0,-221I,,1,1,= at least one forest condition,1,1,standard field plot,5102,Parmelinopsis,minarum,3,2805
26-JUL-2007,51,Virginia,VA,105,2,Southeast,1,Detection Monitoring (on-frame),3,0,1,1702310,0,-221I,,1,1,= at least one forest condition,1,1,standard field plot,5303,Parmotrema,chinense,1,2805
26-JUL-2007,51,Virginia,VA,105,2,Southeast,1,Detection Monitoring (on-frame),3,0,1,1702310,0,-221I,,1,1,= at least one forest condition,1,1,standard field plot,5314,Parmotrema,hypotropum,3,2805
26-JUL-2007,51,Virginia,VA,105,2,Southeast,1,Detection Monitoring (on-frame),3,0,1,1702310,0,-221I,,1,1,= at least one forest condition,1,1,standard field plot,5702,Physcia,aipolia,3,2805
26-JUL-2007,51,Virginia,VA,105,2,Southeast,1,Detection Monitoring (on-frame),3,0,1,1702310,0,-221I,,1,1,= at least one forest condition,1,1,standard field plot,6302,Pseudevernia,consocians,1,2805
26-JUL-2007,51,Virginia,VA,105,2,Southeast,1,Detection Monitoring (on-frame),3,0,1,1702310,0,-221I,,1,1,= at least one forest condition,1,1,standard field plot,6708,Punctelia,rudecta,3,2805
26-JUL-2007,51,Virginia,VA,105,2,Southeast,1,Detection Monitoring (on-frame),3,0,1,1702310,0,-221I,,1,1,= at least one forest condition,1,1,standard field plot,6711,Punctelia,subrudecta,3,2805
26-JUL-2007,51,Virginia,VA,105,2,Southeast,1,Detection Monitoring (on-frame),3,0,1,1702310,0,-221I,,1,1,= at least one forest condition,1,1,standard field plot,6901,Ramalina,americana,2,2805
26-JUL-2007,51,Virginia,VA,105,2,Southeast,1,Detection Monitoring (on-frame),3,0,1,1702310,0,-221I,,1,1,= at least one forest condition,1,1,standard field plot,8069,Usnea,strigosa,3,2805
26-JUL-2007,51,Virginia,VA,117,2,Southeast,1,Detection Monitoring (on-frame),3,0,1,1423220,0,-231A,,1,1,= at least one forest condition,1,1,standard field plot,2601,Flavoparmelia,caperata,3,2727
26-JUL-2007,51,Virginia,VA,117,2,Southeast,1,Detection Monitoring (on-frame),3,0,1,1423220,0,-231A,,1,1,= at least one forest condition,1,1,standard field plot,5314,Parmotrema,hypotropum,3,2727
26-JUL-2007,51,Virginia,VA,117,2,Southeast,1,Detection Monitoring (on-frame),3,0,1,1423220,0,-231A,,1,1,= at least one forest condition,1,1,standard field plot,5614,Phaeophyscia,rubropulchra,3,2727
26-JUL-2007,51,Virginia,VA,117,2,Southeast,1,Detection Monitoring (on-frame),3,0,1,1423220,0,-231A,,1,1,= at least one forest condition,1,1,standard field plot,5702,Physcia,aipolia,3,2727
26-JUL-2007,51,Virginia,VA,117,2,Southeast,1,Detection Monitoring (on-frame),3,0,1,1423220,0,-231A,,1,1,= at least one forest condition,1,1,standard field plot,5704,Physcia,americana,3,2727
26-JUL-2007,51,Virginia,VA,117,2,Southeast,1,Detection Monitoring (on-frame),3,0,1,1423220,0,-231A,,1,1,= at least one forest condition,1,1,standard field plot,6708,Punctelia,rudecta,3,2727
26-JUL-2007,51,Virginia,VA,117,2,Southeast,1,Detection Monitoring (on-frame),3,0,1,1423220,0,-231A,,1,1,= at least one forest condition,1,1,standard field plot,7104,Rimelia,reticulata,2,2727
26-JUL-2007,51,Virginia,VA,117,2,Southeast,1,Detection Monitoring (on-frame),3,0,1,1423220,0,-231A,,1,1,= at least one forest condition,1,1,standard field plot,8301,Candelaria,concolor,1,2727
26-JUL-2007,51,Virginia,VA,141,2,Southeast,1,Detection Monitoring (on-frame),3,0,1,1701200,0,-231A,,1,1,= at least one forest condition,1,1,standard field plot,301,Anaptychia,palmulata,3,2763
26-JUL-2007,51,Virginia,VA,141,2,Southeast,1,Detection Monitoring (on-frame),3,0,1,1701200,0,-231A,,1,1,= at least one forest condition,1,1,standard field plot,802,Canoparmelia,caroliniana,3,2763
26-JUL-2007,51,Virginia,VA,141,2,Southeast,1,Detection Monitoring (on-frame),3,0,1,1701200,0,-231A,,1,1,= at least one forest condition,1,1,standard field plot,1203,Cladonia,bacillaris,3,2763
26-JUL-2007,51,Virginia,VA,141,2,Southeast,1,Detection Monitoring (on-frame),3,0,1,1701200,0,-231A,,1,1,= at least one forest condition,1,1,standard field plot,2601,Flavoparmelia,caperata,3,2763
26-JUL-2007,51,Virginia,VA,141,2,Southeast,1,Detection Monitoring (on-frame),3,0,1,1701200,0,-231A,,1,1,= at least one forest condition,1,1,standard field plot,2816,Heterodermia,obscurata,2,2763
26-JUL-2007,51,Virginia,VA,141,2,Southeast,1,Detection Monitoring (on-frame),3,0,1,1701200,0,-231A,,1,1,= at least one forest condition,1,1,standard field plot,4201,Myelochroa,aurulenta,3,2763
26-JUL-2007,51,Virginia,VA,141,2,Southeast,1,Detection Monitoring (on-frame),3,0,1,1701200,0,-231A,,1,1,= at least one forest condition,1,1,standard field plot,4805,Parmelia,squarrosa,3,2763
26-JUL-2007,51,Virginia,VA,141,2,Southeast,1,Detection Monitoring (on-frame),3,0,1,1701200,0,-231A,,1,1,= at least one forest condition,1,1,standard field plot,5314,Parmotrema,hypotropum,2,2763
26-JUL-2007,51,Virginia,VA,141,2,Southeast,1,Detection Monitoring (on-frame),3,0,1,1701200,0,-231A,,1,1,= at least one forest condition,1,1,standard field plot,6709,Punctelia,semansiana,3,2763
26-JUL-2007,51,Virginia,VA,141,2,Southeast,1,Detection Monitoring (on-frame),3,0,1,1701200,0,-231A,,1,1,= at least one forest condition,1,1,standard field plot,6808,Pyxine,sorediata,3,2763
26-JUL-2007,51,Virginia,VA,141,2,Southeast,1,Detection Monitoring (on-frame),3,0,1,1701200,0,-231A,,1,1,= at least one forest condition,1,1,standard field plot,6901,Ramalina,americana,1,2763
26-JUL-2007,51,Virginia,VA,141,2,Southeast,1,Detection Monitoring (on-frame),3,0,1,1701200,0,-231A,,1,1,= at least one forest condition,1,1,standard field plot,7103,Rimelia,diffractaica,3,2763
26-JUL-2007,51,Virginia,VA,141,2,Southeast,1,Detection Monitoring (on-frame),3,0,1,1701200,0,-231A,,1,1,= at least one forest condition,1,1,standard field plot,7104,Rimelia,reticulata,3,2763
26-JUL-2007,51,Virginia,VA,141,2,Southeast,1,Detection Monitoring (on-frame),3,0,1,1701200,0,-231A,,1,1,= at least one forest condition,1,1,standard field plot,8053,Usnea,mutabilis,2,2763
26-JUL-2007,51,Virginia,VA,143,2,Southeast,1,Detection Monitoring (on-frame),1,0,2,1701020,0,-231A,,1,1,= at least one forest condition,1,1,standard field plot,1006,Cetraria,ciliaris,3,2747
26-JUL-2007,51,Virginia,VA,143,2,Southeast,1,Detection Monitoring (on-frame),1,0,2,1701020,0,-231A,,1,1,= at least one forest condition,1,1,standard field plot,2601,Flavoparmelia,caperata,3,2747
26-JUL-2007,51,Virginia,VA,143,2,Southeast,1,Detection Monitoring (on-frame),1,0,2,1701020,0,-231A,,1,1,= at least one forest condition,1,1,standard field plot,2903,Hyperphyscia,syncolla,1,2747
26-JUL-2007,51,Virginia,VA,143,2,Southeast,1,Detection Monitoring (on-frame),1,0,2,1701020,0,-231A,,1,1,= at least one forest condition,1,1,standard field plot,3208,Hypotrachyna,livida,2,2747
26-JUL-2007,51,Virginia,VA,143,2,Southeast,1,Detection Monitoring (on-frame),1,0,2,1701020,0,-231A,,1,1,= at least one forest condition,1,1,standard field plot,3302,Imshaugia,placorodia,1,2747
26-JUL-2007,51,Virginia,VA,143,2,Southeast,1,Detection Monitoring (on-frame),1,0,2,1701020,0,-231A,,1,1,= at least one forest condition,1,1,standard field plot,5314,Parmotrema,hypotropum,3,2747
26-JUL-2007,51,Virginia,VA,143,2,Southeast,1,Detection Monitoring (on-frame),1,0,2,1701020,0,-231A,,1,1,= at least one forest condition,1,1,standard field plot,5328,Parmotrema,gardneri,3,2747
26-JUL-2007,51,Virginia,VA,143,2,Southeast,1,Detection Monitoring (on-frame),1,0,2,1701020,0,-231A,,1,1,= at least one forest condition,1,1,standard field plot,5614,Phaeophyscia,rubropulchra,3,2747
26-JUL-2007,51,Virginia,VA,143,2,Southeast,1,Detection Monitoring (on-frame),1,0,2,1701020,0,-231A,,1,1,= at least one forest condition,1,1,standard field plot,5704,Physcia,americana,3,2747
26-JUL-2007,51,Virginia,VA,143,2,Southeast,1,Detection Monitoring (on-frame),1,0,2,1701020,0,-231A,,1,1,= at least one forest condition,1,1,standard field plot,5716,Physcia,millegrana,3,2747
26-JUL-2007,51,Virginia,VA,143,2,Southeast,1,Detection Monitoring (on-frame),1,0,2,1701020,0,-231A,,1,1,= at least one forest condition,1,1,standard field plot,5723,Physcia,stellaris,3,2747
26-JUL-2007,51,Virginia,VA,143,2,Southeast,1,Detection Monitoring (on-frame),1,0,2,1701020,0,-231A,,1,1,= at least one forest condition,1,1,standard field plot,6703,Punctelia,borreri,3,2747
26-JUL-2007,51,Virginia,VA,143,2,Southeast,1,Detection Monitoring (on-frame),1,0,2,1701020,0,-231A,,1,1,= at least one forest condition,1,1,standard field plot,8053,Usnea,mutabilis,3,2747
26-JUL-2007,51,Virginia,VA,147,2,Southeast,1,Detection Monitoring (on-frame),1,0,2,1422330,0,-231A,,1,1,= at least one forest condition,1,1,standard field plot,802,Canoparmelia,caroliniana,3,3255
26-JUL-2007,51,Virginia,VA,147,2,Southeast,1,Detection Monitoring (on-frame),1,0,2,1422330,0,-231A,,1,1,= at least one forest condition,1,1,standard field plot,2601,Flavoparmelia,caperata,3,3255
26-JUL-2007,51,Virginia,VA,147,2,Southeast,1,Detection Monitoring (on-frame),1,0,2,1422330,0,-231A,,1,1,= at least one forest condition,1,1,standard field plot,2816,Heterodermia,obscurata,3,3255
26-JUL-2007,51,Virginia,VA,147,2,Southeast,1,Detection Monitoring (on-frame),1,0,2,1422330,0,-231A,,1,1,= at least one forest condition,1,1,standard field plot,2822,Heterodermia,speciosa,2,3255
26-JUL-2007,51,Virginia,VA,147,2,Southeast,1,Detection Monitoring (on-frame),1,0,2,1422330,0,-231A,,1,1,= at least one forest condition,1,1,standard field plot,2901,Hyperphyscia,adglutinata,3,3255
26-JUL-2007,51,Virginia,VA,147,2,Southeast,1,Detection Monitoring (on-frame),1,0,2,1422330,0,-231A,,1,1,= at least one forest condition,1,1,standard field plot,4201,Myelochroa,aurulenta,3,3255
26-JUL-2007,51,Virginia,VA,147,2,Southeast,1,Detection Monitoring (on-frame),1,0,2,1422330,0,-231A,,1,1,= at least one forest condition,1,1,standard field plot,5314,Parmotrema,hypotropum,3,3255
26-JUL-2007,51,Virginia,VA,147,2,Southeast,1,Detection Monitoring (on-frame),1,0,2,1422330,0,-231A,,1,1,= at least one forest condition,1,1,standard field plot,5320,Parmotrema,michauxianum,3,3255
26-JUL-2007,51,Virginia,VA,147,2,Southeast,1,Detection Monitoring (on-frame),1,0,2,1422330,0,-231A,,1,1,= at least one forest condition,1,1,standard field plot,5609,Phaeophyscia,insignis,3,3255
26-JUL-2007,51,Virginia,VA,147,2,Southeast,1,Detection Monitoring (on-frame),1,0,2,1422330,0,-231A,,1,1,= at least one forest condition,1,1,standard field plot,5613,Phaeophyscia,pusilloides,3,3255
26-JUL-2007,51,Virginia,VA,147,2,Southeast,1,Detection Monitoring (on-frame),1,0,2,1422330,0,-231A,,1,1,= at least one forest condition,1,1,standard field plot,5614,Phaeophyscia,rubropulchra,3,3255
26-JUL-2007,51,Virginia,VA,147,2,Southeast,1,Detection Monitoring (on-frame),1,0,2,1422330,0,-231A,,1,1,= at least one forest condition,1,1,standard field plot,5702,Physcia,aipolia,3,3255
26-JUL-2007,51,Virginia,VA,147,2,Southeast,1,Detection Monitoring (on-frame),1,0,2,1422330,0,-231A,,1,1,= at least one forest condition,1,1,standard field plot,5704,Physcia,americana,3,3255
26-JUL-2007,51,Virginia,VA,147,2,Southeast,1,Detection Monitoring (on-frame),1,0,2,1422330,0,-231A,,1,1,= at least one forest condition,1,1,standard field plot,5801,Physciella,chloantha,3,3255
26-JUL-2007,51,Virginia,VA,147,2,Southeast,1,Detection Monitoring (on-frame),1,0,2,1422330,0,-231A,,1,1,= at least one forest condition,1,1,standard field plot,6709,Punctelia,semansiana,3,3255
26-JUL-2007,51,Virginia,VA,147,2,Southeast,1,Detection Monitoring (on-frame),1,0,2,1422330,0,-231A,,1,1,= at least one forest condition,1,1,standard field plot,6803,Pyxine,caesiopruinosa,2,3255
26-JUL-2007,51,Virginia,VA,147,2,Southeast,1,Detection Monitoring (on-frame),1,0,2,1422330,0,-231A,,1,1,= at least one forest condition,1,1,standard field plot,6808,Pyxine,sorediata,3,3255
26-JUL-2007,51,Virginia,VA,147,2,Southeast,1,Detection Monitoring (on-frame),1,0,2,1422330,0,-231A,,1,1,= at least one forest condition,1,1,standard field plot,8069,Usnea,strigosa,1,3255
26-JUL-2007,51,Virginia,VA,147,2,Southeast,1,Detection Monitoring (on-frame),1,0,2,1422330,0,-231A,,1,1,= at least one forest condition,1,1,standard field plot,8301,Candelaria,concolor,2,3255
26-JUL-2007,51,Virginia,VA,171,2,Southeast,1,Detection Monitoring (on-frame),3,0,3,1333110,0,M221A,,1,1,= at least one forest condition,1,1,standard field plot,2601,Flavoparmelia,caperata,3,4050
26-JUL-2007,51,Virginia,VA,171,2,Southeast,1,Detection Monitoring (on-frame),3,0,3,1333110,0,M221A,,1,1,= at least one forest condition,1,1,standard field plot,5614,Phaeophyscia,rubropulchra,3,4050
26-JUL-2007,51,Virginia,VA,171,2,Southeast,1,Detection Monitoring (on-frame),3,0,3,1333110,0,M221A,,1,1,= at least one forest condition,1,1,standard field plot,5716,Physcia,millegrana,1,4050
26-JUL-2007,51,Virginia,VA,171,2,Southeast,1,Detection Monitoring (on-frame),3,0,3,1333110,0,M221A,,1,1,= at least one forest condition,1,1,standard field plot,5723,Physcia,stellaris,3,4050
26-JUL-2007,51,Virginia,VA,171,2,Southeast,1,Detection Monitoring (on-frame),3,0,3,1333110,0,M221A,,1,1,= at least one forest condition,1,1,standard field plot,5801,Physciella,chloantha,3,4050
26-JUL-2007,51,Virginia,VA,171,2,Southeast,1,Detection Monitoring (on-frame),3,0,3,1333110,0,M221A,,1,1,= at least one forest condition,1,1,standard field plot,6708,Punctelia,rudecta,3,4050
26-JUL-2007,51,Virginia,VA,171,2,Southeast,1,Detection Monitoring (on-frame),3,0,3,1333110,0,M221A,,1,1,= at least one forest condition,1,1,standard field plot,6803,Pyxine,caesiopruinosa,2,4050
26-JUL-2007,51,Virginia,VA,171,2,Southeast,1,Detection Monitoring (on-frame),3,0,3,1333110,0,M221A,,1,1,= at least one forest condition,1,1,standard field plot,8301,Candelaria,concolor,1,4050
26-JUL-2007,51,Virginia,VA,177,2,Southeast,1,Detection Monitoring (on-frame),3,0,1,1422010,0,-231A,,1,1,= at least one forest condition,1,1,standard field plot,2601,Flavoparmelia,caperata,2,4014
26-JUL-2007,51,Virginia,VA,177,2,Southeast,1,Detection Monitoring (on-frame),3,0,1,1422010,0,-231A,,1,1,= at least one forest condition,1,1,standard field plot,4201,Myelochroa,aurulenta,3,4014
26-JUL-2007,51,Virginia,VA,177,2,Southeast,1,Detection Monitoring (on-frame),3,0,1,1422010,0,-231A,,1,1,= at least one forest condition,1,1,standard field plot,5314,Parmotrema,hypotropum,3,4014
26-JUL-2007,51,Virginia,VA,177,2,Southeast,1,Detection Monitoring (on-frame),3,0,1,1422010,0,-231A,,1,1,= at least one forest condition,1,1,standard field plot,5328,Parmotrema,gardneri,1,4014
26-JUL-2007,51,Virginia,VA,177,2,Southeast,1,Detection Monitoring (on-frame),3,0,1,1422010,0,-231A,,1,1,= at least one forest condition,1,1,standard field plot,5613,Phaeophyscia,pusilloides,3,4014
26-JUL-2007,51,Virginia,VA,177,2,Southeast,1,Detection Monitoring (on-frame),3,0,1,1422010,0,-231A,,1,1,= at least one forest condition,1,1,standard field plot,5614,Phaeophyscia,rubropulchra,3,4014
26-JUL-2007,51,Virginia,VA,177,2,Southeast,1,Detection Monitoring (on-frame),3,0,1,1422010,0,-231A,,1,1,= at least one forest condition,1,1,standard field plot,5704,Physcia,americana,3,4014
26-JUL-2007,51,Virginia,VA,177,2,Southeast,1,Detection Monitoring (on-frame),3,0,1,1422010,0,-231A,,1,1,= at least one forest condition,1,1,standard field plot,5716,Physcia,millegrana,3,4014
26-JUL-2007,51,Virginia,VA,177,2,Southeast,1,Detection Monitoring (on-frame),3,0,1,1422010,0,-231A,,1,1,= at least one forest condition,1,1,standard field plot,6708,Punctelia,rudecta,3,4014
26-JUL-2007,51,Virginia,VA,177,2,Southeast,1,Detection Monitoring (on-frame),3,0,1,1422010,0,-231A,,1,1,= at least one forest condition,1,1,standard field plot,8069,Usnea,strigosa,2,4014
26-JUL-2007,51,Virginia,VA,177,2,Southeast,1,Detection Monitoring (on-frame),3,0,1,1422010,0,-231A,,1,1,= at least one forest condition,1,1,standard field plot,8301,Candelaria,concolor,3,4014
26-JUL-2007,51,Virginia,VA,193,2,Southeast,1,Detection Monitoring (on-frame),3,0,2,1420230,0,-232A,,1,1,= at least one forest condition,1,1,standard field plot,2601,Flavoparmelia,caperata,2,3982
26-JUL-2007,51,Virginia,VA,193,2,Southeast,1,Detection Monitoring (on-frame),3,0,2,1420230,0,-232A,,1,1,= at least one forest condition,1,1,standard field plot,4806,Parmelia,sulcata,1,3982
26-JUL-2007,51,Virginia,VA,193,2,Southeast,1,Detection Monitoring (on-frame),3,0,2,1420230,0,-232A,,1,1,= at least one forest condition,1,1,standard field plot,5314,Parmotrema,hypotropum,1,3982
26-JUL-2007,51,Virginia,VA,193,2,Southeast,1,Detection Monitoring (on-frame),3,0,2,1420230,0,-232A,,1,1,= at least one forest condition,1,1,standard field plot,5320,Parmotrema,michauxianum,1,3982
26-JUL-2007,51,Virginia,VA,193,2,Southeast,1,Detection Monitoring (on-frame),3,0,2,1420230,0,-232A,,1,1,= at least one forest condition,1,1,standard field plot,5323,Parmotrema,perforatum,1,3982
26-JUL-2007,51,Virginia,VA,193,2,Southeast,1,Detection Monitoring (on-frame),3,0,2,1420230,0,-232A,,1,1,= at least one forest condition,1,1,standard field plot,5328,Parmotrema,gardneri,1,3982
26-JUL-2007,51,Virginia,VA,193,2,Southeast,1,Detection Monitoring (on-frame),3,0,2,1420230,0,-232A,,1,1,= at least one forest condition,1,1,standard field plot,5601,Phaeophyscia,adiastola,1,3982
26-JUL-2007,51,Virginia,VA,193,2,Southeast,1,Detection Monitoring (on-frame),3,0,2,1420230,0,-232A,,1,1,= at least one forest condition,1,1,standard field plot,5702,Physcia,aipolia,2,3982
26-JUL-2007,51,Virginia,VA,193,2,Southeast,1,Detection Monitoring (on-frame),3,0,2,1420230,0,-232A,,1,1,= at least one forest condition,1,1,standard field plot,5716,Physcia,millegrana,3,3982
26-JUL-2007,51,Virginia,VA,193,2,Southeast,1,Detection Monitoring (on-frame),3,0,2,1420230,0,-232A,,1,1,= at least one forest condition,1,1,standard field plot,6709,Punctelia,semansiana,1,3982
