STATE_DESCR,STATE,STATE_ABBREV,COUNTY,FEDERAL_REGION,FHM_MEGA_REGION,PROJECT,HEXAGON_NBR,PLOT_NBR,SPECIES_EVAL_CNT,BIOSITE_INDEX,ELEVATION,PLOT_SIZE,ASPECT,TERRAIN_POSITION,BIO_PLOT_SOIL_DEPTH,BIO_PLOT_SOIL_DRAINAGE,PLOT_WETNESS,BIO_PLOT_DISTURBANCE,P3ID
Virginia,51,VA,27,3,South,1,,1,1,0,1042,2,0,6,2,1,,0,3337
Virginia,51,VA,41,3,South,1,,1,2,.0322937,432,1,0,5,1,1,,0,3244
Virginia,51,VA,45,3,South,1,,1,3,.1239328,1475,1,0,3,1,1,,0,3297
Virginia,51,VA,75,3,South,1,,1,3,.0250676,470,2,0,5,1,1,,0,3246
Virginia,51,VA,83,3,South,1,,1,3,0,200,1,345,1,1,1,,0,2731
Virginia,51,VA,97,3,South,1,,1,3,.0485422,43,1,0,5,1,1,,0,3227
Virginia,51,VA,99,3,South,1,,1,3,.0110505,356,2,0,5,1,1,,0,3982
Virginia,51,VA,109,3,South,1,,1,1,0,238,1,0,5,1,1,,0,3251
Virginia,51,VA,109,3,South,1,,1,3,0,900,3,0,5,1,1,,0,3269
Virginia,51,VA,109,3,South,1,,1,2,0,105,2,0,6,1,2,,0,4017
Virginia,51,VA,137,3,South,1,,1,3,0,800,1,0,5,1,1,,1,4014
Virginia,51,VA,139,3,South,1,,1,3,0,1000,2,0,3,1,1,,1,4043
Virginia,51,VA,143,3,South,1,,1,2,.0530012,832,1,0,5,1,1,,0,2747
Virginia,51,VA,159,3,South,1,,1,3,.0600799,245,1,0,5,1,1,,1,3977
Virginia,51,VA,163,3,South,1,,1,3,0,1400,2,0,6,1,1,,0,3287
Virginia,51,VA,169,3,South,1,,1,3,0,1800,1,270,2,1,1,,2,2805
