STATE_DESCR,STATE,STATE_ABBREV,COUNTY,FEDERAL_REGION,FHM_MEGA_REGION,PROJECT,HEXAGON_NBR,PLOT_NBR,BIO_SPECIES,AMOUNT_MAXIMUM,AMOUNT_MINIMUM,AMOUNT_MEAN,SEVERITY_MAXIMUM,SEVERITY_MINIMUM,SEVERITY_MEAN,PLANTS_INJ_CNT,PLANTS_EVAL_CNT,PLANTS_RATIO,SPECIES_SUM,SPECIES_INDEX,ELEVATION_CLASS,PLOT_SIZE,ASPECT,TERRAIN_POSITION,BIO_PLOT_SOIL_DEPTH,BIO_PLOT_SOIL_DRAINAGE,BIO_PLOT_DISTURBANCE,P3ID
Virginia,51,VA,31,3,South,1,,1,915,0,0,0,0,0,0,0,32,0,0,0,3,1,210,5,1,1,1,3274
Virginia,51,VA,45,3,South,1,,1,621,0,0,0,0,0,0,0,30,0,0,0,8,1,160,4,1,1,3,3297
Virginia,51,VA,45,3,South,1,,1,915,0,0,0,0,0,0,0,30,0,0,0,8,1,160,4,1,1,3,3297
Virginia,51,VA,57,3,South,1,,1,915,0,0,0,0,0,0,0,30,0,0,0,0,1,0,5,1,1,3,3230
Virginia,51,VA,61,3,South,1,,1,915,0,0,0,0,0,0,0,22,0,0,0,3,1,0,5,1,2,3,4024
Virginia,51,VA,85,3,South,1,,1,915,.63,.035,.3136842,.88,.16,.3926316,19,30,.6333333,.1302421,.0824867,0,1,0,5,1,1,3,3249
Virginia,51,VA,85,3,South,1,,1,931,0,0,0,0,0,0,0,30,0,0,0,0,1,0,5,1,1,3,3249
Virginia,51,VA,93,3,South,1,,1,611,0,0,0,0,0,0,0,16,0,0,0,0,3,0,5,1,1,3,3237
Virginia,51,VA,93,3,South,1,,1,621,0,0,0,0,0,0,0,20,0,0,0,0,3,0,5,1,1,3,3237
Virginia,51,VA,93,3,South,1,,1,931,0,0,0,0,0,0,0,20,0,0,0,0,3,0,5,1,1,3,3237
Virginia,51,VA,117,3,South,1,,1,611,0,0,0,0,0,0,0,12,0,0,0,0,3,0,5,1,1,1,2724
Virginia,51,VA,117,3,South,1,,1,915,.16,.16,.16,.38,.16,.3066666,6,15,.4,.0490667,.0196267,0,3,0,5,1,1,1,2724
Virginia,51,VA,149,3,South,1,,1,611,0,0,0,0,0,0,0,15,0,0,0,0,1,0,5,1,1,3,3234
Virginia,51,VA,149,3,South,1,,1,915,.63,.035,.3411539,.63,.16,.3,13,18,.7222222,.1077846,.0778444,0,1,0,5,1,1,3,3234
Virginia,51,VA,149,3,South,1,,1,931,.63,.035,.2652941,.63,.035,.2135294,17,20,.85,.0770897,.0655262,0,1,0,5,1,1,3,3234
Virginia,51,VA,153,3,South,1,,1,915,0,0,0,0,0,0,0,16,0,0,0,3,2,0,5,1,1,1,4029
Virginia,51,VA,153,3,South,1,,1,931,0,0,0,0,0,0,0,10,0,0,0,3,2,0,5,1,1,1,4029
