STATE_DESCR,STATE,STATE_ABBREV,COUNTY,FEDERAL_REGION,FHM_MEGA_REGION,PROJECT,HEXAGON_NBR,PLOT_NBR,SPECIES_EVAL_CNT,BIOSITE_INDEX,ELEVATION_CLASS,PLOT_SIZE,ASPECT,TERRAIN_POSITION,BIO_PLOT_SOIL_DEPTH,BIO_PLOT_SOIL_DRAINAGE,BIO_PLOT_DISTURBANCE,P3ID
Virginia,51,VA,31,3,South,1,,1,1,0,3,1,210,5,1,1,1,3274
Virginia,51,VA,45,3,South,1,,1,2,0,8,1,160,4,1,1,3,3297
Virginia,51,VA,57,3,South,1,,1,1,0,0,1,0,5,1,1,3,3230
Virginia,51,VA,61,3,South,1,,1,1,0,3,1,0,5,1,2,3,4024
Virginia,51,VA,85,3,South,1,,1,2,.0412433,0,1,0,5,1,1,3,3249
Virginia,51,VA,93,3,South,1,,1,3,0,0,3,0,5,1,1,3,3237
Virginia,51,VA,117,3,South,1,,1,2,.0098133,0,3,0,5,1,1,1,2724
Virginia,51,VA,149,3,South,1,,1,3,.0477902,0,1,0,5,1,1,3,3234
Virginia,51,VA,153,3,South,1,,1,2,0,3,2,0,5,1,1,1,4029
