STATE_DESCR,STATE,STATE_ABBREV,COUNTY,FEDERAL_REGION,FHM_MEGA_REGION,PROJECT,HEXAGON_NBR,PLOT_NBR,SPECIES_EVAL_CNT,BIOSITE_INDEX,ELEVATION,PLOT_SIZE,ASPECT,TERRAIN_POSITION,BIO_PLOT_SOIL_DEPTH,BIO_PLOT_SOIL_DRAINAGE,PLOT_WETNESS,BIO_PLOT_DISTURBANCE,P3ID
Virginia,51,VA,5,3,South,1,,1,2,0,1958,2,0,3,1,1,,0,3303
Virginia,51,VA,9,3,South,1,,1,2,.0138333,99999,2,0,3,1,1,,0,3281
Virginia,51,VA,15,3,South,1,,1,3,0,1637,1,198,2,1,1,,1,4035
Virginia,51,VA,17,3,South,1,,1,2,0,1842,3,25,2,2,1,,0,3290
Virginia,51,VA,27,3,South,1,,1,1,0,1042,2,0,6,2,1,,0,3337
Virginia,51,VA,29,3,South,1,,1,3,.0133253,592,1,0,5,1,1,,0,3260
Virginia,51,VA,31,3,South,1,,1,1,0,494,2,148,2,1,1,,0,3274
Virginia,51,VA,61,3,South,1,,1,1,0,339,1,0,6,1,1,,0,4024
Virginia,51,VA,75,3,South,1,,1,3,0,291,2,0,5,1,1,,0,3246
Virginia,51,VA,83,3,South,1,,1,3,.0002844,99999,1,0,1,1,1,,0,2731
Virginia,51,VA,93,3,South,1,,1,1,.0093202,99999,2,0,5,1,1,,0,2690
Virginia,51,VA,109,3,South,1,,1,2,0,348,1,0,5,1,1,,0,3251
Virginia,51,VA,109,3,South,1,,1,2,0,889,3,0,5,1,1,,0,3269
Virginia,51,VA,109,3,South,1,,1,1,0,177,2,47,5,1,1,,1,4017
Virginia,51,VA,137,3,South,1,,1,2,0,253,1,275,2,1,1,,1,4014
Virginia,51,VA,139,3,South,1,,1,1,0,1105,2,0,3,1,1,,0,4043
Virginia,51,VA,141,3,South,1,,4,3,0,1781,2,164,2,1,1,,0,10816
Virginia,51,VA,143,3,South,1,,1,1,0,734,1,336,2,1,1,,0,2747
Virginia,51,VA,143,3,South,1,,1,3,0,99999,1,0,1,1,1,,0,2749
Virginia,51,VA,159,3,South,1,,1,3,.0065733,40,1,0,5,1,1,,0,3977
Virginia,51,VA,163,3,South,1,,1,2,0,1163,2,0,3,1,1,,0,3287
Virginia,51,VA,165,3,South,1,,1,3,0,1590,3,320,2,1,1,,1,4045
Virginia,51,VA,169,3,South,1,,1,3,0,1500,2,75,2,1,1,,1,2805
Virginia,51,VA,181,3,South,1,,1,1,0,148,1,0,5,1,1,,0,3223
Virginia,51,VA,191,3,South,1,,1,1,0,2052,2,0,3,1,1,,0,2806
Virginia,51,VA,197,3,South,1,,1,3,.0025651,2198,2,0,3,1,1,,0,2772
