LAST_UPDATE,STATE,STATE_DESCR,STATE_ABBREV,COUNTY,FHM_REGION,FHM_REGION_DESCR,PROJECT,PROJECT_DESCR,MEASUREMENT_TYPE,PANEL,OVERLAP,HIERARCHIAL_ID,GRID_INTENSIFICATION,ECOREGION_CODE,HEXAGON_NBR,PLOT_NBR,PLOT_STATUS,PLOT_STATUS_DESCR,PROJECT_TYPE,QA_STATUS,QA_STATUS_DESCR,ELEVATION_CLASS,INCLUSION_PROBABILITY,LAST_PLOT_MENS_YEAR,LAST_PLOT_TALLY_YEAR,LAST_PLOT_VISIT_YEAR,PREVIOUS_VISIT_YEAR,PLOT_COND_CLASS_YEAR,COND_CLASS_YEAR,PLOT_ENTRANCE_YEAR,PLOT_EXIT_YEAR,PLOT_EXIT_REASON,MONTH,DAY,YEAR,CREW_TALLY1,CREW_TALLY2,CREW_TALLY3,CREW_TALLY4,CREW_TALLY5,CREW_TYPE_1994,CREW_TYPE_1994_DESCR,DISTURB_YEAR1,PAST_DISTURB1_1997,DISTURB_YEAR2,PAST_DISTURB2_1997,DISTURB_YEAR3,PAST_DISTURB3_1997,CNTR_LAND_USE_1,CNTR_LAND_USE_2,CNTR_LAND_USE_3,CNTR_LAND_USE_4,ELEVATION,P3ID
26-JUL-2007,51,Virginia,VA,1,2,Southeast,1,Detection Monitoring (on-frame),0,2,8,,0,-232A,,1,2,= entire plot nonforest,,1,standard field plot,0,,2001,2001,2001,1995,1991,1991,1991,,,JULY,29,1997,1551004,1551005,,,,1,Standard field crew,,,,,,,9,9,9,9,,3219
26-JUL-2007,51,Virginia,VA,3,2,Southeast,1,Detection Monitoring (on-frame),0,2,8,,0,M221D,,1,2,= entire plot nonforest,,1,standard field plot,5,,2001,2001,2001,1995,1991,1991,1991,,,JUNE,23,1997,1551001,1551002,,,,1,Standard field crew,,,,,,,2,3,3,3,,4034
26-JUL-2007,51,Virginia,VA,15,2,Southeast,1,Detection Monitoring (on-frame),0,2,7,,0,M221A,,1,2,= entire plot nonforest,,1,standard field plot,17,,2001,2001,2001,1995,1991,1991,1991,,,JUNE,23,1997,1551001,,,,,1,Standard field crew,,,,,,,3,3,3,3,,4052
26-JUL-2007,51,Virginia,VA,17,2,Southeast,1,Detection Monitoring (on-frame),3,2,9,,0,M221A,,1,1,= at least one forest condition,,1,standard field plot,20,,2001,2001,2001,1995,2001,1997,1991,,,JULY,7,1997,1551002,1551003,,,,1,Standard field crew,,,,,,,,,,,,3290
26-JUL-2007,51,Virginia,VA,19,2,Southeast,1,Detection Monitoring (on-frame),0,2,9,,0,-231A,,1,2,= entire plot nonforest,,1,standard field plot,9,,2001,2001,2001,1995,1991,1991,1991,,,JUNE,26,1997,1551002,1551003,,,,1,Standard field crew,,,,,,,2,2,2,2,,3271
26-JUL-2007,51,Virginia,VA,19,2,Southeast,1,Detection Monitoring (on-frame),3,2,8,,0,M221A,,1,1,= at least one forest condition,,1,standard field plot,13,,2001,2001,2001,1995,1997,1997,1991,,,JUNE,24,1997,1551002,1551003,,,,1,Standard field crew,,,,,,,,,,,,3283
26-JUL-2007,51,Virginia,VA,25,2,Southeast,1,Detection Monitoring (on-frame),0,2,7,,0,-231A,,1,2,= entire plot nonforest,,1,standard field plot,4,,2001,2001,2001,1995,1991,1991,1991,,,JUNE,3,1997,1551001,,,,,1,Standard field crew,,,,,,,2,2,2,2,,2726
26-JUL-2007,51,Virginia,VA,27,2,Southeast,1,Detection Monitoring (on-frame),3,2,7,,0,M221C,,1,1,= at least one forest condition,,1,standard field plot,20,,2001,2001,2001,1995,2001,1997,1991,,,JULY,16,1997,1551002,1551003,,,,1,Standard field crew,,,,,,,,,,,,3317
26-JUL-2007,51,Virginia,VA,29,2,Southeast,1,Detection Monitoring (on-frame),3,2,9,,0,-231A,,1,1,= at least one forest condition,,1,standard field plot,5,,2001,2001,2001,1995,2001,1997,1991,,,JUNE,23,1997,1551004,1551005,,,,1,Standard field crew,,,,,,,,,,,,3265
26-JUL-2007,51,Virginia,VA,31,2,Southeast,1,Detection Monitoring (on-frame),3,2,7,,0,-231A,,1,1,= at least one forest condition,,1,standard field plot,5,,2001,2001,2001,1995,2001,1997,1991,,,JULY,30,1997,1551002,1551003,,,,1,Standard field crew,,,,,,,,,,,,3274
26-JUL-2007,51,Virginia,VA,33,2,Southeast,1,Detection Monitoring (on-frame),0,1,4,,0,-231A,,1,2,= entire plot nonforest,,1,standard field plot,1,,2000,2000,2000,1995,2000,1991,1991,,,JULY,2,1997,1551004,1551005,,,,1,Standard field crew,,,,,,,7,7,7,7,,3250
26-JUL-2007,51,Virginia,VA,33,2,Southeast,1,Detection Monitoring (on-frame),3,2,7,,0,-231A,,1,1,= at least one forest condition,,1,standard field plot,1,,2001,2001,2001,1995,2001,1997,1991,,,JULY,14,1997,1551004,1551005,,,,1,Standard field crew,,,,,,,,,,,,4013
26-JUL-2007,51,Virginia,VA,35,2,Southeast,1,Detection Monitoring (on-frame),3,1,4,,0,M221D,,1,1,= at least one forest condition,,1,standard field plot,23,,2000,2000,2000,1995,2000,1997,1991,,,JULY,25,1997,1551002,1551003,,,,1,Standard field crew,,,,,,,,,,,,2766
26-JUL-2007,51,Virginia,VA,36,2,Southeast,1,Detection Monitoring (on-frame),3,2,7,,0,-232A,,1,1,= at least one forest condition,,1,standard field plot,1,,2001,2001,2001,1995,2001,1997,1991,,,JULY,15,1997,1551004,1551005,,,,1,Standard field crew,,,,,,,,,,,,3237
26-JUL-2007,51,Virginia,VA,37,2,Southeast,1,Detection Monitoring (on-frame),3,2,9,,0,-231A,,1,1,= at least one forest condition,,1,standard field plot,1,,2001,2001,2001,1995,2001,1997,1991,,,JUNE,30,1997,1551004,1551005,,,,1,Standard field crew,,,,,,,,,,,,2728
26-JUL-2007,51,Virginia,VA,41,2,Southeast,1,Detection Monitoring (on-frame),3,2,9,,0,-231A,,1,1,= at least one forest condition,,1,standard field plot,3,,2001,2001,2001,1995,2001,1997,1991,,,JULY,23,1997,1551004,1551005,,,,1,Standard field crew,,,,,,,,,,,,3239
26-JUL-2007,51,Virginia,VA,45,2,Southeast,1,Detection Monitoring (on-frame),3,2,7,,0,M221A,,1,1,= at least one forest condition,,1,standard field plot,0,,2001,2001,2001,1995,2001,1997,1991,,,JUNE,25,1997,1551002,1551003,,,,1,Standard field crew,,,,,,,,,,,,3297
26-JUL-2007,51,Virginia,VA,49,2,Southeast,1,Detection Monitoring (on-frame),3,1,4,,0,-231A,,1,1,= at least one forest condition,,1,standard field plot,5,,1997,1997,1997,1995,1997,1997,1991,,,JUNE,24,1997,1551004,1551005,,,,1,Standard field crew,,,,,,,,,,,,3259
26-JUL-2007,51,Virginia,VA,49,2,Southeast,1,Detection Monitoring (on-frame),3,2,7,,0,-231A,,1,1,= at least one forest condition,,1,standard field plot,3,,2001,2001,2001,1995,2001,1997,1991,,,JUNE,26,1997,1551004,1551005,,,,1,Standard field crew,,,,,,,,,,,,3263
26-JUL-2007,51,Virginia,VA,51,2,Southeast,1,Detection Monitoring (on-frame),0,2,9,,0,M221C,,1,2,= entire plot nonforest,,1,standard field plot,16,,2001,2001,2001,1995,1991,1991,1991,,,JUNE,4,1997,1551001,,,,,1,Standard field crew,,,,,,,7,7,7,7,,3333
26-JUL-2007,51,Virginia,VA,57,2,Southeast,1,Detection Monitoring (on-frame),3,2,9,,0,-232A,,1,1,= at least one forest condition,,1,standard field plot,1,,2001,2001,2001,1995,2001,1997,1991,,,JULY,17,1997,1551004,1551005,,,,1,Standard field crew,,,,,,,,,,,,3230
26-JUL-2007,51,Virginia,VA,61,2,Southeast,1,Detection Monitoring (on-frame),3,2,8,,0,-231A,,1,1,= at least one forest condition,,1,standard field plot,3,,2001,2001,2001,1995,2001,1997,1991,,,JULY,8,1997,1551004,1551005,,,,1,Standard field crew,,,,,,,,,,,,4024
26-JUL-2007,51,Virginia,VA,63,2,Southeast,1,Detection Monitoring (on-frame),3,2,8,,0,M221D,,1,1,= at least one forest condition,,1,standard field plot,26,,2001,2001,2001,1995,2001,1997,1991,,,JULY,8,1997,1551002,1551003,,,,1,Standard field crew,,,,,,,,,,,,3291
26-JUL-2007,51,Virginia,VA,71,2,Southeast,1,Detection Monitoring (on-frame),3,2,9,,0,M221A,,1,1,= at least one forest condition,,1,standard field plot,28,,1997,1997,1997,1995,1997,1997,1991,,,JULY,2,1997,1551002,1551003,,,,1,Standard field crew,,,,,,,,,,,,3299
26-JUL-2007,51,Virginia,VA,73,2,Southeast,1,Detection Monitoring (on-frame),0,2,8,,0,-232A,,1,2,= entire plot nonforest,,1,standard field plot,1,,2001,2001,2001,1995,1991,1991,1991,,,JULY,28,1997,1551004,1551005,,,,1,Standard field crew,,,,,,,7,7,7,7,,3224
26-JUL-2007,51,Virginia,VA,79,2,Southeast,1,Detection Monitoring (on-frame),0,1,4,,0,M221D,,1,2,= entire plot nonforest,,1,standard field plot,7,,,,1997,1995,1991,1991,1991,2000,6,JUNE,23,1997,1551001,1551002,,,,1,Standard field crew,,,,,,,3,3,3,3,,4037
26-JUL-2007,51,Virginia,VA,85,2,Southeast,1,Detection Monitoring (on-frame),3,2,8,,0,-231A,,1,1,= at least one forest condition,,1,standard field plot,1,,2001,2001,2001,1995,2001,1997,1991,,,JULY,25,1997,1551004,1551005,,,,1,Standard field crew,,,,,,,,,,,,3249
26-JUL-2007,51,Virginia,VA,89,2,Southeast,1,Detection Monitoring (on-frame),0,2,7,,0,-231A,,1,2,= entire plot nonforest,,1,standard field plot,7,,2001,2001,2001,1995,1991,1991,1991,,,JUNE,2,1997,1551001,,,,,1,Standard field crew,,,,,,,7,7,7,7,,2748
26-JUL-2007,51,Virginia,VA,91,2,Southeast,1,Detection Monitoring (on-frame),3,2,8,,0,M221A,,1,1,= at least one forest condition,,1,standard field plot,35,,2001,2001,2001,1995,2001,1997,1991,,,JUNE,30,1997,1551002,1551003,,,,1,Standard field crew,,,,,,,,,,,,4062
26-JUL-2007,51,Virginia,VA,93,2,Southeast,1,Detection Monitoring (on-frame),0,2,9,,0,-232A,,1,2,= entire plot nonforest,,1,standard field plot,1,,2001,2001,2001,1995,1991,1991,1991,,,JULY,2,1997,1551004,1551005,,,,1,Standard field crew,,,,,,,2,2,2,2,,2693
26-JUL-2007,51,Virginia,VA,105,2,Southeast,1,Detection Monitoring (on-frame),0,2,9,,0,-221I,,1,2,= entire plot nonforest,,1,standard field plot,14,,2001,2001,2001,1995,1991,1991,1991,,,JUNE,3,1997,1551001,,,,,1,Standard field crew,,,,,,,3,3,3,3,,2823
26-JUL-2007,51,Virginia,VA,107,2,Southeast,1,Detection Monitoring (on-frame),0,2,7,,0,-231A,,1,2,= entire plot nonforest,,1,standard field plot,2,,2001,2001,2001,1995,1991,1991,1991,,,JUNE,26,1997,1551001,,,,,1,Standard field crew,,,,,,,7,7,7,7,,4774
26-JUL-2007,51,Virginia,VA,113,2,Southeast,1,Detection Monitoring (on-frame),3,2,7,,0,M221D,,1,1,= at least one forest condition,,1,standard field plot,25,,2001,2001,2001,1995,2001,1997,1991,,,JULY,31,1997,1551004,1551005,,,,1,Standard field crew,,,,,,,,,,,,4041
26-JUL-2007,51,Virginia,VA,117,2,Southeast,1,Detection Monitoring (on-frame),3,1,4,,0,-231A,,1,1,= at least one forest condition,,1,standard field plot,3,,2000,2000,2000,1995,2000,1997,1991,,,JULY,1,1997,1551004,1551005,,,,1,Standard field crew,,,,,,,,,,,,2724
26-JUL-2007,51,Virginia,VA,131,2,Southeast,1,Detection Monitoring (on-frame),0,2,9,,0,-232A,,1,2,= entire plot nonforest,,1,standard field plot,0,,2001,2001,2001,1995,1991,1991,1991,,,JULY,29,1997,1551004,1551005,,,,1,Standard field crew,,,,,,,2,2,2,2,,3214
26-JUL-2007,51,Virginia,VA,133,2,Southeast,1,Detection Monitoring (on-frame),3,2,7,,0,-232A,,1,1,= at least one forest condition,,1,standard field plot,0,,2001,2001,2001,1995,2001,1997,1991,,,JULY,28,1997,1551004,1551005,,,,1,Standard field crew,,,,,,,,,,,,3228
26-JUL-2007,51,Virginia,VA,141,2,Southeast,1,Detection Monitoring (on-frame),3,2,9,,0,M221D,,1,1,= at least one forest condition,,1,standard field plot,12,,2001,2001,2001,1995,2001,1997,1991,,,JULY,29,1997,1551002,1551003,,,,1,Standard field crew,,,,,,,,,,,,2764
26-JUL-2007,51,Virginia,VA,143,2,Southeast,1,Detection Monitoring (on-frame),0,2,8,,0,-231A,,1,2,= entire plot nonforest,,1,standard field plot,7,,2001,2001,2001,1995,1991,1991,1991,,,JULY,29,1997,1551003,1551002,,,,1,Standard field crew,,,,,,,2,2,2,2,,2746
26-JUL-2007,51,Virginia,VA,143,2,Southeast,1,Detection Monitoring (on-frame),3,1,4,,0,-231A,,1,1,= at least one forest condition,,1,standard field plot,5,,2000,2000,2000,1995,2000,1997,1991,,,JUNE,27,1997,1551002,1551003,,,,1,Standard field crew,,,,,,,,,,,,2749
26-JUL-2007,51,Virginia,VA,147,2,Southeast,1,Detection Monitoring (on-frame),3,2,8,,0,-231A,,1,1,= at least one forest condition,,1,standard field plot,4,,2001,2001,2001,1995,2001,1997,1991,,,JUNE,25,1997,1551004,1551005,,,,1,Standard field crew,,,,,,,,,,,,3254
26-JUL-2007,51,Virginia,VA,149,2,Southeast,1,Detection Monitoring (on-frame),3,1,4,,0,-232A,,1,1,= at least one forest condition,,1,standard field plot,1,,2000,2000,2000,1995,2000,1997,1991,,,JULY,16,1997,1551004,1551005,,,,1,Standard field crew,,,,,,,,,,,,3234
26-JUL-2007,51,Virginia,VA,153,2,Southeast,1,Detection Monitoring (on-frame),3,1,4,,0,-231A,,1,1,= at least one forest condition,,1,standard field plot,5,,2000,2000,2000,1995,2000,1997,1991,,,JULY,9,1997,1551004,1551005,,,,1,Standard field crew,,,,,,,,,,,,4029
26-JUL-2007,51,Virginia,VA,161,2,Southeast,1,Detection Monitoring (on-frame),0,1,4,,0,M221A,,1,2,= entire plot nonforest,,1,standard field plot,11,,2000,2000,2000,1995,2000,1991,1991,,,JUNE,4,1997,1551001,,,,,1,Standard field crew,,,,,,,7,7,7,7,,3295
26-JUL-2007,51,Virginia,VA,163,2,Southeast,1,Detection Monitoring (on-frame),3,1,4,,0,M221A,,1,1,= at least one forest condition,,1,standard field plot,20,,2000,2000,2000,1995,2000,1997,1991,,,JULY,10,1997,1551002,1551003,,,,1,Standard field crew,,,,,,,,,,,,3286
26-JUL-2007,51,Virginia,VA,165,2,Southeast,1,Detection Monitoring (on-frame),0,2,9,,0,M221A,,1,2,= entire plot nonforest,,1,standard field plot,15,,2001,2001,2001,1995,1991,1991,1991,,,JUNE,23,1997,1551001,,,,,1,Standard field crew,,,,,,,3,3,3,3,,4040
26-JUL-2007,51,Virginia,VA,167,2,Southeast,1,Detection Monitoring (on-frame),1,1,4,,0,M221C,,1,1,= at least one forest condition,,1,standard field plot,7,,2000,2000,2000,1995,2000,1997,1991,,,JULY,15,1997,1551002,1551003,,,,1,Standard field crew,,,,,,,,,,,,3312
26-JUL-2007,51,Virginia,VA,169,2,Southeast,1,Detection Monitoring (on-frame),0,2,7,,0,M221A,,1,2,= entire plot nonforest,,1,standard field plot,14,,2001,2001,2001,1995,1991,1991,1991,,,JUNE,3,1997,1551001,,,,,1,Standard field crew,,,,,,,3,3,3,3,,2804
26-JUL-2007,51,Virginia,VA,173,2,Southeast,1,Detection Monitoring (on-frame),3,2,9,,0,M221A,,1,1,= at least one forest condition,,1,standard field plot,27,,2001,2001,2001,1995,2001,1997,1991,,,JULY,24,1997,1551002,1551003,,,,1,Standard field crew,,,,,,,,,,,,2791
26-JUL-2007,51,Virginia,VA,177,2,Southeast,1,Detection Monitoring (on-frame),0,2,9,,0,-231A,,1,2,= entire plot nonforest,,1,standard field plot,4,,2001,2001,2001,1995,1991,1991,1991,,,JUNE,23,1997,1551001,1551002,,,,1,Standard field crew,,,,,,,9,9,9,9,,4015
26-JUL-2007,51,Virginia,VA,183,2,Southeast,1,Detection Monitoring (on-frame),3,2,8,,0,-232A,,1,1,= at least one forest condition,,1,standard field plot,1,,2001,2001,2001,1995,2001,1997,1991,,,JULY,24,1997,1551004,1551005,,,,1,Standard field crew,,,,,,,,,,,,2711
26-JUL-2007,51,Virginia,VA,187,2,Southeast,1,Detection Monitoring (on-frame),0,2,9,,0,M221A,,1,3,= entire plot access denied,,1,standard field plot,5,,2001,2001,2001,1995,2001,1995,1991,1997,6,JULY,10,1997,1551004,1551005,,,,1,Standard field crew,,,,,,,10,10,10,10,,4047
26-JUL-2007,51,Virginia,VA,187,2,Southeast,1,Detection Monitoring (on-frame),1,2,9,,0,M221A,,2,1,= at least one forest condition,,1,standard field plot,2,,1997,1997,1997,1995,1997,1997,1997,,,JULY,10,1997,1551004,1551005,,,,1,Standard field crew,,,,,,,,,,,,4048
26-JUL-2007,51,Virginia,VA,191,2,Southeast,1,Detection Monitoring (on-frame),3,2,8,,0,M221A,,1,1,= at least one forest condition,,1,standard field plot,25,,2001,2001,2001,1995,2001,1997,1991,,,JULY,17,1997,1551002,1551003,,,,1,Standard field crew,,,,,,,,,,,,2806
26-JUL-2007,51,Virginia,VA,197,2,Southeast,1,Detection Monitoring (on-frame),0,2,7,,0,M221A,,1,2,= entire plot nonforest,,1,standard field plot,22,,2001,2001,2001,1995,1991,1991,1991,,,JUNE,4,1997,1551001,,,,,1,Standard field crew,,,,,,,3,3,3,3,,2772
26-JUL-2007,51,Virginia,VA,550,2,Southeast,1,Detection Monitoring (on-frame),0,1,4,,0,-232A,,1,2,= entire plot nonforest,,1,standard field plot,0,,2000,2000,2000,1995,2000,1991,1991,,,JULY,29,1997,1551004,1551005,,,,1,Standard field crew,,,,,,,9,9,9,9,,2691
26-JUL-2007,51,Virginia,VA,550,2,Southeast,1,Detection Monitoring (on-frame),3,2,8,,0,-232A,,1,1,= at least one forest condition,,1,standard field plot,1,,2001,2001,2001,1995,2001,1997,1991,,,JULY,30,1997,1551004,1551005,,,,1,Standard field crew,,,,,,,,,,,,2688
