LAST_UPDATE,STATE,STATE_DESCR,STATE_ABBREV,COUNTY,PROJECT,PROJECT_DESCR,HEXAGON_NBR,PLOT_NBR,CONDITION_CLASS_NBR,LAND_USE_CLASS,LAND_USE_CLASS_DESCR,FOREST_TYPE,FOREST_TYPE_DESCR,PLOT_AREA_PCT,STAND_AGE,STAND_ORIGIN,STAND_SIZE_CLASS,DISTURB_YEAR1,PAST_DISTURB1,DISTURB_YEAR2,PAST_DISTURB2,DISTURB_YEAR3,PAST_DISTURB3,CONDITION_CLASS_CHANGE,P3ID
26-JUL-2007,51,Virginia,VA,1,1,Detection Monitoring (on-frame),,1,1,1,Timberland,310,Loblolly pine,100,8,2,3,,,,,,,0,3216
26-JUL-2007,51,Virginia,VA,3,1,Detection Monitoring (on-frame),,1,1,1,Timberland,520,Chestnut oak,100,66,1,1,,,,,,,0,3267
26-JUL-2007,51,Virginia,VA,5,1,Detection Monitoring (on-frame),,1,1,1,Timberland,540,White oak,100,86,1,1,,,,,,,0,3285
26-JUL-2007,51,Virginia,VA,5,1,Detection Monitoring (on-frame),,1,1,1,Timberland,520,Chestnut oak,100,76,1,1,,,,,,,0,3303
26-JUL-2007,51,Virginia,VA,5,1,Detection Monitoring (on-frame),,1,1,1,Timberland,520,Chestnut oak,100,64,1,2,,,,,,,0,3307
26-JUL-2007,51,Virginia,VA,7,1,Detection Monitoring (on-frame),,1,1,1,Timberland,310,Loblolly pine,50,25,2,2,,,,,,,0,3257
26-JUL-2007,51,Virginia,VA,7,1,Detection Monitoring (on-frame),,1,2,1,Timberland,530,White oak-red oak-hickory,50,33,1,2,1995,4,,,,,0,3257
26-JUL-2007,51,Virginia,VA,9,1,Detection Monitoring (on-frame),,1,1,10,Access denied,,,100,,,,,,,,,,1,3281
26-JUL-2007,51,Virginia,VA,11,1,Detection Monitoring (on-frame),,1,1,10,Access denied,,,100,,,,,,,,,,1,3261
26-JUL-2007,51,Virginia,VA,15,1,Detection Monitoring (on-frame),,1,1,1,Timberland,530,White oak-red oak-hickory,100,97,1,1,,,,,,,0,4035
26-JUL-2007,51,Virginia,VA,15,1,Detection Monitoring (on-frame),,1,1,1,Timberland,330,Virginia pine,100,69,1,1,,,,,,,0,4055
26-JUL-2007,51,Virginia,VA,15,1,Detection Monitoring (on-frame),,1,1,1,Timberland,520,Chestnut oak,75,90,1,2,1995,12,,,,,1,4061
26-JUL-2007,51,Virginia,VA,15,1,Detection Monitoring (on-frame),,1,2,11,Dangerous unsafe conditions,,,25,,,,,,,,,,1,4061
26-JUL-2007,51,Virginia,VA,17,1,Detection Monitoring (on-frame),,1,1,1,Timberland,520,Chestnut oak,100,80,1,1,,,,,,,0,3290
26-JUL-2007,51,Virginia,VA,17,1,Detection Monitoring (on-frame),,1,1,1,Timberland,530,White oak-red oak-hickory,100,92,1,1,1993,12,,,,,0,4057
26-JUL-2007,51,Virginia,VA,19,1,Detection Monitoring (on-frame),,1,1,1,Timberland,520,Chestnut oak,100,64,1,1,,,,,,,0,3279
26-JUL-2007,51,Virginia,VA,19,1,Detection Monitoring (on-frame),,1,1,1,Timberland,520,Chestnut oak,100,81,1,2,1993,13,,,,,0,3283
26-JUL-2007,51,Virginia,VA,21,1,Detection Monitoring (on-frame),,1,1,1,Timberland,450,Virginia pine-southern red oak,100,60,1,1,,,,,,,0,3313
26-JUL-2007,51,Virginia,VA,23,1,Detection Monitoring (on-frame),,1,1,1,Timberland,520,Chestnut oak,100,84,1,1,1994,12,,,,,0,3284
26-JUL-2007,51,Virginia,VA,25,1,Detection Monitoring (on-frame),,1,1,1,Timberland,310,Loblolly pine,100,20,2,3,,,,,,,0,2712
26-JUL-2007,51,Virginia,VA,27,1,Detection Monitoring (on-frame),,1,1,1,Timberland,530,White oak-red oak-hickory,100,66,1,1,,,,,,,0,3317
26-JUL-2007,51,Virginia,VA,27,1,Detection Monitoring (on-frame),,1,1,11,Dangerous unsafe conditions,,,100,,,,,,,,,,1,3332
26-JUL-2007,51,Virginia,VA,27,1,Detection Monitoring (on-frame),,1,1,1,Timberland,530,White oak-red oak-hickory,100,72,1,1,,,,,,,0,3337
26-JUL-2007,51,Virginia,VA,29,1,Detection Monitoring (on-frame),,1,1,1,Timberland,580,Black locust,45.314175,16,1,3,,,,,,,0,3260
26-JUL-2007,51,Virginia,VA,29,1,Detection Monitoring (on-frame),,1,2,1,Timberland,310,Loblolly pine,4.685825,8,2,3,,,,,,,0,3260
26-JUL-2007,51,Virginia,VA,29,1,Detection Monitoring (on-frame),,1,3,1,Timberland,720,River birch-sycamore,50,75,1,1,1995,16,,,,,0,3260
26-JUL-2007,51,Virginia,VA,29,1,Detection Monitoring (on-frame),,1,1,1,Timberland,560,Yellow-poplar-white oak-n. red oak,91.955625,39,1,2,1995,16,,,,,0,3265
26-JUL-2007,51,Virginia,VA,29,1,Detection Monitoring (on-frame),,1,2,1,Timberland,530,White oak-red oak-hickory,8.044375,85,1,1,,,,,,,0,3265
26-JUL-2007,51,Virginia,VA,31,1,Detection Monitoring (on-frame),,1,1,1,Timberland,330,Virginia pine,75.390475,37,1,2,1995,13,,,,,0,3274
26-JUL-2007,51,Virginia,VA,31,1,Detection Monitoring (on-frame),,1,2,5,Idle farmland,,,24.609525,,,,,,,,,,0,3274
26-JUL-2007,51,Virginia,VA,31,1,Detection Monitoring (on-frame),,1,1,1,Timberland,330,Virginia pine,100,54,1,2,1994,13,,,,,0,3275
26-JUL-2007,51,Virginia,VA,31,1,Detection Monitoring (on-frame),,1,1,1,Timberland,530,White oak-red oak-hickory,75,61,1,1,,,,,,,0,3276
26-JUL-2007,51,Virginia,VA,31,1,Detection Monitoring (on-frame),,1,2,7,Urban and other development,,,25,,,,,,,,,,0,3276
26-JUL-2007,51,Virginia,VA,33,1,Detection Monitoring (on-frame),,1,1,1,Timberland,562,Sweetgum-yellow-popular,54.28635,5,1,3,1992,1,,,,,0,4012
26-JUL-2007,51,Virginia,VA,33,1,Detection Monitoring (on-frame),,1,2,1,Timberland,310,Loblolly pine,25,21,2,2,,,,,,,0,4012
26-JUL-2007,51,Virginia,VA,33,1,Detection Monitoring (on-frame),,1,3,2,Cropland,,,20.71365,,,,,,,,,,0,4012
26-JUL-2007,51,Virginia,VA,33,1,Detection Monitoring (on-frame),,1,1,1,Timberland,562,Sweetgum-yellow-popular,100,50,1,1,,,,,,,1,4013
26-JUL-2007,51,Virginia,VA,35,1,Detection Monitoring (on-frame),,1,1,5,Idle farmland,,,55.42085,,,,,,,,,,0,2766
26-JUL-2007,51,Virginia,VA,35,1,Detection Monitoring (on-frame),,1,2,1,Timberland,30,White pine,19.57915,21,2,3,,,,,,,0,2766
26-JUL-2007,51,Virginia,VA,35,1,Detection Monitoring (on-frame),,1,3,1,Timberland,530,White oak-red oak-hickory,25,25,1,2,,,,,,,0,2766
26-JUL-2007,51,Virginia,VA,36,1,Detection Monitoring (on-frame),,1,1,1,Timberland,562,Sweetgum-yellow-popular,57.7967,20,1,2,,,,,,,1,3237
26-JUL-2007,51,Virginia,VA,36,1,Detection Monitoring (on-frame),,1,2,1,Timberland,310,Loblolly pine,25,8,2,3,,,,,,,0,3237
26-JUL-2007,51,Virginia,VA,36,1,Detection Monitoring (on-frame),,1,3,2,Cropland,,,17.2033,,,,,,,,,,1,3237
26-JUL-2007,51,Virginia,VA,37,1,Detection Monitoring (on-frame),,1,1,1,Timberland,530,White oak-red oak-hickory,100,16,1,3,,,,,,,0,2728
26-JUL-2007,51,Virginia,VA,37,1,Detection Monitoring (on-frame),,1,1,7,Urban and other development,,,75,,,,,,,,,,0,3253
26-JUL-2007,51,Virginia,VA,37,1,Detection Monitoring (on-frame),,1,2,1,Timberland,350,Eastern redcedar,25,11,1,3,,,,,,,0,3253
26-JUL-2007,51,Virginia,VA,41,1,Detection Monitoring (on-frame),,1,1,1,Timberland,590,Mixed central hardwood,75,24,1,3,,,,,,,0,3238
26-JUL-2007,51,Virginia,VA,41,1,Detection Monitoring (on-frame),,1,2,1,Timberland,310,Loblolly pine,25,37,2,2,,,,,,,0,3238
26-JUL-2007,51,Virginia,VA,41,1,Detection Monitoring (on-frame),,1,1,1,Timberland,310,Loblolly pine,100,20,2,2,,,,,,,0,3239
26-JUL-2007,51,Virginia,VA,41,1,Detection Monitoring (on-frame),,1,1,1,Timberland,530,White oak-red oak-hickory,63.90165,70,1,1,1993,16,,,,,0,3244
26-JUL-2007,51,Virginia,VA,41,1,Detection Monitoring (on-frame),,1,2,7,Urban and other development,,,36.09835,,,,,,,,,,0,3244
26-JUL-2007,51,Virginia,VA,45,1,Detection Monitoring (on-frame),,1,1,1,Timberland,520,Chestnut oak,100,60,1,2,,,,,,,,3297
26-JUL-2007,51,Virginia,VA,45,1,Detection Monitoring (on-frame),,1,1,1,Timberland,520,Chestnut oak,100,34,1,2,,,,,,,0,3298
26-JUL-2007,51,Virginia,VA,47,1,Detection Monitoring (on-frame),,1,1,1,Timberland,450,Virginia pine-southern red oak,75,40,1,1,,,,,,,0,4025
26-JUL-2007,51,Virginia,VA,47,1,Detection Monitoring (on-frame),,1,2,1,Timberland,330,Virginia pine,25,25,1,3,,,,,,,0,4025
26-JUL-2007,51,Virginia,VA,49,1,Detection Monitoring (on-frame),,1,1,1,Timberland,590,Mixed central hardwood,68.7083,50,1,1,,,,,,,0,3259
26-JUL-2007,51,Virginia,VA,49,1,Detection Monitoring (on-frame),,1,2,7,Urban and other development,,,6.2917,,,,,,,,,,0,3259
26-JUL-2007,51,Virginia,VA,49,1,Detection Monitoring (on-frame),,1,3,1,Timberland,562,Sweetgum-yellow-popular,25,20,1,3,,,,,,,0,3259
26-JUL-2007,51,Virginia,VA,49,1,Detection Monitoring (on-frame),,1,1,1,Timberland,562,Sweetgum-yellow-popular,75,25,1,2,1994,13,1995,16,,,1,3263
26-JUL-2007,51,Virginia,VA,49,1,Detection Monitoring (on-frame),,1,2,1,Timberland,562,Sweetgum-yellow-popular,25,4,1,3,1994,13,,,,,1,3263
26-JUL-2007,51,Virginia,VA,51,1,Detection Monitoring (on-frame),,1,1,7,Urban and other development,,,50,,,,,,,,,,0,2809
26-JUL-2007,51,Virginia,VA,51,1,Detection Monitoring (on-frame),,1,2,1,Timberland,530,White oak-red oak-hickory,25,63,1,1,,,,,,,0,2809
26-JUL-2007,51,Virginia,VA,51,1,Detection Monitoring (on-frame),,1,3,1,Timberland,998,Indeterminate,25,45,1,1,,,,,,,0,2809
26-JUL-2007,51,Virginia,VA,53,1,Detection Monitoring (on-frame),,1,1,1,Timberland,310,Loblolly pine,100,12,2,2,1993,2,,,,,1,3232
26-JUL-2007,51,Virginia,VA,57,1,Detection Monitoring (on-frame),,1,1,1,Timberland,310,Loblolly pine,100,2,2,3,1993,8,1992,2,,,1,3230
26-JUL-2007,51,Virginia,VA,61,1,Detection Monitoring (on-frame),,1,1,1,Timberland,999,Nonstocked,100,0,1,4,1993,12,1995,9,1992,1,1,4024
26-JUL-2007,51,Virginia,VA,63,1,Detection Monitoring (on-frame),,1,1,1,Timberland,30,White pine,100,54,2,1,,,,,,,1,3291
26-JUL-2007,51,Virginia,VA,65,1,Detection Monitoring (on-frame),,1,1,1,Timberland,450,Virginia pine-southern red oak,90.779175,47,1,2,,,,,,,0,3270
26-JUL-2007,51,Virginia,VA,65,1,Detection Monitoring (on-frame),,1,2,1,Timberland,310,Loblolly pine,9.220825,13,2,3,,,,,,,0,3270
26-JUL-2007,51,Virginia,VA,69,1,Detection Monitoring (on-frame),,1,1,1,Timberland,520,Chestnut oak,75,95,1,1,1993,12,1994,12,1995,12,0,4806
26-JUL-2007,51,Virginia,VA,69,1,Detection Monitoring (on-frame),,1,2,1,Timberland,530,White oak-red oak-hickory,25,40,1,2,1993,12,1994,12,1995,12,0,4806
26-JUL-2007,51,Virginia,VA,71,1,Detection Monitoring (on-frame),,1,1,1,Timberland,520,Chestnut oak,100,91,1,1,,,,,,,0,3299
26-JUL-2007,51,Virginia,VA,75,1,Detection Monitoring (on-frame),,1,1,1,Timberland,330,Virginia pine,75,42,1,1,1993,12,,,,,0,3246
26-JUL-2007,51,Virginia,VA,75,1,Detection Monitoring (on-frame),,1,2,1,Timberland,530,White oak-red oak-hickory,25,70,1,1,1995,3,,,,,1,3246
26-JUL-2007,51,Virginia,VA,77,1,Detection Monitoring (on-frame),,1,1,1,Timberland,560,Yellow-poplar-white oak-n. red oak,100,42,1,2,,,,,,,0,2786
26-JUL-2007,51,Virginia,VA,81,1,Detection Monitoring (on-frame),,1,1,1,Timberland,562,Sweetgum-yellow-popular,50.19275,4,1,3,,,,,,,0,2707
26-JUL-2007,51,Virginia,VA,81,1,Detection Monitoring (on-frame),,1,2,7,Urban and other development,,,25,,,,,,,,,,0,2707
26-JUL-2007,51,Virginia,VA,81,1,Detection Monitoring (on-frame),,1,3,9,Water,,,24.80725,,,,,,,,,,1,2707
26-JUL-2007,51,Virginia,VA,83,1,Detection Monitoring (on-frame),,1,1,1,Timberland,720,River birch-sycamore,59.6163,64,1,3,,,,,,,0,2729
26-JUL-2007,51,Virginia,VA,83,1,Detection Monitoring (on-frame),,1,2,7,Urban and other development,,,40.3837,,,,,,,,,,0,2729
26-JUL-2007,51,Virginia,VA,83,1,Detection Monitoring (on-frame),,1,1,1,Timberland,560,Yellow-poplar-white oak-n. red oak,100,66,1,1,,,,,,,0,2731
26-JUL-2007,51,Virginia,VA,85,1,Detection Monitoring (on-frame),,1,1,1,Timberland,998,Indeterminate,100,1,1,3,1993,1,1995,8,,,1,3249
26-JUL-2007,51,Virginia,VA,91,1,Detection Monitoring (on-frame),,1,1,1,Timberland,550,Northern red oak,100,60,1,1,1995,3,,,,,0,4062
26-JUL-2007,51,Virginia,VA,93,1,Detection Monitoring (on-frame),,1,1,1,Timberland,310,Loblolly pine,50,9,1,3,,,,,,,0,2690
26-JUL-2007,51,Virginia,VA,93,1,Detection Monitoring (on-frame),,1,2,7,Urban and other development,,,25,,,,,,,,,,0,2690
26-JUL-2007,51,Virginia,VA,93,1,Detection Monitoring (on-frame),,1,3,1,Timberland,460,Loblolly pine-hardwood,25,74,1,1,,,,,,,0,2690
26-JUL-2007,51,Virginia,VA,95,1,Detection Monitoring (on-frame),,1,1,1,Timberland,564,Yellow-popular,50,100,1,1,1994,3,,,,,0,3225
26-JUL-2007,51,Virginia,VA,95,1,Detection Monitoring (on-frame),,1,2,1,Timberland,310,Loblolly pine,15.248875,33,1,2,,,,,,,0,3225
26-JUL-2007,51,Virginia,VA,95,1,Detection Monitoring (on-frame),,1,3,2,Cropland,,,9.751125,,,,,,,,,,0,3225
26-JUL-2007,51,Virginia,VA,95,1,Detection Monitoring (on-frame),,1,4,7,Urban and other development,,,25,,,,,,,,,,1,3225
26-JUL-2007,51,Virginia,VA,97,1,Detection Monitoring (on-frame),,1,1,1,Timberland,460,Loblolly pine-hardwood,100,35,1,1,,,,,,,1,3227
26-JUL-2007,51,Virginia,VA,101,1,Detection Monitoring (on-frame),,1,1,1,Timberland,560,Yellow-poplar-white oak-n. red oak,100,10,1,3,,,,,,,0,3248
26-JUL-2007,51,Virginia,VA,105,1,Detection Monitoring (on-frame),,1,1,1,Timberland,592,Sassafras-persimmon,75,16,1,3,,,,,,,0,2805
26-JUL-2007,51,Virginia,VA,105,1,Detection Monitoring (on-frame),,1,2,1,Timberland,560,Yellow-poplar-white oak-n. red oak,25,29,1,2,,,,,,,0,2805
26-JUL-2007,51,Virginia,VA,109,1,Detection Monitoring (on-frame),,1,1,1,Timberland,560,Yellow-poplar-white oak-n. red oak,75,65,1,1,1995,4,,,,,0,3251
26-JUL-2007,51,Virginia,VA,109,1,Detection Monitoring (on-frame),,1,2,1,Timberland,330,Virginia pine,25,65,1,1,,,,,,,1,3251
26-JUL-2007,51,Virginia,VA,109,1,Detection Monitoring (on-frame),,1,1,1,Timberland,560,Yellow-poplar-white oak-n. red oak,100,60,1,1,,,,,,,0,3269
26-JUL-2007,51,Virginia,VA,111,1,Detection Monitoring (on-frame),,1,1,1,Timberland,310,Loblolly pine,100,1,2,3,1994,1,1995,6,1995,8,1,3252
26-JUL-2007,51,Virginia,VA,113,1,Detection Monitoring (on-frame),,1,1,1,Timberland,520,Chestnut oak,100,80,1,1,1993,12,1994,12,1995,12,0,4041
26-JUL-2007,51,Virginia,VA,117,1,Detection Monitoring (on-frame),,1,1,1,Timberland,720,River birch-sycamore,11.528775,19,1,3,,,,,,,0,2722
26-JUL-2007,51,Virginia,VA,117,1,Detection Monitoring (on-frame),,1,2,1,Timberland,530,White oak-red oak-hickory,38.471225,84,1,1,,,,,,,1,2722
26-JUL-2007,51,Virginia,VA,117,1,Detection Monitoring (on-frame),,1,3,9,Water,,,25,,,,,,,,,,0,2722
26-JUL-2007,51,Virginia,VA,117,1,Detection Monitoring (on-frame),,1,4,1,Timberland,720,River birch-sycamore,25,23,1,2,,,,,,,0,2722
26-JUL-2007,51,Virginia,VA,117,1,Detection Monitoring (on-frame),,1,1,1,Timberland,310,Loblolly pine,100,19,1,2,,,,,,,0,2724
26-JUL-2007,51,Virginia,VA,117,1,Detection Monitoring (on-frame),,1,1,1,Timberland,590,Mixed central hardwood,100,2,1,3,1993,1,,,,,1,2727
26-JUL-2007,51,Virginia,VA,125,1,Detection Monitoring (on-frame),,1,1,1,Timberland,560,Yellow-poplar-white oak-n. red oak,100,35,1,1,,,,,,,0,3268
26-JUL-2007,51,Virginia,VA,133,1,Detection Monitoring (on-frame),,1,1,7,Urban and other development,,,50,,,,,,,,,,0,3228
26-JUL-2007,51,Virginia,VA,133,1,Detection Monitoring (on-frame),,1,2,1,Timberland,564,Yellow-popular,25,75,1,1,1995,15,,,,,0,3228
26-JUL-2007,51,Virginia,VA,133,1,Detection Monitoring (on-frame),,1,3,2,Cropland,,,25,,,,,,,,,,0,3228
26-JUL-2007,51,Virginia,VA,135,1,Detection Monitoring (on-frame),,1,1,1,Timberland,530,White oak-red oak-hickory,75,74,1,1,1995,14,,,,,0,3233
26-JUL-2007,51,Virginia,VA,135,1,Detection Monitoring (on-frame),,1,2,1,Timberland,310,Loblolly pine,25,51,1,1,1995,14,,,,,0,3233
26-JUL-2007,51,Virginia,VA,137,1,Detection Monitoring (on-frame),,1,1,1,Timberland,450,Virginia pine-southern red oak,100,46,1,1,1993,15,1994,12,1995,15,0,4017
26-JUL-2007,51,Virginia,VA,139,1,Detection Monitoring (on-frame),,1,1,1,Timberland,520,Chestnut oak,100,30,1,1,,,,,,,0,4043
26-JUL-2007,51,Virginia,VA,141,1,Detection Monitoring (on-frame),,1,1,1,Timberland,530,White oak-red oak-hickory,50,50,1,1,,,,,,,0,2763
26-JUL-2007,51,Virginia,VA,141,1,Detection Monitoring (on-frame),,1,3,1,Timberland,520,Chestnut oak,50,50,1,1,,,,,,,0,2763
26-JUL-2007,51,Virginia,VA,141,1,Detection Monitoring (on-frame),,1,1,1,Timberland,530,White oak-red oak-hickory,100,61,1,1,,,,,,,0,2764
26-JUL-2007,51,Virginia,VA,141,1,Detection Monitoring (on-frame),,1,1,1,Timberland,550,Northern red oak,100,60,1,1,,,,,,,0,2769
26-JUL-2007,51,Virginia,VA,143,1,Detection Monitoring (on-frame),,1,1,1,Timberland,330,Virginia pine,25,16,1,2,1994,1,,,,,,2747
26-JUL-2007,51,Virginia,VA,143,1,Detection Monitoring (on-frame),,1,2,1,Timberland,530,White oak-red oak-hickory,50,42,1,2,1995,2,,,,,,2747
26-JUL-2007,51,Virginia,VA,143,1,Detection Monitoring (on-frame),,1,3,2,Cropland,,,25,,,,,,,,,,,2747
26-JUL-2007,51,Virginia,VA,143,1,Detection Monitoring (on-frame),,1,1,1,Timberland,530,White oak-red oak-hickory,73.4101,81,1,1,,,,,,,0,2749
26-JUL-2007,51,Virginia,VA,143,1,Detection Monitoring (on-frame),,1,2,1,Timberland,310,Loblolly pine,26.5899,9,2,3,,,,,,,0,2749
26-JUL-2007,51,Virginia,VA,143,1,Detection Monitoring (on-frame),,1,1,1,Timberland,999,Nonstocked,75,0,1,4,1994,8,,,,,0,2750
26-JUL-2007,51,Virginia,VA,143,1,Detection Monitoring (on-frame),,1,2,1,Timberland,450,Virginia pine-southern red oak,25,17,1,3,1994,8,1995,15,,,0,2750
26-JUL-2007,51,Virginia,VA,145,1,Detection Monitoring (on-frame),,1,1,1,Timberland,310,Loblolly pine,100,5,2,3,,,,,,,0,3241
26-JUL-2007,51,Virginia,VA,147,1,Detection Monitoring (on-frame),,1,1,1,Timberland,420,Eastern redcedar-hardwood,75,13,1,3,,,,,,,0,3254
26-JUL-2007,51,Virginia,VA,147,1,Detection Monitoring (on-frame),,1,2,1,Timberland,720,River birch-sycamore,25,31,1,2,,,,,,,0,3254
26-JUL-2007,51,Virginia,VA,147,1,Detection Monitoring (on-frame),,1,1,1,Timberland,530,White oak-red oak-hickory,75,64,1,1,,,,,,,,3255
26-JUL-2007,51,Virginia,VA,147,1,Detection Monitoring (on-frame),,1,2,2,Cropland,,,25,,,,,,,,,,,3255
26-JUL-2007,51,Virginia,VA,149,1,Detection Monitoring (on-frame),,1,1,1,Timberland,460,Loblolly pine-hardwood,88.60105,20,1,2,,,,,,,1,3234
26-JUL-2007,51,Virginia,VA,149,1,Detection Monitoring (on-frame),,1,3,1,Timberland,310,Loblolly pine,11.39895,20,2,2,,,,,,,0,3234
26-JUL-2007,51,Virginia,VA,153,1,Detection Monitoring (on-frame),,1,1,10,Access denied,,,100,,,,,,,,,,1,4023
26-JUL-2007,51,Virginia,VA,153,1,Detection Monitoring (on-frame),,1,1,1,Timberland,450,Virginia pine-southern red oak,70.10945,68,1,1,1993,12,1994,12,,,0,4029
26-JUL-2007,51,Virginia,VA,153,1,Detection Monitoring (on-frame),,1,2,7,Urban and other development,,,29.89055,,,,,,,,,,0,4029
26-JUL-2007,51,Virginia,VA,155,1,Detection Monitoring (on-frame),,1,1,1,Timberland,560,Yellow-poplar-white oak-n. red oak,90.249875,50,1,1,,,,,,,,3294
26-JUL-2007,51,Virginia,VA,155,1,Detection Monitoring (on-frame),,1,2,7,Urban and other development,,,9.750125,,,,,,,,,,,3294
26-JUL-2007,51,Virginia,VA,157,1,Detection Monitoring (on-frame),,1,1,10,Access denied,,,100,,,,,,,,,,1,4046
26-JUL-2007,51,Virginia,VA,159,1,Detection Monitoring (on-frame),,1,1,1,Timberland,999,Nonstocked,100,0,1,4,1995,1,,,,,1,3977
26-JUL-2007,51,Virginia,VA,163,1,Detection Monitoring (on-frame),,1,1,1,Timberland,520,Chestnut oak,100,74,1,1,,,,,,,0,3286
26-JUL-2007,51,Virginia,VA,163,1,Detection Monitoring (on-frame),,1,1,1,Timberland,520,Chestnut oak,72.0509,40,1,2,,,,,,,0,3287
26-JUL-2007,51,Virginia,VA,163,1,Detection Monitoring (on-frame),,1,2,5,Idle farmland,,,27.9491,,,,,,,,,,0,3287
26-JUL-2007,51,Virginia,VA,165,1,Detection Monitoring (on-frame),,1,1,1,Timberland,520,Chestnut oak,100,75,1,1,1993,12,1994,12,1995,12,0,4039
26-JUL-2007,51,Virginia,VA,165,1,Detection Monitoring (on-frame),,1,1,1,Timberland,450,Virginia pine-southern red oak,50,45,1,2,1993,12,,,,,0,4045
26-JUL-2007,51,Virginia,VA,165,1,Detection Monitoring (on-frame),,1,2,1,Timberland,410,White pine-n. red oak-white ash,50,45,1,2,1993,12,,,,,0,4045
26-JUL-2007,51,Virginia,VA,171,1,Detection Monitoring (on-frame),,1,1,1,Timberland,520,Chestnut oak,50,54,1,2,,,,,,,0,4050
26-JUL-2007,51,Virginia,VA,171,1,Detection Monitoring (on-frame),,1,2,7,Urban and other development,,,50,,,,,,,,,,0,4050
26-JUL-2007,51,Virginia,VA,173,1,Detection Monitoring (on-frame),,1,1,1,Timberland,810,Sugar maple-beech-yellow birch,100,76,1,1,,,,,,,0,2787
26-JUL-2007,51,Virginia,VA,173,1,Detection Monitoring (on-frame),,1,1,1,Timberland,520,Chestnut oak,100,94,1,1,,,,,,,0,2791
26-JUL-2007,51,Virginia,VA,177,1,Detection Monitoring (on-frame),,1,1,1,Timberland,530,White oak-red oak-hickory,90.516525,73,1,1,,,,,,,1,4014
26-JUL-2007,51,Virginia,VA,177,1,Detection Monitoring (on-frame),,1,2,1,Timberland,320,Shortleaf pine,9.483475,43,1,2,,,,,,,1,4014
26-JUL-2007,51,Virginia,VA,179,1,Detection Monitoring (on-frame),,1,1,1,Timberland,450,Virginia pine-southern red oak,100,35,1,2,,,,,,,0,4020
26-JUL-2007,51,Virginia,VA,181,1,Detection Monitoring (on-frame),,1,1,1,Timberland,590,Mixed central hardwood,50,15,1,3,,,,,,,0,3223
26-JUL-2007,51,Virginia,VA,181,1,Detection Monitoring (on-frame),,1,2,2,Cropland,,,50,,,,,,,,,,0,3223
26-JUL-2007,51,Virginia,VA,183,1,Detection Monitoring (on-frame),,1,1,1,Timberland,530,White oak-red oak-hickory,75,59,1,1,,,,,,,0,2711
26-JUL-2007,51,Virginia,VA,183,1,Detection Monitoring (on-frame),,1,2,1,Timberland,620,Sweetgum-Nuttall oak-willow oak,25,58,1,1,,,,,,,0,2711
26-JUL-2007,51,Virginia,VA,185,1,Detection Monitoring (on-frame),,1,1,7,Urban and other development,,,61.25515,,,,,,,,,,0,3311
26-JUL-2007,51,Virginia,VA,185,1,Detection Monitoring (on-frame),,1,2,1,Timberland,530,White oak-red oak-hickory,38.74485,61,1,2,,,,,,,0,3311
26-JUL-2007,51,Virginia,VA,187,1,Detection Monitoring (on-frame),,1,1,10,Access denied,,,100,,,,,,,,,,1,4047
26-JUL-2007,51,Virginia,VA,191,1,Detection Monitoring (on-frame),,1,1,1,Timberland,560,Yellow-poplar-white oak-n. red oak,100,24,1,2,,,,,,,0,2784
26-JUL-2007,51,Virginia,VA,191,1,Detection Monitoring (on-frame),,1,1,1,Timberland,560,Yellow-poplar-white oak-n. red oak,100,88,1,1,,,,,,,0,2806
26-JUL-2007,51,Virginia,VA,193,1,Detection Monitoring (on-frame),,1,1,1,Timberland,562,Sweetgum-yellow-popular,100,14,1,3,,,,,,,0,3982
26-JUL-2007,51,Virginia,VA,195,1,Detection Monitoring (on-frame),,1,1,1,Timberland,810,Sugar maple-beech-yellow birch,100,13,1,3,,,,,,,0,2811
26-JUL-2007,51,Virginia,VA,550,1,Detection Monitoring (on-frame),,1,1,1,Timberland,360,Pond pine,100,60,1,1,,,,,,,0,2688
26-JUL-2007,51,Virginia,VA,800,1,Detection Monitoring (on-frame),,1,1,1,Timberland,460,Loblolly pine-hardwood,87.780125,19,1,3,,,,,,,0,2692
26-JUL-2007,51,Virginia,VA,800,1,Detection Monitoring (on-frame),,1,2,7,Urban and other development,,,12.219875,,,,,,,,,,0,2692
,51,Virginia,VA,1,1,Detection Monitoring (on-frame),,1,1,7,Urban and other development,,,100,,,,,,,,,,,3217
,51,Virginia,VA,1,1,Detection Monitoring (on-frame),,1,1,9,Water,,,100,,,,,,,,,,,3219
,51,Virginia,VA,3,1,Detection Monitoring (on-frame),,1,1,3,Improved pasture,,,25,,,,,,,,,,,4033
,51,Virginia,VA,3,1,Detection Monitoring (on-frame),,1,2,5,Idle farmland,,,50,,,,,,,,,,,4033
,51,Virginia,VA,3,1,Detection Monitoring (on-frame),,1,3,9,Water,,,25,,,,,,,,,,,4033
,51,Virginia,VA,3,1,Detection Monitoring (on-frame),,1,1,3,Improved pasture,,,100,,,,,,,,,,,4034
,51,Virginia,VA,15,1,Detection Monitoring (on-frame),,1,1,3,Improved pasture,,,100,,,,,,,,,,,4052
,51,Virginia,VA,15,1,Detection Monitoring (on-frame),,1,1,3,Improved pasture,,,100,,,,,,,,,,,4053
,51,Virginia,VA,19,1,Detection Monitoring (on-frame),,1,1,2,Cropland,,,100,,,,,,,,,,,3271
,51,Virginia,VA,19,1,Detection Monitoring (on-frame),,1,1,7,Urban and other development,,,100,,,,,,,,,,,3278
,51,Virginia,VA,25,1,Detection Monitoring (on-frame),,1,1,7,Urban and other development,,,100,,,,,,,,,,,2708
,51,Virginia,VA,25,1,Detection Monitoring (on-frame),,1,1,2,Cropland,,,100,,,,,,,,,,,2726
,51,Virginia,VA,29,1,Detection Monitoring (on-frame),,1,1,3,Improved pasture,,,100,,,,,,,,,,,3264
,51,Virginia,VA,33,1,Detection Monitoring (on-frame),,1,1,7,Urban and other development,,,100,,,,,,,,,,,3250
,51,Virginia,VA,35,1,Detection Monitoring (on-frame),,1,1,3,Improved pasture,,,100,,,,,,,,,,,2770
,51,Virginia,VA,51,1,Detection Monitoring (on-frame),,1,1,7,Urban and other development,,,100,,,,,,,,,,,3333
,51,Virginia,VA,59,1,Detection Monitoring (on-frame),,1,1,7,Urban and other development,,,100,,,,,,,,,,,4028
,51,Virginia,VA,61,1,Detection Monitoring (on-frame),,1,1,5,Idle farmland,,,100,,,,,,,,,,,4030
,51,Virginia,VA,67,1,Detection Monitoring (on-frame),,1,1,5,Idle farmland,,,100,,,,,,,,,,,2751
,51,Virginia,VA,67,1,Detection Monitoring (on-frame),,1,1,5,Idle farmland,,,100,,,,,,,,,,,2767
,51,Virginia,VA,67,1,Detection Monitoring (on-frame),,1,1,3,Improved pasture,,,100,,,,,,,,,,,3273
,51,Virginia,VA,73,1,Detection Monitoring (on-frame),,1,1,7,Urban and other development,,,100,,,,,,,,,,,3224
,51,Virginia,VA,79,1,Detection Monitoring (on-frame),,1,1,3,Improved pasture,,,100,,,,,,,,,,,4037
,51,Virginia,VA,83,1,Detection Monitoring (on-frame),,1,1,3,Improved pasture,,,100,,,,,,,,,,,2723
,51,Virginia,VA,87,1,Detection Monitoring (on-frame),,1,1,7,Urban and other development,,,100,,,,,,,,,,,3243
,51,Virginia,VA,89,1,Detection Monitoring (on-frame),,1,1,7,Urban and other development,,,100,,,,,,,,,,,2748
,51,Virginia,VA,93,1,Detection Monitoring (on-frame),,1,1,2,Cropland,,,100,,,,,,,,,,,2693
,51,Virginia,VA,105,1,Detection Monitoring (on-frame),,1,1,3,Improved pasture,,,100,,,,,,,,,,,2823
,51,Virginia,VA,107,1,Detection Monitoring (on-frame),,1,1,7,Urban and other development,,,100,,,,,,,,,,,4774
,51,Virginia,VA,107,1,Detection Monitoring (on-frame),,1,1,3,Improved pasture,,,100,,,,,,,,,,,4775
,51,Virginia,VA,107,1,Detection Monitoring (on-frame),,1,1,7,Urban and other development,,,100,,,,,,,,,,,4779
,51,Virginia,VA,113,1,Detection Monitoring (on-frame),,1,1,3,Improved pasture,,,100,,,,,,,,,,,4036
,51,Virginia,VA,121,1,Detection Monitoring (on-frame),,1,1,3,Improved pasture,,,100,,,,,,,,,,,3292
,51,Virginia,VA,121,1,Detection Monitoring (on-frame),,1,1,7,Urban and other development,,,100,,,,,,,,,,,3293
,51,Virginia,VA,127,1,Detection Monitoring (on-frame),,1,1,9,Water,,,100,,,,,,,,,,,3242
,51,Virginia,VA,131,1,Detection Monitoring (on-frame),,1,1,2,Cropland,,,100,,,,,,,,,,,3214
,51,Virginia,VA,139,1,Detection Monitoring (on-frame),,1,1,7,Urban and other development,,,100,,,,,,,,,,,4042
,51,Virginia,VA,143,1,Detection Monitoring (on-frame),,1,1,2,Cropland,,,100,,,,,,,,,,,2746
,51,Virginia,VA,159,1,Detection Monitoring (on-frame),,1,1,2,Cropland,,,100,,,,,,,,,,,3229
,51,Virginia,VA,161,1,Detection Monitoring (on-frame),,1,1,7,Urban and other development,,,100,,,,,,,,,,,3295
,51,Virginia,VA,163,1,Detection Monitoring (on-frame),,1,1,10,Access denied,,,100,,,,,,,,,,,3289
,51,Virginia,VA,165,1,Detection Monitoring (on-frame),,1,1,3,Improved pasture,,,100,,,,,,,,,,,4040
,51,Virginia,VA,167,1,Detection Monitoring (on-frame),,1,1,10,Access denied,,,100,,,,,,,,,,,3312
,51,Virginia,VA,169,1,Detection Monitoring (on-frame),,1,1,3,Improved pasture,,,100,,,,,,,,,,,2804
,51,Virginia,VA,169,1,Detection Monitoring (on-frame),,1,1,3,Improved pasture,,,100,,,,,,,,,,,2807
,51,Virginia,VA,175,1,Detection Monitoring (on-frame),,1,1,5,Idle farmland,,,100,,,,,,,,,,,2705
,51,Virginia,VA,177,1,Detection Monitoring (on-frame),,1,1,9,Water,,,100,,,,,,,,,,,4015
,51,Virginia,VA,183,1,Detection Monitoring (on-frame),,1,1,3,Improved pasture,,,100,,,,,,,,,,,2710
,51,Virginia,VA,185,1,Detection Monitoring (on-frame),,1,1,3,Improved pasture,,,100,,,,,,,,,,,3310
,51,Virginia,VA,191,1,Detection Monitoring (on-frame),,1,1,3,Improved pasture,,,100,,,,,,,,,,,2789
,51,Virginia,VA,195,1,Detection Monitoring (on-frame),,1,1,9,Water,,,100,,,,,,,,,,,2810
,51,Virginia,VA,197,1,Detection Monitoring (on-frame),,1,1,3,Improved pasture,,,100,,,,,,,,,,,2772
,51,Virginia,VA,197,1,Detection Monitoring (on-frame),,1,1,3,Improved pasture,,,100,,,,,,,,,,,2790
,51,Virginia,VA,199,1,Detection Monitoring (on-frame),,1,1,2,Cropland,,,100,,,,,,,,,,,2687
,51,Virginia,VA,550,1,Detection Monitoring (on-frame),,1,1,9,Water,,,100,,,,,,,,,,,2691
,51,Virginia,VA,810,1,Detection Monitoring (on-frame),,1,1,7,Urban and other development,,,100,,,,,,,,,,,2677
