LAST_UPDATE,STATE,STATE_DESCR,STATE_ABBREV,COUNTY,FHM_REGION,FHM_REGION_DESCR,PROJECT,PROJECT_DESCR,MEASUREMENT_TYPE,PANEL,OVERLAP,HIERARCHIAL_ID,GRID_INTENSIFICATION,ECOREGION_CODE,HEXAGON_NBR,PLOT_NBR,PLOT_STATUS,PLOT_STATUS_DESCR,PROJECT_TYPE,QA_STATUS,QA_STATUS_DESCR,ELEVATION_CLASS,INCLUSION_PROBABILITY,LAST_PLOT_MENS_YEAR,LAST_PLOT_TALLY_YEAR,LAST_PLOT_VISIT_YEAR,PREVIOUS_VISIT_YEAR,PLOT_COND_CLASS_YEAR,COND_CLASS_YEAR,PLOT_ENTRANCE_YEAR,PLOT_EXIT_YEAR,PLOT_EXIT_REASON,MONTH,DAY,YEAR,CREW_TALLY1,CREW_TALLY2,CREW_TALLY3,CREW_TALLY4,CREW_TALLY5,CREW_TYPE_1994,CREW_TYPE_1994_DESCR,DISTURB_YEAR1,PAST_DISTURB1,DISTURB_YEAR2,PAST_DISTURB2,DISTURB_YEAR3,PAST_DISTURB3,CNTR_LAND_USE_1,CNTR_LAND_USE_2,CNTR_LAND_USE_3,CNTR_LAND_USE_4,ELEVATION,P3ID
26-JUL-2007,51,Virginia,VA,1,2,Southeast,1,Detection Monitoring (on-frame),2,1,5,,0,-232A,,1,1,= at least one forest condition,1,1,standard field plot,0,,2000,2000,2000,1993,2000,1992,1991,,,JUNE,16,1994,1551008,1551009,0,,,1,Standard field crew,,,,,,,,,,,,3216
26-JUL-2007,51,Virginia,VA,3,2,Southeast,1,Detection Monitoring (on-frame),2,1,5,,0,M221D,,1,1,= at least one forest condition,1,1,standard field plot,7,,2000,2000,2000,1993,2000,1992,1991,,,JUNE,8,1994,1551008,1551009,0,,,1,Standard field crew,,,,,,,,,,,,3267
26-JUL-2007,51,Virginia,VA,5,2,Southeast,1,Detection Monitoring (on-frame),2,0,3,,0,M221A,,1,1,= at least one forest condition,1,1,standard field plot,26,,1999,1999,1999,1993,1999,1992,1991,,,JULY,11,1994,1551008,1551009,0,,,1,Standard field crew,,,,,,,,,,,,3307
26-JUL-2007,51,Virginia,VA,5,2,Southeast,1,Detection Monitoring (on-frame),2,1,6,,0,M221A,,1,1,= at least one forest condition,1,1,standard field plot,26,,2000,2000,2000,1993,2000,1992,1991,,,AUGUST,2,1994,1551008,1551009,0,,,1,Standard field crew,,,,,,,,,,,,3285
26-JUL-2007,51,Virginia,VA,5,2,Southeast,1,Detection Monitoring (on-frame),2,3,11,,0,M221A,,1,1,= at least one forest condition,1,1,standard field plot,24,,2002,2002,2002,1993,2002,1992,1991,,,JULY,7,1994,1551011,1551010,0,,,1,Standard field crew,,,,,,,,,,,,3303
26-JUL-2007,51,Virginia,VA,7,2,Southeast,1,Detection Monitoring (on-frame),2,0,3,,0,-231A,,1,1,= at least one forest condition,1,1,standard field plot,4,,1999,1999,1999,1993,1999,1992,1991,,,JULY,13,1994,1551008,1551009,0,,,1,Standard field crew,,,,,,,,,,,,3257
26-JUL-2007,51,Virginia,VA,11,2,Southeast,1,Detection Monitoring (on-frame),2,1,6,,0,-231A,,1,1,= at least one forest condition,1,1,standard field plot,7,,2000,2000,2000,1993,2000,1992,1991,,,JULY,14,1994,1551008,1551009,0,,,1,Standard field crew,,,,,,,,,,,,3261
26-JUL-2007,51,Virginia,VA,15,2,Southeast,1,Detection Monitoring (on-frame),2,0,2,,0,M221A,,1,1,= at least one forest condition,1,1,standard field plot,17,,1999,1999,1999,1993,1999,1992,1991,,,JUNE,6,1994,1551008,1551009,0,,,1,Standard field crew,,,,,,,,,,,,4035
26-JUL-2007,51,Virginia,VA,15,2,Southeast,1,Detection Monitoring (on-frame),2,0,3,,0,M221A,,1,1,= at least one forest condition,1,1,standard field plot,35,,1999,1999,1999,1993,1999,1992,1991,,,JUNE,29,1994,1551008,1551009,0,,,1,Standard field crew,,,,,,,,,,,,4061
26-JUL-2007,51,Virginia,VA,15,2,Southeast,1,Detection Monitoring (on-frame),2,3,11,,0,M221A,,1,1,= at least one forest condition,1,1,standard field plot,18,,2002,2002,2002,1993,2002,1992,1991,,,JUNE,30,1994,1551011,1551010,0,,,1,Standard field crew,,,,,,,,,,,,4055
26-JUL-2007,51,Virginia,VA,17,2,Southeast,1,Detection Monitoring (on-frame),2,1,5,,0,M221A,,1,1,= at least one forest condition,1,1,standard field plot,35,,2000,2000,2000,1993,2000,1992,1991,,,JUNE,30,1994,1551008,1551009,0,,,1,Standard field crew,,,,,,,,,,,,4057
26-JUL-2007,51,Virginia,VA,17,2,Southeast,1,Detection Monitoring (on-frame),2,2,9,,0,M221A,,1,1,= at least one forest condition,1,1,standard field plot,20,,2001,2001,2001,1993,2001,1992,1991,,,JULY,5,1994,1551008,1551009,0,,,1,Standard field crew,,,,,,,,,,,,3290
26-JUL-2007,51,Virginia,VA,19,2,Southeast,1,Detection Monitoring (on-frame),2,2,8,,0,M221A,,1,1,= at least one forest condition,1,1,standard field plot,13,,2001,2001,2001,1993,1997,1992,1991,,,AUGUST,3,1994,1551008,1551009,0,,,1,Standard field crew,,,,,,,,,,,,3283
26-JUL-2007,51,Virginia,VA,19,2,Southeast,1,Detection Monitoring (on-frame),2,3,10,,0,M221A,,1,1,= at least one forest condition,1,1,standard field plot,22,,2002,2002,2002,1993,2002,1992,1991,,,JULY,26,1994,1551011,1551010,0,,,1,Standard field crew,,,,,,,,,,,,3279
26-JUL-2007,51,Virginia,VA,21,2,Southeast,1,Detection Monitoring (on-frame),2,3,11,,0,M221A,,1,1,= at least one forest condition,1,1,standard field plot,22,,2002,2002,2002,1993,2002,1992,1991,,,JULY,28,1994,1551011,1551010,0,,,1,Standard field crew,,,,,,,,,,,,3313
26-JUL-2007,51,Virginia,VA,23,2,Southeast,1,Detection Monitoring (on-frame),2,0,2,,0,M221A,,1,1,= at least one forest condition,1,1,standard field plot,16,,1999,1999,1999,1993,1999,1992,1991,,,AUGUST,2,1994,1551008,1551009,0,,,1,Standard field crew,1994,12,,,,,,,,,,3284
26-JUL-2007,51,Virginia,VA,25,2,Southeast,1,Detection Monitoring (on-frame),2,0,2,,0,-231A,,1,1,= at least one forest condition,1,1,standard field plot,2,,1999,1999,1999,1993,1999,1992,1991,,,JULY,19,1994,1551008,1551009,0,,,1,Standard field crew,,,,,,,,,,,,2712
26-JUL-2007,51,Virginia,VA,27,2,Southeast,1,Detection Monitoring (on-frame),2,2,7,,0,M221C,,1,1,= at least one forest condition,1,1,standard field plot,20,,2001,2001,2001,1993,2001,1992,1991,,,AUGUST,10,1994,1551008,1551009,0,,,1,Standard field crew,,,,,,,,,,,,3317
26-JUL-2007,51,Virginia,VA,27,2,Southeast,1,Detection Monitoring (on-frame),2,3,11,,0,M221C,,1,1,= at least one forest condition,1,1,standard field plot,11,,2002,2002,2002,1993,2002,1992,1991,,,AUGUST,2,1994,1551010,1551011,0,,,1,Standard field crew,,,,,,,,,,,,3337
26-JUL-2007,51,Virginia,VA,29,2,Southeast,1,Detection Monitoring (on-frame),2,2,9,,0,-231A,,1,1,= at least one forest condition,1,1,standard field plot,5,,2001,2001,2001,1993,2001,1992,1991,,,JUNE,7,1994,1551008,1551009,0,,,1,Standard field crew,,,,,,,,,,,,3265
26-JUL-2007,51,Virginia,VA,29,2,Southeast,1,Detection Monitoring (on-frame),2,3,12,,0,-231A,,1,1,= at least one forest condition,1,1,standard field plot,5,,2002,2002,2002,1993,2002,1992,1991,,,JULY,11,1994,1551011,1551010,0,,,1,Standard field crew,,,,,,,,,,,,3260
26-JUL-2007,51,Virginia,VA,31,2,Southeast,1,Detection Monitoring (on-frame),2,0,1,,0,-231A,,1,1,= at least one forest condition,1,1,standard field plot,7,,1999,1999,1999,1993,1999,1992,1991,,,JULY,21,1994,1551008,1551009,0,,,1,Standard field crew,1994,13,,,,,,,,,,3275
26-JUL-2007,51,Virginia,VA,31,2,Southeast,1,Detection Monitoring (on-frame),2,2,7,,0,-231A,,1,1,= at least one forest condition,1,1,standard field plot,5,,2001,2001,2001,1993,2001,1992,1991,,,JULY,25,1994,1551008,1551009,0,,,1,Standard field crew,,,,,,,,,,,,3274
26-JUL-2007,51,Virginia,VA,31,2,Southeast,1,Detection Monitoring (on-frame),2,3,11,,0,-231A,,1,1,= at least one forest condition,1,1,standard field plot,8,,2002,2002,2002,1993,2002,1992,1991,,,JULY,18,1994,1551011,1551010,0,,,1,Standard field crew,,,,,,,,,,,,3276
26-JUL-2007,51,Virginia,VA,33,2,Southeast,1,Detection Monitoring (on-frame),2,2,7,,0,-231A,,1,1,= at least one forest condition,1,1,standard field plot,1,,2001,2001,2001,1993,2001,1992,1991,,,JUNE,20,1994,1551008,1551009,0,,,1,Standard field crew,,,,,,,,,,,,4013
26-JUL-2007,51,Virginia,VA,33,2,Southeast,1,Detection Monitoring (on-frame),2,3,10,,0,-232A,,1,1,= at least one forest condition,1,1,standard field plot,1,,2002,2002,2002,1993,2002,1992,1991,,,JUNE,12,1994,1551011,1551010,0,,,1,Standard field crew,,,,,,,,,,,,4012
26-JUL-2007,51,Virginia,VA,35,2,Southeast,1,Detection Monitoring (on-frame),2,1,4,,0,M221D,,1,1,= at least one forest condition,1,1,standard field plot,23,,2000,2000,2000,1993,2000,1992,1991,,,JULY,29,1994,1551008,1551009,0,,,1,Standard field crew,,,,,,,,,,,,2766
26-JUL-2007,51,Virginia,VA,36,2,Southeast,1,Detection Monitoring (on-frame),2,2,7,,0,-232A,,1,1,= at least one forest condition,1,1,standard field plot,1,,2001,2001,2001,1993,2001,1992,1991,,,JUNE,13,1994,1551008,1551009,0,,,1,Standard field crew,,,,,,,,,,,,3237
26-JUL-2007,51,Virginia,VA,37,2,Southeast,1,Detection Monitoring (on-frame),2,2,9,,0,-231A,,1,1,= at least one forest condition,1,1,standard field plot,1,,2001,2001,2001,1993,2001,1992,1991,,,JULY,15,1994,1551008,1551009,0,,,1,Standard field crew,,,,,,,,,,,,2728
26-JUL-2007,51,Virginia,VA,41,2,Southeast,1,Detection Monitoring (on-frame),2,0,1,,0,-231A,,1,1,= at least one forest condition,1,1,standard field plot,1,,1999,1999,1999,1993,1999,1992,1991,,,JUNE,14,1994,1551008,1551009,0,,,1,Standard field crew,,,,,,,,,,,,3238
26-JUL-2007,51,Virginia,VA,41,2,Southeast,1,Detection Monitoring (on-frame),2,1,5,,0,-231A,,1,1,= at least one forest condition,1,1,standard field plot,4,,2000,2000,2000,1993,2000,1992,1991,,,JUNE,7,1994,1551008,1551009,0,,,1,Standard field crew,,,,,,,,,,,,3244
26-JUL-2007,51,Virginia,VA,41,2,Southeast,1,Detection Monitoring (on-frame),2,2,9,,0,-231A,,1,1,= at least one forest condition,1,1,standard field plot,3,,2001,2001,2001,1993,2001,1992,1991,,,JULY,18,1994,1551008,1551009,0,,,1,Standard field crew,,,,,,,,,,,,3239
26-JUL-2007,51,Virginia,VA,45,2,Southeast,1,Detection Monitoring (on-frame),2,0,1,,0,M221A,,1,1,= at least one forest condition,1,1,standard field plot,18,,1999,1999,1999,1993,1999,1992,1991,,,AUGUST,1,1994,1551008,1551009,0,,,1,Standard field crew,,,,,,,,,,,,3298
26-JUL-2007,51,Virginia,VA,47,2,Southeast,1,Detection Monitoring (on-frame),2,0,2,,0,M221D,,1,1,= at least one forest condition,1,1,standard field plot,3,,1999,1999,1999,1993,1999,1992,1991,,,JUNE,22,1994,1551008,1551009,0,,,1,Standard field crew,,,,,,,,,,,,4025
26-JUL-2007,51,Virginia,VA,49,2,Southeast,1,Detection Monitoring (on-frame),2,1,4,,0,-231A,,1,1,= at least one forest condition,1,1,standard field plot,5,,1997,1997,1997,1993,1997,1992,1991,,,JUNE,7,1994,1551008,1551009,0,,,1,Standard field crew,,,,,,,,,,,,3259
26-JUL-2007,51,Virginia,VA,49,2,Southeast,1,Detection Monitoring (on-frame),2,2,7,,0,-231A,,1,1,= at least one forest condition,1,1,standard field plot,3,,2001,2001,2001,1993,2001,1992,1991,,,JUNE,7,1994,1551008,1551009,0,,,1,Standard field crew,1994,13,,,,,,,,,,3263
26-JUL-2007,51,Virginia,VA,51,2,Southeast,1,Detection Monitoring (on-frame),2,3,12,,0,M221C,,1,1,= at least one forest condition,1,1,standard field plot,24,,2002,2002,2002,1993,2002,1992,1991,,,AUGUST,3,1994,1551011,1551010,0,,,1,Standard field crew,,,,,,,,,,,,2809
26-JUL-2007,51,Virginia,VA,53,2,Southeast,1,Detection Monitoring (on-frame),2,3,12,,0,-231A,,1,1,= at least one forest condition,1,1,standard field plot,1,,2002,2002,2002,1993,2002,1992,1991,,,JULY,12,1994,1551011,1551010,0,,,1,Standard field crew,1993,4,,,,,,,,,,3232
26-JUL-2007,51,Virginia,VA,57,2,Southeast,1,Detection Monitoring (on-frame),2,2,9,,0,-232A,,1,1,= at least one forest condition,1,1,standard field plot,1,,2001,2001,2001,1993,2001,1992,1991,,,JUNE,14,1994,1551008,1551009,0,,,1,Standard field crew,,,,,,,,,,,,3230
26-JUL-2007,51,Virginia,VA,61,2,Southeast,1,Detection Monitoring (on-frame),2,2,8,,0,-231A,,1,1,= at least one forest condition,1,1,standard field plot,3,,2001,2001,2001,1993,2001,1992,1991,,,JUNE,23,1994,1551008,1551009,0,,,1,Standard field crew,,,,,,,,,,,,4024
26-JUL-2007,51,Virginia,VA,63,2,Southeast,1,Detection Monitoring (on-frame),2,2,8,,0,M221D,,1,1,= at least one forest condition,1,1,standard field plot,26,,2001,2001,2001,1993,2001,1992,1991,,,JULY,28,1994,1551008,1551009,0,,,1,Standard field crew,,,,,,,,,,,,3291
26-JUL-2007,51,Virginia,VA,65,2,Southeast,1,Detection Monitoring (on-frame),2,3,11,,0,-231A,,1,1,= at least one forest condition,1,1,standard field plot,5,,2002,2002,2002,1993,2002,1992,1991,,,JUNE,13,1994,1551010,1551011,0,,,1,Standard field crew,,,,,,,,,,,,3270
26-JUL-2007,51,Virginia,VA,69,2,Southeast,1,Detection Monitoring (on-frame),2,3,10,,0,M221A,,1,1,= at least one forest condition,1,1,standard field plot,13,,2002,2002,2002,1993,2002,1992,1991,,,JUNE,28,1994,1551011,1551010,0,,,1,Standard field crew,,,,,,,,,,,,4806
26-JUL-2007,51,Virginia,VA,71,2,Southeast,1,Detection Monitoring (on-frame),2,2,9,,0,M221A,,1,1,= at least one forest condition,1,1,standard field plot,28,,1997,1997,1997,1993,1997,1992,1991,,,AUGUST,1,1994,1551008,1551009,0,,,1,Standard field crew,,,,,,,,,,,,3299
26-JUL-2007,51,Virginia,VA,75,2,Southeast,1,Detection Monitoring (on-frame),2,0,2,,0,-231A,,1,1,= at least one forest condition,1,1,standard field plot,3,,1999,1999,1999,1993,1999,1992,1991,,,JUNE,6,1994,1551008,1551009,0,,,1,Standard field crew,1993,12,,,,,,,,,,3246
26-JUL-2007,51,Virginia,VA,77,2,Southeast,1,Detection Monitoring (on-frame),2,3,12,,0,M221D,,1,1,= at least one forest condition,1,1,standard field plot,30,,2002,2002,2002,1993,2002,1992,1991,,,AUGUST,21,1994,1129015,0,0,,,1,Standard field crew,,,,,,,,,,,,2786
26-JUL-2007,51,Virginia,VA,81,2,Southeast,1,Detection Monitoring (on-frame),2,1,5,,0,-232A,,1,1,= at least one forest condition,1,1,standard field plot,1,,2000,2000,2000,1993,2000,1992,1991,,,JULY,19,1994,1551008,1551009,0,,,1,Standard field crew,,,,,,,,,,,,2707
26-JUL-2007,51,Virginia,VA,83,2,Southeast,1,Detection Monitoring (on-frame),2,0,3,,0,-231A,,1,1,= at least one forest condition,1,1,standard field plot,3,,1999,1999,1999,1993,1999,1992,1991,,,JULY,26,1994,1551008,1551009,0,,,1,Standard field crew,,,,,,,,,,,,2729
26-JUL-2007,51,Virginia,VA,83,2,Southeast,1,Detection Monitoring (on-frame),2,3,10,,0,-231A,,1,1,= at least one forest condition,1,1,standard field plot,1,,2002,2002,2002,1993,2002,1992,1991,,,JULY,20,1994,1551011,1551010,0,,,1,Standard field crew,,,,,,,,,,,,2731
26-JUL-2007,51,Virginia,VA,85,2,Southeast,1,Detection Monitoring (on-frame),2,2,8,,0,-231A,,1,1,= at least one forest condition,1,1,standard field plot,1,,2001,2001,2001,1993,2001,1992,1991,,,JUNE,15,1994,1551008,1551009,0,,,1,Standard field crew,1993,1,,,,,,,,,,3249
26-JUL-2007,51,Virginia,VA,91,2,Southeast,1,Detection Monitoring (on-frame),2,2,8,,0,M221A,,1,1,= at least one forest condition,1,1,standard field plot,35,,2001,2001,2001,1993,2001,1992,1991,,,JUNE,29,1994,1551008,1551009,0,,,1,Standard field crew,,,,,,,,,,,,4062
26-JUL-2007,51,Virginia,VA,93,2,Southeast,1,Detection Monitoring (on-frame),2,1,6,,0,-232A,,1,1,= at least one forest condition,1,1,standard field plot,1,,2000,2000,2000,1993,2000,1992,1991,,,JULY,19,1994,1551008,1551009,0,,,1,Standard field crew,,,,,,,,,,,,2690
26-JUL-2007,51,Virginia,VA,95,2,Southeast,1,Detection Monitoring (on-frame),2,0,2,,0,-232A,,1,1,= at least one forest condition,1,1,standard field plot,1,,1999,1999,1999,1993,1999,1992,1991,,,JUNE,13,1994,1551008,1551009,0,,,1,Standard field crew,1994,3,,,,,,,,,,3225
26-JUL-2007,51,Virginia,VA,97,2,Southeast,1,Detection Monitoring (on-frame),2,3,12,,0,-232A,,1,1,= at least one forest condition,1,1,standard field plot,1,,2002,2002,2002,1993,2002,1992,1991,,,JUNE,16,1994,1551010,1551011,0,,,1,Standard field crew,,,,,,,,,,,,3227
26-JUL-2007,51,Virginia,VA,101,2,Southeast,1,Detection Monitoring (on-frame),2,0,3,,0,-232A,,1,1,= at least one forest condition,1,1,standard field plot,1,,1999,1999,1999,1993,1999,1992,1991,,,JUNE,14,1994,1551008,1551009,0,,,1,Standard field crew,,,,,,,,,,,,3248
26-JUL-2007,51,Virginia,VA,105,2,Southeast,1,Detection Monitoring (on-frame),2,0,1,,0,-221I,,1,1,= at least one forest condition,1,1,standard field plot,17,,1999,1999,1999,1993,1999,1992,1991,,,AUGUST,9,1994,1551008,1551009,0,,,1,Standard field crew,,,,,,,,,,,,2805
26-JUL-2007,51,Virginia,VA,109,2,Southeast,1,Detection Monitoring (on-frame),2,1,6,,0,-231A,,1,1,= at least one forest condition,1,1,standard field plot,4,,2000,2000,2000,1993,2000,1992,1991,,,JUNE,6,1994,1551008,1551009,0,,,1,Standard field crew,,,,,,,,,,,,3269
26-JUL-2007,51,Virginia,VA,109,2,Southeast,1,Detection Monitoring (on-frame),2,3,12,,0,-231A,,1,1,= at least one forest condition,1,1,standard field plot,3,,2002,2002,2002,1993,2002,1992,1991,,,JUNE,14,1994,1551010,1551011,0,,,1,Standard field crew,,,,,,,,,,,,3251
26-JUL-2007,51,Virginia,VA,111,2,Southeast,1,Detection Monitoring (on-frame),2,3,11,,0,-231A,,1,1,= at least one forest condition,1,1,standard field plot,5,,2002,2002,2002,1993,2002,1992,1991,,,JULY,12,1994,1129015,0,0,,,1,Standard field crew,1994,1,,,,,,,,,,3252
26-JUL-2007,51,Virginia,VA,113,2,Southeast,1,Detection Monitoring (on-frame),2,2,7,,0,M221D,,1,1,= at least one forest condition,1,1,standard field plot,25,,2001,2001,2001,1993,2001,1992,1991,,,JUNE,28,1994,1551008,1551009,0,,,1,Standard field crew,1993,12,1994,12,,,,,,,,4041
26-JUL-2007,51,Virginia,VA,117,2,Southeast,1,Detection Monitoring (on-frame),2,0,1,,0,-231A,,1,1,= at least one forest condition,1,1,standard field plot,4,,1999,1999,1999,1993,1999,1992,1991,,,JULY,20,1994,1551008,1551009,0,,,1,Standard field crew,,,,,,,,,,,,2727
26-JUL-2007,51,Virginia,VA,117,2,Southeast,1,Detection Monitoring (on-frame),2,1,4,,0,-231A,,1,1,= at least one forest condition,1,1,standard field plot,3,,2000,2000,2000,1993,2000,1992,1991,,,JULY,20,1994,1551008,1551009,0,,,1,Standard field crew,,,,,,,,,,,,2724
26-JUL-2007,51,Virginia,VA,117,2,Southeast,1,Detection Monitoring (on-frame),2,3,12,,0,-231A,,1,1,= at least one forest condition,1,1,standard field plot,4,,2002,2002,2002,1993,2002,1992,1991,,,JULY,19,1994,1551011,1551010,0,,,1,Standard field crew,,,,,,,,,,,,2722
26-JUL-2007,51,Virginia,VA,125,2,Southeast,1,Detection Monitoring (on-frame),2,3,10,,0,M221D,,1,1,= at least one forest condition,1,1,standard field plot,12,,2002,2002,2002,1993,2002,1992,1991,,,JULY,8,1994,1551011,1551010,0,,,1,Standard field crew,,,,,,,,,,,,3268
26-JUL-2007,51,Virginia,VA,133,2,Southeast,1,Detection Monitoring (on-frame),2,2,7,,0,-232A,,1,1,= at least one forest condition,1,1,standard field plot,0,,2001,2001,2001,1993,2001,1992,1991,,,JUNE,21,1994,1551008,1551009,0,,,1,Standard field crew,,,,,,,,,,,,3228
26-JUL-2007,51,Virginia,VA,135,2,Southeast,1,Detection Monitoring (on-frame),2,1,6,,0,-231A,,1,1,= at least one forest condition,1,1,standard field plot,3,,2000,2000,2000,1993,2000,1992,1991,,,JULY,21,1994,1551008,1551009,0,,,1,Standard field crew,,,,,,,,,,,,3233
26-JUL-2007,51,Virginia,VA,137,2,Southeast,1,Detection Monitoring (on-frame),2,1,5,,0,-231A,,1,1,= at least one forest condition,1,1,standard field plot,3,,2000,2000,2000,1993,2000,1992,1991,,,JUNE,15,1994,1551008,1551009,0,,,1,Standard field crew,,,,,,,,,,,,4017
26-JUL-2007,51,Virginia,VA,139,2,Southeast,1,Detection Monitoring (on-frame),2,3,11,,0,M221A,,1,1,= at least one forest condition,1,1,standard field plot,11,,2002,2002,2002,1993,2002,1992,1991,,,JUNE,29,1994,1551011,1551010,0,,,1,Standard field crew,,,,,,,,,,,,4043
26-JUL-2007,51,Virginia,VA,141,2,Southeast,1,Detection Monitoring (on-frame),2,0,1,,0,-231A,,1,1,= at least one forest condition,1,1,standard field plot,12,,1999,1999,1999,1993,1999,1992,1991,,,JULY,27,1994,1551008,1551009,0,,,1,Standard field crew,,,,,,,,,,,,2763
26-JUL-2007,51,Virginia,VA,141,2,Southeast,1,Detection Monitoring (on-frame),2,1,5,,0,M221D,,1,1,= at least one forest condition,1,1,standard field plot,25,,2000,2000,2000,1993,2000,1992,1991,,,JULY,28,1994,1551008,1551009,0,,,1,Standard field crew,,,,,,,,,,,,2769
26-JUL-2007,51,Virginia,VA,141,2,Southeast,1,Detection Monitoring (on-frame),2,2,9,,0,M221D,,1,1,= at least one forest condition,1,1,standard field plot,12,,2001,2001,2001,1993,2001,1992,1991,,,JULY,27,1994,1551008,1551009,0,,,1,Standard field crew,,,,,,,,,,,,2764
26-JUL-2007,51,Virginia,VA,143,2,Southeast,1,Detection Monitoring (on-frame),2,1,4,,0,-231A,,1,1,= at least one forest condition,1,1,standard field plot,5,,2000,2000,2000,1993,2000,1992,1991,,,JULY,26,1994,1551008,1551009,0,,,1,Standard field crew,,,,,,,,,,,,2749
26-JUL-2007,51,Virginia,VA,143,2,Southeast,1,Detection Monitoring (on-frame),2,3,12,,0,-231A,,1,1,= at least one forest condition,1,1,standard field plot,8,,1995,1995,2002,1993,1998,1992,1991,,,JULY,27,1994,1551011,1551010,0,,,1,Standard field crew,,,,,,,,,,,,2750
26-JUL-2007,51,Virginia,VA,147,2,Southeast,1,Detection Monitoring (on-frame),2,2,8,,0,-231A,,1,1,= at least one forest condition,1,1,standard field plot,4,,2001,2001,2001,1993,2001,1992,1991,,,JULY,13,1994,1551008,1551009,0,,,1,Standard field crew,,,,,,,,,,,,3254
26-JUL-2007,51,Virginia,VA,149,2,Southeast,1,Detection Monitoring (on-frame),2,1,4,,0,-232A,,1,1,= at least one forest condition,1,1,standard field plot,1,,2000,2000,2000,1993,2000,1992,1991,,,JULY,18,1994,1551008,1551009,0,,,1,Standard field crew,,,,,,,,,,,,3234
26-JUL-2007,51,Virginia,VA,153,2,Southeast,1,Detection Monitoring (on-frame),2,1,4,,0,-231A,,1,1,= at least one forest condition,1,1,standard field plot,5,,2000,2000,2000,1993,2000,1992,1991,,,JUNE,27,1994,1551008,1551009,0,,,1,Standard field crew,,,,,,,,,,,,4029
26-JUL-2007,51,Virginia,VA,157,2,Southeast,1,Detection Monitoring (on-frame),2,1,6,,0,M221D,,1,1,= at least one forest condition,1,1,standard field plot,15,,2000,2000,2000,1993,2000,1992,1991,,,JUNE,23,1994,1551008,1551009,0,,,1,Standard field crew,1992,12,1993,12,1994,12,,,,,,4046
26-JUL-2007,51,Virginia,VA,159,2,Southeast,1,Detection Monitoring (on-frame),2,1,5,,0,-232A,,1,1,= at least one forest condition,1,1,standard field plot,1,,2000,2000,2000,1993,2000,1992,1991,,,JUNE,21,1994,1551008,1551009,0,,,1,Standard field crew,,,,,,,,,,,,3977
26-JUL-2007,51,Virginia,VA,163,2,Southeast,1,Detection Monitoring (on-frame),2,1,4,,0,M221A,,1,1,= at least one forest condition,1,1,standard field plot,20,,2000,2000,2000,1993,2000,1992,1991,,,JULY,12,1994,1551008,1551009,0,,,1,Standard field crew,,,,,,,,,,,,3286
26-JUL-2007,51,Virginia,VA,163,2,Southeast,1,Detection Monitoring (on-frame),2,3,12,,0,M221A,,1,1,= at least one forest condition,1,1,standard field plot,14,,2002,2002,2002,1993,2002,1992,1991,,,JULY,6,1994,1551010,1551011,0,,,1,Standard field crew,,,,,,,,,,,,3287
26-JUL-2007,51,Virginia,VA,165,2,Southeast,1,Detection Monitoring (on-frame),2,1,5,,0,M221A,,1,1,= at least one forest condition,1,1,standard field plot,14,,2000,2000,2000,1993,2000,1992,1991,,,JUNE,27,1994,1551008,1551009,0,,,1,Standard field crew,,,,,,,,,,,,4045
26-JUL-2007,51,Virginia,VA,165,2,Southeast,1,Detection Monitoring (on-frame),2,3,12,,0,M221A,,1,1,= at least one forest condition,1,1,standard field plot,14,,2002,2002,2002,1993,2002,1992,1991,,,AUGUST,23,1994,1129015,1130017,0,,,2,QA field crew,1992,12,1993,12,1994,12,,,,,,4039
26-JUL-2007,51,Virginia,VA,171,2,Southeast,1,Detection Monitoring (on-frame),2,0,3,,0,M221A,,1,1,= at least one forest condition,1,1,standard field plot,7,,1999,1999,1999,1993,1999,1992,1991,,,JUNE,27,1994,1551008,1551009,0,,,1,Standard field crew,,,,,,,,,,,,4050
26-JUL-2007,51,Virginia,VA,173,2,Southeast,1,Detection Monitoring (on-frame),2,1,6,,0,M221A,,1,1,= at least one forest condition,1,1,standard field plot,45,,2000,2000,2000,1993,2000,1992,1991,,,AUGUST,11,1994,1551008,1551009,0,,,1,Standard field crew,,,,,,,,,,,,2787
26-JUL-2007,51,Virginia,VA,173,2,Southeast,1,Detection Monitoring (on-frame),2,2,9,,0,M221A,,1,1,= at least one forest condition,1,1,standard field plot,27,,2001,2001,2001,1993,2001,1992,1991,,,AUGUST,11,1994,1551008,1551009,0,,,1,Standard field crew,,,,,,,,,,,,2791
26-JUL-2007,51,Virginia,VA,177,2,Southeast,1,Detection Monitoring (on-frame),2,0,1,,0,-231A,,1,1,= at least one forest condition,1,1,standard field plot,2,,1999,1999,1999,1993,1999,1992,1991,,,JUNE,22,1994,1551008,1551009,0,,,1,Standard field crew,,,,,,,,,,,,4014
26-JUL-2007,51,Virginia,VA,179,2,Southeast,1,Detection Monitoring (on-frame),2,3,11,,0,-231A,,1,1,= at least one forest condition,1,1,standard field plot,3,,2002,2002,2002,1993,2002,1992,1991,,,JUNE,27,1994,1551011,1551010,0,,,1,Standard field crew,,,,,,,,,,,,4020
26-JUL-2007,51,Virginia,VA,181,2,Southeast,1,Detection Monitoring (on-frame),2,3,10,,0,-232A,,1,1,= at least one forest condition,1,1,standard field plot,0,,2002,2002,2002,1993,2002,1992,1991,,,JUNE,21,1994,1551010,1551011,0,,,1,Standard field crew,,,,,,,,,,,,3223
26-JUL-2007,51,Virginia,VA,183,2,Southeast,1,Detection Monitoring (on-frame),2,2,8,,0,-232A,,1,1,= at least one forest condition,1,1,standard field plot,1,,2001,2001,2001,1993,2001,1992,1991,,,JULY,21,1994,1551008,1551009,0,,,1,Standard field crew,,,,,,,,,,,,2711
26-JUL-2007,51,Virginia,VA,185,2,Southeast,1,Detection Monitoring (on-frame),2,3,10,,0,M221C,,1,1,= at least one forest condition,1,1,standard field plot,31,,2002,2002,2002,1993,2002,1992,1991,,,AUGUST,1,1994,1551011,1551010,0,,,1,Standard field crew,,,,,,,,,,,,3311
26-JUL-2007,51,Virginia,VA,191,2,Southeast,1,Detection Monitoring (on-frame),2,2,8,,0,M221A,,1,1,= at least one forest condition,1,1,standard field plot,25,,2001,2001,2001,1993,2001,1992,1991,,,AUGUST,10,1994,1551008,1551009,0,,,1,Standard field crew,,,,,,,,,,,,2806
26-JUL-2007,51,Virginia,VA,191,2,Southeast,1,Detection Monitoring (on-frame),2,3,11,,0,M221A,,1,1,= at least one forest condition,1,1,standard field plot,22,,2002,2002,2002,1993,2002,1992,1991,,,AUGUST,8,1994,1129015,0,0,,,1,Standard field crew,,,,,,,,,,,,2784
26-JUL-2007,51,Virginia,VA,193,2,Southeast,1,Detection Monitoring (on-frame),2,0,2,,0,-232A,,1,1,= at least one forest condition,1,1,standard field plot,0,,2000,2000,2000,1993,2000,1992,1991,,,JUNE,21,1994,1551008,1551009,0,,,1,Standard field crew,,,,,,,,,,,,3982
26-JUL-2007,51,Virginia,VA,195,2,Southeast,1,Detection Monitoring (on-frame),2,3,11,,0,-221I,,1,1,= at least one forest condition,1,1,standard field plot,31,,2002,2002,2002,1993,2002,1992,1991,,,AUGUST,21,1994,1129015,0,0,,,1,Standard field crew,,,,,,,,,,,,2811
26-JUL-2007,51,Virginia,VA,550,2,Southeast,1,Detection Monitoring (on-frame),2,2,8,,0,-232A,,1,1,= at least one forest condition,1,1,standard field plot,1,,2001,2001,2001,1993,2001,1992,1991,,,JULY,19,1994,1551008,1551009,0,,,1,Standard field crew,,,,,,,,,,,,2688
26-JUL-2007,51,Virginia,VA,800,2,Southeast,1,Detection Monitoring (on-frame),2,3,12,,0,-232A,,1,1,= at least one forest condition,1,1,standard field plot,0,,2002,2002,2002,1993,2002,1992,1991,,,JUNE,22,1994,1551010,1551011,0,,,1,Standard field crew,,,,,,,,,,,,2692
