LAST_UPDATE,STATE,STATE_DESCR,STATE_ABBREV,COUNTY,PROJECT,PROJECT_DESCR,HEXAGON_NBR,PLOT_NBR,CONDITION_CLASS_NBR,LAND_USE_CLASS,LAND_USE_CLASS_DESCR,FOREST_TYPE,FOREST_TYPE_DESCR,PLOT_AREA_PCT,STAND_AGE,STAND_ORIGIN,STAND_SIZE_CLASS,STAND_DENSITY_CHECK,DISTURB_YEAR1,PAST_DISTURB1_1998,DISTURB_YEAR2,PAST_DISTURB2_1998,DISTURB_YEAR3,PAST_DISTURB3_1998,CONDITION_CLASS_CHANGE,P3ID
26-JUL-2007,51,Virginia,VA,5,1,Detection Monitoring (on-frame),,1,1,1,Timberland,520,Chestnut oak,100,79,1,1,0,,,,,,,0,3303
26-JUL-2007,51,Virginia,VA,15,1,Detection Monitoring (on-frame),,1,1,1,Timberland,330,Virginia pine,100,72,1,1,0,,,,,,,0,4055
26-JUL-2007,51,Virginia,VA,19,1,Detection Monitoring (on-frame),,1,1,1,Timberland,520,Chestnut oak,100,67,1,1,0,,,,,,,0,3279
26-JUL-2007,51,Virginia,VA,21,1,Detection Monitoring (on-frame),,1,1,1,Timberland,450,Virginia pine-southern red oak,100,63,1,1,0,,,,,,,0,3313
26-JUL-2007,51,Virginia,VA,27,1,Detection Monitoring (on-frame),,1,1,1,Timberland,530,White oak-red oak-hickory,100,69,1,1,0,,,,,,,0,3317
26-JUL-2007,51,Virginia,VA,27,1,Detection Monitoring (on-frame),,1,1,1,Timberland,530,White oak-red oak-hickory,100,75,1,1,0,,,,,,,0,3337
26-JUL-2007,51,Virginia,VA,29,1,Detection Monitoring (on-frame),,1,1,1,Timberland,580,Black locust,45.314175,19,1,2,0,,,,,,,1,3260
26-JUL-2007,51,Virginia,VA,29,1,Detection Monitoring (on-frame),,1,2,1,Timberland,310,Loblolly pine,4.685825,11,2,3,0,,,,,,,0,3260
26-JUL-2007,51,Virginia,VA,29,1,Detection Monitoring (on-frame),,1,3,1,Timberland,720,River birch-sycamore,25,45,1,1,0,1998,16,,,,,1,3260
26-JUL-2007,51,Virginia,VA,29,1,Detection Monitoring (on-frame),,1,4,9,Water,,,25,,,,,,,,,,,0,3260
26-JUL-2007,51,Virginia,VA,31,1,Detection Monitoring (on-frame),,1,1,1,Timberland,330,Virginia pine,75.390475,40,1,2,0,,,,,,,0,3274
26-JUL-2007,51,Virginia,VA,31,1,Detection Monitoring (on-frame),,1,2,5,Idle farmland,,,24.609525,,,,,,,,,,,0,3274
26-JUL-2007,51,Virginia,VA,31,1,Detection Monitoring (on-frame),,1,1,1,Timberland,530,White oak-red oak-hickory,75,64,1,1,0,,,,,,,0,3276
26-JUL-2007,51,Virginia,VA,31,1,Detection Monitoring (on-frame),,1,2,7,Urban and other development,,,25,,,,,,,,,,,0,3276
26-JUL-2007,51,Virginia,VA,33,1,Detection Monitoring (on-frame),,1,1,1,Timberland,562,Sweetgum-yellow-popular,54.28635,8,1,3,0,,,,,,,0,4012
26-JUL-2007,51,Virginia,VA,33,1,Detection Monitoring (on-frame),,1,2,1,Timberland,310,Loblolly pine,25,24,2,2,0,,,,,,,0,4012
26-JUL-2007,51,Virginia,VA,33,1,Detection Monitoring (on-frame),,1,3,2,Cropland,,,20.71365,,,,,,,,,,,0,4012
26-JUL-2007,51,Virginia,VA,33,1,Detection Monitoring (on-frame),,1,1,1,Timberland,562,Sweetgum-yellow-popular,100,53,1,1,0,,,,,,,0,4013
26-JUL-2007,51,Virginia,VA,36,1,Detection Monitoring (on-frame),,1,1,1,Timberland,562,Sweetgum-yellow-popular,57.7967,23,1,2,0,,,,,,,0,3237
26-JUL-2007,51,Virginia,VA,36,1,Detection Monitoring (on-frame),,1,2,1,Timberland,310,Loblolly pine,25,11,2,2,0,,,,,,,1,3237
26-JUL-2007,51,Virginia,VA,36,1,Detection Monitoring (on-frame),,1,3,2,Cropland,,,17.2033,,,,,,,,,,,0,3237
26-JUL-2007,51,Virginia,VA,45,1,Detection Monitoring (on-frame),,1,1,1,Timberland,520,Chestnut oak,100,63,1,2,0,,,,,,,0,3297
26-JUL-2007,51,Virginia,VA,49,1,Detection Monitoring (on-frame),,1,1,1,Timberland,562,Sweetgum-yellow-popular,50,28,1,2,0,,,,,,,0,3263
26-JUL-2007,51,Virginia,VA,49,1,Detection Monitoring (on-frame),,1,2,1,Timberland,999,Nonstocked,50,0,1,4,0,1997,1,,,,,1,3263
26-JUL-2007,51,Virginia,VA,51,1,Detection Monitoring (on-frame),,1,1,7,Urban and other development,,,50,,,,,,,,,,,0,2809
26-JUL-2007,51,Virginia,VA,51,1,Detection Monitoring (on-frame),,1,2,1,Timberland,530,White oak-red oak-hickory,25,66,1,1,0,,,,,,,0,2809
26-JUL-2007,51,Virginia,VA,51,1,Detection Monitoring (on-frame),,1,3,1,Timberland,998,Indeterminate,25,48,1,1,0,,,,,,,0,2809
26-JUL-2007,51,Virginia,VA,53,1,Detection Monitoring (on-frame),,1,1,1,Timberland,310,Loblolly pine,100,15,2,2,0,,,,,,,0,3232
26-JUL-2007,51,Virginia,VA,65,1,Detection Monitoring (on-frame),,1,1,1,Timberland,450,Virginia pine-southern red oak,90.779175,50,1,2,0,,,,,,,0,3270
26-JUL-2007,51,Virginia,VA,65,1,Detection Monitoring (on-frame),,1,2,1,Timberland,310,Loblolly pine,9.220825,16,2,3,0,,,,,,,0,3270
26-JUL-2007,51,Virginia,VA,69,1,Detection Monitoring (on-frame),,1,1,1,Timberland,520,Chestnut oak,100,98,1,1,0,,,,,,,0,4806
26-JUL-2007,51,Virginia,VA,77,1,Detection Monitoring (on-frame),,1,1,1,Timberland,560,Yellow-poplar-white oak-n. red oak,100,45,1,2,0,1998,15,,,,,0,2786
26-JUL-2007,51,Virginia,VA,83,1,Detection Monitoring (on-frame),,1,1,1,Timberland,560,Yellow-poplar-white oak-n. red oak,75,69,1,1,0,,,,,,,0,2731
26-JUL-2007,51,Virginia,VA,83,1,Detection Monitoring (on-frame),,1,2,1,Timberland,560,Yellow-poplar-white oak-n. red oak,25,1,1,3,0,1997,1,,,,,1,2731
26-JUL-2007,51,Virginia,VA,97,1,Detection Monitoring (on-frame),,1,1,1,Timberland,460,Loblolly pine-hardwood,100,38,1,1,0,,,,,,,0,3227
26-JUL-2007,51,Virginia,VA,109,1,Detection Monitoring (on-frame),,1,1,1,Timberland,560,Yellow-poplar-white oak-n. red oak,75,68,1,1,0,,,,,,,0,3251
26-JUL-2007,51,Virginia,VA,109,1,Detection Monitoring (on-frame),,1,2,1,Timberland,330,Virginia pine,25,68,1,1,0,,,,,,,0,3251
26-JUL-2007,51,Virginia,VA,111,1,Detection Monitoring (on-frame),,1,1,1,Timberland,310,Loblolly pine,100,4,2,3,0,,,,,,,0,3252
26-JUL-2007,51,Virginia,VA,113,1,Detection Monitoring (on-frame),,1,1,1,Timberland,520,Chestnut oak,100,83,1,2,0,,,,,,,1,4041
26-JUL-2007,51,Virginia,VA,117,1,Detection Monitoring (on-frame),,1,1,1,Timberland,720,River birch-sycamore,38.471225,22,1,2,0,,,,,,,1,2722
26-JUL-2007,51,Virginia,VA,117,1,Detection Monitoring (on-frame),,1,2,1,Timberland,530,White oak-red oak-hickory,36.528775,87,1,1,0,,,,,,,0,2722
26-JUL-2007,51,Virginia,VA,117,1,Detection Monitoring (on-frame),,1,3,9,Water,,,25,,,,,,,,,,,0,2722
26-JUL-2007,51,Virginia,VA,125,1,Detection Monitoring (on-frame),,1,1,1,Timberland,530,White oak-red oak-hickory,100,38,1,1,0,,,,,,,1,3268
26-JUL-2007,51,Virginia,VA,133,1,Detection Monitoring (on-frame),,1,1,7,Urban and other development,,,50,,,,,,,,,,,0,3228
26-JUL-2007,51,Virginia,VA,133,1,Detection Monitoring (on-frame),,1,2,1,Timberland,564,Yellow-popular,25,78,1,1,0,1998,15,,,,,0,3228
26-JUL-2007,51,Virginia,VA,133,1,Detection Monitoring (on-frame),,1,3,2,Cropland,,,25,,,,,,,,,,,0,3228
26-JUL-2007,51,Virginia,VA,139,1,Detection Monitoring (on-frame),,1,1,1,Timberland,520,Chestnut oak,100,33,1,1,0,,,,,,,0,4043
26-JUL-2007,51,Virginia,VA,143,1,Detection Monitoring (on-frame),,1,1,5,Idle farmland,,,100,,,,,,,,,,,1,2750
26-JUL-2007,51,Virginia,VA,145,1,Detection Monitoring (on-frame),,1,1,1,Timberland,310,Loblolly pine,100,8,2,2,0,,,,,,,1,3241
26-JUL-2007,51,Virginia,VA,163,1,Detection Monitoring (on-frame),,1,1,1,Timberland,520,Chestnut oak,72.0509,43,1,2,0,,,,,,,0,3287
26-JUL-2007,51,Virginia,VA,163,1,Detection Monitoring (on-frame),,1,2,5,Idle farmland,,,27.9491,,,,,,,,,,,0,3287
26-JUL-2007,51,Virginia,VA,165,1,Detection Monitoring (on-frame),,1,1,1,Timberland,520,Chestnut oak,100,78,1,1,0,,,,,,,0,4039
26-JUL-2007,51,Virginia,VA,179,1,Detection Monitoring (on-frame),,1,1,1,Timberland,450,Virginia pine-southern red oak,100,38,1,1,0,,,,,,,1,4020
26-JUL-2007,51,Virginia,VA,181,1,Detection Monitoring (on-frame),,1,1,1,Timberland,460,Loblolly pine-hardwood,50,18,1,2,0,,,,,,,1,3223
26-JUL-2007,51,Virginia,VA,181,1,Detection Monitoring (on-frame),,1,2,2,Cropland,,,50,,,,,,,,,,,0,3223
26-JUL-2007,51,Virginia,VA,185,1,Detection Monitoring (on-frame),,1,1,7,Urban and other development,,,61.25515,,,,,,,,,,,0,3311
26-JUL-2007,51,Virginia,VA,185,1,Detection Monitoring (on-frame),,1,2,1,Timberland,530,White oak-red oak-hickory,38.74485,64,1,2,0,,,,,,,0,3311
26-JUL-2007,51,Virginia,VA,191,1,Detection Monitoring (on-frame),,1,1,1,Timberland,560,Yellow-poplar-white oak-n. red oak,100,27,1,2,0,,,,,,,0,2784
26-JUL-2007,51,Virginia,VA,195,1,Detection Monitoring (on-frame),,1,1,1,Timberland,810,Sugar maple-beech-yellow birch,100,16,1,3,0,,,,,,,0,2811
26-JUL-2007,51,Virginia,VA,800,1,Detection Monitoring (on-frame),,1,1,1,Timberland,460,Loblolly pine-hardwood,87.780125,22,1,2,0,,,,,,,1,2692
26-JUL-2007,51,Virginia,VA,800,1,Detection Monitoring (on-frame),,1,2,7,Urban and other development,,,12.219875,,,,,,,,,,,0,2692
,51,Virginia,VA,15,1,Detection Monitoring (on-frame),,1,1,3,Improved pasture,,,100,,,,,,,,,,,,4052
,51,Virginia,VA,25,1,Detection Monitoring (on-frame),,1,1,7,Urban and other development,,,100,,,,,,,,,,,,2708
,51,Virginia,VA,25,1,Detection Monitoring (on-frame),,1,1,2,Cropland,,,100,,,,,,,,,,,,2726
,51,Virginia,VA,35,1,Detection Monitoring (on-frame),,1,1,3,Improved pasture,,,100,,,,,,,,,,,,2770
,51,Virginia,VA,59,1,Detection Monitoring (on-frame),,1,1,7,Urban and other development,,,100,,,,,,,,,,,,4028
,51,Virginia,VA,61,1,Detection Monitoring (on-frame),,1,1,5,Idle farmland,,,100,,,,,,,,,,,,4030
,51,Virginia,VA,67,1,Detection Monitoring (on-frame),,1,1,5,Idle farmland,,,100,,,,,,,,,,,,2767
,51,Virginia,VA,87,1,Detection Monitoring (on-frame),,1,1,7,Urban and other development,,,100,,,,,,,,,,,,3243
,51,Virginia,VA,89,1,Detection Monitoring (on-frame),,1,1,7,Urban and other development,,,100,,,,,,,,,,,,2748
,51,Virginia,VA,107,1,Detection Monitoring (on-frame),,1,1,7,Urban and other development,,,100,,,,,,,,,,,,4774
,51,Virginia,VA,107,1,Detection Monitoring (on-frame),,1,1,6,Other farmland,,,25,,,,,,,,,,,,4779
,51,Virginia,VA,107,1,Detection Monitoring (on-frame),,1,2,7,Urban and other development,,,75,,,,,,,,,,,,4779
,51,Virginia,VA,113,1,Detection Monitoring (on-frame),,1,1,3,Improved pasture,,,100,,,,,,,,,,,,4036
,51,Virginia,VA,121,1,Detection Monitoring (on-frame),,1,1,7,Urban and other development,,,100,,,,,,,,,,,,3293
,51,Virginia,VA,169,1,Detection Monitoring (on-frame),,1,1,3,Improved pasture,,,100,,,,,,,,,,,,2804
,51,Virginia,VA,175,1,Detection Monitoring (on-frame),,1,1,7,Urban and other development,,,100,,,,,,,,,,,,2705
,51,Virginia,VA,197,1,Detection Monitoring (on-frame),,1,1,3,Improved pasture,,,100,,,,,,,,,,,,2772
,51,Virginia,VA,810,1,Detection Monitoring (on-frame),,1,1,7,Urban and other development,,,100,,,,,,,,,,,,2677
