LAST_UPDATE,STATE,STATE_DESCR,STATE_ABBREV,COUNTY,PROJECT,PROJECT_DESCR,HEXAGON_NBR,PLOT_NBR,POINT_NBR,ASPECT,MICROPLOT_OFFSET,SUBPLOT_OFFSET,PCT_SLOPE,SLOPE_CORRECTION,TERRAIN_POSITION,CURRENT_POINT_STATUS,MICROPLOT_CNTR_COND,SUBPLOT_CNTR_COND,SUBPLOT_COND_CLASS1,SUBPLOT_COND_CLASS2,SUBPLOT_COND_CLASS3,SUBPLOT_COND_CLASS4,P3ID
26-JUL-2007,51,Virginia,VA,5,1,Detection Monitoring (on-frame),,1,1,184,0,0,30,,1,1,1,1,1,,,,3307
26-JUL-2007,51,Virginia,VA,5,1,Detection Monitoring (on-frame),,1,2,260,0,0,45,.3,1,1,1,1,1,,,,3307
26-JUL-2007,51,Virginia,VA,5,1,Detection Monitoring (on-frame),,1,3,117,0,0,60,1.4,2,1,1,1,1,,,,3307
26-JUL-2007,51,Virginia,VA,5,1,Detection Monitoring (on-frame),,1,4,280,0,0,47,.9,1,1,1,1,1,,,,3307
26-JUL-2007,51,Virginia,VA,7,1,Detection Monitoring (on-frame),,1,1,0,0,0,0,,2,1,1,1,1,,,,3257
26-JUL-2007,51,Virginia,VA,7,1,Detection Monitoring (on-frame),,1,2,0,0,0,0,0,5,1,1,1,1,,,,3257
26-JUL-2007,51,Virginia,VA,7,1,Detection Monitoring (on-frame),,1,3,180,0,0,9,0,2,1,2,2,1,2,,,3257
26-JUL-2007,51,Virginia,VA,7,1,Detection Monitoring (on-frame),,1,4,220,0,0,12,0,2,1,2,2,2,,,,3257
26-JUL-2007,51,Virginia,VA,9,1,Detection Monitoring (on-frame),,2,1,222,0,0,16,,,1,1,1,1,,,,3282
26-JUL-2007,51,Virginia,VA,9,1,Detection Monitoring (on-frame),,2,2,180,0,0,18,1.4,,1,1,1,1,,,,3282
26-JUL-2007,51,Virginia,VA,9,1,Detection Monitoring (on-frame),,2,3,197,0,0,11,0,,1,1,1,1,,,,3282
26-JUL-2007,51,Virginia,VA,9,1,Detection Monitoring (on-frame),,2,4,193,0,0,15,.3,,1,1,1,1,,,,3282
26-JUL-2007,51,Virginia,VA,15,1,Detection Monitoring (on-frame),,1,1,260,0,0,6,,4,1,1,1,1,,,,4035
26-JUL-2007,51,Virginia,VA,15,1,Detection Monitoring (on-frame),,1,2,216,0,0,24,6,2,1,2,2,2,,,,4035
26-JUL-2007,51,Virginia,VA,15,1,Detection Monitoring (on-frame),,1,3,272,0,0,6,0,4,1,1,1,1,,,,4035
26-JUL-2007,51,Virginia,VA,15,1,Detection Monitoring (on-frame),,1,4,334,0,0,14,0,4,1,1,1,1,,,,4035
26-JUL-2007,51,Virginia,VA,15,1,Detection Monitoring (on-frame),,1,1,120,0,0,28,,1,1,1,1,1,,,,4061
26-JUL-2007,51,Virginia,VA,15,1,Detection Monitoring (on-frame),,1,2,103,0,0,10,0,1,1,1,1,1,,,,4061
26-JUL-2007,51,Virginia,VA,15,1,Detection Monitoring (on-frame),,1,3,89,0,0,58,1.2,2,1,1,1,1,,,,4061
26-JUL-2007,51,Virginia,VA,15,1,Detection Monitoring (on-frame),,1,4,85,0,0,14,.1,1,0,,,2,,,,4061
26-JUL-2007,51,Virginia,VA,23,1,Detection Monitoring (on-frame),,1,1,165,0,0,45,,1,1,1,1,1,,,,3284
26-JUL-2007,51,Virginia,VA,23,1,Detection Monitoring (on-frame),,1,2,164,0,0,47,1.2,2,1,1,1,1,,,,3284
26-JUL-2007,51,Virginia,VA,23,1,Detection Monitoring (on-frame),,1,3,170,0,0,26,.5,2,1,1,1,1,,,,3284
26-JUL-2007,51,Virginia,VA,23,1,Detection Monitoring (on-frame),,1,4,180,0,0,17,.1,2,1,1,1,1,,,,3284
26-JUL-2007,51,Virginia,VA,25,1,Detection Monitoring (on-frame),,1,1,0,0,0,0,,2,1,1,1,1,,,,2712
26-JUL-2007,51,Virginia,VA,25,1,Detection Monitoring (on-frame),,1,2,0,0,0,0,0,2,1,1,1,1,,,,2712
26-JUL-2007,51,Virginia,VA,25,1,Detection Monitoring (on-frame),,1,3,0,0,0,0,0,2,1,1,1,1,,,,2712
26-JUL-2007,51,Virginia,VA,25,1,Detection Monitoring (on-frame),,1,4,0,0,0,0,0,5,1,1,1,1,,,,2712
26-JUL-2007,51,Virginia,VA,29,1,Detection Monitoring (on-frame),,1,1,0,0,0,3,,6,1,1,1,1,,,,3260
26-JUL-2007,51,Virginia,VA,29,1,Detection Monitoring (on-frame),,1,2,170,0,0,5,0,6,1,1,1,1,2,,,3260
26-JUL-2007,51,Virginia,VA,29,1,Detection Monitoring (on-frame),,1,3,0,0,0,0,0,6,0,,,3,,,,3260
26-JUL-2007,51,Virginia,VA,29,1,Detection Monitoring (on-frame),,1,4,0,0,0,0,0,6,0,3,3,3,,,,3260
26-JUL-2007,51,Virginia,VA,31,1,Detection Monitoring (on-frame),,1,1,300,0,0,35,,2,1,1,1,1,,,,3275
26-JUL-2007,51,Virginia,VA,31,1,Detection Monitoring (on-frame),,1,2,1,0,0,27,.2,2,1,1,1,1,,,,3275
26-JUL-2007,51,Virginia,VA,31,1,Detection Monitoring (on-frame),,1,3,330,0,0,5,0,2,1,1,1,1,,,,3275
26-JUL-2007,51,Virginia,VA,31,1,Detection Monitoring (on-frame),,1,4,74,0,0,15,0,2,1,1,1,1,,,,3275
26-JUL-2007,51,Virginia,VA,41,1,Detection Monitoring (on-frame),,1,1,120,0,0,8,,3,1,1,1,1,,,,3238
26-JUL-2007,51,Virginia,VA,41,1,Detection Monitoring (on-frame),,1,2,88,0,0,9,0,3,1,1,1,1,,,,3238
26-JUL-2007,51,Virginia,VA,41,1,Detection Monitoring (on-frame),,1,3,127,0,0,5,0,3,1,1,1,1,,,,3238
26-JUL-2007,51,Virginia,VA,41,1,Detection Monitoring (on-frame),,1,4,126,0,0,14,0,3,1,2,2,2,,,,3238
26-JUL-2007,51,Virginia,VA,45,1,Detection Monitoring (on-frame),,1,1,193,0,0,25,,2,1,1,1,1,,,,3298
26-JUL-2007,51,Virginia,VA,45,1,Detection Monitoring (on-frame),,1,2,170,0,0,15,0,2,1,1,1,1,,,,3298
26-JUL-2007,51,Virginia,VA,45,1,Detection Monitoring (on-frame),,1,3,187,0,0,18,0,2,1,1,1,1,,,,3298
26-JUL-2007,51,Virginia,VA,45,1,Detection Monitoring (on-frame),,1,4,210,0,0,25,0,2,1,1,1,1,,,,3298
26-JUL-2007,51,Virginia,VA,47,1,Detection Monitoring (on-frame),,1,1,201,0,0,12,,5,1,1,1,1,,,,4025
26-JUL-2007,51,Virginia,VA,47,1,Detection Monitoring (on-frame),,1,2,209,0,0,22,.1,5,1,2,2,2,,,,4025
26-JUL-2007,51,Virginia,VA,47,1,Detection Monitoring (on-frame),,1,3,272,0,0,9,0,3,1,1,1,1,,,,4025
26-JUL-2007,51,Virginia,VA,47,1,Detection Monitoring (on-frame),,1,4,177,0,0,11,0,5,1,1,1,1,,,,4025
26-JUL-2007,51,Virginia,VA,51,1,Detection Monitoring (on-frame),,1,1,0,0,0,0,,2,0,,,1,,,,2809
26-JUL-2007,51,Virginia,VA,51,1,Detection Monitoring (on-frame),,1,2,230,0,0,59,.7,2,1,2,2,2,,,,2809
26-JUL-2007,51,Virginia,VA,51,1,Detection Monitoring (on-frame),,1,3,0,0,0,0,0,2,0,,,1,,,,2809
26-JUL-2007,51,Virginia,VA,51,1,Detection Monitoring (on-frame),,1,4,230,0,0,49,1.7,2,1,3,3,3,,,,2809
26-JUL-2007,51,Virginia,VA,53,1,Detection Monitoring (on-frame),,1,1,195,0,0,15,,4,1,1,1,1,,,,3232
26-JUL-2007,51,Virginia,VA,53,1,Detection Monitoring (on-frame),,1,2,305,0,0,8,0,5,1,1,1,1,,,,3232
26-JUL-2007,51,Virginia,VA,53,1,Detection Monitoring (on-frame),,1,3,315,0,0,15,0,3,1,1,1,1,,,,3232
26-JUL-2007,51,Virginia,VA,53,1,Detection Monitoring (on-frame),,1,4,215,0,0,8,0,3,1,1,1,1,,,,3232
26-JUL-2007,51,Virginia,VA,75,1,Detection Monitoring (on-frame),,1,1,0,0,0,0,,5,1,1,1,1,,,,3246
26-JUL-2007,51,Virginia,VA,75,1,Detection Monitoring (on-frame),,1,2,0,0,0,0,0,5,1,3,2,2,3,,,3246
26-JUL-2007,51,Virginia,VA,75,1,Detection Monitoring (on-frame),,1,3,0,0,0,0,0,5,1,1,1,1,,,,3246
26-JUL-2007,51,Virginia,VA,75,1,Detection Monitoring (on-frame),,1,4,0,0,0,0,0,5,1,1,1,1,,,,3246
26-JUL-2007,51,Virginia,VA,77,1,Detection Monitoring (on-frame),,1,1,55,0,0,15,,2,1,1,1,1,,,,2786
26-JUL-2007,51,Virginia,VA,77,1,Detection Monitoring (on-frame),,1,2,190,0,0,38,.4,2,1,1,1,1,,,,2786
26-JUL-2007,51,Virginia,VA,77,1,Detection Monitoring (on-frame),,1,3,355,0,0,62,.6,2,1,1,1,1,,,,2786
26-JUL-2007,51,Virginia,VA,77,1,Detection Monitoring (on-frame),,1,4,112,0,0,37,.2,2,1,1,1,1,,,,2786
26-JUL-2007,51,Virginia,VA,83,1,Detection Monitoring (on-frame),,1,1,0,0,0,0,,5,1,1,1,1,,,,2729
26-JUL-2007,51,Virginia,VA,83,1,Detection Monitoring (on-frame),,1,2,0,0,0,0,0,5,0,,,2,,,,2729
26-JUL-2007,51,Virginia,VA,83,1,Detection Monitoring (on-frame),,1,3,0,0,0,0,0,5,1,1,1,1,,,,2729
26-JUL-2007,51,Virginia,VA,83,1,Detection Monitoring (on-frame),,1,4,0,0,0,0,0,5,0,2,2,2,,,,2729
26-JUL-2007,51,Virginia,VA,95,1,Detection Monitoring (on-frame),,1,1,301,0,0,15,,3,1,1,1,1,,,,3225
26-JUL-2007,51,Virginia,VA,95,1,Detection Monitoring (on-frame),,1,2,270,0,0,12,0,3,0,,,4,,,,3225
26-JUL-2007,51,Virginia,VA,95,1,Detection Monitoring (on-frame),,1,3,284,0,0,10,.1,3,1,2,2,2,3,,,3225
26-JUL-2007,51,Virginia,VA,95,1,Detection Monitoring (on-frame),,1,4,0,0,0,0,0,3,1,1,1,1,,,,3225
26-JUL-2007,51,Virginia,VA,97,1,Detection Monitoring (on-frame),,1,1,0,0,0,4,,5,1,1,1,1,,,,3227
26-JUL-2007,51,Virginia,VA,97,1,Detection Monitoring (on-frame),,1,2,1,0,0,5,0,5,1,1,1,1,,,,3227
26-JUL-2007,51,Virginia,VA,97,1,Detection Monitoring (on-frame),,1,3,293,0,0,8,0,5,1,1,1,1,,,,3227
26-JUL-2007,51,Virginia,VA,97,1,Detection Monitoring (on-frame),,1,4,247,0,0,6,0,5,1,1,1,1,,,,3227
26-JUL-2007,51,Virginia,VA,101,1,Detection Monitoring (on-frame),,1,1,177,0,0,21,,4,1,1,1,1,,,,3248
26-JUL-2007,51,Virginia,VA,101,1,Detection Monitoring (on-frame),,1,2,249,0,0,16,.2,5,1,1,1,1,,,,3248
26-JUL-2007,51,Virginia,VA,101,1,Detection Monitoring (on-frame),,1,3,150,0,0,5,0,5,1,1,1,1,,,,3248
26-JUL-2007,51,Virginia,VA,101,1,Detection Monitoring (on-frame),,1,4,167,0,0,16,0,5,1,1,1,1,,,,3248
26-JUL-2007,51,Virginia,VA,105,1,Detection Monitoring (on-frame),,1,1,82,0,0,24,,2,1,1,1,1,,,,2805
26-JUL-2007,51,Virginia,VA,105,1,Detection Monitoring (on-frame),,1,2,50,0,0,39,.1,2,1,2,2,2,,,,2805
26-JUL-2007,51,Virginia,VA,105,1,Detection Monitoring (on-frame),,1,3,55,0,0,24,0,2,1,1,1,1,,,,2805
26-JUL-2007,51,Virginia,VA,105,1,Detection Monitoring (on-frame),,1,4,45,0,0,23,.2,2,1,1,1,1,,,,2805
26-JUL-2007,51,Virginia,VA,109,1,Detection Monitoring (on-frame),,1,1,311,0,0,5,,5,1,1,1,1,,,,3251
26-JUL-2007,51,Virginia,VA,109,1,Detection Monitoring (on-frame),,1,2,0,0,0,0,0,5,1,1,1,1,,,,3251
26-JUL-2007,51,Virginia,VA,109,1,Detection Monitoring (on-frame),,1,3,310,0,0,7,0,5,1,1,1,1,2,,,3251
26-JUL-2007,51,Virginia,VA,109,1,Detection Monitoring (on-frame),,1,4,335,0,0,7,0,5,1,3,3,3,,,,3251
26-JUL-2007,51,Virginia,VA,117,1,Detection Monitoring (on-frame),,1,1,1,0,0,23,,6,1,1,1,1,2,,,2722
26-JUL-2007,51,Virginia,VA,117,1,Detection Monitoring (on-frame),,1,2,0,0,0,0,0,6,0,,,3,,,,2722
26-JUL-2007,51,Virginia,VA,117,1,Detection Monitoring (on-frame),,1,3,235,0,0,17,0,6,1,1,1,1,,,,2722
26-JUL-2007,51,Virginia,VA,117,1,Detection Monitoring (on-frame),,1,4,60,0,0,23,.6,2,1,2,2,2,,,,2722
26-JUL-2007,51,Virginia,VA,117,1,Detection Monitoring (on-frame),,1,1,183,0,0,14,,2,1,1,1,1,,,,2727
26-JUL-2007,51,Virginia,VA,117,1,Detection Monitoring (on-frame),,1,2,40,0,0,12,0,1,1,1,1,1,,,,2727
26-JUL-2007,51,Virginia,VA,117,1,Detection Monitoring (on-frame),,1,3,173,0,0,14,0,2,1,1,1,1,,,,2727
26-JUL-2007,51,Virginia,VA,117,1,Detection Monitoring (on-frame),,1,4,178,0,0,11,0,2,1,1,1,1,,,,2727
26-JUL-2007,51,Virginia,VA,141,1,Detection Monitoring (on-frame),,1,1,180,0,0,6,,6,1,1,1,1,,,,2763
26-JUL-2007,51,Virginia,VA,141,1,Detection Monitoring (on-frame),,1,2,101,0,0,25,.1,2,1,1,1,1,,,,2763
26-JUL-2007,51,Virginia,VA,141,1,Detection Monitoring (on-frame),,1,3,286,0,0,28,.1,2,1,2,2,2,,,,2763
26-JUL-2007,51,Virginia,VA,141,1,Detection Monitoring (on-frame),,1,4,108,0,0,34,.5,2,1,2,2,2,,,,2763
26-JUL-2007,51,Virginia,VA,143,1,Detection Monitoring (on-frame),,1,1,0,0,0,0,,3,1,1,1,1,,,,2747
26-JUL-2007,51,Virginia,VA,143,1,Detection Monitoring (on-frame),,1,2,0,0,0,0,0,3,1,2,2,2,,,,2747
26-JUL-2007,51,Virginia,VA,143,1,Detection Monitoring (on-frame),,1,3,,,,,0,,0,,,3,,,,2747
26-JUL-2007,51,Virginia,VA,143,1,Detection Monitoring (on-frame),,1,4,0,0,0,0,0,3,1,2,2,2,,,,2747
26-JUL-2007,51,Virginia,VA,147,1,Detection Monitoring (on-frame),,1,1,120,0,0,20,,2,1,1,1,1,,,,3255
26-JUL-2007,51,Virginia,VA,147,1,Detection Monitoring (on-frame),,1,2,0,0,0,0,0,1,1,1,1,1,,,,3255
26-JUL-2007,51,Virginia,VA,147,1,Detection Monitoring (on-frame),,1,3,120,0,0,10,11.8,4,1,1,1,1,,,,3255
26-JUL-2007,51,Virginia,VA,147,1,Detection Monitoring (on-frame),,1,4,,,,,0,,0,,,2,,,,3255
26-JUL-2007,51,Virginia,VA,163,1,Detection Monitoring (on-frame),,1,1,360,0,0,17,,2,1,1,1,1,,,,3287
26-JUL-2007,51,Virginia,VA,163,1,Detection Monitoring (on-frame),,1,2,360,0,0,12,0,2,0,,,2,,,,3287
26-JUL-2007,51,Virginia,VA,163,1,Detection Monitoring (on-frame),,1,3,360,0,0,16,.1,2,1,1,1,1,,,,3287
26-JUL-2007,51,Virginia,VA,163,1,Detection Monitoring (on-frame),,1,4,30,0,0,28,.1,2,1,1,1,1,2,,,3287
26-JUL-2007,51,Virginia,VA,163,1,Detection Monitoring (on-frame),,1,1,,,,,,,0,,,1,,,,3289
26-JUL-2007,51,Virginia,VA,163,1,Detection Monitoring (on-frame),,1,2,28,0,0,27,4.5,,1,2,2,2,,,,3289
26-JUL-2007,51,Virginia,VA,163,1,Detection Monitoring (on-frame),,1,3,343,0,0,17,0,,1,1,1,1,2,,,3289
26-JUL-2007,51,Virginia,VA,163,1,Detection Monitoring (on-frame),,1,4,344,0,0,7,.2,,1,2,2,2,,,,3289
26-JUL-2007,51,Virginia,VA,165,1,Detection Monitoring (on-frame),,1,1,0,0,0,3,,5,1,1,1,1,,,,4039
26-JUL-2007,51,Virginia,VA,165,1,Detection Monitoring (on-frame),,1,2,0,0,0,3,0,5,1,1,1,1,,,,4039
26-JUL-2007,51,Virginia,VA,165,1,Detection Monitoring (on-frame),,1,3,325,0,0,6,0,5,1,1,1,1,,,,4039
26-JUL-2007,51,Virginia,VA,165,1,Detection Monitoring (on-frame),,1,4,60,0,0,5,0,5,1,1,1,1,,,,4039
26-JUL-2007,51,Virginia,VA,171,1,Detection Monitoring (on-frame),,1,1,180,0,0,52,,2,1,1,1,1,,,,4050
26-JUL-2007,51,Virginia,VA,171,1,Detection Monitoring (on-frame),,1,2,180,0,0,55,.1,2,1,1,1,1,,,,4050
26-JUL-2007,51,Virginia,VA,171,1,Detection Monitoring (on-frame),,1,3,0,0,0,0,.7,3,0,,,2,,,,4050
26-JUL-2007,51,Virginia,VA,171,1,Detection Monitoring (on-frame),,1,4,0,0,0,0,.8,3,0,,,2,,,,4050
26-JUL-2007,51,Virginia,VA,177,1,Detection Monitoring (on-frame),,1,1,160,0,0,7,,3,1,1,1,1,,,,4014
26-JUL-2007,51,Virginia,VA,177,1,Detection Monitoring (on-frame),,1,2,0,0,0,0,0,2,1,1,1,1,,,,4014
26-JUL-2007,51,Virginia,VA,177,1,Detection Monitoring (on-frame),,1,3,0,0,0,0,0,5,1,2,1,1,2,,,4014
26-JUL-2007,51,Virginia,VA,177,1,Detection Monitoring (on-frame),,1,4,0,0,0,0,0,5,1,1,1,1,,,,4014
26-JUL-2007,51,Virginia,VA,193,1,Detection Monitoring (on-frame),,1,1,0,0,0,0,,5,1,1,1,1,,,,3982
26-JUL-2007,51,Virginia,VA,193,1,Detection Monitoring (on-frame),,1,2,0,0,0,0,0,5,1,1,1,1,,,,3982
26-JUL-2007,51,Virginia,VA,193,1,Detection Monitoring (on-frame),,1,3,0,0,0,0,0,5,1,1,1,1,,,,3982
26-JUL-2007,51,Virginia,VA,193,1,Detection Monitoring (on-frame),,1,4,0,0,0,0,0,5,1,1,1,1,,,,3982
26-JUL-2007,51,Virginia,VA,800,1,Detection Monitoring (on-frame),,1,1,0,0,0,0,,6,1,1,1,1,,,,2692
26-JUL-2007,51,Virginia,VA,800,1,Detection Monitoring (on-frame),,1,2,0,0,0,0,0,6,1,1,1,1,,,,2692
26-JUL-2007,51,Virginia,VA,800,1,Detection Monitoring (on-frame),,1,3,0,0,0,0,0,6,1,2,1,1,2,,,2692
26-JUL-2007,51,Virginia,VA,800,1,Detection Monitoring (on-frame),,1,4,0,0,0,0,0,6,1,1,1,1,,,,2692
