LAST_UPDATE,STATE,STATE_DESCR,STATE_ABBREV,COUNTY,PROJECT,PROJECT_DESCR,HEXAGON_NBR,PLOT_NBR,POINT_NBR,ASPECT,MICROPLOT_OFFSET,SUBPLOT_OFFSET,PCT_SLOPE,SLOPE_CORRECTION,TERRAIN_POSITION,CURRENT_POINT_STATUS,MICROPLOT_CNTR_COND,SUBPLOT_CNTR_COND,SUBPLOT_COND_CLASS1,SUBPLOT_COND_CLASS2,SUBPLOT_COND_CLASS3,SUBPLOT_COND_CLASS4,P3ID
26-JUL-2007,51,Virginia,VA,1,1,Detection Monitoring (on-frame),,1,1,0,0,0,0,,5,1,,,,,,,3216
26-JUL-2007,51,Virginia,VA,1,1,Detection Monitoring (on-frame),,1,2,0,0,0,0,0,5,1,,,,,,,3216
26-JUL-2007,51,Virginia,VA,1,1,Detection Monitoring (on-frame),,1,3,0,0,0,0,0,5,1,,,,,,,3216
26-JUL-2007,51,Virginia,VA,1,1,Detection Monitoring (on-frame),,1,4,0,0,0,0,0,5,1,,,,,,,3216
26-JUL-2007,51,Virginia,VA,3,1,Detection Monitoring (on-frame),,1,1,110,0,0,18,,2,1,,,,,,,3267
26-JUL-2007,51,Virginia,VA,3,1,Detection Monitoring (on-frame),,1,2,125,0,0,25,.1,2,1,,,,,,,3267
26-JUL-2007,51,Virginia,VA,3,1,Detection Monitoring (on-frame),,1,3,100,0,0,13,.2,2,1,,,,,,,3267
26-JUL-2007,51,Virginia,VA,3,1,Detection Monitoring (on-frame),,1,4,135,0,0,24,.3,2,1,,,,,,,3267
26-JUL-2007,51,Virginia,VA,5,1,Detection Monitoring (on-frame),,1,1,145,0,0,19,,4,1,,,,,,,3285
26-JUL-2007,51,Virginia,VA,5,1,Detection Monitoring (on-frame),,1,2,130,0,0,38,0,2,1,,,,,,,3285
26-JUL-2007,51,Virginia,VA,5,1,Detection Monitoring (on-frame),,1,3,120,0,0,18,0,2,1,,,,,,,3285
26-JUL-2007,51,Virginia,VA,5,1,Detection Monitoring (on-frame),,1,4,135,0,0,24,0,2,1,,,,,,,3285
26-JUL-2007,51,Virginia,VA,5,1,Detection Monitoring (on-frame),,1,1,360,0,0,41,,2,1,,,,,,,3303
26-JUL-2007,51,Virginia,VA,5,1,Detection Monitoring (on-frame),,1,2,360,0,0,40,.9,2,1,,,,,,,3303
26-JUL-2007,51,Virginia,VA,5,1,Detection Monitoring (on-frame),,1,3,360,0,0,40,1.8,2,1,,,,,,,3303
26-JUL-2007,51,Virginia,VA,5,1,Detection Monitoring (on-frame),,1,4,360,0,0,40,0,2,1,,,,,,,3303
26-JUL-2007,51,Virginia,VA,5,1,Detection Monitoring (on-frame),,1,1,184,0,0,30,,1,1,,,,,,,3307
26-JUL-2007,51,Virginia,VA,5,1,Detection Monitoring (on-frame),,1,2,260,0,0,45,.3,1,1,,,,,,,3307
26-JUL-2007,51,Virginia,VA,5,1,Detection Monitoring (on-frame),,1,3,117,0,0,60,1.4,2,1,,,,,,,3307
26-JUL-2007,51,Virginia,VA,5,1,Detection Monitoring (on-frame),,1,4,280,0,0,47,.9,1,1,,,,,,,3307
26-JUL-2007,51,Virginia,VA,7,1,Detection Monitoring (on-frame),,1,1,0,0,0,0,,2,1,,,,,,,3257
26-JUL-2007,51,Virginia,VA,7,1,Detection Monitoring (on-frame),,1,2,0,0,0,0,0,5,1,,,,,,,3257
26-JUL-2007,51,Virginia,VA,7,1,Detection Monitoring (on-frame),,1,3,180,0,0,9,0,2,1,,,,,,,3257
26-JUL-2007,51,Virginia,VA,7,1,Detection Monitoring (on-frame),,1,4,220,0,0,12,0,2,1,,,,,,,3257
26-JUL-2007,51,Virginia,VA,11,1,Detection Monitoring (on-frame),,1,1,110,0,0,10,,4,1,,,,,,,3261
26-JUL-2007,51,Virginia,VA,11,1,Detection Monitoring (on-frame),,1,2,125,0,0,20,0,2,1,,,,,,,3261
26-JUL-2007,51,Virginia,VA,11,1,Detection Monitoring (on-frame),,1,3,295,0,0,30,0,2,1,,,,,,,3261
26-JUL-2007,51,Virginia,VA,11,1,Detection Monitoring (on-frame),,1,4,112,0,0,15,0,2,1,,,,,,,3261
26-JUL-2007,51,Virginia,VA,15,1,Detection Monitoring (on-frame),,1,1,260,0,0,6,,4,1,,,,,,,4035
26-JUL-2007,51,Virginia,VA,15,1,Detection Monitoring (on-frame),,1,2,216,0,0,24,6,2,1,,,,,,,4035
26-JUL-2007,51,Virginia,VA,15,1,Detection Monitoring (on-frame),,1,3,272,0,0,6,0,4,1,,,,,,,4035
26-JUL-2007,51,Virginia,VA,15,1,Detection Monitoring (on-frame),,1,4,334,0,0,14,0,4,1,,,,,,,4035
26-JUL-2007,51,Virginia,VA,15,1,Detection Monitoring (on-frame),,1,1,293,0,0,53,,2,1,,,,,,,4055
26-JUL-2007,51,Virginia,VA,15,1,Detection Monitoring (on-frame),,1,2,245,0,0,52,1.1,2,1,,,,,,,4055
26-JUL-2007,51,Virginia,VA,15,1,Detection Monitoring (on-frame),,1,3,300,0,0,25,.6,1,1,,,,,,,4055
26-JUL-2007,51,Virginia,VA,15,1,Detection Monitoring (on-frame),,1,4,300,0,0,60,.9,2,1,,,,,,,4055
26-JUL-2007,51,Virginia,VA,15,1,Detection Monitoring (on-frame),,1,1,120,0,0,28,,1,1,,,,,,,4061
26-JUL-2007,51,Virginia,VA,15,1,Detection Monitoring (on-frame),,1,2,103,0,0,10,0,1,1,,,,,,,4061
26-JUL-2007,51,Virginia,VA,15,1,Detection Monitoring (on-frame),,1,3,89,0,0,58,1.2,2,1,,,,,,,4061
26-JUL-2007,51,Virginia,VA,15,1,Detection Monitoring (on-frame),,1,4,85,0,0,14,.1,1,1,,,,,,,4061
26-JUL-2007,51,Virginia,VA,17,1,Detection Monitoring (on-frame),,1,1,330,0,0,18,,2,1,,,,,,,3290
26-JUL-2007,51,Virginia,VA,17,1,Detection Monitoring (on-frame),,1,2,330,0,0,15,.1,2,1,,,,,,,3290
26-JUL-2007,51,Virginia,VA,17,1,Detection Monitoring (on-frame),,1,3,330,0,0,18,.2,2,1,,,,,,,3290
26-JUL-2007,51,Virginia,VA,17,1,Detection Monitoring (on-frame),,1,4,330,0,0,18,0,2,1,,,,,,,3290
26-JUL-2007,51,Virginia,VA,17,1,Detection Monitoring (on-frame),,1,1,145,0,0,36,,1,1,,,,,,,4057
26-JUL-2007,51,Virginia,VA,17,1,Detection Monitoring (on-frame),,1,2,320,0,0,26,.1,1,1,,,,,,,4057
26-JUL-2007,51,Virginia,VA,17,1,Detection Monitoring (on-frame),,1,3,150,0,0,32,.6,1,1,,,,,,,4057
26-JUL-2007,51,Virginia,VA,17,1,Detection Monitoring (on-frame),,1,4,155,0,0,35,0,1,1,,,,,,,4057
26-JUL-2007,51,Virginia,VA,19,1,Detection Monitoring (on-frame),,1,1,120,0,0,33,,2,1,,,,,,,3279
26-JUL-2007,51,Virginia,VA,19,1,Detection Monitoring (on-frame),,1,2,330,0,0,50,.8,2,1,,,,,,,3279
26-JUL-2007,51,Virginia,VA,19,1,Detection Monitoring (on-frame),,1,3,280,0,0,30,.7,2,1,,,,,,,3279
26-JUL-2007,51,Virginia,VA,19,1,Detection Monitoring (on-frame),,1,4,300,0,0,35,0,2,1,,,,,,,3279
26-JUL-2007,51,Virginia,VA,19,1,Detection Monitoring (on-frame),,1,1,50,0,0,24,,2,1,,,,,,,3283
26-JUL-2007,51,Virginia,VA,19,1,Detection Monitoring (on-frame),,1,2,47,0,0,51,.4,2,1,,,,,,,3283
26-JUL-2007,51,Virginia,VA,19,1,Detection Monitoring (on-frame),,1,3,40,0,0,30,0,2,1,,,,,,,3283
26-JUL-2007,51,Virginia,VA,19,1,Detection Monitoring (on-frame),,1,4,132,0,0,5,.1,1,1,,,,,,,3283
26-JUL-2007,51,Virginia,VA,21,1,Detection Monitoring (on-frame),,1,1,200,0,0,37,,2,1,,,,,,,3313
26-JUL-2007,51,Virginia,VA,21,1,Detection Monitoring (on-frame),,1,2,360,0,0,67,.6,1,1,,,,,,,3313
26-JUL-2007,51,Virginia,VA,21,1,Detection Monitoring (on-frame),,1,3,264,0,0,25,0,4,1,,,,,,,3313
26-JUL-2007,51,Virginia,VA,21,1,Detection Monitoring (on-frame),,1,4,180,0,0,37,0,2,1,,,,,,,3313
26-JUL-2007,51,Virginia,VA,23,1,Detection Monitoring (on-frame),,1,1,165,0,0,45,,1,1,,,,,,,3284
26-JUL-2007,51,Virginia,VA,23,1,Detection Monitoring (on-frame),,1,2,164,0,0,47,1.2,2,1,,,,,,,3284
26-JUL-2007,51,Virginia,VA,23,1,Detection Monitoring (on-frame),,1,3,170,0,0,26,.5,2,1,,,,,,,3284
26-JUL-2007,51,Virginia,VA,23,1,Detection Monitoring (on-frame),,1,4,180,0,0,17,.1,2,1,,,,,,,3284
26-JUL-2007,51,Virginia,VA,25,1,Detection Monitoring (on-frame),,1,1,0,0,0,0,,2,1,,,,,,,2712
26-JUL-2007,51,Virginia,VA,25,1,Detection Monitoring (on-frame),,1,2,0,0,0,0,0,2,1,,,,,,,2712
26-JUL-2007,51,Virginia,VA,25,1,Detection Monitoring (on-frame),,1,3,0,0,0,0,0,2,1,,,,,,,2712
26-JUL-2007,51,Virginia,VA,25,1,Detection Monitoring (on-frame),,1,4,0,0,0,0,0,5,1,,,,,,,2712
26-JUL-2007,51,Virginia,VA,27,1,Detection Monitoring (on-frame),,1,1,90,0,0,41,,2,1,,,,,,,3317
26-JUL-2007,51,Virginia,VA,27,1,Detection Monitoring (on-frame),,1,2,0,0,0,0,.4,2,1,,,,,,,3317
26-JUL-2007,51,Virginia,VA,27,1,Detection Monitoring (on-frame),,1,3,0,0,0,0,.3,2,1,,,,,,,3317
26-JUL-2007,51,Virginia,VA,27,1,Detection Monitoring (on-frame),,1,4,0,0,0,0,0,2,1,,,,,,,3317
26-JUL-2007,51,Virginia,VA,27,1,Detection Monitoring (on-frame),,1,1,190,0,0,67,,2,1,,,,,,,3337
26-JUL-2007,51,Virginia,VA,27,1,Detection Monitoring (on-frame),,1,2,205,0,0,66,4.4,1,1,,,,,,,3337
26-JUL-2007,51,Virginia,VA,27,1,Detection Monitoring (on-frame),,1,3,215,0,0,70,0,2,1,,,,,,,3337
26-JUL-2007,51,Virginia,VA,27,1,Detection Monitoring (on-frame),,1,4,190,0,0,60,.5,2,1,,,,,,,3337
26-JUL-2007,51,Virginia,VA,29,1,Detection Monitoring (on-frame),,1,1,0,0,0,3,,6,1,,,,,,,3260
26-JUL-2007,51,Virginia,VA,29,1,Detection Monitoring (on-frame),,1,2,170,0,0,5,0,6,1,,,,,,,3260
26-JUL-2007,51,Virginia,VA,29,1,Detection Monitoring (on-frame),,1,3,0,0,0,0,0,6,1,,,,,,,3260
26-JUL-2007,51,Virginia,VA,29,1,Detection Monitoring (on-frame),,1,4,0,0,0,0,0,6,1,,,,,,,3260
26-JUL-2007,51,Virginia,VA,29,1,Detection Monitoring (on-frame),,1,1,30,0,0,18,,2,1,,,,,,,3265
26-JUL-2007,51,Virginia,VA,29,1,Detection Monitoring (on-frame),,1,2,265,0,0,20,0,6,1,,,,,,,3265
26-JUL-2007,51,Virginia,VA,29,1,Detection Monitoring (on-frame),,1,3,0,0,0,0,0,6,1,,,,,,,3265
26-JUL-2007,51,Virginia,VA,29,1,Detection Monitoring (on-frame),,1,4,0,0,0,0,.1,2,1,,,,,,,3265
26-JUL-2007,51,Virginia,VA,31,1,Detection Monitoring (on-frame),,1,1,25,0,0,32,,2,1,,,,,,,3274
26-JUL-2007,51,Virginia,VA,31,1,Detection Monitoring (on-frame),,1,2,0,0,0,0,.1,5,1,,,,,,,3274
26-JUL-2007,51,Virginia,VA,31,1,Detection Monitoring (on-frame),,1,3,0,0,0,0,0,2,1,,,,,,,3274
26-JUL-2007,51,Virginia,VA,31,1,Detection Monitoring (on-frame),,1,4,0,0,0,0,.1,1,1,,,,,,,3274
26-JUL-2007,51,Virginia,VA,31,1,Detection Monitoring (on-frame),,1,1,300,0,0,35,,2,1,,,,,,,3275
26-JUL-2007,51,Virginia,VA,31,1,Detection Monitoring (on-frame),,1,2,1,0,0,27,.2,2,1,,,,,,,3275
26-JUL-2007,51,Virginia,VA,31,1,Detection Monitoring (on-frame),,1,3,330,0,0,5,0,2,1,,,,,,,3275
26-JUL-2007,51,Virginia,VA,31,1,Detection Monitoring (on-frame),,1,4,74,0,0,15,0,2,1,,,,,,,3275
26-JUL-2007,51,Virginia,VA,31,1,Detection Monitoring (on-frame),,1,1,15,0,0,30,,2,1,,,,,,,3276
26-JUL-2007,51,Virginia,VA,31,1,Detection Monitoring (on-frame),,1,2,22,0,0,14,.1,2,1,,,,,,,3276
26-JUL-2007,51,Virginia,VA,31,1,Detection Monitoring (on-frame),,1,3,5,0,0,13,0,2,1,,,,,,,3276
26-JUL-2007,51,Virginia,VA,31,1,Detection Monitoring (on-frame),,1,4,0,0,0,0,0,2,0,,,,,,,3276
26-JUL-2007,51,Virginia,VA,33,1,Detection Monitoring (on-frame),,1,1,285,0,0,10,,4,1,,,,,,,4012
26-JUL-2007,51,Virginia,VA,33,1,Detection Monitoring (on-frame),,1,2,295,0,0,8,0,4,1,,,,,,,4012
26-JUL-2007,51,Virginia,VA,33,1,Detection Monitoring (on-frame),,1,3,0,0,0,2,0,4,1,,,,,,,4012
26-JUL-2007,51,Virginia,VA,33,1,Detection Monitoring (on-frame),,1,4,40,0,0,12,0,4,1,,,,,,,4012
26-JUL-2007,51,Virginia,VA,33,1,Detection Monitoring (on-frame),,1,1,270,0,0,45,,4,1,,,,,,,4013
26-JUL-2007,51,Virginia,VA,33,1,Detection Monitoring (on-frame),,1,2,0,0,0,0,0,4,1,,,,,,,4013
26-JUL-2007,51,Virginia,VA,33,1,Detection Monitoring (on-frame),,1,3,0,0,0,0,0,2,1,,,,,,,4013
26-JUL-2007,51,Virginia,VA,33,1,Detection Monitoring (on-frame),,1,4,0,0,0,0,0,4,1,,,,,,,4013
26-JUL-2007,51,Virginia,VA,35,1,Detection Monitoring (on-frame),,1,1,0,0,0,0,,2,0,,,,,,,2766
26-JUL-2007,51,Virginia,VA,35,1,Detection Monitoring (on-frame),,1,2,295,0,0,15,0,2,1,,,,,,,2766
26-JUL-2007,51,Virginia,VA,35,1,Detection Monitoring (on-frame),,1,3,130,0,0,31,.1,2,1,,,,,,,2766
26-JUL-2007,51,Virginia,VA,35,1,Detection Monitoring (on-frame),,1,4,0,0,0,0,0,2,0,,,,,,,2766
26-JUL-2007,51,Virginia,VA,36,1,Detection Monitoring (on-frame),,1,1,0,0,0,0,,5,1,,,,,,,3237
26-JUL-2007,51,Virginia,VA,36,1,Detection Monitoring (on-frame),,1,2,0,0,0,0,0,5,1,,,,,,,3237
26-JUL-2007,51,Virginia,VA,36,1,Detection Monitoring (on-frame),,1,3,0,0,0,0,0,5,1,,,,,,,3237
26-JUL-2007,51,Virginia,VA,36,1,Detection Monitoring (on-frame),,1,4,0,0,0,0,0,5,1,,,,,,,3237
26-JUL-2007,51,Virginia,VA,37,1,Detection Monitoring (on-frame),,1,1,190,0,0,17,,2,1,,,,,,,2728
26-JUL-2007,51,Virginia,VA,37,1,Detection Monitoring (on-frame),,1,2,0,0,0,0,2.4,2,1,,,,,,,2728
26-JUL-2007,51,Virginia,VA,37,1,Detection Monitoring (on-frame),,1,3,0,0,0,0,0,2,1,,,,,,,2728
26-JUL-2007,51,Virginia,VA,37,1,Detection Monitoring (on-frame),,1,4,0,0,0,0,.1,6,1,,,,,,,2728
26-JUL-2007,51,Virginia,VA,41,1,Detection Monitoring (on-frame),,1,1,120,0,0,8,,3,1,,,,,,,3238
26-JUL-2007,51,Virginia,VA,41,1,Detection Monitoring (on-frame),,1,2,88,0,0,9,0,3,1,,,,,,,3238
26-JUL-2007,51,Virginia,VA,41,1,Detection Monitoring (on-frame),,1,3,127,0,0,5,0,3,1,,,,,,,3238
26-JUL-2007,51,Virginia,VA,41,1,Detection Monitoring (on-frame),,1,4,126,0,0,14,0,3,1,,,,,,,3238
26-JUL-2007,51,Virginia,VA,41,1,Detection Monitoring (on-frame),,1,1,0,0,0,0,,5,1,,,,,,,3239
26-JUL-2007,51,Virginia,VA,41,1,Detection Monitoring (on-frame),,1,2,0,0,0,0,0,5,1,,,,,,,3239
26-JUL-2007,51,Virginia,VA,41,1,Detection Monitoring (on-frame),,1,3,0,0,0,0,0,5,1,,,,,,,3239
26-JUL-2007,51,Virginia,VA,41,1,Detection Monitoring (on-frame),,1,4,0,0,0,0,0,5,1,,,,,,,3239
26-JUL-2007,51,Virginia,VA,41,1,Detection Monitoring (on-frame),,1,1,0,0,0,0,,5,1,,,,,,,3244
26-JUL-2007,51,Virginia,VA,41,1,Detection Monitoring (on-frame),,1,2,0,0,0,0,0,5,1,,,,,,,3244
26-JUL-2007,51,Virginia,VA,41,1,Detection Monitoring (on-frame),,1,3,0,0,0,0,0,5,1,,,,,,,3244
26-JUL-2007,51,Virginia,VA,41,1,Detection Monitoring (on-frame),,1,4,0,0,0,0,0,5,0,,,,,,,3244
26-JUL-2007,51,Virginia,VA,45,1,Detection Monitoring (on-frame),,1,1,193,0,0,25,,2,1,,,,,,,3298
26-JUL-2007,51,Virginia,VA,45,1,Detection Monitoring (on-frame),,1,2,170,0,0,15,0,2,1,,,,,,,3298
26-JUL-2007,51,Virginia,VA,45,1,Detection Monitoring (on-frame),,1,3,187,0,0,18,0,2,1,,,,,,,3298
26-JUL-2007,51,Virginia,VA,45,1,Detection Monitoring (on-frame),,1,4,210,0,0,25,0,2,1,,,,,,,3298
26-JUL-2007,51,Virginia,VA,47,1,Detection Monitoring (on-frame),,1,1,201,0,0,12,,5,1,,,,,,,4025
26-JUL-2007,51,Virginia,VA,47,1,Detection Monitoring (on-frame),,1,2,209,0,0,22,.1,5,1,,,,,,,4025
26-JUL-2007,51,Virginia,VA,47,1,Detection Monitoring (on-frame),,1,3,272,0,0,9,0,3,1,,,,,,,4025
26-JUL-2007,51,Virginia,VA,47,1,Detection Monitoring (on-frame),,1,4,177,0,0,11,0,5,1,,,,,,,4025
26-JUL-2007,51,Virginia,VA,49,1,Detection Monitoring (on-frame),,1,1,0,0,0,0,,3,1,,,,,,,3259
26-JUL-2007,51,Virginia,VA,49,1,Detection Monitoring (on-frame),,1,2,0,0,0,0,0,3,1,,,,,,,3259
26-JUL-2007,51,Virginia,VA,49,1,Detection Monitoring (on-frame),,1,3,0,0,0,0,0,3,1,,,,,,,3259
26-JUL-2007,51,Virginia,VA,49,1,Detection Monitoring (on-frame),,1,4,0,0,0,0,0,3,1,,,,,,,3259
26-JUL-2007,51,Virginia,VA,49,1,Detection Monitoring (on-frame),,1,1,0,0,0,0,,6,1,,,,,,,3263
26-JUL-2007,51,Virginia,VA,49,1,Detection Monitoring (on-frame),,1,2,0,0,0,0,0,6,1,,,,,,,3263
26-JUL-2007,51,Virginia,VA,49,1,Detection Monitoring (on-frame),,1,3,0,0,0,0,0,6,1,,,,,,,3263
26-JUL-2007,51,Virginia,VA,49,1,Detection Monitoring (on-frame),,1,4,0,0,0,0,0,6,1,,,,,,,3263
26-JUL-2007,51,Virginia,VA,51,1,Detection Monitoring (on-frame),,1,1,0,0,0,0,,2,0,,,,,,,2809
26-JUL-2007,51,Virginia,VA,51,1,Detection Monitoring (on-frame),,1,2,230,0,0,59,.7,2,1,,,,,,,2809
26-JUL-2007,51,Virginia,VA,51,1,Detection Monitoring (on-frame),,1,3,0,0,0,0,0,2,0,,,,,,,2809
26-JUL-2007,51,Virginia,VA,51,1,Detection Monitoring (on-frame),,1,4,230,0,0,49,1.7,2,1,,,,,,,2809
26-JUL-2007,51,Virginia,VA,53,1,Detection Monitoring (on-frame),,1,1,195,0,0,15,,4,1,,,,,,,3232
26-JUL-2007,51,Virginia,VA,53,1,Detection Monitoring (on-frame),,1,2,305,0,0,8,0,5,1,,,,,,,3232
26-JUL-2007,51,Virginia,VA,53,1,Detection Monitoring (on-frame),,1,3,315,0,0,15,0,3,1,,,,,,,3232
26-JUL-2007,51,Virginia,VA,53,1,Detection Monitoring (on-frame),,1,4,215,0,0,8,0,3,1,,,,,,,3232
26-JUL-2007,51,Virginia,VA,57,1,Detection Monitoring (on-frame),,1,1,300,0,0,15,,5,1,,,,,,,3230
26-JUL-2007,51,Virginia,VA,57,1,Detection Monitoring (on-frame),,1,2,300,0,0,15,0,5,1,,,,,,,3230
26-JUL-2007,51,Virginia,VA,57,1,Detection Monitoring (on-frame),,1,3,300,0,0,15,0,5,1,,,,,,,3230
26-JUL-2007,51,Virginia,VA,57,1,Detection Monitoring (on-frame),,1,4,300,0,0,15,0,5,1,,,,,,,3230
26-JUL-2007,51,Virginia,VA,61,1,Detection Monitoring (on-frame),,1,1,0,0,0,0,,5,1,,,,,,,4024
26-JUL-2007,51,Virginia,VA,61,1,Detection Monitoring (on-frame),,1,2,0,0,0,0,0,5,1,,,,,,,4024
26-JUL-2007,51,Virginia,VA,61,1,Detection Monitoring (on-frame),,1,3,0,0,0,0,0,5,1,,,,,,,4024
26-JUL-2007,51,Virginia,VA,61,1,Detection Monitoring (on-frame),,1,4,0,0,0,0,0,5,1,,,,,,,4024
26-JUL-2007,51,Virginia,VA,63,1,Detection Monitoring (on-frame),,1,1,130,0,0,38,,2,1,,,,,,,3291
26-JUL-2007,51,Virginia,VA,63,1,Detection Monitoring (on-frame),,1,2,0,0,0,0,.1,2,1,,,,,,,3291
26-JUL-2007,51,Virginia,VA,63,1,Detection Monitoring (on-frame),,1,3,0,0,0,0,.8,2,1,,,,,,,3291
26-JUL-2007,51,Virginia,VA,63,1,Detection Monitoring (on-frame),,1,4,0,0,0,0,0,2,1,,,,,,,3291
26-JUL-2007,51,Virginia,VA,65,1,Detection Monitoring (on-frame),,1,1,0,0,0,2,,5,1,,,,,,,3270
26-JUL-2007,51,Virginia,VA,65,1,Detection Monitoring (on-frame),,1,2,65,0,0,8,0,6,1,,,,,,,3270
26-JUL-2007,51,Virginia,VA,65,1,Detection Monitoring (on-frame),,1,3,0,0,0,3,0,5,1,,,,,,,3270
26-JUL-2007,51,Virginia,VA,65,1,Detection Monitoring (on-frame),,1,4,275,0,0,8,0,5,1,,,,,,,3270
26-JUL-2007,51,Virginia,VA,69,1,Detection Monitoring (on-frame),,1,1,177,0,0,40,,2,1,,,,,,,4806
26-JUL-2007,51,Virginia,VA,69,1,Detection Monitoring (on-frame),,1,2,175,0,0,40,.9,2,1,,,,,,,4806
26-JUL-2007,51,Virginia,VA,69,1,Detection Monitoring (on-frame),,1,3,180,0,0,15,.5,2,1,,,,,,,4806
26-JUL-2007,51,Virginia,VA,69,1,Detection Monitoring (on-frame),,1,4,145,0,0,42,0,2,1,,,,,,,4806
26-JUL-2007,51,Virginia,VA,71,1,Detection Monitoring (on-frame),,1,1,120,0,0,46,,2,1,,,,,,,3299
26-JUL-2007,51,Virginia,VA,71,1,Detection Monitoring (on-frame),,1,2,110,0,0,42,.9,2,1,,,,,,,3299
26-JUL-2007,51,Virginia,VA,71,1,Detection Monitoring (on-frame),,1,3,114,0,0,58,1.5,2,1,,,,,,,3299
26-JUL-2007,51,Virginia,VA,71,1,Detection Monitoring (on-frame),,1,4,170,0,0,32,0,2,1,,,,,,,3299
26-JUL-2007,51,Virginia,VA,75,1,Detection Monitoring (on-frame),,1,1,0,0,0,0,,5,1,,,,,,,3246
26-JUL-2007,51,Virginia,VA,75,1,Detection Monitoring (on-frame),,1,2,0,0,0,0,0,5,1,,,,,,,3246
26-JUL-2007,51,Virginia,VA,75,1,Detection Monitoring (on-frame),,1,3,0,0,0,0,0,5,1,,,,,,,3246
26-JUL-2007,51,Virginia,VA,75,1,Detection Monitoring (on-frame),,1,4,0,0,0,0,0,5,1,,,,,,,3246
26-JUL-2007,51,Virginia,VA,77,1,Detection Monitoring (on-frame),,1,1,55,0,0,15,,2,1,,,,,,,2786
26-JUL-2007,51,Virginia,VA,77,1,Detection Monitoring (on-frame),,1,2,190,0,0,38,.4,2,1,,,,,,,2786
26-JUL-2007,51,Virginia,VA,77,1,Detection Monitoring (on-frame),,1,3,355,0,0,62,.6,2,1,,,,,,,2786
26-JUL-2007,51,Virginia,VA,77,1,Detection Monitoring (on-frame),,1,4,112,0,0,37,.2,2,1,,,,,,,2786
26-JUL-2007,51,Virginia,VA,81,1,Detection Monitoring (on-frame),,1,1,0,0,0,0,,5,1,,,,,,,2707
26-JUL-2007,51,Virginia,VA,81,1,Detection Monitoring (on-frame),,1,2,0,0,0,0,0,5,0,,,,,,,2707
26-JUL-2007,51,Virginia,VA,81,1,Detection Monitoring (on-frame),,1,3,0,0,0,0,0,5,1,,,,,,,2707
26-JUL-2007,51,Virginia,VA,81,1,Detection Monitoring (on-frame),,1,4,163,0,0,50,0,5,1,,,,,,,2707
26-JUL-2007,51,Virginia,VA,83,1,Detection Monitoring (on-frame),,1,1,0,0,0,0,,5,1,,,,,,,2729
26-JUL-2007,51,Virginia,VA,83,1,Detection Monitoring (on-frame),,1,2,0,0,0,0,0,5,0,,,,,,,2729
26-JUL-2007,51,Virginia,VA,83,1,Detection Monitoring (on-frame),,1,3,0,0,0,0,0,5,1,,,,,,,2729
26-JUL-2007,51,Virginia,VA,83,1,Detection Monitoring (on-frame),,1,4,0,0,0,0,0,5,0,,,,,,,2729
26-JUL-2007,51,Virginia,VA,83,1,Detection Monitoring (on-frame),,1,1,0,0,0,4,,6,1,,,,,,,2731
26-JUL-2007,51,Virginia,VA,83,1,Detection Monitoring (on-frame),,1,2,0,0,0,3,0,6,1,,,,,,,2731
26-JUL-2007,51,Virginia,VA,83,1,Detection Monitoring (on-frame),,1,3,240,0,0,19,.1,2,1,,,,,,,2731
26-JUL-2007,51,Virginia,VA,83,1,Detection Monitoring (on-frame),,1,4,90,0,0,16,.3,1,1,,,,,,,2731
26-JUL-2007,51,Virginia,VA,85,1,Detection Monitoring (on-frame),,1,1,0,0,0,0,,5,1,,,,,,,3249
26-JUL-2007,51,Virginia,VA,85,1,Detection Monitoring (on-frame),,1,2,0,0,0,0,0,5,1,,,,,,,3249
26-JUL-2007,51,Virginia,VA,85,1,Detection Monitoring (on-frame),,1,3,0,0,0,0,0,5,1,,,,,,,3249
26-JUL-2007,51,Virginia,VA,85,1,Detection Monitoring (on-frame),,1,4,0,0,0,0,0,5,1,,,,,,,3249
26-JUL-2007,51,Virginia,VA,91,1,Detection Monitoring (on-frame),,1,1,360,0,0,18,,2,1,,,,,,,4062
26-JUL-2007,51,Virginia,VA,91,1,Detection Monitoring (on-frame),,1,2,0,0,0,0,.2,2,1,,,,,,,4062
26-JUL-2007,51,Virginia,VA,91,1,Detection Monitoring (on-frame),,1,3,0,0,0,0,.1,2,1,,,,,,,4062
26-JUL-2007,51,Virginia,VA,91,1,Detection Monitoring (on-frame),,1,4,0,0,0,0,.3,2,1,,,,,,,4062
26-JUL-2007,51,Virginia,VA,93,1,Detection Monitoring (on-frame),,1,1,0,0,0,0,,5,1,,,,,,,2690
26-JUL-2007,51,Virginia,VA,93,1,Detection Monitoring (on-frame),,1,2,0,0,0,0,0,5,0,,,,,,,2690
26-JUL-2007,51,Virginia,VA,93,1,Detection Monitoring (on-frame),,1,3,0,0,0,0,0,5,1,,,,,,,2690
26-JUL-2007,51,Virginia,VA,93,1,Detection Monitoring (on-frame),,1,4,0,0,0,0,0,5,1,,,,,,,2690
26-JUL-2007,51,Virginia,VA,95,1,Detection Monitoring (on-frame),,1,1,301,0,0,15,,3,1,,,,,,,3225
26-JUL-2007,51,Virginia,VA,95,1,Detection Monitoring (on-frame),,1,2,270,0,0,12,0,3,1,,,,,,,3225
26-JUL-2007,51,Virginia,VA,95,1,Detection Monitoring (on-frame),,1,3,284,0,0,10,.1,3,1,,,,,,,3225
26-JUL-2007,51,Virginia,VA,95,1,Detection Monitoring (on-frame),,1,4,0,0,0,0,0,3,1,,,,,,,3225
26-JUL-2007,51,Virginia,VA,97,1,Detection Monitoring (on-frame),,1,1,0,0,0,4,,5,1,,,,,,,3227
26-JUL-2007,51,Virginia,VA,97,1,Detection Monitoring (on-frame),,1,2,1,0,0,5,0,5,1,,,,,,,3227
26-JUL-2007,51,Virginia,VA,97,1,Detection Monitoring (on-frame),,1,3,293,0,0,8,0,5,1,,,,,,,3227
26-JUL-2007,51,Virginia,VA,97,1,Detection Monitoring (on-frame),,1,4,247,0,0,6,0,5,1,,,,,,,3227
26-JUL-2007,51,Virginia,VA,101,1,Detection Monitoring (on-frame),,1,1,177,0,0,21,,4,1,,,,,,,3248
26-JUL-2007,51,Virginia,VA,101,1,Detection Monitoring (on-frame),,1,2,249,0,0,16,.2,5,1,,,,,,,3248
26-JUL-2007,51,Virginia,VA,101,1,Detection Monitoring (on-frame),,1,3,150,0,0,5,0,5,1,,,,,,,3248
26-JUL-2007,51,Virginia,VA,101,1,Detection Monitoring (on-frame),,1,4,167,0,0,16,0,5,1,,,,,,,3248
26-JUL-2007,51,Virginia,VA,105,1,Detection Monitoring (on-frame),,1,1,82,0,0,24,,2,1,,,,,,,2805
26-JUL-2007,51,Virginia,VA,105,1,Detection Monitoring (on-frame),,1,2,50,0,0,39,.1,2,1,,,,,,,2805
26-JUL-2007,51,Virginia,VA,105,1,Detection Monitoring (on-frame),,1,3,55,0,0,24,0,2,1,,,,,,,2805
26-JUL-2007,51,Virginia,VA,105,1,Detection Monitoring (on-frame),,1,4,45,0,0,23,.2,2,1,,,,,,,2805
26-JUL-2007,51,Virginia,VA,109,1,Detection Monitoring (on-frame),,1,1,311,0,0,5,,5,1,,,,,,,3251
26-JUL-2007,51,Virginia,VA,109,1,Detection Monitoring (on-frame),,1,2,0,0,0,0,0,5,1,,,,,,,3251
26-JUL-2007,51,Virginia,VA,109,1,Detection Monitoring (on-frame),,1,3,310,0,0,7,0,5,1,,,,,,,3251
26-JUL-2007,51,Virginia,VA,109,1,Detection Monitoring (on-frame),,1,4,335,0,0,7,0,5,1,,,,,,,3251
26-JUL-2007,51,Virginia,VA,109,1,Detection Monitoring (on-frame),,1,1,85,0,0,5,,6,1,,,,,,,3269
26-JUL-2007,51,Virginia,VA,109,1,Detection Monitoring (on-frame),,1,2,85,0,0,5,0,6,1,,,,,,,3269
26-JUL-2007,51,Virginia,VA,109,1,Detection Monitoring (on-frame),,1,3,265,0,0,6,0,5,1,,,,,,,3269
26-JUL-2007,51,Virginia,VA,109,1,Detection Monitoring (on-frame),,1,4,90,0,0,5,0,5,1,,,,,,,3269
26-JUL-2007,51,Virginia,VA,111,1,Detection Monitoring (on-frame),,1,1,120,0,0,11,,2,1,,,,,,,3252
26-JUL-2007,51,Virginia,VA,111,1,Detection Monitoring (on-frame),,1,2,100,0,0,13,0,2,1,,,,,,,3252
26-JUL-2007,51,Virginia,VA,111,1,Detection Monitoring (on-frame),,1,3,120,0,0,16,0,2,1,,,,,,,3252
26-JUL-2007,51,Virginia,VA,111,1,Detection Monitoring (on-frame),,1,4,100,0,0,15,0,2,1,,,,,,,3252
26-JUL-2007,51,Virginia,VA,113,1,Detection Monitoring (on-frame),,1,1,60,0,0,40,,1,1,,,,,,,4041
26-JUL-2007,51,Virginia,VA,113,1,Detection Monitoring (on-frame),,1,2,0,0,0,0,.5,1,1,,,,,,,4041
26-JUL-2007,51,Virginia,VA,113,1,Detection Monitoring (on-frame),,1,3,0,0,0,0,.5,1,1,,,,,,,4041
26-JUL-2007,51,Virginia,VA,113,1,Detection Monitoring (on-frame),,1,4,0,0,0,0,1.2,1,1,,,,,,,4041
26-JUL-2007,51,Virginia,VA,117,1,Detection Monitoring (on-frame),,1,1,1,0,0,23,,6,1,,,,,,,2722
26-JUL-2007,51,Virginia,VA,117,1,Detection Monitoring (on-frame),,1,2,0,0,0,0,0,6,0,,,,,,,2722
26-JUL-2007,51,Virginia,VA,117,1,Detection Monitoring (on-frame),,1,3,235,0,0,17,0,6,1,,,,,,,2722
26-JUL-2007,51,Virginia,VA,117,1,Detection Monitoring (on-frame),,1,4,60,0,0,23,.6,2,1,,,,,,,2722
26-JUL-2007,51,Virginia,VA,117,1,Detection Monitoring (on-frame),,1,1,0,0,0,0,,5,1,,,,,,,2724
26-JUL-2007,51,Virginia,VA,117,1,Detection Monitoring (on-frame),,1,2,355,0,0,8,.2,2,1,,,,,,,2724
26-JUL-2007,51,Virginia,VA,117,1,Detection Monitoring (on-frame),,1,3,0,0,0,0,0,5,1,,,,,,,2724
26-JUL-2007,51,Virginia,VA,117,1,Detection Monitoring (on-frame),,1,4,0,0,0,0,0,5,1,,,,,,,2724
26-JUL-2007,51,Virginia,VA,117,1,Detection Monitoring (on-frame),,1,1,183,0,0,14,,2,1,,,,,,,2727
26-JUL-2007,51,Virginia,VA,117,1,Detection Monitoring (on-frame),,1,2,40,0,0,12,0,1,1,,,,,,,2727
26-JUL-2007,51,Virginia,VA,117,1,Detection Monitoring (on-frame),,1,3,173,0,0,14,0,2,1,,,,,,,2727
26-JUL-2007,51,Virginia,VA,117,1,Detection Monitoring (on-frame),,1,4,178,0,0,11,0,2,1,,,,,,,2727
26-JUL-2007,51,Virginia,VA,125,1,Detection Monitoring (on-frame),,1,1,335,0,0,25,,2,1,,,,,,,3268
26-JUL-2007,51,Virginia,VA,125,1,Detection Monitoring (on-frame),,1,2,295,0,0,20,0,6,1,,,,,,,3268
26-JUL-2007,51,Virginia,VA,125,1,Detection Monitoring (on-frame),,1,3,319,0,0,26,.4,2,1,,,,,,,3268
26-JUL-2007,51,Virginia,VA,125,1,Detection Monitoring (on-frame),,1,4,190,0,0,18,0,2,1,,,,,,,3268
26-JUL-2007,51,Virginia,VA,133,1,Detection Monitoring (on-frame),,1,1,0,0,0,0,,5,0,,,,,,,3228
26-JUL-2007,51,Virginia,VA,133,1,Detection Monitoring (on-frame),,1,2,0,0,0,0,0,5,0,,,,,,,3228
26-JUL-2007,51,Virginia,VA,133,1,Detection Monitoring (on-frame),,1,3,0,0,0,0,0,5,1,,,,,,,3228
26-JUL-2007,51,Virginia,VA,133,1,Detection Monitoring (on-frame),,1,4,0,0,0,0,0,5,0,,,,,,,3228
26-JUL-2007,51,Virginia,VA,135,1,Detection Monitoring (on-frame),,1,1,145,0,0,10,,2,1,,,,,,,3233
26-JUL-2007,51,Virginia,VA,135,1,Detection Monitoring (on-frame),,1,2,0,0,0,0,0,3,1,,,,,,,3233
26-JUL-2007,51,Virginia,VA,135,1,Detection Monitoring (on-frame),,1,3,270,0,0,10,0,2,1,,,,,,,3233
26-JUL-2007,51,Virginia,VA,135,1,Detection Monitoring (on-frame),,1,4,0,0,0,0,0,2,1,,,,,,,3233
26-JUL-2007,51,Virginia,VA,137,1,Detection Monitoring (on-frame),,1,1,256,0,0,19,,2,1,,,,,,,4017
26-JUL-2007,51,Virginia,VA,137,1,Detection Monitoring (on-frame),,1,2,281,0,0,10,0,4,1,,,,,,,4017
26-JUL-2007,51,Virginia,VA,137,1,Detection Monitoring (on-frame),,1,3,212,0,0,10,0,4,1,,,,,,,4017
26-JUL-2007,51,Virginia,VA,137,1,Detection Monitoring (on-frame),,1,4,36,0,0,20,.1,4,1,,,,,,,4017
26-JUL-2007,51,Virginia,VA,139,1,Detection Monitoring (on-frame),,1,1,60,0,0,52,,2,1,,,,,,,4043
26-JUL-2007,51,Virginia,VA,139,1,Detection Monitoring (on-frame),,1,2,134,0,0,14,.1,2,1,,,,,,,4043
26-JUL-2007,51,Virginia,VA,139,1,Detection Monitoring (on-frame),,1,3,85,0,0,32,.3,4,1,,,,,,,4043
26-JUL-2007,51,Virginia,VA,139,1,Detection Monitoring (on-frame),,1,4,60,0,0,41,1.1,2,1,,,,,,,4043
26-JUL-2007,51,Virginia,VA,141,1,Detection Monitoring (on-frame),,1,1,180,0,0,6,,6,1,,,,,,,2763
26-JUL-2007,51,Virginia,VA,141,1,Detection Monitoring (on-frame),,1,2,101,0,0,25,.1,2,1,,,,,,,2763
26-JUL-2007,51,Virginia,VA,141,1,Detection Monitoring (on-frame),,1,3,286,0,0,28,.1,2,1,,,,,,,2763
26-JUL-2007,51,Virginia,VA,141,1,Detection Monitoring (on-frame),,1,4,108,0,0,34,.5,2,1,,,,,,,2763
26-JUL-2007,51,Virginia,VA,141,1,Detection Monitoring (on-frame),,1,1,320,0,0,35,,2,1,,,,,,,2764
26-JUL-2007,51,Virginia,VA,141,1,Detection Monitoring (on-frame),,1,2,0,0,0,0,.8,2,1,,,,,,,2764
26-JUL-2007,51,Virginia,VA,141,1,Detection Monitoring (on-frame),,1,3,0,0,0,0,.3,2,1,,,,,,,2764
26-JUL-2007,51,Virginia,VA,141,1,Detection Monitoring (on-frame),,1,4,0,0,0,0,.2,5,1,,,,,,,2764
26-JUL-2007,51,Virginia,VA,141,1,Detection Monitoring (on-frame),,1,1,102,0,0,70,,2,1,,,,,,,2769
26-JUL-2007,51,Virginia,VA,141,1,Detection Monitoring (on-frame),,1,2,116,0,0,58,0,2,1,,,,,,,2769
26-JUL-2007,51,Virginia,VA,141,1,Detection Monitoring (on-frame),,1,3,98,0,0,76,3,2,1,,,,,,,2769
26-JUL-2007,51,Virginia,VA,141,1,Detection Monitoring (on-frame),,1,4,141,0,0,59,1,2,1,,,,,,,2769
26-JUL-2007,51,Virginia,VA,143,1,Detection Monitoring (on-frame),,1,1,20,0,0,9,,2,1,,,,,,,2749
26-JUL-2007,51,Virginia,VA,143,1,Detection Monitoring (on-frame),,1,2,35,0,0,17,0,2,1,,,,,,,2749
26-JUL-2007,51,Virginia,VA,143,1,Detection Monitoring (on-frame),,1,3,5,0,0,7,0,5,1,,,,,,,2749
26-JUL-2007,51,Virginia,VA,143,1,Detection Monitoring (on-frame),,1,4,45,0,0,5,0,2,1,,,,,,,2749
26-JUL-2007,51,Virginia,VA,143,1,Detection Monitoring (on-frame),,1,1,232,0,0,10,,2,1,,,,,,,2750
26-JUL-2007,51,Virginia,VA,143,1,Detection Monitoring (on-frame),,1,2,270,0,0,10,0,2,1,,,,,,,2750
26-JUL-2007,51,Virginia,VA,143,1,Detection Monitoring (on-frame),,1,3,228,0,0,10,0,2,1,,,,,,,2750
26-JUL-2007,51,Virginia,VA,143,1,Detection Monitoring (on-frame),,1,4,52,0,0,9,0,2,1,,,,,,,2750
26-JUL-2007,51,Virginia,VA,147,1,Detection Monitoring (on-frame),,1,1,210,0,0,5,,5,1,,,,,,,3254
26-JUL-2007,51,Virginia,VA,147,1,Detection Monitoring (on-frame),,1,2,335,0,0,8,0,5,1,,,,,,,3254
26-JUL-2007,51,Virginia,VA,147,1,Detection Monitoring (on-frame),,1,3,0,0,0,0,0,2,1,,,,,,,3254
26-JUL-2007,51,Virginia,VA,147,1,Detection Monitoring (on-frame),,1,4,0,0,0,0,0,5,1,,,,,,,3254
26-JUL-2007,51,Virginia,VA,149,1,Detection Monitoring (on-frame),,1,1,0,0,0,0,,5,1,,,,,,,3234
26-JUL-2007,51,Virginia,VA,149,1,Detection Monitoring (on-frame),,1,2,0,0,0,0,0,5,1,,,,,,,3234
26-JUL-2007,51,Virginia,VA,149,1,Detection Monitoring (on-frame),,1,3,0,0,0,0,0,5,1,,,,,,,3234
26-JUL-2007,51,Virginia,VA,149,1,Detection Monitoring (on-frame),,1,4,0,0,0,0,0,5,1,,,,,,,3234
26-JUL-2007,51,Virginia,VA,153,1,Detection Monitoring (on-frame),,1,1,0,0,0,0,,5,1,,,,,,,4029
26-JUL-2007,51,Virginia,VA,153,1,Detection Monitoring (on-frame),,1,2,0,0,0,0,0,5,0,,,,,,,4029
26-JUL-2007,51,Virginia,VA,153,1,Detection Monitoring (on-frame),,1,3,0,0,0,0,0,5,1,,,,,,,4029
26-JUL-2007,51,Virginia,VA,153,1,Detection Monitoring (on-frame),,1,4,0,0,0,0,0,4,1,,,,,,,4029
26-JUL-2007,51,Virginia,VA,157,1,Detection Monitoring (on-frame),,1,1,145,0,0,48,,1,1,,,,,,,4046
26-JUL-2007,51,Virginia,VA,157,1,Detection Monitoring (on-frame),,1,2,150,0,0,47,1,1,1,,,,,,,4046
26-JUL-2007,51,Virginia,VA,157,1,Detection Monitoring (on-frame),,1,3,155,0,0,41,.9,1,1,,,,,,,4046
26-JUL-2007,51,Virginia,VA,157,1,Detection Monitoring (on-frame),,1,4,175,0,0,40,.1,1,1,,,,,,,4046
26-JUL-2007,51,Virginia,VA,159,1,Detection Monitoring (on-frame),,1,1,0,0,0,0,,5,1,,,,,,,3977
26-JUL-2007,51,Virginia,VA,159,1,Detection Monitoring (on-frame),,1,2,0,0,0,0,0,5,1,,,,,,,3977
26-JUL-2007,51,Virginia,VA,159,1,Detection Monitoring (on-frame),,1,3,0,0,0,0,0,5,1,,,,,,,3977
26-JUL-2007,51,Virginia,VA,159,1,Detection Monitoring (on-frame),,1,4,0,0,0,0,0,5,1,,,,,,,3977
26-JUL-2007,51,Virginia,VA,163,1,Detection Monitoring (on-frame),,1,1,120,0,0,63,,2,1,,,,,,,3286
26-JUL-2007,51,Virginia,VA,163,1,Detection Monitoring (on-frame),,1,2,125,0,0,55,1,1,1,,,,,,,3286
26-JUL-2007,51,Virginia,VA,163,1,Detection Monitoring (on-frame),,1,3,112,0,0,49,1.9,2,1,,,,,,,3286
26-JUL-2007,51,Virginia,VA,163,1,Detection Monitoring (on-frame),,1,4,100,0,0,55,1,2,1,,,,,,,3286
26-JUL-2007,51,Virginia,VA,163,1,Detection Monitoring (on-frame),,1,1,360,0,0,17,,2,1,,,,,,,3287
26-JUL-2007,51,Virginia,VA,163,1,Detection Monitoring (on-frame),,1,2,360,0,0,12,0,2,0,,,,,,,3287
26-JUL-2007,51,Virginia,VA,163,1,Detection Monitoring (on-frame),,1,3,360,0,0,16,.1,2,1,,,,,,,3287
26-JUL-2007,51,Virginia,VA,163,1,Detection Monitoring (on-frame),,1,4,30,0,0,28,.1,2,1,,,,,,,3287
26-JUL-2007,51,Virginia,VA,165,1,Detection Monitoring (on-frame),,1,1,0,0,0,3,,5,1,,,,,,,4039
26-JUL-2007,51,Virginia,VA,165,1,Detection Monitoring (on-frame),,1,2,0,0,0,3,0,5,1,,,,,,,4039
26-JUL-2007,51,Virginia,VA,165,1,Detection Monitoring (on-frame),,1,3,325,0,0,6,0,5,1,,,,,,,4039
26-JUL-2007,51,Virginia,VA,165,1,Detection Monitoring (on-frame),,1,4,60,0,0,5,0,5,1,,,,,,,4039
26-JUL-2007,51,Virginia,VA,165,1,Detection Monitoring (on-frame),,1,1,337,0,0,10,,6,1,,,,,,,4045
26-JUL-2007,51,Virginia,VA,165,1,Detection Monitoring (on-frame),,1,2,195,0,0,30,.1,4,1,,,,,,,4045
26-JUL-2007,51,Virginia,VA,165,1,Detection Monitoring (on-frame),,1,3,355,0,0,8,0,5,1,,,,,,,4045
26-JUL-2007,51,Virginia,VA,165,1,Detection Monitoring (on-frame),,1,4,350,0,0,16,0,6,1,,,,,,,4045
26-JUL-2007,51,Virginia,VA,171,1,Detection Monitoring (on-frame),,1,1,180,0,0,52,,2,1,,,,,,,4050
26-JUL-2007,51,Virginia,VA,171,1,Detection Monitoring (on-frame),,1,2,180,0,0,55,.1,2,1,,,,,,,4050
26-JUL-2007,51,Virginia,VA,171,1,Detection Monitoring (on-frame),,1,3,0,0,0,0,.7,3,0,,,,,,,4050
26-JUL-2007,51,Virginia,VA,171,1,Detection Monitoring (on-frame),,1,4,0,0,0,0,.8,3,0,,,,,,,4050
26-JUL-2007,51,Virginia,VA,173,1,Detection Monitoring (on-frame),,1,1,5,0,0,15,,2,1,,,,,,,2787
26-JUL-2007,51,Virginia,VA,173,1,Detection Monitoring (on-frame),,1,2,0,0,0,4,0,3,1,,,,,,,2787
26-JUL-2007,51,Virginia,VA,173,1,Detection Monitoring (on-frame),,1,3,25,0,0,7,0,2,1,,,,,,,2787
26-JUL-2007,51,Virginia,VA,173,1,Detection Monitoring (on-frame),,1,4,335,0,0,15,0,3,1,,,,,,,2787
26-JUL-2007,51,Virginia,VA,173,1,Detection Monitoring (on-frame),,1,1,180,0,0,32,,2,1,,,,,,,2791
26-JUL-2007,51,Virginia,VA,173,1,Detection Monitoring (on-frame),,1,2,0,0,0,0,.5,2,1,,,,,,,2791
26-JUL-2007,51,Virginia,VA,173,1,Detection Monitoring (on-frame),,1,3,0,0,0,0,.4,2,1,,,,,,,2791
26-JUL-2007,51,Virginia,VA,173,1,Detection Monitoring (on-frame),,1,4,0,0,0,0,.5,2,1,,,,,,,2791
26-JUL-2007,51,Virginia,VA,177,1,Detection Monitoring (on-frame),,1,1,160,0,0,7,,3,1,,,,,,,4014
26-JUL-2007,51,Virginia,VA,177,1,Detection Monitoring (on-frame),,1,2,0,0,0,0,0,2,1,,,,,,,4014
26-JUL-2007,51,Virginia,VA,177,1,Detection Monitoring (on-frame),,1,3,0,0,0,0,0,5,1,,,,,,,4014
26-JUL-2007,51,Virginia,VA,177,1,Detection Monitoring (on-frame),,1,4,0,0,0,0,0,5,1,,,,,,,4014
26-JUL-2007,51,Virginia,VA,179,1,Detection Monitoring (on-frame),,1,1,166,0,0,13,,5,1,,,,,,,4020
26-JUL-2007,51,Virginia,VA,179,1,Detection Monitoring (on-frame),,1,2,260,0,0,10,0,5,1,,,,,,,4020
26-JUL-2007,51,Virginia,VA,179,1,Detection Monitoring (on-frame),,1,3,231,0,0,16,0,5,1,,,,,,,4020
26-JUL-2007,51,Virginia,VA,179,1,Detection Monitoring (on-frame),,1,4,100,0,0,14,0,5,1,,,,,,,4020
26-JUL-2007,51,Virginia,VA,181,1,Detection Monitoring (on-frame),,1,1,30,0,0,10,,5,1,,,,,,,3223
26-JUL-2007,51,Virginia,VA,181,1,Detection Monitoring (on-frame),,1,2,0,0,0,0,0,5,0,,,,,,,3223
26-JUL-2007,51,Virginia,VA,181,1,Detection Monitoring (on-frame),,1,3,20,0,0,5,0,3,1,,,,,,,3223
26-JUL-2007,51,Virginia,VA,181,1,Detection Monitoring (on-frame),,1,4,0,0,0,0,0,3,0,,,,,,,3223
26-JUL-2007,51,Virginia,VA,183,1,Detection Monitoring (on-frame),,1,1,0,0,0,0,,6,1,,,,,,,2711
26-JUL-2007,51,Virginia,VA,183,1,Detection Monitoring (on-frame),,1,2,0,0,0,0,0,6,1,,,,,,,2711
26-JUL-2007,51,Virginia,VA,183,1,Detection Monitoring (on-frame),,1,3,0,0,0,0,0,6,1,,,,,,,2711
26-JUL-2007,51,Virginia,VA,183,1,Detection Monitoring (on-frame),,1,4,0,0,0,0,0,6,1,,,,,,,2711
26-JUL-2007,51,Virginia,VA,185,1,Detection Monitoring (on-frame),,1,1,0,0,0,0,,2,0,,,,,,,3311
26-JUL-2007,51,Virginia,VA,185,1,Detection Monitoring (on-frame),,1,2,215,0,0,34,.2,2,1,,,,,,,3311
26-JUL-2007,51,Virginia,VA,185,1,Detection Monitoring (on-frame),,1,3,0,0,0,0,0,2,1,,,,,,,3311
26-JUL-2007,51,Virginia,VA,185,1,Detection Monitoring (on-frame),,1,4,0,0,0,0,0,2,0,,,,,,,3311
26-JUL-2007,51,Virginia,VA,191,1,Detection Monitoring (on-frame),,1,1,250,0,0,35,,2,1,,,,,,,2784
26-JUL-2007,51,Virginia,VA,191,1,Detection Monitoring (on-frame),,1,2,285,0,0,39,0,2,1,,,,,,,2784
26-JUL-2007,51,Virginia,VA,191,1,Detection Monitoring (on-frame),,1,3,275,0,0,40,.4,2,1,,,,,,,2784
26-JUL-2007,51,Virginia,VA,191,1,Detection Monitoring (on-frame),,1,4,250,0,0,27,.5,2,1,,,,,,,2784
26-JUL-2007,51,Virginia,VA,191,1,Detection Monitoring (on-frame),,1,1,90,0,0,22,,2,1,,,,,,,2806
26-JUL-2007,51,Virginia,VA,191,1,Detection Monitoring (on-frame),,1,2,0,0,0,0,.2,2,1,,,,,,,2806
26-JUL-2007,51,Virginia,VA,191,1,Detection Monitoring (on-frame),,1,3,0,0,0,0,.1,2,1,,,,,,,2806
26-JUL-2007,51,Virginia,VA,191,1,Detection Monitoring (on-frame),,1,4,0,0,0,0,.3,1,1,,,,,,,2806
26-JUL-2007,51,Virginia,VA,193,1,Detection Monitoring (on-frame),,1,1,0,0,0,0,,5,1,,,,,,,3982
26-JUL-2007,51,Virginia,VA,193,1,Detection Monitoring (on-frame),,1,2,0,0,0,0,0,5,1,,,,,,,3982
26-JUL-2007,51,Virginia,VA,193,1,Detection Monitoring (on-frame),,1,3,0,0,0,0,0,5,1,,,,,,,3982
26-JUL-2007,51,Virginia,VA,193,1,Detection Monitoring (on-frame),,1,4,0,0,0,0,0,5,1,,,,,,,3982
26-JUL-2007,51,Virginia,VA,195,1,Detection Monitoring (on-frame),,1,1,355,0,0,68,,2,1,,,,,,,2811
26-JUL-2007,51,Virginia,VA,195,1,Detection Monitoring (on-frame),,1,2,5,0,0,70,2.1,2,1,,,,,,,2811
26-JUL-2007,51,Virginia,VA,195,1,Detection Monitoring (on-frame),,1,3,355,0,0,82,2.1,2,1,,,,,,,2811
26-JUL-2007,51,Virginia,VA,195,1,Detection Monitoring (on-frame),,1,4,350,0,0,55,.6,2,1,,,,,,,2811
26-JUL-2007,51,Virginia,VA,550,1,Detection Monitoring (on-frame),,1,1,0,0,0,0,,5,1,,,,,,,2688
26-JUL-2007,51,Virginia,VA,550,1,Detection Monitoring (on-frame),,1,2,0,0,0,0,0,5,1,,,,,,,2688
26-JUL-2007,51,Virginia,VA,550,1,Detection Monitoring (on-frame),,1,3,0,0,0,0,0,5,1,,,,,,,2688
26-JUL-2007,51,Virginia,VA,550,1,Detection Monitoring (on-frame),,1,4,0,0,0,0,0,5,1,,,,,,,2688
26-JUL-2007,51,Virginia,VA,800,1,Detection Monitoring (on-frame),,1,1,0,0,0,0,,6,1,,,,,,,2692
26-JUL-2007,51,Virginia,VA,800,1,Detection Monitoring (on-frame),,1,2,0,0,0,0,0,6,1,,,,,,,2692
26-JUL-2007,51,Virginia,VA,800,1,Detection Monitoring (on-frame),,1,3,0,0,0,0,0,6,1,,,,,,,2692
26-JUL-2007,51,Virginia,VA,800,1,Detection Monitoring (on-frame),,1,4,0,0,0,0,0,6,1,,,,,,,2692
