LAST_UPDATE,STATE,STATE_DESCR,STATE_ABBREV,COUNTY,PROJECT,PROJECT_DESCR,HEXAGON_NBR,PLOT_NBR,CONDITION_CLASS_NBR,LAND_USE_CLASS,LAND_USE_CLASS_DESCR,FOREST_TYPE,FOREST_TYPE_DESCR,PLOT_AREA_PCT,STAND_AGE,STAND_ORIGIN,STAND_SIZE_CLASS,STAND_DENSITY_CHECK,DISTURB_YEAR1,PAST_DISTURB1_1999,DISTURB_YEAR2,PAST_DISTURB2_1999,DISTURB_YEAR3,PAST_DISTURB3_1999,CONDITION_CLASS_CHANGE,P3ID
26-JUL-2007,51,Virginia,VA,5,1,Detection Monitoring (on-frame),,1,1,1,Timberland,520,Chestnut oak,100,68,1,2,0,,,,,,,0,3307
26-JUL-2007,51,Virginia,VA,7,1,Detection Monitoring (on-frame),,1,1,1,Timberland,310,Loblolly pine,62.09105,29,2,2,0,,,,,,,0,3257
26-JUL-2007,51,Virginia,VA,7,1,Detection Monitoring (on-frame),,1,2,1,Timberland,530,White oak-red oak-hickory,37.90895,5,1,3,0,,,,,,,1,3257
26-JUL-2007,51,Virginia,VA,9,1,Detection Monitoring (on-frame),,2,1,1,Timberland,450,Virginia pine-southern red oak,100,32,1,2,0,,,,,,,,3282
26-JUL-2007,51,Virginia,VA,15,1,Detection Monitoring (on-frame),,1,1,1,Timberland,530,White oak-red oak-hickory,75,101,1,1,0,,,,,,,0,4035
26-JUL-2007,51,Virginia,VA,15,1,Detection Monitoring (on-frame),,1,2,1,Timberland,560,Yellow-poplar-white oak-n. red oak,25,3,1,3,0,1996,1,,,,,1,4035
26-JUL-2007,51,Virginia,VA,15,1,Detection Monitoring (on-frame),,1,1,1,Timberland,520,Chestnut oak,75,94,1,2,0,,,,,,,0,4061
26-JUL-2007,51,Virginia,VA,15,1,Detection Monitoring (on-frame),,1,2,11,Dangerous unsafe conditions,,,25,,,,,,,,,,,0,4061
26-JUL-2007,51,Virginia,VA,23,1,Detection Monitoring (on-frame),,1,1,1,Timberland,520,Chestnut oak,100,88,1,1,0,,,,,,,0,3284
26-JUL-2007,51,Virginia,VA,25,1,Detection Monitoring (on-frame),,1,1,1,Timberland,310,Loblolly pine,100,24,2,2,0,,,,,,,1,2712
26-JUL-2007,51,Virginia,VA,29,1,Detection Monitoring (on-frame),,1,1,1,Timberland,580,Black locust,45.314175,20,1,2,0,,,,,,,0,3260
26-JUL-2007,51,Virginia,VA,29,1,Detection Monitoring (on-frame),,1,2,1,Timberland,310,Loblolly pine,4.685825,12,2,3,0,,,,,,,0,3260
26-JUL-2007,51,Virginia,VA,29,1,Detection Monitoring (on-frame),,1,3,8,Marsh,,,50,,,,,,,,,,,1,3260
26-JUL-2007,51,Virginia,VA,31,1,Detection Monitoring (on-frame),,1,1,1,Timberland,330,Virginia pine,100,58,1,2,0,,,,,,,0,3275
26-JUL-2007,51,Virginia,VA,41,1,Detection Monitoring (on-frame),,1,1,1,Timberland,590,Mixed central hardwood,75,28,1,2,0,,,,,,,1,3238
26-JUL-2007,51,Virginia,VA,41,1,Detection Monitoring (on-frame),,1,2,1,Timberland,310,Loblolly pine,25,41,2,2,0,,,,,,,0,3238
26-JUL-2007,51,Virginia,VA,45,1,Detection Monitoring (on-frame),,1,1,1,Timberland,520,Chestnut oak,100,38,1,2,0,,,,,,,0,3298
26-JUL-2007,51,Virginia,VA,47,1,Detection Monitoring (on-frame),,1,1,1,Timberland,450,Virginia pine-southern red oak,75,44,1,1,0,,,,,,,0,4025
26-JUL-2007,51,Virginia,VA,47,1,Detection Monitoring (on-frame),,1,2,1,Timberland,330,Virginia pine,25,29,1,3,0,,,,,,,0,4025
26-JUL-2007,51,Virginia,VA,51,1,Detection Monitoring (on-frame),,1,1,7,Urban and other development,,,50,,,,,,,,,,,0,2809
26-JUL-2007,51,Virginia,VA,51,1,Detection Monitoring (on-frame),,1,2,1,Timberland,530,White oak-red oak-hickory,25,67,1,1,0,,,,,,,0,2809
26-JUL-2007,51,Virginia,VA,51,1,Detection Monitoring (on-frame),,1,3,1,Timberland,998,Indeterminate,25,49,1,1,0,,,,,,,0,2809
26-JUL-2007,51,Virginia,VA,53,1,Detection Monitoring (on-frame),,1,1,1,Timberland,310,Loblolly pine,100,16,2,2,0,,,,,,,0,3232
26-JUL-2007,51,Virginia,VA,75,1,Detection Monitoring (on-frame),,1,1,1,Timberland,330,Virginia pine,75,47,1,2,0,,,,,,,1,3246
26-JUL-2007,51,Virginia,VA,75,1,Detection Monitoring (on-frame),,1,2,1,Timberland,530,White oak-red oak-hickory,14.295125,74,1,1,0,,,,,,,0,3246
26-JUL-2007,51,Virginia,VA,75,1,Detection Monitoring (on-frame),,1,3,7,Urban and other development,,,10.704875,,,,,,,,,,,1,3246
26-JUL-2007,51,Virginia,VA,77,1,Detection Monitoring (on-frame),,1,1,1,Timberland,560,Yellow-poplar-white oak-n. red oak,100,46,1,2,0,,,,,,,0,2786
26-JUL-2007,51,Virginia,VA,83,1,Detection Monitoring (on-frame),,1,1,1,Timberland,720,River birch-sycamore,50,68,1,1,0,,,,,,,1,2729
26-JUL-2007,51,Virginia,VA,83,1,Detection Monitoring (on-frame),,1,2,7,Urban and other development,,,50,,,,,,,,,,,0,2729
26-JUL-2007,51,Virginia,VA,95,1,Detection Monitoring (on-frame),,1,1,1,Timberland,564,Yellow-popular,50,104,1,1,0,,,,,,,0,3225
26-JUL-2007,51,Virginia,VA,95,1,Detection Monitoring (on-frame),,1,2,1,Timberland,310,Loblolly pine,19.57515,37,1,2,0,,,,,,,0,3225
26-JUL-2007,51,Virginia,VA,95,1,Detection Monitoring (on-frame),,1,3,2,Cropland,,,5.42485,,,,,,,,,,,0,3225
26-JUL-2007,51,Virginia,VA,95,1,Detection Monitoring (on-frame),,1,4,7,Urban and other development,,,25,,,,,,,,,,,0,3225
26-JUL-2007,51,Virginia,VA,97,1,Detection Monitoring (on-frame),,1,1,1,Timberland,460,Loblolly pine-hardwood,100,39,1,1,0,,,,,,,0,3227
26-JUL-2007,51,Virginia,VA,101,1,Detection Monitoring (on-frame),,1,1,1,Timberland,562,Sweetgum-yellow-popular,100,14,1,3,0,,,,,,,1,3248
26-JUL-2007,51,Virginia,VA,105,1,Detection Monitoring (on-frame),,1,1,1,Timberland,564,Yellow-popular,75,14,1,3,0,1996,3,,,,,1,2805
26-JUL-2007,51,Virginia,VA,105,1,Detection Monitoring (on-frame),,1,2,1,Timberland,560,Yellow-poplar-white oak-n. red oak,25,33,1,2,0,1996,3,,,,,0,2805
26-JUL-2007,51,Virginia,VA,109,1,Detection Monitoring (on-frame),,1,1,1,Timberland,560,Yellow-poplar-white oak-n. red oak,73.82755,69,1,1,0,,,,,,,0,3251
26-JUL-2007,51,Virginia,VA,109,1,Detection Monitoring (on-frame),,1,2,7,Urban and other development,,,1.17245,,,,,,,,,,,1,3251
26-JUL-2007,51,Virginia,VA,109,1,Detection Monitoring (on-frame),,1,3,1,Timberland,330,Virginia pine,25,69,1,1,0,,,,,,,1,3251
26-JUL-2007,51,Virginia,VA,117,1,Detection Monitoring (on-frame),,1,1,1,Timberland,720,River birch-sycamore,38.471225,23,1,2,0,,,,,,,0,2722
26-JUL-2007,51,Virginia,VA,117,1,Detection Monitoring (on-frame),,1,2,1,Timberland,530,White oak-red oak-hickory,36.528775,88,1,1,0,,,,,,,0,2722
26-JUL-2007,51,Virginia,VA,117,1,Detection Monitoring (on-frame),,1,3,9,Water,,,25,,,,,,,,,,,0,2722
26-JUL-2007,51,Virginia,VA,117,1,Detection Monitoring (on-frame),,1,1,1,Timberland,440,Shortleaf pine-oak,100,6,1,3,0,,,,,,,1,2727
26-JUL-2007,51,Virginia,VA,141,1,Detection Monitoring (on-frame),,1,1,1,Timberland,530,White oak-red oak-hickory,50,54,1,1,0,,,,,,,0,2763
26-JUL-2007,51,Virginia,VA,141,1,Detection Monitoring (on-frame),,1,2,1,Timberland,520,Chestnut oak,50,54,1,1,0,,,,,,,1,2763
26-JUL-2007,51,Virginia,VA,143,1,Detection Monitoring (on-frame),,1,1,1,Timberland,330,Virginia pine,25,20,1,2,0,,,,,,,0,2747
26-JUL-2007,51,Virginia,VA,143,1,Detection Monitoring (on-frame),,1,2,1,Timberland,530,White oak-red oak-hickory,50,46,1,2,0,,,,,,,0,2747
26-JUL-2007,51,Virginia,VA,143,1,Detection Monitoring (on-frame),,1,3,2,Cropland,,,25,,,,,,,,,,,0,2747
26-JUL-2007,51,Virginia,VA,147,1,Detection Monitoring (on-frame),,1,1,1,Timberland,530,White oak-red oak-hickory,75,68,1,1,0,,,,,,,0,3255
26-JUL-2007,51,Virginia,VA,147,1,Detection Monitoring (on-frame),,1,2,2,Cropland,,,25,,,,,,,,,,,0,3255
26-JUL-2007,51,Virginia,VA,163,1,Detection Monitoring (on-frame),,1,1,1,Timberland,520,Chestnut oak,72.0509,44,1,2,0,,,,,,,0,3287
26-JUL-2007,51,Virginia,VA,163,1,Detection Monitoring (on-frame),,1,2,5,Idle farmland,,,27.9491,,,,,,,,,,,0,3287
26-JUL-2007,51,Virginia,VA,163,1,Detection Monitoring (on-frame),,1,1,7,Urban and other development,,,45.515925,,,,,,,,,,,,3289
26-JUL-2007,51,Virginia,VA,163,1,Detection Monitoring (on-frame),,1,2,1,Timberland,560,Yellow-poplar-white oak-n. red oak,54.484075,48,1,1,0,,,,,,,,3289
26-JUL-2007,51,Virginia,VA,165,1,Detection Monitoring (on-frame),,1,1,1,Timberland,520,Chestnut oak,100,79,1,1,0,,,,,,,0,4039
26-JUL-2007,51,Virginia,VA,171,1,Detection Monitoring (on-frame),,1,1,1,Timberland,520,Chestnut oak,50,58,1,2,0,,,,,,,0,4050
26-JUL-2007,51,Virginia,VA,171,1,Detection Monitoring (on-frame),,1,2,7,Urban and other development,,,50,,,,,,,,,,,0,4050
26-JUL-2007,51,Virginia,VA,177,1,Detection Monitoring (on-frame),,1,1,1,Timberland,530,White oak-red oak-hickory,90.516525,77,1,1,0,,,,,,,0,4014
26-JUL-2007,51,Virginia,VA,177,1,Detection Monitoring (on-frame),,1,2,1,Timberland,320,Shortleaf pine,9.483475,47,1,2,0,,,,,,,0,4014
26-JUL-2007,51,Virginia,VA,193,1,Detection Monitoring (on-frame),,1,1,1,Timberland,562,Sweetgum-yellow-popular,100,18,1,3,0,,,,,,,0,3982
26-JUL-2007,51,Virginia,VA,800,1,Detection Monitoring (on-frame),,1,1,1,Timberland,460,Loblolly pine-hardwood,87.780125,23,1,2,0,,,,,,,0,2692
26-JUL-2007,51,Virginia,VA,800,1,Detection Monitoring (on-frame),,1,2,7,Urban and other development,,,12.219875,,,,,,,,,,,0,2692
,51,Virginia,VA,1,1,Detection Monitoring (on-frame),,1,1,8,Marsh,,,100,,,,,,,,,,,,3217
,51,Virginia,VA,3,1,Detection Monitoring (on-frame),,1,1,3,Improved pasture,,,25,,,,,,,,,,,,4033
,51,Virginia,VA,3,1,Detection Monitoring (on-frame),,1,2,6,Other farmland,,,25,,,,,,,,,,,,4033
,51,Virginia,VA,3,1,Detection Monitoring (on-frame),,1,3,9,Water,,,50,,,,,,,,,,,,4033
,51,Virginia,VA,9,1,Detection Monitoring (on-frame),,1,1,10,Access denied,,,100,,,,,,,,,,,,3281
,51,Virginia,VA,27,1,Detection Monitoring (on-frame),,1,1,11,Dangerous unsafe conditions,,,100,,,,,,,,,,,,3332
,51,Virginia,VA,29,1,Detection Monitoring (on-frame),,1,1,5,Idle farmland,,,100,,,,,,,,,,,,3264
,51,Virginia,VA,61,1,Detection Monitoring (on-frame),,1,1,5,Idle farmland,,,25,,,,,,,,,,,,4030
,51,Virginia,VA,61,1,Detection Monitoring (on-frame),,1,2,7,Urban and other development,,,75,,,,,,,,,,,,4030
,51,Virginia,VA,67,1,Detection Monitoring (on-frame),,1,1,3,Improved pasture,,,100,,,,,,,,,,,,3273
,51,Virginia,VA,107,1,Detection Monitoring (on-frame),,1,1,3,Improved pasture,,,100,,,,,,,,,,,,4775
,51,Virginia,VA,121,1,Detection Monitoring (on-frame),,1,1,2,Cropland,,,100,,,,,,,,,,,,3292
,51,Virginia,VA,121,1,Detection Monitoring (on-frame),,1,1,7,Urban and other development,,,100,,,,,,,,,,,,3293
,51,Virginia,VA,139,1,Detection Monitoring (on-frame),,1,1,7,Urban and other development,,,100,,,,,,,,,,,,4042
,51,Virginia,VA,143,1,Detection Monitoring (on-frame),,1,1,2,Cropland,,,25,,,,,,,,,,,,2750
,51,Virginia,VA,143,1,Detection Monitoring (on-frame),,1,2,5,Idle farmland,,,75,,,,,,,,,,,,2750
,51,Virginia,VA,153,1,Detection Monitoring (on-frame),,1,1,7,Urban and other development,,,100,,,,,,,,,,,,4023
,51,Virginia,VA,159,1,Detection Monitoring (on-frame),,1,1,2,Cropland,,,100,,,,,,,,,,,,3229
,51,Virginia,VA,169,1,Detection Monitoring (on-frame),,1,1,3,Improved pasture,,,100,,,,,,,,,,,,2807
,51,Virginia,VA,183,1,Detection Monitoring (on-frame),,1,1,5,Idle farmland,,,100,,,,,,,,,,,,2710
,51,Virginia,VA,191,1,Detection Monitoring (on-frame),,1,1,3,Improved pasture,,,100,,,,,,,,,,,,2789
,51,Virginia,VA,197,1,Detection Monitoring (on-frame),,1,1,3,Improved pasture,,,100,,,,,,,,,,,,2790
,51,Virginia,VA,199,1,Detection Monitoring (on-frame),,1,1,2,Cropland,,,100,,,,,,,,,,,,2687
,51,Virginia,VA,810,1,Detection Monitoring (on-frame),,1,1,7,Urban and other development,,,100,,,,,,,,,,,,2677
