LAST_UPDATE,STATE,STATE_DESCR,STATE_ABBREV,COUNTY,PROJECT,PROJECT_DESCR,HEXAGON_NBR,PLOT_NBR,CONDITION_CLASS_NBR,LAND_USE_CLASS,LAND_USE_CLASS_DESCR,FOREST_TYPE,FOREST_TYPE_DESCR,PLOT_AREA_PCT,STAND_AGE,STAND_ORIGIN,STAND_SIZE_CLASS,DISTURB_YEAR1,PAST_DISTURB1,DISTURB_YEAR2,PAST_DISTURB2,DISTURB_YEAR3,PAST_DISTURB3,CONDITION_CLASS_CHANGE,P3ID
26-JUL-2007,51,Virginia,VA,1,1,Detection Monitoring (on-frame),,1,1,1,Timberland,310,Loblolly pine,100,7,2,3,1983,6,,,,,,3216
26-JUL-2007,51,Virginia,VA,3,1,Detection Monitoring (on-frame),,1,1,1,Timberland,520,Chestnut oak,100,65,1,1,,,,,,,,3267
26-JUL-2007,51,Virginia,VA,5,1,Detection Monitoring (on-frame),,1,1,1,Timberland,540,White oak,100,85,1,1,,,,,,,,3285
26-JUL-2007,51,Virginia,VA,5,1,Detection Monitoring (on-frame),,1,1,1,Timberland,520,Chestnut oak,100,75,1,1,,,,,,,,3303
26-JUL-2007,51,Virginia,VA,5,1,Detection Monitoring (on-frame),,1,1,1,Timberland,520,Chestnut oak,100,60,1,2,,,,,,,,3307
26-JUL-2007,51,Virginia,VA,7,1,Detection Monitoring (on-frame),,1,1,1,Timberland,310,Loblolly pine,50,21,2,2,,,,,,,,3257
26-JUL-2007,51,Virginia,VA,7,1,Detection Monitoring (on-frame),,1,2,1,Timberland,530,White oak-red oak-hickory,31.17,30,1,2,,,,,,,,3257
26-JUL-2007,51,Virginia,VA,7,1,Detection Monitoring (on-frame),,1,3,1,Timberland,530,White oak-red oak-hickory,18.83,15,1,3,,,,,,,,3257
26-JUL-2007,51,Virginia,VA,9,1,Detection Monitoring (on-frame),,1,1,6,Other farmland,,,75,,,,,,,,,,,3281
26-JUL-2007,51,Virginia,VA,9,1,Detection Monitoring (on-frame),,1,2,1,Timberland,530,White oak-red oak-hickory,25,90,1,1,1990,15,,,,,,3281
26-JUL-2007,51,Virginia,VA,11,1,Detection Monitoring (on-frame),,1,1,1,Timberland,530,White oak-red oak-hickory,100,5,1,3,1987,1,,,,,,3261
26-JUL-2007,51,Virginia,VA,15,1,Detection Monitoring (on-frame),,1,1,1,Timberland,530,White oak-red oak-hickory,100,93,1,1,,,,,,,,4035
26-JUL-2007,51,Virginia,VA,15,1,Detection Monitoring (on-frame),,1,1,1,Timberland,330,Virginia pine,100,69,1,1,,,,,,,,4055
26-JUL-2007,51,Virginia,VA,15,1,Detection Monitoring (on-frame),,1,1,1,Timberland,520,Chestnut oak,100,90,1,2,,,,,,,,4061
26-JUL-2007,51,Virginia,VA,17,1,Detection Monitoring (on-frame),,1,1,1,Timberland,520,Chestnut oak,86.94,80,1,1,,,,,,,,3290
26-JUL-2007,51,Virginia,VA,17,1,Detection Monitoring (on-frame),,1,2,1,Timberland,520,Chestnut oak,13.06,10,3,3,1982,1,,,,,,3290
26-JUL-2007,51,Virginia,VA,17,1,Detection Monitoring (on-frame),,1,1,1,Timberland,530,White oak-red oak-hickory,100,91,1,1,,,,,,,,4057
26-JUL-2007,51,Virginia,VA,19,1,Detection Monitoring (on-frame),,1,1,1,Timberland,520,Chestnut oak,100,63,1,1,,,,,,,,3279
26-JUL-2007,51,Virginia,VA,19,1,Detection Monitoring (on-frame),,1,1,1,Timberland,520,Chestnut oak,100,80,1,2,,,,,,,,3283
26-JUL-2007,51,Virginia,VA,21,1,Detection Monitoring (on-frame),,1,1,1,Timberland,450,Virginia pine-southern red oak,100,59,1,1,,,,,,,,3313
26-JUL-2007,51,Virginia,VA,23,1,Detection Monitoring (on-frame),,1,1,1,Timberland,520,Chestnut oak,100,80,1,1,,,,,,,,3284
26-JUL-2007,51,Virginia,VA,25,1,Detection Monitoring (on-frame),,1,1,1,Timberland,310,Loblolly pine,100,16,2,3,,,,,,,,2712
26-JUL-2007,51,Virginia,VA,27,1,Detection Monitoring (on-frame),,1,1,1,Timberland,530,White oak-red oak-hickory,100,65,1,1,1988,14,,,,,,3317
26-JUL-2007,51,Virginia,VA,27,1,Detection Monitoring (on-frame),,1,1,11,Dangerous unsafe conditions,,,100,,,,,,,,,,,3332
26-JUL-2007,51,Virginia,VA,27,1,Detection Monitoring (on-frame),,1,1,1,Timberland,530,White oak-red oak-hickory,100,71,1,1,,,,,,,,3337
26-JUL-2007,51,Virginia,VA,29,1,Detection Monitoring (on-frame),,1,1,1,Timberland,580,Black locust,45.32,15,1,3,1991,16,,,,,,3260
26-JUL-2007,51,Virginia,VA,29,1,Detection Monitoring (on-frame),,1,2,1,Timberland,310,Loblolly pine,4.68,,2,3,,,,,,,,3260
26-JUL-2007,51,Virginia,VA,29,1,Detection Monitoring (on-frame),,1,3,1,Timberland,720,River birch-sycamore,50,75,1,1,,,,,,,,3260
26-JUL-2007,51,Virginia,VA,29,1,Detection Monitoring (on-frame),,1,1,1,Timberland,560,Yellow-poplar-white oak-n. red oak,91.96,38,1,2,,,,,,,,3265
26-JUL-2007,51,Virginia,VA,29,1,Detection Monitoring (on-frame),,1,2,1,Timberland,530,White oak-red oak-hickory,8.04,85,1,1,,,,,,,,3265
26-JUL-2007,51,Virginia,VA,31,1,Detection Monitoring (on-frame),,1,1,1,Timberland,330,Virginia pine,75.39,36,1,2,,,,,,,,3274
26-JUL-2007,51,Virginia,VA,31,1,Detection Monitoring (on-frame),,1,2,5,Idle farmland,,,24.61,,,,,,,,,,,3274
26-JUL-2007,51,Virginia,VA,31,1,Detection Monitoring (on-frame),,1,1,1,Timberland,330,Virginia pine,100,50,1,2,,,,,,,,3275
26-JUL-2007,51,Virginia,VA,31,1,Detection Monitoring (on-frame),,1,1,1,Timberland,530,White oak-red oak-hickory,75,61,1,1,1989,13,,,,,,3276
26-JUL-2007,51,Virginia,VA,31,1,Detection Monitoring (on-frame),,1,2,7,Urban and other development,,,25,,,,,,,,,,,3276
26-JUL-2007,51,Virginia,VA,33,1,Detection Monitoring (on-frame),,1,1,1,Timberland,562,Sweetgum-yellow-popular,54.28,2,1,3,1989,1,,,,,,4012
26-JUL-2007,51,Virginia,VA,33,1,Detection Monitoring (on-frame),,1,2,1,Timberland,310,Loblolly pine,25,20,2,2,,,,,,,,4012
26-JUL-2007,51,Virginia,VA,33,1,Detection Monitoring (on-frame),,1,3,2,Cropland,,,20.72,,,,,,,,,,,4012
26-JUL-2007,51,Virginia,VA,33,1,Detection Monitoring (on-frame),,1,1,1,Timberland,562,Sweetgum-yellow-popular,100,40,1,1,,,,,,,,4013
26-JUL-2007,51,Virginia,VA,35,1,Detection Monitoring (on-frame),,1,1,5,Idle farmland,,,55.42,,,,,,,,,,,2766
26-JUL-2007,51,Virginia,VA,35,1,Detection Monitoring (on-frame),,1,2,1,Timberland,30,White pine,19.58,20,2,3,1982,16,,,,,,2766
26-JUL-2007,51,Virginia,VA,35,1,Detection Monitoring (on-frame),,1,3,1,Timberland,530,White oak-red oak-hickory,25,24,1,2,1988,3,,,,,,2766
26-JUL-2007,51,Virginia,VA,36,1,Detection Monitoring (on-frame),,1,1,1,Timberland,580,Black locust,57.79,19,1,2,1988,3,1989,6,,,,3237
26-JUL-2007,51,Virginia,VA,36,1,Detection Monitoring (on-frame),,1,2,1,Timberland,310,Loblolly pine,25,7,2,3,1983,1,1984,5,1984,6,,3237
26-JUL-2007,51,Virginia,VA,36,1,Detection Monitoring (on-frame),,1,3,5,Idle farmland,,,17.21,,,,,,,,,,,3237
26-JUL-2007,51,Virginia,VA,37,1,Detection Monitoring (on-frame),,1,1,1,Timberland,530,White oak-red oak-hickory,100,12,1,3,,,,,,,,2728
26-JUL-2007,51,Virginia,VA,37,1,Detection Monitoring (on-frame),,1,1,7,Urban and other development,,,75,,,,,,,,,,,3253
26-JUL-2007,51,Virginia,VA,37,1,Detection Monitoring (on-frame),,1,2,1,Timberland,350,Eastern redcedar,25,10,1,3,,,,,,,,3253
26-JUL-2007,51,Virginia,VA,41,1,Detection Monitoring (on-frame),,1,1,1,Timberland,590,Mixed central hardwood,75,20,1,3,,,,,,,,3238
26-JUL-2007,51,Virginia,VA,41,1,Detection Monitoring (on-frame),,1,2,1,Timberland,310,Loblolly pine,25,33,2,2,,,,,,,,3238
26-JUL-2007,51,Virginia,VA,41,1,Detection Monitoring (on-frame),,1,1,1,Timberland,310,Loblolly pine,100,20,2,2,,,,,,,,3239
26-JUL-2007,51,Virginia,VA,41,1,Detection Monitoring (on-frame),,1,1,1,Timberland,530,White oak-red oak-hickory,63.91,70,1,1,,,,,,,,3244
26-JUL-2007,51,Virginia,VA,41,1,Detection Monitoring (on-frame),,1,2,7,Urban and other development,,,36.09,,,,,,,,,,,3244
26-JUL-2007,51,Virginia,VA,45,1,Detection Monitoring (on-frame),,1,1,1,Timberland,520,Chestnut oak,100,30,1,2,1984,1,,,,,,3298
26-JUL-2007,51,Virginia,VA,47,1,Detection Monitoring (on-frame),,1,1,1,Timberland,450,Virginia pine-southern red oak,75,36,1,1,,,,,,,,4025
26-JUL-2007,51,Virginia,VA,47,1,Detection Monitoring (on-frame),,1,2,1,Timberland,330,Virginia pine,25,21,1,3,,,,,,,,4025
26-JUL-2007,51,Virginia,VA,49,1,Detection Monitoring (on-frame),,1,1,1,Timberland,590,Mixed central hardwood,68.71,46,1,1,,,,,,,,3259
26-JUL-2007,51,Virginia,VA,49,1,Detection Monitoring (on-frame),,1,2,7,Urban and other development,,,6.29,,,,,,,,,,,3259
26-JUL-2007,51,Virginia,VA,49,1,Detection Monitoring (on-frame),,1,3,1,Timberland,562,Sweetgum-yellow-popular,25,20,1,3,,,,,,,,3259
26-JUL-2007,51,Virginia,VA,49,1,Detection Monitoring (on-frame),,1,1,1,Timberland,580,Black locust,75,30,1,2,1991,13,1991,16,,,,3263
26-JUL-2007,51,Virginia,VA,49,1,Detection Monitoring (on-frame),,1,2,1,Timberland,330,Virginia pine,25,40,1,2,,,,,,,,3263
26-JUL-2007,51,Virginia,VA,51,1,Detection Monitoring (on-frame),,1,1,7,Urban and other development,,,50,,,,,,,,,,,2809
26-JUL-2007,51,Virginia,VA,51,1,Detection Monitoring (on-frame),,1,2,1,Timberland,530,White oak-red oak-hickory,25,62,1,1,1983,14,,,,,,2809
26-JUL-2007,51,Virginia,VA,51,1,Detection Monitoring (on-frame),,1,3,1,Timberland,998,Indeterminate,25,44,1,1,1991,16,,,,,,2809
26-JUL-2007,51,Virginia,VA,53,1,Detection Monitoring (on-frame),,1,1,1,Timberland,310,Loblolly pine,100,27,2,2,,,,,,,,3232
26-JUL-2007,51,Virginia,VA,57,1,Detection Monitoring (on-frame),,1,1,1,Timberland,530,White oak-red oak-hickory,100,1,1,3,1990,1,,,,,,3230
26-JUL-2007,51,Virginia,VA,61,1,Detection Monitoring (on-frame),,1,1,1,Timberland,450,Virginia pine-southern red oak,100,64,1,1,,,,,,,,4024
26-JUL-2007,51,Virginia,VA,63,1,Detection Monitoring (on-frame),,1,1,1,Timberland,30,White pine,100,53,3,1,1990,4,,,,,,3291
26-JUL-2007,51,Virginia,VA,65,1,Detection Monitoring (on-frame),,1,1,1,Timberland,450,Virginia pine-southern red oak,90.79,46,1,2,,,,,,,,3270
26-JUL-2007,51,Virginia,VA,65,1,Detection Monitoring (on-frame),,1,2,1,Timberland,310,Loblolly pine,9.21,12,2,3,,,,,,,,3270
26-JUL-2007,51,Virginia,VA,69,1,Detection Monitoring (on-frame),,1,1,1,Timberland,520,Chestnut oak,75,95,1,1,1990,12,1990,16,,,,4806
26-JUL-2007,51,Virginia,VA,69,1,Detection Monitoring (on-frame),,1,2,1,Timberland,530,White oak-red oak-hickory,25,40,1,2,1984,3,,,,,,4806
26-JUL-2007,51,Virginia,VA,71,1,Detection Monitoring (on-frame),,1,1,1,Timberland,520,Chestnut oak,100,90,1,1,,,,,,,,3299
26-JUL-2007,51,Virginia,VA,75,1,Detection Monitoring (on-frame),,1,1,1,Timberland,330,Virginia pine,75,38,1,1,1989,13,,,,,,3246
26-JUL-2007,51,Virginia,VA,75,1,Detection Monitoring (on-frame),,1,2,7,Urban and other development,,,16.57,,,,,,,,,,,3246
26-JUL-2007,51,Virginia,VA,75,1,Detection Monitoring (on-frame),,1,3,1,Timberland,530,White oak-red oak-hickory,8.43,50,1,1,,,,,,,,3246
26-JUL-2007,51,Virginia,VA,77,1,Detection Monitoring (on-frame),,1,1,1,Timberland,560,Yellow-poplar-white oak-n. red oak,100,41,1,2,,,,,,,,2786
26-JUL-2007,51,Virginia,VA,81,1,Detection Monitoring (on-frame),,1,1,1,Timberland,562,Sweetgum-yellow-popular,50.19,10,1,3,1989,1,1990,6,,,,2707
26-JUL-2007,51,Virginia,VA,81,1,Detection Monitoring (on-frame),,1,2,7,Urban and other development,,,25,,,,,,,,,,,2707
26-JUL-2007,51,Virginia,VA,81,1,Detection Monitoring (on-frame),,1,3,1,Timberland,562,Sweetgum-yellow-popular,24.81,72,1,1,,,,,,,,2707
26-JUL-2007,51,Virginia,VA,83,1,Detection Monitoring (on-frame),,1,1,1,Timberland,720,River birch-sycamore,50,60,1,3,,,,,,,,2729
26-JUL-2007,51,Virginia,VA,83,1,Detection Monitoring (on-frame),,1,2,7,Urban and other development,,,50,,,,,,,,,,,2729
26-JUL-2007,51,Virginia,VA,83,1,Detection Monitoring (on-frame),,1,1,1,Timberland,560,Yellow-poplar-white oak-n. red oak,100,65,1,1,,,,,,,,2731
26-JUL-2007,51,Virginia,VA,85,1,Detection Monitoring (on-frame),,1,1,1,Timberland,310,Loblolly pine,100,34,1,1,1989,13,,,,,,3249
26-JUL-2007,51,Virginia,VA,91,1,Detection Monitoring (on-frame),,1,1,1,Timberland,550,Northern red oak,100,70,1,1,,,,,,,,4062
26-JUL-2007,51,Virginia,VA,93,1,Detection Monitoring (on-frame),,1,1,1,Timberland,310,Loblolly pine,49.24,5,1,3,1987,10,,,,,,2690
26-JUL-2007,51,Virginia,VA,93,1,Detection Monitoring (on-frame),,1,2,7,Urban and other development,,,25,,,,,,,,,,,2690
26-JUL-2007,51,Virginia,VA,93,1,Detection Monitoring (on-frame),,1,3,1,Timberland,460,Loblolly pine-hardwood,25.76,70,1,1,,,,,,,,2690
26-JUL-2007,51,Virginia,VA,95,1,Detection Monitoring (on-frame),,1,1,1,Timberland,564,Yellow-popular,75,96,1,1,,,,,,,,3225
26-JUL-2007,51,Virginia,VA,95,1,Detection Monitoring (on-frame),,1,2,1,Timberland,310,Loblolly pine,15.25,29,1,2,,,,,,,,3225
26-JUL-2007,51,Virginia,VA,95,1,Detection Monitoring (on-frame),,1,3,2,Cropland,,,9.75,,,,,,,,,,,3225
26-JUL-2007,51,Virginia,VA,97,1,Detection Monitoring (on-frame),,1,1,1,Timberland,564,Yellow-popular,100,35,1,1,,,,,,,,3227
26-JUL-2007,51,Virginia,VA,101,1,Detection Monitoring (on-frame),,1,1,1,Timberland,560,Yellow-poplar-white oak-n. red oak,88.06,6,1,3,1985,1,,,,,,3248
26-JUL-2007,51,Virginia,VA,101,1,Detection Monitoring (on-frame),,1,2,1,Timberland,670,Baldcypress-water tupelo,11.94,4,1,3,1986,1,,,,,,3248
26-JUL-2007,51,Virginia,VA,105,1,Detection Monitoring (on-frame),,1,1,1,Timberland,592,Sassafras-persimmon,83.69,12,1,3,1982,10,,,,,,2805
26-JUL-2007,51,Virginia,VA,105,1,Detection Monitoring (on-frame),,1,2,1,Timberland,560,Yellow-poplar-white oak-n. red oak,14.5,25,1,2,,,,,,,,2805
26-JUL-2007,51,Virginia,VA,105,1,Detection Monitoring (on-frame),,1,3,1,Timberland,560,Yellow-poplar-white oak-n. red oak,1.82,60,1,1,,,,,,,,2805
26-JUL-2007,51,Virginia,VA,109,1,Detection Monitoring (on-frame),,1,1,1,Timberland,560,Yellow-poplar-white oak-n. red oak,100,62,1,1,,,,,,,,3251
26-JUL-2007,51,Virginia,VA,109,1,Detection Monitoring (on-frame),,1,1,1,Timberland,560,Yellow-poplar-white oak-n. red oak,100,46,1,1,,,,,,,,3269
26-JUL-2007,51,Virginia,VA,111,1,Detection Monitoring (on-frame),,1,1,1,Timberland,530,White oak-red oak-hickory,100,14,1,3,1987,13,,,,,,3252
26-JUL-2007,51,Virginia,VA,113,1,Detection Monitoring (on-frame),,1,1,1,Timberland,520,Chestnut oak,100,78,1,1,1991,12,,,,,,4041
26-JUL-2007,51,Virginia,VA,117,1,Detection Monitoring (on-frame),,1,1,1,Timberland,720,River birch-sycamore,13.95,15,1,3,1991,13,,,,,,2722
26-JUL-2007,51,Virginia,VA,117,1,Detection Monitoring (on-frame),,1,2,1,Timberland,530,White oak-red oak-hickory,61.05,80,2,1,,,,,,,,2722
26-JUL-2007,51,Virginia,VA,117,1,Detection Monitoring (on-frame),,1,3,9,Water,,,25,,,,,,,,,,,2722
26-JUL-2007,51,Virginia,VA,117,1,Detection Monitoring (on-frame),,1,1,1,Timberland,310,Loblolly pine,100,15,1,2,,,,,,,,2724
26-JUL-2007,51,Virginia,VA,117,1,Detection Monitoring (on-frame),,1,1,1,Timberland,440,Shortleaf pine-oak,100,63,1,1,,,,,,,,2727
26-JUL-2007,51,Virginia,VA,125,1,Detection Monitoring (on-frame),,1,1,1,Timberland,560,Yellow-poplar-white oak-n. red oak,100,34,1,1,,,,,,,,3268
26-JUL-2007,51,Virginia,VA,133,1,Detection Monitoring (on-frame),,1,1,7,Urban and other development,,,50,,,,,,,,,,,3228
26-JUL-2007,51,Virginia,VA,133,1,Detection Monitoring (on-frame),,1,2,1,Timberland,564,Yellow-popular,25,74,1,1,1991,13,,,,,,3228
26-JUL-2007,51,Virginia,VA,133,1,Detection Monitoring (on-frame),,1,3,2,Cropland,,,25,,,,,,,,,,,3228
26-JUL-2007,51,Virginia,VA,135,1,Detection Monitoring (on-frame),,1,1,1,Timberland,530,White oak-red oak-hickory,75,70,1,1,1985,14,,,,,,3233
26-JUL-2007,51,Virginia,VA,135,1,Detection Monitoring (on-frame),,1,2,1,Timberland,310,Loblolly pine,25,47,1,1,1985,14,,,,,,3233
26-JUL-2007,51,Virginia,VA,137,1,Detection Monitoring (on-frame),,1,1,1,Timberland,450,Virginia pine-southern red oak,100,45,1,1,1991,15,1988,12,,,,4017
26-JUL-2007,51,Virginia,VA,139,1,Detection Monitoring (on-frame),,1,1,1,Timberland,520,Chestnut oak,100,26,1,1,,,,,,,,4043
26-JUL-2007,51,Virginia,VA,141,1,Detection Monitoring (on-frame),,1,1,1,Timberland,530,White oak-red oak-hickory,73.48,46,1,1,,,,,,,,2763
26-JUL-2007,51,Virginia,VA,141,1,Detection Monitoring (on-frame),,1,2,1,Timberland,550,Northern red oak,1.52,46,1,1,1982,15,,,,,,2763
26-JUL-2007,51,Virginia,VA,141,1,Detection Monitoring (on-frame),,1,3,1,Timberland,520,Chestnut oak,25,46,1,1,,,,,,,,2763
26-JUL-2007,51,Virginia,VA,141,1,Detection Monitoring (on-frame),,1,1,1,Timberland,530,White oak-red oak-hickory,100,60,1,1,1989,13,,,,,,2764
26-JUL-2007,51,Virginia,VA,141,1,Detection Monitoring (on-frame),,1,1,1,Timberland,550,Northern red oak,100,,1,1,1990,13,,,,,,2769
26-JUL-2007,51,Virginia,VA,143,1,Detection Monitoring (on-frame),,1,1,1,Timberland,530,White oak-red oak-hickory,73.42,80,1,1,,,,,,,,2749
26-JUL-2007,51,Virginia,VA,143,1,Detection Monitoring (on-frame),,1,2,1,Timberland,310,Loblolly pine,26.58,8,2,3,1984,6,,,,,,2749
26-JUL-2007,51,Virginia,VA,143,1,Detection Monitoring (on-frame),,1,1,1,Timberland,999,Nonstocked,75,1,1,4,1990,1,,,,,,2750
26-JUL-2007,51,Virginia,VA,143,1,Detection Monitoring (on-frame),,1,2,1,Timberland,450,Virginia pine-southern red oak,25,17,1,3,,,,,,,,2750
26-JUL-2007,51,Virginia,VA,145,1,Detection Monitoring (on-frame),,1,1,1,Timberland,310,Loblolly pine,100,3,2,3,1990,16,1989,6,1989,5,,3241
26-JUL-2007,51,Virginia,VA,147,1,Detection Monitoring (on-frame),,1,1,1,Timberland,420,Eastern redcedar-hardwood,75,12,1,3,,,,,,,,3254
26-JUL-2007,51,Virginia,VA,147,1,Detection Monitoring (on-frame),,1,2,1,Timberland,720,River birch-sycamore,25,30,1,2,,,,,,,,3254
26-JUL-2007,51,Virginia,VA,149,1,Detection Monitoring (on-frame),,1,1,1,Timberland,460,Loblolly pine-hardwood,88.61,25,1,3,,,,,,,,3234
26-JUL-2007,51,Virginia,VA,149,1,Detection Monitoring (on-frame),,1,3,1,Timberland,310,Loblolly pine,11.39,26,2,2,,,,,,,,3234
26-JUL-2007,51,Virginia,VA,153,1,Detection Monitoring (on-frame),,1,1,1,Timberland,330,Virginia pine,75,44,1,1,,,,,,,,4023
26-JUL-2007,51,Virginia,VA,153,1,Detection Monitoring (on-frame),,1,2,1,Timberland,590,Mixed central hardwood,25,45,1,2,,,,,,,,4023
26-JUL-2007,51,Virginia,VA,153,1,Detection Monitoring (on-frame),,1,1,1,Timberland,450,Virginia pine-southern red oak,70.11,67,1,1,,,,,,,,4029
26-JUL-2007,51,Virginia,VA,153,1,Detection Monitoring (on-frame),,1,2,7,Urban and other development,,,29.89,,,,,,,,,,,4029
26-JUL-2007,51,Virginia,VA,157,1,Detection Monitoring (on-frame),,1,1,1,Timberland,520,Chestnut oak,100,15,1,1,1991,12,1991,11,,,,4046
26-JUL-2007,51,Virginia,VA,159,1,Detection Monitoring (on-frame),,1,1,1,Timberland,330,Virginia pine,100,51,1,1,,,,,,,,3977
26-JUL-2007,51,Virginia,VA,163,1,Detection Monitoring (on-frame),,1,1,1,Timberland,520,Chestnut oak,75,73,1,1,,,,,,,,3286
26-JUL-2007,51,Virginia,VA,163,1,Detection Monitoring (on-frame),,1,2,1,Timberland,490,Other oak-pine,25,73,1,1,1990,5,,,,,,3286
26-JUL-2007,51,Virginia,VA,163,1,Detection Monitoring (on-frame),,1,1,1,Timberland,520,Chestnut oak,72.05,40,1,2,,,,,,,,3287
26-JUL-2007,51,Virginia,VA,163,1,Detection Monitoring (on-frame),,1,2,5,Idle farmland,,,27.95,,,,,,,,,,,3287
26-JUL-2007,51,Virginia,VA,165,1,Detection Monitoring (on-frame),,1,1,1,Timberland,520,Chestnut oak,100,75,1,1,,,,,,,,4039
26-JUL-2007,51,Virginia,VA,165,1,Detection Monitoring (on-frame),,1,1,1,Timberland,450,Virginia pine-southern red oak,50,45,1,2,,,,,,,,4045
26-JUL-2007,51,Virginia,VA,165,1,Detection Monitoring (on-frame),,1,2,1,Timberland,410,White pine-n. red oak-white ash,50,45,1,2,,,,,,,,4045
26-JUL-2007,51,Virginia,VA,171,1,Detection Monitoring (on-frame),,1,1,1,Timberland,520,Chestnut oak,50,50,1,2,1991,15,,,,,,4050
26-JUL-2007,51,Virginia,VA,171,1,Detection Monitoring (on-frame),,1,2,7,Urban and other development,,,50,,,,,,,,,,,4050
26-JUL-2007,51,Virginia,VA,173,1,Detection Monitoring (on-frame),,1,1,1,Timberland,810,Sugar maple-beech-yellow birch,100,75,1,1,,,,,,,,2787
26-JUL-2007,51,Virginia,VA,173,1,Detection Monitoring (on-frame),,1,1,1,Timberland,520,Chestnut oak,100,93,1,1,,,,,,,,2791
26-JUL-2007,51,Virginia,VA,177,1,Detection Monitoring (on-frame),,1,1,1,Timberland,530,White oak-red oak-hickory,88.61,69,1,1,,,,,,,,4014
26-JUL-2007,51,Virginia,VA,177,1,Detection Monitoring (on-frame),,1,2,1,Timberland,320,Shortleaf pine,11.39,39,1,2,,,,,,,,4014
26-JUL-2007,51,Virginia,VA,179,1,Detection Monitoring (on-frame),,1,1,1,Timberland,450,Virginia pine-southern red oak,100,38,1,2,1986,3,,,,,,4020
26-JUL-2007,51,Virginia,VA,181,1,Detection Monitoring (on-frame),,1,1,1,Timberland,590,Mixed central hardwood,47.21,25,1,3,,,,,,,,3223
26-JUL-2007,51,Virginia,VA,181,1,Detection Monitoring (on-frame),,1,2,2,Cropland,,,52.79,,,,,,,,,,,3223
26-JUL-2007,51,Virginia,VA,183,1,Detection Monitoring (on-frame),,1,1,1,Timberland,530,White oak-red oak-hickory,75,55,1,1,1991,16,,,,,,2711
26-JUL-2007,51,Virginia,VA,183,1,Detection Monitoring (on-frame),,1,2,1,Timberland,620,Sweetgum-Nuttall oak-willow oak,25,54,1,1,1991,13,1991,16,,,,2711
26-JUL-2007,51,Virginia,VA,185,1,Detection Monitoring (on-frame),,1,1,7,Urban and other development,,,61.25,,,,,,,,,,,3311
26-JUL-2007,51,Virginia,VA,185,1,Detection Monitoring (on-frame),,1,2,1,Timberland,530,White oak-red oak-hickory,38.75,60,1,2,1988,4,,,,,,3311
26-JUL-2007,51,Virginia,VA,187,1,Detection Monitoring (on-frame),,1,1,1,Timberland,720,River birch-sycamore,50,20,1,3,1991,15,,,,,,4047
26-JUL-2007,51,Virginia,VA,187,1,Detection Monitoring (on-frame),,1,2,7,Urban and other development,,,25,,,,,,,,,,,4047
26-JUL-2007,51,Virginia,VA,187,1,Detection Monitoring (on-frame),,1,3,3,Improved pasture,,,25,,,,,,,,,,,4047
26-JUL-2007,51,Virginia,VA,191,1,Detection Monitoring (on-frame),,1,1,1,Timberland,560,Yellow-poplar-white oak-n. red oak,100,23,1,2,1986,9,,,,,,2784
26-JUL-2007,51,Virginia,VA,191,1,Detection Monitoring (on-frame),,1,1,1,Timberland,560,Yellow-poplar-white oak-n. red oak,100,87,1,1,,,,,,,,2806
26-JUL-2007,51,Virginia,VA,193,1,Detection Monitoring (on-frame),,1,1,1,Timberland,562,Sweetgum-yellow-popular,100,10,1,3,1984,10,,,,,,3982
26-JUL-2007,51,Virginia,VA,195,1,Detection Monitoring (on-frame),,1,1,1,Timberland,810,Sugar maple-beech-yellow birch,100,12,1,3,1989,1,1990,6,,,,2811
26-JUL-2007,51,Virginia,VA,550,1,Detection Monitoring (on-frame),,1,1,1,Timberland,360,Pond pine,100,60,1,1,,,,,,,,2688
26-JUL-2007,51,Virginia,VA,800,1,Detection Monitoring (on-frame),,1,1,1,Timberland,460,Loblolly pine-hardwood,87.78,15,1,3,,,,,,,,2692
26-JUL-2007,51,Virginia,VA,800,1,Detection Monitoring (on-frame),,1,2,7,Urban and other development,,,12.22,,,,,,,,,,,2692
