LAST_UPDATE,STATE,STATE_DESCR,STATE_ABBREV,COUNTY,PROJECT,PROJECT_DESCR,HEXAGON_NBR,PLOT_NBR,POINT_NBR,ASPECT,MICROPLOT_OFFSET,SUBPLOT_OFFSET,PCT_SLOPE,SLOPE_CORRECTION,TERRAIN_POSITION,CURRENT_POINT_STATUS,MICROPLOT_CNTR_COND,SUBPLOT_CNTR_COND,SUBPLOT_COND_CLASS1,SUBPLOT_COND_CLASS2,SUBPLOT_COND_CLASS3,SUBPLOT_COND_CLASS4,P3ID
26-JUL-2007,51,Virginia,VA,5,1,Detection Monitoring (on-frame),,1,1,360,0,0,41,,2,1,1,1,1,,,,3303
26-JUL-2007,51,Virginia,VA,5,1,Detection Monitoring (on-frame),,1,2,360,0,0,40,.9,2,1,1,1,1,,,,3303
26-JUL-2007,51,Virginia,VA,5,1,Detection Monitoring (on-frame),,1,3,360,0,0,40,1.8,2,1,1,1,1,,,,3303
26-JUL-2007,51,Virginia,VA,5,1,Detection Monitoring (on-frame),,1,4,360,0,0,40,0,2,1,1,1,1,,,,3303
26-JUL-2007,51,Virginia,VA,15,1,Detection Monitoring (on-frame),,1,1,293,0,0,53,,2,1,1,1,1,,,,4055
26-JUL-2007,51,Virginia,VA,15,1,Detection Monitoring (on-frame),,1,2,245,0,0,52,1.1,2,1,1,1,1,,,,4055
26-JUL-2007,51,Virginia,VA,15,1,Detection Monitoring (on-frame),,1,3,300,0,0,25,.6,1,1,1,1,1,,,,4055
26-JUL-2007,51,Virginia,VA,15,1,Detection Monitoring (on-frame),,1,4,300,0,0,60,.9,2,1,1,1,1,,,,4055
26-JUL-2007,51,Virginia,VA,19,1,Detection Monitoring (on-frame),,1,1,120,0,0,33,,2,1,1,1,1,,,,3279
26-JUL-2007,51,Virginia,VA,19,1,Detection Monitoring (on-frame),,1,2,330,0,0,50,.8,2,1,1,1,1,,,,3279
26-JUL-2007,51,Virginia,VA,19,1,Detection Monitoring (on-frame),,1,3,280,0,0,30,.7,2,1,1,1,1,,,,3279
26-JUL-2007,51,Virginia,VA,19,1,Detection Monitoring (on-frame),,1,4,300,0,0,35,0,2,1,1,1,1,,,,3279
26-JUL-2007,51,Virginia,VA,21,1,Detection Monitoring (on-frame),,1,1,200,0,0,37,,2,1,1,1,1,,,,3313
26-JUL-2007,51,Virginia,VA,21,1,Detection Monitoring (on-frame),,1,2,360,0,0,67,.6,1,1,1,1,1,,,,3313
26-JUL-2007,51,Virginia,VA,21,1,Detection Monitoring (on-frame),,1,3,264,0,0,25,0,4,1,1,1,1,,,,3313
26-JUL-2007,51,Virginia,VA,21,1,Detection Monitoring (on-frame),,1,4,180,0,0,37,0,2,1,1,1,1,,,,3313
26-JUL-2007,51,Virginia,VA,27,1,Detection Monitoring (on-frame),,1,1,90,0,0,41,,2,1,1,1,1,,,,3317
26-JUL-2007,51,Virginia,VA,27,1,Detection Monitoring (on-frame),,1,2,0,0,0,0,.4,2,1,1,1,1,,,,3317
26-JUL-2007,51,Virginia,VA,27,1,Detection Monitoring (on-frame),,1,3,0,0,0,0,.3,2,1,1,1,1,,,,3317
26-JUL-2007,51,Virginia,VA,27,1,Detection Monitoring (on-frame),,1,4,0,0,0,0,0,2,1,1,1,1,,,,3317
26-JUL-2007,51,Virginia,VA,27,1,Detection Monitoring (on-frame),,1,1,190,0,0,67,,2,1,1,1,1,,,,3337
26-JUL-2007,51,Virginia,VA,27,1,Detection Monitoring (on-frame),,1,2,205,0,0,66,4.4,1,1,1,1,1,,,,3337
26-JUL-2007,51,Virginia,VA,27,1,Detection Monitoring (on-frame),,1,3,215,0,0,70,0,2,1,1,1,1,,,,3337
26-JUL-2007,51,Virginia,VA,27,1,Detection Monitoring (on-frame),,1,4,190,0,0,60,.5,2,1,1,1,1,,,,3337
26-JUL-2007,51,Virginia,VA,29,1,Detection Monitoring (on-frame),,1,1,0,0,0,3,,6,1,1,1,1,,,,3260
26-JUL-2007,51,Virginia,VA,29,1,Detection Monitoring (on-frame),,1,2,170,0,0,5,0,6,1,1,1,1,2,,,3260
26-JUL-2007,51,Virginia,VA,29,1,Detection Monitoring (on-frame),,1,3,0,0,0,0,0,6,0,4,4,4,,,,3260
26-JUL-2007,51,Virginia,VA,29,1,Detection Monitoring (on-frame),,1,4,0,0,0,0,0,6,1,3,3,3,,,,3260
26-JUL-2007,51,Virginia,VA,31,1,Detection Monitoring (on-frame),,1,1,25,0,0,32,,2,1,1,1,1,,,,3274
26-JUL-2007,51,Virginia,VA,31,1,Detection Monitoring (on-frame),,1,2,0,0,0,0,.1,5,1,2,2,1,2,,,3274
26-JUL-2007,51,Virginia,VA,31,1,Detection Monitoring (on-frame),,1,3,0,0,0,0,0,2,1,1,1,1,,,,3274
26-JUL-2007,51,Virginia,VA,31,1,Detection Monitoring (on-frame),,1,4,0,0,0,0,.1,1,1,1,1,1,,,,3274
26-JUL-2007,51,Virginia,VA,31,1,Detection Monitoring (on-frame),,1,1,15,0,0,30,,2,1,1,1,1,,,,3276
26-JUL-2007,51,Virginia,VA,31,1,Detection Monitoring (on-frame),,1,2,22,0,0,14,.1,2,1,1,1,1,,,,3276
26-JUL-2007,51,Virginia,VA,31,1,Detection Monitoring (on-frame),,1,3,5,0,0,13,0,2,1,1,1,1,,,,3276
26-JUL-2007,51,Virginia,VA,31,1,Detection Monitoring (on-frame),,1,4,0,0,0,0,0,2,0,2,2,2,,,,3276
26-JUL-2007,51,Virginia,VA,33,1,Detection Monitoring (on-frame),,1,1,285,0,0,10,,4,1,1,1,1,,,,4012
26-JUL-2007,51,Virginia,VA,33,1,Detection Monitoring (on-frame),,1,2,295,0,0,8,0,4,1,1,1,1,,,,4012
26-JUL-2007,51,Virginia,VA,33,1,Detection Monitoring (on-frame),,1,3,0,0,0,2,0,4,1,3,3,3,1,,,4012
26-JUL-2007,51,Virginia,VA,33,1,Detection Monitoring (on-frame),,1,4,40,0,0,12,0,4,1,2,2,2,,,,4012
26-JUL-2007,51,Virginia,VA,33,1,Detection Monitoring (on-frame),,1,1,270,0,0,45,,4,1,1,1,1,,,,4013
26-JUL-2007,51,Virginia,VA,33,1,Detection Monitoring (on-frame),,1,2,0,0,0,0,0,4,1,1,1,1,,,,4013
26-JUL-2007,51,Virginia,VA,33,1,Detection Monitoring (on-frame),,1,3,0,0,0,0,0,2,1,1,1,1,,,,4013
26-JUL-2007,51,Virginia,VA,33,1,Detection Monitoring (on-frame),,1,4,0,0,0,0,0,4,1,1,1,1,,,,4013
26-JUL-2007,51,Virginia,VA,36,1,Detection Monitoring (on-frame),,1,1,0,0,0,0,,5,1,1,1,1,,,,3237
26-JUL-2007,51,Virginia,VA,36,1,Detection Monitoring (on-frame),,1,2,0,0,0,0,0,5,1,2,2,2,,,,3237
26-JUL-2007,51,Virginia,VA,36,1,Detection Monitoring (on-frame),,1,3,0,0,0,0,0,5,1,1,1,1,,,,3237
26-JUL-2007,51,Virginia,VA,36,1,Detection Monitoring (on-frame),,1,4,0,0,0,0,0,5,1,3,3,1,3,,,3237
26-JUL-2007,51,Virginia,VA,45,1,Detection Monitoring (on-frame),,1,1,300,0,0,40,,2,1,1,1,1,,,,3297
26-JUL-2007,51,Virginia,VA,45,1,Detection Monitoring (on-frame),,1,2,300,0,0,40,0,2,1,1,1,1,,,,3297
26-JUL-2007,51,Virginia,VA,45,1,Detection Monitoring (on-frame),,1,3,300,0,0,40,0,2,1,1,1,1,,,,3297
26-JUL-2007,51,Virginia,VA,45,1,Detection Monitoring (on-frame),,1,4,300,0,0,40,0,2,1,1,1,1,,,,3297
26-JUL-2007,51,Virginia,VA,49,1,Detection Monitoring (on-frame),,1,1,0,0,0,0,,6,1,2,2,2,,,,3263
26-JUL-2007,51,Virginia,VA,49,1,Detection Monitoring (on-frame),,1,2,0,0,0,0,0,6,1,1,1,1,,,,3263
26-JUL-2007,51,Virginia,VA,49,1,Detection Monitoring (on-frame),,1,3,0,0,0,0,0,6,1,2,2,2,,,,3263
26-JUL-2007,51,Virginia,VA,49,1,Detection Monitoring (on-frame),,1,4,0,0,0,0,0,6,1,1,1,1,,,,3263
26-JUL-2007,51,Virginia,VA,51,1,Detection Monitoring (on-frame),,1,1,0,0,0,0,,2,0,1,1,1,,,,2809
26-JUL-2007,51,Virginia,VA,51,1,Detection Monitoring (on-frame),,1,2,230,0,0,59,.7,2,1,2,2,2,,,,2809
26-JUL-2007,51,Virginia,VA,51,1,Detection Monitoring (on-frame),,1,3,0,0,0,0,0,2,0,1,1,1,,,,2809
26-JUL-2007,51,Virginia,VA,51,1,Detection Monitoring (on-frame),,1,4,230,0,0,49,1.7,2,1,3,3,3,,,,2809
26-JUL-2007,51,Virginia,VA,53,1,Detection Monitoring (on-frame),,1,1,195,0,0,15,,4,1,1,1,1,,,,3232
26-JUL-2007,51,Virginia,VA,53,1,Detection Monitoring (on-frame),,1,2,305,0,0,8,0,5,1,1,1,1,,,,3232
26-JUL-2007,51,Virginia,VA,53,1,Detection Monitoring (on-frame),,1,3,315,0,0,15,0,3,1,1,1,1,,,,3232
26-JUL-2007,51,Virginia,VA,53,1,Detection Monitoring (on-frame),,1,4,215,0,0,8,0,3,1,1,1,1,,,,3232
26-JUL-2007,51,Virginia,VA,65,1,Detection Monitoring (on-frame),,1,1,0,0,0,2,,5,1,1,1,1,,,,3270
26-JUL-2007,51,Virginia,VA,65,1,Detection Monitoring (on-frame),,1,2,65,0,0,8,0,6,1,1,1,1,,,,3270
26-JUL-2007,51,Virginia,VA,65,1,Detection Monitoring (on-frame),,1,3,0,0,0,3,0,5,1,1,1,1,,,,3270
26-JUL-2007,51,Virginia,VA,65,1,Detection Monitoring (on-frame),,1,4,275,0,0,8,0,5,1,1,1,1,2,,,3270
26-JUL-2007,51,Virginia,VA,69,1,Detection Monitoring (on-frame),,1,1,177,0,0,40,,2,1,1,1,1,,,,4806
26-JUL-2007,51,Virginia,VA,69,1,Detection Monitoring (on-frame),,1,2,175,0,0,40,.9,2,1,1,1,1,,,,4806
26-JUL-2007,51,Virginia,VA,69,1,Detection Monitoring (on-frame),,1,3,180,0,0,15,.5,2,1,1,1,1,,,,4806
26-JUL-2007,51,Virginia,VA,69,1,Detection Monitoring (on-frame),,1,4,145,0,0,42,0,2,1,1,1,1,,,,4806
26-JUL-2007,51,Virginia,VA,77,1,Detection Monitoring (on-frame),,1,1,55,0,0,15,,2,1,1,1,1,,,,2786
26-JUL-2007,51,Virginia,VA,77,1,Detection Monitoring (on-frame),,1,2,190,0,0,38,.4,2,1,1,1,1,,,,2786
26-JUL-2007,51,Virginia,VA,77,1,Detection Monitoring (on-frame),,1,3,355,0,0,62,.6,2,1,1,1,1,,,,2786
26-JUL-2007,51,Virginia,VA,77,1,Detection Monitoring (on-frame),,1,4,112,0,0,37,.2,2,1,1,1,1,,,,2786
26-JUL-2007,51,Virginia,VA,83,1,Detection Monitoring (on-frame),,1,1,0,0,0,4,,6,1,1,1,1,,,,2731
26-JUL-2007,51,Virginia,VA,83,1,Detection Monitoring (on-frame),,1,2,0,0,0,3,0,6,1,1,1,1,,,,2731
26-JUL-2007,51,Virginia,VA,83,1,Detection Monitoring (on-frame),,1,3,240,0,0,19,.1,2,1,2,2,2,,,,2731
26-JUL-2007,51,Virginia,VA,83,1,Detection Monitoring (on-frame),,1,4,90,0,0,16,.3,1,1,1,1,1,,,,2731
26-JUL-2007,51,Virginia,VA,97,1,Detection Monitoring (on-frame),,1,1,0,0,0,4,,5,1,1,1,1,,,,3227
26-JUL-2007,51,Virginia,VA,97,1,Detection Monitoring (on-frame),,1,2,1,0,0,5,0,5,1,1,1,1,,,,3227
26-JUL-2007,51,Virginia,VA,97,1,Detection Monitoring (on-frame),,1,3,293,0,0,8,0,5,1,1,1,1,,,,3227
26-JUL-2007,51,Virginia,VA,97,1,Detection Monitoring (on-frame),,1,4,247,0,0,6,0,5,1,1,1,1,,,,3227
26-JUL-2007,51,Virginia,VA,109,1,Detection Monitoring (on-frame),,1,1,311,0,0,5,,5,1,1,1,1,,,,3251
26-JUL-2007,51,Virginia,VA,109,1,Detection Monitoring (on-frame),,1,2,0,0,0,0,0,5,1,1,1,1,,,,3251
26-JUL-2007,51,Virginia,VA,109,1,Detection Monitoring (on-frame),,1,3,310,0,0,7,0,5,1,1,1,1,,,,3251
26-JUL-2007,51,Virginia,VA,109,1,Detection Monitoring (on-frame),,1,4,335,0,0,7,0,5,1,2,2,2,,,,3251
26-JUL-2007,51,Virginia,VA,111,1,Detection Monitoring (on-frame),,1,1,120,0,0,11,,2,1,1,1,1,,,,3252
26-JUL-2007,51,Virginia,VA,111,1,Detection Monitoring (on-frame),,1,2,100,0,0,13,0,2,1,1,1,1,,,,3252
26-JUL-2007,51,Virginia,VA,111,1,Detection Monitoring (on-frame),,1,3,120,0,0,16,0,2,1,1,1,1,,,,3252
26-JUL-2007,51,Virginia,VA,111,1,Detection Monitoring (on-frame),,1,4,100,0,0,15,0,2,1,1,1,1,,,,3252
26-JUL-2007,51,Virginia,VA,113,1,Detection Monitoring (on-frame),,1,1,60,0,0,40,,1,1,1,1,1,,,,4041
26-JUL-2007,51,Virginia,VA,113,1,Detection Monitoring (on-frame),,1,2,0,0,0,0,.5,1,1,1,1,1,,,,4041
26-JUL-2007,51,Virginia,VA,113,1,Detection Monitoring (on-frame),,1,3,0,0,0,0,.5,1,1,1,1,1,,,,4041
26-JUL-2007,51,Virginia,VA,113,1,Detection Monitoring (on-frame),,1,4,0,0,0,0,1.2,1,1,1,1,1,,,,4041
26-JUL-2007,51,Virginia,VA,117,1,Detection Monitoring (on-frame),,1,1,1,0,0,23,,6,1,1,1,1,2,,,2722
26-JUL-2007,51,Virginia,VA,117,1,Detection Monitoring (on-frame),,1,2,0,0,0,0,0,6,0,3,3,3,,,,2722
26-JUL-2007,51,Virginia,VA,117,1,Detection Monitoring (on-frame),,1,3,235,0,0,17,0,6,1,1,1,1,,,,2722
26-JUL-2007,51,Virginia,VA,117,1,Detection Monitoring (on-frame),,1,4,60,0,0,23,.6,2,1,2,2,2,,,,2722
26-JUL-2007,51,Virginia,VA,125,1,Detection Monitoring (on-frame),,1,1,335,0,0,25,,2,1,1,1,1,,,,3268
26-JUL-2007,51,Virginia,VA,125,1,Detection Monitoring (on-frame),,1,2,295,0,0,20,0,6,1,1,1,1,,,,3268
26-JUL-2007,51,Virginia,VA,125,1,Detection Monitoring (on-frame),,1,3,319,0,0,26,.4,2,1,1,1,1,,,,3268
26-JUL-2007,51,Virginia,VA,125,1,Detection Monitoring (on-frame),,1,4,190,0,0,18,0,2,1,1,1,1,,,,3268
26-JUL-2007,51,Virginia,VA,133,1,Detection Monitoring (on-frame),,1,1,0,0,0,0,,5,0,1,1,1,,,,3228
26-JUL-2007,51,Virginia,VA,133,1,Detection Monitoring (on-frame),,1,2,0,0,0,0,0,5,0,1,1,1,,,,3228
26-JUL-2007,51,Virginia,VA,133,1,Detection Monitoring (on-frame),,1,3,0,0,0,0,0,5,1,2,2,2,,,,3228
26-JUL-2007,51,Virginia,VA,133,1,Detection Monitoring (on-frame),,1,4,0,0,0,0,0,5,0,3,3,3,,,,3228
26-JUL-2007,51,Virginia,VA,139,1,Detection Monitoring (on-frame),,1,1,60,0,0,52,,2,1,1,1,1,,,,4043
26-JUL-2007,51,Virginia,VA,139,1,Detection Monitoring (on-frame),,1,2,134,0,0,14,.1,2,1,1,1,1,,,,4043
26-JUL-2007,51,Virginia,VA,139,1,Detection Monitoring (on-frame),,1,3,85,0,0,32,.3,4,1,1,1,1,,,,4043
26-JUL-2007,51,Virginia,VA,139,1,Detection Monitoring (on-frame),,1,4,60,0,0,41,1.1,2,1,1,1,1,,,,4043
26-JUL-2007,51,Virginia,VA,143,1,Detection Monitoring (on-frame),,1,1,232,0,0,10,,2,0,1,1,1,,,,2750
26-JUL-2007,51,Virginia,VA,143,1,Detection Monitoring (on-frame),,1,2,270,0,0,10,0,2,0,1,1,1,,,,2750
26-JUL-2007,51,Virginia,VA,143,1,Detection Monitoring (on-frame),,1,3,228,0,0,10,0,2,0,1,1,1,,,,2750
26-JUL-2007,51,Virginia,VA,143,1,Detection Monitoring (on-frame),,1,4,52,0,0,9,0,2,0,1,1,1,,,,2750
26-JUL-2007,51,Virginia,VA,145,1,Detection Monitoring (on-frame),,1,1,55,0,0,5,,,1,1,1,1,,,,3241
26-JUL-2007,51,Virginia,VA,145,1,Detection Monitoring (on-frame),,1,2,60,0,0,10,0,,1,1,1,1,,,,3241
26-JUL-2007,51,Virginia,VA,145,1,Detection Monitoring (on-frame),,1,3,110,0,0,9,0,,1,1,1,1,,,,3241
26-JUL-2007,51,Virginia,VA,145,1,Detection Monitoring (on-frame),,1,4,0,0,0,2,0,,1,1,1,1,,,,3241
26-JUL-2007,51,Virginia,VA,163,1,Detection Monitoring (on-frame),,1,1,360,0,0,17,,2,1,1,1,1,,,,3287
26-JUL-2007,51,Virginia,VA,163,1,Detection Monitoring (on-frame),,1,2,360,0,0,12,0,2,0,2,2,2,,,,3287
26-JUL-2007,51,Virginia,VA,163,1,Detection Monitoring (on-frame),,1,3,360,0,0,16,.1,2,1,1,1,1,,,,3287
26-JUL-2007,51,Virginia,VA,163,1,Detection Monitoring (on-frame),,1,4,30,0,0,28,.1,2,1,1,1,1,2,,,3287
26-JUL-2007,51,Virginia,VA,165,1,Detection Monitoring (on-frame),,1,1,0,0,0,3,,5,1,1,1,1,,,,4039
26-JUL-2007,51,Virginia,VA,165,1,Detection Monitoring (on-frame),,1,2,0,0,0,3,0,5,1,1,1,1,,,,4039
26-JUL-2007,51,Virginia,VA,165,1,Detection Monitoring (on-frame),,1,3,325,0,0,6,0,5,1,1,1,1,,,,4039
26-JUL-2007,51,Virginia,VA,165,1,Detection Monitoring (on-frame),,1,4,60,0,0,5,0,5,1,1,1,1,,,,4039
26-JUL-2007,51,Virginia,VA,179,1,Detection Monitoring (on-frame),,1,1,166,0,0,13,,5,1,1,1,1,,,,4020
26-JUL-2007,51,Virginia,VA,179,1,Detection Monitoring (on-frame),,1,2,260,0,0,10,0,5,1,1,1,1,,,,4020
26-JUL-2007,51,Virginia,VA,179,1,Detection Monitoring (on-frame),,1,3,231,0,0,16,0,5,1,1,1,1,,,,4020
26-JUL-2007,51,Virginia,VA,179,1,Detection Monitoring (on-frame),,1,4,100,0,0,14,0,5,1,1,1,1,,,,4020
26-JUL-2007,51,Virginia,VA,181,1,Detection Monitoring (on-frame),,1,1,30,0,0,10,,5,1,1,1,1,,,,3223
26-JUL-2007,51,Virginia,VA,181,1,Detection Monitoring (on-frame),,1,2,0,0,0,0,0,5,0,2,2,2,,,,3223
26-JUL-2007,51,Virginia,VA,181,1,Detection Monitoring (on-frame),,1,3,20,0,0,5,0,3,1,1,1,1,,,,3223
26-JUL-2007,51,Virginia,VA,181,1,Detection Monitoring (on-frame),,1,4,0,0,0,0,0,3,0,2,2,2,,,,3223
26-JUL-2007,51,Virginia,VA,185,1,Detection Monitoring (on-frame),,1,1,0,0,0,0,,2,0,1,1,1,,,,3311
26-JUL-2007,51,Virginia,VA,185,1,Detection Monitoring (on-frame),,1,2,215,0,0,34,.2,2,1,2,2,2,,,,3311
26-JUL-2007,51,Virginia,VA,185,1,Detection Monitoring (on-frame),,1,3,0,0,0,0,0,2,1,1,2,1,2,,,3311
26-JUL-2007,51,Virginia,VA,185,1,Detection Monitoring (on-frame),,1,4,0,0,0,0,0,2,0,1,1,1,,,,3311
26-JUL-2007,51,Virginia,VA,191,1,Detection Monitoring (on-frame),,1,1,250,0,0,35,,2,1,1,1,1,,,,2784
26-JUL-2007,51,Virginia,VA,191,1,Detection Monitoring (on-frame),,1,2,285,0,0,39,0,2,1,1,1,1,,,,2784
26-JUL-2007,51,Virginia,VA,191,1,Detection Monitoring (on-frame),,1,3,275,0,0,40,.4,2,1,1,1,1,,,,2784
26-JUL-2007,51,Virginia,VA,191,1,Detection Monitoring (on-frame),,1,4,250,0,0,27,.5,2,1,1,1,1,,,,2784
26-JUL-2007,51,Virginia,VA,195,1,Detection Monitoring (on-frame),,1,1,355,0,0,68,,2,1,1,1,1,,,,2811
26-JUL-2007,51,Virginia,VA,195,1,Detection Monitoring (on-frame),,1,2,5,0,0,70,2.1,2,1,1,1,1,,,,2811
26-JUL-2007,51,Virginia,VA,195,1,Detection Monitoring (on-frame),,1,3,355,0,0,82,2.1,2,1,1,1,1,,,,2811
26-JUL-2007,51,Virginia,VA,195,1,Detection Monitoring (on-frame),,1,4,350,0,0,55,.6,2,1,1,1,1,,,,2811
26-JUL-2007,51,Virginia,VA,800,1,Detection Monitoring (on-frame),,1,1,0,0,0,0,,6,1,1,1,1,,,,2692
26-JUL-2007,51,Virginia,VA,800,1,Detection Monitoring (on-frame),,1,2,0,0,0,0,0,6,1,1,1,1,,,,2692
26-JUL-2007,51,Virginia,VA,800,1,Detection Monitoring (on-frame),,1,3,0,0,0,0,0,6,1,2,1,1,2,,,2692
26-JUL-2007,51,Virginia,VA,800,1,Detection Monitoring (on-frame),,1,4,0,0,0,0,0,6,1,1,1,1,,,,2692
