LAST_UPDATE,STATE,STATE_DESCR,STATE_ABBREV,COUNTY,FHM_REGION,FHM_REGION_DESCR,PROJECT,PROJECT_DESCR,MEASUREMENT_TYPE,PANEL,OVERLAP,HIERARCHIAL_ID,GRID_INTENSIFICATION,ECOREGION_CODE,HEXAGON_NBR,PLOT_NBR,PLOT_STATUS,PLOT_STATUS_DESCR,ELEVATION_CLASS,INCLUSION_PROBABILITY,LAST_PLOT_MENS_YEAR,LAST_PLOT_TALLY_YEAR,LAST_PLOT_VISIT_YEAR,PREVIOUS_VISIT_YEAR,PLOT_COND_CLASS_YEAR,COND_CLASS_YEAR,PLOT_ENTRANCE_YEAR,PLOT_EXIT_YEAR,PLOT_EXIT_REASON,PHOTO_YEAR,PLOT_TERRAIN_POSITION,MONTH,DAY,YEAR,CREW_TALLY1,CREW_TALLY2,ELEVATION,P3ID
26-JUL-2007,51,Virginia,VA,1,2,Southeast,1,Detection Monitoring (on-frame),1,0,3,,0,-232A,,1,2,= entire plot nonforest,0,,,,1999,,1991,1991,1991,,,1985,,SEPTEMBER,10,1991,,,,3217
26-JUL-2007,51,Virginia,VA,1,2,Southeast,1,Detection Monitoring (on-frame),1,1,5,,0,-232A,,1,1,= at least one forest condition,0,,2000,2000,2000,,2000,1992,1991,,,1986,5,SEPTEMBER,9,1991,,,,3216
26-JUL-2007,51,Virginia,VA,1,2,Southeast,1,Detection Monitoring (on-frame),1,2,8,,0,-232A,,1,2,= entire plot nonforest,0,,2001,2001,2001,,1991,1991,1991,,,1986,,SEPTEMBER,10,1991,,,,3219
26-JUL-2007,51,Virginia,VA,3,2,Southeast,1,Detection Monitoring (on-frame),1,0,3,,0,-231A,,1,2,= entire plot nonforest,5,,,,1999,,1991,1991,1991,,,1982,,JULY,2,1991,,,,4033
26-JUL-2007,51,Virginia,VA,3,2,Southeast,1,Detection Monitoring (on-frame),1,1,5,,0,M221D,,1,1,= at least one forest condition,7,,2000,2000,2000,,2000,1992,1991,,,1982,1,JULY,2,1991,,,,3267
26-JUL-2007,51,Virginia,VA,3,2,Southeast,1,Detection Monitoring (on-frame),1,2,8,,0,M221D,,1,2,= entire plot nonforest,5,,2001,2001,2001,,1991,1991,1991,,,1982,,JULY,2,1991,,,,4034
26-JUL-2007,51,Virginia,VA,5,2,Southeast,1,Detection Monitoring (on-frame),1,0,3,,0,M221A,,1,1,= at least one forest condition,26,,1999,1999,1999,,1999,1992,1991,,,1982,1,JULY,24,1991,,,,3307
26-JUL-2007,51,Virginia,VA,5,2,Southeast,1,Detection Monitoring (on-frame),1,1,6,,0,M221A,,1,1,= at least one forest condition,26,,2000,2000,2000,,2000,1992,1991,,,1982,1,JULY,22,1991,,,,3285
26-JUL-2007,51,Virginia,VA,5,2,Southeast,1,Detection Monitoring (on-frame),1,3,11,,0,M221A,,1,1,= at least one forest condition,24,,2002,2002,2002,,2002,1992,1991,,,1982,2,JULY,23,1991,,,,3303
26-JUL-2007,51,Virginia,VA,7,2,Southeast,1,Detection Monitoring (on-frame),1,0,3,,0,-231A,,1,1,= at least one forest condition,4,,1999,1999,1999,,1999,1992,1991,,,1989,5,AUGUST,28,1991,,,,3257
26-JUL-2007,51,Virginia,VA,9,2,Southeast,1,Detection Monitoring (on-frame),1,0,3,,0,M221D,,1,1,= at least one forest condition,8,,1991,1992,1999,,1995,1992,1991,1999,6,1982,1,JULY,3,1991,,,,3281
26-JUL-2007,51,Virginia,VA,11,2,Southeast,1,Detection Monitoring (on-frame),1,1,6,,0,-231A,,1,1,= at least one forest condition,7,,2000,2000,2000,,2000,1992,1991,,,1979,2,JULY,3,1991,,,,3261
26-JUL-2007,51,Virginia,VA,15,2,Southeast,1,Detection Monitoring (on-frame),1,0,2,,0,M221A,,1,1,= at least one forest condition,17,,1999,1999,1999,,1999,1992,1991,,,1982,2,JUNE,25,1991,,,,4035
26-JUL-2007,51,Virginia,VA,15,2,Southeast,1,Detection Monitoring (on-frame),1,0,3,,0,M221A,,1,1,= at least one forest condition,35,,1999,1999,1999,,1999,1992,1991,,,1982,1,JULY,1,1991,,,,4061
26-JUL-2007,51,Virginia,VA,15,2,Southeast,1,Detection Monitoring (on-frame),1,1,6,,0,M221A,,1,2,= entire plot nonforest,13,,,,1995,,1991,1991,1991,,,1982,,JULY,1,1991,,,,4053
26-JUL-2007,51,Virginia,VA,15,2,Southeast,1,Detection Monitoring (on-frame),1,2,7,,0,M221A,,1,2,= entire plot nonforest,17,,2001,2001,2001,,1991,1991,1991,,,1982,,JUNE,25,1991,,,,4052
26-JUL-2007,51,Virginia,VA,15,2,Southeast,1,Detection Monitoring (on-frame),1,3,11,,0,M221A,,1,1,= at least one forest condition,18,,2002,2002,2002,,2002,1992,1991,,,1982,1,JUNE,25,1991,,,,4055
26-JUL-2007,51,Virginia,VA,17,2,Southeast,1,Detection Monitoring (on-frame),1,1,5,,0,M221A,,1,1,= at least one forest condition,35,,2000,2000,2000,,2000,1992,1991,,,1982,1,JULY,16,1991,,,,4057
26-JUL-2007,51,Virginia,VA,17,2,Southeast,1,Detection Monitoring (on-frame),1,2,9,,0,M221A,,1,1,= at least one forest condition,20,,2001,2001,2001,,2001,1992,1991,,,1982,2,JULY,16,1991,,,,3290
26-JUL-2007,51,Virginia,VA,19,2,Southeast,1,Detection Monitoring (on-frame),1,1,5,,0,M221D,,1,2,= entire plot nonforest,9,,2000,2000,2000,,2000,1991,1991,,,1982,,JULY,18,1991,,,,3278
26-JUL-2007,51,Virginia,VA,19,2,Southeast,1,Detection Monitoring (on-frame),1,2,8,,0,M221A,,1,1,= at least one forest condition,13,,2001,2001,2001,,1997,1992,1991,,,1982,1,JULY,18,1991,,,,3283
26-JUL-2007,51,Virginia,VA,19,2,Southeast,1,Detection Monitoring (on-frame),1,2,9,,0,-231A,,1,2,= entire plot nonforest,9,,2001,2001,2001,,1991,1991,1991,,,1982,,JULY,18,1991,,,,3271
26-JUL-2007,51,Virginia,VA,19,2,Southeast,1,Detection Monitoring (on-frame),1,3,10,,0,M221A,,1,1,= at least one forest condition,22,,2002,2002,2002,,2002,1992,1991,,,1982,1,JULY,17,1991,,,,3279
26-JUL-2007,51,Virginia,VA,21,2,Southeast,1,Detection Monitoring (on-frame),1,3,11,,0,M221A,,1,1,= at least one forest condition,22,,2002,2002,2002,,2002,1992,1991,,,1980,1,JULY,31,1991,,,,3313
26-JUL-2007,51,Virginia,VA,23,2,Southeast,1,Detection Monitoring (on-frame),1,0,2,,0,M221A,,1,1,= at least one forest condition,16,,1999,1999,1999,,1999,1992,1991,,,1982,2,JULY,19,1991,,,,3284
26-JUL-2007,51,Virginia,VA,25,2,Southeast,1,Detection Monitoring (on-frame),1,0,2,,0,-231A,,1,1,= at least one forest condition,2,,1999,1999,1999,,1999,1992,1991,,,1979,5,SEPTEMBER,3,1991,,,,2712
26-JUL-2007,51,Virginia,VA,25,2,Southeast,1,Detection Monitoring (on-frame),1,2,7,,0,-231A,,1,2,= entire plot nonforest,4,,2001,2001,2001,,1991,1991,1991,,,1979,,SEPTEMBER,9,1991,,,,2726
26-JUL-2007,51,Virginia,VA,25,2,Southeast,1,Detection Monitoring (on-frame),1,3,10,,0,-231A,,1,2,= entire plot nonforest,3,,,,2002,,1991,1991,1991,,,1979,,SEPTEMBER,9,1991,,,,2708
26-JUL-2007,51,Virginia,VA,27,2,Southeast,1,Detection Monitoring (on-frame),1,0,1,,0,M221C,,1,1,= at least one forest condition,22,,1991,1991,1999,,1995,1991,1991,,,1982,2,AUGUST,8,1991,,,,3332
26-JUL-2007,51,Virginia,VA,27,2,Southeast,1,Detection Monitoring (on-frame),1,2,7,,0,M221C,,1,1,= at least one forest condition,20,,2001,2001,2001,,2001,1992,1991,,,1982,1,AUGUST,8,1991,,,,3317
26-JUL-2007,51,Virginia,VA,27,2,Southeast,1,Detection Monitoring (on-frame),1,3,11,,0,M221C,,1,1,= at least one forest condition,11,,2002,2002,2002,,2002,1992,1991,,,1982,2,AUGUST,6,1991,,,,3337
26-JUL-2007,51,Virginia,VA,29,2,Southeast,1,Detection Monitoring (on-frame),1,0,1,,0,-231A,,1,2,= entire plot nonforest,4,,,,1999,,1991,1991,1991,,,1989,,JUNE,26,1991,,,,3264
26-JUL-2007,51,Virginia,VA,29,2,Southeast,1,Detection Monitoring (on-frame),1,2,9,,0,-231A,,1,1,= at least one forest condition,5,,2001,2001,2001,,2001,1992,1991,,,1989,4,JUNE,26,1991,,,,3265
26-JUL-2007,51,Virginia,VA,29,2,Southeast,1,Detection Monitoring (on-frame),1,3,12,,0,-231A,,1,1,= at least one forest condition,5,,2002,2002,2002,,2002,1992,1991,,,1989,5,JUNE,26,1991,,,,3260
26-JUL-2007,51,Virginia,VA,31,2,Southeast,1,Detection Monitoring (on-frame),1,0,1,,0,-231A,,1,1,= at least one forest condition,7,,1999,1999,1999,,1999,1992,1991,,,1982,4,AUGUST,16,1991,,,,3275
26-JUL-2007,51,Virginia,VA,31,2,Southeast,1,Detection Monitoring (on-frame),1,2,7,,0,-231A,,1,1,= at least one forest condition,5,,2001,2001,2001,,2001,1992,1991,,,1982,5,AUGUST,15,1991,,,,3274
26-JUL-2007,51,Virginia,VA,31,2,Southeast,1,Detection Monitoring (on-frame),1,3,11,,0,-231A,,1,1,= at least one forest condition,8,,2002,2002,2002,,2002,1992,1991,,,1982,5,AUGUST,15,1991,,,,3276
26-JUL-2007,51,Virginia,VA,33,2,Southeast,1,Detection Monitoring (on-frame),1,1,4,,0,-231A,,1,2,= entire plot nonforest,1,,2000,2000,2000,,2000,1991,1991,,,1981,,SEPTEMBER,12,1991,,,,3250
26-JUL-2007,51,Virginia,VA,33,2,Southeast,1,Detection Monitoring (on-frame),1,2,7,,0,-231A,,1,1,= at least one forest condition,1,,2001,2001,2001,,2001,1992,1991,,,1981,5,SEPTEMBER,12,1991,,,,4013
26-JUL-2007,51,Virginia,VA,33,2,Southeast,1,Detection Monitoring (on-frame),1,3,10,,0,-232A,,1,1,= at least one forest condition,1,,2002,2002,2002,,2002,1992,1991,,,1981,5,SEPTEMBER,13,1991,,,,4012
26-JUL-2007,51,Virginia,VA,35,2,Southeast,1,Detection Monitoring (on-frame),1,1,4,,0,M221D,,1,1,= at least one forest condition,23,,2000,2000,2000,,2000,1992,1991,,,1981,1,JULY,29,1991,,,,2766
26-JUL-2007,51,Virginia,VA,35,2,Southeast,1,Detection Monitoring (on-frame),1,3,10,,0,M221D,,1,2,= entire plot nonforest,24,,,,2002,,1991,1991,1991,,,1981,,JULY,29,1991,,,,2770
26-JUL-2007,51,Virginia,VA,36,2,Southeast,1,Detection Monitoring (on-frame),1,2,7,,0,-232A,,1,1,= at least one forest condition,1,,2001,2001,2001,,2001,1992,1991,,,1984,6,AUGUST,29,1991,,,,3237
26-JUL-2007,51,Virginia,VA,37,2,Southeast,1,Detection Monitoring (on-frame),1,1,5,,0,-231A,,1,1,= at least one forest condition,5,,2000,2000,2000,,2000,1992,1991,,,1983,5,AUGUST,27,1991,,,,3253
26-JUL-2007,51,Virginia,VA,37,2,Southeast,1,Detection Monitoring (on-frame),1,2,9,,0,-231A,,1,1,= at least one forest condition,1,,2001,2001,2001,,2001,1992,1991,,,1983,5,AUGUST,22,1991,,,,2728
26-JUL-2007,51,Virginia,VA,41,2,Southeast,1,Detection Monitoring (on-frame),1,0,1,,0,-231A,,1,1,= at least one forest condition,1,,1999,1999,1999,,1999,1992,1991,,,1988,5,AUGUST,29,1991,,,,3238
26-JUL-2007,51,Virginia,VA,41,2,Southeast,1,Detection Monitoring (on-frame),1,1,5,,0,-231A,,1,1,= at least one forest condition,4,,2000,2000,2000,,2000,1992,1991,,,1988,5,AUGUST,30,1991,,,,3244
26-JUL-2007,51,Virginia,VA,41,2,Southeast,1,Detection Monitoring (on-frame),1,2,9,,0,-231A,,1,1,= at least one forest condition,3,,2001,2001,2001,,2001,1992,1991,,,1988,6,AUGUST,30,1991,,,,3239
26-JUL-2007,51,Virginia,VA,45,2,Southeast,1,Detection Monitoring (on-frame),1,0,1,,0,M221A,,1,1,= at least one forest condition,18,,1999,1999,1999,,1999,1992,1991,,,1982,1,JULY,25,1991,,,,3298
26-JUL-2007,51,Virginia,VA,45,2,Southeast,1,Detection Monitoring (on-frame),1,2,7,,0,M221A,,1,5,= lost data (forested plot relocated- data lost to PDR failure),0,,2001,2001,2001,,2001,1993,1991,,,1982,,NOVEMBER,5,1991,,,,3297
26-JUL-2007,51,Virginia,VA,47,2,Southeast,1,Detection Monitoring (on-frame),1,0,2,,0,M221D,,1,1,= at least one forest condition,3,,1999,1999,1999,,1999,1992,1991,,,1986,2,JULY,3,1991,,,,4025
26-JUL-2007,51,Virginia,VA,49,2,Southeast,1,Detection Monitoring (on-frame),1,1,4,,0,-231A,,1,1,= at least one forest condition,5,,1997,1997,1997,,1997,1992,1991,,,1989,5,JUNE,27,1991,,,,3259
26-JUL-2007,51,Virginia,VA,49,2,Southeast,1,Detection Monitoring (on-frame),1,2,7,,0,-231A,,1,1,= at least one forest condition,3,,2001,2001,2001,,2001,1992,1991,,,1989,6,JUNE,26,1991,,,,3263
26-JUL-2007,51,Virginia,VA,51,2,Southeast,1,Detection Monitoring (on-frame),1,2,9,,0,M221C,,1,2,= entire plot nonforest,16,,2001,2001,2001,,1991,1991,1991,,,1982,,AUGUST,12,1991,,,,3333
26-JUL-2007,51,Virginia,VA,51,2,Southeast,1,Detection Monitoring (on-frame),1,3,12,,0,M221C,,1,1,= at least one forest condition,24,,2002,2002,2002,,2002,1992,1991,,,1982,2,AUGUST,12,1991,,,,2809
26-JUL-2007,51,Virginia,VA,53,2,Southeast,1,Detection Monitoring (on-frame),1,3,12,,0,-231A,,1,1,= at least one forest condition,1,,2002,2002,2002,,2002,1992,1991,,,1983,5,SEPTEMBER,3,1991,,,,3232
26-JUL-2007,51,Virginia,VA,57,2,Southeast,1,Detection Monitoring (on-frame),1,2,9,,0,-232A,,1,1,= at least one forest condition,1,,2001,2001,2001,,2001,1992,1991,,,1989,5,SEPTEMBER,11,1991,,,,3230
26-JUL-2007,51,Virginia,VA,59,2,Southeast,1,Detection Monitoring (on-frame),1,3,10,,0,-231A,,1,2,= entire plot nonforest,3,,,,2002,,1991,1991,1991,,,1982,,JULY,10,1991,,,,4028
26-JUL-2007,51,Virginia,VA,61,2,Southeast,1,Detection Monitoring (on-frame),1,2,8,,0,-231A,,1,1,= at least one forest condition,3,,2001,2001,2001,,2001,1992,1991,,,1977,5,JULY,9,1991,,,,4024
26-JUL-2007,51,Virginia,VA,61,2,Southeast,1,Detection Monitoring (on-frame),1,3,12,,0,M221D,,1,2,= entire plot nonforest,7,,2002,2002,2002,,2002,1991,1991,,,1987,,JULY,9,1991,,,,4030
26-JUL-2007,51,Virginia,VA,63,2,Southeast,1,Detection Monitoring (on-frame),1,2,8,,0,M221D,,1,1,= at least one forest condition,26,,2001,2001,2001,,2001,1992,1991,,,1980,2,JULY,30,1991,,,,3291
26-JUL-2007,51,Virginia,VA,65,2,Southeast,1,Detection Monitoring (on-frame),1,3,11,,0,-231A,,1,1,= at least one forest condition,5,,2002,2002,2002,,2002,1992,1991,,,1988,5,JUNE,19,1991,,,,3270
26-JUL-2007,51,Virginia,VA,67,2,Southeast,1,Detection Monitoring (on-frame),1,0,3,,0,M221D,,1,2,= entire plot nonforest,12,,,,1999,,1991,1991,1991,,,1980,,AUGUST,9,1991,,,,3273
26-JUL-2007,51,Virginia,VA,67,2,Southeast,1,Detection Monitoring (on-frame),1,1,6,,0,-231A,,1,2,= entire plot nonforest,9,,2000,2000,2000,,2000,1991,1991,,,1980,,AUGUST,9,1991,,,,2751
26-JUL-2007,51,Virginia,VA,67,2,Southeast,1,Detection Monitoring (on-frame),1,3,11,,0,-231A,,1,2,= entire plot nonforest,13,,2002,2002,2002,,2002,1991,1991,,,1980,,AUGUST,9,1991,,,,2767
26-JUL-2007,51,Virginia,VA,69,2,Southeast,1,Detection Monitoring (on-frame),1,3,10,,0,M221A,,1,1,= at least one forest condition,13,,2002,2002,2002,,2002,1992,1991,,,1982,2,JULY,11,1991,,,,4806
26-JUL-2007,51,Virginia,VA,71,2,Southeast,1,Detection Monitoring (on-frame),1,2,9,,0,M221A,,1,1,= at least one forest condition,28,,1997,1997,1997,,1997,1992,1991,,,1982,2,AUGUST,2,1991,,,,3299
26-JUL-2007,51,Virginia,VA,73,2,Southeast,1,Detection Monitoring (on-frame),1,2,8,,0,-232A,,1,2,= entire plot nonforest,1,,2001,2001,2001,,1991,1991,1991,,,1979,,SEPTEMBER,10,1991,,,,3224
26-JUL-2007,51,Virginia,VA,75,2,Southeast,1,Detection Monitoring (on-frame),1,0,2,,0,-231A,,1,1,= at least one forest condition,3,,1999,1999,1999,,1999,1992,1991,,,1984,5,JUNE,20,1991,,,,3246
26-JUL-2007,51,Virginia,VA,77,2,Southeast,1,Detection Monitoring (on-frame),1,3,12,,0,M221D,,1,1,= at least one forest condition,30,,2002,2002,2002,,2002,1992,1991,,,1982,4,AUGUST,1,1991,,,,2786
26-JUL-2007,51,Virginia,VA,79,2,Southeast,1,Detection Monitoring (on-frame),1,1,4,,0,M221D,,1,2,= entire plot nonforest,7,,,,1997,,1991,1991,1991,2000,6,1977,,JULY,3,1991,,,,4037
26-JUL-2007,51,Virginia,VA,81,2,Southeast,1,Detection Monitoring (on-frame),1,1,5,,0,-232A,,1,1,= at least one forest condition,1,,2000,2000,2000,,2000,1992,1991,,,1981,6,SEPTEMBER,3,1991,,,,2707
26-JUL-2007,51,Virginia,VA,83,2,Southeast,1,Detection Monitoring (on-frame),1,0,3,,0,-231A,,1,1,= at least one forest condition,3,,1999,1999,1999,,1999,1992,1991,,,1982,5,AUGUST,16,1991,,,,2729
26-JUL-2007,51,Virginia,VA,83,2,Southeast,1,Detection Monitoring (on-frame),1,1,6,,0,-231A,,1,2,= entire plot nonforest,3,,2000,2000,2000,,2000,1991,1991,,,1982,,AUGUST,16,1991,,,,2723
26-JUL-2007,51,Virginia,VA,83,2,Southeast,1,Detection Monitoring (on-frame),1,3,10,,0,-231A,,1,1,= at least one forest condition,1,,2002,2002,2002,,2002,1992,1991,,,1982,5,AUGUST,22,1991,,,,2731
26-JUL-2007,51,Virginia,VA,85,2,Southeast,1,Detection Monitoring (on-frame),1,2,8,,0,-231A,,1,1,= at least one forest condition,1,,2001,2001,2001,,2001,1992,1991,,,1980,5,SEPTEMBER,11,1991,,,,3249
26-JUL-2007,51,Virginia,VA,87,2,Southeast,1,Detection Monitoring (on-frame),1,3,11,,0,-232A,,1,2,= entire plot nonforest,1,,,,2002,,1991,1991,1991,,,1981,,SEPTEMBER,19,1991,,,,3243
26-JUL-2007,51,Virginia,VA,89,2,Southeast,1,Detection Monitoring (on-frame),1,2,7,,0,-231A,,1,2,= entire plot nonforest,7,,2001,2001,2001,,1991,1991,1991,,,1982,,AUGUST,9,1991,,,,2748
26-JUL-2007,51,Virginia,VA,91,2,Southeast,1,Detection Monitoring (on-frame),1,2,8,,0,M221A,,1,1,= at least one forest condition,35,,2001,2001,2001,,2001,1992,1991,,,1982,2,JULY,17,1991,,,,4062
26-JUL-2007,51,Virginia,VA,93,2,Southeast,1,Detection Monitoring (on-frame),1,1,6,,0,-232A,,1,1,= at least one forest condition,1,,2000,2000,2000,,2000,1992,1991,,,1981,5,SEPTEMBER,4,1991,,,,2690
26-JUL-2007,51,Virginia,VA,93,2,Southeast,1,Detection Monitoring (on-frame),1,2,9,,0,-232A,,1,2,= entire plot nonforest,1,,2001,2001,2001,,1991,1991,1991,,,1981,,SEPTEMBER,4,1991,,,,2693
26-JUL-2007,51,Virginia,VA,95,2,Southeast,1,Detection Monitoring (on-frame),1,0,2,,0,-232A,,1,1,= at least one forest condition,1,,1999,1999,1999,,1999,1992,1991,,,1981,5,SEPTEMBER,9,1991,,,,3225
26-JUL-2007,51,Virginia,VA,97,2,Southeast,1,Detection Monitoring (on-frame),1,3,12,,0,-232A,,1,1,= at least one forest condition,1,,2002,2002,2002,,2002,1992,1991,,,1981,5,SEPTEMBER,11,1991,,,,3227
26-JUL-2007,51,Virginia,VA,101,2,Southeast,1,Detection Monitoring (on-frame),1,0,3,,0,-232A,,1,1,= at least one forest condition,1,,1999,1999,1999,,1999,1992,1991,,,1981,4,SEPTEMBER,12,1991,,,,3248
26-JUL-2007,51,Virginia,VA,105,2,Southeast,1,Detection Monitoring (on-frame),1,0,1,,0,-221I,,1,1,= at least one forest condition,17,,1999,1999,1999,,1999,1992,1991,,,1982,2,AUGUST,13,1991,,,,2805
26-JUL-2007,51,Virginia,VA,105,2,Southeast,1,Detection Monitoring (on-frame),1,2,9,,0,-221I,,1,2,= entire plot nonforest,14,,2001,2001,2001,,1991,1991,1991,,,1982,,AUGUST,8,1991,,,,2823
26-JUL-2007,51,Virginia,VA,107,2,Southeast,1,Detection Monitoring (on-frame),1,0,1,,0,M221D,,1,2,= entire plot nonforest,5,,,,1999,,1991,1991,1991,,,1988,,JULY,11,1991,,,,4775
26-JUL-2007,51,Virginia,VA,107,2,Southeast,1,Detection Monitoring (on-frame),1,2,7,,0,-231A,,1,2,= entire plot nonforest,2,,2001,2001,2001,,1991,1991,1991,,,1988,,JULY,11,1991,,,,4774
26-JUL-2007,51,Virginia,VA,107,2,Southeast,1,Detection Monitoring (on-frame),1,3,11,,0,M221D,,1,2,= entire plot nonforest,5,,,,2002,,1991,1991,1991,,,1988,,JULY,11,1991,,,,4779
26-JUL-2007,51,Virginia,VA,109,2,Southeast,1,Detection Monitoring (on-frame),1,1,6,,0,-231A,,1,1,= at least one forest condition,4,,2000,2000,2000,,2000,1992,1991,,,1984,2,JUNE,17,1991,,,,3269
26-JUL-2007,51,Virginia,VA,109,2,Southeast,1,Detection Monitoring (on-frame),1,3,12,,0,-231A,,1,1,= at least one forest condition,3,,2002,2002,2002,,2002,1992,1991,,,1984,5,JUNE,18,1991,,,,3251
26-JUL-2007,51,Virginia,VA,111,2,Southeast,1,Detection Monitoring (on-frame),1,3,11,,0,-231A,,1,1,= at least one forest condition,5,,2002,2002,2002,,2002,1992,1991,,,1979,5,AUGUST,27,1991,,,,3252
26-JUL-2007,51,Virginia,VA,113,2,Southeast,1,Detection Monitoring (on-frame),1,2,7,,0,M221D,,1,1,= at least one forest condition,25,,2001,2001,2001,,2001,1992,1991,,,1989,2,JULY,10,1991,,,,4041
26-JUL-2007,51,Virginia,VA,113,2,Southeast,1,Detection Monitoring (on-frame),1,3,10,,0,-231A,,1,2,= entire plot nonforest,4,,,,2002,,1991,1991,1991,,,1989,,JULY,11,1991,,,,4036
26-JUL-2007,51,Virginia,VA,117,2,Southeast,1,Detection Monitoring (on-frame),1,0,1,,0,-231A,,1,1,= at least one forest condition,4,,1999,1999,1999,,1999,1992,1991,,,1979,5,SEPTEMBER,5,1991,,,,2727
26-JUL-2007,51,Virginia,VA,117,2,Southeast,1,Detection Monitoring (on-frame),1,1,4,,0,-231A,,1,1,= at least one forest condition,3,,2000,2000,2000,,2000,1992,1991,,,1979,5,SEPTEMBER,5,1991,,,,2724
26-JUL-2007,51,Virginia,VA,117,2,Southeast,1,Detection Monitoring (on-frame),1,3,12,,0,-231A,,1,1,= at least one forest condition,4,,2002,2002,2002,,2002,1992,1991,,,1979,5,SEPTEMBER,5,1991,,,,2722
26-JUL-2007,51,Virginia,VA,121,2,Southeast,1,Detection Monitoring (on-frame),1,0,2,,0,M221A,,1,2,= entire plot nonforest,19,,,,1999,,1991,1991,1991,,,1982,,JULY,30,1991,,,,3292
26-JUL-2007,51,Virginia,VA,121,2,Southeast,1,Detection Monitoring (on-frame),1,3,12,,0,M221A,,1,2,= entire plot nonforest,19,,,,2002,,1991,1991,1991,,,1982,,JULY,30,1991,,,,3293
26-JUL-2007,51,Virginia,VA,125,2,Southeast,1,Detection Monitoring (on-frame),1,3,10,,0,M221D,,1,1,= at least one forest condition,12,,2002,2002,2002,,2002,1992,1991,,,1982,2,JUNE,27,1991,,,,3268
26-JUL-2007,51,Virginia,VA,127,2,Southeast,1,Detection Monitoring (on-frame),1,1,6,,0,-232A,,1,2,= entire plot nonforest,1,,2000,2000,2000,,2000,1991,1991,,,1984,,SEPTEMBER,19,1991,,,,3242
26-JUL-2007,51,Virginia,VA,131,2,Southeast,1,Detection Monitoring (on-frame),1,2,9,,0,-232A,,1,2,= entire plot nonforest,0,,2001,2001,2001,,1991,1991,1991,,,1989,,SEPTEMBER,19,1991,,,,3214
26-JUL-2007,51,Virginia,VA,133,2,Southeast,1,Detection Monitoring (on-frame),1,2,7,,0,-232A,,1,1,= at least one forest condition,0,,2001,2001,2001,,2001,1992,1991,,,1981,5,SEPTEMBER,11,1991,,,,3228
26-JUL-2007,51,Virginia,VA,135,2,Southeast,1,Detection Monitoring (on-frame),1,1,6,,0,-231A,,1,1,= at least one forest condition,3,,2000,2000,2000,,2000,1992,1991,,,1989,5,AUGUST,28,1991,,,,3233
26-JUL-2007,51,Virginia,VA,137,2,Southeast,1,Detection Monitoring (on-frame),1,1,5,,0,-231A,,1,1,= at least one forest condition,3,,2000,2000,2000,,2000,1992,1991,,,1989,2,JULY,1,1991,,,,4017
26-JUL-2007,51,Virginia,VA,139,2,Southeast,1,Detection Monitoring (on-frame),1,0,1,,0,M221A,,1,2,= entire plot nonforest,11,,,,1999,,1991,1991,1991,,,1984,,JULY,11,1991,,,,4042
26-JUL-2007,51,Virginia,VA,139,2,Southeast,1,Detection Monitoring (on-frame),1,3,11,,0,M221A,,1,1,= at least one forest condition,11,,2002,2002,2002,,2002,1992,1991,,,1984,2,JULY,11,1991,,,,4043
26-JUL-2007,51,Virginia,VA,141,2,Southeast,1,Detection Monitoring (on-frame),1,0,1,,0,-231A,,1,1,= at least one forest condition,12,,1999,1999,1999,,1999,1992,1991,,,1984,4,AUGUST,20,1991,,,,2763
26-JUL-2007,51,Virginia,VA,141,2,Southeast,1,Detection Monitoring (on-frame),1,1,5,,0,M221D,,1,1,= at least one forest condition,25,,2000,2000,2000,,2000,1992,1991,,,1984,2,AUGUST,19,1991,,,,2769
26-JUL-2007,51,Virginia,VA,141,2,Southeast,1,Detection Monitoring (on-frame),1,2,9,,0,M221D,,1,1,= at least one forest condition,12,,2001,2001,2001,,2001,1992,1991,,,1984,4,AUGUST,20,1991,,,,2764
26-JUL-2007,51,Virginia,VA,143,2,Southeast,1,Detection Monitoring (on-frame),1,0,2,,0,-231A,,1,3,= entire plot access denied,7,,1999,1999,1999,,1999,,1991,,,1982,,AUGUST,16,1991,,,,2747
26-JUL-2007,51,Virginia,VA,143,2,Southeast,1,Detection Monitoring (on-frame),1,1,4,,0,-231A,,1,1,= at least one forest condition,5,,2000,2000,2000,,2000,1992,1991,,,1982,5,AUGUST,21,1991,,,,2749
26-JUL-2007,51,Virginia,VA,143,2,Southeast,1,Detection Monitoring (on-frame),1,2,8,,0,-231A,,1,2,= entire plot nonforest,7,,2001,2001,2001,,1991,1991,1991,,,1982,,AUGUST,16,1991,,,,2746
26-JUL-2007,51,Virginia,VA,143,2,Southeast,1,Detection Monitoring (on-frame),1,3,12,,0,-231A,,1,1,= at least one forest condition,8,,1995,1995,2002,,1998,1992,1991,,,1982,5,AUGUST,21,1991,,,,2750
26-JUL-2007,51,Virginia,VA,145,2,Southeast,1,Detection Monitoring (on-frame),1,3,10,,0,-231A,,1,1,= at least one forest condition,3,,2002,2002,2002,,2002,1992,1991,,,1989,5,JUNE,27,1991,,,,3241
26-JUL-2007,51,Virginia,VA,147,2,Southeast,1,Detection Monitoring (on-frame),1,0,2,,0,-231A,,1,5,= lost data (forested plot relocated- data lost to PDR failure),0,,1999,1999,1999,,1999,,1991,,,1983,,NOVEMBER,5,1991,,,,3255
26-JUL-2007,51,Virginia,VA,147,2,Southeast,1,Detection Monitoring (on-frame),1,2,8,,0,-231A,,1,1,= at least one forest condition,4,,2001,2001,2001,,2001,1992,1991,,,1980,5,AUGUST,21,1991,,,,3254
26-JUL-2007,51,Virginia,VA,149,2,Southeast,1,Detection Monitoring (on-frame),1,1,4,,0,-232A,,1,1,= at least one forest condition,1,,2000,2000,2000,,2000,1992,1991,,,1979,6,AUGUST,29,1991,,,,3234
26-JUL-2007,51,Virginia,VA,153,2,Southeast,1,Detection Monitoring (on-frame),1,0,3,,0,-231A,,1,1,= at least one forest condition,3,,1991,1992,1999,,1995,1992,1991,,,1982,4,JULY,8,1991,,,,4023
26-JUL-2007,51,Virginia,VA,153,2,Southeast,1,Detection Monitoring (on-frame),1,1,4,,0,-231A,,1,1,= at least one forest condition,5,,2000,2000,2000,,2000,1992,1991,,,1982,5,JULY,8,1991,,,,4029
26-JUL-2007,51,Virginia,VA,155,2,Southeast,1,Detection Monitoring (on-frame),1,1,6,,0,M221A,,1,5,= lost data (forested plot relocated- data lost to PDR failure),0,,2000,2000,2000,,2000,1992,1991,,,1982,,NOVEMBER,5,1991,,,,3294
26-JUL-2007,51,Virginia,VA,157,2,Southeast,1,Detection Monitoring (on-frame),1,1,6,,0,M221D,,1,1,= at least one forest condition,15,,2000,2000,2000,,2000,1992,1991,,,1977,2,JULY,9,1991,,,,4046
26-JUL-2007,51,Virginia,VA,159,2,Southeast,1,Detection Monitoring (on-frame),1,0,1,,0,-232A,,1,2,= entire plot nonforest,1,,,,1999,,1991,1991,1991,,,1988,,SEPTEMBER,19,1991,,,,3229
26-JUL-2007,51,Virginia,VA,159,2,Southeast,1,Detection Monitoring (on-frame),1,1,5,,0,-232A,,1,1,= at least one forest condition,1,,2000,2000,2000,,2000,1992,1991,,,1988,5,SEPTEMBER,16,1991,,,,3977
26-JUL-2007,51,Virginia,VA,161,2,Southeast,1,Detection Monitoring (on-frame),1,1,4,,0,M221A,,1,2,= entire plot nonforest,11,,2000,2000,2000,,2000,1991,1991,,,1980,,JULY,19,1991,,,,3295
26-JUL-2007,51,Virginia,VA,163,2,Southeast,1,Detection Monitoring (on-frame),1,0,1,,0,M221A,,1,3,= entire plot access denied,18,,1999,1999,1999,,1999,,1991,,,1982,,JULY,19,1991,,,2000,3289
26-JUL-2007,51,Virginia,VA,163,2,Southeast,1,Detection Monitoring (on-frame),1,1,4,,0,M221A,,1,1,= at least one forest condition,20,,2000,2000,2000,,2000,1992,1991,,,1982,2,JULY,18,1991,,,,3286
26-JUL-2007,51,Virginia,VA,163,2,Southeast,1,Detection Monitoring (on-frame),1,3,12,,0,M221A,,1,1,= at least one forest condition,14,,2002,2002,2002,,2002,1992,1991,,,1982,4,JULY,15,1991,,,,3287
26-JUL-2007,51,Virginia,VA,165,2,Southeast,1,Detection Monitoring (on-frame),1,1,5,,0,M221A,,1,1,= at least one forest condition,14,,2000,2000,2000,,2000,1992,1991,,,1982,5,JULY,10,1991,,,,4045
26-JUL-2007,51,Virginia,VA,165,2,Southeast,1,Detection Monitoring (on-frame),1,2,9,,0,M221A,,1,2,= entire plot nonforest,15,,2001,2001,2001,,1991,1991,1991,,,1982,,JULY,10,1991,,,,4040
26-JUL-2007,51,Virginia,VA,165,2,Southeast,1,Detection Monitoring (on-frame),1,3,12,,0,M221A,,1,1,= at least one forest condition,14,,2002,2002,2002,,2002,1992,1991,,,1982,4,JULY,2,1991,,,,4039
26-JUL-2007,51,Virginia,VA,167,2,Southeast,1,Detection Monitoring (on-frame),1,1,4,,0,M221C,,1,3,= entire plot access denied,7,,2000,2000,2000,,2000,,1991,,,1982,,AUGUST,9,1991,,,,3312
26-JUL-2007,51,Virginia,VA,169,2,Southeast,1,Detection Monitoring (on-frame),1,0,2,,0,M221A,,1,2,= entire plot nonforest,20,,,,1999,,1991,1991,1991,,,1982,,AUGUST,8,1991,,,,2807
26-JUL-2007,51,Virginia,VA,169,2,Southeast,1,Detection Monitoring (on-frame),1,2,7,,0,M221A,,1,2,= entire plot nonforest,14,,2001,2001,2001,,1991,1991,1991,,,1982,,AUGUST,8,1991,,,,2804
26-JUL-2007,51,Virginia,VA,171,2,Southeast,1,Detection Monitoring (on-frame),1,0,3,,0,M221A,,1,1,= at least one forest condition,7,,1999,1999,1999,,1999,1992,1991,,,1982,4,JULY,12,1991,,,,4050
26-JUL-2007,51,Virginia,VA,173,2,Southeast,1,Detection Monitoring (on-frame),1,1,6,,0,M221A,,1,1,= at least one forest condition,45,,2000,2000,2000,,2000,1992,1991,,,1982,3,AUGUST,19,1991,,,,2787
26-JUL-2007,51,Virginia,VA,173,2,Southeast,1,Detection Monitoring (on-frame),1,2,9,,0,M221A,,1,1,= at least one forest condition,27,,2001,2001,2001,,2001,1992,1991,,,1982,1,AUGUST,1,1991,,,,2791
26-JUL-2007,51,Virginia,VA,175,2,Southeast,1,Detection Monitoring (on-frame),1,3,11,,0,-232A,,1,2,= entire plot nonforest,1,,,,2002,,1991,1991,1991,,,1981,,SEPTEMBER,9,1991,,,,2705
26-JUL-2007,51,Virginia,VA,177,2,Southeast,1,Detection Monitoring (on-frame),1,0,1,,0,-231A,,1,1,= at least one forest condition,2,,1999,1999,1999,,1999,1992,1991,,,1989,5,JUNE,24,1991,,,,4014
26-JUL-2007,51,Virginia,VA,177,2,Southeast,1,Detection Monitoring (on-frame),1,2,9,,0,-231A,,1,2,= entire plot nonforest,4,,2001,2001,2001,,1991,1991,1991,,,1989,,JUNE,24,1991,,,,4015
26-JUL-2007,51,Virginia,VA,179,2,Southeast,1,Detection Monitoring (on-frame),1,3,11,,0,-231A,,1,1,= at least one forest condition,3,,2002,2002,2002,,2002,1992,1991,,,1981,5,JUNE,24,1991,,,,4020
26-JUL-2007,51,Virginia,VA,181,2,Southeast,1,Detection Monitoring (on-frame),1,3,10,,0,-232A,,1,1,= at least one forest condition,0,,2002,2002,2002,,2002,1992,1991,,,1981,5,SEPTEMBER,4,1991,,,,3223
26-JUL-2007,51,Virginia,VA,183,2,Southeast,1,Detection Monitoring (on-frame),1,0,3,,0,-232A,,1,2,= entire plot nonforest,1,,,,1999,,1991,1991,1991,,,1981,,SEPTEMBER,9,1991,,,,2710
26-JUL-2007,51,Virginia,VA,183,2,Southeast,1,Detection Monitoring (on-frame),1,2,8,,0,-232A,,1,1,= at least one forest condition,1,,2001,2001,2001,,2001,1992,1991,,,1981,6,SEPTEMBER,4,1991,,,,2711
26-JUL-2007,51,Virginia,VA,185,2,Southeast,1,Detection Monitoring (on-frame),1,1,5,,0,M221A,,1,2,= entire plot nonforest,31,,,,1995,,1991,1991,1991,,,1982,,SEPTEMBER,9,1991,,,,3310
26-JUL-2007,51,Virginia,VA,185,2,Southeast,1,Detection Monitoring (on-frame),1,3,10,,0,M221C,,1,1,= at least one forest condition,31,,2002,2002,2002,,2002,1992,1991,,,1982,2,AUGUST,12,1991,,,,3311
26-JUL-2007,51,Virginia,VA,187,2,Southeast,1,Detection Monitoring (on-frame),1,2,9,,0,M221A,,1,1,= at least one forest condition,5,,2001,2001,2001,,2001,1992,1991,1997,6,1984,5,JULY,12,1991,,,,4047
26-JUL-2007,51,Virginia,VA,191,2,Southeast,1,Detection Monitoring (on-frame),1,0,3,,0,M221A,,1,2,= entire plot nonforest,22,,,,1999,,1991,1991,1991,,,1982,,AUGUST,7,1991,,,,2789
26-JUL-2007,51,Virginia,VA,191,2,Southeast,1,Detection Monitoring (on-frame),1,2,8,,0,M221A,,1,1,= at least one forest condition,25,,2001,2001,2001,,2001,1992,1991,,,1982,2,AUGUST,5,1991,,,,2806
26-JUL-2007,51,Virginia,VA,191,2,Southeast,1,Detection Monitoring (on-frame),1,3,11,,0,M221A,,1,1,= at least one forest condition,22,,2002,2002,2002,,2002,1992,1991,,,1982,2,AUGUST,2,1991,,,,2784
26-JUL-2007,51,Virginia,VA,193,2,Southeast,1,Detection Monitoring (on-frame),1,0,2,,0,-232A,,1,1,= at least one forest condition,0,,2000,2000,2000,,2000,1992,1991,,,1982,5,SEPTEMBER,12,1991,,,,3982
26-JUL-2007,51,Virginia,VA,195,2,Southeast,1,Detection Monitoring (on-frame),1,1,6,,0,M221C,,1,2,= entire plot nonforest,26,,,,1995,,1991,1991,1991,,,1982,,SEPTEMBER,9,1991,,,,2810
26-JUL-2007,51,Virginia,VA,195,2,Southeast,1,Detection Monitoring (on-frame),1,3,11,,0,-221I,,1,1,= at least one forest condition,31,,2002,2002,2002,,2002,1992,1991,,,1982,2,AUGUST,13,1991,,,,2811
26-JUL-2007,51,Virginia,VA,197,2,Southeast,1,Detection Monitoring (on-frame),1,0,1,,0,M221A,,1,2,= entire plot nonforest,24,,,,1999,,1991,1991,1991,,,1982,,JULY,30,1991,,,,2790
26-JUL-2007,51,Virginia,VA,197,2,Southeast,1,Detection Monitoring (on-frame),1,2,7,,0,M221A,,1,2,= entire plot nonforest,22,,2001,2001,2001,,1991,1991,1991,,,1982,,JULY,30,1991,,,,2772
26-JUL-2007,51,Virginia,VA,199,2,Southeast,1,Detection Monitoring (on-frame),1,0,3,,0,-232A,,1,2,= entire plot nonforest,0,,,,1999,,1991,1991,1991,,,1981,,SEPTEMBER,19,1991,,,,2687
26-JUL-2007,51,Virginia,VA,550,2,Southeast,1,Detection Monitoring (on-frame),1,1,4,,0,-232A,,1,2,= entire plot nonforest,0,,2000,2000,2000,,2000,1991,1991,,,1981,,SEPTEMBER,19,1991,,,,2691
26-JUL-2007,51,Virginia,VA,550,2,Southeast,1,Detection Monitoring (on-frame),1,2,8,,0,-232A,,1,1,= at least one forest condition,1,,2001,2001,2001,,2001,1992,1991,,,1981,6,SEPTEMBER,10,1991,,,,2688
26-JUL-2007,51,Virginia,VA,800,2,Southeast,1,Detection Monitoring (on-frame),1,3,12,,0,-232A,,1,1,= at least one forest condition,0,,2002,2002,2002,,2002,1992,1991,,,1981,5,SEPTEMBER,6,1991,,,,2692
26-JUL-2007,51,Virginia,VA,810,2,Southeast,1,Detection Monitoring (on-frame),1,3,12,,0,-232A,,1,2,= entire plot nonforest,0,,,,2002,,1991,1991,1991,,,1981,,SEPTEMBER,19,1991,,,,2677
