LAST_UPDATE,STATE,STATE_DESCR,STATE_ABBREV,COUNTY,FHM_REGION,FHM_REGION_DESCR,PROJECT,PROJECT_DESCR,MEASUREMENT_TYPE,PANEL,OVERLAP,HIERARCHIAL_ID,GRID_INTENSIFICATION,ECOREGION_CODE,HEXAGON_NBR,PLOT_NBR,PLOT_STATUS,PLOT_STATUS_DESCR,PROJECT_TYPE,QA_STATUS,QA_STATUS_DESCR,ELEVATION_CLASS,INCLUSION_PROBABILITY,LAST_PLOT_MENS_YEAR,LAST_PLOT_TALLY_YEAR,LAST_PLOT_VISIT_YEAR,PREVIOUS_VISIT_YEAR,PLOT_COND_CLASS_YEAR,COND_CLASS_YEAR,PLOT_ENTRANCE_YEAR,PLOT_EXIT_YEAR,PLOT_EXIT_REASON,MONTH,DAY,YEAR,CREW_TALLY1,CREW_TALLY2,CREW_TALLY3,CREW_TALLY4,CREW_TALLY5,CREW_TYPE_1994,CREW_TYPE_1994_DESCR,DISTURB_YEAR1,PAST_DISTURB1,DISTURB_YEAR2,PAST_DISTURB2,DISTURB_YEAR3,PAST_DISTURB3,CNTR_LAND_USE_1,CNTR_LAND_USE_2,CNTR_LAND_USE_3,CNTR_LAND_USE_4,ELEVATION,P3ID
26-JUL-2007,51,Virginia,VA,1,2,Southeast,1,Detection Monitoring (on-frame),3,0,3,,0,-232A,,1,2,= entire plot nonforest,1,1,standard field plot,0,,,,1999,1991,1991,1991,1991,,,MAY,27,1995,1551012,,,,,1,Standard field crew,,,,,,,7,7,7,7,,3217
26-JUL-2007,51,Virginia,VA,1,2,Southeast,1,Detection Monitoring (on-frame),3,1,5,,0,-232A,,1,1,= at least one forest condition,1,1,standard field plot,0,,2000,2000,2000,1994,2000,1995,1991,,,JUNE,27,1995,1551007,1551008,,,,1,Standard field crew,,,,,,,,,,,,3216
26-JUL-2007,51,Virginia,VA,1,2,Southeast,1,Detection Monitoring (on-frame),3,2,8,,0,-232A,,1,2,= entire plot nonforest,1,1,standard field plot,0,,2001,2001,2001,1991,1991,1991,1991,,,MAY,26,1995,1551013,,,,,1,Standard field crew,,,,,,,9,9,9,9,,3219
26-JUL-2007,51,Virginia,VA,3,2,Southeast,1,Detection Monitoring (on-frame),1,0,3,,0,-231A,,1,2,= entire plot nonforest,1,1,standard field plot,5,,,,1999,1991,1991,,1991,,,AUGUST,7,1995,1551001,1551002,,,,1,Standard field crew,,,,,,,3,5,9,5,,4033
26-JUL-2007,51,Virginia,VA,3,2,Southeast,1,Detection Monitoring (on-frame),3,1,5,,0,M221D,,1,1,= at least one forest condition,1,1,standard field plot,7,,2000,2000,2000,1994,2000,1995,1991,,,JULY,17,1995,1551007,1551008,,,,1,Standard field crew,,,,,,,,,,,,3267
26-JUL-2007,51,Virginia,VA,3,2,Southeast,1,Detection Monitoring (on-frame),3,2,8,,0,M221D,,1,2,= entire plot nonforest,1,1,standard field plot,5,,2001,2001,2001,1991,1991,1991,1991,,,MAY,18,1995,1551012,,,,,1,Standard field crew,,,,,,,3,3,3,3,,4034
26-JUL-2007,51,Virginia,VA,5,2,Southeast,1,Detection Monitoring (on-frame),3,0,3,,0,M221A,,1,1,= at least one forest condition,1,1,standard field plot,26,,1999,1999,1999,1994,1999,1995,1991,,,JULY,13,1995,1551001,1551002,,,,1,Standard field crew,,,,,,,,,,,,3307
26-JUL-2007,51,Virginia,VA,5,2,Southeast,1,Detection Monitoring (on-frame),3,1,6,,0,M221A,,1,1,= at least one forest condition,1,1,standard field plot,26,,2000,2000,2000,1994,2000,1995,1991,,,JUNE,29,1995,1551005,1551006,,,,1,Standard field crew,,,,,,,,,,,,3285
26-JUL-2007,51,Virginia,VA,5,2,Southeast,1,Detection Monitoring (on-frame),3,3,11,,0,M221A,,1,1,= at least one forest condition,1,1,standard field plot,24,,2002,2002,2002,1994,2002,1995,1991,,,AUGUST,9,1995,1551005,1551006,,,,1,Standard field crew,,,,,,,,,,,,3303
26-JUL-2007,51,Virginia,VA,7,2,Southeast,1,Detection Monitoring (on-frame),3,0,3,,0,-231A,,1,1,= at least one forest condition,1,1,standard field plot,4,,1999,1999,1999,1994,1999,1995,1991,,,JULY,4,1995,1551001,1551002,,,,1,Standard field crew,,,,,,,,,,,,3257
26-JUL-2007,51,Virginia,VA,9,2,Southeast,1,Detection Monitoring (on-frame),3,0,3,,0,M221D,,1,3,= entire plot access denied,1,1,standard field plot,8,,1991,1992,1999,1993,1995,1995,1991,1999,6,AUGUST,10,1995,1551009,,,,,1,Standard field crew,,,,,,,,,,,,3281
26-JUL-2007,51,Virginia,VA,11,2,Southeast,1,Detection Monitoring (on-frame),3,1,6,,0,-231A,,1,3,= entire plot access denied,1,1,standard field plot,7,,2000,2000,2000,1994,2000,1995,1991,,,AUGUST,10,1995,1551009,,,,,1,Standard field crew,,,,,,,,,,,,3261
26-JUL-2007,51,Virginia,VA,15,2,Southeast,1,Detection Monitoring (on-frame),3,0,2,,0,M221A,,1,1,= at least one forest condition,1,1,standard field plot,17,,1999,1999,1999,1994,1999,1995,1991,,,JUNE,13,1995,1551001,1551002,,,,1,Standard field crew,,,,,,,,,,,,4035
26-JUL-2007,51,Virginia,VA,15,2,Southeast,1,Detection Monitoring (on-frame),3,0,3,,0,M221A,,1,1,= at least one forest condition,1,1,standard field plot,35,,1999,1999,1999,1994,1999,1995,1991,,,JULY,12,1995,1551001,1551002,,,,1,Standard field crew,,,,,,,,,,,,4061
26-JUL-2007,51,Virginia,VA,15,2,Southeast,1,Detection Monitoring (on-frame),3,1,6,,0,M221A,,1,2,= entire plot nonforest,1,1,standard field plot,13,,,,1995,1991,1991,1991,1991,,,MAY,19,1995,1551012,,,,,1,Standard field crew,,,,,,,3,3,3,3,,4053
26-JUL-2007,51,Virginia,VA,15,2,Southeast,1,Detection Monitoring (on-frame),3,2,7,,0,M221A,,1,2,= entire plot nonforest,1,1,standard field plot,17,,2001,2001,2001,1991,1991,1991,1991,,,MAY,19,1995,1551012,,,,,1,Standard field crew,,,,,,,3,3,3,3,,4052
26-JUL-2007,51,Virginia,VA,15,2,Southeast,1,Detection Monitoring (on-frame),3,3,11,,0,M221A,,1,1,= at least one forest condition,1,1,standard field plot,18,,2002,2002,2002,1994,2002,1995,1991,,,JULY,14,1995,1551007,1551008,,,,1,Standard field crew,,,,,,,,,,,,4055
26-JUL-2007,51,Virginia,VA,17,2,Southeast,1,Detection Monitoring (on-frame),3,1,5,,0,M221A,,1,1,= at least one forest condition,1,1,standard field plot,35,,2000,2000,2000,1994,2000,1995,1991,,,JULY,13,1995,1551007,1551008,,,,1,Standard field crew,,,,,,,,,,,,4057
26-JUL-2007,51,Virginia,VA,17,2,Southeast,1,Detection Monitoring (on-frame),3,2,9,,0,M221A,,1,1,= at least one forest condition,1,1,standard field plot,20,,2001,2001,2001,1994,2001,1995,1991,,,JULY,12,1995,1551007,1551008,,,,1,Standard field crew,,,,,,,,,,,,3290
26-JUL-2007,51,Virginia,VA,19,2,Southeast,1,Detection Monitoring (on-frame),3,1,5,,0,M221D,,1,2,= entire plot nonforest,1,1,standard field plot,9,,2000,2000,2000,1991,2000,1991,1991,,,JUNE,1,1995,1551012,,,,,1,Standard field crew,,,,,,,7,7,7,7,,3278
26-JUL-2007,51,Virginia,VA,19,2,Southeast,1,Detection Monitoring (on-frame),3,2,8,,0,M221A,,1,1,= at least one forest condition,1,1,standard field plot,13,,2001,2001,2001,1994,1997,1995,1991,,,JUNE,27,1995,1551005,1551006,,,,1,Standard field crew,,,,,,,,,,,,3283
26-JUL-2007,51,Virginia,VA,19,2,Southeast,1,Detection Monitoring (on-frame),3,2,9,,0,-231A,,1,2,= entire plot nonforest,1,1,standard field plot,9,,2001,2001,2001,1991,1991,1991,1991,,,MAY,29,1995,1551013,,,,,1,Standard field crew,,,,,,,2,2,2,2,,3271
26-JUL-2007,51,Virginia,VA,19,2,Southeast,1,Detection Monitoring (on-frame),3,3,10,,0,M221A,,1,1,= at least one forest condition,1,1,standard field plot,22,,2002,2002,2002,1994,2002,1995,1991,,,JUNE,28,1995,1551005,1551006,,,,1,Standard field crew,,,,,,,,,,,,3279
26-JUL-2007,51,Virginia,VA,21,2,Southeast,1,Detection Monitoring (on-frame),3,3,11,,0,M221A,,1,1,= at least one forest condition,1,1,standard field plot,22,,2002,2002,2002,1994,2002,1995,1991,,,AUGUST,9,1995,1551005,1551006,,,,1,Standard field crew,,,,,,,,,,,,3313
26-JUL-2007,51,Virginia,VA,23,2,Southeast,1,Detection Monitoring (on-frame),3,0,2,,0,M221A,,1,1,= at least one forest condition,1,1,standard field plot,16,,1999,1999,1999,1994,1999,1995,1991,,,JULY,17,1995,1551001,1551002,,,,1,Standard field crew,,,,,,,,,,,,3284
26-JUL-2007,51,Virginia,VA,25,2,Southeast,1,Detection Monitoring (on-frame),3,0,2,,0,-231A,,1,1,= at least one forest condition,1,1,standard field plot,2,,1999,1999,1999,1994,1999,1995,1991,,,JUNE,20,1995,1551001,1551002,,,,1,Standard field crew,,,,,,,,,,,,2712
26-JUL-2007,51,Virginia,VA,25,2,Southeast,1,Detection Monitoring (on-frame),3,2,7,,0,-231A,,1,2,= entire plot nonforest,1,1,standard field plot,4,,2001,2001,2001,1991,1991,1991,1991,,,MAY,28,1995,1551013,,,,,1,Standard field crew,,,,,,,2,2,2,2,,2726
26-JUL-2007,51,Virginia,VA,25,2,Southeast,1,Detection Monitoring (on-frame),3,3,10,,0,-231A,,1,2,= entire plot nonforest,1,1,standard field plot,3,,,,2002,1991,1991,1991,1991,,,AUGUST,8,1995,1551005,1551006,,,,1,Standard field crew,,,,,,,7,7,7,7,,2708
26-JUL-2007,51,Virginia,VA,27,2,Southeast,1,Detection Monitoring (on-frame),3,0,1,,0,M221C,,1,4,= entire plot unsafe condition,1,1,standard field plot,22,,1991,1991,1999,1992,1995,1995,1991,,,AUGUST,10,1995,1551009,,,,,1,Standard field crew,,,,,,,,,,,,3332
26-JUL-2007,51,Virginia,VA,27,2,Southeast,1,Detection Monitoring (on-frame),3,2,7,,0,M221C,,1,1,= at least one forest condition,1,1,standard field plot,20,,2001,2001,2001,1994,2001,1995,1991,,,AUGUST,8,1995,1551005,1551006,,,,1,Standard field crew,,,,,,,,,,,,3317
26-JUL-2007,51,Virginia,VA,27,2,Southeast,1,Detection Monitoring (on-frame),3,3,11,,0,M221C,,1,1,= at least one forest condition,1,1,standard field plot,11,,2002,2002,2002,1994,2002,1995,1991,,,AUGUST,8,1995,1551005,1551006,,,,1,Standard field crew,,,,,,,,,,,,3337
26-JUL-2007,51,Virginia,VA,29,2,Southeast,1,Detection Monitoring (on-frame),3,0,1,,0,-231A,,1,2,= entire plot nonforest,1,1,standard field plot,4,,,,1999,1991,1991,1991,1991,,,MAY,26,1995,1551012,,,,,1,Standard field crew,,,,,,,3,3,3,3,,3264
26-JUL-2007,51,Virginia,VA,29,2,Southeast,1,Detection Monitoring (on-frame),3,2,9,,0,-231A,,1,1,= at least one forest condition,1,1,standard field plot,5,,2001,2001,2001,1994,2001,1995,1991,,,JULY,26,1995,1551007,1551008,,,,1,Standard field crew,,,,,,,,,,,,3265
26-JUL-2007,51,Virginia,VA,29,2,Southeast,1,Detection Monitoring (on-frame),3,3,12,,0,-231A,,1,1,= at least one forest condition,1,1,standard field plot,5,,2002,2002,2002,1994,2002,1995,1991,,,JULY,25,1995,1551007,1551008,,,,1,Standard field crew,,,,,,,,,,,,3260
26-JUL-2007,51,Virginia,VA,31,2,Southeast,1,Detection Monitoring (on-frame),3,0,1,,0,-231A,,1,1,= at least one forest condition,1,1,standard field plot,7,,1999,1999,1999,1994,1999,1995,1991,,,JULY,6,1995,1551001,1551002,,,,1,Standard field crew,,,,,,,,,,,,3275
26-JUL-2007,51,Virginia,VA,31,2,Southeast,1,Detection Monitoring (on-frame),3,2,7,,0,-231A,,1,1,= at least one forest condition,1,1,standard field plot,5,,2001,2001,2001,1994,2001,1995,1991,,,JUNE,26,1995,1551005,1551006,,,,1,Standard field crew,,,,,,,,,,,,3274
26-JUL-2007,51,Virginia,VA,31,2,Southeast,1,Detection Monitoring (on-frame),3,3,11,,0,-231A,,1,1,= at least one forest condition,1,1,standard field plot,8,,2002,2002,2002,1994,2002,1995,1991,,,JUNE,27,1995,1551005,1551006,,,,1,Standard field crew,,,,,,,,,,,,3276
26-JUL-2007,51,Virginia,VA,33,2,Southeast,1,Detection Monitoring (on-frame),3,1,4,,0,-231A,,1,2,= entire plot nonforest,1,1,standard field plot,1,,2000,2000,2000,1991,2000,1991,1991,,,MAY,25,1995,1551012,,,,,1,Standard field crew,,,,,,,7,7,7,7,,3250
26-JUL-2007,51,Virginia,VA,33,2,Southeast,1,Detection Monitoring (on-frame),3,2,7,,0,-231A,,1,1,= at least one forest condition,1,1,standard field plot,1,,2001,2001,2001,1994,2001,1995,1991,,,JUNE,20,1995,1551007,1551008,,,,1,Standard field crew,,,,,,,,,,,,4013
26-JUL-2007,51,Virginia,VA,33,2,Southeast,1,Detection Monitoring (on-frame),3,3,10,,0,-232A,,1,1,= at least one forest condition,1,1,standard field plot,1,,2002,2002,2002,1994,2002,1995,1991,,,JUNE,22,1995,1551007,1551008,,,,1,Standard field crew,,,,,,,,,,,,4012
26-JUL-2007,51,Virginia,VA,35,2,Southeast,1,Detection Monitoring (on-frame),3,1,4,,0,M221D,,1,1,= at least one forest condition,1,1,standard field plot,23,,2000,2000,2000,1994,2000,1995,1991,,,JULY,5,1995,1551005,1551006,,,,1,Standard field crew,,,,,,,,,,,,2766
26-JUL-2007,51,Virginia,VA,35,2,Southeast,1,Detection Monitoring (on-frame),3,3,10,,0,M221D,,1,2,= entire plot nonforest,1,1,standard field plot,24,,,,2002,1991,1991,1991,1991,,,MAY,24,1995,1551013,,,,,1,Standard field crew,,,,,,,3,3,3,3,,2770
26-JUL-2007,51,Virginia,VA,36,2,Southeast,1,Detection Monitoring (on-frame),3,2,7,,0,-232A,,1,1,= at least one forest condition,1,1,standard field plot,1,,2001,2001,2001,1994,2001,1995,1991,,,JUNE,28,1995,1551007,1551008,,,,1,Standard field crew,,,,,,,,,,,,3237
26-JUL-2007,51,Virginia,VA,37,2,Southeast,1,Detection Monitoring (on-frame),3,1,5,,0,-231A,,1,1,= at least one forest condition,1,1,standard field plot,5,,2000,2000,2000,1992,2000,1995,1991,,,JUNE,20,1995,1551005,1551006,,,,1,Standard field crew,,,,,,,,,,,,3253
26-JUL-2007,51,Virginia,VA,37,2,Southeast,1,Detection Monitoring (on-frame),3,2,9,,0,-231A,,1,1,= at least one forest condition,1,1,standard field plot,1,,2001,2001,2001,1994,2001,1995,1991,,,JUNE,22,1995,1551005,1551006,,,,1,Standard field crew,,,,,,,,,,,,2728
26-JUL-2007,51,Virginia,VA,41,2,Southeast,1,Detection Monitoring (on-frame),3,0,1,,0,-231A,,1,1,= at least one forest condition,1,1,standard field plot,1,,1999,1999,1999,1994,1999,1995,1991,,,JUNE,19,1995,1551001,1551002,,,,1,Standard field crew,,,,,,,,,,,,3238
26-JUL-2007,51,Virginia,VA,41,2,Southeast,1,Detection Monitoring (on-frame),3,1,5,,0,-231A,,1,1,= at least one forest condition,1,1,standard field plot,4,,2000,2000,2000,1994,2000,1995,1991,,,JUNE,29,1995,1551007,1551008,,,,1,Standard field crew,,,,,,,,,,,,3244
26-JUL-2007,51,Virginia,VA,41,2,Southeast,1,Detection Monitoring (on-frame),3,2,9,,0,-231A,,1,1,= at least one forest condition,1,1,standard field plot,3,,2001,2001,2001,1994,2001,1995,1991,,,JULY,18,1995,1551007,1551008,,,,1,Standard field crew,,,,,,,,,,,,3239
26-JUL-2007,51,Virginia,VA,45,2,Southeast,1,Detection Monitoring (on-frame),3,0,1,,0,M221A,,1,1,= at least one forest condition,1,1,standard field plot,18,,1999,1999,1999,1994,1999,1995,1991,,,JULY,19,1995,1551001,1551002,,,,1,Standard field crew,,,,,,,,,,,,3298
26-JUL-2007,51,Virginia,VA,45,2,Southeast,1,Detection Monitoring (on-frame),3,2,7,,0,M221A,,1,1,= at least one forest condition,1,1,standard field plot,0,,2001,2001,2001,1991,2001,1995,1991,,,AUGUST,8,1995,1551005,1551006,,,,1,Standard field crew,,,,,,,,,,,,3297
26-JUL-2007,51,Virginia,VA,47,2,Southeast,1,Detection Monitoring (on-frame),3,0,2,,0,M221D,,1,1,= at least one forest condition,1,1,standard field plot,3,,1999,1999,1999,1994,1999,1995,1991,,,JUNE,28,1995,1551001,1551002,,,,1,Standard field crew,,,,,,,,,,,,4025
26-JUL-2007,51,Virginia,VA,49,2,Southeast,1,Detection Monitoring (on-frame),3,1,4,,0,-231A,,1,1,= at least one forest condition,1,1,standard field plot,5,,1997,1997,1997,1994,1997,1995,1991,,,JULY,6,1995,1551007,1551008,,,,1,Standard field crew,,,,,,,,,,,,3259
26-JUL-2007,51,Virginia,VA,49,2,Southeast,1,Detection Monitoring (on-frame),3,2,7,,0,-231A,,1,1,= at least one forest condition,1,1,standard field plot,3,,2001,2001,2001,1994,2001,1995,1991,,,JUNE,14,1995,1551007,1551008,,,,1,Standard field crew,,,,,,,,,,,,3263
26-JUL-2007,51,Virginia,VA,51,2,Southeast,1,Detection Monitoring (on-frame),3,2,9,,0,M221C,,1,2,= entire plot nonforest,1,1,standard field plot,16,,2001,2001,2001,1991,1991,1991,1991,,,MAY,28,1995,1551012,,,,,1,Standard field crew,,,,,,,7,7,7,7,,3333
26-JUL-2007,51,Virginia,VA,51,2,Southeast,1,Detection Monitoring (on-frame),3,3,12,,0,M221C,,1,1,= at least one forest condition,1,1,standard field plot,24,,2002,2002,2002,1994,2002,1995,1991,,,AUGUST,9,1995,1551006,1551005,,,,1,Standard field crew,,,,,,,,,,,,2809
26-JUL-2007,51,Virginia,VA,53,2,Southeast,1,Detection Monitoring (on-frame),3,3,12,,0,-231A,,1,1,= at least one forest condition,1,1,standard field plot,1,,2002,2002,2002,1994,2002,1995,1991,,,JULY,19,1995,1551007,1551008,,,,1,Standard field crew,,,,,,,,,,,,3232
26-JUL-2007,51,Virginia,VA,57,2,Southeast,1,Detection Monitoring (on-frame),3,2,9,,0,-232A,,1,1,= at least one forest condition,1,1,standard field plot,1,,2001,2001,2001,1994,2001,1995,1991,,,JUNE,22,1995,1551007,1551008,,,,1,Standard field crew,,,,,,,,,,,,3230
26-JUL-2007,51,Virginia,VA,59,2,Southeast,1,Detection Monitoring (on-frame),3,3,10,,0,-231A,,1,2,= entire plot nonforest,1,1,standard field plot,3,,,,2002,1991,1991,1991,1991,,,MAY,25,1995,1551012,,,,,1,Standard field crew,,,,,,,7,7,7,7,,4028
26-JUL-2007,51,Virginia,VA,61,2,Southeast,1,Detection Monitoring (on-frame),3,2,8,,0,-231A,,1,1,= at least one forest condition,1,1,standard field plot,3,,2001,2001,2001,1994,2001,1995,1991,,,JULY,31,1995,1551007,1551008,,,,1,Standard field crew,,,,,,,,,,,,4024
26-JUL-2007,51,Virginia,VA,61,2,Southeast,1,Detection Monitoring (on-frame),3,3,12,,0,M221D,,1,2,= entire plot nonforest,1,1,standard field plot,7,,2002,2002,2002,1991,2002,1991,1991,,,MAY,24,1995,1551011,,,,,1,Standard field crew,,,,,,,5,5,5,5,,4030
26-JUL-2007,51,Virginia,VA,63,2,Southeast,1,Detection Monitoring (on-frame),3,2,8,,0,M221D,,1,1,= at least one forest condition,1,1,standard field plot,26,,2001,2001,2001,1994,2001,1995,1991,,,JULY,6,1995,1551005,1551006,,,,1,Standard field crew,,,,,,,,,,,,3291
26-JUL-2007,51,Virginia,VA,65,2,Southeast,1,Detection Monitoring (on-frame),3,3,11,,0,-231A,,1,1,= at least one forest condition,1,1,standard field plot,5,,2002,2002,2002,1994,2002,1995,1991,,,JULY,17,1995,1551007,1551008,,,,1,Standard field crew,,,,,,,,,,,,3270
26-JUL-2007,51,Virginia,VA,67,2,Southeast,1,Detection Monitoring (on-frame),3,0,3,,0,M221D,,1,2,= entire plot nonforest,1,1,standard field plot,12,,,,1999,1991,1991,1991,1991,,,MAY,23,1995,1551013,,,,,1,Standard field crew,,,,,,,3,3,3,3,,3273
26-JUL-2007,51,Virginia,VA,67,2,Southeast,1,Detection Monitoring (on-frame),3,1,6,,0,-231A,,1,2,= entire plot nonforest,1,1,standard field plot,9,,2000,2000,2000,1991,2000,1991,1991,,,MAY,25,1995,1551013,,,,,1,Standard field crew,,,,,,,5,5,5,5,,2751
26-JUL-2007,51,Virginia,VA,67,2,Southeast,1,Detection Monitoring (on-frame),3,3,11,,0,-231A,,1,2,= entire plot nonforest,1,1,standard field plot,13,,2002,2002,2002,1991,2002,1991,1991,,,MAY,23,1995,1551012,,,,,1,Standard field crew,,,,,,,5,5,5,5,,2767
26-JUL-2007,51,Virginia,VA,69,2,Southeast,1,Detection Monitoring (on-frame),3,3,10,,0,M221A,,1,1,= at least one forest condition,1,1,standard field plot,13,,2002,2002,2002,1994,2002,1995,1991,,,AUGUST,1,1995,1551007,1551008,,,,1,Standard field crew,,,,,,,,,,,,4806
26-JUL-2007,51,Virginia,VA,71,2,Southeast,1,Detection Monitoring (on-frame),3,2,9,,0,M221A,,1,1,= at least one forest condition,1,1,standard field plot,28,,1997,1997,1997,1994,1997,1995,1991,,,AUGUST,8,1995,1551005,1551006,,,,1,Standard field crew,,,,,,,,,,,,3299
26-JUL-2007,51,Virginia,VA,73,2,Southeast,1,Detection Monitoring (on-frame),3,2,8,,0,-232A,,1,2,= entire plot nonforest,1,1,standard field plot,1,,2001,2001,2001,1991,1991,1991,1991,,,MAY,26,1995,1551012,,,,,1,Standard field crew,,,,,,,7,7,7,7,,3224
26-JUL-2007,51,Virginia,VA,75,2,Southeast,1,Detection Monitoring (on-frame),3,0,2,,0,-231A,,1,1,= at least one forest condition,1,1,standard field plot,3,,1999,1999,1999,1994,1999,1995,1991,,,JUNE,15,1995,1551001,1551002,,,,1,Standard field crew,,,,,,,,,,,,3246
26-JUL-2007,51,Virginia,VA,77,2,Southeast,1,Detection Monitoring (on-frame),3,3,12,,0,M221D,,1,1,= at least one forest condition,1,1,standard field plot,30,,2002,2002,2002,1994,2002,1995,1991,,,JULY,10,1995,1551005,1551006,,,,1,Standard field crew,,,,,,,,,,,,2786
26-JUL-2007,51,Virginia,VA,79,2,Southeast,1,Detection Monitoring (on-frame),3,1,4,,0,M221D,,1,2,= entire plot nonforest,1,1,standard field plot,7,,,,1997,1991,1991,1991,1991,2000,6,MAY,18,1995,1551012,,,,,1,Standard field crew,,,,,,,3,3,3,3,,4037
26-JUL-2007,51,Virginia,VA,81,2,Southeast,1,Detection Monitoring (on-frame),3,1,5,,0,-232A,,1,1,= at least one forest condition,1,1,standard field plot,1,,2000,2000,2000,1994,2000,1995,1991,,,JUNE,14,1995,1551005,1551006,,,,1,Standard field crew,,,,,,,,,,,,2707
26-JUL-2007,51,Virginia,VA,83,2,Southeast,1,Detection Monitoring (on-frame),3,0,3,,0,-231A,,1,1,= at least one forest condition,1,1,standard field plot,3,,1999,1999,1999,1994,1999,1995,1991,,,JUNE,22,1995,1551001,1551002,,,,1,Standard field crew,,,,,,,,,,,,2729
26-JUL-2007,51,Virginia,VA,83,2,Southeast,1,Detection Monitoring (on-frame),3,1,6,,0,-231A,,1,2,= entire plot nonforest,1,1,standard field plot,3,,2000,2000,2000,1991,2000,1991,1991,,,MAY,23,1995,1551011,,,,,1,Standard field crew,,,,,,,3,3,3,3,,2723
26-JUL-2007,51,Virginia,VA,83,2,Southeast,1,Detection Monitoring (on-frame),3,3,10,,0,-231A,,1,1,= at least one forest condition,1,1,standard field plot,1,,2002,2002,2002,1994,2002,1995,1991,,,JUNE,22,1995,1551005,1551006,,,,1,Standard field crew,,,,,,,,,,,,2731
26-JUL-2007,51,Virginia,VA,85,2,Southeast,1,Detection Monitoring (on-frame),3,2,8,,0,-231A,,1,1,= at least one forest condition,1,1,standard field plot,1,,2001,2001,2001,1994,2001,1995,1991,,,JUNE,15,1995,1551007,1551008,,,,1,Standard field crew,,,,,,,,,,,,3249
26-JUL-2007,51,Virginia,VA,87,2,Southeast,1,Detection Monitoring (on-frame),3,3,11,,0,-232A,,1,2,= entire plot nonforest,1,1,standard field plot,1,,,,2002,1991,1991,1991,1991,,,MAY,25,1995,1551012,,,,,1,Standard field crew,,,,,,,7,7,7,7,,3243
26-JUL-2007,51,Virginia,VA,89,2,Southeast,1,Detection Monitoring (on-frame),3,2,7,,0,-231A,,1,2,= entire plot nonforest,1,1,standard field plot,7,,2001,2001,2001,1991,1991,1991,1991,,,MAY,25,1995,1551012,,,,,1,Standard field crew,,,,,,,7,7,7,7,,2748
26-JUL-2007,51,Virginia,VA,91,2,Southeast,1,Detection Monitoring (on-frame),3,2,8,,0,M221A,,1,1,= at least one forest condition,1,1,standard field plot,35,,2001,2001,2001,1994,2001,1995,1991,,,AUGUST,2,1995,1551007,1551008,,,,1,Standard field crew,,,,,,,,,,,,4062
26-JUL-2007,51,Virginia,VA,93,2,Southeast,1,Detection Monitoring (on-frame),3,1,6,,0,-232A,,1,1,= at least one forest condition,1,1,standard field plot,1,,2000,2000,2000,1994,2000,1995,1991,,,JUNE,19,1995,1551005,1551006,,,,1,Standard field crew,,,,,,,,,,,,2690
26-JUL-2007,51,Virginia,VA,93,2,Southeast,1,Detection Monitoring (on-frame),3,2,9,,0,-232A,,1,2,= entire plot nonforest,1,1,standard field plot,1,,2001,2001,2001,1991,1991,1991,1991,,,MAY,25,1995,1551011,,,,,1,Standard field crew,,,,,,,2,2,2,2,,2693
26-JUL-2007,51,Virginia,VA,95,2,Southeast,1,Detection Monitoring (on-frame),3,0,2,,0,-232A,,1,1,= at least one forest condition,1,1,standard field plot,1,,1999,1999,1999,1994,1999,1995,1991,,,JUNE,26,1995,1551001,1551002,,,,1,Standard field crew,,,,,,,,,,,,3225
26-JUL-2007,51,Virginia,VA,97,2,Southeast,1,Detection Monitoring (on-frame),3,3,12,,0,-232A,,1,1,= at least one forest condition,1,1,standard field plot,1,,2002,2002,2002,1994,2002,1995,1991,,,JUNE,26,1995,1551007,1551008,,,,1,Standard field crew,,,,,,,,,,,,3227
26-JUL-2007,51,Virginia,VA,101,2,Southeast,1,Detection Monitoring (on-frame),3,0,3,,0,-232A,,1,1,= at least one forest condition,1,1,standard field plot,1,,1999,1999,1999,1994,1999,1995,1991,,,JULY,25,1995,1551001,1551002,,,,1,Standard field crew,,,,,,,,,,,,3248
26-JUL-2007,51,Virginia,VA,105,2,Southeast,1,Detection Monitoring (on-frame),3,0,1,,0,-221I,,1,1,= at least one forest condition,1,1,standard field plot,17,,1999,1999,1999,1994,1999,1995,1991,,,JULY,18,1995,1551001,1551002,,,,1,Standard field crew,,,,,,,,,,,,2805
26-JUL-2007,51,Virginia,VA,105,2,Southeast,1,Detection Monitoring (on-frame),3,2,9,,0,-221I,,1,2,= entire plot nonforest,1,1,standard field plot,14,,2001,2001,2001,1991,1991,1991,1991,,,MAY,29,1995,1551012,,,,,1,Standard field crew,,,,,,,3,3,3,3,,2823
26-JUL-2007,51,Virginia,VA,107,2,Southeast,1,Detection Monitoring (on-frame),3,0,1,,0,M221D,,1,2,= entire plot nonforest,1,1,standard field plot,5,,,,1999,1991,1991,1991,1991,,,MAY,24,1995,1551011,,,,,1,Standard field crew,,,,,,,3,3,3,3,,4775
26-JUL-2007,51,Virginia,VA,107,2,Southeast,1,Detection Monitoring (on-frame),3,2,7,,0,-231A,,1,2,= entire plot nonforest,1,1,standard field plot,2,,2001,2001,2001,1991,1991,1991,1991,,,MAY,23,1995,1551012,,,,,1,Standard field crew,,,,,,,7,7,7,7,,4774
26-JUL-2007,51,Virginia,VA,107,2,Southeast,1,Detection Monitoring (on-frame),3,3,11,,0,M221D,,1,2,= entire plot nonforest,1,1,standard field plot,5,,,,2002,1991,1991,1991,1991,,,MAY,25,1995,1551012,,,,,1,Standard field crew,,,,,,,7,7,7,7,,4779
26-JUL-2007,51,Virginia,VA,109,2,Southeast,1,Detection Monitoring (on-frame),3,1,6,,0,-231A,,1,1,= at least one forest condition,1,1,standard field plot,4,,2000,2000,2000,1994,2000,1995,1991,,,JUNE,12,1995,1551007,1551008,,,,1,Standard field crew,,,,,,,,,,,,3269
26-JUL-2007,51,Virginia,VA,109,2,Southeast,1,Detection Monitoring (on-frame),3,3,12,,0,-231A,,1,1,= at least one forest condition,1,1,standard field plot,3,,2002,2002,2002,1994,2002,1995,1991,,,JUNE,15,1995,1551008,1551007,,,,1,Standard field crew,,,,,,,,,,,,3251
26-JUL-2007,51,Virginia,VA,111,2,Southeast,1,Detection Monitoring (on-frame),3,3,11,,0,-231A,,1,1,= at least one forest condition,1,1,standard field plot,5,,2002,2002,2002,1994,2002,1995,1991,,,JUNE,21,1995,1551005,1551006,,,,1,Standard field crew,,,,,,,,,,,,3252
26-JUL-2007,51,Virginia,VA,113,2,Southeast,1,Detection Monitoring (on-frame),3,2,7,,0,M221D,,1,1,= at least one forest condition,1,1,standard field plot,25,,2001,2001,2001,1994,2001,1995,1991,,,JULY,27,1995,1551007,1551008,,,,1,Standard field crew,,,,,,,,,,,,4041
26-JUL-2007,51,Virginia,VA,113,2,Southeast,1,Detection Monitoring (on-frame),3,3,10,,0,-231A,,1,2,= entire plot nonforest,1,1,standard field plot,4,,,,2002,1991,1991,1991,1991,,,MAY,18,1995,1551012,,,,,1,Standard field crew,,,,,,,3,3,3,3,,4036
26-JUL-2007,51,Virginia,VA,117,2,Southeast,1,Detection Monitoring (on-frame),3,0,1,,0,-231A,,1,1,= at least one forest condition,1,1,standard field plot,4,,1999,1999,1999,1994,1999,1995,1991,,,JUNE,21,1995,1551001,1551002,,,,1,Standard field crew,,,,,,,,,,,,2727
26-JUL-2007,51,Virginia,VA,117,2,Southeast,1,Detection Monitoring (on-frame),3,1,4,,0,-231A,,1,1,= at least one forest condition,1,1,standard field plot,3,,2000,2000,2000,1994,2000,1995,1991,,,JUNE,14,1995,1551005,1551006,,,,1,Standard field crew,,,,,,,,,,,,2724
26-JUL-2007,51,Virginia,VA,117,2,Southeast,1,Detection Monitoring (on-frame),3,3,12,,0,-231A,,1,1,= at least one forest condition,1,1,standard field plot,4,,2002,2002,2002,1994,2002,1995,1991,,,JUNE,13,1995,1551005,1551006,,,,1,Standard field crew,,,,,,,,,,,,2722
26-JUL-2007,51,Virginia,VA,121,2,Southeast,1,Detection Monitoring (on-frame),3,0,2,,0,M221A,,1,2,= entire plot nonforest,1,1,standard field plot,19,,,,1999,1991,1991,1991,1991,,,MAY,22,1995,1551001,,,,,1,Standard field crew,,,,,,,3,3,3,3,,3292
26-JUL-2007,51,Virginia,VA,121,2,Southeast,1,Detection Monitoring (on-frame),3,3,12,,0,M221A,,1,2,= entire plot nonforest,1,1,standard field plot,19,,,,2002,1991,1991,1991,1991,,,MAY,24,1995,1551013,,,,,1,Standard field crew,,,,,,,7,7,7,7,,3293
26-JUL-2007,51,Virginia,VA,125,2,Southeast,1,Detection Monitoring (on-frame),3,3,10,,0,M221D,,1,1,= at least one forest condition,1,1,standard field plot,12,,2002,2002,2002,1994,2002,1995,1991,,,JULY,11,1995,1551007,1551008,,,,1,Standard field crew,,,,,,,,,,,,3268
26-JUL-2007,51,Virginia,VA,127,2,Southeast,1,Detection Monitoring (on-frame),3,1,6,,0,-232A,,1,2,= entire plot nonforest,1,1,standard field plot,1,,2000,2000,2000,1991,2000,1991,1991,,,MAY,26,1995,1551011,,,,,1,Standard field crew,,,,,,,9,9,9,9,,3242
26-JUL-2007,51,Virginia,VA,131,2,Southeast,1,Detection Monitoring (on-frame),3,2,9,,0,-232A,,1,2,= entire plot nonforest,1,1,standard field plot,0,,2001,2001,2001,1991,1991,1991,1991,,,MAY,24,1995,1551012,,,,,1,Standard field crew,,,,,,,2,2,2,2,,3214
26-JUL-2007,51,Virginia,VA,133,2,Southeast,1,Detection Monitoring (on-frame),3,2,7,,0,-232A,,1,1,= at least one forest condition,1,1,standard field plot,0,,2001,2001,2001,1994,2001,1995,1991,,,JUNE,21,1995,1551007,1551008,,,,1,Standard field crew,,,,,,,,,,,,3228
26-JUL-2007,51,Virginia,VA,135,2,Southeast,1,Detection Monitoring (on-frame),3,1,6,,0,-231A,,1,1,= at least one forest condition,1,1,standard field plot,3,,2000,2000,2000,1994,2000,1995,1991,,,JUNE,21,1995,1551005,1551006,,,,1,Standard field crew,,,,,,,,,,,,3233
26-JUL-2007,51,Virginia,VA,137,2,Southeast,1,Detection Monitoring (on-frame),3,1,5,,0,-231A,,1,1,= at least one forest condition,1,1,standard field plot,3,,2000,2000,2000,1994,2000,1995,1991,,,JULY,31,1995,1551007,1551008,,,,1,Standard field crew,,,,,,,,,,,,4017
26-JUL-2007,51,Virginia,VA,139,2,Southeast,1,Detection Monitoring (on-frame),3,0,1,,0,M221A,,1,2,= entire plot nonforest,1,1,standard field plot,11,,,,1999,1991,1991,1991,1991,,,MAY,20,1995,1551012,,,,,1,Standard field crew,,,,,,,7,7,7,7,,4042
26-JUL-2007,51,Virginia,VA,139,2,Southeast,1,Detection Monitoring (on-frame),3,3,11,,0,M221A,,1,1,= at least one forest condition,1,1,standard field plot,11,,2002,2002,2002,1994,2002,1995,1991,,,JULY,28,1995,1551007,1551008,,,,1,Standard field crew,,,,,,,,,,,,4043
26-JUL-2007,51,Virginia,VA,141,2,Southeast,1,Detection Monitoring (on-frame),3,0,1,,0,-231A,,1,1,= at least one forest condition,1,1,standard field plot,12,,1999,1999,1999,1994,1999,1995,1991,,,JULY,21,1995,1551001,1551002,,,,1,Standard field crew,,,,,,,,,,,,2763
26-JUL-2007,51,Virginia,VA,141,2,Southeast,1,Detection Monitoring (on-frame),3,1,5,,0,M221D,,1,1,= at least one forest condition,1,1,standard field plot,25,,2000,2000,2000,1994,2000,1995,1991,,,JULY,6,1995,1551005,1551006,,,,1,Standard field crew,,,,,,,,,,,,2769
26-JUL-2007,51,Virginia,VA,141,2,Southeast,1,Detection Monitoring (on-frame),3,2,9,,0,M221D,,1,1,= at least one forest condition,1,1,standard field plot,12,,2001,2001,2001,1994,2001,1995,1991,,,JULY,5,1995,1551005,1551006,,,,1,Standard field crew,,,,,,,,,,,,2764
26-JUL-2007,51,Virginia,VA,143,2,Southeast,1,Detection Monitoring (on-frame),1,0,2,,0,-231A,,1,1,= at least one forest condition,1,1,standard field plot,7,,1999,1999,1999,1991,1999,1995,1991,,,JULY,20,1995,1551001,1551002,,,,1,Standard field crew,,,,,,,,,,,,2747
26-JUL-2007,51,Virginia,VA,143,2,Southeast,1,Detection Monitoring (on-frame),3,1,4,,0,-231A,,1,1,= at least one forest condition,1,1,standard field plot,5,,2000,2000,2000,1994,2000,1995,1991,,,JUNE,26,1995,1551005,1551006,,,,1,Standard field crew,,,,,,,,,,,,2749
26-JUL-2007,51,Virginia,VA,143,2,Southeast,1,Detection Monitoring (on-frame),3,2,8,,0,-231A,,1,2,= entire plot nonforest,1,1,standard field plot,7,,2001,2001,2001,1991,1991,1991,1991,,,MAY,29,1995,1551012,,,,,1,Standard field crew,,,,,,,2,2,2,2,,2746
26-JUL-2007,51,Virginia,VA,143,2,Southeast,1,Detection Monitoring (on-frame),3,3,12,,0,-231A,,1,1,= at least one forest condition,1,1,standard field plot,8,,1995,1995,2002,1994,1998,1995,1991,,,JUNE,12,1995,1551005,1551006,,,,1,Standard field crew,,,,,,,,,,,,2750
26-JUL-2007,51,Virginia,VA,145,2,Southeast,1,Detection Monitoring (on-frame),3,3,10,,0,-231A,,1,1,= at least one forest condition,1,1,standard field plot,3,,2002,2002,2002,1992,2002,1995,1991,,,JULY,6,1995,1551007,1551008,,,,1,Standard field crew,,,,,,,,,,,,3241
26-JUL-2007,51,Virginia,VA,147,2,Southeast,1,Detection Monitoring (on-frame),1,0,2,,0,-231A,,1,1,= at least one forest condition,1,1,standard field plot,0,,1999,1999,1999,1991,1999,1995,1991,,,JULY,5,1995,1551001,1551002,,,,1,Standard field crew,,,,,,,,,,,,3255
26-JUL-2007,51,Virginia,VA,147,2,Southeast,1,Detection Monitoring (on-frame),3,2,8,,0,-231A,,1,1,= at least one forest condition,1,1,standard field plot,4,,2001,2001,2001,1994,2001,1995,1991,,,JUNE,20,1995,1551005,1551006,,,,1,Standard field crew,,,,,,,,,,,,3254
26-JUL-2007,51,Virginia,VA,149,2,Southeast,1,Detection Monitoring (on-frame),3,1,4,,0,-232A,,1,1,= at least one forest condition,1,1,standard field plot,1,,2000,2000,2000,1994,2000,1995,1991,,,JUNE,29,1995,1551007,1551008,,,,1,Standard field crew,,,,,,,,,,,,3234
26-JUL-2007,51,Virginia,VA,153,2,Southeast,1,Detection Monitoring (on-frame),3,0,3,,0,-231A,,1,3,= entire plot access denied,1,1,standard field plot,3,,1991,1992,1999,1993,1995,1995,1991,,,AUGUST,10,1995,1551009,,,,,1,Standard field crew,,,,,,,,,,,,4023
26-JUL-2007,51,Virginia,VA,153,2,Southeast,1,Detection Monitoring (on-frame),3,1,4,,0,-231A,,1,1,= at least one forest condition,1,1,standard field plot,5,,2000,2000,2000,1994,2000,1995,1991,,,AUGUST,1,1995,1551007,1551008,,,,1,Standard field crew,,,,,,,,,,,,4029
26-JUL-2007,51,Virginia,VA,155,2,Southeast,1,Detection Monitoring (on-frame),1,1,6,,0,M221A,,1,1,= at least one forest condition,1,1,standard field plot,0,,2000,2000,2000,1991,2000,1995,1991,,,AUGUST,8,1995,1551005,1551006,,,,1,Standard field crew,,,,,,,,,,,,3294
26-JUL-2007,51,Virginia,VA,157,2,Southeast,1,Detection Monitoring (on-frame),3,1,6,,0,M221D,,1,3,= entire plot access denied,1,1,standard field plot,15,,2000,2000,2000,1994,2000,1995,1991,,,AUGUST,10,1995,1551009,,,,,1,Standard field crew,,,,,,,,,,,,4046
26-JUL-2007,51,Virginia,VA,159,2,Southeast,1,Detection Monitoring (on-frame),3,0,1,,0,-232A,,1,2,= entire plot nonforest,1,1,standard field plot,1,,,,1999,1991,1991,1991,1991,,,MAY,30,1995,1551012,,,,,1,Standard field crew,,,,,,,2,2,2,2,,3229
26-JUL-2007,51,Virginia,VA,159,2,Southeast,1,Detection Monitoring (on-frame),3,1,5,,0,-232A,,1,1,= at least one forest condition,1,1,standard field plot,1,,2000,2000,2000,1994,2000,1995,1991,,,JUNE,21,1995,1551007,1551008,,,,1,Standard field crew,,,,,,,,,,,,3977
26-JUL-2007,51,Virginia,VA,161,2,Southeast,1,Detection Monitoring (on-frame),3,1,4,,0,M221A,,1,2,= entire plot nonforest,1,1,standard field plot,11,,2000,2000,2000,1991,2000,1991,1991,,,MAY,24,1995,1551012,,,,,1,Standard field crew,,,,,,,7,7,7,7,,3295
26-JUL-2007,51,Virginia,VA,163,2,Southeast,1,Detection Monitoring (on-frame),3,0,1,,0,M221A,,1,3,= entire plot access denied,1,1,standard field plot,18,,1999,1999,1999,1991,1999,,1991,,,AUGUST,7,1995,1551001,1551002,1551003,,,1,Standard field crew,,,,,,,10,10,10,10,2000,3289
26-JUL-2007,51,Virginia,VA,163,2,Southeast,1,Detection Monitoring (on-frame),3,1,4,,0,M221A,,1,1,= at least one forest condition,1,1,standard field plot,20,,2000,2000,2000,1994,2000,1995,1991,,,JULY,11,1995,1551007,1551008,,,,1,Standard field crew,,,,,,,,,,,,3286
26-JUL-2007,51,Virginia,VA,163,2,Southeast,1,Detection Monitoring (on-frame),3,3,12,,0,M221A,,1,1,= at least one forest condition,1,1,standard field plot,14,,2002,2002,2002,1994,2002,1995,1991,,,JULY,10,1995,1551007,1551008,,,,1,Standard field crew,,,,,,,,,,,,3287
26-JUL-2007,51,Virginia,VA,165,2,Southeast,1,Detection Monitoring (on-frame),3,1,5,,0,M221A,,1,1,= at least one forest condition,1,1,standard field plot,14,,2000,2000,2000,1994,2000,1995,1991,,,JULY,28,1995,1551007,1551008,,,,1,Standard field crew,,,,,,,,,,,,4045
26-JUL-2007,51,Virginia,VA,165,2,Southeast,1,Detection Monitoring (on-frame),3,2,9,,0,M221A,,1,2,= entire plot nonforest,1,1,standard field plot,15,,2001,2001,2001,1991,1991,1991,1991,,,MAY,19,1995,1551012,,,,,1,Standard field crew,,,,,,,3,3,3,3,,4040
26-JUL-2007,51,Virginia,VA,165,2,Southeast,1,Detection Monitoring (on-frame),3,3,12,,0,M221A,,1,1,= at least one forest condition,1,1,standard field plot,14,,2002,2002,2002,1994,2002,1995,1991,,,JULY,26,1995,1551007,1551008,,,,1,Standard field crew,,,,,,,,,,,,4039
26-JUL-2007,51,Virginia,VA,167,2,Southeast,1,Detection Monitoring (on-frame),3,1,4,,0,M221C,,1,3,= entire plot access denied,1,1,standard field plot,7,,2000,2000,2000,1991,2000,,1991,,,AUGUST,15,1995,1551001,1551002,1551003,,,1,Standard field crew,,,,,,,10,10,10,10,,3312
26-JUL-2007,51,Virginia,VA,169,2,Southeast,1,Detection Monitoring (on-frame),3,0,2,,0,M221A,,1,2,= entire plot nonforest,1,1,standard field plot,20,,,,1999,1991,1991,1991,1991,,,MAY,23,1995,1551012,,,,,1,Standard field crew,,,,,,,3,3,3,3,,2807
26-JUL-2007,51,Virginia,VA,169,2,Southeast,1,Detection Monitoring (on-frame),3,2,7,,0,M221A,,1,2,= entire plot nonforest,1,1,standard field plot,14,,2001,2001,2001,1991,1991,1991,1991,,,MAY,30,1995,1551012,,,,,1,Standard field crew,,,,,,,3,3,3,3,,2804
26-JUL-2007,51,Virginia,VA,171,2,Southeast,1,Detection Monitoring (on-frame),3,0,3,,0,M221A,,1,1,= at least one forest condition,1,1,standard field plot,7,,1999,1999,1999,1994,1999,1995,1991,,,JULY,11,1995,1551001,1551002,,,,1,Standard field crew,,,,,,,,,,,,4050
26-JUL-2007,51,Virginia,VA,173,2,Southeast,1,Detection Monitoring (on-frame),3,1,6,,0,M221A,,1,1,= at least one forest condition,1,1,standard field plot,45,,2000,2000,2000,1994,2000,1995,1991,,,JULY,10,1995,1551005,1551006,,,,1,Standard field crew,,,,,,,,,,,,2787
26-JUL-2007,51,Virginia,VA,173,2,Southeast,1,Detection Monitoring (on-frame),3,2,9,,0,M221A,,1,1,= at least one forest condition,1,1,standard field plot,27,,2001,2001,2001,1994,2001,1995,1991,,,AUGUST,10,1995,1551005,1551006,,,,1,Standard field crew,,,,,,,,,,,,2791
26-JUL-2007,51,Virginia,VA,175,2,Southeast,1,Detection Monitoring (on-frame),3,3,11,,0,-232A,,1,2,= entire plot nonforest,1,1,standard field plot,1,,,,2002,1991,1991,1991,1991,,,MAY,28,1995,1551012,,,,,1,Standard field crew,,,,,,,5,5,5,5,,2705
26-JUL-2007,51,Virginia,VA,177,2,Southeast,1,Detection Monitoring (on-frame),3,0,1,,0,-231A,,1,1,= at least one forest condition,1,1,standard field plot,2,,1999,1999,1999,1994,1999,1995,1991,,,JUNE,30,1995,1551001,1551002,,,,1,Standard field crew,,,,,,,,,,,,4014
26-JUL-2007,51,Virginia,VA,177,2,Southeast,1,Detection Monitoring (on-frame),3,2,9,,0,-231A,,1,2,= entire plot nonforest,1,1,standard field plot,4,,2001,2001,2001,1991,1991,1991,1991,,,MAY,26,1995,1551011,,,,,1,Standard field crew,,,,,,,9,9,9,9,,4015
26-JUL-2007,51,Virginia,VA,179,2,Southeast,1,Detection Monitoring (on-frame),3,3,11,,0,-231A,,1,1,= at least one forest condition,1,1,standard field plot,3,,2002,2002,2002,1994,2002,1995,1991,,,JUNE,19,1995,1551008,1551007,,,,1,Standard field crew,,,,,,,,,,,,4020
26-JUL-2007,51,Virginia,VA,181,2,Southeast,1,Detection Monitoring (on-frame),3,3,10,,0,-232A,,1,1,= at least one forest condition,1,1,standard field plot,0,,2002,2002,2002,1994,2002,1995,1991,,,JUNE,28,1995,1551007,1551008,,,,1,Standard field crew,,,,,,,,,,,,3223
26-JUL-2007,51,Virginia,VA,183,2,Southeast,1,Detection Monitoring (on-frame),3,0,3,,0,-232A,,1,2,= entire plot nonforest,1,1,standard field plot,1,,,,1999,1991,1991,1991,1991,,,AUGUST,7,1995,1551001,1551002,,,,1,Standard field crew,,,,,,,3,3,3,3,,2710
26-JUL-2007,51,Virginia,VA,183,2,Southeast,1,Detection Monitoring (on-frame),3,2,8,,0,-232A,,1,1,= at least one forest condition,1,1,standard field plot,1,,2001,2001,2001,1994,2001,1995,1991,,,JUNE,15,1995,1551005,1551006,,,,1,Standard field crew,,,,,,,,,,,,2711
26-JUL-2007,51,Virginia,VA,185,2,Southeast,1,Detection Monitoring (on-frame),3,1,5,,0,M221A,,1,2,= entire plot nonforest,1,1,standard field plot,31,,,,1995,1991,1991,1991,1991,,,AUGUST,9,1995,1551009,,,,,1,Standard field crew,,,,,,,3,3,3,3,,3310
26-JUL-2007,51,Virginia,VA,185,2,Southeast,1,Detection Monitoring (on-frame),3,3,10,,0,M221C,,1,1,= at least one forest condition,1,1,standard field plot,31,,2002,2002,2002,1994,2002,1995,1991,,,AUGUST,9,1995,1551005,1551006,,,,1,Standard field crew,,,,,,,,,,,,3311
26-JUL-2007,51,Virginia,VA,187,2,Southeast,1,Detection Monitoring (on-frame),3,2,9,,0,M221A,,1,3,= entire plot access denied,1,1,standard field plot,5,,2001,2001,2001,1993,2001,1995,1991,1997,6,AUGUST,15,1995,1551009,,,,,1,Standard field crew,,,,,,,,,,,,4047
26-JUL-2007,51,Virginia,VA,191,2,Southeast,1,Detection Monitoring (on-frame),3,0,3,,0,M221A,,1,2,= entire plot nonforest,1,1,standard field plot,22,,,,1999,1991,1991,1991,1991,,,AUGUST,7,1995,1551001,1551002,,,,1,Standard field crew,,,,,,,3,3,3,3,,2789
26-JUL-2007,51,Virginia,VA,191,2,Southeast,1,Detection Monitoring (on-frame),3,2,8,,0,M221A,,1,1,= at least one forest condition,1,1,standard field plot,25,,2001,2001,2001,1994,2001,1995,1991,,,AUGUST,8,1995,1551005,1551006,,,,1,Standard field crew,,,,,,,,,,,,2806
26-JUL-2007,51,Virginia,VA,191,2,Southeast,1,Detection Monitoring (on-frame),3,3,11,,0,M221A,,1,1,= at least one forest condition,1,1,standard field plot,22,,2002,2002,2002,1994,2002,1995,1991,,,JULY,11,1995,1551005,1551006,,,,1,Standard field crew,,,,,,,,,,,,2784
26-JUL-2007,51,Virginia,VA,193,2,Southeast,1,Detection Monitoring (on-frame),3,0,2,,0,-232A,,1,1,= at least one forest condition,1,1,standard field plot,0,,2000,2000,2000,1994,2000,1995,1991,,,JUNE,27,1995,1551001,1551002,,,,1,Standard field crew,,,,,,,,,,,,3982
26-JUL-2007,51,Virginia,VA,195,2,Southeast,1,Detection Monitoring (on-frame),3,1,6,,0,M221C,,1,2,= entire plot nonforest,1,1,standard field plot,26,,,,1995,1991,1991,1991,1991,,,JUNE,1,1995,1551013,,,,,1,Standard field crew,,,,,,,9,9,9,9,,2810
26-JUL-2007,51,Virginia,VA,195,2,Southeast,1,Detection Monitoring (on-frame),3,3,11,,0,-221I,,1,1,= at least one forest condition,1,1,standard field plot,31,,2002,2002,2002,1994,2002,1995,1991,,,AUGUST,8,1995,1551005,1551006,,,,1,Standard field crew,,,,,,,,,,,,2811
26-JUL-2007,51,Virginia,VA,197,2,Southeast,1,Detection Monitoring (on-frame),3,0,1,,0,M221A,,1,2,= entire plot nonforest,1,1,standard field plot,24,,,,1999,1991,1991,1991,1991,,,MAY,23,1995,1551011,,,,,1,Standard field crew,,,,,,,3,3,3,3,,2790
26-JUL-2007,51,Virginia,VA,197,2,Southeast,1,Detection Monitoring (on-frame),3,2,7,,0,M221A,,1,2,= entire plot nonforest,1,1,standard field plot,22,,2001,2001,2001,1991,1991,1991,1991,,,MAY,24,1995,1551011,,,,,1,Standard field crew,,,,,,,3,3,3,3,,2772
26-JUL-2007,51,Virginia,VA,199,2,Southeast,1,Detection Monitoring (on-frame),3,0,3,,0,-232A,,1,2,= entire plot nonforest,1,1,standard field plot,0,,,,1999,1991,1991,1991,1991,,,MAY,23,1995,1551012,,,,,1,Standard field crew,,,,,,,2,2,2,2,,2687
26-JUL-2007,51,Virginia,VA,550,2,Southeast,1,Detection Monitoring (on-frame),3,1,4,,0,-232A,,1,2,= entire plot nonforest,1,1,standard field plot,0,,2000,2000,2000,1991,2000,1991,1991,,,AUGUST,9,1995,1551009,,,,,1,Standard field crew,,,,,,,9,9,9,9,,2691
26-JUL-2007,51,Virginia,VA,550,2,Southeast,1,Detection Monitoring (on-frame),3,2,8,,0,-232A,,1,1,= at least one forest condition,1,1,standard field plot,1,,2001,2001,2001,1994,2001,1995,1991,,,JUNE,20,1995,1551005,1551006,,,,1,Standard field crew,,,,,,,,,,,,2688
26-JUL-2007,51,Virginia,VA,800,2,Southeast,1,Detection Monitoring (on-frame),3,3,12,,0,-232A,,1,1,= at least one forest condition,1,1,standard field plot,0,,2002,2002,2002,1994,2002,1995,1991,,,JUNE,19,1995,1551005,1551006,,,,1,Standard field crew,,,,,,,,,,,,2692
26-JUL-2007,51,Virginia,VA,810,2,Southeast,1,Detection Monitoring (on-frame),3,3,12,,0,-232A,,1,2,= entire plot nonforest,1,1,standard field plot,0,,,,2002,1991,1991,1991,1991,,,MAY,22,1995,1551012,,,,,1,Standard field crew,,,,,,,7,7,7,7,,2677
