LAST_UPDATE,STATE,STATE_DESCR,STATE_ABBREV,COUNTY,PROJECT,PROJECT_DESCR,HEXAGON_NBR,PLOT_NBR,POINT_NBR,ASPECT,MICROPLOT_OFFSET,SUBPLOT_OFFSET,PCT_SLOPE,SLOPE_CORRECTION,TERRAIN_POSITION,CURRENT_POINT_STATUS,MICROPLOT_CNTR_COND,SUBPLOT_CNTR_COND,SUBPLOT_COND_CLASS1,SUBPLOT_COND_CLASS2,SUBPLOT_COND_CLASS3,SUBPLOT_COND_CLASS4,P3ID
26-JUL-2007,51,Virginia,VA,17,1,Detection Monitoring (on-frame),,1,1,330,0,0,18,,2,1,1,1,1,,,,3290
26-JUL-2007,51,Virginia,VA,17,1,Detection Monitoring (on-frame),,1,2,330,0,0,15,.1,2,1,1,1,1,,,,3290
26-JUL-2007,51,Virginia,VA,17,1,Detection Monitoring (on-frame),,1,3,330,0,0,18,.2,2,1,1,1,1,,,,3290
26-JUL-2007,51,Virginia,VA,17,1,Detection Monitoring (on-frame),,1,4,330,0,0,18,0,2,1,1,1,1,,,,3290
26-JUL-2007,51,Virginia,VA,19,1,Detection Monitoring (on-frame),,1,1,50,0,0,24,,2,1,1,1,1,,,,3283
26-JUL-2007,51,Virginia,VA,19,1,Detection Monitoring (on-frame),,1,2,47,0,0,51,.4,2,1,1,1,1,,,,3283
26-JUL-2007,51,Virginia,VA,19,1,Detection Monitoring (on-frame),,1,3,40,0,0,30,0,2,1,1,1,1,,,,3283
26-JUL-2007,51,Virginia,VA,19,1,Detection Monitoring (on-frame),,1,4,132,0,0,5,.1,1,1,1,1,1,,,,3283
26-JUL-2007,51,Virginia,VA,27,1,Detection Monitoring (on-frame),,1,1,90,0,0,41,,2,1,1,1,1,,,,3317
26-JUL-2007,51,Virginia,VA,27,1,Detection Monitoring (on-frame),,1,2,0,0,0,0,.4,2,1,1,1,1,,,,3317
26-JUL-2007,51,Virginia,VA,27,1,Detection Monitoring (on-frame),,1,3,0,0,0,0,.3,2,1,1,1,1,,,,3317
26-JUL-2007,51,Virginia,VA,27,1,Detection Monitoring (on-frame),,1,4,0,0,0,0,0,2,1,1,1,1,,,,3317
26-JUL-2007,51,Virginia,VA,29,1,Detection Monitoring (on-frame),,1,1,30,0,0,18,,2,1,1,1,1,,,,3265
26-JUL-2007,51,Virginia,VA,29,1,Detection Monitoring (on-frame),,1,2,265,0,0,20,0,6,1,1,1,1,,,,3265
26-JUL-2007,51,Virginia,VA,29,1,Detection Monitoring (on-frame),,1,3,0,0,0,0,0,6,1,1,1,1,,,,3265
26-JUL-2007,51,Virginia,VA,29,1,Detection Monitoring (on-frame),,1,4,0,0,0,0,.1,2,1,1,1,1,,,,3265
26-JUL-2007,51,Virginia,VA,31,1,Detection Monitoring (on-frame),,1,1,25,0,0,32,,2,1,1,1,1,,,,3274
26-JUL-2007,51,Virginia,VA,31,1,Detection Monitoring (on-frame),,1,2,0,0,0,0,.1,5,1,2,2,2,1,,,3274
26-JUL-2007,51,Virginia,VA,31,1,Detection Monitoring (on-frame),,1,3,0,0,0,0,0,2,1,1,1,1,,,,3274
26-JUL-2007,51,Virginia,VA,31,1,Detection Monitoring (on-frame),,1,4,0,0,0,0,.1,1,1,1,1,1,,,,3274
26-JUL-2007,51,Virginia,VA,33,1,Detection Monitoring (on-frame),,1,1,270,0,0,45,,4,1,1,1,1,,,,4013
26-JUL-2007,51,Virginia,VA,33,1,Detection Monitoring (on-frame),,1,2,0,0,0,0,0,4,1,1,1,1,,,,4013
26-JUL-2007,51,Virginia,VA,33,1,Detection Monitoring (on-frame),,1,3,0,0,0,0,0,2,1,1,1,1,,,,4013
26-JUL-2007,51,Virginia,VA,33,1,Detection Monitoring (on-frame),,1,4,0,0,0,0,0,4,1,1,1,1,,,,4013
26-JUL-2007,51,Virginia,VA,35,1,Detection Monitoring (on-frame),,1,1,0,0,0,0,,2,0,1,1,1,,,,2766
26-JUL-2007,51,Virginia,VA,35,1,Detection Monitoring (on-frame),,1,2,295,0,0,15,0,2,1,2,2,2,,,,2766
26-JUL-2007,51,Virginia,VA,35,1,Detection Monitoring (on-frame),,1,3,130,0,0,31,.1,2,1,3,3,3,,,,2766
26-JUL-2007,51,Virginia,VA,35,1,Detection Monitoring (on-frame),,1,4,0,0,0,0,0,2,0,1,1,1,,,,2766
26-JUL-2007,51,Virginia,VA,36,1,Detection Monitoring (on-frame),,1,1,0,0,0,0,,5,1,1,1,1,,,,3237
26-JUL-2007,51,Virginia,VA,36,1,Detection Monitoring (on-frame),,1,2,0,0,0,0,0,5,1,2,2,2,,,,3237
26-JUL-2007,51,Virginia,VA,36,1,Detection Monitoring (on-frame),,1,3,0,0,0,0,0,5,1,1,1,1,,,,3237
26-JUL-2007,51,Virginia,VA,36,1,Detection Monitoring (on-frame),,1,4,0,0,0,0,0,5,1,3,3,1,3,,,3237
26-JUL-2007,51,Virginia,VA,37,1,Detection Monitoring (on-frame),,1,1,190,0,0,17,,2,1,1,1,1,,,,2728
26-JUL-2007,51,Virginia,VA,37,1,Detection Monitoring (on-frame),,1,2,0,0,0,0,2.4,2,1,1,1,1,,,,2728
26-JUL-2007,51,Virginia,VA,37,1,Detection Monitoring (on-frame),,1,3,0,0,0,0,0,2,1,1,1,1,,,,2728
26-JUL-2007,51,Virginia,VA,37,1,Detection Monitoring (on-frame),,1,4,0,0,0,0,.1,6,1,1,1,1,,,,2728
26-JUL-2007,51,Virginia,VA,41,1,Detection Monitoring (on-frame),,1,1,0,0,0,0,,5,1,1,1,1,,,,3239
26-JUL-2007,51,Virginia,VA,41,1,Detection Monitoring (on-frame),,1,2,0,0,0,0,0,5,1,1,1,1,,,,3239
26-JUL-2007,51,Virginia,VA,41,1,Detection Monitoring (on-frame),,1,3,0,0,0,0,0,5,1,1,1,1,,,,3239
26-JUL-2007,51,Virginia,VA,41,1,Detection Monitoring (on-frame),,1,4,0,0,0,0,0,5,1,1,1,1,,,,3239
26-JUL-2007,51,Virginia,VA,45,1,Detection Monitoring (on-frame),,1,1,300,0,0,40,,2,1,1,1,1,,,,3297
26-JUL-2007,51,Virginia,VA,45,1,Detection Monitoring (on-frame),,1,2,300,0,0,40,0,2,1,1,1,1,,,,3297
26-JUL-2007,51,Virginia,VA,45,1,Detection Monitoring (on-frame),,1,3,300,0,0,40,0,2,1,1,1,1,,,,3297
26-JUL-2007,51,Virginia,VA,45,1,Detection Monitoring (on-frame),,1,4,300,0,0,40,0,2,1,1,1,1,,,,3297
26-JUL-2007,51,Virginia,VA,49,1,Detection Monitoring (on-frame),,1,1,0,0,0,0,,3,1,1,1,1,,,,3259
26-JUL-2007,51,Virginia,VA,49,1,Detection Monitoring (on-frame),,1,2,0,0,0,0,0,3,1,2,1,1,2,,,3259
26-JUL-2007,51,Virginia,VA,49,1,Detection Monitoring (on-frame),,1,3,0,0,0,0,0,3,1,1,1,1,,,,3259
26-JUL-2007,51,Virginia,VA,49,1,Detection Monitoring (on-frame),,1,4,0,0,0,0,0,3,1,3,3,3,,,,3259
26-JUL-2007,51,Virginia,VA,49,1,Detection Monitoring (on-frame),,1,1,0,0,0,0,,6,1,1,1,1,,,,3263
26-JUL-2007,51,Virginia,VA,49,1,Detection Monitoring (on-frame),,1,2,0,0,0,0,0,6,1,1,1,1,,,,3263
26-JUL-2007,51,Virginia,VA,49,1,Detection Monitoring (on-frame),,1,3,0,0,0,0,0,6,1,2,2,2,,,,3263
26-JUL-2007,51,Virginia,VA,49,1,Detection Monitoring (on-frame),,1,4,0,0,0,0,0,6,1,1,1,1,,,,3263
26-JUL-2007,51,Virginia,VA,57,1,Detection Monitoring (on-frame),,1,1,300,0,0,15,,5,1,1,1,1,,,,3230
26-JUL-2007,51,Virginia,VA,57,1,Detection Monitoring (on-frame),,1,2,300,0,0,15,0,5,1,1,1,1,,,,3230
26-JUL-2007,51,Virginia,VA,57,1,Detection Monitoring (on-frame),,1,3,300,0,0,15,0,5,1,1,1,1,,,,3230
26-JUL-2007,51,Virginia,VA,57,1,Detection Monitoring (on-frame),,1,4,300,0,0,15,0,5,1,1,1,1,,,,3230
26-JUL-2007,51,Virginia,VA,61,1,Detection Monitoring (on-frame),,1,1,0,0,0,0,,5,1,1,1,1,,,,4024
26-JUL-2007,51,Virginia,VA,61,1,Detection Monitoring (on-frame),,1,2,0,0,0,0,0,5,1,1,1,1,,,,4024
26-JUL-2007,51,Virginia,VA,61,1,Detection Monitoring (on-frame),,1,3,0,0,0,0,0,5,1,1,1,1,,,,4024
26-JUL-2007,51,Virginia,VA,61,1,Detection Monitoring (on-frame),,1,4,0,0,0,0,0,5,1,1,1,1,,,,4024
26-JUL-2007,51,Virginia,VA,63,1,Detection Monitoring (on-frame),,1,1,130,0,0,38,,2,1,1,1,1,,,,3291
26-JUL-2007,51,Virginia,VA,63,1,Detection Monitoring (on-frame),,1,2,0,0,0,0,.1,2,1,1,1,1,,,,3291
26-JUL-2007,51,Virginia,VA,63,1,Detection Monitoring (on-frame),,1,3,0,0,0,0,.8,2,1,1,1,1,,,,3291
26-JUL-2007,51,Virginia,VA,63,1,Detection Monitoring (on-frame),,1,4,0,0,0,0,0,2,1,1,1,1,,,,3291
26-JUL-2007,51,Virginia,VA,71,1,Detection Monitoring (on-frame),,1,1,120,0,0,46,,2,1,1,1,1,,,,3299
26-JUL-2007,51,Virginia,VA,71,1,Detection Monitoring (on-frame),,1,2,110,0,0,42,.9,2,1,1,1,1,,,,3299
26-JUL-2007,51,Virginia,VA,71,1,Detection Monitoring (on-frame),,1,3,114,0,0,58,1.5,2,1,1,1,1,,,,3299
26-JUL-2007,51,Virginia,VA,71,1,Detection Monitoring (on-frame),,1,4,170,0,0,32,0,2,1,1,1,1,,,,3299
26-JUL-2007,51,Virginia,VA,85,1,Detection Monitoring (on-frame),,1,1,0,0,0,0,,5,1,1,1,1,,,,3249
26-JUL-2007,51,Virginia,VA,85,1,Detection Monitoring (on-frame),,1,2,0,0,0,0,0,5,1,1,1,1,,,,3249
26-JUL-2007,51,Virginia,VA,85,1,Detection Monitoring (on-frame),,1,3,0,0,0,0,0,5,1,1,1,1,,,,3249
26-JUL-2007,51,Virginia,VA,85,1,Detection Monitoring (on-frame),,1,4,0,0,0,0,0,5,1,1,1,1,,,,3249
26-JUL-2007,51,Virginia,VA,91,1,Detection Monitoring (on-frame),,1,1,360,0,0,18,,2,1,1,1,1,,,,4062
26-JUL-2007,51,Virginia,VA,91,1,Detection Monitoring (on-frame),,1,2,0,0,0,0,.2,2,1,1,1,1,,,,4062
26-JUL-2007,51,Virginia,VA,91,1,Detection Monitoring (on-frame),,1,3,0,0,0,0,.1,2,1,1,1,1,,,,4062
26-JUL-2007,51,Virginia,VA,91,1,Detection Monitoring (on-frame),,1,4,0,0,0,0,.3,2,1,1,1,1,,,,4062
26-JUL-2007,51,Virginia,VA,113,1,Detection Monitoring (on-frame),,1,1,60,0,0,40,,1,1,1,1,1,,,,4041
26-JUL-2007,51,Virginia,VA,113,1,Detection Monitoring (on-frame),,1,2,0,0,0,0,.5,1,1,1,1,1,,,,4041
26-JUL-2007,51,Virginia,VA,113,1,Detection Monitoring (on-frame),,1,3,0,0,0,0,.5,1,1,1,1,1,,,,4041
26-JUL-2007,51,Virginia,VA,113,1,Detection Monitoring (on-frame),,1,4,0,0,0,0,1.2,1,1,1,1,1,,,,4041
26-JUL-2007,51,Virginia,VA,117,1,Detection Monitoring (on-frame),,1,1,0,0,0,0,,5,1,1,1,1,,,,2724
26-JUL-2007,51,Virginia,VA,117,1,Detection Monitoring (on-frame),,1,2,355,0,0,8,.2,2,1,1,1,1,,,,2724
26-JUL-2007,51,Virginia,VA,117,1,Detection Monitoring (on-frame),,1,3,0,0,0,0,0,5,1,1,1,1,,,,2724
26-JUL-2007,51,Virginia,VA,117,1,Detection Monitoring (on-frame),,1,4,0,0,0,0,0,5,1,1,1,1,,,,2724
26-JUL-2007,51,Virginia,VA,133,1,Detection Monitoring (on-frame),,1,1,0,0,0,0,,5,0,1,1,1,,,,3228
26-JUL-2007,51,Virginia,VA,133,1,Detection Monitoring (on-frame),,1,2,0,0,0,0,0,5,0,1,1,1,,,,3228
26-JUL-2007,51,Virginia,VA,133,1,Detection Monitoring (on-frame),,1,3,0,0,0,0,0,5,1,2,2,2,,,,3228
26-JUL-2007,51,Virginia,VA,133,1,Detection Monitoring (on-frame),,1,4,0,0,0,0,0,5,0,3,3,3,,,,3228
26-JUL-2007,51,Virginia,VA,141,1,Detection Monitoring (on-frame),,1,1,320,0,0,35,,2,1,1,1,1,,,,2764
26-JUL-2007,51,Virginia,VA,141,1,Detection Monitoring (on-frame),,1,2,0,0,0,0,.8,2,1,1,1,1,,,,2764
26-JUL-2007,51,Virginia,VA,141,1,Detection Monitoring (on-frame),,1,3,0,0,0,0,.3,2,1,1,1,1,,,,2764
26-JUL-2007,51,Virginia,VA,141,1,Detection Monitoring (on-frame),,1,4,0,0,0,0,.2,5,1,1,1,1,,,,2764
26-JUL-2007,51,Virginia,VA,143,1,Detection Monitoring (on-frame),,1,1,20,0,0,9,,2,1,1,1,1,,,,2749
26-JUL-2007,51,Virginia,VA,143,1,Detection Monitoring (on-frame),,1,2,35,0,0,17,0,2,1,1,1,1,,,,2749
26-JUL-2007,51,Virginia,VA,143,1,Detection Monitoring (on-frame),,1,3,5,0,0,7,0,5,1,1,1,1,,,,2749
26-JUL-2007,51,Virginia,VA,143,1,Detection Monitoring (on-frame),,1,4,45,0,0,5,0,2,1,2,2,2,,,,2749
26-JUL-2007,51,Virginia,VA,147,1,Detection Monitoring (on-frame),,1,1,210,0,0,5,,5,1,1,1,1,,,,3254
26-JUL-2007,51,Virginia,VA,147,1,Detection Monitoring (on-frame),,1,2,335,0,0,8,0,5,1,2,2,2,,,,3254
26-JUL-2007,51,Virginia,VA,147,1,Detection Monitoring (on-frame),,1,3,0,0,0,0,0,2,1,1,1,1,,,,3254
26-JUL-2007,51,Virginia,VA,147,1,Detection Monitoring (on-frame),,1,4,0,0,0,0,0,5,1,1,1,1,,,,3254
26-JUL-2007,51,Virginia,VA,149,1,Detection Monitoring (on-frame),,1,1,0,0,0,0,,5,1,1,1,1,,,,3234
26-JUL-2007,51,Virginia,VA,149,1,Detection Monitoring (on-frame),,1,2,0,0,0,0,0,5,1,3,1,1,3,,,3234
26-JUL-2007,51,Virginia,VA,149,1,Detection Monitoring (on-frame),,1,3,0,0,0,0,0,5,1,1,1,1,,,,3234
26-JUL-2007,51,Virginia,VA,149,1,Detection Monitoring (on-frame),,1,4,0,0,0,0,0,5,1,1,1,1,,,,3234
26-JUL-2007,51,Virginia,VA,153,1,Detection Monitoring (on-frame),,1,1,0,0,0,0,,5,1,1,1,1,,,,4029
26-JUL-2007,51,Virginia,VA,153,1,Detection Monitoring (on-frame),,1,2,0,0,0,0,0,5,0,2,2,2,,,,4029
26-JUL-2007,51,Virginia,VA,153,1,Detection Monitoring (on-frame),,1,3,0,0,0,0,0,5,1,1,1,1,2,,,4029
26-JUL-2007,51,Virginia,VA,153,1,Detection Monitoring (on-frame),,1,4,0,0,0,0,0,4,1,1,1,1,,,,4029
26-JUL-2007,51,Virginia,VA,163,1,Detection Monitoring (on-frame),,1,1,120,0,0,63,,2,1,1,1,1,,,,3286
26-JUL-2007,51,Virginia,VA,163,1,Detection Monitoring (on-frame),,1,2,125,0,0,55,1,1,1,1,1,1,,,,3286
26-JUL-2007,51,Virginia,VA,163,1,Detection Monitoring (on-frame),,1,3,112,0,0,49,1.9,2,1,1,1,1,,,,3286
26-JUL-2007,51,Virginia,VA,163,1,Detection Monitoring (on-frame),,1,4,100,0,0,55,1,2,1,1,1,1,,,,3286
26-JUL-2007,51,Virginia,VA,167,1,Detection Monitoring (on-frame),,1,1,220,0,0,35,,2,1,1,1,1,,,,3312
26-JUL-2007,51,Virginia,VA,167,1,Detection Monitoring (on-frame),,1,2,250,0,0,52,.5,2,1,1,1,1,,,,3312
26-JUL-2007,51,Virginia,VA,167,1,Detection Monitoring (on-frame),,1,3,243,0,0,26,0,2,1,1,1,1,,,,3312
26-JUL-2007,51,Virginia,VA,167,1,Detection Monitoring (on-frame),,1,4,270,0,0,48,3.8,2,1,1,1,1,,,,3312
26-JUL-2007,51,Virginia,VA,173,1,Detection Monitoring (on-frame),,1,1,180,0,0,32,,2,1,1,1,1,,,,2791
26-JUL-2007,51,Virginia,VA,173,1,Detection Monitoring (on-frame),,1,2,0,0,0,0,.5,2,1,1,1,1,,,,2791
26-JUL-2007,51,Virginia,VA,173,1,Detection Monitoring (on-frame),,1,3,0,0,0,0,.4,2,1,1,1,1,,,,2791
26-JUL-2007,51,Virginia,VA,173,1,Detection Monitoring (on-frame),,1,4,0,0,0,0,.5,2,1,1,1,1,,,,2791
26-JUL-2007,51,Virginia,VA,183,1,Detection Monitoring (on-frame),,1,1,0,0,0,0,,6,1,1,1,1,,,,2711
26-JUL-2007,51,Virginia,VA,183,1,Detection Monitoring (on-frame),,1,2,0,0,0,0,0,6,1,1,1,1,,,,2711
26-JUL-2007,51,Virginia,VA,183,1,Detection Monitoring (on-frame),,1,3,0,0,0,0,0,6,1,1,1,1,,,,2711
26-JUL-2007,51,Virginia,VA,183,1,Detection Monitoring (on-frame),,1,4,0,0,0,0,0,6,1,2,2,2,,,,2711
26-JUL-2007,51,Virginia,VA,187,1,Detection Monitoring (on-frame),,2,1,,,,,,,0,1,1,1,,,,4048
26-JUL-2007,51,Virginia,VA,187,1,Detection Monitoring (on-frame),,2,2,,,,,0,,0,1,1,1,,,,4048
26-JUL-2007,51,Virginia,VA,187,1,Detection Monitoring (on-frame),,2,3,110,0,0,20,0,2,1,2,2,1,2,,,4048
26-JUL-2007,51,Virginia,VA,187,1,Detection Monitoring (on-frame),,2,4,,,,,0,,0,1,1,1,,,,4048
26-JUL-2007,51,Virginia,VA,191,1,Detection Monitoring (on-frame),,1,1,90,0,0,22,,2,1,1,1,1,,,,2806
26-JUL-2007,51,Virginia,VA,191,1,Detection Monitoring (on-frame),,1,2,0,0,0,0,.2,2,1,1,1,1,,,,2806
26-JUL-2007,51,Virginia,VA,191,1,Detection Monitoring (on-frame),,1,3,0,0,0,0,.1,2,1,1,1,1,,,,2806
26-JUL-2007,51,Virginia,VA,191,1,Detection Monitoring (on-frame),,1,4,0,0,0,0,.3,1,1,1,1,1,,,,2806
26-JUL-2007,51,Virginia,VA,550,1,Detection Monitoring (on-frame),,1,1,0,0,0,0,,5,1,1,1,1,,,,2688
26-JUL-2007,51,Virginia,VA,550,1,Detection Monitoring (on-frame),,1,2,0,0,0,0,0,5,1,1,1,1,,,,2688
26-JUL-2007,51,Virginia,VA,550,1,Detection Monitoring (on-frame),,1,3,0,0,0,0,0,5,1,1,1,1,,,,2688
26-JUL-2007,51,Virginia,VA,550,1,Detection Monitoring (on-frame),,1,4,0,0,0,0,0,5,1,1,1,1,,,,2688
