LAST_UPDATE,STATE,STATE_DESCR,STATE_ABBREV,COUNTY,PROJECT,PROJECT_DESCR,HEXAGON_NBR,PLOT_NBR,CONDITION_CLASS_NBR,LAND_USE_CLASS,LAND_USE_CLASS_DESCR,FOREST_TYPE,FOREST_TYPE_DESCR,PLOT_AREA_PCT,STAND_AGE,STAND_ORIGIN,STAND_SIZE_CLASS,DISTURB_YEAR1,PAST_DISTURB1_1997,DISTURB_YEAR2,PAST_DISTURB2_1997,DISTURB_YEAR3,PAST_DISTURB3_1997,CONDITION_CLASS_CHANGE,P3ID
26-JUL-2007,51,Virginia,VA,17,1,Detection Monitoring (on-frame),,1,1,1,Timberland,520,Chestnut oak,100,85,1,1,,,,,,,0,3290
26-JUL-2007,51,Virginia,VA,19,1,Detection Monitoring (on-frame),,1,1,1,Timberland,520,Chestnut oak,100,83,1,2,,,,,,,0,3283
26-JUL-2007,51,Virginia,VA,27,1,Detection Monitoring (on-frame),,1,1,1,Timberland,530,White oak-red oak-hickory,100,68,1,1,,,,,,,0,3317
26-JUL-2007,51,Virginia,VA,29,1,Detection Monitoring (on-frame),,1,1,1,Timberland,560,Yellow-poplar-white oak-n. red oak,100,41,1,2,,,,,,,0,3265
26-JUL-2007,51,Virginia,VA,31,1,Detection Monitoring (on-frame),,1,1,1,Timberland,330,Virginia pine,75.390475,39,1,2,,,,,,,0,3274
26-JUL-2007,51,Virginia,VA,31,1,Detection Monitoring (on-frame),,1,2,5,Idle farmland,,,24.609525,,,,,,,,,,0,3274
26-JUL-2007,51,Virginia,VA,33,1,Detection Monitoring (on-frame),,1,1,1,Timberland,562,Sweetgum-yellow-popular,100,52,1,1,,,,,,,0,4013
26-JUL-2007,51,Virginia,VA,35,1,Detection Monitoring (on-frame),,1,1,5,Idle farmland,,,50,,,,,,,,,,0,2766
26-JUL-2007,51,Virginia,VA,35,1,Detection Monitoring (on-frame),,1,2,1,Timberland,30,White pine,25,23,2,3,,,,,,,0,2766
26-JUL-2007,51,Virginia,VA,35,1,Detection Monitoring (on-frame),,1,3,1,Timberland,530,White oak-red oak-hickory,25,27,1,2,,,,,,,0,2766
26-JUL-2007,51,Virginia,VA,36,1,Detection Monitoring (on-frame),,1,1,1,Timberland,562,Sweetgum-yellow-popular,57.7967,22,1,2,,,,,,,0,3237
26-JUL-2007,51,Virginia,VA,36,1,Detection Monitoring (on-frame),,1,2,1,Timberland,310,Loblolly pine,25,10,2,3,,,,,,,0,3237
26-JUL-2007,51,Virginia,VA,36,1,Detection Monitoring (on-frame),,1,3,2,Cropland,,,17.2033,,,,,,,,,,0,3237
26-JUL-2007,51,Virginia,VA,37,1,Detection Monitoring (on-frame),,1,1,1,Timberland,530,White oak-red oak-hickory,100,18,1,3,,,,,,,0,2728
26-JUL-2007,51,Virginia,VA,41,1,Detection Monitoring (on-frame),,1,1,1,Timberland,310,Loblolly pine,100,22,2,2,,,,,,,0,3239
26-JUL-2007,51,Virginia,VA,45,1,Detection Monitoring (on-frame),,1,1,1,Timberland,520,Chestnut oak,100,62,1,2,,,,,,,0,3297
26-JUL-2007,51,Virginia,VA,49,1,Detection Monitoring (on-frame),,1,1,1,Timberland,590,Mixed central hardwood,68.7083,52,1,1,,,,,,,0,3259
26-JUL-2007,51,Virginia,VA,49,1,Detection Monitoring (on-frame),,1,2,7,Urban and other development,,,6.2917,,,,,,,,,,0,3259
26-JUL-2007,51,Virginia,VA,49,1,Detection Monitoring (on-frame),,1,3,1,Timberland,562,Sweetgum-yellow-popular,25,22,1,3,,,,,,,0,3259
26-JUL-2007,51,Virginia,VA,49,1,Detection Monitoring (on-frame),,1,1,1,Timberland,562,Sweetgum-yellow-popular,75,27,1,2,1997,1,,,,,0,3263
26-JUL-2007,51,Virginia,VA,49,1,Detection Monitoring (on-frame),,1,2,1,Timberland,562,Sweetgum-yellow-popular,25,6,1,3,1997,1,,,,,0,3263
26-JUL-2007,51,Virginia,VA,57,1,Detection Monitoring (on-frame),,1,1,1,Timberland,310,Loblolly pine,100,4,2,3,,,,,,,0,3230
26-JUL-2007,51,Virginia,VA,61,1,Detection Monitoring (on-frame),,1,1,1,Timberland,999,Nonstocked,100,0,1,4,,,,,,,0,4024
26-JUL-2007,51,Virginia,VA,63,1,Detection Monitoring (on-frame),,1,1,1,Timberland,30,White pine,100,56,2,1,,,,,,,0,3291
26-JUL-2007,51,Virginia,VA,71,1,Detection Monitoring (on-frame),,1,1,1,Timberland,520,Chestnut oak,100,93,1,1,,,,,,,0,3299
26-JUL-2007,51,Virginia,VA,85,1,Detection Monitoring (on-frame),,1,1,1,Timberland,998,Indeterminate,100,3,1,3,,,,,,,0,3249
26-JUL-2007,51,Virginia,VA,91,1,Detection Monitoring (on-frame),,1,1,1,Timberland,550,Northern red oak,100,62,1,1,,,,,,,0,4062
26-JUL-2007,51,Virginia,VA,113,1,Detection Monitoring (on-frame),,1,1,1,Timberland,520,Chestnut oak,100,82,1,1,,,,,,,0,4041
26-JUL-2007,51,Virginia,VA,117,1,Detection Monitoring (on-frame),,1,1,1,Timberland,310,Loblolly pine,100,19,1,2,,,,,,,0,2724
26-JUL-2007,51,Virginia,VA,133,1,Detection Monitoring (on-frame),,1,1,7,Urban and other development,,,50,,,,,,,,,,0,3228
26-JUL-2007,51,Virginia,VA,133,1,Detection Monitoring (on-frame),,1,2,1,Timberland,564,Yellow-popular,25,77,1,1,1997,15,,,,,0,3228
26-JUL-2007,51,Virginia,VA,133,1,Detection Monitoring (on-frame),,1,3,2,Cropland,,,25,,,,,,,,,,0,3228
26-JUL-2007,51,Virginia,VA,141,1,Detection Monitoring (on-frame),,1,1,1,Timberland,530,White oak-red oak-hickory,100,63,1,1,,,,,,,0,2764
26-JUL-2007,51,Virginia,VA,143,1,Detection Monitoring (on-frame),,1,1,1,Timberland,530,White oak-red oak-hickory,75,83,1,1,1995,3,,,,,0,2749
26-JUL-2007,51,Virginia,VA,143,1,Detection Monitoring (on-frame),,1,2,1,Timberland,310,Loblolly pine,25,11,2,3,,,,,,,0,2749
26-JUL-2007,51,Virginia,VA,147,1,Detection Monitoring (on-frame),,1,1,1,Timberland,420,Eastern redcedar-hardwood,75,15,1,3,,,,,,,0,3254
26-JUL-2007,51,Virginia,VA,147,1,Detection Monitoring (on-frame),,1,2,1,Timberland,720,River birch-sycamore,25,33,1,2,,,,,,,0,3254
26-JUL-2007,51,Virginia,VA,149,1,Detection Monitoring (on-frame),,1,1,1,Timberland,460,Loblolly pine-hardwood,88.60105,22,1,2,,,,,,,0,3234
26-JUL-2007,51,Virginia,VA,149,1,Detection Monitoring (on-frame),,1,3,1,Timberland,310,Loblolly pine,11.39895,22,2,2,,,,,,,0,3234
26-JUL-2007,51,Virginia,VA,153,1,Detection Monitoring (on-frame),,1,1,1,Timberland,450,Virginia pine-southern red oak,70.10945,70,1,1,,,,,,,0,4029
26-JUL-2007,51,Virginia,VA,153,1,Detection Monitoring (on-frame),,1,2,7,Urban and other development,,,29.89055,,,,,,,,,,0,4029
26-JUL-2007,51,Virginia,VA,163,1,Detection Monitoring (on-frame),,1,1,1,Timberland,520,Chestnut oak,100,76,1,1,,,,,,,0,3286
26-JUL-2007,51,Virginia,VA,167,1,Detection Monitoring (on-frame),,1,1,1,Timberland,500,OAK-HICKORY GROUP,100,64,1,1,1997,15,,,,,,3312
26-JUL-2007,51,Virginia,VA,173,1,Detection Monitoring (on-frame),,1,1,1,Timberland,520,Chestnut oak,100,96,1,1,,,,,,,0,2791
26-JUL-2007,51,Virginia,VA,183,1,Detection Monitoring (on-frame),,1,1,1,Timberland,530,White oak-red oak-hickory,75,61,1,1,,,,,,,0,2711
26-JUL-2007,51,Virginia,VA,183,1,Detection Monitoring (on-frame),,1,2,1,Timberland,620,Sweetgum-Nuttall oak-willow oak,25,60,1,1,,,,,,,0,2711
26-JUL-2007,51,Virginia,VA,187,1,Detection Monitoring (on-frame),,2,1,3,Improved pasture,,,83.5607,,,,,,,,,,,4048
26-JUL-2007,51,Virginia,VA,187,1,Detection Monitoring (on-frame),,2,2,1,Timberland,540,White oak,16.4393,45,1,1,,,,,,,,4048
26-JUL-2007,51,Virginia,VA,191,1,Detection Monitoring (on-frame),,1,1,1,Timberland,560,Yellow-poplar-white oak-n. red oak,100,90,1,1,,,,,,,0,2806
26-JUL-2007,51,Virginia,VA,550,1,Detection Monitoring (on-frame),,1,1,1,Timberland,360,Pond pine,100,62,1,1,,,,,,,0,2688
,51,Virginia,VA,1,1,Detection Monitoring (on-frame),,1,1,9,Water,,,100,,,,,,,,,,,3219
,51,Virginia,VA,3,1,Detection Monitoring (on-frame),,1,1,2,Cropland,,,25,,,,,,,,,,,4034
,51,Virginia,VA,3,1,Detection Monitoring (on-frame),,1,2,3,Improved pasture,,,75,,,,,,,,,,,4034
,51,Virginia,VA,15,1,Detection Monitoring (on-frame),,1,1,3,Improved pasture,,,100,,,,,,,,,,,4052
,51,Virginia,VA,19,1,Detection Monitoring (on-frame),,1,1,2,Cropland,,,100,,,,,,,,,,,3271
,51,Virginia,VA,25,1,Detection Monitoring (on-frame),,1,1,2,Cropland,,,100,,,,,,,,,,,2726
,51,Virginia,VA,33,1,Detection Monitoring (on-frame),,1,1,7,Urban and other development,,,100,,,,,,,,,,,3250
,51,Virginia,VA,51,1,Detection Monitoring (on-frame),,1,1,7,Urban and other development,,,100,,,,,,,,,,,3333
,51,Virginia,VA,73,1,Detection Monitoring (on-frame),,1,1,7,Urban and other development,,,100,,,,,,,,,,,3224
,51,Virginia,VA,79,1,Detection Monitoring (on-frame),,1,1,3,Improved pasture,,,100,,,,,,,,,,,4037
,51,Virginia,VA,89,1,Detection Monitoring (on-frame),,1,1,7,Urban and other development,,,100,,,,,,,,,,,2748
,51,Virginia,VA,93,1,Detection Monitoring (on-frame),,1,1,2,Cropland,,,100,,,,,,,,,,,2693
,51,Virginia,VA,105,1,Detection Monitoring (on-frame),,1,1,3,Improved pasture,,,100,,,,,,,,,,,2823
,51,Virginia,VA,107,1,Detection Monitoring (on-frame),,1,1,7,Urban and other development,,,100,,,,,,,,,,,4774
,51,Virginia,VA,131,1,Detection Monitoring (on-frame),,1,1,2,Cropland,,,100,,,,,,,,,,,3214
,51,Virginia,VA,143,1,Detection Monitoring (on-frame),,1,1,2,Cropland,,,100,,,,,,,,,,,2746
,51,Virginia,VA,161,1,Detection Monitoring (on-frame),,1,1,7,Urban and other development,,,100,,,,,,,,,,,3295
,51,Virginia,VA,165,1,Detection Monitoring (on-frame),,1,1,3,Improved pasture,,,100,,,,,,,,,,,4040
,51,Virginia,VA,169,1,Detection Monitoring (on-frame),,1,1,3,Improved pasture,,,100,,,,,,,,,,,2804
,51,Virginia,VA,177,1,Detection Monitoring (on-frame),,1,1,9,Water,,,100,,,,,,,,,,,4015
,51,Virginia,VA,187,1,Detection Monitoring (on-frame),,1,1,10,Access denied,,,100,,,,,,,,,,,4047
,51,Virginia,VA,197,1,Detection Monitoring (on-frame),,1,1,3,Improved pasture,,,100,,,,,,,,,,,2772
,51,Virginia,VA,550,1,Detection Monitoring (on-frame),,1,1,9,Water,,,100,,,,,,,,,,,2691
