LAST_UPDATE,STATE,STATE_DESCR,STATE_ABBREV,COUNTY,FHM_REGION,FHM_REGION_DESCR,PROJECT,PROJECT_DESCR,MEASUREMENT_TYPE,PANEL,OVERLAP,HIERARCHIAL_ID,GRID_INTENSIFICATION,ECOREGION_CODE,HEXAGON_NBR,PLOT_NBR,PLOT_STATUS,PLOT_STATUS_DESCR,PROJECT_TYPE,QA_STATUS,QA_STATUS_DESCR,ELEVATION_CLASS,INCLUSION_PROBABILITY,LAST_PLOT_MENS_YEAR,LAST_PLOT_TALLY_YEAR,LAST_PLOT_VISIT_YEAR,PREVIOUS_VISIT_YEAR,PLOT_COND_CLASS_YEAR,COND_CLASS_YEAR,PLOT_ENTRANCE_YEAR,PLOT_EXIT_YEAR,PLOT_EXIT_REASON,MONTH,DAY,YEAR,CREW_TALLY1,CREW_TALLY2,CREW_TALLY3,CREW_TALLY4,CREW_TALLY5,CREW_TYPE,CREW_TYPE_DESCR,DISTURB_YEAR1,PAST_DISTURB1,DISTURB_YEAR2,PAST_DISTURB2,DISTURB_YEAR3,PAST_DISTURB3,ELEVATION,P3ID
26-JUL-2007,51,Virginia,VA,1,2,Southeast,1,Detection Monitoring (on-frame),2,1,5,,0,-232A,,1,1,= at least one forest condition,1,1,standard field plot,0,,2000,2000,2000,1992,2000,1992,1991,,,JULY,28,1993,1551031,1551033,0,0,0,,,,,,,,,,3216
26-JUL-2007,51,Virginia,VA,3,2,Southeast,1,Detection Monitoring (on-frame),2,1,5,,0,M221D,,1,1,= at least one forest condition,1,1,standard field plot,7,,2000,2000,2000,1992,2000,1992,1991,,,JUNE,9,1993,1551033,1551031,0,0,0,,,,,,,,,,3267
26-JUL-2007,51,Virginia,VA,5,2,Southeast,1,Detection Monitoring (on-frame),2,0,3,,0,M221A,,1,1,= at least one forest condition,1,1,standard field plot,26,,1999,1999,1999,1992,1999,1992,1991,,,JULY,14,1993,1551030,1551032,0,0,0,,,,,,,,,,3307
26-JUL-2007,51,Virginia,VA,5,2,Southeast,1,Detection Monitoring (on-frame),2,1,6,,0,M221A,,1,1,= at least one forest condition,1,1,standard field plot,26,,2000,2000,2000,1992,2000,1992,1991,,,JULY,15,1993,1551030,1551032,0,0,0,,,,,,,,,,3285
26-JUL-2007,51,Virginia,VA,5,2,Southeast,1,Detection Monitoring (on-frame),2,3,11,,0,M221A,,1,1,= at least one forest condition,1,1,standard field plot,24,,2002,2002,2002,1992,2002,1992,1991,,,JULY,7,1993,1551030,1551032,0,0,0,,,,,,,,,,3303
26-JUL-2007,51,Virginia,VA,7,2,Southeast,1,Detection Monitoring (on-frame),2,0,3,,0,-231A,,1,1,= at least one forest condition,1,1,standard field plot,4,,1999,1999,1999,1992,1999,1992,1991,,,JUNE,8,1993,1551030,1551032,0,0,0,,,,,,,,,,3257
26-JUL-2007,51,Virginia,VA,9,2,Southeast,1,Detection Monitoring (on-frame),2,0,3,,0,M221D,,1,3,= entire plot access denied,1,1,standard field plot,8,,1991,1992,1999,1992,1995,1992,1991,1999,6,SEPTEMBER,1,1993,1129001,0,0,0,0,,,,,,,,,,3281
26-JUL-2007,51,Virginia,VA,11,2,Southeast,1,Detection Monitoring (on-frame),2,1,6,,0,-231A,,1,1,= at least one forest condition,1,1,standard field plot,7,,2000,2000,2000,1992,2000,1992,1991,,,JUNE,15,1993,1129001,1208002,0,0,0,,,1993,13,,,,,,3261
26-JUL-2007,51,Virginia,VA,15,2,Southeast,1,Detection Monitoring (on-frame),2,0,2,,0,M221A,,1,1,= at least one forest condition,1,1,standard field plot,17,,1999,1999,1999,1992,1999,1992,1991,,,JUNE,7,1993,1551031,1551033,0,0,0,,,,,,,,,,4035
26-JUL-2007,51,Virginia,VA,15,2,Southeast,1,Detection Monitoring (on-frame),2,0,3,,0,M221A,,1,1,= at least one forest condition,1,1,standard field plot,35,,1999,1999,1999,1992,1999,1992,1991,,,JUNE,30,1993,1551031,1551033,0,0,0,,,,,,,,,,4061
26-JUL-2007,51,Virginia,VA,15,2,Southeast,1,Detection Monitoring (on-frame),2,3,11,,0,M221A,,1,1,= at least one forest condition,1,1,standard field plot,18,,2002,2002,2002,1992,2002,1992,1991,,,JUNE,29,1993,1551031,1551033,0,0,0,,,,,,,,,,4055
26-JUL-2007,51,Virginia,VA,17,2,Southeast,1,Detection Monitoring (on-frame),2,1,5,,0,M221A,,1,1,= at least one forest condition,1,1,standard field plot,35,,2000,2000,2000,1992,2000,1992,1991,,,JUNE,29,1993,1551031,1551033,0,0,0,,,,,,,,,,4057
26-JUL-2007,51,Virginia,VA,17,2,Southeast,1,Detection Monitoring (on-frame),2,2,9,,0,M221A,,1,1,= at least one forest condition,1,1,standard field plot,20,,2001,2001,2001,1992,2001,1992,1991,,,JULY,6,1993,1551030,1551032,0,0,0,,,,,,,,,,3290
26-JUL-2007,51,Virginia,VA,19,2,Southeast,1,Detection Monitoring (on-frame),2,2,8,,0,M221A,,1,1,= at least one forest condition,2,1,standard field plot,13,,2001,2001,2001,1992,1997,1992,1991,,,AUGUST,5,1993,1731018,1731019,0,0,0,,,1993,13,,,,,,3283
26-JUL-2007,51,Virginia,VA,19,2,Southeast,1,Detection Monitoring (on-frame),2,3,10,,0,M221A,,1,1,= at least one forest condition,1,1,standard field plot,22,,2002,2002,2002,1992,2002,1992,1991,,,JULY,1,1993,1551030,1551032,0,0,0,,,,,,,,,,3279
26-JUL-2007,51,Virginia,VA,21,2,Southeast,1,Detection Monitoring (on-frame),2,3,11,,0,M221A,,1,1,= at least one forest condition,1,1,standard field plot,22,,2002,2002,2002,1992,2002,1992,1991,,,JULY,21,1993,1551030,1551032,0,0,0,,,,,,,,,,3313
26-JUL-2007,51,Virginia,VA,23,2,Southeast,1,Detection Monitoring (on-frame),2,0,2,,0,M221A,,1,1,= at least one forest condition,1,1,standard field plot,16,,1999,1999,1999,1992,1999,1992,1991,,,JULY,12,1993,1551030,1551032,0,0,0,,,,,,,,,,3284
26-JUL-2007,51,Virginia,VA,25,2,Southeast,1,Detection Monitoring (on-frame),2,0,2,,0,-231A,,1,1,= at least one forest condition,1,1,standard field plot,2,,1999,1999,1999,1992,1999,1992,1991,,,JUNE,15,1993,1551030,1551032,0,0,0,,,,,,,,,,2712
26-JUL-2007,51,Virginia,VA,27,2,Southeast,1,Detection Monitoring (on-frame),2,2,7,,0,M221C,,1,1,= at least one forest condition,2,1,standard field plot,20,,2001,2001,2001,1992,2001,1992,1991,,,JULY,28,1993,1731018,1731019,0,0,0,,,,,,,,,,3317
26-JUL-2007,51,Virginia,VA,27,2,Southeast,1,Detection Monitoring (on-frame),2,3,11,,0,M221C,,1,1,= at least one forest condition,1,1,standard field plot,11,,2002,2002,2002,1992,2002,1992,1991,,,AUGUST,3,1993,1551030,1551032,0,0,0,,,,,,,,,,3337
26-JUL-2007,51,Virginia,VA,29,2,Southeast,1,Detection Monitoring (on-frame),2,2,9,,0,-231A,,1,1,= at least one forest condition,1,1,standard field plot,5,,2001,2001,2001,1992,2001,1992,1991,,,JUNE,22,1993,1551030,1551032,0,0,0,,,,,,,,,,3265
26-JUL-2007,51,Virginia,VA,29,2,Southeast,1,Detection Monitoring (on-frame),2,3,12,,0,-231A,,1,1,= at least one forest condition,1,1,standard field plot,5,,2002,2002,2002,1992,2002,1992,1991,,,JUNE,10,1993,1551030,1551032,0,0,0,,,,,,,,,,3260
26-JUL-2007,51,Virginia,VA,31,2,Southeast,1,Detection Monitoring (on-frame),2,0,1,,0,-231A,,1,1,= at least one forest condition,1,1,standard field plot,7,,1999,1999,1999,1992,1999,1992,1991,,,JUNE,30,1993,1551030,1551032,0,0,0,,,,,,,,,,3275
26-JUL-2007,51,Virginia,VA,31,2,Southeast,1,Detection Monitoring (on-frame),2,2,7,,0,-231A,,1,1,= at least one forest condition,1,1,standard field plot,5,,2001,2001,2001,1992,2001,1992,1991,,,JUNE,24,1993,1551030,1551032,0,0,0,,,,,,,,,,3274
26-JUL-2007,51,Virginia,VA,31,2,Southeast,1,Detection Monitoring (on-frame),2,3,11,,0,-231A,,1,1,= at least one forest condition,1,1,standard field plot,8,,2002,2002,2002,1992,2002,1992,1991,,,JUNE,25,1993,1551030,1551032,0,0,0,,,,,,,,,,3276
26-JUL-2007,51,Virginia,VA,33,2,Southeast,1,Detection Monitoring (on-frame),2,2,7,,0,-231A,,1,1,= at least one forest condition,1,1,standard field plot,1,,2001,2001,2001,1992,2001,1992,1991,,,JULY,14,1993,1551031,1551033,0,0,0,,,,,,,,,,4013
26-JUL-2007,51,Virginia,VA,33,2,Southeast,1,Detection Monitoring (on-frame),2,3,10,,0,-232A,,1,1,= at least one forest condition,1,1,standard field plot,1,,2002,2002,2002,1992,2002,1992,1991,,,JULY,8,1993,1551031,1551033,0,0,0,,,1992,1,,,,,,4012
26-JUL-2007,51,Virginia,VA,35,2,Southeast,1,Detection Monitoring (on-frame),2,1,4,,0,M221D,,1,1,= at least one forest condition,1,1,standard field plot,23,,2000,2000,2000,1992,2000,1992,1991,,,JULY,27,1993,1551030,1551032,0,0,0,,,,,,,,,,2766
26-JUL-2007,51,Virginia,VA,36,2,Southeast,1,Detection Monitoring (on-frame),2,2,7,,0,-232A,,1,1,= at least one forest condition,2,1,standard field plot,1,,2001,2001,2001,1992,2001,1992,1991,,,JUNE,19,1993,1731003,1731004,0,0,0,,,,,,,,,,3237
26-JUL-2007,51,Virginia,VA,37,2,Southeast,1,Detection Monitoring (on-frame),2,2,9,,0,-231A,,1,1,= at least one forest condition,1,1,standard field plot,1,,2001,2001,2001,1992,2001,1992,1991,,,JUNE,29,1993,1551030,1551032,0,0,0,,,,,,,,,,2728
26-JUL-2007,51,Virginia,VA,41,2,Southeast,1,Detection Monitoring (on-frame),2,0,1,,0,-231A,,1,1,= at least one forest condition,1,1,standard field plot,1,,1999,1999,1999,1992,1999,1992,1991,,,JULY,20,1993,1551031,1551033,0,0,0,,,,,,,,,,3238
26-JUL-2007,51,Virginia,VA,41,2,Southeast,1,Detection Monitoring (on-frame),2,1,5,,0,-231A,,1,1,= at least one forest condition,1,1,standard field plot,4,,2000,2000,2000,1992,2000,1992,1991,,,JULY,5,1993,1551031,1551033,0,0,0,,,1993,16,,,,,,3244
26-JUL-2007,51,Virginia,VA,41,2,Southeast,1,Detection Monitoring (on-frame),2,2,9,,0,-231A,,1,1,= at least one forest condition,2,1,standard field plot,3,,2001,2001,2001,1992,2001,1992,1991,,,JUNE,22,1993,1731003,1731004,0,0,0,,,,,,,,,,3239
26-JUL-2007,51,Virginia,VA,45,2,Southeast,1,Detection Monitoring (on-frame),2,0,1,,0,M221A,,1,1,= at least one forest condition,1,1,standard field plot,18,,1999,1999,1999,1992,1999,1992,1991,,,AUGUST,2,1993,1551030,1551032,0,0,0,,,,,,,,,,3298
26-JUL-2007,51,Virginia,VA,47,2,Southeast,1,Detection Monitoring (on-frame),2,0,2,,0,M221D,,1,1,= at least one forest condition,1,1,standard field plot,3,,1999,1999,1999,1992,1999,1992,1991,,,JUNE,16,1993,1551031,1551033,0,0,0,,,,,,,,,,4025
26-JUL-2007,51,Virginia,VA,49,2,Southeast,1,Detection Monitoring (on-frame),2,1,4,,0,-231A,,1,1,= at least one forest condition,1,1,standard field plot,5,,1997,1997,1997,1992,1997,1992,1991,,,JULY,21,1993,1551031,1551033,0,0,0,,,,,,,,,,3259
26-JUL-2007,51,Virginia,VA,49,2,Southeast,1,Detection Monitoring (on-frame),2,2,7,,0,-231A,,1,1,= at least one forest condition,1,1,standard field plot,3,,2001,2001,2001,1992,2001,1992,1991,,,JUNE,8,1993,1551031,1551033,0,0,0,,,,,,,,,,3263
26-JUL-2007,51,Virginia,VA,51,2,Southeast,1,Detection Monitoring (on-frame),2,3,12,,0,M221C,,1,1,= at least one forest condition,1,1,standard field plot,24,,2002,2002,2002,1992,2002,1992,1991,,,JULY,30,1993,1551030,1551032,0,0,0,,,,,,,,,,2809
26-JUL-2007,51,Virginia,VA,53,2,Southeast,1,Detection Monitoring (on-frame),2,3,12,,0,-231A,,1,1,= at least one forest condition,1,1,standard field plot,1,,2002,2002,2002,1992,2002,1992,1991,,,JULY,26,1993,1551031,1551033,0,0,0,,,,,,,,,,3232
26-JUL-2007,51,Virginia,VA,57,2,Southeast,1,Detection Monitoring (on-frame),2,2,9,,0,-232A,,1,1,= at least one forest condition,1,1,standard field plot,1,,2001,2001,2001,1992,2001,1992,1991,,,JULY,15,1993,1551031,1551033,0,0,0,,,1993,8,1992,2,,,,3230
26-JUL-2007,51,Virginia,VA,61,2,Southeast,1,Detection Monitoring (on-frame),2,2,8,,0,-231A,,1,1,= at least one forest condition,1,1,standard field plot,3,,2001,2001,2001,1992,2001,1992,1991,,,JUNE,18,1993,1551031,1551033,0,0,0,,,1992,1,,,,,,4024
26-JUL-2007,51,Virginia,VA,63,2,Southeast,1,Detection Monitoring (on-frame),2,2,8,,0,M221D,,1,1,= at least one forest condition,2,1,standard field plot,26,,2001,2001,2001,1992,2001,1992,1991,,,JULY,27,1993,1731018,1731019,0,0,0,,,,,,,,,,3291
26-JUL-2007,51,Virginia,VA,65,2,Southeast,1,Detection Monitoring (on-frame),2,3,11,,0,-231A,,1,1,= at least one forest condition,1,1,standard field plot,5,,2002,2002,2002,1992,2002,1992,1991,,,JUNE,10,1993,1551031,1551033,0,0,0,,,,,,,,,,3270
26-JUL-2007,51,Virginia,VA,69,2,Southeast,1,Detection Monitoring (on-frame),2,3,10,,0,M221A,,1,1,= at least one forest condition,1,1,standard field plot,13,,2002,2002,2002,1992,2002,1992,1991,,,JUNE,24,1993,1551033,1551031,0,0,0,,,,,,,,,,4806
26-JUL-2007,51,Virginia,VA,71,2,Southeast,1,Detection Monitoring (on-frame),2,2,9,,0,M221A,,1,1,= at least one forest condition,2,1,standard field plot,28,,1997,1997,1997,1992,1997,1992,1991,,,JULY,26,1993,1731018,1731019,0,0,0,,,,,,,,,,3299
26-JUL-2007,51,Virginia,VA,75,2,Southeast,1,Detection Monitoring (on-frame),2,0,2,,0,-231A,,1,1,= at least one forest condition,1,1,standard field plot,3,,1999,1999,1999,1992,1999,1992,1991,,,JUNE,17,1993,1551031,1551033,0,0,0,,,,,,,,,,3246
26-JUL-2007,51,Virginia,VA,77,2,Southeast,1,Detection Monitoring (on-frame),2,3,12,,0,M221D,,1,1,= at least one forest condition,1,1,standard field plot,30,,2002,2002,2002,1992,2002,1992,1991,,,JULY,27,1993,1551030,1551032,0,0,0,,,,,,,,,,2786
26-JUL-2007,51,Virginia,VA,81,2,Southeast,1,Detection Monitoring (on-frame),2,1,5,,0,-232A,,1,1,= at least one forest condition,1,1,standard field plot,1,,2000,2000,2000,1992,2000,1992,1991,,,JUNE,15,1993,1551030,1551032,0,0,0,,,,,,,,,,2707
26-JUL-2007,51,Virginia,VA,83,2,Southeast,1,Detection Monitoring (on-frame),2,0,3,,0,-231A,,1,1,= at least one forest condition,1,1,standard field plot,3,,1999,1999,1999,1992,1999,1992,1991,,,JUNE,18,1993,1551030,1551032,0,0,0,,,,,,,,,,2729
26-JUL-2007,51,Virginia,VA,83,2,Southeast,1,Detection Monitoring (on-frame),2,3,10,,0,-231A,,1,1,= at least one forest condition,1,1,standard field plot,1,,2002,2002,2002,1992,2002,1992,1991,,,JUNE,21,1993,1551030,1551032,0,0,0,,,,,,,,,,2731
26-JUL-2007,51,Virginia,VA,85,2,Southeast,1,Detection Monitoring (on-frame),2,2,8,,0,-231A,,1,1,= at least one forest condition,2,1,standard field plot,1,,2001,2001,2001,1992,2001,1992,1991,,,JUNE,21,1993,1731004,0,0,0,0,,,,,,,,,,3249
26-JUL-2007,51,Virginia,VA,91,2,Southeast,1,Detection Monitoring (on-frame),2,2,8,,0,M221A,,1,1,= at least one forest condition,1,1,standard field plot,35,,2001,2001,2001,1992,2001,1992,1991,,,JUNE,30,1993,1551031,1551033,0,0,0,,,,,,,,,,4062
26-JUL-2007,51,Virginia,VA,93,2,Southeast,1,Detection Monitoring (on-frame),2,1,6,,0,-232A,,1,1,= at least one forest condition,2,1,standard field plot,1,,2000,2000,2000,1992,2000,1992,1991,,,JUNE,23,1993,1731003,1731004,0,0,0,,,,,,,,,,2690
26-JUL-2007,51,Virginia,VA,95,2,Southeast,1,Detection Monitoring (on-frame),2,0,2,,0,-232A,,1,1,= at least one forest condition,1,1,standard field plot,1,,1999,1999,1999,1992,1999,1992,1991,,,JULY,19,1993,1551031,1551033,0,0,0,,,,,,,,,,3225
26-JUL-2007,51,Virginia,VA,97,2,Southeast,1,Detection Monitoring (on-frame),2,3,12,,0,-232A,,1,1,= at least one forest condition,1,1,standard field plot,1,,2002,2002,2002,1992,2002,1992,1991,,,JULY,15,1993,1551031,1551033,0,0,0,,,,,,,,,,3227
26-JUL-2007,51,Virginia,VA,101,2,Southeast,1,Detection Monitoring (on-frame),2,0,3,,0,-232A,,1,1,= at least one forest condition,1,1,standard field plot,1,,1999,1999,1999,1992,1999,1992,1991,,,JULY,14,1993,1551031,1551033,0,0,0,,,1991,1,,,,,,3248
26-JUL-2007,51,Virginia,VA,105,2,Southeast,1,Detection Monitoring (on-frame),2,0,1,,0,-221I,,1,1,= at least one forest condition,1,1,standard field plot,17,,1999,1999,1999,1992,1999,1992,1991,,,JULY,29,1993,1551030,1551032,0,0,0,,,,,,,,,,2805
26-JUL-2007,51,Virginia,VA,109,2,Southeast,1,Detection Monitoring (on-frame),2,1,6,,0,-231A,,1,1,= at least one forest condition,1,1,standard field plot,4,,2000,2000,2000,1992,2000,1992,1991,,,JUNE,9,1993,1551033,1551031,0,0,0,,,,,,,,,,3269
26-JUL-2007,51,Virginia,VA,109,2,Southeast,1,Detection Monitoring (on-frame),2,3,12,,0,-231A,,1,1,= at least one forest condition,1,1,standard field plot,3,,2002,2002,2002,1992,2002,1992,1991,,,JULY,6,1993,1551031,1551033,0,0,0,,,,,,,,,,3251
26-JUL-2007,51,Virginia,VA,111,2,Southeast,1,Detection Monitoring (on-frame),2,3,11,,0,-231A,,1,1,= at least one forest condition,1,1,standard field plot,5,,2002,2002,2002,1992,2002,1992,1991,,,JUNE,9,1993,1551030,1551032,0,0,0,,,,,,,,,,3252
26-JUL-2007,51,Virginia,VA,113,2,Southeast,1,Detection Monitoring (on-frame),2,2,7,,0,M221D,,1,1,= at least one forest condition,1,1,standard field plot,25,,2001,2001,2001,1992,2001,1992,1991,,,JUNE,14,1993,1551033,1551031,0,0,0,,,,,,,,,,4041
26-JUL-2007,51,Virginia,VA,117,2,Southeast,1,Detection Monitoring (on-frame),2,0,1,,0,-231A,,1,1,= at least one forest condition,1,1,standard field plot,4,,1999,1999,1999,1992,1999,1992,1991,,,JUNE,17,1993,1551030,1551032,0,0,0,,,1993,1,,,,,,2727
26-JUL-2007,51,Virginia,VA,117,2,Southeast,1,Detection Monitoring (on-frame),2,1,4,,0,-231A,,1,1,= at least one forest condition,1,1,standard field plot,3,,2000,2000,2000,1992,2000,1992,1991,,,JUNE,16,1993,1551030,1551032,0,0,0,,,,,,,,,,2724
26-JUL-2007,51,Virginia,VA,117,2,Southeast,1,Detection Monitoring (on-frame),2,3,12,,0,-231A,,1,1,= at least one forest condition,1,1,standard field plot,4,,2002,2002,2002,1992,2002,1992,1991,,,JUNE,16,1993,1551030,1551032,0,0,0,,,,,,,,,,2722
26-JUL-2007,51,Virginia,VA,125,2,Southeast,1,Detection Monitoring (on-frame),2,3,10,,0,M221D,,1,1,= at least one forest condition,1,1,standard field plot,12,,2002,2002,2002,1992,2002,1992,1991,,,JUNE,7,1993,1551031,1551033,0,0,0,,,,,,,,,,3268
26-JUL-2007,51,Virginia,VA,133,2,Southeast,1,Detection Monitoring (on-frame),2,2,7,,0,-232A,,1,1,= at least one forest condition,1,1,standard field plot,0,,2001,2001,2001,1992,2001,1992,1991,,,JULY,13,1993,1551031,1551033,0,0,0,,,,,,,,,,3228
26-JUL-2007,51,Virginia,VA,135,2,Southeast,1,Detection Monitoring (on-frame),2,1,6,,0,-231A,,1,1,= at least one forest condition,1,1,standard field plot,3,,2000,2000,2000,1992,2000,1992,1991,,,JUNE,9,1993,1551030,1551032,0,0,0,,,,,,,,,,3233
26-JUL-2007,51,Virginia,VA,137,2,Southeast,1,Detection Monitoring (on-frame),2,1,5,,0,-231A,,1,1,= at least one forest condition,1,1,standard field plot,3,,2000,2000,2000,1992,2000,1992,1991,,,JUNE,17,1993,1551031,1551033,0,0,0,,,1993,15,,,,,,4017
26-JUL-2007,51,Virginia,VA,139,2,Southeast,1,Detection Monitoring (on-frame),2,3,11,,0,M221A,,1,1,= at least one forest condition,1,1,standard field plot,11,,2002,2002,2002,1992,2002,1992,1991,,,JUNE,21,1993,1551033,1551031,0,0,0,,,,,,,,,,4043
26-JUL-2007,51,Virginia,VA,141,2,Southeast,1,Detection Monitoring (on-frame),2,0,1,,0,-231A,,1,1,= at least one forest condition,1,1,standard field plot,12,,1999,1999,1999,1992,1999,1992,1991,,,JULY,20,1993,1551030,1551032,0,0,0,,,,,,,,,,2763
26-JUL-2007,51,Virginia,VA,141,2,Southeast,1,Detection Monitoring (on-frame),2,1,5,,0,M221D,,1,1,= at least one forest condition,1,1,standard field plot,25,,2000,2000,2000,1992,2000,1992,1991,,,JULY,19,1993,1551030,1551032,0,0,0,,,,,,,,,,2769
26-JUL-2007,51,Virginia,VA,141,2,Southeast,1,Detection Monitoring (on-frame),2,2,9,,0,M221D,,1,1,= at least one forest condition,1,1,standard field plot,12,,2001,2001,2001,1992,2001,1992,1991,,,JULY,20,1993,1551030,1551032,0,0,0,,,,,,,,,,2764
26-JUL-2007,51,Virginia,VA,143,2,Southeast,1,Detection Monitoring (on-frame),2,1,4,,0,-231A,,1,1,= at least one forest condition,1,1,standard field plot,5,,2000,2000,2000,1992,2000,1992,1991,,,JUNE,23,1993,1551030,1551032,0,0,0,,,,,,,,,,2749
26-JUL-2007,51,Virginia,VA,143,2,Southeast,1,Detection Monitoring (on-frame),2,3,12,,0,-231A,,1,1,= at least one forest condition,1,1,standard field plot,8,,1995,1995,2002,1992,1998,1992,1991,,,JUNE,23,1993,1551030,1551032,0,0,0,,,1991,1,,,,,,2750
26-JUL-2007,51,Virginia,VA,147,2,Southeast,1,Detection Monitoring (on-frame),2,2,8,,0,-231A,,1,1,= at least one forest condition,1,1,standard field plot,4,,2001,2001,2001,1992,2001,1992,1991,,,JUNE,7,1993,1551030,1551032,0,0,0,,,,,,,,,,3254
26-JUL-2007,51,Virginia,VA,149,2,Southeast,1,Detection Monitoring (on-frame),2,1,4,,0,-232A,,1,1,= at least one forest condition,1,1,standard field plot,1,,2000,2000,2000,1992,2000,1992,1991,,,JULY,20,1993,1551031,1551033,0,0,0,,,,,,,,,,3234
26-JUL-2007,51,Virginia,VA,153,2,Southeast,1,Detection Monitoring (on-frame),2,0,3,,0,-231A,,1,3,= entire plot access denied,1,1,standard field plot,3,,1991,1992,1999,1992,1995,1992,1991,,,SEPTEMBER,3,1993,1129001,0,0,0,0,,,,,,,,,,4023
26-JUL-2007,51,Virginia,VA,153,2,Southeast,1,Detection Monitoring (on-frame),2,1,4,,0,-231A,,1,1,= at least one forest condition,1,1,standard field plot,5,,2000,2000,2000,1992,2000,1992,1991,,,JUNE,22,1993,1551031,1551033,0,0,0,,,,,,,,,,4029
26-JUL-2007,51,Virginia,VA,157,2,Southeast,1,Detection Monitoring (on-frame),2,1,6,,0,M221D,,1,1,= at least one forest condition,1,1,standard field plot,15,,2000,2000,2000,1992,2000,1992,1991,,,JUNE,23,1993,1551031,1551033,0,0,0,,,,,,,,,,4046
26-JUL-2007,51,Virginia,VA,159,2,Southeast,1,Detection Monitoring (on-frame),2,1,5,,0,-232A,,1,1,= at least one forest condition,1,1,standard field plot,1,,2000,2000,2000,1992,2000,1992,1991,,,JULY,13,1993,1551031,1551033,0,0,0,,,,,,,,,,3977
26-JUL-2007,51,Virginia,VA,163,2,Southeast,1,Detection Monitoring (on-frame),2,1,4,,0,M221A,,1,1,= at least one forest condition,1,1,standard field plot,20,,2000,2000,2000,1992,2000,1992,1991,,,SEPTEMBER,2,1993,1129001,1551031,0,0,0,,,,,,,,,,3286
26-JUL-2007,51,Virginia,VA,163,2,Southeast,1,Detection Monitoring (on-frame),2,3,12,,0,M221A,,1,1,= at least one forest condition,1,1,standard field plot,14,,2002,2002,2002,1992,2002,1992,1991,,,JULY,16,1993,1551030,1551032,0,0,0,,,,,,,,,,3287
26-JUL-2007,51,Virginia,VA,165,2,Southeast,1,Detection Monitoring (on-frame),2,1,5,,0,M221A,,1,1,= at least one forest condition,1,1,standard field plot,14,,2000,2000,2000,1992,2000,1992,1991,,,JUNE,24,1993,1551031,1551033,0,0,0,,,,,,,,,,4045
26-JUL-2007,51,Virginia,VA,165,2,Southeast,1,Detection Monitoring (on-frame),2,3,12,,0,M221A,,1,1,= at least one forest condition,1,1,standard field plot,14,,2002,2002,2002,1992,2002,1992,1991,,,JUNE,14,1993,1551033,1551031,0,0,0,,,,,,,,,,4039
26-JUL-2007,51,Virginia,VA,171,2,Southeast,1,Detection Monitoring (on-frame),2,0,3,,0,M221A,,1,1,= at least one forest condition,1,1,standard field plot,7,,1999,1999,1999,1992,1999,1992,1991,,,JULY,29,1993,1129001,1124005,0,0,0,,,,,,,,,,4050
26-JUL-2007,51,Virginia,VA,173,2,Southeast,1,Detection Monitoring (on-frame),2,1,6,,0,M221A,,1,1,= at least one forest condition,1,1,standard field plot,45,,2000,2000,2000,1992,2000,1992,1991,,,JULY,28,1993,1551030,1551032,0,0,0,,,,,,,,,,2787
26-JUL-2007,51,Virginia,VA,173,2,Southeast,1,Detection Monitoring (on-frame),2,2,9,,0,M221A,,1,1,= at least one forest condition,2,1,standard field plot,27,,2001,2001,2001,1992,2001,1992,1991,,,AUGUST,3,1993,1731018,1731019,0,0,0,,,,,,,,,,2791
26-JUL-2007,51,Virginia,VA,177,2,Southeast,1,Detection Monitoring (on-frame),2,0,1,,0,-231A,,1,1,= at least one forest condition,1,1,standard field plot,2,,1999,1999,1999,1992,1999,1992,1991,,,JULY,22,1993,1551031,1551033,0,0,0,,,,,,,,,,4014
26-JUL-2007,51,Virginia,VA,179,2,Southeast,1,Detection Monitoring (on-frame),2,3,11,,0,-231A,,1,1,= at least one forest condition,1,1,standard field plot,3,,2002,2002,2002,1992,2002,1992,1991,,,JULY,6,1993,1551031,1551033,0,0,0,,,,,,,,,,4020
26-JUL-2007,51,Virginia,VA,181,2,Southeast,1,Detection Monitoring (on-frame),2,3,10,,0,-232A,,1,1,= at least one forest condition,1,1,standard field plot,0,,2002,2002,2002,1992,2002,1992,1991,,,JULY,19,1993,1551031,1551033,0,0,0,,,,,,,,,,3223
26-JUL-2007,51,Virginia,VA,183,2,Southeast,1,Detection Monitoring (on-frame),2,2,8,,0,-232A,,1,1,= at least one forest condition,1,1,standard field plot,1,,2001,2001,2001,1992,2001,1992,1991,,,JUNE,14,1993,1551030,1551032,0,0,0,,,,,,,,,,2711
26-JUL-2007,51,Virginia,VA,185,2,Southeast,1,Detection Monitoring (on-frame),2,3,10,,0,M221C,,1,1,= at least one forest condition,1,1,standard field plot,31,,2002,2002,2002,1992,2002,1992,1991,,,JULY,22,1993,1551030,1551032,0,0,0,,,,,,,,,,3311
26-JUL-2007,51,Virginia,VA,187,2,Southeast,1,Detection Monitoring (on-frame),2,2,9,,0,M221A,,1,3,= entire plot access denied,1,1,standard field plot,5,,2001,2001,2001,1992,2001,1992,1991,1997,6,SEPTEMBER,3,1993,1129001,0,0,0,0,,,,,,,,,,4047
26-JUL-2007,51,Virginia,VA,191,2,Southeast,1,Detection Monitoring (on-frame),2,2,8,,0,M221A,,1,1,= at least one forest condition,2,1,standard field plot,25,,2001,2001,2001,1992,2001,1992,1991,,,JULY,29,1993,1731018,1731019,0,0,0,,,,,,,,,,2806
26-JUL-2007,51,Virginia,VA,191,2,Southeast,1,Detection Monitoring (on-frame),2,3,11,,0,M221A,,1,1,= at least one forest condition,1,1,standard field plot,22,,2002,2002,2002,1992,2002,1992,1991,,,JULY,29,1993,1551030,1551032,0,0,0,,,,,,,,,,2784
26-JUL-2007,51,Virginia,VA,193,2,Southeast,1,Detection Monitoring (on-frame),2,0,2,,0,-232A,,1,1,= at least one forest condition,1,1,standard field plot,0,,2000,2000,2000,1992,2000,1992,1991,,,JULY,7,1993,1551031,1551033,0,0,0,,,,,,,,,,3982
26-JUL-2007,51,Virginia,VA,195,2,Southeast,1,Detection Monitoring (on-frame),2,3,11,,0,-221I,,1,1,= at least one forest condition,1,1,standard field plot,31,,2002,2002,2002,1992,2002,1992,1991,,,JULY,29,1993,1551030,1551032,0,0,0,,,,,,,,,,2811
26-JUL-2007,51,Virginia,VA,550,2,Southeast,1,Detection Monitoring (on-frame),2,2,8,,0,-232A,,1,1,= at least one forest condition,1,1,standard field plot,1,,2001,2001,2001,1992,2001,1992,1991,,,JULY,27,1993,1551031,1551033,0,0,0,,,,,,,,,,2688
26-JUL-2007,51,Virginia,VA,800,2,Southeast,1,Detection Monitoring (on-frame),2,3,12,,0,-232A,,1,1,= at least one forest condition,1,1,standard field plot,0,,2002,2002,2002,1992,2002,1992,1991,,,JULY,26,1993,1551031,1551033,0,0,0,,,,,,,,,,2692
