LAST_UPDATE,STATE,STATE_DESCR,STATE_ABBREV,COUNTY,FHM_REGION,FHM_REGION_DESCR,PROJECT,PROJECT_DESCR,MEASUREMENT_TYPE,PANEL,OVERLAP,HIERARCHIAL_ID,GRID_INTENSIFICATION,ECOREGION_CODE,HEXAGON_NBR,PLOT_NBR,PLOT_STATUS,PLOT_STATUS_DESCR,PROJECT_TYPE,QA_STATUS,QA_STATUS_DESCR,ELEVATION_CLASS,INCLUSION_PROBABILITY,LAST_PLOT_MENS_YEAR,LAST_PLOT_TALLY_YEAR,LAST_PLOT_VISIT_YEAR,PREVIOUS_VISIT_YEAR,PLOT_COND_CLASS_YEAR,COND_CLASS_YEAR,PLOT_ENTRANCE_YEAR,PLOT_EXIT_YEAR,PLOT_EXIT_REASON,MONTH,DAY,YEAR,CREW_TALLY1,CREW_TALLY2,CREW_TALLY3,CREW_TALLY4,CREW_TALLY5,CREW_TYPE_1994,CREW_TYPE_1994_DESCR,CNTR_LAND_USE_1,CNTR_LAND_USE_2,CNTR_LAND_USE_3,CNTR_LAND_USE_4,ELEVATION,P3ID
26-JUL-2007,51,Virginia,VA,5,2,Southeast,1,Detection Monitoring (on-frame),3,3,11,,0,M221A,,1,1,= at least one forest condition,,1,standard field plot,24,,2002,2002,2002,1995,2002,1998,1991,,,JULY,21,1998,1551003,1551002,,,,1,Standard field crew,,,,,,3303
26-JUL-2007,51,Virginia,VA,15,2,Southeast,1,Detection Monitoring (on-frame),0,2,7,,0,M221A,,1,2,= entire plot nonforest,,1,standard field plot,17,,2001,2001,2001,1997,1991,1991,1991,,,JUNE,5,1998,1551001,,,,,1,Standard field crew,3,3,3,3,,4052
26-JUL-2007,51,Virginia,VA,15,2,Southeast,1,Detection Monitoring (on-frame),3,3,11,,0,M221A,,1,1,= at least one forest condition,,1,standard field plot,18,,2002,2002,2002,1995,2002,1998,1991,,,JUNE,16,1998,1551003,1551002,,,,1,Standard field crew,,,,,,4055
26-JUL-2007,51,Virginia,VA,19,2,Southeast,1,Detection Monitoring (on-frame),3,3,10,,0,M221A,,1,1,= at least one forest condition,,1,standard field plot,22,,2002,2002,2002,1995,2002,1998,1991,,,JULY,1,1998,1551003,1551002,,,,1,Standard field crew,,,,,,3279
26-JUL-2007,51,Virginia,VA,21,2,Southeast,1,Detection Monitoring (on-frame),3,3,11,,0,M221A,,1,1,= at least one forest condition,,1,standard field plot,22,,2002,2002,2002,1995,2002,1998,1991,,,JULY,7,1998,1551003,1551002,,,,1,Standard field crew,,,,,,3313
26-JUL-2007,51,Virginia,VA,25,2,Southeast,1,Detection Monitoring (on-frame),0,2,7,,0,-231A,,1,2,= entire plot nonforest,,1,standard field plot,4,,2001,2001,2001,1997,1991,1991,1991,,,JUNE,25,1998,1551005,1551004,,,,1,Standard field crew,2,2,2,2,,2726
26-JUL-2007,51,Virginia,VA,25,2,Southeast,1,Detection Monitoring (on-frame),0,3,10,,0,-231A,,1,2,= entire plot nonforest,,1,standard field plot,3,,,,2002,1995,1991,1991,1991,,,JUNE,25,1998,1551004,1551005,,,,1,Standard field crew,7,7,7,7,,2708
26-JUL-2007,51,Virginia,VA,27,2,Southeast,1,Detection Monitoring (on-frame),3,2,7,,0,M221C,,1,1,= at least one forest condition,,1,standard field plot,20,,2001,2001,2001,1997,2001,1998,1991,,,JULY,27,1998,1551003,1551002,,,,1,Standard field crew,,,,,,3317
26-JUL-2007,51,Virginia,VA,27,2,Southeast,1,Detection Monitoring (on-frame),3,3,11,,0,M221C,,1,1,= at least one forest condition,,1,standard field plot,11,,2002,2002,2002,1995,2002,1998,1991,,,JULY,28,1998,1551003,1551002,,,,1,Standard field crew,,,,,,3337
26-JUL-2007,51,Virginia,VA,29,2,Southeast,1,Detection Monitoring (on-frame),3,3,12,,0,-231A,,1,1,= at least one forest condition,,1,standard field plot,5,,2002,2002,2002,1995,2002,1998,1991,,,JUNE,15,1998,1551004,1551005,,,,1,Standard field crew,,,,,,3260
26-JUL-2007,51,Virginia,VA,31,2,Southeast,1,Detection Monitoring (on-frame),3,2,7,,0,-231A,,1,1,= at least one forest condition,,1,standard field plot,5,,2001,2001,2001,1997,2001,1998,1991,,,JUNE,30,1998,1551003,1551002,,,,1,Standard field crew,,,,,,3274
26-JUL-2007,51,Virginia,VA,31,2,Southeast,1,Detection Monitoring (on-frame),3,3,11,,0,-231A,,1,1,= at least one forest condition,,1,standard field plot,8,,2002,2002,2002,1995,2002,1998,1991,,,JUNE,29,1998,1551003,1551002,,,,1,Standard field crew,,,,,,3276
26-JUL-2007,51,Virginia,VA,33,2,Southeast,1,Detection Monitoring (on-frame),3,2,7,,0,-231A,,1,1,= at least one forest condition,,1,standard field plot,1,,2001,2001,2001,1997,2001,1998,1991,,,JULY,7,1998,1551004,1551005,,,,1,Standard field crew,,,,,,4013
26-JUL-2007,51,Virginia,VA,33,2,Southeast,1,Detection Monitoring (on-frame),3,3,10,,0,-232A,,1,1,= at least one forest condition,,1,standard field plot,1,,2002,2002,2002,1995,2002,1998,1991,,,JULY,9,1998,1551004,1551005,,,,1,Standard field crew,,,,,,4012
26-JUL-2007,51,Virginia,VA,35,2,Southeast,1,Detection Monitoring (on-frame),0,3,10,,0,M221D,,1,2,= entire plot nonforest,,1,standard field plot,24,,,,2002,1995,1991,1991,1991,,,JULY,14,1998,1551003,1551002,,,,1,Standard field crew,3,3,3,3,,2770
26-JUL-2007,51,Virginia,VA,36,2,Southeast,1,Detection Monitoring (on-frame),3,2,7,,0,-232A,,1,1,= at least one forest condition,,1,standard field plot,1,,2001,2001,2001,1997,2001,1998,1991,,,JULY,1,1998,1551004,1551005,,,,1,Standard field crew,,,,,,3237
26-JUL-2007,51,Virginia,VA,45,2,Southeast,1,Detection Monitoring (on-frame),3,2,7,,0,M221A,,1,1,= at least one forest condition,,1,standard field plot,0,,2001,2001,2001,1997,2001,1998,1991,,,JULY,6,1998,1551003,1551002,,,,1,Standard field crew,,,,,,3297
26-JUL-2007,51,Virginia,VA,49,2,Southeast,1,Detection Monitoring (on-frame),3,2,7,,0,-231A,,1,1,= at least one forest condition,,1,standard field plot,3,,2001,2001,2001,1997,2001,1998,1991,,,JUNE,18,1998,1551004,1551005,,,,1,Standard field crew,,,,,,3263
26-JUL-2007,51,Virginia,VA,51,2,Southeast,1,Detection Monitoring (on-frame),3,3,12,,0,M221C,,1,1,= at least one forest condition,,1,standard field plot,24,,2002,2002,2002,1995,2002,1998,1991,,,JULY,30,1998,1551003,1551002,,,,1,Standard field crew,,,,,,2809
26-JUL-2007,51,Virginia,VA,53,2,Southeast,1,Detection Monitoring (on-frame),3,3,12,,0,-231A,,1,1,= at least one forest condition,,1,standard field plot,1,,2002,2002,2002,1995,2002,1998,1991,,,JUNE,23,1998,1551004,1551005,,,,1,Standard field crew,,,,,,3232
26-JUL-2007,51,Virginia,VA,59,2,Southeast,1,Detection Monitoring (on-frame),0,3,10,,0,-231A,,1,2,= entire plot nonforest,,1,standard field plot,3,,,,2002,1995,1991,1991,1991,,,JULY,22,1998,1551004,,,,,1,Standard field crew,7,7,7,7,,4028
26-JUL-2007,51,Virginia,VA,61,2,Southeast,1,Detection Monitoring (on-frame),0,3,12,,0,M221D,,1,2,= entire plot nonforest,,1,standard field plot,7,,2002,2002,2002,1995,2002,1991,1991,,,JUNE,24,1998,1551003,1551002,,,,1,Standard field crew,5,5,5,5,,4030
26-JUL-2007,51,Virginia,VA,65,2,Southeast,1,Detection Monitoring (on-frame),3,3,11,,0,-231A,,1,1,= at least one forest condition,,1,standard field plot,5,,2002,2002,2002,1995,2002,1998,1991,,,JUNE,17,1998,1551005,1551004,,,,1,Standard field crew,,,,,,3270
26-JUL-2007,51,Virginia,VA,67,2,Southeast,1,Detection Monitoring (on-frame),0,3,11,,0,-231A,,1,2,= entire plot nonforest,,1,standard field plot,13,,2002,2002,2002,1995,2002,1991,1991,,,JULY,2,1998,1551003,1551002,,,,1,Standard field crew,5,5,5,5,,2767
26-JUL-2007,51,Virginia,VA,69,2,Southeast,1,Detection Monitoring (on-frame),3,3,10,,0,M221A,,1,1,= at least one forest condition,,1,standard field plot,13,,2002,2002,2002,1995,2002,1998,1991,,,JUNE,24,1998,1551003,1551002,,,,1,Standard field crew,,,,,,4806
26-JUL-2007,51,Virginia,VA,77,2,Southeast,1,Detection Monitoring (on-frame),3,3,12,,0,M221D,,1,1,= at least one forest condition,,1,standard field plot,30,,2002,2002,2002,1995,2002,1998,1991,,,JULY,16,1998,1551002,1551003,,,,1,Standard field crew,,,,,,2786
26-JUL-2007,51,Virginia,VA,83,2,Southeast,1,Detection Monitoring (on-frame),3,3,10,,0,-231A,,1,1,= at least one forest condition,,1,standard field plot,1,,2002,2002,2002,1995,2002,1998,1991,,,JULY,15,1998,1551004,1551005,,,,1,Standard field crew,,,,,,2731
26-JUL-2007,51,Virginia,VA,87,2,Southeast,1,Detection Monitoring (on-frame),0,3,11,,0,-232A,,1,2,= entire plot nonforest,,1,standard field plot,1,,,,2002,1995,1991,1991,1991,,,JUNE,30,1998,1551004,1551005,,,,1,Standard field crew,7,7,7,7,,3243
26-JUL-2007,51,Virginia,VA,89,2,Southeast,1,Detection Monitoring (on-frame),0,2,7,,0,-231A,,1,2,= entire plot nonforest,,1,standard field plot,7,,2001,2001,2001,1997,1991,1991,1991,,,JULY,2,1998,1551003,1551002,,,,1,Standard field crew,7,7,7,7,,2748
26-JUL-2007,51,Virginia,VA,97,2,Southeast,1,Detection Monitoring (on-frame),3,3,12,,0,-232A,,1,1,= at least one forest condition,,1,standard field plot,1,,2002,2002,2002,1995,2002,1998,1991,,,JULY,21,1998,1551004,1551005,,,,1,Standard field crew,,,,,,3227
26-JUL-2007,51,Virginia,VA,107,2,Southeast,1,Detection Monitoring (on-frame),0,2,7,,0,-231A,,1,2,= entire plot nonforest,,1,standard field plot,2,,2001,2001,2001,1997,1991,1991,1991,,,JUNE,30,1998,1551001,,,,,1,Standard field crew,7,7,7,7,,4774
26-JUL-2007,51,Virginia,VA,107,2,Southeast,1,Detection Monitoring (on-frame),0,3,11,,0,M221D,,1,2,= entire plot nonforest,,1,standard field plot,5,,,,2002,1995,1991,1991,1991,,,JUNE,30,1998,1551001,,,,,1,Standard field crew,7,6,7,7,,4779
26-JUL-2007,51,Virginia,VA,109,2,Southeast,1,Detection Monitoring (on-frame),3,3,12,,0,-231A,,1,1,= at least one forest condition,,1,standard field plot,3,,2002,2002,2002,1995,2002,1998,1991,,,JULY,13,1998,1551004,1551005,,,,1,Standard field crew,,,,,,3251
26-JUL-2007,51,Virginia,VA,111,2,Southeast,1,Detection Monitoring (on-frame),3,3,11,,0,-231A,,1,1,= at least one forest condition,,1,standard field plot,5,,2002,2002,2002,1995,2002,1998,1991,,,JUNE,24,1998,1551004,1551005,,,,1,Standard field crew,,,,,,3252
26-JUL-2007,51,Virginia,VA,113,2,Southeast,1,Detection Monitoring (on-frame),0,3,10,,0,-231A,,1,2,= entire plot nonforest,,1,standard field plot,4,,,,2002,1995,1991,1991,1991,,,MAY,21,1998,1551001,,,,,1,Standard field crew,3,3,3,3,,4036
26-JUL-2007,51,Virginia,VA,113,2,Southeast,1,Detection Monitoring (on-frame),3,2,7,,0,M221D,,1,1,= at least one forest condition,,1,standard field plot,25,,2001,2001,2001,1997,2001,1998,1991,,,JULY,13,1998,1551001,1551002,,,,1,Standard field crew,,,,,,4041
26-JUL-2007,51,Virginia,VA,117,2,Southeast,1,Detection Monitoring (on-frame),3,3,12,,0,-231A,,1,1,= at least one forest condition,,1,standard field plot,4,,2002,2002,2002,1995,2002,1998,1991,,,JULY,14,1998,1551004,1551005,,,,1,Standard field crew,,,,,,2722
26-JUL-2007,51,Virginia,VA,121,2,Southeast,1,Detection Monitoring (on-frame),0,3,12,,0,M221A,,1,2,= entire plot nonforest,,1,standard field plot,19,,,,2002,1995,1991,1991,1991,,,JULY,14,1998,1551003,1551002,,,,1,Standard field crew,7,7,7,7,,3293
26-JUL-2007,51,Virginia,VA,125,2,Southeast,1,Detection Monitoring (on-frame),3,3,10,,0,M221D,,1,1,= at least one forest condition,,1,standard field plot,12,,2002,2002,2002,1995,2002,1998,1991,,,JUNE,15,1998,1551003,1551002,,,,1,Standard field crew,,,,,,3268
26-JUL-2007,51,Virginia,VA,133,2,Southeast,1,Detection Monitoring (on-frame),3,2,7,,0,-232A,,1,1,= at least one forest condition,,1,standard field plot,0,,2001,2001,2001,1997,2001,1998,1991,,,JULY,8,1998,1551004,1551005,,,,1,Standard field crew,,,,,,3228
26-JUL-2007,51,Virginia,VA,139,2,Southeast,1,Detection Monitoring (on-frame),3,3,11,,0,M221A,,1,1,= at least one forest condition,,1,standard field plot,11,,2002,2002,2002,1995,2002,1998,1991,,,JUNE,23,1998,1551003,1551002,,,,1,Standard field crew,,,,,,4043
26-JUL-2007,51,Virginia,VA,143,2,Southeast,1,Detection Monitoring (on-frame),3,3,12,,0,-231A,,1,2,= entire plot nonforest,,1,standard field plot,8,,1995,1995,2002,1995,1998,1998,1991,,,JULY,2,1998,1551003,1551002,,,,1,Standard field crew,,,,,,2750
26-JUL-2007,51,Virginia,VA,145,2,Southeast,1,Detection Monitoring (on-frame),3,3,10,,0,-231A,,1,1,= at least one forest condition,,1,standard field plot,3,,2002,2002,2002,1995,2002,1998,1991,,,JUNE,22,1998,1551004,1551005,,,,1,Standard field crew,,,,,,3241
26-JUL-2007,51,Virginia,VA,163,2,Southeast,1,Detection Monitoring (on-frame),3,3,12,,0,M221A,,1,1,= at least one forest condition,,1,standard field plot,14,,2002,2002,2002,1995,2002,1998,1991,,,JULY,23,1998,1551003,1551002,,,,1,Standard field crew,,,,,,3287
26-JUL-2007,51,Virginia,VA,165,2,Southeast,1,Detection Monitoring (on-frame),3,3,12,,0,M221A,,1,1,= at least one forest condition,,1,standard field plot,14,,2002,2002,2002,1995,2002,1998,1991,,,JUNE,17,1998,1551003,1551002,,,,1,Standard field crew,,,,,,4039
26-JUL-2007,51,Virginia,VA,169,2,Southeast,1,Detection Monitoring (on-frame),0,2,7,,0,M221A,,1,2,= entire plot nonforest,,1,standard field plot,14,,2001,2001,2001,1997,1991,1991,1991,,,JULY,14,1998,1551003,1551002,,,,1,Standard field crew,3,3,3,3,,2804
26-JUL-2007,51,Virginia,VA,175,2,Southeast,1,Detection Monitoring (on-frame),0,3,11,,0,-232A,,1,2,= entire plot nonforest,,1,standard field plot,1,,,,2002,1995,1991,1991,1991,,,JUNE,29,1998,1551004,1551005,,,,1,Standard field crew,7,7,7,7,,2705
26-JUL-2007,51,Virginia,VA,179,2,Southeast,1,Detection Monitoring (on-frame),3,3,11,,0,-231A,,1,1,= at least one forest condition,,1,standard field plot,3,,2002,2002,2002,1995,2002,1998,1991,,,JULY,2,1998,1551004,1551005,,,,1,Standard field crew,,,,,,4020
26-JUL-2007,51,Virginia,VA,181,2,Southeast,1,Detection Monitoring (on-frame),3,3,10,,0,-232A,,1,1,= at least one forest condition,,1,standard field plot,0,,2002,2002,2002,1995,2002,1998,1991,,,JUNE,30,1998,1551004,1551005,,,,1,Standard field crew,,,,,,3223
26-JUL-2007,51,Virginia,VA,185,2,Southeast,1,Detection Monitoring (on-frame),3,3,10,,0,M221C,,1,1,= at least one forest condition,,1,standard field plot,31,,2002,2002,2002,1995,2002,1998,1991,,,JULY,8,1998,1551003,1551002,,,,1,Standard field crew,,,,,,3311
26-JUL-2007,51,Virginia,VA,191,2,Southeast,1,Detection Monitoring (on-frame),3,3,11,,0,M221A,,1,1,= at least one forest condition,,1,standard field plot,22,,2002,2002,2002,1995,2002,1998,1991,,,JULY,15,1998,1551003,1551002,,,,1,Standard field crew,,,,,,2784
26-JUL-2007,51,Virginia,VA,195,2,Southeast,1,Detection Monitoring (on-frame),3,3,11,,0,-221I,,1,1,= at least one forest condition,,1,standard field plot,31,,2002,2002,2002,1995,2002,1998,1991,,,JULY,30,1998,1551003,1551002,,,,1,Standard field crew,,,,,,2811
26-JUL-2007,51,Virginia,VA,197,2,Southeast,1,Detection Monitoring (on-frame),0,2,7,,0,M221A,,1,2,= entire plot nonforest,,1,standard field plot,22,,2001,2001,2001,1997,1991,1991,1991,,,JULY,8,1998,1551003,1551002,,,,1,Standard field crew,3,3,3,3,,2772
26-JUL-2007,51,Virginia,VA,800,2,Southeast,1,Detection Monitoring (on-frame),3,3,12,,0,-232A,,1,1,= at least one forest condition,,1,standard field plot,0,,2002,2002,2002,1995,2002,1998,1991,,,JUNE,29,1998,1551004,1551005,,,,1,Standard field crew,,,,,,2692
26-JUL-2007,51,Virginia,VA,810,2,Southeast,1,Detection Monitoring (on-frame),0,3,12,,0,-232A,,1,2,= entire plot nonforest,,1,standard field plot,0,,,,2002,1995,1991,1991,1991,,,JULY,22,1998,1551005,,,,,1,Standard field crew,7,7,7,7,,2677
