LAST_UPDATE,STATE,STATE_DESCR,STATE_ABBREV,COUNTY,FHM_REGION,FHM_REGION_DESCR,PROJECT,PROJECT_DESCR,MEASUREMENT_TYPE,PANEL,OVERLAP,HIERARCHIAL_ID,GRID_INTENSIFICATION,ECOREGION_CODE,HEXAGON_NBR,PLOT_NBR,PLOT_STATUS,PLOT_STATUS_DESCR,PROJECT_TYPE,QA_STATUS,QA_STATUS_DESCR,ELEVATION_CLASS,INCLUSION_PROBABILITY,LAST_PLOT_MENS_YEAR,LAST_PLOT_TALLY_YEAR,LAST_PLOT_VISIT_YEAR,PREVIOUS_VISIT_YEAR,PLOT_COND_CLASS_YEAR,COND_CLASS_YEAR,PLOT_ENTRANCE_YEAR,PLOT_EXIT_YEAR,PLOT_EXIT_REASON,MONTH,DAY,YEAR,CREW_TALLY1,CREW_TALLY2,CREW_TALLY3,CREW_TALLY4,CREW_TALLY5,CREW_TYPE_1999,CREW_TYPE_1999_DESCR,CNTR_LAND_USE_1,CNTR_LAND_USE_2,CNTR_LAND_USE_3,CNTR_LAND_USE_4,ELEVATION,OWNERSHIP,OWNERSHIP_DESCR,P3ID
26-JUL-2007,51,Virginia,VA,1,2,Southeast,1,Detection Monitoring (on-frame),0,0,3,,0,-232A,,1,2,= entire plot nonforest,,1,standard field plot,0,,,,1999,,1991,,1991,,,JULY,6,1999,1551006,1551005,,,,1,Regular field crew,8,8,8,8,,,,3217
26-JUL-2007,51,Virginia,VA,3,2,Southeast,1,Detection Monitoring (on-frame),0,0,3,,0,-231A,,1,2,= entire plot nonforest,,1,standard field plot,5,,,,1999,,1991,,1991,,,JUNE,16,1999,1551005,1551006,,,,1,Regular field crew,9,9,6,3,,,,4033
26-JUL-2007,51,Virginia,VA,5,2,Southeast,1,Detection Monitoring (on-frame),3,0,3,,0,M221A,,1,1,= at least one forest condition,,1,standard field plot,26,,1999,1999,1999,1995,1999,1999,1991,,,JULY,7,1999,1551003,1551007,,,,1,Regular field crew,,,,,,60,other private,3307
26-JUL-2007,51,Virginia,VA,7,2,Southeast,1,Detection Monitoring (on-frame),3,0,3,,0,-231A,,1,1,= at least one forest condition,,1,standard field plot,4,,1999,1999,1999,1995,1999,1999,1991,,,JUNE,21,1999,1551006,1551005,,,,1,Regular field crew,,,,,,60,other private,3257
26-JUL-2007,51,Virginia,VA,9,2,Southeast,1,Detection Monitoring (on-frame),0,0,3,,0,M221D,,1,3,= entire plot access denied,,1,standard field plot,8,,1991,1992,1999,,1995,,1991,1999,6,SEPTEMBER,15,1999,1133025,,,,,1,Regular field crew,10,10,10,10,,,,3281
26-JUL-2007,51,Virginia,VA,9,,,1,Detection Monitoring (on-frame),1,0,3,,0,M221D,,2,1,= at least one forest condition,,1,standard field plot,,,1999,1999,1999,,1999,1999,1999,,,JULY,14,1999,1551003,1551007,,,,1,Regular field crew,,,,,1121,60,other private,3282
26-JUL-2007,51,Virginia,VA,15,2,Southeast,1,Detection Monitoring (on-frame),3,0,2,,0,M221A,,1,1,= at least one forest condition,,1,standard field plot,17,,1999,1999,1999,1995,1999,1999,1991,,,JUNE,14,1999,1551003,1551007,,,,1,Regular field crew,,,,,,60,other private,4035
26-JUL-2007,51,Virginia,VA,15,2,Southeast,1,Detection Monitoring (on-frame),3,0,3,,0,M221A,,1,1,= at least one forest condition,,1,standard field plot,35,,1999,1999,1999,1995,1999,1999,1991,,,JUNE,17,1999,1551003,1551007,,,,1,Regular field crew,,,,,,11,forest service,4061
26-JUL-2007,51,Virginia,VA,23,2,Southeast,1,Detection Monitoring (on-frame),3,0,2,,0,M221A,,1,1,= at least one forest condition,,1,standard field plot,16,,1999,1999,1999,1995,1999,1999,1991,,,JUNE,30,1999,1551003,1551007,,,,1,Regular field crew,,,,,,11,forest service,3284
26-JUL-2007,51,Virginia,VA,25,2,Southeast,1,Detection Monitoring (on-frame),3,0,2,,0,-231A,,1,1,= at least one forest condition,,1,standard field plot,2,,1999,1999,1999,1995,1999,1999,1991,,,JUNE,23,1999,1551006,1551005,,,,1,Regular field crew,,,,,,60,other private,2712
26-JUL-2007,51,Virginia,VA,27,2,Southeast,1,Detection Monitoring (on-frame),0,0,1,,0,M221C,,1,4,= entire plot unsafe condition,,1,standard field plot,22,,1991,1991,1999,,1995,,1991,,,JULY,20,1999,1551003,1551007,,,,1,Regular field crew,11,11,11,11,,,,3332
26-JUL-2007,51,Virginia,VA,29,2,Southeast,1,Detection Monitoring (on-frame),0,0,1,,0,-231A,,1,2,= entire plot nonforest,,1,standard field plot,4,,,,1999,,1991,,1991,,,JUNE,16,1999,1551005,1551006,,,,1,Regular field crew,5,5,5,5,,,,3264
26-JUL-2007,51,Virginia,VA,29,2,Southeast,1,Detection Monitoring (on-frame),3,3,12,,0,-231A,,1,1,= at least one forest condition,,1,standard field plot,5,,2002,2002,2002,1998,2002,1999,1991,,,JUNE,16,1999,1551005,1551006,,,,1,Regular field crew,,,,,,11,forest service,3260
26-JUL-2007,51,Virginia,VA,31,2,Southeast,1,Detection Monitoring (on-frame),3,0,1,,0,-231A,,1,1,= at least one forest condition,,1,standard field plot,7,,1999,1999,1999,1995,1999,1999,1991,,,JUNE,29,1999,1551003,1551007,,,,1,Regular field crew,,,,,,60,other private,3275
26-JUL-2007,51,Virginia,VA,41,2,Southeast,1,Detection Monitoring (on-frame),3,0,1,,0,-231A,,1,1,= at least one forest condition,,1,standard field plot,1,,1999,1999,1999,1995,1999,1999,1991,,,JULY,8,1999,1551006,1551005,,,,1,Regular field crew,,,,,,60,other private,3238
26-JUL-2007,51,Virginia,VA,45,2,Southeast,1,Detection Monitoring (on-frame),3,0,1,,0,M221A,,1,1,= at least one forest condition,,1,standard field plot,18,,1999,1999,1999,1995,1999,1999,1991,,,JUNE,16,1999,1551003,1551007,,,,1,Regular field crew,,,,,,60,other private,3298
26-JUL-2007,51,Virginia,VA,47,2,Southeast,1,Detection Monitoring (on-frame),3,0,2,,0,M221D,,1,1,= at least one forest condition,,1,standard field plot,3,,1999,1999,1999,1995,1999,1999,1991,,,JUNE,28,1999,1551003,1551007,,,,1,Regular field crew,,,,,,60,other private,4025
26-JUL-2007,51,Virginia,VA,51,2,Southeast,1,Detection Monitoring (on-frame),3,3,12,,0,M221C,,1,1,= at least one forest condition,,1,standard field plot,24,,2002,2002,2002,1998,2002,1999,1991,,,JULY,20,1999,1551003,1551007,,,,1,Regular field crew,,,,,,60,other private,2809
26-JUL-2007,51,Virginia,VA,53,2,Southeast,1,Detection Monitoring (on-frame),3,3,12,,0,-231A,,1,1,= at least one forest condition,,1,standard field plot,1,,2002,2002,2002,1998,2002,1999,1991,,,JUNE,22,1999,1551006,1551005,,,,1,Regular field crew,,,,,,60,other private,3232
26-JUL-2007,51,Virginia,VA,61,2,Southeast,1,Detection Monitoring (on-frame),0,3,12,,0,M221D,,1,2,= entire plot nonforest,,1,standard field plot,7,,2002,2002,2002,,2002,,1991,,,JULY,14,1999,1551006,1551005,,,,1,Regular field crew,7,5,7,7,,,,4030
26-JUL-2007,51,Virginia,VA,67,2,Southeast,1,Detection Monitoring (on-frame),0,0,3,,0,M221D,,1,2,= entire plot nonforest,,1,standard field plot,12,,,,1999,,1991,,1991,,,JUNE,21,1999,1551003,1551007,,,,1,Regular field crew,3,3,3,3,,,,3273
26-JUL-2007,51,Virginia,VA,75,2,Southeast,1,Detection Monitoring (on-frame),3,0,2,,0,-231A,,1,1,= at least one forest condition,,1,standard field plot,3,,1999,1999,1999,1995,1999,1999,1991,,,JUNE,17,1999,1551005,1551006,,,,1,Regular field crew,,,,,,60,other private,3246
26-JUL-2007,51,Virginia,VA,77,2,Southeast,1,Detection Monitoring (on-frame),3,3,12,,0,M221D,,1,1,= at least one forest condition,,1,standard field plot,30,,2002,2002,2002,1998,2002,1999,1991,,,JUNE,23,1999,1551003,1551007,,,,1,Regular field crew,,,,,,60,other private,2786
26-JUL-2007,51,Virginia,VA,83,2,Southeast,1,Detection Monitoring (on-frame),3,0,3,,0,-231A,,1,1,= at least one forest condition,,1,standard field plot,3,,1999,1999,1999,1995,1999,1999,1991,,,JULY,1,1999,1551005,1551006,,,,1,Regular field crew,,,,,,60,other private,2729
26-JUL-2007,51,Virginia,VA,95,2,Southeast,1,Detection Monitoring (on-frame),3,0,2,,0,-232A,,1,1,= at least one forest condition,,1,standard field plot,1,,1999,1999,1999,1995,1999,1999,1991,,,JULY,7,1999,1551006,1551005,,,,1,Regular field crew,,,,,,60,other private,3225
26-JUL-2007,51,Virginia,VA,97,2,Southeast,1,Detection Monitoring (on-frame),3,3,12,,0,-232A,,1,1,= at least one forest condition,,1,standard field plot,1,,2002,2002,2002,1998,2002,1999,1991,,,JULY,22,1999,1551006,1551005,,,,1,Regular field crew,,,,,,60,other private,3227
26-JUL-2007,51,Virginia,VA,101,2,Southeast,1,Detection Monitoring (on-frame),3,0,3,,0,-232A,,1,1,= at least one forest condition,,1,standard field plot,1,,1999,1999,1999,1995,1999,1999,1991,,,JULY,20,1999,1551006,1551005,,,,1,Regular field crew,,,,,,60,other private,3248
26-JUL-2007,51,Virginia,VA,105,2,Southeast,1,Detection Monitoring (on-frame),3,0,1,,0,-221I,,1,1,= at least one forest condition,,1,standard field plot,17,,1999,1999,1999,1995,1999,1999,1991,,,JULY,21,1999,1551003,1551007,,,,1,Regular field crew,,,,,,60,other private,2805
26-JUL-2007,51,Virginia,VA,107,2,Southeast,1,Detection Monitoring (on-frame),0,0,1,,0,M221D,,1,2,= entire plot nonforest,,1,standard field plot,5,,,,1999,,1991,,1991,,,JULY,12,1999,1551006,1551005,,,,1,Regular field crew,3,3,3,3,,,,4775
26-JUL-2007,51,Virginia,VA,109,2,Southeast,1,Detection Monitoring (on-frame),3,3,12,,0,-231A,,1,1,= at least one forest condition,,1,standard field plot,3,,2002,2002,2002,1998,2002,1999,1991,,,JUNE,15,1999,1551006,1551005,,,,1,Regular field crew,,,,,,60,other private,3251
26-JUL-2007,51,Virginia,VA,117,2,Southeast,1,Detection Monitoring (on-frame),3,0,1,,0,-231A,,1,1,= at least one forest condition,,1,standard field plot,4,,1999,1999,1999,1995,1999,1999,1991,,,JUNE,24,1999,1551005,1551006,,,,1,Regular field crew,,,,,,60,other private,2727
26-JUL-2007,51,Virginia,VA,117,2,Southeast,1,Detection Monitoring (on-frame),3,3,12,,0,-231A,,1,1,= at least one forest condition,,1,standard field plot,4,,2002,2002,2002,1998,2002,1999,1991,,,JUNE,28,1999,1551006,1551005,,,,1,Regular field crew,,,,,,19,other public,2722
26-JUL-2007,51,Virginia,VA,121,2,Southeast,1,Detection Monitoring (on-frame),0,0,2,,0,M221A,,1,2,= entire plot nonforest,,1,standard field plot,19,,,,1999,,1991,,1991,,,JUNE,15,1999,1551003,1551007,,,,1,Regular field crew,2,2,2,2,,,,3292
26-JUL-2007,51,Virginia,VA,121,2,Southeast,1,Detection Monitoring (on-frame),0,3,12,,0,M221A,,1,2,= entire plot nonforest,,1,standard field plot,19,,,,2002,,1991,,1991,,,JUNE,15,1999,1551003,1551007,,,,1,Regular field crew,7,7,7,7,,,,3293
26-JUL-2007,51,Virginia,VA,139,2,Southeast,1,Detection Monitoring (on-frame),0,0,1,,0,M221A,,1,2,= entire plot nonforest,,1,standard field plot,11,,,,1999,,1991,,1991,,,JULY,12,1999,1551003,1551007,,,,1,Regular field crew,7,7,7,7,,,,4042
26-JUL-2007,51,Virginia,VA,141,2,Southeast,1,Detection Monitoring (on-frame),3,0,1,,0,-231A,,1,1,= at least one forest condition,,1,standard field plot,12,,1999,1999,1999,1995,1999,1999,1991,,,JUNE,22,1999,1551003,1551007,,,,1,Regular field crew,,,,,,60,other private,2763
26-JUL-2007,51,Virginia,VA,143,2,Southeast,1,Detection Monitoring (on-frame),0,3,12,,0,-231A,,1,2,= entire plot nonforest,,1,standard field plot,8,,1995,1995,2002,,1998,,1991,,,JUNE,21,1999,1551003,1551007,,,,1,Regular field crew,5,5,2,5,,,,2750
26-JUL-2007,51,Virginia,VA,143,2,Southeast,1,Detection Monitoring (on-frame),3,0,2,,0,-231A,,1,1,= at least one forest condition,,1,standard field plot,7,,1999,1999,1999,1995,1999,1999,1991,,,JUNE,21,1999,1551003,1551007,,,,1,Regular field crew,,,,,,60,other private,2747
26-JUL-2007,51,Virginia,VA,147,2,Southeast,1,Detection Monitoring (on-frame),3,0,2,,0,-231A,,1,1,= at least one forest condition,,1,standard field plot,0,,1999,1999,1999,1995,1999,1999,1991,,,JUNE,30,1999,1551005,1551006,,,,1,Regular field crew,,,,,,60,other private,3255
26-JUL-2007,51,Virginia,VA,153,2,Southeast,1,Detection Monitoring (on-frame),0,0,3,,0,-231A,,1,2,= entire plot nonforest,,1,standard field plot,3,,1991,1992,1999,,1995,,1991,,,JULY,14,1999,1551006,1551005,,,,1,Regular field crew,7,7,7,7,,,,4023
26-JUL-2007,51,Virginia,VA,159,2,Southeast,1,Detection Monitoring (on-frame),0,0,1,,0,-232A,,1,2,= entire plot nonforest,,1,standard field plot,1,,,,1999,,1991,,1991,,,JULY,6,1999,1551006,1551005,,,,1,Regular field crew,2,2,2,2,,,,3229
26-JUL-2007,51,Virginia,VA,163,2,Southeast,1,Detection Monitoring (on-frame),1,0,1,,0,M221A,,1,1,= at least one forest condition,,1,standard field plot,18,,1999,1999,1999,1995,1999,1999,1991,,,JULY,6,1999,1551003,1551007,,,,1,Regular field crew,,,,,2000,60,other private,3289
26-JUL-2007,51,Virginia,VA,163,2,Southeast,1,Detection Monitoring (on-frame),3,3,12,,0,M221A,,1,1,= at least one forest condition,,1,standard field plot,14,,2002,2002,2002,1998,2002,1999,1991,,,JUNE,15,1999,1551003,1551007,,,,1,Regular field crew,,,,,,60,other private,3287
26-JUL-2007,51,Virginia,VA,165,2,Southeast,1,Detection Monitoring (on-frame),3,3,12,,0,M221A,,1,1,= at least one forest condition,,1,standard field plot,14,,2002,2002,2002,1998,2002,1999,1991,,,JULY,13,1999,1551003,1551007,,,,1,Regular field crew,,,,,,60,other private,4039
26-JUL-2007,51,Virginia,VA,169,2,Southeast,1,Detection Monitoring (on-frame),0,0,2,,0,M221A,,1,2,= entire plot nonforest,,1,standard field plot,20,,,,1999,,1991,,1991,,,JUNE,24,1999,1551003,1551007,,,,1,Regular field crew,3,3,3,3,,,,2807
26-JUL-2007,51,Virginia,VA,171,2,Southeast,1,Detection Monitoring (on-frame),3,0,3,,0,M221A,,1,1,= at least one forest condition,,1,standard field plot,7,,1999,1999,1999,1995,1999,1999,1991,,,JULY,12,1999,1551003,1551007,,,,1,Regular field crew,,,,,,60,other private,4050
26-JUL-2007,51,Virginia,VA,177,2,Southeast,1,Detection Monitoring (on-frame),3,0,1,,0,-231A,,1,1,= at least one forest condition,,1,standard field plot,2,,1999,1999,1999,1995,1999,1999,1991,,,JULY,13,1999,1551006,1551005,,,,1,Regular field crew,,,,,,60,other private,4014
26-JUL-2007,51,Virginia,VA,183,2,Southeast,1,Detection Monitoring (on-frame),0,0,3,,0,-232A,,1,2,= entire plot nonforest,,1,standard field plot,1,,,,1999,,1991,,1991,,,JULY,5,1999,1551005,1551006,,,,1,Regular field crew,5,5,5,5,,,,2710
26-JUL-2007,51,Virginia,VA,191,2,Southeast,1,Detection Monitoring (on-frame),0,0,3,,0,M221A,,1,2,= entire plot nonforest,,1,standard field plot,22,,,,1999,,1991,,1991,,,JUNE,24,1999,1551003,1551007,,,,1,Regular field crew,3,3,3,3,,,,2789
26-JUL-2007,51,Virginia,VA,193,2,Southeast,1,Detection Monitoring (on-frame),3,0,2,,0,-232A,,1,1,= at least one forest condition,,1,standard field plot,0,,2000,2000,2000,1995,2000,1999,1991,,,JULY,15,1999,1551006,1551005,,,,1,Regular field crew,,,,,,60,other private,3982
26-JUL-2007,51,Virginia,VA,197,2,Southeast,1,Detection Monitoring (on-frame),0,0,1,,0,M221A,,1,2,= entire plot nonforest,,1,standard field plot,24,,,,1999,,1991,,1991,,,JUNE,23,1999,1551003,1551007,,,,1,Regular field crew,3,3,3,3,,,,2790
26-JUL-2007,51,Virginia,VA,199,2,Southeast,1,Detection Monitoring (on-frame),0,0,3,,0,-232A,,1,2,= entire plot nonforest,,1,standard field plot,0,,,,1999,,1991,,1991,,,JULY,5,1999,1551006,1551005,,,,1,Regular field crew,2,2,2,2,,,,2687
26-JUL-2007,51,Virginia,VA,800,2,Southeast,1,Detection Monitoring (on-frame),3,3,12,,0,-232A,,1,1,= at least one forest condition,,1,standard field plot,0,,2002,2002,2002,1998,2002,1999,1991,,,JUNE,29,1999,1551005,1551006,,,,1,Regular field crew,,,,,,60,other private,2692
26-JUL-2007,51,Virginia,VA,810,2,Southeast,1,Detection Monitoring (on-frame),0,3,12,,0,-232A,,1,2,= entire plot nonforest,,1,standard field plot,0,,,,2002,,1991,,1991,,,JULY,5,1999,1551006,1551005,,,,1,Regular field crew,7,7,7,7,,,,2677
