LAST_UPDATE,STATE,STATE_DESCR,STATE_ABBREV,COUNTY,PROJECT,PROJECT_DESCR,HEXAGON_NBR,PLOT_NBR,POINT_NBR,FHM_SPECIES,SPECIES_COMMON_NAME,CONDITION_CLASS_NBR,CROWN_EXPOSURE,CROWN_POSITION,CROWN_VIGOR_CLASS,NBR_SEEDLINGS,LAND_USE_CLASS,LAND_USE_CLASS_DESCR,FOREST_TYPE,FOREST_TYPE_DESCR,STAND_AGE,STAND_ORIGIN,STAND_SIZE_CLASS,P3ID
26-JUL-2007,51,Virginia,VA,17,1,Detection Monitoring (on-frame),,1,1,802,white oak,1,4,3,1,1,1,Timberland,520,Chestnut oak,85,1,1,3290
26-JUL-2007,51,Virginia,VA,17,1,Detection Monitoring (on-frame),,1,1,931,sassafras,1,4,3,1,4,1,Timberland,520,Chestnut oak,85,1,1,3290
26-JUL-2007,51,Virginia,VA,17,1,Detection Monitoring (on-frame),,1,2,421,American chestnut,1,3,3,1,1,1,Timberland,520,Chestnut oak,85,1,1,3290
26-JUL-2007,51,Virginia,VA,17,1,Detection Monitoring (on-frame),,1,2,833,northern red oak,1,3,3,1,3,1,Timberland,520,Chestnut oak,85,1,1,3290
26-JUL-2007,51,Virginia,VA,17,1,Detection Monitoring (on-frame),,1,2,931,sassafras,1,3,3,1,6,1,Timberland,520,Chestnut oak,85,1,1,3290
26-JUL-2007,51,Virginia,VA,17,1,Detection Monitoring (on-frame),,1,3,316,red maple,1,4,3,1,1,1,Timberland,520,Chestnut oak,85,1,1,3290
26-JUL-2007,51,Virginia,VA,17,1,Detection Monitoring (on-frame),,1,3,421,American chestnut,1,4,3,1,3,1,Timberland,520,Chestnut oak,85,1,1,3290
26-JUL-2007,51,Virginia,VA,19,1,Detection Monitoring (on-frame),,1,1,316,red maple,1,4,3,1,1,1,Timberland,520,Chestnut oak,83,1,2,3283
26-JUL-2007,51,Virginia,VA,19,1,Detection Monitoring (on-frame),,1,1,806,scarlet oak,1,4,3,1,1,1,Timberland,520,Chestnut oak,83,1,2,3283
26-JUL-2007,51,Virginia,VA,19,1,Detection Monitoring (on-frame),,1,1,832,chestnut oak,1,4,3,1,4,1,Timberland,520,Chestnut oak,83,1,2,3283
26-JUL-2007,51,Virginia,VA,19,1,Detection Monitoring (on-frame),,1,2,316,red maple,1,4,3,1,1,1,Timberland,520,Chestnut oak,83,1,2,3283
26-JUL-2007,51,Virginia,VA,19,1,Detection Monitoring (on-frame),,1,2,421,American chestnut,1,4,3,1,1,1,Timberland,520,Chestnut oak,83,1,2,3283
26-JUL-2007,51,Virginia,VA,19,1,Detection Monitoring (on-frame),,1,2,802,white oak,1,4,3,1,2,1,Timberland,520,Chestnut oak,83,1,2,3283
26-JUL-2007,51,Virginia,VA,19,1,Detection Monitoring (on-frame),,1,2,833,northern red oak,1,4,3,1,5,1,Timberland,520,Chestnut oak,83,1,2,3283
26-JUL-2007,51,Virginia,VA,19,1,Detection Monitoring (on-frame),,1,3,812,southern red oak,1,4,3,1,2,1,Timberland,520,Chestnut oak,83,1,2,3283
26-JUL-2007,51,Virginia,VA,19,1,Detection Monitoring (on-frame),,1,3,832,chestnut oak,1,4,4,1,4,1,Timberland,520,Chestnut oak,83,1,2,3283
26-JUL-2007,51,Virginia,VA,19,1,Detection Monitoring (on-frame),,1,4,316,red maple,1,4,3,1,10,1,Timberland,520,Chestnut oak,83,1,2,3283
26-JUL-2007,51,Virginia,VA,19,1,Detection Monitoring (on-frame),,1,4,833,northern red oak,1,4,3,1,2,1,Timberland,520,Chestnut oak,83,1,2,3283
26-JUL-2007,51,Virginia,VA,27,1,Detection Monitoring (on-frame),,1,1,316,red maple,1,4,3,1,2,1,Timberland,530,White oak-red oak-hickory,68,1,1,3317
26-JUL-2007,51,Virginia,VA,27,1,Detection Monitoring (on-frame),,1,1,931,sassafras,1,4,3,1,3,1,Timberland,530,White oak-red oak-hickory,68,1,1,3317
26-JUL-2007,51,Virginia,VA,27,1,Detection Monitoring (on-frame),,1,2,316,red maple,1,4,3,1,4,1,Timberland,530,White oak-red oak-hickory,68,1,1,3317
26-JUL-2007,51,Virginia,VA,27,1,Detection Monitoring (on-frame),,1,2,833,northern red oak,1,4,3,1,3,1,Timberland,530,White oak-red oak-hickory,68,1,1,3317
26-JUL-2007,51,Virginia,VA,27,1,Detection Monitoring (on-frame),,1,2,931,sassafras,1,4,3,1,9,1,Timberland,530,White oak-red oak-hickory,68,1,1,3317
26-JUL-2007,51,Virginia,VA,27,1,Detection Monitoring (on-frame),,1,3,316,red maple,1,4,3,1,7,1,Timberland,530,White oak-red oak-hickory,68,1,1,3317
26-JUL-2007,51,Virginia,VA,27,1,Detection Monitoring (on-frame),,1,3,711,sourwood,1,4,3,1,1,1,Timberland,530,White oak-red oak-hickory,68,1,1,3317
26-JUL-2007,51,Virginia,VA,27,1,Detection Monitoring (on-frame),,1,4,693,blackgum,1,4,3,1,2,1,Timberland,530,White oak-red oak-hickory,68,1,1,3317
26-JUL-2007,51,Virginia,VA,27,1,Detection Monitoring (on-frame),,1,4,931,sassafras,1,4,3,1,3,1,Timberland,530,White oak-red oak-hickory,68,1,1,3317
26-JUL-2007,51,Virginia,VA,29,1,Detection Monitoring (on-frame),,1,1,540,ash,1,4,3,1,1,1,Timberland,560,Yellow-poplar-white oak-n. red oak,41,1,2,3265
26-JUL-2007,51,Virginia,VA,29,1,Detection Monitoring (on-frame),,1,1,621,yellow-poplar,1,4,3,1,8,1,Timberland,560,Yellow-poplar-white oak-n. red oak,41,1,2,3265
26-JUL-2007,51,Virginia,VA,29,1,Detection Monitoring (on-frame),,1,1,833,northern red oak,1,4,3,1,1,1,Timberland,560,Yellow-poplar-white oak-n. red oak,41,1,2,3265
26-JUL-2007,51,Virginia,VA,29,1,Detection Monitoring (on-frame),,1,2,540,ash,1,2,3,1,2,1,Timberland,560,Yellow-poplar-white oak-n. red oak,41,1,2,3265
26-JUL-2007,51,Virginia,VA,29,1,Detection Monitoring (on-frame),,1,2,701,eastern hophornbeam-,1,2,3,2,2,1,Timberland,560,Yellow-poplar-white oak-n. red oak,41,1,2,3265
26-JUL-2007,51,Virginia,VA,29,1,Detection Monitoring (on-frame),,1,4,316,red maple,1,4,3,1,1,1,Timberland,560,Yellow-poplar-white oak-n. red oak,41,1,2,3265
26-JUL-2007,51,Virginia,VA,29,1,Detection Monitoring (on-frame),,1,4,650,magnolia sp.,1,4,3,1,3,1,Timberland,560,Yellow-poplar-white oak-n. red oak,41,1,2,3265
26-JUL-2007,51,Virginia,VA,31,1,Detection Monitoring (on-frame),,1,1,491,flowering dogwood,1,4,3,1,2,1,Timberland,330,Virginia pine,39,1,2,3274
26-JUL-2007,51,Virginia,VA,31,1,Detection Monitoring (on-frame),,1,1,824,blackjack oak,1,4,3,1,3,1,Timberland,330,Virginia pine,39,1,2,3274
26-JUL-2007,51,Virginia,VA,31,1,Detection Monitoring (on-frame),,1,3,409,mockernut hickory,1,4,3,1,1,1,Timberland,330,Virginia pine,39,1,2,3274
26-JUL-2007,51,Virginia,VA,31,1,Detection Monitoring (on-frame),,1,3,762,black cherry,1,4,3,1,3,1,Timberland,330,Virginia pine,39,1,2,3274
26-JUL-2007,51,Virginia,VA,31,1,Detection Monitoring (on-frame),,1,4,316,red maple,1,4,3,1,2,1,Timberland,330,Virginia pine,39,1,2,3274
26-JUL-2007,51,Virginia,VA,31,1,Detection Monitoring (on-frame),,1,4,491,flowering dogwood,1,4,3,1,3,1,Timberland,330,Virginia pine,39,1,2,3274
26-JUL-2007,51,Virginia,VA,31,1,Detection Monitoring (on-frame),,1,4,824,blackjack oak,1,4,3,1,3,1,Timberland,330,Virginia pine,39,1,2,3274
26-JUL-2007,51,Virginia,VA,31,1,Detection Monitoring (on-frame),,1,4,931,sassafras,1,4,3,1,2,1,Timberland,330,Virginia pine,39,1,2,3274
26-JUL-2007,51,Virginia,VA,33,1,Detection Monitoring (on-frame),,1,3,531,American beech,1,4,3,1,1,1,Timberland,562,Sweetgum-yellow-popular,52,1,1,4013
26-JUL-2007,51,Virginia,VA,33,1,Detection Monitoring (on-frame),,1,3,591,American holly,1,4,3,1,1,1,Timberland,562,Sweetgum-yellow-popular,52,1,1,4013
26-JUL-2007,51,Virginia,VA,33,1,Detection Monitoring (on-frame),,1,3,621,yellow-poplar,1,4,3,2,3,1,Timberland,562,Sweetgum-yellow-popular,52,1,1,4013
26-JUL-2007,51,Virginia,VA,33,1,Detection Monitoring (on-frame),,1,4,591,American holly,1,4,3,1,1,1,Timberland,562,Sweetgum-yellow-popular,52,1,1,4013
26-JUL-2007,51,Virginia,VA,35,1,Detection Monitoring (on-frame),,1,2,129,eastern white pine,2,4,3,1,4,1,Timberland,30,White pine,23,2,3,2766
26-JUL-2007,51,Virginia,VA,35,1,Detection Monitoring (on-frame),,1,3,999,unknown,3,4,3,1,4,1,Timberland,530,White oak-red oak-hickory,27,1,2,2766
26-JUL-2007,51,Virginia,VA,36,1,Detection Monitoring (on-frame),,1,1,131,loblolly pine,1,2,3,1,2,1,Timberland,562,Sweetgum-yellow-popular,22,1,2,3237
26-JUL-2007,51,Virginia,VA,36,1,Detection Monitoring (on-frame),,1,1,316,red maple,1,3,3,1,1,1,Timberland,562,Sweetgum-yellow-popular,22,1,2,3237
26-JUL-2007,51,Virginia,VA,36,1,Detection Monitoring (on-frame),,1,1,316,red maple,1,3,3,2,1,1,Timberland,562,Sweetgum-yellow-popular,22,1,2,3237
26-JUL-2007,51,Virginia,VA,36,1,Detection Monitoring (on-frame),,1,1,555,loblolly-bay,1,2,3,1,2,1,Timberland,562,Sweetgum-yellow-popular,22,1,2,3237
26-JUL-2007,51,Virginia,VA,36,1,Detection Monitoring (on-frame),,1,1,555,loblolly-bay,1,2,3,2,1,1,Timberland,562,Sweetgum-yellow-popular,22,1,2,3237
26-JUL-2007,51,Virginia,VA,36,1,Detection Monitoring (on-frame),,1,1,621,yellow-poplar,1,3,3,1,2,1,Timberland,562,Sweetgum-yellow-popular,22,1,2,3237
26-JUL-2007,51,Virginia,VA,36,1,Detection Monitoring (on-frame),,1,1,837,black oak,1,2,3,1,1,1,Timberland,562,Sweetgum-yellow-popular,22,1,2,3237
26-JUL-2007,51,Virginia,VA,36,1,Detection Monitoring (on-frame),,1,1,999,unknown,1,3,3,1,6,1,Timberland,562,Sweetgum-yellow-popular,22,1,2,3237
26-JUL-2007,51,Virginia,VA,36,1,Detection Monitoring (on-frame),,1,2,316,red maple,2,3,3,1,7,1,Timberland,310,Loblolly pine,10,2,3,3237
26-JUL-2007,51,Virginia,VA,36,1,Detection Monitoring (on-frame),,1,2,316,red maple,2,3,3,2,2,1,Timberland,310,Loblolly pine,10,2,3,3237
26-JUL-2007,51,Virginia,VA,36,1,Detection Monitoring (on-frame),,1,2,611,sweetgum,2,3,3,1,5,1,Timberland,310,Loblolly pine,10,2,3,3237
26-JUL-2007,51,Virginia,VA,36,1,Detection Monitoring (on-frame),,1,3,131,loblolly pine,1,3,3,1,2,1,Timberland,562,Sweetgum-yellow-popular,22,1,2,3237
26-JUL-2007,51,Virginia,VA,36,1,Detection Monitoring (on-frame),,1,3,591,American holly,1,3,3,1,5,1,Timberland,562,Sweetgum-yellow-popular,22,1,2,3237
26-JUL-2007,51,Virginia,VA,36,1,Detection Monitoring (on-frame),,1,3,621,yellow-poplar,1,3,3,1,1,1,Timberland,562,Sweetgum-yellow-popular,22,1,2,3237
26-JUL-2007,51,Virginia,VA,36,1,Detection Monitoring (on-frame),,1,3,762,black cherry,1,3,3,1,1,1,Timberland,562,Sweetgum-yellow-popular,22,1,2,3237
26-JUL-2007,51,Virginia,VA,36,1,Detection Monitoring (on-frame),,1,3,762,black cherry,1,3,3,2,3,1,Timberland,562,Sweetgum-yellow-popular,22,1,2,3237
26-JUL-2007,51,Virginia,VA,36,1,Detection Monitoring (on-frame),,1,3,812,southern red oak,1,3,3,2,2,1,Timberland,562,Sweetgum-yellow-popular,22,1,2,3237
26-JUL-2007,51,Virginia,VA,36,1,Detection Monitoring (on-frame),,1,3,827,water oak,1,3,3,1,1,1,Timberland,562,Sweetgum-yellow-popular,22,1,2,3237
26-JUL-2007,51,Virginia,VA,36,1,Detection Monitoring (on-frame),,1,3,831,willow oak,1,3,3,1,2,1,Timberland,562,Sweetgum-yellow-popular,22,1,2,3237
26-JUL-2007,51,Virginia,VA,36,1,Detection Monitoring (on-frame),,1,3,833,northern red oak,1,3,3,2,2,1,Timberland,562,Sweetgum-yellow-popular,22,1,2,3237
26-JUL-2007,51,Virginia,VA,36,1,Detection Monitoring (on-frame),,1,3,837,black oak,1,3,3,1,1,1,Timberland,562,Sweetgum-yellow-popular,22,1,2,3237
26-JUL-2007,51,Virginia,VA,36,1,Detection Monitoring (on-frame),,1,4,57,Redcedar-Juniper,1,3,3,1,2,1,Timberland,562,Sweetgum-yellow-popular,22,1,2,3237
26-JUL-2007,51,Virginia,VA,36,1,Detection Monitoring (on-frame),,1,4,131,loblolly pine,1,3,3,1,1,1,Timberland,562,Sweetgum-yellow-popular,22,1,2,3237
26-JUL-2007,51,Virginia,VA,36,1,Detection Monitoring (on-frame),,1,4,370,birch sp.,1,3,3,1,1,1,Timberland,562,Sweetgum-yellow-popular,22,1,2,3237
26-JUL-2007,51,Virginia,VA,36,1,Detection Monitoring (on-frame),,1,4,611,sweetgum,1,3,3,1,1,1,Timberland,562,Sweetgum-yellow-popular,22,1,2,3237
26-JUL-2007,51,Virginia,VA,36,1,Detection Monitoring (on-frame),,1,4,837,black oak,1,3,3,1,2,1,Timberland,562,Sweetgum-yellow-popular,22,1,2,3237
26-JUL-2007,51,Virginia,VA,37,1,Detection Monitoring (on-frame),,1,1,316,red maple,1,4,3,1,5,1,Timberland,530,White oak-red oak-hickory,18,1,3,2728
26-JUL-2007,51,Virginia,VA,37,1,Detection Monitoring (on-frame),,1,1,491,flowering dogwood,1,4,3,1,2,1,Timberland,530,White oak-red oak-hickory,18,1,3,2728
26-JUL-2007,51,Virginia,VA,37,1,Detection Monitoring (on-frame),,1,1,531,American beech,1,4,3,1,3,1,Timberland,530,White oak-red oak-hickory,18,1,3,2728
26-JUL-2007,51,Virginia,VA,37,1,Detection Monitoring (on-frame),,1,1,621,yellow-poplar,1,4,3,1,1,1,Timberland,530,White oak-red oak-hickory,18,1,3,2728
26-JUL-2007,51,Virginia,VA,37,1,Detection Monitoring (on-frame),,1,1,971,winged elm,1,4,3,2,2,1,Timberland,530,White oak-red oak-hickory,18,1,3,2728
26-JUL-2007,51,Virginia,VA,37,1,Detection Monitoring (on-frame),,1,1,971,winged elm,1,4,3,3,1,1,Timberland,530,White oak-red oak-hickory,18,1,3,2728
26-JUL-2007,51,Virginia,VA,37,1,Detection Monitoring (on-frame),,1,2,316,red maple,1,4,3,1,1,1,Timberland,530,White oak-red oak-hickory,18,1,3,2728
26-JUL-2007,51,Virginia,VA,37,1,Detection Monitoring (on-frame),,1,2,316,red maple,1,4,3,2,2,1,Timberland,530,White oak-red oak-hickory,18,1,3,2728
26-JUL-2007,51,Virginia,VA,37,1,Detection Monitoring (on-frame),,1,2,409,mockernut hickory,1,4,3,1,1,1,Timberland,530,White oak-red oak-hickory,18,1,3,2728
26-JUL-2007,51,Virginia,VA,37,1,Detection Monitoring (on-frame),,1,2,491,flowering dogwood,1,4,3,1,1,1,Timberland,530,White oak-red oak-hickory,18,1,3,2728
26-JUL-2007,51,Virginia,VA,37,1,Detection Monitoring (on-frame),,1,2,521,common persimmon,1,4,3,1,1,1,Timberland,530,White oak-red oak-hickory,18,1,3,2728
26-JUL-2007,51,Virginia,VA,37,1,Detection Monitoring (on-frame),,1,3,318,sugar maple,1,4,3,3,1,1,Timberland,530,White oak-red oak-hickory,18,1,3,2728
26-JUL-2007,51,Virginia,VA,37,1,Detection Monitoring (on-frame),,1,3,400,hickory,1,4,3,1,7,1,Timberland,530,White oak-red oak-hickory,18,1,3,2728
26-JUL-2007,51,Virginia,VA,37,1,Detection Monitoring (on-frame),,1,3,400,hickory,1,4,3,3,1,1,Timberland,530,White oak-red oak-hickory,18,1,3,2728
26-JUL-2007,51,Virginia,VA,37,1,Detection Monitoring (on-frame),,1,3,621,yellow-poplar,1,4,3,1,1,1,Timberland,530,White oak-red oak-hickory,18,1,3,2728
26-JUL-2007,51,Virginia,VA,37,1,Detection Monitoring (on-frame),,1,3,802,white oak,1,4,3,1,4,1,Timberland,530,White oak-red oak-hickory,18,1,3,2728
26-JUL-2007,51,Virginia,VA,41,1,Detection Monitoring (on-frame),,1,1,400,hickory,1,4,3,1,1,1,Timberland,310,Loblolly pine,22,2,2,3239
26-JUL-2007,51,Virginia,VA,41,1,Detection Monitoring (on-frame),,1,1,591,American holly,1,4,3,1,1,1,Timberland,310,Loblolly pine,22,2,2,3239
26-JUL-2007,51,Virginia,VA,41,1,Detection Monitoring (on-frame),,1,1,972,American elm,1,4,3,1,1,1,Timberland,310,Loblolly pine,22,2,2,3239
26-JUL-2007,51,Virginia,VA,41,1,Detection Monitoring (on-frame),,1,2,591,American holly,1,4,3,2,3,1,Timberland,310,Loblolly pine,22,2,2,3239
26-JUL-2007,51,Virginia,VA,41,1,Detection Monitoring (on-frame),,1,3,591,American holly,1,4,3,1,2,1,Timberland,310,Loblolly pine,22,2,2,3239
26-JUL-2007,51,Virginia,VA,41,1,Detection Monitoring (on-frame),,1,3,831,willow oak,1,4,3,2,1,1,Timberland,310,Loblolly pine,22,2,2,3239
26-JUL-2007,51,Virginia,VA,41,1,Detection Monitoring (on-frame),,1,4,591,American holly,1,4,3,1,1,1,Timberland,310,Loblolly pine,22,2,2,3239
26-JUL-2007,51,Virginia,VA,41,1,Detection Monitoring (on-frame),,1,4,971,winged elm,1,4,3,2,1,1,Timberland,310,Loblolly pine,22,2,2,3239
26-JUL-2007,51,Virginia,VA,45,1,Detection Monitoring (on-frame),,1,1,315,striped maple,1,4,3,1,1,1,Timberland,520,Chestnut oak,62,1,2,3297
26-JUL-2007,51,Virginia,VA,45,1,Detection Monitoring (on-frame),,1,1,837,black oak,1,4,3,1,9,1,Timberland,520,Chestnut oak,62,1,2,3297
26-JUL-2007,51,Virginia,VA,45,1,Detection Monitoring (on-frame),,1,1,999,unknown,1,4,3,1,3,1,Timberland,520,Chestnut oak,62,1,2,3297
26-JUL-2007,51,Virginia,VA,45,1,Detection Monitoring (on-frame),,1,2,316,red maple,1,4,3,1,4,1,Timberland,520,Chestnut oak,62,1,2,3297
26-JUL-2007,51,Virginia,VA,45,1,Detection Monitoring (on-frame),,1,2,421,American chestnut,1,4,3,1,2,1,Timberland,520,Chestnut oak,62,1,2,3297
26-JUL-2007,51,Virginia,VA,45,1,Detection Monitoring (on-frame),,1,2,832,chestnut oak,1,4,3,1,3,1,Timberland,520,Chestnut oak,62,1,2,3297
26-JUL-2007,51,Virginia,VA,45,1,Detection Monitoring (on-frame),,1,2,837,black oak,1,4,3,1,5,1,Timberland,520,Chestnut oak,62,1,2,3297
26-JUL-2007,51,Virginia,VA,45,1,Detection Monitoring (on-frame),,1,3,812,southern red oak,1,4,3,1,1,1,Timberland,520,Chestnut oak,62,1,2,3297
26-JUL-2007,51,Virginia,VA,45,1,Detection Monitoring (on-frame),,1,3,837,black oak,1,4,3,1,3,1,Timberland,520,Chestnut oak,62,1,2,3297
26-JUL-2007,51,Virginia,VA,45,1,Detection Monitoring (on-frame),,1,3,999,unknown,1,4,3,1,1,1,Timberland,520,Chestnut oak,62,1,2,3297
26-JUL-2007,51,Virginia,VA,45,1,Detection Monitoring (on-frame),,1,4,837,black oak,1,4,3,1,9,1,Timberland,520,Chestnut oak,62,1,2,3297
26-JUL-2007,51,Virginia,VA,49,1,Detection Monitoring (on-frame),,1,1,316,red maple,1,4,3,1,1,1,Timberland,590,Mixed central hardwood,52,1,1,3259
26-JUL-2007,51,Virginia,VA,49,1,Detection Monitoring (on-frame),,1,1,317,silver maple,1,4,3,1,2,1,Timberland,590,Mixed central hardwood,52,1,1,3259
26-JUL-2007,51,Virginia,VA,49,1,Detection Monitoring (on-frame),,1,2,316,red maple,1,4,3,1,2,1,Timberland,590,Mixed central hardwood,52,1,1,3259
26-JUL-2007,51,Virginia,VA,49,1,Detection Monitoring (on-frame),,1,2,611,sweetgum,1,4,3,1,2,1,Timberland,590,Mixed central hardwood,52,1,1,3259
26-JUL-2007,51,Virginia,VA,49,1,Detection Monitoring (on-frame),,1,2,831,willow oak,1,4,3,1,2,1,Timberland,590,Mixed central hardwood,52,1,1,3259
26-JUL-2007,51,Virginia,VA,49,1,Detection Monitoring (on-frame),,1,2,313,boxelder,1,4,3,1,1,1,Timberland,562,Sweetgum-yellow-popular,27,1,2,3263
26-JUL-2007,51,Virginia,VA,49,1,Detection Monitoring (on-frame),,1,2,313,boxelder,1,4,3,3,1,1,Timberland,562,Sweetgum-yellow-popular,27,1,2,3263
26-JUL-2007,51,Virginia,VA,57,1,Detection Monitoring (on-frame),,1,1,131,loblolly pine,1,1,4,1,1,1,Timberland,310,Loblolly pine,4,2,3,3230
26-JUL-2007,51,Virginia,VA,57,1,Detection Monitoring (on-frame),,1,2,131,loblolly pine,1,1,4,1,1,1,Timberland,310,Loblolly pine,4,2,3,3230
26-JUL-2007,51,Virginia,VA,57,1,Detection Monitoring (on-frame),,1,2,531,American beech,1,2,4,1,2,1,Timberland,310,Loblolly pine,4,2,3,3230
26-JUL-2007,51,Virginia,VA,57,1,Detection Monitoring (on-frame),,1,2,833,northern red oak,1,2,4,1,1,1,Timberland,310,Loblolly pine,4,2,3,3230
26-JUL-2007,51,Virginia,VA,57,1,Detection Monitoring (on-frame),,1,3,131,loblolly pine,1,2,4,1,3,1,Timberland,310,Loblolly pine,4,2,3,3230
26-JUL-2007,51,Virginia,VA,57,1,Detection Monitoring (on-frame),,1,4,131,loblolly pine,1,2,4,1,2,1,Timberland,310,Loblolly pine,4,2,3,3230
26-JUL-2007,51,Virginia,VA,57,1,Detection Monitoring (on-frame),,1,4,802,white oak,1,2,4,1,2,1,Timberland,310,Loblolly pine,4,2,3,3230
26-JUL-2007,51,Virginia,VA,61,1,Detection Monitoring (on-frame),,1,1,131,loblolly pine,1,2,4,1,2,1,Timberland,999,Nonstocked,0,1,4,4024
26-JUL-2007,51,Virginia,VA,61,1,Detection Monitoring (on-frame),,1,4,131,loblolly pine,1,3,4,1,1,1,Timberland,999,Nonstocked,0,1,4,4024
26-JUL-2007,51,Virginia,VA,63,1,Detection Monitoring (on-frame),,1,1,621,yellow-poplar,1,4,3,1,5,1,Timberland,30,White pine,56,2,1,3291
26-JUL-2007,51,Virginia,VA,63,1,Detection Monitoring (on-frame),,1,1,762,black cherry,1,4,3,1,3,1,Timberland,30,White pine,56,2,1,3291
26-JUL-2007,51,Virginia,VA,63,1,Detection Monitoring (on-frame),,1,2,316,red maple,1,4,3,1,6,1,Timberland,30,White pine,56,2,1,3291
26-JUL-2007,51,Virginia,VA,63,1,Detection Monitoring (on-frame),,1,2,621,yellow-poplar,1,4,3,1,1,1,Timberland,30,White pine,56,2,1,3291
26-JUL-2007,51,Virginia,VA,63,1,Detection Monitoring (on-frame),,1,3,316,red maple,1,4,3,1,3,1,Timberland,30,White pine,56,2,1,3291
26-JUL-2007,51,Virginia,VA,63,1,Detection Monitoring (on-frame),,1,3,812,southern red oak,1,4,3,1,1,1,Timberland,30,White pine,56,2,1,3291
26-JUL-2007,51,Virginia,VA,63,1,Detection Monitoring (on-frame),,1,4,621,yellow-poplar,1,4,3,1,8,1,Timberland,30,White pine,56,2,1,3291
26-JUL-2007,51,Virginia,VA,63,1,Detection Monitoring (on-frame),,1,4,762,black cherry,1,4,3,1,1,1,Timberland,30,White pine,56,2,1,3291
26-JUL-2007,51,Virginia,VA,63,1,Detection Monitoring (on-frame),,1,4,837,black oak,1,4,3,1,5,1,Timberland,30,White pine,56,2,1,3291
26-JUL-2007,51,Virginia,VA,71,1,Detection Monitoring (on-frame),,1,1,315,striped maple,1,4,3,1,3,1,Timberland,520,Chestnut oak,93,1,1,3299
26-JUL-2007,51,Virginia,VA,71,1,Detection Monitoring (on-frame),,1,1,421,American chestnut,1,4,3,1,2,1,Timberland,520,Chestnut oak,93,1,1,3299
26-JUL-2007,51,Virginia,VA,71,1,Detection Monitoring (on-frame),,1,1,491,flowering dogwood,1,4,3,1,1,1,Timberland,520,Chestnut oak,93,1,1,3299
26-JUL-2007,51,Virginia,VA,71,1,Detection Monitoring (on-frame),,1,2,316,red maple,1,4,3,1,1,1,Timberland,520,Chestnut oak,93,1,1,3299
26-JUL-2007,51,Virginia,VA,71,1,Detection Monitoring (on-frame),,1,2,832,chestnut oak,1,4,3,1,5,1,Timberland,520,Chestnut oak,93,1,1,3299
26-JUL-2007,51,Virginia,VA,71,1,Detection Monitoring (on-frame),,1,2,931,sassafras,1,4,3,1,5,1,Timberland,520,Chestnut oak,93,1,1,3299
26-JUL-2007,51,Virginia,VA,71,1,Detection Monitoring (on-frame),,1,3,315,striped maple,1,4,3,1,2,1,Timberland,520,Chestnut oak,93,1,1,3299
26-JUL-2007,51,Virginia,VA,71,1,Detection Monitoring (on-frame),,1,3,421,American chestnut,1,4,3,1,2,1,Timberland,520,Chestnut oak,93,1,1,3299
26-JUL-2007,51,Virginia,VA,71,1,Detection Monitoring (on-frame),,1,3,931,sassafras,1,4,3,1,1,1,Timberland,520,Chestnut oak,93,1,1,3299
26-JUL-2007,51,Virginia,VA,71,1,Detection Monitoring (on-frame),,1,4,931,sassafras,1,3,3,1,12,1,Timberland,520,Chestnut oak,93,1,1,3299
26-JUL-2007,51,Virginia,VA,85,1,Detection Monitoring (on-frame),,1,1,131,loblolly pine,1,1,4,1,2,1,Timberland,998,Indeterminate,3,1,3,3249
26-JUL-2007,51,Virginia,VA,85,1,Detection Monitoring (on-frame),,1,1,591,American holly,1,1,4,1,1,1,Timberland,998,Indeterminate,3,1,3,3249
26-JUL-2007,51,Virginia,VA,85,1,Detection Monitoring (on-frame),,1,1,833,northern red oak,1,1,4,3,2,1,Timberland,998,Indeterminate,3,1,3,3249
26-JUL-2007,51,Virginia,VA,85,1,Detection Monitoring (on-frame),,1,1,931,sassafras,1,1,4,1,5,1,Timberland,998,Indeterminate,3,1,3,3249
26-JUL-2007,51,Virginia,VA,85,1,Detection Monitoring (on-frame),,1,2,131,loblolly pine,1,1,4,1,3,1,Timberland,998,Indeterminate,3,1,3,3249
26-JUL-2007,51,Virginia,VA,85,1,Detection Monitoring (on-frame),,1,2,316,red maple,1,1,4,1,1,1,Timberland,998,Indeterminate,3,1,3,3249
26-JUL-2007,51,Virginia,VA,85,1,Detection Monitoring (on-frame),,1,2,591,American holly,1,1,4,1,2,1,Timberland,998,Indeterminate,3,1,3,3249
26-JUL-2007,51,Virginia,VA,85,1,Detection Monitoring (on-frame),,1,2,611,sweetgum,1,1,4,1,2,1,Timberland,998,Indeterminate,3,1,3,3249
26-JUL-2007,51,Virginia,VA,85,1,Detection Monitoring (on-frame),,1,2,833,northern red oak,1,1,4,1,3,1,Timberland,998,Indeterminate,3,1,3,3249
26-JUL-2007,51,Virginia,VA,85,1,Detection Monitoring (on-frame),,1,2,931,sassafras,1,1,4,1,1,1,Timberland,998,Indeterminate,3,1,3,3249
26-JUL-2007,51,Virginia,VA,85,1,Detection Monitoring (on-frame),,1,3,131,loblolly pine,1,1,4,1,2,1,Timberland,998,Indeterminate,3,1,3,3249
26-JUL-2007,51,Virginia,VA,85,1,Detection Monitoring (on-frame),,1,3,316,red maple,1,2,4,2,2,1,Timberland,998,Indeterminate,3,1,3,3249
26-JUL-2007,51,Virginia,VA,85,1,Detection Monitoring (on-frame),,1,3,931,sassafras,1,1,4,1,1,1,Timberland,998,Indeterminate,3,1,3,3249
26-JUL-2007,51,Virginia,VA,85,1,Detection Monitoring (on-frame),,1,4,131,loblolly pine,1,1,4,1,4,1,Timberland,998,Indeterminate,3,1,3,3249
26-JUL-2007,51,Virginia,VA,91,1,Detection Monitoring (on-frame),,1,1,315,striped maple,1,3,3,1,5,1,Timberland,550,Northern red oak,62,1,1,4062
26-JUL-2007,51,Virginia,VA,91,1,Detection Monitoring (on-frame),,1,1,316,red maple,1,3,3,1,20,1,Timberland,550,Northern red oak,62,1,1,4062
26-JUL-2007,51,Virginia,VA,91,1,Detection Monitoring (on-frame),,1,1,901,black locust,1,3,3,2,1,1,Timberland,550,Northern red oak,62,1,1,4062
26-JUL-2007,51,Virginia,VA,91,1,Detection Monitoring (on-frame),,1,2,315,striped maple,1,2,3,1,5,1,Timberland,550,Northern red oak,62,1,1,4062
26-JUL-2007,51,Virginia,VA,91,1,Detection Monitoring (on-frame),,1,2,316,red maple,1,2,3,1,22,1,Timberland,550,Northern red oak,62,1,1,4062
26-JUL-2007,51,Virginia,VA,91,1,Detection Monitoring (on-frame),,1,3,315,striped maple,1,2,3,1,3,1,Timberland,550,Northern red oak,62,1,1,4062
26-JUL-2007,51,Virginia,VA,91,1,Detection Monitoring (on-frame),,1,3,316,red maple,1,2,3,1,8,1,Timberland,550,Northern red oak,62,1,1,4062
26-JUL-2007,51,Virginia,VA,113,1,Detection Monitoring (on-frame),,1,2,315,striped maple,1,4,3,1,3,1,Timberland,520,Chestnut oak,82,1,1,4041
26-JUL-2007,51,Virginia,VA,117,1,Detection Monitoring (on-frame),,1,1,802,white oak,1,2,4,1,1,1,Timberland,310,Loblolly pine,19,1,2,2724
26-JUL-2007,51,Virginia,VA,117,1,Detection Monitoring (on-frame),,1,2,43,Atlantic white-cedar,1,4,3,1,1,1,Timberland,310,Loblolly pine,19,1,2,2724
26-JUL-2007,51,Virginia,VA,117,1,Detection Monitoring (on-frame),,1,2,131,loblolly pine,1,4,3,1,2,1,Timberland,310,Loblolly pine,19,1,2,2724
26-JUL-2007,51,Virginia,VA,117,1,Detection Monitoring (on-frame),,1,3,131,loblolly pine,1,3,3,1,3,1,Timberland,310,Loblolly pine,19,1,2,2724
26-JUL-2007,51,Virginia,VA,117,1,Detection Monitoring (on-frame),,1,4,131,loblolly pine,1,3,3,2,1,1,Timberland,310,Loblolly pine,19,1,2,2724
26-JUL-2007,51,Virginia,VA,117,1,Detection Monitoring (on-frame),,1,4,131,loblolly pine,1,3,4,1,5,1,Timberland,310,Loblolly pine,19,1,2,2724
26-JUL-2007,51,Virginia,VA,133,1,Detection Monitoring (on-frame),,1,3,591,American holly,2,4,3,1,2,1,Timberland,564,Yellow-popular,77,1,1,3228
26-JUL-2007,51,Virginia,VA,141,1,Detection Monitoring (on-frame),,1,1,316,red maple,1,4,3,1,1,1,Timberland,530,White oak-red oak-hickory,63,1,1,2764
26-JUL-2007,51,Virginia,VA,141,1,Detection Monitoring (on-frame),,1,1,693,blackgum,1,4,3,1,1,1,Timberland,530,White oak-red oak-hickory,63,1,1,2764
26-JUL-2007,51,Virginia,VA,141,1,Detection Monitoring (on-frame),,1,1,832,chestnut oak,1,4,3,1,5,1,Timberland,530,White oak-red oak-hickory,63,1,1,2764
26-JUL-2007,51,Virginia,VA,141,1,Detection Monitoring (on-frame),,1,1,837,black oak,1,4,3,1,7,1,Timberland,530,White oak-red oak-hickory,63,1,1,2764
26-JUL-2007,51,Virginia,VA,141,1,Detection Monitoring (on-frame),,1,2,693,blackgum,1,4,3,2,2,1,Timberland,530,White oak-red oak-hickory,63,1,1,2764
26-JUL-2007,51,Virginia,VA,141,1,Detection Monitoring (on-frame),,1,2,832,chestnut oak,1,4,3,1,5,1,Timberland,530,White oak-red oak-hickory,63,1,1,2764
26-JUL-2007,51,Virginia,VA,141,1,Detection Monitoring (on-frame),,1,2,837,black oak,1,4,3,1,3,1,Timberland,530,White oak-red oak-hickory,63,1,1,2764
26-JUL-2007,51,Virginia,VA,141,1,Detection Monitoring (on-frame),,1,3,693,blackgum,1,4,3,1,2,1,Timberland,530,White oak-red oak-hickory,63,1,1,2764
26-JUL-2007,51,Virginia,VA,141,1,Detection Monitoring (on-frame),,1,4,832,chestnut oak,1,4,3,1,7,1,Timberland,530,White oak-red oak-hickory,63,1,1,2764
26-JUL-2007,51,Virginia,VA,143,1,Detection Monitoring (on-frame),,1,1,316,red maple,1,2,3,1,4,1,Timberland,530,White oak-red oak-hickory,83,1,1,2749
26-JUL-2007,51,Virginia,VA,143,1,Detection Monitoring (on-frame),,1,1,402,bitternut hickory,1,2,2,1,6,1,Timberland,530,White oak-red oak-hickory,83,1,1,2749
26-JUL-2007,51,Virginia,VA,143,1,Detection Monitoring (on-frame),,1,1,402,bitternut hickory,1,2,3,1,13,1,Timberland,530,White oak-red oak-hickory,83,1,1,2749
26-JUL-2007,51,Virginia,VA,143,1,Detection Monitoring (on-frame),,1,1,621,yellow-poplar,1,2,3,1,9,1,Timberland,530,White oak-red oak-hickory,83,1,1,2749
26-JUL-2007,51,Virginia,VA,143,1,Detection Monitoring (on-frame),,1,1,802,white oak,1,2,3,1,5,1,Timberland,530,White oak-red oak-hickory,83,1,1,2749
26-JUL-2007,51,Virginia,VA,143,1,Detection Monitoring (on-frame),,1,2,316,red maple,1,2,3,1,4,1,Timberland,530,White oak-red oak-hickory,83,1,1,2749
26-JUL-2007,51,Virginia,VA,143,1,Detection Monitoring (on-frame),,1,2,402,bitternut hickory,1,2,3,1,13,1,Timberland,530,White oak-red oak-hickory,83,1,1,2749
26-JUL-2007,51,Virginia,VA,143,1,Detection Monitoring (on-frame),,1,2,802,white oak,1,2,3,1,5,1,Timberland,530,White oak-red oak-hickory,83,1,1,2749
26-JUL-2007,51,Virginia,VA,143,1,Detection Monitoring (on-frame),,1,3,802,white oak,1,4,3,1,10,1,Timberland,530,White oak-red oak-hickory,83,1,1,2749
26-JUL-2007,51,Virginia,VA,143,1,Detection Monitoring (on-frame),,1,3,931,sassafras,1,4,3,1,8,1,Timberland,530,White oak-red oak-hickory,83,1,1,2749
26-JUL-2007,51,Virginia,VA,147,1,Detection Monitoring (on-frame),,1,1,68,eastern redcedar,1,4,3,2,2,1,Timberland,420,Eastern redcedar-hardwood,15,1,3,3254
26-JUL-2007,51,Virginia,VA,147,1,Detection Monitoring (on-frame),,1,1,316,red maple,1,4,3,1,2,1,Timberland,420,Eastern redcedar-hardwood,15,1,3,3254
26-JUL-2007,51,Virginia,VA,147,1,Detection Monitoring (on-frame),,1,1,316,red maple,1,4,3,2,3,1,Timberland,420,Eastern redcedar-hardwood,15,1,3,3254
26-JUL-2007,51,Virginia,VA,147,1,Detection Monitoring (on-frame),,1,1,316,red maple,1,4,3,3,1,1,Timberland,420,Eastern redcedar-hardwood,15,1,3,3254
26-JUL-2007,51,Virginia,VA,147,1,Detection Monitoring (on-frame),,1,1,611,sweetgum,1,4,3,1,1,1,Timberland,420,Eastern redcedar-hardwood,15,1,3,3254
26-JUL-2007,51,Virginia,VA,147,1,Detection Monitoring (on-frame),,1,1,802,white oak,1,4,3,3,1,1,Timberland,420,Eastern redcedar-hardwood,15,1,3,3254
26-JUL-2007,51,Virginia,VA,147,1,Detection Monitoring (on-frame),,1,2,316,red maple,2,4,3,3,2,1,Timberland,720,River birch-sycamore,33,1,2,3254
26-JUL-2007,51,Virginia,VA,147,1,Detection Monitoring (on-frame),,1,2,400,hickory,2,4,3,3,1,1,Timberland,720,River birch-sycamore,33,1,2,3254
26-JUL-2007,51,Virginia,VA,147,1,Detection Monitoring (on-frame),,1,2,802,white oak,2,4,3,1,2,1,Timberland,720,River birch-sycamore,33,1,2,3254
26-JUL-2007,51,Virginia,VA,147,1,Detection Monitoring (on-frame),,1,3,68,eastern redcedar,1,4,3,2,2,1,Timberland,420,Eastern redcedar-hardwood,15,1,3,3254
26-JUL-2007,51,Virginia,VA,147,1,Detection Monitoring (on-frame),,1,3,316,red maple,1,4,3,1,1,1,Timberland,420,Eastern redcedar-hardwood,15,1,3,3254
26-JUL-2007,51,Virginia,VA,147,1,Detection Monitoring (on-frame),,1,3,711,sourwood,1,4,3,1,7,1,Timberland,420,Eastern redcedar-hardwood,15,1,3,3254
26-JUL-2007,51,Virginia,VA,147,1,Detection Monitoring (on-frame),,1,3,816,bear oak- scrub oak,1,4,3,1,3,1,Timberland,420,Eastern redcedar-hardwood,15,1,3,3254
26-JUL-2007,51,Virginia,VA,147,1,Detection Monitoring (on-frame),,1,4,68,eastern redcedar,1,4,3,2,5,1,Timberland,420,Eastern redcedar-hardwood,15,1,3,3254
26-JUL-2007,51,Virginia,VA,147,1,Detection Monitoring (on-frame),,1,4,316,red maple,1,4,3,1,1,1,Timberland,420,Eastern redcedar-hardwood,15,1,3,3254
26-JUL-2007,51,Virginia,VA,147,1,Detection Monitoring (on-frame),,1,4,316,red maple,1,4,3,2,1,1,Timberland,420,Eastern redcedar-hardwood,15,1,3,3254
26-JUL-2007,51,Virginia,VA,147,1,Detection Monitoring (on-frame),,1,4,316,red maple,1,4,3,3,1,1,Timberland,420,Eastern redcedar-hardwood,15,1,3,3254
26-JUL-2007,51,Virginia,VA,147,1,Detection Monitoring (on-frame),,1,4,371,yellow birch,1,4,3,1,3,1,Timberland,420,Eastern redcedar-hardwood,15,1,3,3254
26-JUL-2007,51,Virginia,VA,147,1,Detection Monitoring (on-frame),,1,4,531,American beech,1,4,3,1,1,1,Timberland,420,Eastern redcedar-hardwood,15,1,3,3254
26-JUL-2007,51,Virginia,VA,147,1,Detection Monitoring (on-frame),,1,4,611,sweetgum,1,4,3,1,4,1,Timberland,420,Eastern redcedar-hardwood,15,1,3,3254
26-JUL-2007,51,Virginia,VA,147,1,Detection Monitoring (on-frame),,1,4,693,blackgum,1,4,3,1,3,1,Timberland,420,Eastern redcedar-hardwood,15,1,3,3254
26-JUL-2007,51,Virginia,VA,147,1,Detection Monitoring (on-frame),,1,4,802,white oak,1,4,3,1,3,1,Timberland,420,Eastern redcedar-hardwood,15,1,3,3254
26-JUL-2007,51,Virginia,VA,149,1,Detection Monitoring (on-frame),,1,1,591,American holly,1,4,3,2,1,1,Timberland,460,Loblolly pine-hardwood,22,1,2,3234
26-JUL-2007,51,Virginia,VA,149,1,Detection Monitoring (on-frame),,1,1,591,American holly,1,4,3,3,1,1,Timberland,460,Loblolly pine-hardwood,22,1,2,3234
26-JUL-2007,51,Virginia,VA,149,1,Detection Monitoring (on-frame),,1,1,611,sweetgum,1,4,3,1,1,1,Timberland,460,Loblolly pine-hardwood,22,1,2,3234
26-JUL-2007,51,Virginia,VA,149,1,Detection Monitoring (on-frame),,1,1,802,white oak,1,4,3,2,1,1,Timberland,460,Loblolly pine-hardwood,22,1,2,3234
26-JUL-2007,51,Virginia,VA,149,1,Detection Monitoring (on-frame),,1,1,833,northern red oak,1,4,3,1,1,1,Timberland,460,Loblolly pine-hardwood,22,1,2,3234
26-JUL-2007,51,Virginia,VA,149,1,Detection Monitoring (on-frame),,1,2,591,American holly,3,4,3,1,2,1,Timberland,310,Loblolly pine,22,2,2,3234
26-JUL-2007,51,Virginia,VA,149,1,Detection Monitoring (on-frame),,1,2,611,sweetgum,3,4,3,1,8,1,Timberland,310,Loblolly pine,22,2,2,3234
26-JUL-2007,51,Virginia,VA,149,1,Detection Monitoring (on-frame),,1,2,611,sweetgum,3,4,3,3,1,1,Timberland,310,Loblolly pine,22,2,2,3234
26-JUL-2007,51,Virginia,VA,149,1,Detection Monitoring (on-frame),,1,2,711,sourwood,3,4,3,1,3,1,Timberland,310,Loblolly pine,22,2,2,3234
26-JUL-2007,51,Virginia,VA,149,1,Detection Monitoring (on-frame),,1,3,591,American holly,1,4,3,1,3,1,Timberland,460,Loblolly pine-hardwood,22,1,2,3234
26-JUL-2007,51,Virginia,VA,149,1,Detection Monitoring (on-frame),,1,3,591,American holly,1,4,3,2,1,1,Timberland,460,Loblolly pine-hardwood,22,1,2,3234
26-JUL-2007,51,Virginia,VA,149,1,Detection Monitoring (on-frame),,1,3,711,sourwood,1,4,3,1,2,1,Timberland,460,Loblolly pine-hardwood,22,1,2,3234
26-JUL-2007,51,Virginia,VA,149,1,Detection Monitoring (on-frame),,1,3,812,southern red oak,1,4,3,1,1,1,Timberland,460,Loblolly pine-hardwood,22,1,2,3234
26-JUL-2007,51,Virginia,VA,149,1,Detection Monitoring (on-frame),,1,3,831,willow oak,1,4,3,1,4,1,Timberland,460,Loblolly pine-hardwood,22,1,2,3234
26-JUL-2007,51,Virginia,VA,149,1,Detection Monitoring (on-frame),,1,3,833,northern red oak,1,4,3,3,1,1,Timberland,460,Loblolly pine-hardwood,22,1,2,3234
26-JUL-2007,51,Virginia,VA,149,1,Detection Monitoring (on-frame),,1,3,931,sassafras,1,4,3,1,1,1,Timberland,460,Loblolly pine-hardwood,22,1,2,3234
26-JUL-2007,51,Virginia,VA,149,1,Detection Monitoring (on-frame),,1,4,400,hickory,1,4,3,2,1,1,Timberland,460,Loblolly pine-hardwood,22,1,2,3234
26-JUL-2007,51,Virginia,VA,149,1,Detection Monitoring (on-frame),,1,4,591,American holly,1,4,3,1,8,1,Timberland,460,Loblolly pine-hardwood,22,1,2,3234
26-JUL-2007,51,Virginia,VA,153,1,Detection Monitoring (on-frame),,1,1,400,hickory,1,4,3,1,8,1,Timberland,450,Virginia pine-southern red oak,70,1,1,4029
26-JUL-2007,51,Virginia,VA,153,1,Detection Monitoring (on-frame),,1,1,491,flowering dogwood,1,4,3,2,1,1,Timberland,450,Virginia pine-southern red oak,70,1,1,4029
26-JUL-2007,51,Virginia,VA,153,1,Detection Monitoring (on-frame),,1,1,491,flowering dogwood,1,4,3,3,1,1,Timberland,450,Virginia pine-southern red oak,70,1,1,4029
26-JUL-2007,51,Virginia,VA,153,1,Detection Monitoring (on-frame),,1,3,400,hickory,1,4,3,3,1,1,Timberland,450,Virginia pine-southern red oak,70,1,1,4029
26-JUL-2007,51,Virginia,VA,153,1,Detection Monitoring (on-frame),,1,3,491,flowering dogwood,1,4,3,1,1,1,Timberland,450,Virginia pine-southern red oak,70,1,1,4029
26-JUL-2007,51,Virginia,VA,153,1,Detection Monitoring (on-frame),,1,3,833,northern red oak,1,4,3,1,1,1,Timberland,450,Virginia pine-southern red oak,70,1,1,4029
26-JUL-2007,51,Virginia,VA,153,1,Detection Monitoring (on-frame),,1,3,833,northern red oak,1,4,3,2,1,1,Timberland,450,Virginia pine-southern red oak,70,1,1,4029
26-JUL-2007,51,Virginia,VA,153,1,Detection Monitoring (on-frame),,1,4,400,hickory,1,4,3,1,3,1,Timberland,450,Virginia pine-southern red oak,70,1,1,4029
26-JUL-2007,51,Virginia,VA,153,1,Detection Monitoring (on-frame),,1,4,400,hickory,1,4,3,2,1,1,Timberland,450,Virginia pine-southern red oak,70,1,1,4029
26-JUL-2007,51,Virginia,VA,163,1,Detection Monitoring (on-frame),,1,1,315,striped maple,1,4,3,1,4,1,Timberland,520,Chestnut oak,76,1,1,3286
26-JUL-2007,51,Virginia,VA,163,1,Detection Monitoring (on-frame),,1,1,316,red maple,1,4,3,1,1,1,Timberland,520,Chestnut oak,76,1,1,3286
26-JUL-2007,51,Virginia,VA,163,1,Detection Monitoring (on-frame),,1,1,999,unknown,1,4,3,1,3,1,Timberland,520,Chestnut oak,76,1,1,3286
26-JUL-2007,51,Virginia,VA,163,1,Detection Monitoring (on-frame),,1,2,132,Virginia pine,1,4,3,1,2,1,Timberland,520,Chestnut oak,76,1,1,3286
26-JUL-2007,51,Virginia,VA,163,1,Detection Monitoring (on-frame),,1,2,316,red maple,1,4,3,1,2,1,Timberland,520,Chestnut oak,76,1,1,3286
26-JUL-2007,51,Virginia,VA,163,1,Detection Monitoring (on-frame),,1,2,832,chestnut oak,1,4,3,1,4,1,Timberland,520,Chestnut oak,76,1,1,3286
26-JUL-2007,51,Virginia,VA,163,1,Detection Monitoring (on-frame),,1,2,931,sassafras,1,4,3,1,1,1,Timberland,520,Chestnut oak,76,1,1,3286
26-JUL-2007,51,Virginia,VA,163,1,Detection Monitoring (on-frame),,1,3,500,hawthorn,1,4,3,1,7,1,Timberland,520,Chestnut oak,76,1,1,3286
26-JUL-2007,51,Virginia,VA,163,1,Detection Monitoring (on-frame),,1,4,316,red maple,1,4,3,1,2,1,Timberland,520,Chestnut oak,76,1,1,3286
26-JUL-2007,51,Virginia,VA,163,1,Detection Monitoring (on-frame),,1,4,832,chestnut oak,1,4,3,1,1,1,Timberland,520,Chestnut oak,76,1,1,3286
26-JUL-2007,51,Virginia,VA,163,1,Detection Monitoring (on-frame),,1,4,931,sassafras,1,4,3,1,7,1,Timberland,520,Chestnut oak,76,1,1,3286
26-JUL-2007,51,Virginia,VA,167,1,Detection Monitoring (on-frame),,1,1,261,eastern hemlock,1,4,3,1,1,1,Timberland,500,OAK-HICKORY GROUP,64,1,1,3312
26-JUL-2007,51,Virginia,VA,167,1,Detection Monitoring (on-frame),,1,1,491,flowering dogwood,1,4,3,2,1,1,Timberland,500,OAK-HICKORY GROUP,64,1,1,3312
26-JUL-2007,51,Virginia,VA,167,1,Detection Monitoring (on-frame),,1,1,931,sassafras,1,4,3,1,2,1,Timberland,500,OAK-HICKORY GROUP,64,1,1,3312
26-JUL-2007,51,Virginia,VA,167,1,Detection Monitoring (on-frame),,1,3,261,eastern hemlock,1,4,3,1,1,1,Timberland,500,OAK-HICKORY GROUP,64,1,1,3312
26-JUL-2007,51,Virginia,VA,167,1,Detection Monitoring (on-frame),,1,3,316,red maple,1,4,3,1,1,1,Timberland,500,OAK-HICKORY GROUP,64,1,1,3312
26-JUL-2007,51,Virginia,VA,167,1,Detection Monitoring (on-frame),,1,3,491,flowering dogwood,1,4,3,1,1,1,Timberland,500,OAK-HICKORY GROUP,64,1,1,3312
26-JUL-2007,51,Virginia,VA,167,1,Detection Monitoring (on-frame),,1,3,491,flowering dogwood,1,4,3,2,1,1,Timberland,500,OAK-HICKORY GROUP,64,1,1,3312
26-JUL-2007,51,Virginia,VA,167,1,Detection Monitoring (on-frame),,1,3,621,yellow-poplar,1,4,3,1,5,1,Timberland,500,OAK-HICKORY GROUP,64,1,1,3312
26-JUL-2007,51,Virginia,VA,167,1,Detection Monitoring (on-frame),,1,3,999,unknown,1,4,3,3,1,1,Timberland,500,OAK-HICKORY GROUP,64,1,1,3312
26-JUL-2007,51,Virginia,VA,167,1,Detection Monitoring (on-frame),,1,4,316,red maple,1,4,3,1,1,1,Timberland,500,OAK-HICKORY GROUP,64,1,1,3312
26-JUL-2007,51,Virginia,VA,167,1,Detection Monitoring (on-frame),,1,4,999,unknown,1,4,3,2,1,1,Timberland,500,OAK-HICKORY GROUP,64,1,1,3312
26-JUL-2007,51,Virginia,VA,173,1,Detection Monitoring (on-frame),,1,1,400,hickory,1,4,3,1,2,1,Timberland,520,Chestnut oak,96,1,1,2791
26-JUL-2007,51,Virginia,VA,173,1,Detection Monitoring (on-frame),,1,1,421,American chestnut,1,4,3,1,2,1,Timberland,520,Chestnut oak,96,1,1,2791
26-JUL-2007,51,Virginia,VA,173,1,Detection Monitoring (on-frame),,1,1,833,northern red oak,1,4,3,1,1,1,Timberland,520,Chestnut oak,96,1,1,2791
26-JUL-2007,51,Virginia,VA,173,1,Detection Monitoring (on-frame),,1,1,837,black oak,1,4,3,1,6,1,Timberland,520,Chestnut oak,96,1,1,2791
26-JUL-2007,51,Virginia,VA,173,1,Detection Monitoring (on-frame),,1,2,315,striped maple,1,4,3,1,4,1,Timberland,520,Chestnut oak,96,1,1,2791
26-JUL-2007,51,Virginia,VA,173,1,Detection Monitoring (on-frame),,1,2,316,red maple,1,4,3,1,8,1,Timberland,520,Chestnut oak,96,1,1,2791
26-JUL-2007,51,Virginia,VA,173,1,Detection Monitoring (on-frame),,1,2,802,white oak,1,4,3,1,2,1,Timberland,520,Chestnut oak,96,1,1,2791
26-JUL-2007,51,Virginia,VA,173,1,Detection Monitoring (on-frame),,1,2,931,sassafras,1,4,3,1,5,1,Timberland,520,Chestnut oak,96,1,1,2791
26-JUL-2007,51,Virginia,VA,173,1,Detection Monitoring (on-frame),,1,3,316,red maple,1,4,3,1,4,1,Timberland,520,Chestnut oak,96,1,1,2791
26-JUL-2007,51,Virginia,VA,173,1,Detection Monitoring (on-frame),,1,3,711,sourwood,1,4,3,1,2,1,Timberland,520,Chestnut oak,96,1,1,2791
26-JUL-2007,51,Virginia,VA,173,1,Detection Monitoring (on-frame),,1,3,931,sassafras,1,4,3,1,10,1,Timberland,520,Chestnut oak,96,1,1,2791
26-JUL-2007,51,Virginia,VA,173,1,Detection Monitoring (on-frame),,1,4,931,sassafras,1,4,3,1,3,1,Timberland,520,Chestnut oak,96,1,1,2791
26-JUL-2007,51,Virginia,VA,183,1,Detection Monitoring (on-frame),,1,1,316,red maple,1,3,3,3,1,1,Timberland,530,White oak-red oak-hickory,61,1,1,2711
26-JUL-2007,51,Virginia,VA,183,1,Detection Monitoring (on-frame),,1,1,400,hickory,1,3,3,1,5,1,Timberland,530,White oak-red oak-hickory,61,1,1,2711
26-JUL-2007,51,Virginia,VA,183,1,Detection Monitoring (on-frame),,1,1,611,sweetgum,1,3,3,1,3,1,Timberland,530,White oak-red oak-hickory,61,1,1,2711
26-JUL-2007,51,Virginia,VA,183,1,Detection Monitoring (on-frame),,1,1,621,yellow-poplar,1,3,3,1,9,1,Timberland,530,White oak-red oak-hickory,61,1,1,2711
26-JUL-2007,51,Virginia,VA,183,1,Detection Monitoring (on-frame),,1,1,621,yellow-poplar,1,3,3,3,1,1,Timberland,530,White oak-red oak-hickory,61,1,1,2711
26-JUL-2007,51,Virginia,VA,183,1,Detection Monitoring (on-frame),,1,2,131,loblolly pine,1,4,3,2,1,1,Timberland,530,White oak-red oak-hickory,61,1,1,2711
26-JUL-2007,51,Virginia,VA,183,1,Detection Monitoring (on-frame),,1,2,591,American holly,1,4,3,1,1,1,Timberland,530,White oak-red oak-hickory,61,1,1,2711
26-JUL-2007,51,Virginia,VA,183,1,Detection Monitoring (on-frame),,1,2,621,yellow-poplar,1,4,3,1,3,1,Timberland,530,White oak-red oak-hickory,61,1,1,2711
26-JUL-2007,51,Virginia,VA,183,1,Detection Monitoring (on-frame),,1,2,931,sassafras,1,4,3,3,1,1,Timberland,530,White oak-red oak-hickory,61,1,1,2711
26-JUL-2007,51,Virginia,VA,183,1,Detection Monitoring (on-frame),,1,3,316,red maple,1,4,3,2,1,1,Timberland,530,White oak-red oak-hickory,61,1,1,2711
26-JUL-2007,51,Virginia,VA,183,1,Detection Monitoring (on-frame),,1,3,611,sweetgum,1,4,3,1,3,1,Timberland,530,White oak-red oak-hickory,61,1,1,2711
26-JUL-2007,51,Virginia,VA,183,1,Detection Monitoring (on-frame),,1,4,806,scarlet oak,2,3,4,1,6,1,Timberland,620,Sweetgum-Nuttall oak-willow oak,60,1,1,2711
26-JUL-2007,51,Virginia,VA,187,1,Detection Monitoring (on-frame),,2,3,762,black cherry,2,4,3,1,1,1,Timberland,540,White oak,45,1,1,4048
26-JUL-2007,51,Virginia,VA,191,1,Detection Monitoring (on-frame),,1,1,316,red maple,1,4,3,1,8,1,Timberland,560,Yellow-poplar-white oak-n. red oak,90,1,1,2806
26-JUL-2007,51,Virginia,VA,191,1,Detection Monitoring (on-frame),,1,1,654,bigleaf magnolia,1,4,3,1,3,1,Timberland,560,Yellow-poplar-white oak-n. red oak,90,1,1,2806
26-JUL-2007,51,Virginia,VA,191,1,Detection Monitoring (on-frame),,1,1,931,sassafras,1,4,3,1,1,1,Timberland,560,Yellow-poplar-white oak-n. red oak,90,1,1,2806
26-JUL-2007,51,Virginia,VA,191,1,Detection Monitoring (on-frame),,1,2,711,sourwood,1,4,3,1,5,1,Timberland,560,Yellow-poplar-white oak-n. red oak,90,1,1,2806
26-JUL-2007,51,Virginia,VA,191,1,Detection Monitoring (on-frame),,1,3,491,flowering dogwood,1,4,3,1,3,1,Timberland,560,Yellow-poplar-white oak-n. red oak,90,1,1,2806
26-JUL-2007,51,Virginia,VA,191,1,Detection Monitoring (on-frame),,1,3,832,chestnut oak,1,4,3,1,1,1,Timberland,560,Yellow-poplar-white oak-n. red oak,90,1,1,2806
26-JUL-2007,51,Virginia,VA,191,1,Detection Monitoring (on-frame),,1,4,491,flowering dogwood,1,4,3,2,1,1,Timberland,560,Yellow-poplar-white oak-n. red oak,90,1,1,2806
26-JUL-2007,51,Virginia,VA,191,1,Detection Monitoring (on-frame),,1,4,621,yellow-poplar,1,4,3,1,1,1,Timberland,560,Yellow-poplar-white oak-n. red oak,90,1,1,2806
26-JUL-2007,51,Virginia,VA,191,1,Detection Monitoring (on-frame),,1,4,711,sourwood,1,4,3,1,2,1,Timberland,560,Yellow-poplar-white oak-n. red oak,90,1,1,2806
26-JUL-2007,51,Virginia,VA,191,1,Detection Monitoring (on-frame),,1,4,931,sassafras,1,4,3,1,3,1,Timberland,560,Yellow-poplar-white oak-n. red oak,90,1,1,2806
26-JUL-2007,51,Virginia,VA,550,1,Detection Monitoring (on-frame),,1,4,367,pawpaw,1,4,3,1,6,1,Timberland,360,Pond pine,62,1,1,2688
