LAST_UPDATE,STATE,STATE_DESCR,STATE_ABBREV,COUNTY,PROJECT,PROJECT_DESCR,HEXAGON_NBR,PLOT_NBR,POINT_NBR,FHM_SPECIES,SPECIES_COMMON_NAME,CONDITION_CLASS_NBR,CROWN_LIGHT_EXPOSURE,CROWN_POSITION,CROWN_VIGOR_CLASS,NBR_SEEDLINGS,LAND_USE_CLASS,LAND_USE_CLASS_DESCR,FOREST_TYPE,FOREST_TYPE_DESCR,STAND_AGE,STAND_ORIGIN,STAND_SIZE_CLASS,STAND_DENSITY_CHECK,P3ID
26-JUL-2007,51,Virginia,VA,5,1,Detection Monitoring (on-frame),,1,1,421,American chestnut,1,0,3,1,1,1,Timberland,520,Chestnut oak,79,1,1,0,3303
26-JUL-2007,51,Virginia,VA,5,1,Detection Monitoring (on-frame),,1,1,693,blackgum,1,0,3,1,1,1,Timberland,520,Chestnut oak,79,1,1,0,3303
26-JUL-2007,51,Virginia,VA,5,1,Detection Monitoring (on-frame),,1,1,931,sassafras,1,0,3,1,1,1,Timberland,520,Chestnut oak,79,1,1,0,3303
26-JUL-2007,51,Virginia,VA,5,1,Detection Monitoring (on-frame),,1,2,315,striped maple,1,0,3,1,3,1,Timberland,520,Chestnut oak,79,1,1,0,3303
26-JUL-2007,51,Virginia,VA,5,1,Detection Monitoring (on-frame),,1,2,421,American chestnut,1,0,3,1,1,1,Timberland,520,Chestnut oak,79,1,1,0,3303
26-JUL-2007,51,Virginia,VA,5,1,Detection Monitoring (on-frame),,1,2,491,flowering dogwood,1,0,3,1,4,1,Timberland,520,Chestnut oak,79,1,1,0,3303
26-JUL-2007,51,Virginia,VA,5,1,Detection Monitoring (on-frame),,1,2,491,flowering dogwood,1,0,3,3,1,1,Timberland,520,Chestnut oak,79,1,1,0,3303
26-JUL-2007,51,Virginia,VA,5,1,Detection Monitoring (on-frame),,1,3,421,American chestnut,1,0,3,1,2,1,Timberland,520,Chestnut oak,79,1,1,0,3303
26-JUL-2007,51,Virginia,VA,5,1,Detection Monitoring (on-frame),,1,3,693,blackgum,1,0,3,1,1,1,Timberland,520,Chestnut oak,79,1,1,0,3303
26-JUL-2007,51,Virginia,VA,5,1,Detection Monitoring (on-frame),,1,3,931,sassafras,1,0,3,1,1,1,Timberland,520,Chestnut oak,79,1,1,0,3303
26-JUL-2007,51,Virginia,VA,5,1,Detection Monitoring (on-frame),,1,4,316,red maple,1,0,3,1,1,1,Timberland,520,Chestnut oak,79,1,1,0,3303
26-JUL-2007,51,Virginia,VA,5,1,Detection Monitoring (on-frame),,1,4,403,pignut hickory,1,0,3,1,2,1,Timberland,520,Chestnut oak,79,1,1,0,3303
26-JUL-2007,51,Virginia,VA,5,1,Detection Monitoring (on-frame),,1,4,491,flowering dogwood,1,0,3,1,2,1,Timberland,520,Chestnut oak,79,1,1,0,3303
26-JUL-2007,51,Virginia,VA,5,1,Detection Monitoring (on-frame),,1,4,901,black locust,1,0,3,1,1,1,Timberland,520,Chestnut oak,79,1,1,0,3303
26-JUL-2007,51,Virginia,VA,15,1,Detection Monitoring (on-frame),,1,1,129,eastern white pine,1,0,3,1,9,1,Timberland,330,Virginia pine,72,1,1,0,4055
26-JUL-2007,51,Virginia,VA,15,1,Detection Monitoring (on-frame),,1,1,802,white oak,1,0,3,1,1,1,Timberland,330,Virginia pine,72,1,1,0,4055
26-JUL-2007,51,Virginia,VA,15,1,Detection Monitoring (on-frame),,1,1,837,black oak,1,0,3,1,2,1,Timberland,330,Virginia pine,72,1,1,0,4055
26-JUL-2007,51,Virginia,VA,15,1,Detection Monitoring (on-frame),,1,2,129,eastern white pine,1,0,3,1,2,1,Timberland,330,Virginia pine,72,1,1,0,4055
26-JUL-2007,51,Virginia,VA,15,1,Detection Monitoring (on-frame),,1,2,802,white oak,1,0,3,1,4,1,Timberland,330,Virginia pine,72,1,1,0,4055
26-JUL-2007,51,Virginia,VA,15,1,Detection Monitoring (on-frame),,1,2,833,northern red oak,1,0,3,1,1,1,Timberland,330,Virginia pine,72,1,1,0,4055
26-JUL-2007,51,Virginia,VA,15,1,Detection Monitoring (on-frame),,1,3,129,eastern white pine,1,0,3,1,4,1,Timberland,330,Virginia pine,72,1,1,0,4055
26-JUL-2007,51,Virginia,VA,15,1,Detection Monitoring (on-frame),,1,3,129,eastern white pine,1,0,3,2,1,1,Timberland,330,Virginia pine,72,1,1,0,4055
26-JUL-2007,51,Virginia,VA,15,1,Detection Monitoring (on-frame),,1,4,129,eastern white pine,1,0,3,1,6,1,Timberland,330,Virginia pine,72,1,1,0,4055
26-JUL-2007,51,Virginia,VA,15,1,Detection Monitoring (on-frame),,1,4,132,Virginia pine,1,0,3,2,1,1,Timberland,330,Virginia pine,72,1,1,0,4055
26-JUL-2007,51,Virginia,VA,15,1,Detection Monitoring (on-frame),,1,4,356,serviceberry,1,0,3,1,2,1,Timberland,330,Virginia pine,72,1,1,0,4055
26-JUL-2007,51,Virginia,VA,15,1,Detection Monitoring (on-frame),,1,4,802,white oak,1,0,3,1,3,1,Timberland,330,Virginia pine,72,1,1,0,4055
26-JUL-2007,51,Virginia,VA,15,1,Detection Monitoring (on-frame),,1,4,833,northern red oak,1,0,3,1,4,1,Timberland,330,Virginia pine,72,1,1,0,4055
26-JUL-2007,51,Virginia,VA,19,1,Detection Monitoring (on-frame),,1,1,316,red maple,1,0,3,1,8,1,Timberland,520,Chestnut oak,67,1,1,0,3279
26-JUL-2007,51,Virginia,VA,19,1,Detection Monitoring (on-frame),,1,1,356,serviceberry,1,0,3,1,2,1,Timberland,520,Chestnut oak,67,1,1,0,3279
26-JUL-2007,51,Virginia,VA,19,1,Detection Monitoring (on-frame),,1,1,544,green ash,1,0,3,1,1,1,Timberland,520,Chestnut oak,67,1,1,0,3279
26-JUL-2007,51,Virginia,VA,19,1,Detection Monitoring (on-frame),,1,1,701,eastern hophornbeam-,1,0,3,1,1,1,Timberland,520,Chestnut oak,67,1,1,0,3279
26-JUL-2007,51,Virginia,VA,19,1,Detection Monitoring (on-frame),,1,1,832,chestnut oak,1,0,3,1,4,1,Timberland,520,Chestnut oak,67,1,1,0,3279
26-JUL-2007,51,Virginia,VA,19,1,Detection Monitoring (on-frame),,1,1,833,northern red oak,1,0,3,1,1,1,Timberland,520,Chestnut oak,67,1,1,0,3279
26-JUL-2007,51,Virginia,VA,19,1,Detection Monitoring (on-frame),,1,2,832,chestnut oak,1,0,3,1,1,1,Timberland,520,Chestnut oak,67,1,1,0,3279
26-JUL-2007,51,Virginia,VA,19,1,Detection Monitoring (on-frame),,1,2,999,unknown,1,0,3,1,1,1,Timberland,520,Chestnut oak,67,1,1,0,3279
26-JUL-2007,51,Virginia,VA,19,1,Detection Monitoring (on-frame),,1,3,701,eastern hophornbeam-,1,0,3,1,35,1,Timberland,520,Chestnut oak,67,1,1,0,3279
26-JUL-2007,51,Virginia,VA,19,1,Detection Monitoring (on-frame),,1,4,316,red maple,1,0,3,1,2,1,Timberland,520,Chestnut oak,67,1,1,0,3279
26-JUL-2007,51,Virginia,VA,19,1,Detection Monitoring (on-frame),,1,4,999,unknown,1,0,3,1,2,1,Timberland,520,Chestnut oak,67,1,1,0,3279
26-JUL-2007,51,Virginia,VA,21,1,Detection Monitoring (on-frame),,1,1,356,serviceberry,1,0,3,1,3,1,Timberland,450,Virginia pine-southern red oak,63,1,1,0,3313
26-JUL-2007,51,Virginia,VA,21,1,Detection Monitoring (on-frame),,1,1,409,mockernut hickory,1,0,3,1,2,1,Timberland,450,Virginia pine-southern red oak,63,1,1,0,3313
26-JUL-2007,51,Virginia,VA,21,1,Detection Monitoring (on-frame),,1,1,422,Allegheny chinkapin,1,0,3,1,3,1,Timberland,450,Virginia pine-southern red oak,63,1,1,0,3313
26-JUL-2007,51,Virginia,VA,21,1,Detection Monitoring (on-frame),,1,1,802,white oak,1,0,3,2,2,1,Timberland,450,Virginia pine-southern red oak,63,1,1,0,3313
26-JUL-2007,51,Virginia,VA,21,1,Detection Monitoring (on-frame),,1,2,951,American basswood,1,0,3,1,3,1,Timberland,450,Virginia pine-southern red oak,63,1,1,0,3313
26-JUL-2007,51,Virginia,VA,21,1,Detection Monitoring (on-frame),,1,3,129,eastern white pine,1,0,3,1,1,1,Timberland,450,Virginia pine-southern red oak,63,1,1,0,3313
26-JUL-2007,51,Virginia,VA,21,1,Detection Monitoring (on-frame),,1,4,802,white oak,1,0,3,1,4,1,Timberland,450,Virginia pine-southern red oak,63,1,1,0,3313
26-JUL-2007,51,Virginia,VA,21,1,Detection Monitoring (on-frame),,1,4,833,northern red oak,1,0,3,2,1,1,Timberland,450,Virginia pine-southern red oak,63,1,1,0,3313
26-JUL-2007,51,Virginia,VA,27,1,Detection Monitoring (on-frame),,1,1,316,red maple,1,0,3,1,2,1,Timberland,530,White oak-red oak-hickory,69,1,1,0,3317
26-JUL-2007,51,Virginia,VA,27,1,Detection Monitoring (on-frame),,1,1,931,sassafras,1,0,3,1,3,1,Timberland,530,White oak-red oak-hickory,69,1,1,0,3317
26-JUL-2007,51,Virginia,VA,27,1,Detection Monitoring (on-frame),,1,2,316,red maple,1,0,3,1,1,1,Timberland,530,White oak-red oak-hickory,69,1,1,0,3317
26-JUL-2007,51,Virginia,VA,27,1,Detection Monitoring (on-frame),,1,2,837,black oak,1,0,3,1,3,1,Timberland,530,White oak-red oak-hickory,69,1,1,0,3317
26-JUL-2007,51,Virginia,VA,27,1,Detection Monitoring (on-frame),,1,2,931,sassafras,1,0,3,1,5,1,Timberland,530,White oak-red oak-hickory,69,1,1,0,3317
26-JUL-2007,51,Virginia,VA,27,1,Detection Monitoring (on-frame),,1,3,316,red maple,1,0,3,1,6,1,Timberland,530,White oak-red oak-hickory,69,1,1,0,3317
26-JUL-2007,51,Virginia,VA,27,1,Detection Monitoring (on-frame),,1,3,318,sugar maple,1,0,3,1,3,1,Timberland,530,White oak-red oak-hickory,69,1,1,0,3317
26-JUL-2007,51,Virginia,VA,27,1,Detection Monitoring (on-frame),,1,3,901,black locust,1,0,3,1,1,1,Timberland,530,White oak-red oak-hickory,69,1,1,0,3317
26-JUL-2007,51,Virginia,VA,27,1,Detection Monitoring (on-frame),,1,4,316,red maple,1,0,3,1,4,1,Timberland,530,White oak-red oak-hickory,69,1,1,0,3317
26-JUL-2007,51,Virginia,VA,27,1,Detection Monitoring (on-frame),,1,4,693,blackgum,1,0,3,1,1,1,Timberland,530,White oak-red oak-hickory,69,1,1,0,3317
26-JUL-2007,51,Virginia,VA,27,1,Detection Monitoring (on-frame),,1,4,931,sassafras,1,0,3,1,1,1,Timberland,530,White oak-red oak-hickory,69,1,1,0,3317
26-JUL-2007,51,Virginia,VA,27,1,Detection Monitoring (on-frame),,1,1,318,sugar maple,1,0,3,1,1,1,Timberland,530,White oak-red oak-hickory,75,1,1,0,3337
26-JUL-2007,51,Virginia,VA,27,1,Detection Monitoring (on-frame),,1,2,318,sugar maple,1,0,3,1,2,1,Timberland,530,White oak-red oak-hickory,75,1,1,0,3337
26-JUL-2007,51,Virginia,VA,27,1,Detection Monitoring (on-frame),,1,3,372,sweet birch,1,0,3,2,1,1,Timberland,530,White oak-red oak-hickory,75,1,1,0,3337
26-JUL-2007,51,Virginia,VA,27,1,Detection Monitoring (on-frame),,1,3,403,pignut hickory,1,0,3,1,1,1,Timberland,530,White oak-red oak-hickory,75,1,1,0,3337
26-JUL-2007,51,Virginia,VA,27,1,Detection Monitoring (on-frame),,1,4,372,sweet birch,1,0,3,1,2,1,Timberland,530,White oak-red oak-hickory,75,1,1,0,3337
26-JUL-2007,51,Virginia,VA,27,1,Detection Monitoring (on-frame),,1,4,409,mockernut hickory,1,0,3,1,1,1,Timberland,530,White oak-red oak-hickory,75,1,1,0,3337
26-JUL-2007,51,Virginia,VA,27,1,Detection Monitoring (on-frame),,1,4,471,eastern redbud,1,0,3,2,3,1,Timberland,530,White oak-red oak-hickory,75,1,1,0,3337
26-JUL-2007,51,Virginia,VA,27,1,Detection Monitoring (on-frame),,1,4,693,blackgum,1,0,3,1,1,1,Timberland,530,White oak-red oak-hickory,75,1,1,0,3337
26-JUL-2007,51,Virginia,VA,27,1,Detection Monitoring (on-frame),,1,4,837,black oak,1,0,3,2,1,1,Timberland,530,White oak-red oak-hickory,75,1,1,0,3337
26-JUL-2007,51,Virginia,VA,29,1,Detection Monitoring (on-frame),,1,1,316,red maple,1,0,3,1,13,1,Timberland,580,Black locust,19,1,2,0,3260
26-JUL-2007,51,Virginia,VA,29,1,Detection Monitoring (on-frame),,1,1,316,red maple,1,1,3,1,13,1,Timberland,580,Black locust,19,1,2,0,3260
26-JUL-2007,51,Virginia,VA,29,1,Detection Monitoring (on-frame),,1,1,471,eastern redbud,1,1,3,1,4,1,Timberland,580,Black locust,19,1,2,0,3260
26-JUL-2007,51,Virginia,VA,29,1,Detection Monitoring (on-frame),,1,1,531,American beech,1,0,3,1,2,1,Timberland,580,Black locust,19,1,2,0,3260
26-JUL-2007,51,Virginia,VA,29,1,Detection Monitoring (on-frame),,1,1,531,American beech,1,1,3,1,19,1,Timberland,580,Black locust,19,1,2,0,3260
26-JUL-2007,51,Virginia,VA,29,1,Detection Monitoring (on-frame),,1,1,611,sweetgum,1,1,3,1,5,1,Timberland,580,Black locust,19,1,2,0,3260
26-JUL-2007,51,Virginia,VA,29,1,Detection Monitoring (on-frame),,1,2,491,flowering dogwood,1,0,3,1,2,1,Timberland,580,Black locust,19,1,2,0,3260
26-JUL-2007,51,Virginia,VA,29,1,Detection Monitoring (on-frame),,1,2,521,common persimmon,1,0,3,1,1,1,Timberland,580,Black locust,19,1,2,0,3260
26-JUL-2007,51,Virginia,VA,29,1,Detection Monitoring (on-frame),,1,2,531,American beech,1,0,3,1,1,1,Timberland,580,Black locust,19,1,2,0,3260
26-JUL-2007,51,Virginia,VA,29,1,Detection Monitoring (on-frame),,1,2,611,sweetgum,1,0,3,1,1,1,Timberland,580,Black locust,19,1,2,0,3260
26-JUL-2007,51,Virginia,VA,29,1,Detection Monitoring (on-frame),,1,2,762,black cherry,1,0,3,1,4,1,Timberland,580,Black locust,19,1,2,0,3260
26-JUL-2007,51,Virginia,VA,29,1,Detection Monitoring (on-frame),,1,2,837,black oak,1,1,3,1,1,1,Timberland,580,Black locust,19,1,2,0,3260
26-JUL-2007,51,Virginia,VA,31,1,Detection Monitoring (on-frame),,1,1,761,pin cherry,1,0,3,1,2,1,Timberland,330,Virginia pine,40,1,2,0,3274
26-JUL-2007,51,Virginia,VA,31,1,Detection Monitoring (on-frame),,1,1,837,black oak,1,0,3,1,3,1,Timberland,330,Virginia pine,40,1,2,0,3274
26-JUL-2007,51,Virginia,VA,31,1,Detection Monitoring (on-frame),,1,3,541,white ash,1,0,3,1,1,1,Timberland,330,Virginia pine,40,1,2,0,3274
26-JUL-2007,51,Virginia,VA,31,1,Detection Monitoring (on-frame),,1,3,762,black cherry,1,0,3,1,2,1,Timberland,330,Virginia pine,40,1,2,0,3274
26-JUL-2007,51,Virginia,VA,31,1,Detection Monitoring (on-frame),,1,4,68,eastern redcedar,1,0,3,1,1,1,Timberland,330,Virginia pine,40,1,2,0,3274
26-JUL-2007,51,Virginia,VA,31,1,Detection Monitoring (on-frame),,1,4,316,red maple,1,0,3,1,3,1,Timberland,330,Virginia pine,40,1,2,0,3274
26-JUL-2007,51,Virginia,VA,31,1,Detection Monitoring (on-frame),,1,4,491,flowering dogwood,1,0,3,1,2,1,Timberland,330,Virginia pine,40,1,2,0,3274
26-JUL-2007,51,Virginia,VA,31,1,Detection Monitoring (on-frame),,1,4,837,black oak,1,0,3,1,1,1,Timberland,330,Virginia pine,40,1,2,0,3274
26-JUL-2007,51,Virginia,VA,31,1,Detection Monitoring (on-frame),,1,4,931,sassafras,1,0,3,1,1,1,Timberland,330,Virginia pine,40,1,2,0,3274
26-JUL-2007,51,Virginia,VA,31,1,Detection Monitoring (on-frame),,1,1,403,pignut hickory,1,0,3,1,2,1,Timberland,530,White oak-red oak-hickory,64,1,1,0,3276
26-JUL-2007,51,Virginia,VA,31,1,Detection Monitoring (on-frame),,1,1,491,flowering dogwood,1,0,3,1,1,1,Timberland,530,White oak-red oak-hickory,64,1,1,0,3276
26-JUL-2007,51,Virginia,VA,31,1,Detection Monitoring (on-frame),,1,1,621,yellow-poplar,1,0,3,1,1,1,Timberland,530,White oak-red oak-hickory,64,1,1,0,3276
26-JUL-2007,51,Virginia,VA,31,1,Detection Monitoring (on-frame),,1,1,760,cherry- plum sp.,1,0,3,1,1,1,Timberland,530,White oak-red oak-hickory,64,1,1,0,3276
26-JUL-2007,51,Virginia,VA,31,1,Detection Monitoring (on-frame),,1,2,316,red maple,1,0,3,1,1,1,Timberland,530,White oak-red oak-hickory,64,1,1,0,3276
26-JUL-2007,51,Virginia,VA,31,1,Detection Monitoring (on-frame),,1,2,491,flowering dogwood,1,0,3,1,1,1,Timberland,530,White oak-red oak-hickory,64,1,1,0,3276
26-JUL-2007,51,Virginia,VA,31,1,Detection Monitoring (on-frame),,1,2,693,blackgum,1,0,3,1,7,1,Timberland,530,White oak-red oak-hickory,64,1,1,0,3276
26-JUL-2007,51,Virginia,VA,31,1,Detection Monitoring (on-frame),,1,2,762,black cherry,1,0,3,1,7,1,Timberland,530,White oak-red oak-hickory,64,1,1,0,3276
26-JUL-2007,51,Virginia,VA,31,1,Detection Monitoring (on-frame),,1,3,316,red maple,1,0,3,1,2,1,Timberland,530,White oak-red oak-hickory,64,1,1,0,3276
26-JUL-2007,51,Virginia,VA,33,1,Detection Monitoring (on-frame),,1,1,131,loblolly pine,1,0,3,1,1,1,Timberland,562,Sweetgum-yellow-popular,8,1,3,0,4012
26-JUL-2007,51,Virginia,VA,33,1,Detection Monitoring (on-frame),,1,1,621,yellow-poplar,1,0,3,1,17,1,Timberland,562,Sweetgum-yellow-popular,8,1,3,0,4012
26-JUL-2007,51,Virginia,VA,33,1,Detection Monitoring (on-frame),,1,1,621,yellow-poplar,1,0,3,2,1,1,Timberland,562,Sweetgum-yellow-popular,8,1,3,0,4012
26-JUL-2007,51,Virginia,VA,33,1,Detection Monitoring (on-frame),,1,1,621,yellow-poplar,1,1,3,1,2,1,Timberland,562,Sweetgum-yellow-popular,8,1,3,0,4012
26-JUL-2007,51,Virginia,VA,33,1,Detection Monitoring (on-frame),,1,1,802,white oak,1,0,3,1,13,1,Timberland,562,Sweetgum-yellow-popular,8,1,3,0,4012
26-JUL-2007,51,Virginia,VA,33,1,Detection Monitoring (on-frame),,1,1,802,white oak,1,0,3,2,1,1,Timberland,562,Sweetgum-yellow-popular,8,1,3,0,4012
26-JUL-2007,51,Virginia,VA,33,1,Detection Monitoring (on-frame),,1,1,802,white oak,1,1,3,1,1,1,Timberland,562,Sweetgum-yellow-popular,8,1,3,0,4012
26-JUL-2007,51,Virginia,VA,33,1,Detection Monitoring (on-frame),,1,2,316,red maple,1,0,3,1,3,1,Timberland,562,Sweetgum-yellow-popular,8,1,3,0,4012
26-JUL-2007,51,Virginia,VA,33,1,Detection Monitoring (on-frame),,1,2,621,yellow-poplar,1,0,3,1,28,1,Timberland,562,Sweetgum-yellow-popular,8,1,3,0,4012
26-JUL-2007,51,Virginia,VA,33,1,Detection Monitoring (on-frame),,1,2,621,yellow-poplar,1,0,3,2,2,1,Timberland,562,Sweetgum-yellow-popular,8,1,3,0,4012
26-JUL-2007,51,Virginia,VA,33,1,Detection Monitoring (on-frame),,1,2,693,blackgum,1,0,3,1,1,1,Timberland,562,Sweetgum-yellow-popular,8,1,3,0,4012
26-JUL-2007,51,Virginia,VA,33,1,Detection Monitoring (on-frame),,1,2,762,black cherry,1,0,3,2,1,1,Timberland,562,Sweetgum-yellow-popular,8,1,3,0,4012
26-JUL-2007,51,Virginia,VA,33,1,Detection Monitoring (on-frame),,1,2,802,white oak,1,0,3,1,2,1,Timberland,562,Sweetgum-yellow-popular,8,1,3,0,4012
26-JUL-2007,51,Virginia,VA,33,1,Detection Monitoring (on-frame),,1,2,832,chestnut oak,1,0,3,2,1,1,Timberland,562,Sweetgum-yellow-popular,8,1,3,0,4012
26-JUL-2007,51,Virginia,VA,33,1,Detection Monitoring (on-frame),,1,2,837,black oak,1,0,3,1,1,1,Timberland,562,Sweetgum-yellow-popular,8,1,3,0,4012
26-JUL-2007,51,Virginia,VA,33,1,Detection Monitoring (on-frame),,1,4,68,eastern redcedar,2,0,3,1,2,1,Timberland,310,Loblolly pine,24,2,2,0,4012
26-JUL-2007,51,Virginia,VA,33,1,Detection Monitoring (on-frame),,1,4,531,American beech,2,0,3,1,1,1,Timberland,310,Loblolly pine,24,2,2,0,4012
26-JUL-2007,51,Virginia,VA,33,1,Detection Monitoring (on-frame),,1,4,591,American holly,2,0,3,1,4,1,Timberland,310,Loblolly pine,24,2,2,0,4012
26-JUL-2007,51,Virginia,VA,33,1,Detection Monitoring (on-frame),,1,4,591,American holly,2,0,3,2,1,1,Timberland,310,Loblolly pine,24,2,2,0,4012
26-JUL-2007,51,Virginia,VA,33,1,Detection Monitoring (on-frame),,1,4,621,yellow-poplar,2,0,3,1,1,1,Timberland,310,Loblolly pine,24,2,2,0,4012
26-JUL-2007,51,Virginia,VA,33,1,Detection Monitoring (on-frame),,1,4,621,yellow-poplar,2,0,3,2,1,1,Timberland,310,Loblolly pine,24,2,2,0,4012
26-JUL-2007,51,Virginia,VA,33,1,Detection Monitoring (on-frame),,1,3,531,American beech,1,0,3,1,1,1,Timberland,562,Sweetgum-yellow-popular,53,1,1,0,4013
26-JUL-2007,51,Virginia,VA,36,1,Detection Monitoring (on-frame),,1,1,68,eastern redcedar,1,0,3,1,1,1,Timberland,562,Sweetgum-yellow-popular,23,1,2,0,3237
26-JUL-2007,51,Virginia,VA,36,1,Detection Monitoring (on-frame),,1,1,131,loblolly pine,1,0,3,1,2,1,Timberland,562,Sweetgum-yellow-popular,23,1,2,0,3237
26-JUL-2007,51,Virginia,VA,36,1,Detection Monitoring (on-frame),,1,1,833,northern red oak,1,0,3,1,1,1,Timberland,562,Sweetgum-yellow-popular,23,1,2,0,3237
26-JUL-2007,51,Virginia,VA,36,1,Detection Monitoring (on-frame),,1,1,837,black oak,1,0,3,1,2,1,Timberland,562,Sweetgum-yellow-popular,23,1,2,0,3237
26-JUL-2007,51,Virginia,VA,36,1,Detection Monitoring (on-frame),,1,2,316,red maple,2,0,3,1,8,1,Timberland,310,Loblolly pine,11,2,2,0,3237
26-JUL-2007,51,Virginia,VA,36,1,Detection Monitoring (on-frame),,1,2,356,serviceberry,2,0,3,1,2,1,Timberland,310,Loblolly pine,11,2,2,0,3237
26-JUL-2007,51,Virginia,VA,36,1,Detection Monitoring (on-frame),,1,2,611,sweetgum,2,0,3,1,6,1,Timberland,310,Loblolly pine,11,2,2,0,3237
26-JUL-2007,51,Virginia,VA,36,1,Detection Monitoring (on-frame),,1,3,68,eastern redcedar,1,0,3,1,3,1,Timberland,562,Sweetgum-yellow-popular,23,1,2,0,3237
26-JUL-2007,51,Virginia,VA,36,1,Detection Monitoring (on-frame),,1,3,131,loblolly pine,1,0,3,1,2,1,Timberland,562,Sweetgum-yellow-popular,23,1,2,0,3237
26-JUL-2007,51,Virginia,VA,36,1,Detection Monitoring (on-frame),,1,3,356,serviceberry,1,0,3,1,1,1,Timberland,562,Sweetgum-yellow-popular,23,1,2,0,3237
26-JUL-2007,51,Virginia,VA,36,1,Detection Monitoring (on-frame),,1,3,531,American beech,1,0,3,1,2,1,Timberland,562,Sweetgum-yellow-popular,23,1,2,0,3237
26-JUL-2007,51,Virginia,VA,36,1,Detection Monitoring (on-frame),,1,3,591,American holly,1,0,3,1,3,1,Timberland,562,Sweetgum-yellow-popular,23,1,2,0,3237
26-JUL-2007,51,Virginia,VA,36,1,Detection Monitoring (on-frame),,1,3,762,black cherry,1,0,3,1,5,1,Timberland,562,Sweetgum-yellow-popular,23,1,2,0,3237
26-JUL-2007,51,Virginia,VA,36,1,Detection Monitoring (on-frame),,1,3,827,water oak,1,0,3,1,4,1,Timberland,562,Sweetgum-yellow-popular,23,1,2,0,3237
26-JUL-2007,51,Virginia,VA,36,1,Detection Monitoring (on-frame),,1,3,837,black oak,1,0,3,1,1,1,Timberland,562,Sweetgum-yellow-popular,23,1,2,0,3237
26-JUL-2007,51,Virginia,VA,45,1,Detection Monitoring (on-frame),,1,1,693,blackgum,1,0,3,1,2,1,Timberland,520,Chestnut oak,63,1,2,0,3297
26-JUL-2007,51,Virginia,VA,45,1,Detection Monitoring (on-frame),,1,1,693,blackgum,1,0,3,3,1,1,Timberland,520,Chestnut oak,63,1,2,0,3297
26-JUL-2007,51,Virginia,VA,45,1,Detection Monitoring (on-frame),,1,1,837,black oak,1,0,3,1,2,1,Timberland,520,Chestnut oak,63,1,2,0,3297
26-JUL-2007,51,Virginia,VA,45,1,Detection Monitoring (on-frame),,1,2,421,American chestnut,1,0,3,1,2,1,Timberland,520,Chestnut oak,63,1,2,0,3297
26-JUL-2007,51,Virginia,VA,45,1,Detection Monitoring (on-frame),,1,2,837,black oak,1,0,3,1,3,1,Timberland,520,Chestnut oak,63,1,2,0,3297
26-JUL-2007,51,Virginia,VA,45,1,Detection Monitoring (on-frame),,1,3,837,black oak,1,0,3,1,3,1,Timberland,520,Chestnut oak,63,1,2,0,3297
26-JUL-2007,51,Virginia,VA,45,1,Detection Monitoring (on-frame),,1,4,693,blackgum,1,0,3,1,1,1,Timberland,520,Chestnut oak,63,1,2,0,3297
26-JUL-2007,51,Virginia,VA,45,1,Detection Monitoring (on-frame),,1,4,837,black oak,1,0,3,1,11,1,Timberland,520,Chestnut oak,63,1,2,0,3297
26-JUL-2007,51,Virginia,VA,49,1,Detection Monitoring (on-frame),,1,2,313,boxelder,1,0,3,1,1,1,Timberland,562,Sweetgum-yellow-popular,28,1,2,0,3263
26-JUL-2007,51,Virginia,VA,49,1,Detection Monitoring (on-frame),,1,2,313,boxelder,1,0,3,2,1,1,Timberland,562,Sweetgum-yellow-popular,28,1,2,0,3263
26-JUL-2007,51,Virginia,VA,51,1,Detection Monitoring (on-frame),,1,2,403,pignut hickory,2,0,3,1,1,1,Timberland,530,White oak-red oak-hickory,66,1,1,0,2809
26-JUL-2007,51,Virginia,VA,51,1,Detection Monitoring (on-frame),,1,2,901,black locust,2,0,3,2,2,1,Timberland,530,White oak-red oak-hickory,66,1,1,0,2809
26-JUL-2007,51,Virginia,VA,51,1,Detection Monitoring (on-frame),,1,4,318,sugar maple,3,0,3,1,1,1,Timberland,998,Indeterminate,48,1,1,0,2809
26-JUL-2007,51,Virginia,VA,53,1,Detection Monitoring (on-frame),,1,1,316,red maple,1,0,3,1,8,1,Timberland,310,Loblolly pine,15,2,2,0,3232
26-JUL-2007,51,Virginia,VA,53,1,Detection Monitoring (on-frame),,1,1,403,pignut hickory,1,0,3,1,2,1,Timberland,310,Loblolly pine,15,2,2,0,3232
26-JUL-2007,51,Virginia,VA,53,1,Detection Monitoring (on-frame),,1,1,491,flowering dogwood,1,0,3,1,15,1,Timberland,310,Loblolly pine,15,2,2,0,3232
26-JUL-2007,51,Virginia,VA,53,1,Detection Monitoring (on-frame),,1,1,693,blackgum,1,0,3,2,1,1,Timberland,310,Loblolly pine,15,2,2,0,3232
26-JUL-2007,51,Virginia,VA,53,1,Detection Monitoring (on-frame),,1,1,837,black oak,1,0,3,1,2,1,Timberland,310,Loblolly pine,15,2,2,0,3232
26-JUL-2007,51,Virginia,VA,53,1,Detection Monitoring (on-frame),,1,2,611,sweetgum,1,1,3,1,5,1,Timberland,310,Loblolly pine,15,2,2,0,3232
26-JUL-2007,51,Virginia,VA,53,1,Detection Monitoring (on-frame),,1,2,621,yellow-poplar,1,1,3,1,2,1,Timberland,310,Loblolly pine,15,2,2,0,3232
26-JUL-2007,51,Virginia,VA,53,1,Detection Monitoring (on-frame),,1,2,802,white oak,1,0,3,1,2,1,Timberland,310,Loblolly pine,15,2,2,0,3232
26-JUL-2007,51,Virginia,VA,53,1,Detection Monitoring (on-frame),,1,2,837,black oak,1,1,3,1,5,1,Timberland,310,Loblolly pine,15,2,2,0,3232
26-JUL-2007,51,Virginia,VA,53,1,Detection Monitoring (on-frame),,1,3,409,mockernut hickory,1,0,3,1,1,1,Timberland,310,Loblolly pine,15,2,2,0,3232
26-JUL-2007,51,Virginia,VA,53,1,Detection Monitoring (on-frame),,1,3,491,flowering dogwood,1,0,3,1,1,1,Timberland,310,Loblolly pine,15,2,2,0,3232
26-JUL-2007,51,Virginia,VA,53,1,Detection Monitoring (on-frame),,1,3,611,sweetgum,1,0,3,1,10,1,Timberland,310,Loblolly pine,15,2,2,0,3232
26-JUL-2007,51,Virginia,VA,53,1,Detection Monitoring (on-frame),,1,3,621,yellow-poplar,1,1,3,1,3,1,Timberland,310,Loblolly pine,15,2,2,0,3232
26-JUL-2007,51,Virginia,VA,53,1,Detection Monitoring (on-frame),,1,3,831,willow oak,1,1,3,1,1,1,Timberland,310,Loblolly pine,15,2,2,0,3232
26-JUL-2007,51,Virginia,VA,53,1,Detection Monitoring (on-frame),,1,4,491,flowering dogwood,1,0,3,1,1,1,Timberland,310,Loblolly pine,15,2,2,0,3232
26-JUL-2007,51,Virginia,VA,53,1,Detection Monitoring (on-frame),,1,4,621,yellow-poplar,1,0,3,1,6,1,Timberland,310,Loblolly pine,15,2,2,0,3232
26-JUL-2007,51,Virginia,VA,53,1,Detection Monitoring (on-frame),,1,4,802,white oak,1,0,3,1,2,1,Timberland,310,Loblolly pine,15,2,2,0,3232
26-JUL-2007,51,Virginia,VA,65,1,Detection Monitoring (on-frame),,1,1,403,pignut hickory,1,0,3,1,1,1,Timberland,450,Virginia pine-southern red oak,50,1,2,0,3270
26-JUL-2007,51,Virginia,VA,65,1,Detection Monitoring (on-frame),,1,1,409,mockernut hickory,1,0,3,1,1,1,Timberland,450,Virginia pine-southern red oak,50,1,2,0,3270
26-JUL-2007,51,Virginia,VA,65,1,Detection Monitoring (on-frame),,1,1,802,white oak,1,0,3,1,1,1,Timberland,450,Virginia pine-southern red oak,50,1,2,0,3270
26-JUL-2007,51,Virginia,VA,65,1,Detection Monitoring (on-frame),,1,2,316,red maple,1,0,3,1,2,1,Timberland,450,Virginia pine-southern red oak,50,1,2,0,3270
26-JUL-2007,51,Virginia,VA,65,1,Detection Monitoring (on-frame),,1,2,316,red maple,1,0,3,2,2,1,Timberland,450,Virginia pine-southern red oak,50,1,2,0,3270
26-JUL-2007,51,Virginia,VA,65,1,Detection Monitoring (on-frame),,1,3,316,red maple,1,0,3,1,6,1,Timberland,450,Virginia pine-southern red oak,50,1,2,0,3270
26-JUL-2007,51,Virginia,VA,65,1,Detection Monitoring (on-frame),,1,3,403,pignut hickory,1,0,3,1,1,1,Timberland,450,Virginia pine-southern red oak,50,1,2,0,3270
26-JUL-2007,51,Virginia,VA,65,1,Detection Monitoring (on-frame),,1,3,802,white oak,1,0,3,1,1,1,Timberland,450,Virginia pine-southern red oak,50,1,2,0,3270
26-JUL-2007,51,Virginia,VA,65,1,Detection Monitoring (on-frame),,1,3,833,northern red oak,1,0,3,1,1,1,Timberland,450,Virginia pine-southern red oak,50,1,2,0,3270
26-JUL-2007,51,Virginia,VA,65,1,Detection Monitoring (on-frame),,1,3,837,black oak,1,0,3,1,2,1,Timberland,450,Virginia pine-southern red oak,50,1,2,0,3270
26-JUL-2007,51,Virginia,VA,65,1,Detection Monitoring (on-frame),,1,4,693,blackgum,1,0,3,1,3,1,Timberland,450,Virginia pine-southern red oak,50,1,2,0,3270
26-JUL-2007,51,Virginia,VA,65,1,Detection Monitoring (on-frame),,1,4,833,northern red oak,1,0,3,1,2,1,Timberland,450,Virginia pine-southern red oak,50,1,2,0,3270
26-JUL-2007,51,Virginia,VA,69,1,Detection Monitoring (on-frame),,1,1,316,red maple,1,0,3,1,1,1,Timberland,520,Chestnut oak,98,1,1,0,4806
26-JUL-2007,51,Virginia,VA,69,1,Detection Monitoring (on-frame),,1,1,409,mockernut hickory,1,0,3,1,1,1,Timberland,520,Chestnut oak,98,1,1,0,4806
26-JUL-2007,51,Virginia,VA,69,1,Detection Monitoring (on-frame),,1,1,762,black cherry,1,0,3,1,1,1,Timberland,520,Chestnut oak,98,1,1,0,4806
26-JUL-2007,51,Virginia,VA,69,1,Detection Monitoring (on-frame),,1,1,832,chestnut oak,1,0,3,1,6,1,Timberland,520,Chestnut oak,98,1,1,0,4806
26-JUL-2007,51,Virginia,VA,69,1,Detection Monitoring (on-frame),,1,2,316,red maple,1,0,3,1,3,1,Timberland,520,Chestnut oak,98,1,1,0,4806
26-JUL-2007,51,Virginia,VA,69,1,Detection Monitoring (on-frame),,1,2,491,flowering dogwood,1,0,3,1,1,1,Timberland,520,Chestnut oak,98,1,1,0,4806
26-JUL-2007,51,Virginia,VA,69,1,Detection Monitoring (on-frame),,1,2,832,chestnut oak,1,0,3,1,18,1,Timberland,520,Chestnut oak,98,1,1,0,4806
26-JUL-2007,51,Virginia,VA,69,1,Detection Monitoring (on-frame),,1,3,421,American chestnut,1,0,3,1,1,1,Timberland,520,Chestnut oak,98,1,1,0,4806
26-JUL-2007,51,Virginia,VA,69,1,Detection Monitoring (on-frame),,1,4,316,red maple,1,0,3,1,2,1,Timberland,520,Chestnut oak,98,1,1,0,4806
26-JUL-2007,51,Virginia,VA,69,1,Detection Monitoring (on-frame),,1,4,409,mockernut hickory,1,0,3,1,1,1,Timberland,520,Chestnut oak,98,1,1,0,4806
26-JUL-2007,51,Virginia,VA,69,1,Detection Monitoring (on-frame),,1,4,421,American chestnut,1,0,3,1,4,1,Timberland,520,Chestnut oak,98,1,1,0,4806
26-JUL-2007,51,Virginia,VA,69,1,Detection Monitoring (on-frame),,1,4,931,sassafras,1,0,3,1,1,1,Timberland,520,Chestnut oak,98,1,1,0,4806
26-JUL-2007,51,Virginia,VA,69,1,Detection Monitoring (on-frame),,1,4,999,unknown,1,0,3,1,1,1,Timberland,520,Chestnut oak,98,1,1,0,4806
26-JUL-2007,51,Virginia,VA,77,1,Detection Monitoring (on-frame),,1,4,409,mockernut hickory,1,0,3,3,1,1,Timberland,560,Yellow-poplar-white oak-n. red oak,45,1,2,0,2786
26-JUL-2007,51,Virginia,VA,83,1,Detection Monitoring (on-frame),,1,1,131,loblolly pine,1,0,3,1,1,1,Timberland,560,Yellow-poplar-white oak-n. red oak,69,1,1,0,2731
26-JUL-2007,51,Virginia,VA,83,1,Detection Monitoring (on-frame),,1,1,403,pignut hickory,1,0,3,1,1,1,Timberland,560,Yellow-poplar-white oak-n. red oak,69,1,1,0,2731
26-JUL-2007,51,Virginia,VA,83,1,Detection Monitoring (on-frame),,1,1,611,sweetgum,1,0,3,1,1,1,Timberland,560,Yellow-poplar-white oak-n. red oak,69,1,1,0,2731
26-JUL-2007,51,Virginia,VA,83,1,Detection Monitoring (on-frame),,1,1,762,black cherry,1,0,3,1,1,1,Timberland,560,Yellow-poplar-white oak-n. red oak,69,1,1,0,2731
26-JUL-2007,51,Virginia,VA,83,1,Detection Monitoring (on-frame),,1,2,544,green ash,1,0,3,1,5,1,Timberland,560,Yellow-poplar-white oak-n. red oak,69,1,1,0,2731
26-JUL-2007,51,Virginia,VA,83,1,Detection Monitoring (on-frame),,1,3,131,loblolly pine,2,1,4,1,1,1,Timberland,560,Yellow-poplar-white oak-n. red oak,1,1,3,0,2731
26-JUL-2007,51,Virginia,VA,83,1,Detection Monitoring (on-frame),,1,3,403,pignut hickory,2,1,4,1,1,1,Timberland,560,Yellow-poplar-white oak-n. red oak,1,1,3,0,2731
26-JUL-2007,51,Virginia,VA,83,1,Detection Monitoring (on-frame),,1,3,611,sweetgum,2,1,4,1,1,1,Timberland,560,Yellow-poplar-white oak-n. red oak,1,1,3,0,2731
26-JUL-2007,51,Virginia,VA,83,1,Detection Monitoring (on-frame),,1,3,762,black cherry,2,1,4,1,1,1,Timberland,560,Yellow-poplar-white oak-n. red oak,1,1,3,0,2731
26-JUL-2007,51,Virginia,VA,97,1,Detection Monitoring (on-frame),,1,1,531,American beech,1,0,3,1,1,1,Timberland,460,Loblolly pine-hardwood,38,1,1,0,3227
26-JUL-2007,51,Virginia,VA,97,1,Detection Monitoring (on-frame),,1,2,531,American beech,1,0,3,1,1,1,Timberland,460,Loblolly pine-hardwood,38,1,1,0,3227
26-JUL-2007,51,Virginia,VA,97,1,Detection Monitoring (on-frame),,1,3,591,American holly,1,0,3,1,1,1,Timberland,460,Loblolly pine-hardwood,38,1,1,0,3227
26-JUL-2007,51,Virginia,VA,97,1,Detection Monitoring (on-frame),,1,4,391,American hornbeam-,1,0,3,1,1,1,Timberland,460,Loblolly pine-hardwood,38,1,1,0,3227
26-JUL-2007,51,Virginia,VA,97,1,Detection Monitoring (on-frame),,1,4,531,American beech,1,0,3,3,1,1,Timberland,460,Loblolly pine-hardwood,38,1,1,0,3227
26-JUL-2007,51,Virginia,VA,109,1,Detection Monitoring (on-frame),,1,1,316,red maple,1,0,3,1,6,1,Timberland,560,Yellow-poplar-white oak-n. red oak,68,1,1,0,3251
26-JUL-2007,51,Virginia,VA,109,1,Detection Monitoring (on-frame),,1,1,391,American hornbeam-,1,0,3,1,1,1,Timberland,560,Yellow-poplar-white oak-n. red oak,68,1,1,0,3251
26-JUL-2007,51,Virginia,VA,109,1,Detection Monitoring (on-frame),,1,1,409,mockernut hickory,1,0,3,1,6,1,Timberland,560,Yellow-poplar-white oak-n. red oak,68,1,1,0,3251
26-JUL-2007,51,Virginia,VA,109,1,Detection Monitoring (on-frame),,1,1,409,mockernut hickory,1,0,3,2,2,1,Timberland,560,Yellow-poplar-white oak-n. red oak,68,1,1,0,3251
26-JUL-2007,51,Virginia,VA,109,1,Detection Monitoring (on-frame),,1,1,491,flowering dogwood,1,0,3,1,1,1,Timberland,560,Yellow-poplar-white oak-n. red oak,68,1,1,0,3251
26-JUL-2007,51,Virginia,VA,109,1,Detection Monitoring (on-frame),,1,1,531,American beech,1,0,3,1,3,1,Timberland,560,Yellow-poplar-white oak-n. red oak,68,1,1,0,3251
26-JUL-2007,51,Virginia,VA,109,1,Detection Monitoring (on-frame),,1,1,611,sweetgum,1,0,3,1,2,1,Timberland,560,Yellow-poplar-white oak-n. red oak,68,1,1,0,3251
26-JUL-2007,51,Virginia,VA,109,1,Detection Monitoring (on-frame),,1,1,802,white oak,1,0,3,1,2,1,Timberland,560,Yellow-poplar-white oak-n. red oak,68,1,1,0,3251
26-JUL-2007,51,Virginia,VA,109,1,Detection Monitoring (on-frame),,1,2,403,pignut hickory,1,0,3,1,1,1,Timberland,560,Yellow-poplar-white oak-n. red oak,68,1,1,0,3251
26-JUL-2007,51,Virginia,VA,109,1,Detection Monitoring (on-frame),,1,2,491,flowering dogwood,1,0,3,1,1,1,Timberland,560,Yellow-poplar-white oak-n. red oak,68,1,1,0,3251
26-JUL-2007,51,Virginia,VA,109,1,Detection Monitoring (on-frame),,1,2,491,flowering dogwood,1,0,3,3,1,1,Timberland,560,Yellow-poplar-white oak-n. red oak,68,1,1,0,3251
26-JUL-2007,51,Virginia,VA,109,1,Detection Monitoring (on-frame),,1,2,531,American beech,1,0,3,1,2,1,Timberland,560,Yellow-poplar-white oak-n. red oak,68,1,1,0,3251
26-JUL-2007,51,Virginia,VA,109,1,Detection Monitoring (on-frame),,1,2,611,sweetgum,1,0,3,1,6,1,Timberland,560,Yellow-poplar-white oak-n. red oak,68,1,1,0,3251
26-JUL-2007,51,Virginia,VA,109,1,Detection Monitoring (on-frame),,1,2,693,blackgum,1,0,3,1,1,1,Timberland,560,Yellow-poplar-white oak-n. red oak,68,1,1,0,3251
26-JUL-2007,51,Virginia,VA,109,1,Detection Monitoring (on-frame),,1,2,711,sourwood,1,0,3,1,2,1,Timberland,560,Yellow-poplar-white oak-n. red oak,68,1,1,0,3251
26-JUL-2007,51,Virginia,VA,109,1,Detection Monitoring (on-frame),,1,3,131,loblolly pine,1,0,3,1,1,1,Timberland,560,Yellow-poplar-white oak-n. red oak,68,1,1,0,3251
26-JUL-2007,51,Virginia,VA,109,1,Detection Monitoring (on-frame),,1,3,316,red maple,1,0,3,1,1,1,Timberland,560,Yellow-poplar-white oak-n. red oak,68,1,1,0,3251
26-JUL-2007,51,Virginia,VA,109,1,Detection Monitoring (on-frame),,1,3,531,American beech,1,0,3,1,6,1,Timberland,560,Yellow-poplar-white oak-n. red oak,68,1,1,0,3251
26-JUL-2007,51,Virginia,VA,109,1,Detection Monitoring (on-frame),,1,3,591,American holly,1,0,3,1,1,1,Timberland,560,Yellow-poplar-white oak-n. red oak,68,1,1,0,3251
26-JUL-2007,51,Virginia,VA,109,1,Detection Monitoring (on-frame),,1,3,621,yellow-poplar,1,0,3,1,1,1,Timberland,560,Yellow-poplar-white oak-n. red oak,68,1,1,0,3251
26-JUL-2007,51,Virginia,VA,109,1,Detection Monitoring (on-frame),,1,3,682,red mulberry,1,0,3,1,6,1,Timberland,560,Yellow-poplar-white oak-n. red oak,68,1,1,0,3251
26-JUL-2007,51,Virginia,VA,109,1,Detection Monitoring (on-frame),,1,3,762,black cherry,1,0,3,1,2,1,Timberland,560,Yellow-poplar-white oak-n. red oak,68,1,1,0,3251
26-JUL-2007,51,Virginia,VA,109,1,Detection Monitoring (on-frame),,1,3,837,black oak,1,0,3,1,1,1,Timberland,560,Yellow-poplar-white oak-n. red oak,68,1,1,0,3251
26-JUL-2007,51,Virginia,VA,109,1,Detection Monitoring (on-frame),,1,3,931,sassafras,1,0,3,1,2,1,Timberland,560,Yellow-poplar-white oak-n. red oak,68,1,1,0,3251
26-JUL-2007,51,Virginia,VA,109,1,Detection Monitoring (on-frame),,1,4,316,red maple,2,0,3,1,7,1,Timberland,330,Virginia pine,68,1,1,0,3251
26-JUL-2007,51,Virginia,VA,109,1,Detection Monitoring (on-frame),,1,4,391,American hornbeam-,2,0,3,1,1,1,Timberland,330,Virginia pine,68,1,1,0,3251
26-JUL-2007,51,Virginia,VA,109,1,Detection Monitoring (on-frame),,1,4,403,pignut hickory,2,0,3,1,1,1,Timberland,330,Virginia pine,68,1,1,0,3251
26-JUL-2007,51,Virginia,VA,109,1,Detection Monitoring (on-frame),,1,4,409,mockernut hickory,2,0,3,1,2,1,Timberland,330,Virginia pine,68,1,1,0,3251
26-JUL-2007,51,Virginia,VA,109,1,Detection Monitoring (on-frame),,1,4,531,American beech,2,0,3,1,17,1,Timberland,330,Virginia pine,68,1,1,0,3251
26-JUL-2007,51,Virginia,VA,109,1,Detection Monitoring (on-frame),,1,4,591,American holly,2,0,3,1,1,1,Timberland,330,Virginia pine,68,1,1,0,3251
26-JUL-2007,51,Virginia,VA,109,1,Detection Monitoring (on-frame),,1,4,611,sweetgum,2,0,3,1,2,1,Timberland,330,Virginia pine,68,1,1,0,3251
26-JUL-2007,51,Virginia,VA,109,1,Detection Monitoring (on-frame),,1,4,693,blackgum,2,0,3,1,1,1,Timberland,330,Virginia pine,68,1,1,0,3251
26-JUL-2007,51,Virginia,VA,109,1,Detection Monitoring (on-frame),,1,4,802,white oak,2,0,3,1,8,1,Timberland,330,Virginia pine,68,1,1,0,3251
26-JUL-2007,51,Virginia,VA,109,1,Detection Monitoring (on-frame),,1,4,837,black oak,2,0,3,1,1,1,Timberland,330,Virginia pine,68,1,1,0,3251
26-JUL-2007,51,Virginia,VA,111,1,Detection Monitoring (on-frame),,1,1,316,red maple,1,1,3,1,8,1,Timberland,310,Loblolly pine,4,2,3,0,3252
26-JUL-2007,51,Virginia,VA,111,1,Detection Monitoring (on-frame),,1,1,491,flowering dogwood,1,1,3,1,2,1,Timberland,310,Loblolly pine,4,2,3,0,3252
26-JUL-2007,51,Virginia,VA,111,1,Detection Monitoring (on-frame),,1,1,975,slippery elm,1,1,3,1,2,1,Timberland,310,Loblolly pine,4,2,3,0,3252
26-JUL-2007,51,Virginia,VA,111,1,Detection Monitoring (on-frame),,1,2,131,loblolly pine,1,1,4,1,1,1,Timberland,310,Loblolly pine,4,2,3,0,3252
26-JUL-2007,51,Virginia,VA,111,1,Detection Monitoring (on-frame),,1,2,400,hickory,1,1,3,1,2,1,Timberland,310,Loblolly pine,4,2,3,0,3252
26-JUL-2007,51,Virginia,VA,111,1,Detection Monitoring (on-frame),,1,2,471,eastern redbud,1,0,3,1,1,1,Timberland,310,Loblolly pine,4,2,3,0,3252
26-JUL-2007,51,Virginia,VA,111,1,Detection Monitoring (on-frame),,1,2,491,flowering dogwood,1,1,3,1,1,1,Timberland,310,Loblolly pine,4,2,3,0,3252
26-JUL-2007,51,Virginia,VA,111,1,Detection Monitoring (on-frame),,1,3,316,red maple,1,1,4,1,1,1,Timberland,310,Loblolly pine,4,2,3,0,3252
26-JUL-2007,51,Virginia,VA,111,1,Detection Monitoring (on-frame),,1,3,471,eastern redbud,1,1,4,1,2,1,Timberland,310,Loblolly pine,4,2,3,0,3252
26-JUL-2007,51,Virginia,VA,111,1,Detection Monitoring (on-frame),,1,3,491,flowering dogwood,1,1,4,1,6,1,Timberland,310,Loblolly pine,4,2,3,0,3252
26-JUL-2007,51,Virginia,VA,111,1,Detection Monitoring (on-frame),,1,3,621,yellow-poplar,1,1,4,1,4,1,Timberland,310,Loblolly pine,4,2,3,0,3252
26-JUL-2007,51,Virginia,VA,111,1,Detection Monitoring (on-frame),,1,4,491,flowering dogwood,1,1,4,1,7,1,Timberland,310,Loblolly pine,4,2,3,0,3252
26-JUL-2007,51,Virginia,VA,111,1,Detection Monitoring (on-frame),,1,4,621,yellow-poplar,1,0,3,1,1,1,Timberland,310,Loblolly pine,4,2,3,0,3252
26-JUL-2007,51,Virginia,VA,111,1,Detection Monitoring (on-frame),,1,4,762,black cherry,1,1,4,1,4,1,Timberland,310,Loblolly pine,4,2,3,0,3252
26-JUL-2007,51,Virginia,VA,113,1,Detection Monitoring (on-frame),,1,2,315,striped maple,1,0,3,1,6,1,Timberland,520,Chestnut oak,83,1,2,0,4041
26-JUL-2007,51,Virginia,VA,113,1,Detection Monitoring (on-frame),,1,2,316,red maple,1,0,3,1,5,1,Timberland,520,Chestnut oak,83,1,2,0,4041
26-JUL-2007,51,Virginia,VA,117,1,Detection Monitoring (on-frame),,1,3,391,American hornbeam-,1,0,3,2,2,1,Timberland,720,River birch-sycamore,22,1,2,0,2722
26-JUL-2007,51,Virginia,VA,117,1,Detection Monitoring (on-frame),,1,4,531,American beech,2,0,3,1,1,1,Timberland,530,White oak-red oak-hickory,87,1,1,0,2722
26-JUL-2007,51,Virginia,VA,117,1,Detection Monitoring (on-frame),,1,4,531,American beech,2,0,3,2,1,1,Timberland,530,White oak-red oak-hickory,87,1,1,0,2722
26-JUL-2007,51,Virginia,VA,117,1,Detection Monitoring (on-frame),,1,4,600,walnut,2,0,3,1,1,1,Timberland,530,White oak-red oak-hickory,87,1,1,0,2722
26-JUL-2007,51,Virginia,VA,117,1,Detection Monitoring (on-frame),,1,4,711,sourwood,2,0,3,1,1,1,Timberland,530,White oak-red oak-hickory,87,1,1,0,2722
26-JUL-2007,51,Virginia,VA,125,1,Detection Monitoring (on-frame),,1,1,261,eastern hemlock,1,0,3,3,1,1,Timberland,530,White oak-red oak-hickory,38,1,1,0,3268
26-JUL-2007,51,Virginia,VA,125,1,Detection Monitoring (on-frame),,1,1,316,red maple,1,0,3,1,1,1,Timberland,530,White oak-red oak-hickory,38,1,1,0,3268
26-JUL-2007,51,Virginia,VA,125,1,Detection Monitoring (on-frame),,1,1,421,American chestnut,1,0,3,1,1,1,Timberland,530,White oak-red oak-hickory,38,1,1,0,3268
26-JUL-2007,51,Virginia,VA,125,1,Detection Monitoring (on-frame),,1,2,367,pawpaw,1,0,3,1,34,1,Timberland,530,White oak-red oak-hickory,38,1,1,0,3268
26-JUL-2007,51,Virginia,VA,125,1,Detection Monitoring (on-frame),,1,2,901,black locust,1,0,3,1,1,1,Timberland,530,White oak-red oak-hickory,38,1,1,0,3268
26-JUL-2007,51,Virginia,VA,125,1,Detection Monitoring (on-frame),,1,3,261,eastern hemlock,1,0,3,1,5,1,Timberland,530,White oak-red oak-hickory,38,1,1,0,3268
26-JUL-2007,51,Virginia,VA,125,1,Detection Monitoring (on-frame),,1,3,403,pignut hickory,1,0,3,1,5,1,Timberland,530,White oak-red oak-hickory,38,1,1,0,3268
26-JUL-2007,51,Virginia,VA,125,1,Detection Monitoring (on-frame),,1,3,491,flowering dogwood,1,0,3,1,2,1,Timberland,530,White oak-red oak-hickory,38,1,1,0,3268
26-JUL-2007,51,Virginia,VA,125,1,Detection Monitoring (on-frame),,1,3,975,slippery elm,1,0,3,1,1,1,Timberland,530,White oak-red oak-hickory,38,1,1,0,3268
26-JUL-2007,51,Virginia,VA,125,1,Detection Monitoring (on-frame),,1,4,356,serviceberry,1,0,3,1,3,1,Timberland,530,White oak-red oak-hickory,38,1,1,0,3268
26-JUL-2007,51,Virginia,VA,125,1,Detection Monitoring (on-frame),,1,4,403,pignut hickory,1,0,3,1,1,1,Timberland,530,White oak-red oak-hickory,38,1,1,0,3268
26-JUL-2007,51,Virginia,VA,125,1,Detection Monitoring (on-frame),,1,4,621,yellow-poplar,1,0,3,1,1,1,Timberland,530,White oak-red oak-hickory,38,1,1,0,3268
26-JUL-2007,51,Virginia,VA,125,1,Detection Monitoring (on-frame),,1,4,833,northern red oak,1,0,3,2,1,1,Timberland,530,White oak-red oak-hickory,38,1,1,0,3268
26-JUL-2007,51,Virginia,VA,139,1,Detection Monitoring (on-frame),,1,1,316,red maple,1,0,3,1,7,1,Timberland,520,Chestnut oak,33,1,1,0,4043
26-JUL-2007,51,Virginia,VA,139,1,Detection Monitoring (on-frame),,1,1,762,black cherry,1,0,3,1,1,1,Timberland,520,Chestnut oak,33,1,1,0,4043
26-JUL-2007,51,Virginia,VA,139,1,Detection Monitoring (on-frame),,1,1,832,chestnut oak,1,0,3,2,1,1,Timberland,520,Chestnut oak,33,1,1,0,4043
26-JUL-2007,51,Virginia,VA,139,1,Detection Monitoring (on-frame),,1,2,316,red maple,1,0,3,1,1,1,Timberland,520,Chestnut oak,33,1,1,0,4043
26-JUL-2007,51,Virginia,VA,139,1,Detection Monitoring (on-frame),,1,2,367,pawpaw,1,0,3,1,31,1,Timberland,520,Chestnut oak,33,1,1,0,4043
26-JUL-2007,51,Virginia,VA,139,1,Detection Monitoring (on-frame),,1,2,541,white ash,1,0,3,1,1,1,Timberland,520,Chestnut oak,33,1,1,0,4043
26-JUL-2007,51,Virginia,VA,139,1,Detection Monitoring (on-frame),,1,3,367,pawpaw,1,0,3,1,14,1,Timberland,520,Chestnut oak,33,1,1,0,4043
26-JUL-2007,51,Virginia,VA,139,1,Detection Monitoring (on-frame),,1,4,316,red maple,1,0,3,1,1,1,Timberland,520,Chestnut oak,33,1,1,0,4043
26-JUL-2007,51,Virginia,VA,139,1,Detection Monitoring (on-frame),,1,4,403,pignut hickory,1,0,3,1,1,1,Timberland,520,Chestnut oak,33,1,1,0,4043
26-JUL-2007,51,Virginia,VA,139,1,Detection Monitoring (on-frame),,1,4,409,mockernut hickory,1,0,3,1,1,1,Timberland,520,Chestnut oak,33,1,1,0,4043
26-JUL-2007,51,Virginia,VA,145,1,Detection Monitoring (on-frame),,1,1,402,bitternut hickory,1,1,3,1,1,1,Timberland,310,Loblolly pine,8,2,2,0,3241
26-JUL-2007,51,Virginia,VA,145,1,Detection Monitoring (on-frame),,1,1,693,blackgum,1,0,3,1,1,1,Timberland,310,Loblolly pine,8,2,2,0,3241
26-JUL-2007,51,Virginia,VA,145,1,Detection Monitoring (on-frame),,1,1,837,black oak,1,0,3,1,1,1,Timberland,310,Loblolly pine,8,2,2,0,3241
26-JUL-2007,51,Virginia,VA,145,1,Detection Monitoring (on-frame),,1,2,552,honeylocust,1,0,3,1,1,1,Timberland,310,Loblolly pine,8,2,2,0,3241
26-JUL-2007,51,Virginia,VA,145,1,Detection Monitoring (on-frame),,1,2,611,sweetgum,1,0,3,1,1,1,Timberland,310,Loblolly pine,8,2,2,0,3241
26-JUL-2007,51,Virginia,VA,145,1,Detection Monitoring (on-frame),,1,2,621,yellow-poplar,1,0,3,1,2,1,Timberland,310,Loblolly pine,8,2,2,0,3241
26-JUL-2007,51,Virginia,VA,145,1,Detection Monitoring (on-frame),,1,2,837,black oak,1,0,3,1,1,1,Timberland,310,Loblolly pine,8,2,2,0,3241
26-JUL-2007,51,Virginia,VA,145,1,Detection Monitoring (on-frame),,1,2,971,winged elm,1,0,3,1,1,1,Timberland,310,Loblolly pine,8,2,2,0,3241
26-JUL-2007,51,Virginia,VA,145,1,Detection Monitoring (on-frame),,1,3,611,sweetgum,1,1,3,1,1,1,Timberland,310,Loblolly pine,8,2,2,0,3241
26-JUL-2007,51,Virginia,VA,145,1,Detection Monitoring (on-frame),,1,4,611,sweetgum,1,0,3,1,6,1,Timberland,310,Loblolly pine,8,2,2,0,3241
26-JUL-2007,51,Virginia,VA,145,1,Detection Monitoring (on-frame),,1,4,621,yellow-poplar,1,0,3,1,1,1,Timberland,310,Loblolly pine,8,2,2,0,3241
26-JUL-2007,51,Virginia,VA,145,1,Detection Monitoring (on-frame),,1,4,971,winged elm,1,0,3,1,1,1,Timberland,310,Loblolly pine,8,2,2,0,3241
26-JUL-2007,51,Virginia,VA,163,1,Detection Monitoring (on-frame),,1,3,356,serviceberry,1,0,3,1,7,1,Timberland,520,Chestnut oak,43,1,2,0,3287
26-JUL-2007,51,Virginia,VA,163,1,Detection Monitoring (on-frame),,1,3,422,Allegheny chinkapin,1,0,3,1,5,1,Timberland,520,Chestnut oak,43,1,2,0,3287
26-JUL-2007,51,Virginia,VA,163,1,Detection Monitoring (on-frame),,1,3,491,flowering dogwood,1,0,3,1,1,1,Timberland,520,Chestnut oak,43,1,2,0,3287
26-JUL-2007,51,Virginia,VA,163,1,Detection Monitoring (on-frame),,1,3,802,white oak,1,0,3,1,3,1,Timberland,520,Chestnut oak,43,1,2,0,3287
26-JUL-2007,51,Virginia,VA,163,1,Detection Monitoring (on-frame),,1,3,833,northern red oak,1,0,3,1,6,1,Timberland,520,Chestnut oak,43,1,2,0,3287
26-JUL-2007,51,Virginia,VA,163,1,Detection Monitoring (on-frame),,1,3,837,black oak,1,0,3,1,1,1,Timberland,520,Chestnut oak,43,1,2,0,3287
26-JUL-2007,51,Virginia,VA,163,1,Detection Monitoring (on-frame),,1,4,833,northern red oak,1,0,3,1,6,1,Timberland,520,Chestnut oak,43,1,2,0,3287
26-JUL-2007,51,Virginia,VA,163,1,Detection Monitoring (on-frame),,1,4,931,sassafras,1,0,3,1,3,1,Timberland,520,Chestnut oak,43,1,2,0,3287
26-JUL-2007,51,Virginia,VA,165,1,Detection Monitoring (on-frame),,1,1,318,sugar maple,1,0,3,1,2,1,Timberland,520,Chestnut oak,78,1,1,0,4039
26-JUL-2007,51,Virginia,VA,165,1,Detection Monitoring (on-frame),,1,1,999,unknown,1,0,3,1,1,1,Timberland,520,Chestnut oak,78,1,1,0,4039
26-JUL-2007,51,Virginia,VA,165,1,Detection Monitoring (on-frame),,1,2,316,red maple,1,0,3,1,2,1,Timberland,520,Chestnut oak,78,1,1,0,4039
26-JUL-2007,51,Virginia,VA,165,1,Detection Monitoring (on-frame),,1,2,832,chestnut oak,1,0,3,1,6,1,Timberland,520,Chestnut oak,78,1,1,0,4039
26-JUL-2007,51,Virginia,VA,165,1,Detection Monitoring (on-frame),,1,2,837,black oak,1,0,3,1,4,1,Timberland,520,Chestnut oak,78,1,1,0,4039
26-JUL-2007,51,Virginia,VA,165,1,Detection Monitoring (on-frame),,1,2,931,sassafras,1,0,3,1,4,1,Timberland,520,Chestnut oak,78,1,1,0,4039
26-JUL-2007,51,Virginia,VA,165,1,Detection Monitoring (on-frame),,1,2,999,unknown,1,0,3,1,7,1,Timberland,520,Chestnut oak,78,1,1,0,4039
26-JUL-2007,51,Virginia,VA,165,1,Detection Monitoring (on-frame),,1,3,421,American chestnut,1,0,3,1,2,1,Timberland,520,Chestnut oak,78,1,1,0,4039
26-JUL-2007,51,Virginia,VA,165,1,Detection Monitoring (on-frame),,1,3,422,Allegheny chinkapin,1,0,3,1,20,1,Timberland,520,Chestnut oak,78,1,1,0,4039
26-JUL-2007,51,Virginia,VA,165,1,Detection Monitoring (on-frame),,1,3,931,sassafras,1,0,3,1,3,1,Timberland,520,Chestnut oak,78,1,1,0,4039
26-JUL-2007,51,Virginia,VA,165,1,Detection Monitoring (on-frame),,1,4,316,red maple,1,0,3,1,3,1,Timberland,520,Chestnut oak,78,1,1,0,4039
26-JUL-2007,51,Virginia,VA,165,1,Detection Monitoring (on-frame),,1,4,356,serviceberry,1,0,3,1,6,1,Timberland,520,Chestnut oak,78,1,1,0,4039
26-JUL-2007,51,Virginia,VA,165,1,Detection Monitoring (on-frame),,1,4,837,black oak,1,0,3,1,1,1,Timberland,520,Chestnut oak,78,1,1,0,4039
26-JUL-2007,51,Virginia,VA,165,1,Detection Monitoring (on-frame),,1,4,931,sassafras,1,0,3,1,1,1,Timberland,520,Chestnut oak,78,1,1,0,4039
26-JUL-2007,51,Virginia,VA,179,1,Detection Monitoring (on-frame),,1,1,316,red maple,1,0,3,1,2,1,Timberland,450,Virginia pine-southern red oak,38,1,1,0,4020
26-JUL-2007,51,Virginia,VA,179,1,Detection Monitoring (on-frame),,1,1,403,pignut hickory,1,0,3,1,1,1,Timberland,450,Virginia pine-southern red oak,38,1,1,0,4020
26-JUL-2007,51,Virginia,VA,179,1,Detection Monitoring (on-frame),,1,1,591,American holly,1,0,3,1,1,1,Timberland,450,Virginia pine-southern red oak,38,1,1,0,4020
26-JUL-2007,51,Virginia,VA,179,1,Detection Monitoring (on-frame),,1,1,762,black cherry,1,0,3,2,1,1,Timberland,450,Virginia pine-southern red oak,38,1,1,0,4020
26-JUL-2007,51,Virginia,VA,179,1,Detection Monitoring (on-frame),,1,1,827,water oak,1,0,3,2,1,1,Timberland,450,Virginia pine-southern red oak,38,1,1,0,4020
26-JUL-2007,51,Virginia,VA,179,1,Detection Monitoring (on-frame),,1,2,316,red maple,1,0,3,1,9,1,Timberland,450,Virginia pine-southern red oak,38,1,1,0,4020
26-JUL-2007,51,Virginia,VA,179,1,Detection Monitoring (on-frame),,1,2,491,flowering dogwood,1,0,3,1,3,1,Timberland,450,Virginia pine-southern red oak,38,1,1,0,4020
26-JUL-2007,51,Virginia,VA,179,1,Detection Monitoring (on-frame),,1,2,491,flowering dogwood,1,0,3,2,2,1,Timberland,450,Virginia pine-southern red oak,38,1,1,0,4020
26-JUL-2007,51,Virginia,VA,179,1,Detection Monitoring (on-frame),,1,2,491,flowering dogwood,1,0,3,3,2,1,Timberland,450,Virginia pine-southern red oak,38,1,1,0,4020
26-JUL-2007,51,Virginia,VA,179,1,Detection Monitoring (on-frame),,1,2,591,American holly,1,0,3,1,4,1,Timberland,450,Virginia pine-southern red oak,38,1,1,0,4020
26-JUL-2007,51,Virginia,VA,179,1,Detection Monitoring (on-frame),,1,3,316,red maple,1,0,3,1,2,1,Timberland,450,Virginia pine-southern red oak,38,1,1,0,4020
26-JUL-2007,51,Virginia,VA,179,1,Detection Monitoring (on-frame),,1,3,367,pawpaw,1,0,3,1,2,1,Timberland,450,Virginia pine-southern red oak,38,1,1,0,4020
26-JUL-2007,51,Virginia,VA,179,1,Detection Monitoring (on-frame),,1,3,367,pawpaw,1,0,3,2,1,1,Timberland,450,Virginia pine-southern red oak,38,1,1,0,4020
26-JUL-2007,51,Virginia,VA,179,1,Detection Monitoring (on-frame),,1,3,491,flowering dogwood,1,0,3,1,3,1,Timberland,450,Virginia pine-southern red oak,38,1,1,0,4020
26-JUL-2007,51,Virginia,VA,179,1,Detection Monitoring (on-frame),,1,3,491,flowering dogwood,1,0,3,2,4,1,Timberland,450,Virginia pine-southern red oak,38,1,1,0,4020
26-JUL-2007,51,Virginia,VA,179,1,Detection Monitoring (on-frame),,1,3,591,American holly,1,0,3,1,2,1,Timberland,450,Virginia pine-southern red oak,38,1,1,0,4020
26-JUL-2007,51,Virginia,VA,179,1,Detection Monitoring (on-frame),,1,3,762,black cherry,1,0,3,2,1,1,Timberland,450,Virginia pine-southern red oak,38,1,1,0,4020
26-JUL-2007,51,Virginia,VA,179,1,Detection Monitoring (on-frame),,1,4,491,flowering dogwood,1,0,3,1,6,1,Timberland,450,Virginia pine-southern red oak,38,1,1,0,4020
26-JUL-2007,51,Virginia,VA,179,1,Detection Monitoring (on-frame),,1,4,491,flowering dogwood,1,0,3,2,1,1,Timberland,450,Virginia pine-southern red oak,38,1,1,0,4020
26-JUL-2007,51,Virginia,VA,179,1,Detection Monitoring (on-frame),,1,4,491,flowering dogwood,1,0,3,3,2,1,Timberland,450,Virginia pine-southern red oak,38,1,1,0,4020
26-JUL-2007,51,Virginia,VA,179,1,Detection Monitoring (on-frame),,1,4,762,black cherry,1,0,3,1,1,1,Timberland,450,Virginia pine-southern red oak,38,1,1,0,4020
26-JUL-2007,51,Virginia,VA,179,1,Detection Monitoring (on-frame),,1,4,762,black cherry,1,0,3,2,1,1,Timberland,450,Virginia pine-southern red oak,38,1,1,0,4020
26-JUL-2007,51,Virginia,VA,181,1,Detection Monitoring (on-frame),,1,1,316,red maple,1,0,3,1,1,1,Timberland,460,Loblolly pine-hardwood,18,1,2,0,3223
26-JUL-2007,51,Virginia,VA,181,1,Detection Monitoring (on-frame),,1,3,316,red maple,1,0,3,2,2,1,Timberland,460,Loblolly pine-hardwood,18,1,2,0,3223
26-JUL-2007,51,Virginia,VA,181,1,Detection Monitoring (on-frame),,1,3,316,red maple,1,0,3,3,1,1,Timberland,460,Loblolly pine-hardwood,18,1,2,0,3223
26-JUL-2007,51,Virginia,VA,185,1,Detection Monitoring (on-frame),,1,2,693,blackgum,2,0,3,1,6,1,Timberland,530,White oak-red oak-hickory,64,1,2,0,3311
26-JUL-2007,51,Virginia,VA,185,1,Detection Monitoring (on-frame),,1,2,711,sourwood,2,0,3,1,1,1,Timberland,530,White oak-red oak-hickory,64,1,2,0,3311
26-JUL-2007,51,Virginia,VA,185,1,Detection Monitoring (on-frame),,1,2,806,scarlet oak,2,0,3,1,5,1,Timberland,530,White oak-red oak-hickory,64,1,2,0,3311
26-JUL-2007,51,Virginia,VA,185,1,Detection Monitoring (on-frame),,1,2,931,sassafras,2,0,3,1,3,1,Timberland,530,White oak-red oak-hickory,64,1,2,0,3311
26-JUL-2007,51,Virginia,VA,191,1,Detection Monitoring (on-frame),,1,1,621,yellow-poplar,1,0,3,1,1,1,Timberland,560,Yellow-poplar-white oak-n. red oak,27,1,2,0,2784
26-JUL-2007,51,Virginia,VA,191,1,Detection Monitoring (on-frame),,1,2,491,flowering dogwood,1,0,3,1,3,1,Timberland,560,Yellow-poplar-white oak-n. red oak,27,1,2,0,2784
26-JUL-2007,51,Virginia,VA,191,1,Detection Monitoring (on-frame),,1,2,621,yellow-poplar,1,0,3,1,3,1,Timberland,560,Yellow-poplar-white oak-n. red oak,27,1,2,0,2784
26-JUL-2007,51,Virginia,VA,191,1,Detection Monitoring (on-frame),,1,2,651,cucumbertree,1,0,3,1,3,1,Timberland,560,Yellow-poplar-white oak-n. red oak,27,1,2,0,2784
26-JUL-2007,51,Virginia,VA,191,1,Detection Monitoring (on-frame),,1,3,316,red maple,1,0,3,1,3,1,Timberland,560,Yellow-poplar-white oak-n. red oak,27,1,2,0,2784
26-JUL-2007,51,Virginia,VA,191,1,Detection Monitoring (on-frame),,1,3,621,yellow-poplar,1,0,3,1,2,1,Timberland,560,Yellow-poplar-white oak-n. red oak,27,1,2,0,2784
26-JUL-2007,51,Virginia,VA,191,1,Detection Monitoring (on-frame),,1,4,621,yellow-poplar,1,0,3,1,1,1,Timberland,560,Yellow-poplar-white oak-n. red oak,27,1,2,0,2784
26-JUL-2007,51,Virginia,VA,191,1,Detection Monitoring (on-frame),,1,4,931,sassafras,1,0,3,1,2,1,Timberland,560,Yellow-poplar-white oak-n. red oak,27,1,2,0,2784
26-JUL-2007,51,Virginia,VA,195,1,Detection Monitoring (on-frame),,1,1,318,sugar maple,1,0,3,1,14,1,Timberland,810,Sugar maple-beech-yellow birch,16,1,3,0,2811
26-JUL-2007,51,Virginia,VA,195,1,Detection Monitoring (on-frame),,1,1,371,yellow birch,1,0,3,1,4,1,Timberland,810,Sugar maple-beech-yellow birch,16,1,3,0,2811
26-JUL-2007,51,Virginia,VA,195,1,Detection Monitoring (on-frame),,1,3,318,sugar maple,1,0,3,1,3,1,Timberland,810,Sugar maple-beech-yellow birch,16,1,3,0,2811
26-JUL-2007,51,Virginia,VA,195,1,Detection Monitoring (on-frame),,1,3,371,yellow birch,1,0,3,1,4,1,Timberland,810,Sugar maple-beech-yellow birch,16,1,3,0,2811
26-JUL-2007,51,Virginia,VA,195,1,Detection Monitoring (on-frame),,1,4,318,sugar maple,1,0,3,1,2,1,Timberland,810,Sugar maple-beech-yellow birch,16,1,3,0,2811
26-JUL-2007,51,Virginia,VA,195,1,Detection Monitoring (on-frame),,1,4,371,yellow birch,1,0,3,1,3,1,Timberland,810,Sugar maple-beech-yellow birch,16,1,3,0,2811
26-JUL-2007,51,Virginia,VA,195,1,Detection Monitoring (on-frame),,1,4,951,American basswood,1,0,3,1,3,1,Timberland,810,Sugar maple-beech-yellow birch,16,1,3,0,2811
26-JUL-2007,51,Virginia,VA,800,1,Detection Monitoring (on-frame),,1,1,316,red maple,1,0,3,1,1,1,Timberland,460,Loblolly pine-hardwood,22,1,2,0,2692
26-JUL-2007,51,Virginia,VA,800,1,Detection Monitoring (on-frame),,1,4,316,red maple,1,0,3,1,3,1,Timberland,460,Loblolly pine-hardwood,22,1,2,0,2692
