LAST_UPDATE,STATE,STATE_DESCR,STATE_ABBREV,COUNTY,PROJECT,PROJECT_DESCR,HEXAGON_NBR,PLOT_NBR,POINT_NBR,PLOT_TREE_NBR,SITE_TREE_TYPE,PK_SITE_TREE,FHM_SPECIES,SPECIES_COMMON_NAME,DBH,DRC,CROWN_EXPOSURE,CROWN_POSITION,COMPETING_BASAL_AREA,CROWN_DENSITY,CROWN_DIAMETER_90,CROWN_DIAMETER_WIDE,CROWN_DIEBACK,CROWN_RATIO,NBR_STEMS,FOLIAGE_TRANSPARENCY,TREE_DAMAGE1_1997,TREE_DAMAGE_LOC1_1997,TREE_DAMAGE_SEVERITY1_1997,TREE_DAMAGE2_1997,TREE_DAMAGE_LOC2_1997,TREE_DAMAGE_SEVERITY2_1997,TREE_DAMAGE3_1997,TREE_DAMAGE_LOC3_1997,TREE_DAMAGE_SEVERITY3_1997,CONDITION_CLASS_NBR,LAND_USE_CLASS,LAND_USE_CLASS_DESCR,FOREST_TYPE,FOREST_TYPE_DESCR,STAND_AGE,STAND_ORIGIN,STAND_SIZE_CLASS,AZIMUTH,DISTANCE,ENTRANCE_YEAR,EXIT_YEAR,EXIT_REASON,TREE_AGE,TREE_HEIGHT,TREE_NOTE,OFFICE_NOTE_YEAR,OFFICE_NOTE_SHORT,OFFICE_NOTE_LONG,SITE_TREE_HISTORY,CURRENT_TREE_AGE,P3ID
26-JUL-2007,51,Virginia,VA,17,1,Detection Monitoring (on-frame),,1,3,1,1,346,132,Virginia pine,15.1,,2,2,60,55,20,21,0,40,,20,,,,,,,,,,1,1,Timberland,520,Chestnut oak,85,1,1,220,74.4,1995,2000,16,,72,RED TAG AND SILVER BASE TAG,,,,2,85,3290
26-JUL-2007,51,Virginia,VA,17,1,Detection Monitoring (on-frame),,1,3,2,1,345,806,scarlet oak,11.7,,2,2,165,40,8,20,10,35,,15,,,,,,,,,,1,1,Timberland,520,Chestnut oak,85,1,1,62,106.2,1995,2000,16,,70,CRNEXP IS 3,,,,2,58,3290
26-JUL-2007,51,Virginia,VA,19,1,Detection Monitoring (on-frame),,1,1,5,1,339,832,chestnut oak,14,,2,2,60,60,12,14,5,50,,5,22,7,5,,,,,,,1,1,Timberland,520,Chestnut oak,83,1,2,232,29.3,1997,2000,16,84,90,,,,,1,84,3283
26-JUL-2007,51,Virginia,VA,19,1,Detection Monitoring (on-frame),,1,2,6,1,340,832,chestnut oak,10.4,,2,2,45,65,20,28,5,55,,20,,,,,,,,,,1,1,Timberland,520,Chestnut oak,83,1,2,330,33.2,1997,2000,16,84,73,,,,,1,84,3283
26-JUL-2007,51,Virginia,VA,29,1,Detection Monitoring (on-frame),,1,2,4,1,337,621,yellow-poplar,10.8,,1,1,60,60,36,37,5,45,,15,,,,,,,,,,1,1,Timberland,560,Yellow-poplar-white oak-n. red oak,41,1,2,156,79.4,1997,2000,16,40,90,,,,,1,40,3265
26-JUL-2007,51,Virginia,VA,29,1,Detection Monitoring (on-frame),,1,4,3,1,335,621,yellow-poplar,8.6,,2,2,75,65,24,29,0,50,,10,,,,,,,,,,1,1,Timberland,560,Yellow-poplar-white oak-n. red oak,41,1,2,154,71.1,1995,2000,16,,75,,,,,2,30,3265
26-JUL-2007,51,Virginia,VA,33,1,Detection Monitoring (on-frame),,1,2,1,1,356,611,sweetgum,19.7,,1,2,240,50,32,35,5,40,,15,,,,,,,,,,1,1,Timberland,562,Sweetgum-yellow-popular,52,1,1,321,64,1995,2000,16,,120,,,,,2,91,4013
26-JUL-2007,51,Virginia,VA,33,1,Detection Monitoring (on-frame),,1,4,2,1,355,621,yellow-poplar,16.7,,1,2,120,75,33,33,0,40,,10,,,,,,,,,,1,1,Timberland,562,Sweetgum-yellow-popular,52,1,1,341,63.5,1997,2000,16,54,110,,,,,1,54,4013
26-JUL-2007,51,Virginia,VA,35,1,Detection Monitoring (on-frame),,1,2,3,1,308,129,eastern white pine,9.1,,2,2,120,55,17,19,0,65,,15,,,,,,,,,,2,1,Timberland,30,White pine,23,2,3,201,35.5,1995,2000,16,,35,,,,,2,19,2766
26-JUL-2007,51,Virginia,VA,35,1,Detection Monitoring (on-frame),,1,3,2,1,310,409,mockernut hickory,8.2,,2,2,120,40,18,21,0,35,,15,,,,,,,,,,3,1,Timberland,530,White oak-red oak-hickory,27,1,2,164,59.6,1995,2000,16,,45,,,,,2,42,2766
26-JUL-2007,51,Virginia,VA,36,1,Detection Monitoring (on-frame),,1,2,4,1,323,131,loblolly pine,8.2,,2,2,75,55,12,15,0,45,,20,,,,,,,,,,2,1,Timberland,310,Loblolly pine,10,2,3,343,53,1997,2000,16,20,55,,,,,1,20,3237
26-JUL-2007,51,Virginia,VA,36,1,Detection Monitoring (on-frame),,1,3,5,1,324,611,sweetgum,11.1,,2,2,45,65,14,20,5,35,,15,,,,,,,,,,1,1,Timberland,562,Sweetgum-yellow-popular,22,1,2,351,52.9,1997,2000,16,39,75,,,,,1,39,3237
26-JUL-2007,51,Virginia,VA,37,1,Detection Monitoring (on-frame),,1,4,1,1,299,316,red maple,13,,2,2,125,60,25,28,0,50,,10,,,,,,,,,,1,1,Timberland,530,White oak-red oak-hickory,18,1,3,303,71,1995,2000,16,,75,,,,,2,77,2728
26-JUL-2007,51,Virginia,VA,37,1,Detection Monitoring (on-frame),,1,4,3,1,298,621,yellow-poplar,11.2,,2,2,150,65,16,18,5,35,,10,,,,,,,,,,1,1,Timberland,530,White oak-red oak-hickory,18,1,3,130,106.3,1997,2000,16,60,75,,,,,1,60,2728
26-JUL-2007,51,Virginia,VA,41,1,Detection Monitoring (on-frame),,1,3,5,1,325,131,loblolly pine,12.7,,2,2,90,30,14,17,0,40,,25,,,,,,,,,,1,1,Timberland,310,Loblolly pine,22,2,2,115,61.7,1997,2000,16,30,60,,,,,1,30,3239
26-JUL-2007,51,Virginia,VA,41,1,Detection Monitoring (on-frame),,1,4,6,1,326,131,loblolly pine,11.3,,2,2,90,35,16,17,0,35,,25,,,,,,,,,,1,1,Timberland,310,Loblolly pine,22,2,2,310,55.1,1997,2000,16,28,55,,,,,1,28,3239
26-JUL-2007,51,Virginia,VA,45,1,Detection Monitoring (on-frame),,1,2,1,1,350,832,chestnut oak,13.9,,1,2,30,45,15,19,0,55,,20,,,,,,,,,,1,1,Timberland,520,Chestnut oak,62,1,2,54,38.2,1995,1998,14,,45,,,,,2,72,3297
26-JUL-2007,51,Virginia,VA,45,1,Detection Monitoring (on-frame),,1,2,2,1,349,832,chestnut oak,7.7,,2,2,90,60,14,18,0,30,,10,,,,,,,,,,1,1,Timberland,520,Chestnut oak,62,1,2,48,72.2,1995,2000,16,,40,,,,,2,46,3297
26-JUL-2007,51,Virginia,VA,49,1,Detection Monitoring (on-frame),,1,2,1,1,330,812,southern red oak,12,,2,2,120,50,23,28,0,35,,15,,,,,,,,,,1,1,Timberland,590,Mixed central hardwood,52,1,1,291,107.4,1995,2000,16,,75,,,,,2,54,3259
26-JUL-2007,51,Virginia,VA,49,1,Detection Monitoring (on-frame),,1,2,2,1,329,837,black oak,14.7,,2,1,180,50,26,28,5,45,,15,,,,,,,,,,1,1,Timberland,590,Mixed central hardwood,52,1,1,252,108.3,1995,2000,16,,80,,,,,2,57,3259
26-JUL-2007,51,Virginia,VA,49,1,Detection Monitoring (on-frame),,1,1,2,1,331,621,yellow-poplar,9.5,,1,1,60,75,19,20,0,40,,10,,,,,,,,,,1,1,Timberland,562,Sweetgum-yellow-popular,27,1,2,354,61.3,1995,1998,14,,70,,,,,2,23,3263
26-JUL-2007,51,Virginia,VA,49,1,Detection Monitoring (on-frame),,1,2,3,1,333,611,sweetgum,8.3,,1,4,180,45,22,24,0,45,,10,,,,,,,,,,1,1,Timberland,562,Sweetgum-yellow-popular,27,1,2,113,70.4,1997,2000,16,28,70,,,,,1,28,3263
26-JUL-2007,51,Virginia,VA,63,1,Detection Monitoring (on-frame),,1,4,5,1,347,129,eastern white pine,16.9,,2,2,270,45,19,24,0,55,,15,,,,,,,,,,1,1,Timberland,30,White pine,56,2,1,278,64.4,1997,2000,16,56,88,186 AZI FROM SP-27.3'FROM SP,,,,1,56,3291
26-JUL-2007,51,Virginia,VA,63,1,Detection Monitoring (on-frame),,1,4,6,1,348,129,eastern white pine,15,,2,2,375,40,15,20,0,35,,15,,,,,,,,,,1,1,Timberland,30,White pine,56,2,1,341,49,1997,2000,16,56,94,,,,,1,56,3291
26-JUL-2007,51,Virginia,VA,71,1,Detection Monitoring (on-frame),,1,4,5,1,351,812,southern red oak,14.3,,2,2,90,65,22,24,10,45,,10,,,,,,,,,,1,1,Timberland,520,Chestnut oak,93,1,1,258,69,1997,2000,16,78,96,RED TAG AND SILVER BASE TAG,,,,1,78,3299
26-JUL-2007,51,Virginia,VA,71,1,Detection Monitoring (on-frame),,1,4,6,1,352,832,chestnut oak,15.5,,2,2,210,55,22,28,0,45,,15,,,,,,,,,,1,1,Timberland,520,Chestnut oak,93,1,1,229,54.4,1997,2000,16,78,85,SILVER BASE TAG ONLY,,,,1,78,3299
26-JUL-2007,51,Virginia,VA,91,1,Detection Monitoring (on-frame),,1,4,1,1,365,316,red maple,10.2,,2,2,150,50,16,18,0,35,,15,,,,,,,,,,1,1,Timberland,550,Northern red oak,62,1,1,325,69.3,1995,2000,16,,60,,,,,2,50,4062
26-JUL-2007,51,Virginia,VA,91,1,Detection Monitoring (on-frame),,1,4,2,1,364,316,red maple,11.6,,2,2,120,55,22,26,0,45,,10,,,,,,,,,,1,1,Timberland,550,Northern red oak,62,1,1,304,64.1,1995,2000,16,,60,,,,,2,50,4062
26-JUL-2007,51,Virginia,VA,113,1,Detection Monitoring (on-frame),,1,2,1,1,360,832,chestnut oak,10.6,,2,2,90,45,21,28,0,40,,15,,,,,,,,,,1,1,Timberland,520,Chestnut oak,82,1,1,46,84.3,1995,2000,16,,80,,,,,2,78,4041
26-JUL-2007,51,Virginia,VA,113,1,Detection Monitoring (on-frame),,1,2,2,1,361,832,chestnut oak,7.2,,2,2,105,40,23,24,0,40,,15,,,,,,,,,,1,1,Timberland,520,Chestnut oak,82,1,1,311,66.4,1995,2000,16,,70,,,,,2,48,4041
26-JUL-2007,51,Virginia,VA,117,1,Detection Monitoring (on-frame),,1,1,1,1,295,131,loblolly pine,13.4,,1,2,120,65,24,28,0,70,,10,,,,,,,,,,1,1,Timberland,310,Loblolly pine,19,1,2,202,84.6,1995,2000,16,,42,,,,,2,19,2724
26-JUL-2007,51,Virginia,VA,117,1,Detection Monitoring (on-frame),,1,1,3,1,296,131,loblolly pine,7.5,,2,2,105,50,14,19,0,40,,15,,,,,,,,,,1,1,Timberland,310,Loblolly pine,19,1,2,195,61,1997,2000,16,21,42,,,,,1,21,2724
26-JUL-2007,51,Virginia,VA,133,1,Detection Monitoring (on-frame),,1,3,1,1,316,611,sweetgum,11.7,,2,2,150,40,19,24,0,40,,15,,,,,,,,,,2,1,Timberland,564,Yellow-popular,77,1,1,171,87.3,1995,2000,16,,70,,,,,2,58,3228
26-JUL-2007,51,Virginia,VA,133,1,Detection Monitoring (on-frame),,1,3,2,1,315,611,sweetgum,13.5,,2,2,120,45,20,25,0,40,,15,,,,,,,,,,2,1,Timberland,564,Yellow-popular,77,1,1,156,86.9,1995,2000,16,,75,,,,,2,53,3228
26-JUL-2007,51,Virginia,VA,141,1,Detection Monitoring (on-frame),,1,1,1,1,307,802,white oak,10.9,,2,2,60,60,17,21,0,65,,10,,,,,,,,,,1,1,Timberland,530,White oak-red oak-hickory,63,1,1,357,58.5,1995,2000,16,,60,TREE MIGHT NOT BE SUIT. IN FUTURE,,,,2,67,2764
26-JUL-2007,51,Virginia,VA,141,1,Detection Monitoring (on-frame),,1,1,2,1,306,832,chestnut oak,14.6,,2,2,30,60,21,26,0,40,,10,,,,,,,,,,1,1,Timberland,530,White oak-red oak-hickory,63,1,1,38,75.6,1995,2000,16,,102,,,,,2,60,2764
26-JUL-2007,51,Virginia,VA,143,1,Detection Monitoring (on-frame),,1,2,3,1,304,131,loblolly pine,6.8,,2,2,120,55,8,12,0,60,,20,,,,,,,,,,2,1,Timberland,310,Loblolly pine,11,2,3,275,45,1997,2000,16,11,32,NEW SITE TREE,,,,1,11,2749
26-JUL-2007,51,Virginia,VA,143,1,Detection Monitoring (on-frame),,1,2,4,1,305,402,bitternut hickory,19,,2,2,135,60,25,34,0,55,,10,,,,,,,,,,1,1,Timberland,530,White oak-red oak-hickory,83,1,1,345,45.6,1997,2000,16,83,71,NEW SITE TREE,,,,1,83,2749
26-JUL-2007,51,Virginia,VA,147,1,Detection Monitoring (on-frame),,1,1,2,1,327,132,Virginia pine,8.8,,2,2,90,65,14,17,5,45,,15,,,,,,,,,,1,1,Timberland,420,Eastern redcedar-hardwood,15,1,3,101,85.5,1995,2000,16,,73,,,,,2,28,3254
26-JUL-2007,51,Virginia,VA,147,1,Detection Monitoring (on-frame),,1,2,1,1,328,731,sycamore,9.5,,1,1,210,50,16,17,0,30,,15,,,,,,,,,,2,1,Timberland,720,River birch-sycamore,33,1,2,204,40.6,1995,2000,16,,75,,,,,2,27,3254
26-JUL-2007,51,Virginia,VA,149,1,Detection Monitoring (on-frame),,1,2,1,1,319,131,loblolly pine,20.1,,1,1,75,70,30,31,0,45,,15,,,,,,,,,,3,1,Timberland,310,Loblolly pine,22,2,2,17,68.7,1995,2000,16,,75,,,,,2,53,3234
26-JUL-2007,51,Virginia,VA,149,1,Detection Monitoring (on-frame),,1,2,2,1,320,611,sweetgum,11.9,,1,1,270,65,15,20,5,40,,10,,,,,,,,,,3,1,Timberland,310,Loblolly pine,22,2,2,357,95.4,1995,2000,16,,80,,,,,2,53,3234
26-JUL-2007,51,Virginia,VA,149,1,Detection Monitoring (on-frame),,1,2,3,1,317,812,southern red oak,13.2,,1,2,180,50,33,35,5,45,,20,,,,,,,,,,1,1,Timberland,460,Loblolly pine-hardwood,22,1,2,204,81.2,1995,2000,16,,65,,,,,2,51,3234
26-JUL-2007,51,Virginia,VA,149,1,Detection Monitoring (on-frame),,1,4,4,1,318,131,loblolly pine,11.1,,2,2,180,40,19,20,0,25,,15,,,,,,,,,,1,1,Timberland,460,Loblolly pine-hardwood,22,1,2,209,73.5,1995,2000,16,,60,,,,,2,60,3234
26-JUL-2007,51,Virginia,VA,153,1,Detection Monitoring (on-frame),,1,3,3,1,359,802,white oak,9.8,,2,2,180,60,19,20,0,45,,10,,,,,,,,,,1,1,Timberland,450,Virginia pine-southern red oak,70,1,1,116,85,1997,2000,16,85,65,,,,,1,85,4029
26-JUL-2007,51,Virginia,VA,153,1,Detection Monitoring (on-frame),,1,4,1,1,357,132,Virginia pine,11.3,,2,2,120,40,19,21,5,25,,15,,,,,,,,,,1,1,Timberland,450,Virginia pine-southern red oak,70,1,1,320,67.8,1995,2000,16,,75,,,,,2,56,4029
26-JUL-2007,51,Virginia,VA,163,1,Detection Monitoring (on-frame),,1,3,3,1,343,832,chestnut oak,32.2,,2,2,150,45,21,32,0,35,,15,,,,,,,,,,1,1,Timberland,520,Chestnut oak,76,1,1,124,54,1997,2000,16,76,68,RED TAG AND SILVER BASE TAG,,,,1,76,3286
26-JUL-2007,51,Virginia,VA,163,1,Detection Monitoring (on-frame),,1,3,4,1,344,832,chestnut oak,18.2,,2,2,180,65,25,36,5,55,,15,,,,,,,,,,1,1,Timberland,520,Chestnut oak,76,1,1,162,64,1997,2000,16,76,59,RED TAG AND SILER BASE TAG,,,,1,76,3286
26-JUL-2007,51,Virginia,VA,167,1,Detection Monitoring (on-frame),,1,3,1,1,353,400,hickory,10.7,,2,2,240,55,17,26,0,45,,10,,,,,,,,,,1,1,Timberland,500,OAK-HICKORY GROUP,64,1,1,152,81,1997,2000,16,53,72,2 SILVER TAGS,,,,1,53,3312
26-JUL-2007,51,Virginia,VA,167,1,Detection Monitoring (on-frame),,1,3,2,1,354,621,yellow-poplar,14.1,,2,2,195,60,13,22,0,25,,15,,,,,,,,,,1,1,Timberland,500,OAK-HICKORY GROUP,64,1,1,273,50.4,1997,2000,16,60,70,CRNEXP SHOULD BE 3,,,,1,60,3312
26-JUL-2007,51,Virginia,VA,173,1,Detection Monitoring (on-frame),,1,3,5,1,311,832,chestnut oak,12.5,,2,2,150,70,25,36,5,45,,15,,,,,,,,,,1,1,Timberland,520,Chestnut oak,96,1,1,124,69.6,1997,2000,16,91,55,BASE TAG AND T.S'ED,,,,1,91,2791
26-JUL-2007,51,Virginia,VA,173,1,Detection Monitoring (on-frame),,1,3,6,1,312,621,yellow-poplar,14.5,,2,2,105,60,18,25,0,25,,15,,,,,,,,,,1,1,Timberland,520,Chestnut oak,96,1,1,41,97,1997,2000,16,91,82,A GROUP OF 3 POPLARS,,,,1,91,2791
26-JUL-2007,51,Virginia,VA,183,1,Detection Monitoring (on-frame),,1,1,1,1,290,802,white oak,11.6,,2,2,120,50,25,30,0,55,,15,,,,,,,,,,1,1,Timberland,530,White oak-red oak-hickory,61,1,1,84,81,1995,2000,16,,70,,,,,2,62,2711
26-JUL-2007,51,Virginia,VA,183,1,Detection Monitoring (on-frame),,1,1,2,1,291,833,northern red oak,12.7,,2,2,150,55,23,28,0,60,,15,,,,,,,,,,1,1,Timberland,530,White oak-red oak-hickory,61,1,1,336,86,1995,2000,16,,70,,,,,2,69,2711
26-JUL-2007,51,Virginia,VA,183,1,Detection Monitoring (on-frame),,1,4,3,1,292,831,willow oak,12.1,,2,2,120,50,24,27,0,65,,20,,,,,,,,,,2,1,Timberland,620,Sweetgum-Nuttall oak-willow oak,60,1,1,267,59.6,1997,2000,16,50,60,,,,,1,50,2711
26-JUL-2007,51,Virginia,VA,183,1,Detection Monitoring (on-frame),,1,4,4,1,293,611,sweetgum,9.5,,2,2,210,45,21,25,0,35,,15,,,,,,,,,,2,1,Timberland,620,Sweetgum-Nuttall oak-willow oak,60,1,1,320,70.3,1997,2000,16,45,65,,,,,1,45,2711
26-JUL-2007,51,Virginia,VA,187,1,Detection Monitoring (on-frame),,2,3,3,1,1463,837,black oak,12.9,,2,2,210,55,23,28,5,45,,15,,,,,,,,,,2,1,Timberland,540,White oak,45,1,1,90,63.2,1997,2000,16,45,60,,,,,1,45,4048
26-JUL-2007,51,Virginia,VA,187,1,Detection Monitoring (on-frame),,2,3,4,1,1464,837,black oak,12,,2,2,360,50,21,23,5,45,,15,,,,,,,,,,2,1,Timberland,540,White oak,45,1,1,88,77.8,1997,2000,16,43,60,,,,,1,43,4048
26-JUL-2007,51,Virginia,VA,191,1,Detection Monitoring (on-frame),,1,3,5,1,313,832,chestnut oak,17.5,,2,2,135,55,25,29,0,50,,10,,,,,,,,,,1,1,Timberland,560,Yellow-poplar-white oak-n. red oak,90,1,1,183,62,1997,2000,16,89,84,,,,,1,89,2806
26-JUL-2007,51,Virginia,VA,191,1,Detection Monitoring (on-frame),,1,3,6,1,314,832,chestnut oak,27.8,,2,2,75,65,41,43,0,50,,10,,,,,,,,,,1,1,Timberland,560,Yellow-poplar-white oak-n. red oak,90,1,1,19,72,1997,2000,16,92,108,,,,,1,92,2806
26-JUL-2007,51,Virginia,VA,550,1,Detection Monitoring (on-frame),,1,1,1,1,288,128,pond pine,17.8,,2,2,90,35,14,18,0,35,,20,,,,,,,,,,1,1,Timberland,360,Pond pine,62,1,1,260,79.1,1995,2000,16,,80,,,,,2,46,2688
26-JUL-2007,51,Virginia,VA,550,1,Detection Monitoring (on-frame),,1,1,2,1,289,316,red maple,15.1,,2,2,60,40,30,35,0,50,,20,,,,,,,,,,1,1,Timberland,360,Pond pine,62,1,1,280,78,1995,2000,16,,75,,,,,2,48,2688
