LAST_UPDATE,STATE,STATE_DESCR,STATE_ABBREV,COUNTY,PROJECT,PROJECT_DESCR,HEXAGON_NBR,PLOT_NBR,POINT_NBR,PLOT_TREE_NBR,SITE_TREE_TYPE,PK_SITE_TREE,FHM_SPECIES,SPECIES_COMMON_NAME,DBH,DRC,CROWN_CLASS,COMPETING_BASAL_AREA,CROWN_DENSITY,CROWN_DIAMETER_90,CROWN_DIAMETER_WIDE,CROWN_DIEBACK,CROWN_RATIO,NBR_STEMS,FOLIAGE_TRANSPARENCY,TREE_DAMAGE1_1995,TREE_DAMAGE_LOC1_1995,TREE_DAMAGE_SEVERITY1_1995,TREE_DAMAGE2_1995,TREE_DAMAGE_LOC2_1995,TREE_DAMAGE_SEVERITY2_1995,TREE_DAMAGE3_1995,TREE_DAMAGE_LOC3_1995,TREE_DAMAGE_SEVERITY3_1995,CONDITION_CLASS_NBR,LAND_USE_CLASS,LAND_USE_CLASS_DESCR,FOREST_TYPE,FOREST_TYPE_DESCR,STAND_AGE,STAND_ORIGIN,STAND_SIZE_CLASS,AZIMUTH,DISTANCE,ENTRANCE_YEAR,EXIT_YEAR,EXIT_REASON,TREE_AGE,TREE_HEIGHT,TREE_NOTE,OFFICE_NOTE_YEAR,OFFICE_NOTE_SHORT,OFFICE_NOTE_LONG,SITE_TREE_HISTORY,P3ID
26-JUL-2007,51,Virginia,VA,3,1,Detection Monitoring (on-frame),,1,3,1,1,412,832,chestnut oak,17,,2,135,45,29,42,5,40,,5,,,,,,,,,,1,1,Timberland,520,Chestnut oak,66,1,1,216,79.4,1995,2000,16,82,61,,,,,1,3267
26-JUL-2007,51,Virginia,VA,3,1,Detection Monitoring (on-frame),,1,3,2,1,413,832,chestnut oak,13.6,,2,90,55,29,32,5,35,,10,,,,,,,,,,1,1,Timberland,520,Chestnut oak,66,1,1,80,68.8,1995,2000,16,96,76,,,,,1,3267
26-JUL-2007,51,Virginia,VA,5,1,Detection Monitoring (on-frame),,1,4,1,1,431,802,white oak,14.4,,2,240,50,33,38,5,45,,10,,,,,,,,,,1,1,Timberland,540,White oak,86,1,1,338,103,1995,2000,16,53,101,,,,,1,3285
26-JUL-2007,51,Virginia,VA,5,1,Detection Monitoring (on-frame),,1,4,2,1,432,802,white oak,14.8,,2,270,45,26,32,5,60,,5,,,,,,,,,,1,1,Timberland,540,White oak,86,1,1,341,144,1995,2000,16,60,85,,,,,1,3285
26-JUL-2007,51,Virginia,VA,5,1,Detection Monitoring (on-frame),,1,1,1,1,448,832,chestnut oak,8.8,,2,180,45,14,22,5,60,,15,,,,,,,,,,1,1,Timberland,520,Chestnut oak,76,1,1,330,70,1995,1998,14,90,53,,,,,1,3303
26-JUL-2007,51,Virginia,VA,5,1,Detection Monitoring (on-frame),,1,1,2,1,449,837,black oak,14.8,,2,180,60,26,32,10,55,,5,,,,,,,,,,1,1,Timberland,520,Chestnut oak,76,1,1,321,73,1995,1998,14,112,68,,,,,1,3303
26-JUL-2007,51,Virginia,VA,5,1,Detection Monitoring (on-frame),,1,1,2,1,451,832,chestnut oak,10.6,,3,90,45,19,20,0,40,,10,,,,,,,,,,1,1,Timberland,520,Chestnut oak,64,1,2,186,96,1995,2000,16,64,46,,,,,1,3307
26-JUL-2007,51,Virginia,VA,7,1,Detection Monitoring (on-frame),,1,1,2,1,404,131,loblolly pine,9.7,,3,90,35,19,22,0,30,,20,,,,,,,,,,1,1,Timberland,310,Loblolly pine,25,2,2,103,62.8,1995,2000,16,18,48,45 FEET IN FROM PROPERTY LINE.,,,,1,3257
26-JUL-2007,51,Virginia,VA,7,1,Detection Monitoring (on-frame),,1,4,1,1,403,611,sweetgum,8.5,,3,60,45,16,18,0,25,,20,,,,,,,,,,2,1,Timberland,530,White oak-red oak-hickory,33,1,2,267,80.8,1995,1999,14,24,56,BY BOUNDARY EDGE. NEAR STREAM.,,,,1,3257
26-JUL-2007,51,Virginia,VA,15,1,Detection Monitoring (on-frame),,1,4,1,1,55,802,white oak,13,,3,90,40,17,27,10,45,,25,,,,,,,,,,1,1,Timberland,530,White oak-red oak-hickory,97,1,1,302,81.8,1995,2000,16,70,90,,,,,1,4035
26-JUL-2007,51,Virginia,VA,15,1,Detection Monitoring (on-frame),,1,4,2,1,56,806,scarlet oak,10.4,,2,75,55,24,26,5,65,,15,,,,,,,,,,1,1,Timberland,530,White oak-red oak-hickory,97,1,1,280,123.7,1995,1999,14,60,55,ON THE LEFT SIDE OF ROAD,,,,1,4035
26-JUL-2007,51,Virginia,VA,15,1,Detection Monitoring (on-frame),,1,3,1,1,476,132,Virginia pine,10.7,,2,150,50,14,15,0,20,,10,,,,,,,,,,1,1,Timberland,330,Virginia pine,69,1,1,122,60.3,1995,2000,16,76,66,,,,,1,4055
26-JUL-2007,51,Virginia,VA,15,1,Detection Monitoring (on-frame),,1,3,2,1,477,132,Virginia pine,10.7,,3,135,70,17,20,0,20,,15,,,,,,,,,,1,1,Timberland,330,Virginia pine,69,1,1,25,64.3,1995,2000,16,84,58,,,,,1,4055
26-JUL-2007,51,Virginia,VA,15,1,Detection Monitoring (on-frame),,1,3,1,1,480,316,red maple,9.9,,3,120,50,18,24,0,70,,10,,,,,,,,,,1,1,Timberland,520,Chestnut oak,90,1,2,74,82.5,1995,2000,16,59,56,IN FERN AREA.,,,,1,4061
26-JUL-2007,51,Virginia,VA,17,1,Detection Monitoring (on-frame),,1,3,1,1,437,132,Virginia pine,15,,2,75,45,17,20,5,30,,10,,,,,,,,,,1,1,Timberland,520,Chestnut oak,80,1,1,220,74.4,1995,2000,16,83,75,,,,,1,3290
26-JUL-2007,51,Virginia,VA,17,1,Detection Monitoring (on-frame),,1,3,2,1,438,806,scarlet oak,11.7,,2,105,40,18,26,5,30,,10,,,,,,,,,,1,1,Timberland,520,Chestnut oak,80,1,1,62,106.2,1995,2000,16,56,63,,,,,1,3290
26-JUL-2007,51,Virginia,VA,17,1,Detection Monitoring (on-frame),,1,3,1,1,478,802,white oak,17.3,,2,120,50,32,36,10,55,,5,,,,,,,,,,1,1,Timberland,530,White oak-red oak-hickory,92,1,1,245,88,1995,2000,16,94,67,,,,,1,4057
26-JUL-2007,51,Virginia,VA,17,1,Detection Monitoring (on-frame),,1,3,2,1,479,400,hickory,9.2,,3,135,40,21,23,0,80,,5,,,,,,,,,,1,1,Timberland,530,White oak-red oak-hickory,92,1,1,154,112.4,1995,2000,16,64,42,,,,,1,4057
26-JUL-2007,51,Virginia,VA,19,1,Detection Monitoring (on-frame),,1,2,1,1,424,832,chestnut oak,13.4,,2,180,60,15,22,5,40,,10,,,,,,,,,,1,1,Timberland,520,Chestnut oak,64,1,1,344,70,1995,2000,16,75,83,,,,,1,3279
26-JUL-2007,51,Virginia,VA,19,1,Detection Monitoring (on-frame),,1,2,2,1,425,832,chestnut oak,10.8,,3,210,60,11,16,5,35,,10,,,,,,,,,,1,1,Timberland,520,Chestnut oak,64,1,1,346,120,1995,2000,16,75,68,,,,,1,3279
26-JUL-2007,51,Virginia,VA,19,1,Detection Monitoring (on-frame),,1,2,1,1,426,832,chestnut oak,11.4,,2,90,60,27,32,5,75,,15,,,,,,,,,,1,1,Timberland,520,Chestnut oak,81,1,2,126,58.2,1993,2000,16,58,45,,,,,1,3283
26-JUL-2007,51,Virginia,VA,19,1,Detection Monitoring (on-frame),,1,2,2,1,427,802,white oak,14,,2,120,40,23,32,15,65,,10,,,,,,,,,,1,1,Timberland,520,Chestnut oak,81,1,2,44,56,1993,2000,16,75,77,,,,,1,3283
26-JUL-2007,51,Virginia,VA,21,1,Detection Monitoring (on-frame),,1,1,1,1,454,802,white oak,11.3,,2,210,60,33,48,5,55,,5,,,,,,,,,,1,1,Timberland,450,Virginia pine-southern red oak,60,1,1,58,55,1995,2000,16,107,63,,,,,1,3313
26-JUL-2007,51,Virginia,VA,21,1,Detection Monitoring (on-frame),,1,1,2,1,455,132,Virginia pine,9.1,,2,210,60,15,16,10,35,,10,,,,,,,,,,1,1,Timberland,450,Virginia pine-southern red oak,60,1,1,68,72,1995,2000,16,63,56,,,,,1,3313
26-JUL-2007,51,Virginia,VA,23,1,Detection Monitoring (on-frame),,1,1,1,1,430,832,chestnut oak,11.7,,2,0,45,25,27,5,70,,10,,,,,,,,,,1,1,Timberland,520,Chestnut oak,84,1,1,200,72.7,1995,2000,16,93,45,,,,,1,3284
26-JUL-2007,51,Virginia,VA,25,1,Detection Monitoring (on-frame),,1,2,1,1,9,131,loblolly pine,5.9,,3,60,40,13,13,0,70,,25,,,,,,,,,,1,1,Timberland,310,Loblolly pine,20,2,3,101,88.6,1995,2000,16,16,35,NEAR COMPANY ROAD.,,,,1,2712
26-JUL-2007,51,Virginia,VA,25,1,Detection Monitoring (on-frame),,1,3,2,1,10,131,loblolly pine,7.3,,3,120,40,15,17,0,30,,20,,,,,,,,,,1,1,Timberland,310,Loblolly pine,20,2,3,26,64.9,1995,2000,16,16,51,NEAR COMPANY ROAD.,,,,1,2712
26-JUL-2007,51,Virginia,VA,27,1,Detection Monitoring (on-frame),,1,2,1,1,456,832,chestnut oak,7.3,,3,120,55,14,27,5,75,,15,,,,,,,,,,1,1,Timberland,530,White oak-red oak-hickory,66,1,1,273,93.4,1993,2000,16,34,62,,,,,1,3317
26-JUL-2007,51,Virginia,VA,27,1,Detection Monitoring (on-frame),,1,2,2,1,457,409,mockernut hickory,12.2,,2,210,45,18,24,15,70,,5,,,,,,,,,,1,1,Timberland,530,White oak-red oak-hickory,66,1,1,274,153.4,1993,2000,16,84,77,,,,,1,3317
26-JUL-2007,51,Virginia,VA,29,1,Detection Monitoring (on-frame),,1,3,1,1,407,621,yellow-poplar,11,,2,45,45,22,26,10,30,,0,,,,,,,,,,3,1,Timberland,720,River birch-sycamore,75,1,1,6,68.7,1995,1999,14,38,72,,,,,1,3260
26-JUL-2007,51,Virginia,VA,29,1,Detection Monitoring (on-frame),,1,3,2,1,408,621,yellow-poplar,9.2,,2,45,55,17,22,0,35,,10,,,,,,,,,,3,1,Timberland,720,River birch-sycamore,75,1,1,355,62.3,1995,1999,14,35,64,,,,,1,3260
26-JUL-2007,51,Virginia,VA,29,1,Detection Monitoring (on-frame),,1,1,1,1,409,621,yellow-poplar,11.2,,2,15,55,21,22,0,40,,10,,,,,,,,,,1,1,Timberland,560,Yellow-poplar-white oak-n. red oak,39,1,2,67,67.9,1995,1997,14,33,77,,,,,1,3265
26-JUL-2007,51,Virginia,VA,29,1,Detection Monitoring (on-frame),,1,2,2,1,410,621,yellow-poplar,11.2,,2,15,55,21,22,0,40,,10,,,,,,,,,,2,1,Timberland,530,White oak-red oak-hickory,85,1,1,146,72.6,1995,1997,14,33,77,,,,,1,3265
26-JUL-2007,51,Virginia,VA,29,1,Detection Monitoring (on-frame),,1,4,3,1,411,621,yellow-poplar,8.3,,2,60,65,22,24,0,50,,5,,,,,,,,,,1,1,Timberland,560,Yellow-poplar-white oak-n. red oak,39,1,2,154,71.1,1995,2000,16,28,73,,,,,1,3265
26-JUL-2007,51,Virginia,VA,31,1,Detection Monitoring (on-frame),,1,4,1,1,420,132,Virginia pine,8.9,,2,120,40,15,21,10,30,,15,,,,,,,,,,1,1,Timberland,330,Virginia pine,37,1,2,284,65,1995,1997,14,46,74,,,,,1,3274
26-JUL-2007,51,Virginia,VA,31,1,Detection Monitoring (on-frame),,1,3,1,1,421,110,shortleaf pine,10.7,,3,90,30,13,15,0,30,,25,,,,,,,,,,1,1,Timberland,330,Virginia pine,54,1,2,29,75.3,1995,2000,16,32,68,GOOD TREE.,,,,1,3275
26-JUL-2007,51,Virginia,VA,31,1,Detection Monitoring (on-frame),,1,4,2,1,422,110,shortleaf pine,12.5,,2,60,35,18,21,0,30,,25,,,,,,,,,,1,1,Timberland,330,Virginia pine,54,1,2,18,66,1995,2000,16,68,86,NEAR SEASONAL CREEK.,,,,1,3275
26-JUL-2007,51,Virginia,VA,31,1,Detection Monitoring (on-frame),,1,4,1,1,423,802,white oak,12.2,,2,140,70,18,21,0,95,,5,,,,,,,,,,1,1,Timberland,530,White oak-red oak-hickory,61,1,1,158,76.5,1995,1998,14,115,76,,,,,1,3276
26-JUL-2007,51,Virginia,VA,33,1,Detection Monitoring (on-frame),,1,1,2,1,459,837,black oak,7.5,,2,15,45,14,18,10,55,,5,,,,,,,,,,1,1,Timberland,562,Sweetgum-yellow-popular,5,1,3,150,71.3,1995,1998,14,63,50,,,,,1,4012
26-JUL-2007,51,Virginia,VA,33,1,Detection Monitoring (on-frame),,1,3,1,1,458,802,white oak,10.3,,2,15,55,25,27,0,55,,5,,,,,,,,,,1,1,Timberland,562,Sweetgum-yellow-popular,5,1,3,72,64.4,1995,1998,14,60,56,,,,,1,4012
26-JUL-2007,51,Virginia,VA,33,1,Detection Monitoring (on-frame),,1,2,1,1,46,611,sweetgum,19.4,,2,165,45,23,33,5,25,,5,,,,,,,,,,1,1,Timberland,562,Sweetgum-yellow-popular,50,1,1,321,64,1995,2000,16,89,107,,,,,1,4013
26-JUL-2007,51,Virginia,VA,35,1,Detection Monitoring (on-frame),,1,2,3,1,377,129,eastern white pine,7.7,,2,120,55,14,25,5,95,,10,,,,,,,,,,2,1,Timberland,30,White pine,21,2,3,201,35.5,1995,2000,16,17,29,,,,,1,2766
26-JUL-2007,51,Virginia,VA,35,1,Detection Monitoring (on-frame),,1,3,1,1,375,409,mockernut hickory,8.6,,2,210,65,18,33,5,45,,5,,,,,,,,,,3,1,Timberland,530,White oak-red oak-hickory,25,1,2,139,61.2,1995,1997,14,49,72,,,,,1,2766
26-JUL-2007,51,Virginia,VA,35,1,Detection Monitoring (on-frame),,1,3,2,1,376,409,mockernut hickory,7.4,,2,180,55,9,16,0,80,,5,,,,,,,,,,3,1,Timberland,530,White oak-red oak-hickory,25,1,2,164,59.6,1995,2000,16,40,53,,,,,1,2766
26-JUL-2007,51,Virginia,VA,36,1,Detection Monitoring (on-frame),,1,2,1,1,395,131,loblolly pine,12.6,,3,75,40,16,22,0,90,,5,,,,,,,,,,1,1,Timberland,562,Sweetgum-yellow-popular,20,1,2,95,62.5,1993,2000,16,26,48,,,,,1,3237
26-JUL-2007,51,Virginia,VA,36,1,Detection Monitoring (on-frame),,1,4,2,1,396,611,sweetgum,12,,2,90,60,12,22,0,55,,0,,,,,,,,,,1,1,Timberland,562,Sweetgum-yellow-popular,20,1,2,311,61.8,1993,2000,16,58,66,,,,,1,3237
26-JUL-2007,51,Virginia,VA,37,1,Detection Monitoring (on-frame),,1,4,1,1,16,316,red maple,12.9,,2,180,60,30,37,5,45,,10,,,,,,,,,,1,1,Timberland,530,White oak-red oak-hickory,16,1,3,303,71,1995,2000,16,75,84,,,,,1,2728
26-JUL-2007,51,Virginia,VA,37,1,Detection Monitoring (on-frame),,1,4,2,1,17,400,hickory,10.7,,2,210,65,21,23,0,55,,15,,,,,,,,,,1,1,Timberland,530,White oak-red oak-hickory,16,1,3,108,76,1995,1997,14,63,80,,,,,1,2728
26-JUL-2007,51,Virginia,VA,41,1,Detection Monitoring (on-frame),,1,3,1,1,29,806,scarlet oak,12.4,,2,60,40,24,34,0,45,,10,,,,,,,,,,1,1,Timberland,590,Mixed central hardwood,24,1,3,36,91,1995,2000,16,50,64,,,,,1,3238
26-JUL-2007,51,Virginia,VA,41,1,Detection Monitoring (on-frame),,1,4,2,1,30,131,loblolly pine,12.3,,3,90,40,15,27,0,25,,20,,,,,,,,,,2,1,Timberland,310,Loblolly pine,37,2,2,195,96.5,1995,2000,16,29,69,,,,,1,3238
26-JUL-2007,51,Virginia,VA,41,1,Detection Monitoring (on-frame),,1,2,1,1,397,802,white oak,10.4,,2,105,35,18,21,5,30,,0,,,,,,,,,,1,1,Timberland,530,White oak-red oak-hickory,70,1,1,253,68.2,1995,2000,16,66,67,,,,,1,3244
26-JUL-2007,51,Virginia,VA,41,1,Detection Monitoring (on-frame),,1,2,2,1,398,837,black oak,14.5,,3,75,45,39,47,5,40,,10,,,,,,,,,,1,1,Timberland,530,White oak-red oak-hickory,70,1,1,326,78.1,1995,2000,16,63,82,,,,,1,3244
26-JUL-2007,51,Virginia,VA,45,1,Detection Monitoring (on-frame),,1,2,1,1,441,832,chestnut oak,12.4,,2,30,40,18,32,5,55,,10,,,,,,,,,,1,1,Timberland,520,Chestnut oak,60,1,2,54,38.2,1995,1998,14,70,39,,,,,1,3297
26-JUL-2007,51,Virginia,VA,45,1,Detection Monitoring (on-frame),,1,2,2,1,442,832,chestnut oak,7.5,,2,120,55,21,24,5,45,,15,,,,,,,,,,1,1,Timberland,520,Chestnut oak,60,1,2,48,72.2,1995,2000,16,44,37,,,,,1,3297
26-JUL-2007,51,Virginia,VA,45,1,Detection Monitoring (on-frame),,1,4,1,1,443,832,chestnut oak,12.8,,2,60,40,25,28,0,25,,10,,,,,,,,,,1,1,Timberland,520,Chestnut oak,34,1,2,170,74.3,1995,2000,16,95,64,NEAR DRAIN.,,,,1,3298
26-JUL-2007,51,Virginia,VA,47,1,Detection Monitoring (on-frame),,1,2,1,1,53,132,Virginia pine,5.2,,3,90,45,12,16,0,65,,20,,,,,,,,,,2,1,Timberland,330,Virginia pine,25,1,3,31,63,1995,1999,14,18,35,,,,,1,4025
26-JUL-2007,51,Virginia,VA,47,1,Detection Monitoring (on-frame),,1,4,2,1,54,762,black cherry,10.5,,3,90,45,21,22,5,40,,10,,,,,,,,,,1,1,Timberland,450,Virginia pine-southern red oak,40,1,1,224,86.6,1995,2000,16,31,68,THE TREE IS NOT STRAIGHT.GOOD TREE,,,,1,4025
26-JUL-2007,51,Virginia,VA,49,1,Detection Monitoring (on-frame),,1,2,1,1,405,812,southern red oak,11.4,,3,90,65,18,24,0,40,,5,,,,,,,,,,1,1,Timberland,590,Mixed central hardwood,50,1,1,291,107.4,1995,2000,16,52,58,,,,,1,3259
26-JUL-2007,51,Virginia,VA,49,1,Detection Monitoring (on-frame),,1,2,2,1,406,837,black oak,14.3,,3,120,55,25,26,10,35,,5,,,,,,,,,,1,1,Timberland,590,Mixed central hardwood,50,1,1,252,108.3,1995,2000,16,55,62,,,,,1,3259
26-JUL-2007,51,Virginia,VA,49,1,Detection Monitoring (on-frame),,1,1,2,1,42,621,yellow-poplar,8.4,,2,120,65,19,20,0,50,,5,,,,,,,,,,1,1,Timberland,562,Sweetgum-yellow-popular,25,1,2,354,61.3,1995,1998,14,21,75,,,,,1,3263
26-JUL-2007,51,Virginia,VA,49,1,Detection Monitoring (on-frame),,1,2,1,1,41,621,yellow-poplar,9.9,,3,90,40,16,20,0,45,,10,,,,,,,,,,1,1,Timberland,562,Sweetgum-yellow-popular,25,1,2,135,88.5,1995,1997,14,22,74,,,,,1,3263
26-JUL-2007,51,Virginia,VA,51,1,Detection Monitoring (on-frame),,1,4,1,1,388,409,mockernut hickory,12.7,,2,90,60,19,25,5,45,,10,,,,,,,,,,3,1,Timberland,998,Indeterminate,45,1,1,196,61,1995,2000,16,61,78,,,,,1,2809
26-JUL-2007,51,Virginia,VA,63,1,Detection Monitoring (on-frame),,1,2,1,1,439,129,eastern white pine,11.2,,3,330,60,11,23,10,25,,20,,,,,,,,,,1,1,Timberland,30,White pine,54,2,1,331,60,1993,2000,16,35,76,,,,,1,3291
26-JUL-2007,51,Virginia,VA,65,1,Detection Monitoring (on-frame),,1,2,1,1,418,132,Virginia pine,10.1,,2,90,55,19,22,0,35,,10,,,,,,,,,,1,1,Timberland,450,Virginia pine-southern red oak,47,1,2,327,68.6,1995,1998,14,44,68,,,,,1,3270
26-JUL-2007,51,Virginia,VA,65,1,Detection Monitoring (on-frame),,1,2,2,1,419,132,Virginia pine,7.2,,3,105,45,9,16,5,30,,15,,,,,,,,,,1,1,Timberland,450,Virginia pine-southern red oak,47,1,2,110,61.6,1995,2000,16,46,49,,,,,1,3270
26-JUL-2007,51,Virginia,VA,69,1,Detection Monitoring (on-frame),,1,2,1,1,483,621,yellow-poplar,19.5,,2,135,60,22,24,0,45,,0,,,,,,,,,,1,1,Timberland,520,Chestnut oak,95,1,1,228,63.5,1995,2000,16,77,88,,,,,1,4806
26-JUL-2007,51,Virginia,VA,69,1,Detection Monitoring (on-frame),,1,2,2,1,484,540,ash,15.2,,3,90,55,30,39,5,25,,10,,,,,,,,,,1,1,Timberland,520,Chestnut oak,95,1,1,64,105.4,1995,2000,16,71,85,,,,,1,4806
26-JUL-2007,51,Virginia,VA,69,1,Detection Monitoring (on-frame),,1,3,3,1,485,693,blackgum,7,,3,105,65,15,18,0,55,,0,,,,,,,,,,2,1,Timberland,530,White oak-red oak-hickory,40,1,2,49,73.8,1995,2000,16,31,46,,,,,1,4806
26-JUL-2007,51,Virginia,VA,69,1,Detection Monitoring (on-frame),,1,3,4,1,486,693,blackgum,9.2,,3,60,60,15,19,5,65,,5,,,,,,,,,,2,1,Timberland,530,White oak-red oak-hickory,40,1,2,81,79.8,1995,2000,16,43,52,,,,,1,4806
26-JUL-2007,51,Virginia,VA,71,1,Detection Monitoring (on-frame),,1,2,1,1,446,833,northern red oak,11.4,,2,120,50,14,19,5,60,,15,,,,,,,,,,1,1,Timberland,520,Chestnut oak,91,1,1,115,61,1993,2000,16,63,83,,,,,1,3299
26-JUL-2007,51,Virginia,VA,71,1,Detection Monitoring (on-frame),,1,2,2,1,447,833,northern red oak,9.2,,2,120,65,12,14,10,60,,20,,,,,,,,,,1,1,Timberland,520,Chestnut oak,91,1,1,118,84.2,1993,2000,16,62,93,,,,,1,3299
26-JUL-2007,51,Virginia,VA,75,1,Detection Monitoring (on-frame),,1,1,3,1,33,132,Virginia pine,8,,2,90,45,17,18,5,40,,10,,,,,,,,,,1,1,Timberland,330,Virginia pine,42,1,1,213,89.4,1995,2000,16,38,53,TREE IS DOWN WOODS ROAD.,,,,1,3246
26-JUL-2007,51,Virginia,VA,75,1,Detection Monitoring (on-frame),,1,1,4,1,34,806,scarlet oak,9.1,,3,105,50,21,27,10,60,,10,,,,,,,,,,1,1,Timberland,330,Virginia pine,42,1,1,28,78.3,1995,2000,16,34,62,TREE NEAR PAVED ROAD.,,,,1,3246
26-JUL-2007,51,Virginia,VA,75,1,Detection Monitoring (on-frame),,1,2,1,1,31,806,scarlet oak,12.7,,3,30,55,28,31,5,30,,10,,,,,,,,,,2,1,Timberland,530,White oak-red oak-hickory,70,1,1,30,148.9,1995,2000,16,76,70,,,,,1,3246
26-JUL-2007,51,Virginia,VA,75,1,Detection Monitoring (on-frame),,1,2,2,1,32,802,white oak,12,,2,30,45,22,22,5,35,,10,,,,,,,,,,2,1,Timberland,530,White oak-red oak-hickory,70,1,1,333,115.7,1995,2000,16,50,77,95 CREW EXPECTS DENSITY TO GREATLY,,,,1,3246
26-JUL-2007,51,Virginia,VA,77,1,Detection Monitoring (on-frame),,1,4,1,1,379,372,sweet birch,13.5,,2,60,55,19,38,20,60,,10,,,,,,,,,,1,1,Timberland,560,Yellow-poplar-white oak-n. red oak,42,1,2,156,77.2,1995,2000,16,35,67,,,,,1,2786
26-JUL-2007,51,Virginia,VA,77,1,Detection Monitoring (on-frame),,1,4,2,1,380,316,red maple,10,,2,120,45,21,26,10,60,,10,,,,,,,,,,1,1,Timberland,560,Yellow-poplar-white oak-n. red oak,42,1,2,130,102,1995,2000,16,31,78,,,,,1,2786
26-JUL-2007,51,Virginia,VA,83,1,Detection Monitoring (on-frame),,1,1,2,1,367,373,river birch,21.1,,2,30,40,30,50,5,75,,10,,,,,,,,,,1,1,Timberland,720,River birch-sycamore,64,1,3,344,71.3,1995,2000,16,52,64,NEAR RIVER BANK.,,,,1,2729
26-JUL-2007,51,Virginia,VA,83,1,Detection Monitoring (on-frame),,1,3,1,1,366,611,sweetgum,15.6,,2,120,35,20,28,0,35,,10,,,,,,,,,,1,1,Timberland,720,River birch-sycamore,64,1,3,105,135.8,1995,2000,16,68,82,ONLY TREE ON LIST THAT COULD BE TA,,,,1,2729
26-JUL-2007,51,Virginia,VA,83,1,Detection Monitoring (on-frame),,1,1,1,1,18,611,sweetgum,12.8,,2,210,60,23,25,5,30,,10,,,,,,,,,,1,1,Timberland,560,Yellow-poplar-white oak-n. red oak,66,1,1,191,59.5,1995,1998,14,52,90,,,,,1,2731
26-JUL-2007,51,Virginia,VA,83,1,Detection Monitoring (on-frame),,1,4,2,1,19,132,Virginia pine,10.9,,2,270,50,13,21,5,25,,10,,,,,,,,,,1,1,Timberland,560,Yellow-poplar-white oak-n. red oak,66,1,1,74,63.4,1995,1998,14,46,84,,,,,1,2731
26-JUL-2007,51,Virginia,VA,91,1,Detection Monitoring (on-frame),,1,4,1,1,481,316,red maple,9.8,,2,75,50,14,16,0,25,,5,,,,,,,,,,1,1,Timberland,550,Northern red oak,60,1,1,325,69.3,1995,2000,16,48,57,,,,,1,4062
26-JUL-2007,51,Virginia,VA,91,1,Detection Monitoring (on-frame),,1,4,2,1,482,316,red maple,11.2,,3,150,80,26,27,0,40,,5,,,,,,,,,,1,1,Timberland,550,Northern red oak,60,1,1,304,64.1,1995,2000,16,48,56,,,,,1,4062
26-JUL-2007,51,Virginia,VA,93,1,Detection Monitoring (on-frame),,1,4,1,1,3,131,loblolly pine,9.9,,2,120,45,10,16,5,40,,15,,,,,,,,,,3,1,Timberland,460,Loblolly pine-hardwood,74,1,1,280,64.6,1993,2000,16,68,67,,,,,1,2690
26-JUL-2007,51,Virginia,VA,93,1,Detection Monitoring (on-frame),,1,4,2,1,4,131,loblolly pine,11.1,,2,240,40,9,18,15,40,,15,,,,,,,,,,3,1,Timberland,460,Loblolly pine-hardwood,74,1,1,203,66.3,1993,2000,16,62,56,,,,,1,2690
26-JUL-2007,51,Virginia,VA,95,1,Detection Monitoring (on-frame),,1,3,2,1,22,131,loblolly pine,7.8,,3,150,40,16,18,0,30,,15,,,,,,,,,,2,1,Timberland,310,Loblolly pine,33,1,2,29,60.5,1995,1999,14,30,47,,,,,1,3225
26-JUL-2007,51,Virginia,VA,95,1,Detection Monitoring (on-frame),,1,3,3,1,23,131,loblolly pine,12.7,,3,60,40,21,29,0,30,,15,,,,,,,,,,2,1,Timberland,310,Loblolly pine,33,1,2,20,69.4,1995,2000,16,21,52,,,,,1,3225
26-JUL-2007,51,Virginia,VA,95,1,Detection Monitoring (on-frame),,1,4,1,1,21,812,southern red oak,21.3,,2,45,50,44,46,5,40,,10,,,,,,,,,,1,1,Timberland,564,Yellow-popular,100,1,1,247,81.5,1995,2000,16,71,102,NEAR EDGE OF FOREST LINE.,,,,1,3225
26-JUL-2007,51,Virginia,VA,97,1,Detection Monitoring (on-frame),,1,1,1,1,389,621,yellow-poplar,15.9,,3,195,60,17,18,0,35,,10,,,,,,,,,,1,1,Timberland,460,Loblolly pine-hardwood,35,1,1,139,89.5,1995,2000,16,68,110,,,,,1,3227
26-JUL-2007,51,Virginia,VA,97,1,Detection Monitoring (on-frame),,1,2,2,1,390,131,loblolly pine,11.8,,2,165,45,12,14,0,20,,10,,,,,,,,,,1,1,Timberland,460,Loblolly pine-hardwood,35,1,1,292,109,1995,2000,16,32,92,,,,,1,3227
26-JUL-2007,51,Virginia,VA,105,1,Detection Monitoring (on-frame),,1,2,1,1,385,802,white oak,18.4,,2,60,45,38,42,5,55,,10,,,,,,,,,,1,1,Timberland,592,Sassafras-persimmon,16,1,3,305,63.4,1995,1999,14,52,84,FENCE NAILED TO BASE.,,,,1,2805
26-JUL-2007,51,Virginia,VA,109,1,Detection Monitoring (on-frame),,1,2,3,1,37,621,yellow-poplar,22.3,,2,165,75,33,37,0,40,,10,,,,,,,,,,1,1,Timberland,560,Yellow-poplar-white oak-n. red oak,65,1,1,357,79.5,1995,2000,16,49,104,,,,,1,3251
26-JUL-2007,51,Virginia,VA,109,1,Detection Monitoring (on-frame),,1,2,4,1,38,621,yellow-poplar,13.5,,3,195,45,20,28,0,35,,0,,,,,,,,,,1,1,Timberland,560,Yellow-poplar-white oak-n. red oak,65,1,1,15,71.4,1995,2000,16,44,88,,,,,1,3251
26-JUL-2007,51,Virginia,VA,109,1,Detection Monitoring (on-frame),,1,4,1,1,35,132,Virginia pine,10.9,,2,150,40,16,24,5,20,,10,,,,,,,,,,2,1,Timberland,330,Virginia pine,65,1,1,203,85.6,1995,2000,16,63,76,,,,,1,3251
26-JUL-2007,51,Virginia,VA,109,1,Detection Monitoring (on-frame),,1,4,2,1,36,621,yellow-poplar,12.5,,2,180,65,17,18,0,50,,5,,,,,,,,,,2,1,Timberland,330,Virginia pine,65,1,1,151,73.4,1995,2000,16,51,84,,,,,1,3251
26-JUL-2007,51,Virginia,VA,109,1,Detection Monitoring (on-frame),,1,1,1,1,43,621,yellow-poplar,14.2,,2,75,50,27,31,0,50,,15,,,,,,,,,,1,1,Timberland,560,Yellow-poplar-white oak-n. red oak,60,1,1,53,74.4,1995,2000,16,58,85,,,,,1,3269
26-JUL-2007,51,Virginia,VA,109,1,Detection Monitoring (on-frame),,1,4,2,1,44,802,white oak,13.7,,3,90,35,16,24,5,50,,10,,,,,,,,,,1,1,Timberland,560,Yellow-poplar-white oak-n. red oak,60,1,1,208,64.7,1995,2000,16,85,86,,,,,1,3269
26-JUL-2007,51,Virginia,VA,113,1,Detection Monitoring (on-frame),,1,2,1,1,466,832,chestnut oak,10.3,,2,30,35,14,18,10,35,,35,,,,,,,,,,1,1,Timberland,520,Chestnut oak,80,1,1,46,84.3,1995,2000,16,76,53,,,,,1,4041
26-JUL-2007,51,Virginia,VA,113,1,Detection Monitoring (on-frame),,1,2,2,1,467,832,chestnut oak,6.8,,3,45,40,9,16,10,50,,25,,,,,,,,,,1,1,Timberland,520,Chestnut oak,80,1,1,311,66.4,1995,2000,16,46,51,,,,,1,4041
26-JUL-2007,51,Virginia,VA,117,1,Detection Monitoring (on-frame),,1,1,1,1,11,812,southern red oak,15,,2,270,65,34,40,5,40,,15,,,,,,,,,,2,1,Timberland,530,White oak-red oak-hickory,84,1,1,243,191,1995,1999,14,50,92,,,,,1,2722
26-JUL-2007,51,Virginia,VA,117,1,Detection Monitoring (on-frame),,1,1,2,1,12,531,American beech,18.4,,3,240,50,24,38,15,90,,15,,,,,,,,,,2,1,Timberland,530,White oak-red oak-hickory,84,1,1,312,75,1995,1999,14,110,72,,,,,1,2722
26-JUL-2007,51,Virginia,VA,117,1,Detection Monitoring (on-frame),,1,3,3,1,13,611,sweetgum,7.6,,3,150,55,15,17,5,35,,15,,,,,,,,,,4,1,Timberland,720,River birch-sycamore,23,1,2,320,71,1995,2000,16,23,52,,,,,1,2722
26-JUL-2007,51,Virginia,VA,117,1,Detection Monitoring (on-frame),,1,1,1,1,14,131,loblolly pine,12.7,,2,60,55,24,26,10,85,,20,,,,,,,,,,1,1,Timberland,310,Loblolly pine,19,1,2,202,84.6,1995,2000,16,17,35,THIS TREE IS ALSO A WITNESS TREE,,,,1,2724
26-JUL-2007,51,Virginia,VA,117,1,Detection Monitoring (on-frame),,1,1,2,1,15,131,loblolly pine,7.4,,3,270,65,7,11,5,35,,15,,,,,,,,,,1,1,Timberland,310,Loblolly pine,19,1,2,80,69,1995,1997,14,13,39,,,,,1,2724
26-JUL-2007,51,Virginia,VA,125,1,Detection Monitoring (on-frame),,1,2,1,1,416,621,yellow-poplar,18.1,,2,120,75,27,34,0,45,,0,,,,,,,,,,1,1,Timberland,560,Yellow-poplar-white oak-n. red oak,35,1,1,124,95,1995,1998,14,43,108,,,,,1,3268
26-JUL-2007,51,Virginia,VA,125,1,Detection Monitoring (on-frame),,1,2,2,1,417,621,yellow-poplar,12.7,,3,105,70,21,25,0,50,,0,,,,,,,,,,1,1,Timberland,560,Yellow-poplar-white oak-n. red oak,35,1,1,239,201.4,1995,2000,16,28,80,,,,,1,3268
26-JUL-2007,51,Virginia,VA,133,1,Detection Monitoring (on-frame),,1,3,1,1,24,611,sweetgum,11.2,,3,105,55,8,11,5,25,,5,,,,,,,,,,2,1,Timberland,564,Yellow-popular,75,1,1,171,87.3,1995,2000,16,56,95,,,,,1,3228
26-JUL-2007,51,Virginia,VA,133,1,Detection Monitoring (on-frame),,1,3,2,1,25,611,sweetgum,12.9,,2,150,50,14,25,0,25,,5,,,,,,,,,,2,1,Timberland,564,Yellow-popular,75,1,1,156,86.9,1995,2000,16,51,97,,,,,1,3228
26-JUL-2007,51,Virginia,VA,135,1,Detection Monitoring (on-frame),,1,1,2,1,27,611,sweetgum,8.4,,2,180,60,16,25,0,95,,5,,,,,,,,,,1,1,Timberland,530,White oak-red oak-hickory,74,1,1,37,66.1,1995,2000,16,68,70,,,,,1,3233
26-JUL-2007,51,Virginia,VA,135,1,Detection Monitoring (on-frame),,1,1,3,1,28,621,yellow-poplar,11,,2,180,50,17,27,0,30,,10,,,,,,,,,,1,1,Timberland,530,White oak-red oak-hickory,74,1,1,34,90,1995,2000,16,43,78,,,,,1,3233
26-JUL-2007,51,Virginia,VA,135,1,Detection Monitoring (on-frame),,1,4,1,1,26,131,loblolly pine,9.6,,3,180,40,8,15,5,15,,20,,,,,,,,,,2,1,Timberland,310,Loblolly pine,51,1,1,345,58.7,1995,2000,16,45,75,,,,,1,3233
26-JUL-2007,51,Virginia,VA,137,1,Detection Monitoring (on-frame),,1,2,1,1,460,812,southern red oak,14.3,,2,45,55,35,44,5,45,,10,,,,,,,,,,1,1,Timberland,450,Virginia pine-southern red oak,46,1,1,36,97.7,1995,2000,16,46,73,,,,,1,4017
26-JUL-2007,51,Virginia,VA,137,1,Detection Monitoring (on-frame),,1,2,2,1,461,132,Virginia pine,10.1,,2,120,35,11,18,5,25,,15,,,,,,,,,,1,1,Timberland,450,Virginia pine-southern red oak,46,1,1,286,71.2,1995,2000,16,35,66,,,,,1,4017
26-JUL-2007,51,Virginia,VA,139,1,Detection Monitoring (on-frame),,1,4,1,1,468,832,chestnut oak,13.9,,2,105,55,18,32,0,40,,0,,,,,,,,,,1,1,Timberland,520,Chestnut oak,30,1,1,173,64.5,1995,2000,16,90,81,,,,,1,4043
26-JUL-2007,51,Virginia,VA,139,1,Detection Monitoring (on-frame),,1,4,2,1,469,832,chestnut oak,20.4,,3,120,65,24,40,5,30,,5,,,,,,,,,,1,1,Timberland,520,Chestnut oak,30,1,1,247,68.1,1995,2000,16,101,102,,,,,1,4043
26-JUL-2007,51,Virginia,VA,141,1,Detection Monitoring (on-frame),,1,1,1,1,372,802,white oak,14.5,,2,240,45,33,35,0,95,,15,,,,,,,,,,1,1,Timberland,530,White oak-red oak-hickory,50,1,1,37,145,1995,2000,16,74,94,,,,,1,2763
26-JUL-2007,51,Virginia,VA,141,1,Detection Monitoring (on-frame),,1,1,1,1,373,802,white oak,10.7,,2,90,60,27,32,0,45,,15,,,,,,,,,,1,1,Timberland,530,White oak-red oak-hickory,61,1,1,357,58.5,1995,2000,16,65,77,,,,,1,2764
26-JUL-2007,51,Virginia,VA,141,1,Detection Monitoring (on-frame),,1,1,2,1,374,832,chestnut oak,14.2,,2,60,60,26,29,0,70,,10,,,,,,,,,,1,1,Timberland,530,White oak-red oak-hickory,61,1,1,38,75.6,1995,2000,16,58,98,,,,,1,2764
26-JUL-2007,51,Virginia,VA,141,1,Detection Monitoring (on-frame),,1,1,1,1,378,409,mockernut hickory,10.7,,3,90,65,27,38,5,60,,15,,,,,,,,,,1,1,Timberland,550,Northern red oak,60,1,1,129,49,1995,2000,16,86,46,,,,,1,2769
26-JUL-2007,51,Virginia,VA,143,1,Detection Monitoring (on-frame),,1,1,1,1,368,132,Virginia pine,6.3,,3,0,35,11,12,5,20,,20,,,,,,,,,,1,1,Timberland,330,Virginia pine,16,1,2,190,70.7,1995,2000,16,18,38,,,,,1,2747
26-JUL-2007,51,Virginia,VA,143,1,Detection Monitoring (on-frame),,1,1,2,1,369,316,red maple,7.5,,2,30,35,18,20,0,75,,20,,,,,,,,,,1,1,Timberland,330,Virginia pine,16,1,2,301,83.2,1995,1999,14,31,49,IN CLEARCUT.,,,,1,2747
26-JUL-2007,51,Virginia,VA,143,1,Detection Monitoring (on-frame),,1,1,1,1,370,110,shortleaf pine,15.8,,2,180,45,11,26,5,40,,20,,,,,,,,,,1,1,Timberland,530,White oak-red oak-hickory,81,1,1,180,63.6,1995,1997,14,56,67,,,,,1,2749
26-JUL-2007,51,Virginia,VA,143,1,Detection Monitoring (on-frame),,1,1,2,1,371,812,southern red oak,8.8,,3,180,45,24,32,5,40,,15,,,,,,,,,,1,1,Timberland,530,White oak-red oak-hickory,81,1,1,178,88.6,1995,1997,14,54,52,,,,,1,2749
26-JUL-2007,51,Virginia,VA,143,1,Detection Monitoring (on-frame),,1,4,1,1,20,131,loblolly pine,6.4,,2,90,35,13,15,5,60,,20,,,,,,,,,,2,1,Timberland,450,Virginia pine-southern red oak,17,1,3,38,64.8,1995,2000,16,11,34,,,,,1,2750
26-JUL-2007,51,Virginia,VA,147,1,Detection Monitoring (on-frame),,1,1,2,1,40,132,Virginia pine,8.3,,2,90,45,14,19,15,60,,25,,,,,,,,,,1,1,Timberland,420,Eastern redcedar-hardwood,13,1,3,101,85.5,1995,2000,16,26,48,,,,,1,3254
26-JUL-2007,51,Virginia,VA,147,1,Detection Monitoring (on-frame),,1,2,1,1,39,731,sycamore,9.4,,2,120,60,24,25,5,35,,10,,,,,,,,,,2,1,Timberland,720,River birch-sycamore,31,1,2,204,40.6,1995,2000,16,25,73,,,,,1,3254
26-JUL-2007,51,Virginia,VA,147,1,Detection Monitoring (on-frame),,1,2,1,1,401,802,white oak,17.4,,2,120,55,22,24,0,45,,10,,,,,,,,,,1,1,Timberland,530,White oak-red oak-hickory,64,1,1,342,64,1995,2000,16,68,81,NEAR FIELD EDGE.,,,,1,3255
26-JUL-2007,51,Virginia,VA,147,1,Detection Monitoring (on-frame),,1,2,2,1,402,802,white oak,12.1,,3,180,50,17,19,5,50,,10,,,,,,,,,,1,1,Timberland,530,White oak-red oak-hickory,64,1,1,327,76.4,1995,2000,16,60,60,,,,,1,3255
26-JUL-2007,51,Virginia,VA,149,1,Detection Monitoring (on-frame),,1,2,1,1,391,131,loblolly pine,19.9,,2,45,30,32,38,5,45,,20,,,,,,,,,,3,1,Timberland,310,Loblolly pine,20,2,2,17,68.7,1995,2000,16,51,70,,,,,1,3234
26-JUL-2007,51,Virginia,VA,149,1,Detection Monitoring (on-frame),,1,2,2,1,392,611,sweetgum,11.6,,2,60,85,13,18,0,35,,0,,,,,,,,,,3,1,Timberland,310,Loblolly pine,20,2,2,357,95.4,1995,2000,16,51,76,,,,,1,3234
26-JUL-2007,51,Virginia,VA,149,1,Detection Monitoring (on-frame),,1,2,3,1,393,812,southern red oak,12.8,,3,45,60,32,36,5,50,,10,,,,,,,,,,1,1,Timberland,460,Loblolly pine-hardwood,20,1,2,204,81.2,1995,2000,16,49,64,,,,,1,3234
26-JUL-2007,51,Virginia,VA,149,1,Detection Monitoring (on-frame),,1,4,4,1,394,131,loblolly pine,10.9,,3,75,45,15,18,5,30,,0,,,,,,,,,,1,1,Timberland,460,Loblolly pine-hardwood,20,1,2,209,73.5,1995,2000,16,58,48,,,,,1,3234
26-JUL-2007,51,Virginia,VA,153,1,Detection Monitoring (on-frame),,1,4,1,1,462,132,Virginia pine,11,,2,105,45,14,22,5,20,,10,,,,,,,,,,1,1,Timberland,450,Virginia pine-southern red oak,68,1,1,320,67.8,1995,2000,16,54,68,,,,,1,4029
26-JUL-2007,51,Virginia,VA,153,1,Detection Monitoring (on-frame),,1,4,2,1,463,802,white oak,11.8,,3,135,45,14,18,10,20,,10,,,,,,,,,,1,1,Timberland,450,Virginia pine-southern red oak,68,1,1,254,78.5,1995,1997,14,64,81,,,,,1,4029
26-JUL-2007,51,Virginia,VA,155,1,Detection Monitoring (on-frame),,1,2,1,1,440,621,yellow-poplar,11.2,,2,150,60,27,29,0,50,,10,,,,,,,,,,1,1,Timberland,560,Yellow-poplar-white oak-n. red oak,50,1,1,151,88.5,1995,2000,16,42,83,,,,,1,3294
26-JUL-2007,51,Virginia,VA,163,1,Detection Monitoring (on-frame),,1,3,1,1,433,832,chestnut oak,8.5,,2,75,50,13,18,0,40,,5,,,,,,,,,,1,1,Timberland,520,Chestnut oak,74,1,1,226,73,1995,1997,14,78,61,,,,,1,3286
26-JUL-2007,51,Virginia,VA,163,1,Detection Monitoring (on-frame),,1,3,2,1,434,833,northern red oak,10.8,,3,90,35,10,23,10,60,,10,,,,,,,,,,1,1,Timberland,520,Chestnut oak,74,1,1,72,113.6,1995,1997,14,93,59,,,,,1,3286
26-JUL-2007,51,Virginia,VA,163,1,Detection Monitoring (on-frame),,1,2,1,1,435,621,yellow-poplar,8.3,,3,75,60,17,17,0,45,,0,,,,,,,,,,1,1,Timberland,520,Chestnut oak,40,1,2,85,71.4,1995,1998,14,21,60,,,,,1,3287
26-JUL-2007,51,Virginia,VA,163,1,Detection Monitoring (on-frame),,1,2,2,1,436,129,eastern white pine,8.7,,3,135,65,22,23,0,85,,10,,,,,,,,,,1,1,Timberland,520,Chestnut oak,40,1,2,134,75.8,1995,1998,14,23,39,,,,,1,3287
26-JUL-2007,51,Virginia,VA,165,1,Detection Monitoring (on-frame),,1,2,1,1,464,832,chestnut oak,15.1,,3,30,65,24,41,5,45,,5,,,,,,,,,,1,1,Timberland,520,Chestnut oak,75,1,1,103,65.7,1995,2000,16,58,61,,,,,1,4039
26-JUL-2007,51,Virginia,VA,165,1,Detection Monitoring (on-frame),,1,2,2,1,465,802,white oak,9,,2,120,50,16,26,10,30,,0,,,,,,,,,,1,1,Timberland,520,Chestnut oak,75,1,1,61,68,1995,2000,16,62,50,,,,,1,4039
26-JUL-2007,51,Virginia,VA,165,1,Detection Monitoring (on-frame),,1,3,1,1,470,802,white oak,12.7,,3,60,75,17,20,5,45,,5,,,,,,,,,,2,1,Timberland,410,White pine-n. red oak-white ash,45,1,2,343,126.4,1995,2000,16,56,55,,,,,1,4045
26-JUL-2007,51,Virginia,VA,165,1,Detection Monitoring (on-frame),,1,3,2,1,471,129,eastern white pine,12.3,,2,45,65,16,21,0,75,,5,,,,,,,,,,2,1,Timberland,410,White pine-n. red oak-white ash,45,1,2,333,99.8,1995,2000,16,24,43,,,,,1,4045
26-JUL-2007,51,Virginia,VA,165,1,Detection Monitoring (on-frame),,1,4,3,1,472,802,white oak,9.4,,2,30,65,24,33,0,65,,5,,,,,,,,,,1,1,Timberland,450,Virginia pine-southern red oak,45,1,2,173,78.5,1995,2000,16,36,52,,,,,1,4045
26-JUL-2007,51,Virginia,VA,165,1,Detection Monitoring (on-frame),,1,4,4,1,473,132,Virginia pine,8.7,,2,75,35,18,21,10,30,,20,,,,,,,,,,1,1,Timberland,450,Virginia pine-southern red oak,45,1,2,188,79.6,1995,2000,16,32,60,,,,,1,4045
26-JUL-2007,51,Virginia,VA,171,1,Detection Monitoring (on-frame),,1,1,1,1,474,832,chestnut oak,7.1,,3,210,45,13,15,0,60,,10,,,,,,,,,,1,1,Timberland,520,Chestnut oak,54,1,2,93,73.8,1995,2000,16,54,45,,,,,1,4050
26-JUL-2007,51,Virginia,VA,171,1,Detection Monitoring (on-frame),,1,1,2,1,475,833,northern red oak,8.1,,3,150,50,15,19,5,50,,10,,,,,,,,,,1,1,Timberland,520,Chestnut oak,54,1,2,91,87.8,1995,2000,16,52,47,STRAIGHT TREE FOR SITE.,,,,1,4050
26-JUL-2007,51,Virginia,VA,173,1,Detection Monitoring (on-frame),,1,4,1,1,381,316,red maple,13.5,,2,210,70,22,28,0,65,,5,,,,,,,,,,1,1,Timberland,810,Sugar maple-beech-yellow birch,76,1,1,165,70,1995,2000,16,56,67,,,,,1,2787
26-JUL-2007,51,Virginia,VA,173,1,Detection Monitoring (on-frame),,1,4,2,1,382,318,sugar maple,11,,2,150,60,22,25,0,85,,5,,,,,,,,,,1,1,Timberland,810,Sugar maple-beech-yellow birch,76,1,1,175,143,1995,2000,16,62,75,,,,,1,2787
26-JUL-2007,51,Virginia,VA,173,1,Detection Monitoring (on-frame),,1,2,1,1,383,832,chestnut oak,14.4,,2,120,45,27,32,5,45,,5,,,,,,,,,,1,1,Timberland,520,Chestnut oak,94,1,1,214,67,1993,2000,16,90,67,,,,,1,2791
26-JUL-2007,51,Virginia,VA,173,1,Detection Monitoring (on-frame),,1,2,2,1,384,812,southern red oak,9,,2,120,50,21,34,5,45,,5,,,,,,,,,,1,1,Timberland,520,Chestnut oak,94,1,1,214,120.2,1993,2000,16,45,68,,,,,1,2791
26-JUL-2007,51,Virginia,VA,177,1,Detection Monitoring (on-frame),,1,3,1,1,48,132,Virginia pine,6,,2,90,40,12,13,0,35,,20,,,,,,,,,,2,1,Timberland,320,Shortleaf pine,43,1,2,27,60.7,1995,2000,16,30,47,,,,,1,4014
26-JUL-2007,51,Virginia,VA,177,1,Detection Monitoring (on-frame),,1,3,2,1,49,132,Virginia pine,8.1,,2,60,40,16,18,0,40,,20,,,,,,,,,,2,1,Timberland,320,Shortleaf pine,43,1,2,31,77.9,1995,2000,16,27,49,,,,,1,4014
26-JUL-2007,51,Virginia,VA,177,1,Detection Monitoring (on-frame),,1,4,3,1,50,806,scarlet oak,13.6,,2,120,45,32,33,10,40,,10,,,,,,,,,,1,1,Timberland,530,White oak-red oak-hickory,73,1,1,249,63.2,1995,2000,16,71,84,LOCATED BY CREEK BED.,,,,1,4014
26-JUL-2007,51,Virginia,VA,179,1,Detection Monitoring (on-frame),,1,1,2,1,52,621,yellow-poplar,10.8,,2,105,50,15,19,0,45,,5,,,,,,,,,,1,1,Timberland,450,Virginia pine-southern red oak,35,1,2,164,95.2,1995,2000,16,34,80,,,,,1,4020
26-JUL-2007,51,Virginia,VA,179,1,Detection Monitoring (on-frame),,1,4,1,1,51,621,yellow-poplar,13.9,,2,120,65,13,20,0,60,,5,,,,,,,,,,1,1,Timberland,450,Virginia pine-southern red oak,35,1,2,99,101.3,1995,2000,16,36,87,,,,,1,4020
26-JUL-2007,51,Virginia,VA,183,1,Detection Monitoring (on-frame),,1,1,1,1,7,802,white oak,11.1,,2,150,65,38,42,5,70,,10,,,,,,,,,,1,1,Timberland,530,White oak-red oak-hickory,59,1,1,84,81,1995,2000,16,60,66,,,,,1,2711
26-JUL-2007,51,Virginia,VA,183,1,Detection Monitoring (on-frame),,1,1,2,1,8,833,northern red oak,12.4,,2,90,55,19,39,5,45,,10,,,,,,,,,,1,1,Timberland,530,White oak-red oak-hickory,59,1,1,336,86,1995,2000,16,67,84,,,,,1,2711
26-JUL-2007,51,Virginia,VA,185,1,Detection Monitoring (on-frame),,1,2,1,1,452,832,chestnut oak,8,,3,210,40,12,33,0,55,,10,,,,,,,,,,2,1,Timberland,530,White oak-red oak-hickory,61,1,2,87,52,1995,2000,16,45,47,,,,,1,3311
26-JUL-2007,51,Virginia,VA,185,1,Detection Monitoring (on-frame),,1,2,2,1,453,806,scarlet oak,15.2,,2,60,55,38,42,10,60,,25,,,,,,,,,,2,1,Timberland,530,White oak-red oak-hickory,61,1,2,25,64.5,1995,2000,16,51,63,,,,,1,3311
26-JUL-2007,51,Virginia,VA,191,1,Detection Monitoring (on-frame),,1,2,1,1,386,621,yellow-poplar,18,,2,120,65,27,48,5,35,,5,,,,,,,,,,1,1,Timberland,560,Yellow-poplar-white oak-n. red oak,88,1,1,106,79,1993,2000,16,46,122,,,,,1,2806
26-JUL-2007,51,Virginia,VA,191,1,Detection Monitoring (on-frame),,1,2,2,1,387,812,southern red oak,12.5,,2,200,45,19,38,5,65,,5,,,,,,,,,,1,1,Timberland,560,Yellow-poplar-white oak-n. red oak,88,1,1,83,80,1993,2000,16,43,102,,,,,1,2806
26-JUL-2007,51,Virginia,VA,193,1,Detection Monitoring (on-frame),,1,3,1,1,45,806,scarlet oak,6.2,,3,0,60,20,22,0,75,,10,,,,,,,,,,1,1,Timberland,562,Sweetgum-yellow-popular,14,1,3,358,93,1995,2000,16,14,28,IDEAL TREE FOR STAND AGE. RAINING.,,,,1,3982
26-JUL-2007,51,Virginia,VA,550,1,Detection Monitoring (on-frame),,1,1,1,1,1,128,pond pine,17.8,,2,180,45,21,26,10,20,,25,,,,,,,,,,1,1,Timberland,360,Pond pine,60,1,1,260,79.1,1995,2000,16,44,79,,,,,1,2688
26-JUL-2007,51,Virginia,VA,550,1,Detection Monitoring (on-frame),,1,1,2,1,2,316,red maple,14.8,,2,90,60,26,38,5,50,,10,,,,,,,,,,1,1,Timberland,360,Pond pine,60,1,1,280,78,1995,2000,16,46,75,,,,,1,2688
26-JUL-2007,51,Virginia,VA,800,1,Detection Monitoring (on-frame),,1,3,1,1,5,131,loblolly pine,10.4,,2,60,50,18,19,0,45,,10,,,,,,,,,,1,1,Timberland,460,Loblolly pine-hardwood,19,1,3,22,142.7,1995,2000,16,31,45,,,,,1,2692
26-JUL-2007,51,Virginia,VA,800,1,Detection Monitoring (on-frame),,1,3,2,1,6,131,loblolly pine,14.8,,2,60,55,29,32,0,55,,15,,,,,,,,,,1,1,Timberland,460,Loblolly pine-hardwood,19,1,3,22,256.3,1995,2000,16,30,53,,,,,1,2692
