LAST_UPDATE,STATE,STATE_DESCR,STATE_ABBREV,COUNTY,PROJECT,PROJECT_DESCR,HEXAGON_NBR,PLOT_NBR,POINT_NBR,PLOT_TREE_NBR,SITE_TREE_TYPE,PK_SITE_TREE,FHM_SPECIES,SPECIES_COMMON_NAME,DBH,DRC,CROWN_LIGHT_EXPOSURE,CROWN_POSITION,COMPETING_BASAL_AREA,CROWN_DENSITY,CROWN_DIAMETER_90,CROWN_DIAMETER_WIDE,CROWN_DIEBACK,CROWN_RATIO,NBR_STEMS,FOLIAGE_TRANSPARENCY,TREE_DAMAGE1_1998,TREE_DAMAGE_LOC1_1998,TREE_DAMAGE_SEVERITY1_1998,TREE_DAMAGE2_1998,TREE_DAMAGE_LOC2_1998,TREE_DAMAGE_SEVERITY2_1998,TREE_DAMAGE3_1998,TREE_DAMAGE_LOC3_1998,TREE_DAMAGE_SEVERITY3_1998,CONDITION_CLASS_NBR,LAND_USE_CLASS,LAND_USE_CLASS_DESCR,FOREST_TYPE,FOREST_TYPE_DESCR,STAND_AGE,STAND_ORIGIN,STAND_SIZE_CLASS,STAND_DENSITY_CHECK,AZIMUTH,DISTANCE,ENTRANCE_YEAR,EXIT_YEAR,EXIT_REASON,TREE_AGE,TREE_HEIGHT,TREE_NOTE,OFFICE_NOTE_YEAR,OFFICE_NOTE_SHORT,OFFICE_NOTE_LONG,SITE_TREE_HISTORY,CURRENT_TREE_AGE,P3ID
26-JUL-2007,51,Virginia,VA,5,1,Detection Monitoring (on-frame),,1,1,3,1,656,316,red maple,7.8,,1,2,135,50,25,33,0,55,,30,,,,,,,,,,1,1,Timberland,520,Chestnut oak,79,1,1,0,11,92,1998,2000,16,34,50,,,,,1,34,3303
26-JUL-2007,51,Virginia,VA,5,1,Detection Monitoring (on-frame),,1,1,4,1,657,832,chestnut oak,13.3,,1,2,90,45,27,39,5,55,,30,,,,,,,,,,1,1,Timberland,520,Chestnut oak,79,1,1,0,330,99.8,1998,2000,16,76,69,,,,,1,76,3303
26-JUL-2007,51,Virginia,VA,15,1,Detection Monitoring (on-frame),,1,3,1,1,677,132,Virginia pine,10.9,,3,2,210,35,16,18,0,35,,25,,,,,,,,,,1,1,Timberland,330,Virginia pine,72,1,1,0,122,60.3,1995,2000,16,,74,,,,,2,79,4055
26-JUL-2007,51,Virginia,VA,15,1,Detection Monitoring (on-frame),,1,3,2,1,676,132,Virginia pine,10.9,,4,2,210,45,21,24,0,35,,25,,,,,,,,,,1,1,Timberland,330,Virginia pine,72,1,1,0,25,64.3,1995,2000,16,,75,,,,,2,87,4055
26-JUL-2007,51,Virginia,VA,19,1,Detection Monitoring (on-frame),,1,2,1,1,645,832,chestnut oak,13.7,,1,2,180,55,15,24,0,55,,25,,,,,,,,,,1,1,Timberland,520,Chestnut oak,67,1,1,0,344,70,1995,2000,16,,83,,,,,2,78,3279
26-JUL-2007,51,Virginia,VA,19,1,Detection Monitoring (on-frame),,1,2,2,1,646,832,chestnut oak,10.8,,1,2,120,65,15,25,5,65,,20,,,,,,,,,,1,1,Timberland,520,Chestnut oak,67,1,1,0,346,120,1995,2000,16,,80,,,,,2,78,3279
26-JUL-2007,51,Virginia,VA,21,1,Detection Monitoring (on-frame),,1,1,1,1,660,802,white oak,11.6,,1,2,75,55,30,32,5,45,,15,,,,,,,,,,1,1,Timberland,450,Virginia pine-southern red oak,63,1,1,0,58,55,1995,2000,16,,63,,,,,2,110,3313
26-JUL-2007,51,Virginia,VA,21,1,Detection Monitoring (on-frame),,1,1,2,1,661,132,Virginia pine,9.3,,1,2,210,30,15,19,5,40,,45,,,,,,,,,,1,1,Timberland,450,Virginia pine-southern red oak,63,1,1,0,68,72,1995,2000,16,,57,,,,,2,66,3313
26-JUL-2007,51,Virginia,VA,29,1,Detection Monitoring (on-frame),,1,1,3,1,631,316,red maple,10.6,,3,2,60,70,22,24,5,70,,15,,,,,,,,,,1,1,Timberland,580,Black locust,19,1,2,0,276,32.3,1998,2000,16,57,59,BASE TAGGED,,,,1,57,3260
26-JUL-2007,51,Virginia,VA,29,1,Detection Monitoring (on-frame),,1,1,4,1,632,621,yellow-poplar,7.1,,4,2,30,60,15,16,0,40,,20,,,,,,,,,,1,1,Timberland,580,Black locust,19,1,2,0,71,34.7,1998,2000,16,48,52,BASE TAGGED,,,,1,48,3260
26-JUL-2007,51,Virginia,VA,31,1,Detection Monitoring (on-frame),,1,4,2,1,642,132,Virginia pine,9.6,,1,2,210,50,15,18,0,30,,20,,,,,,,,,,1,1,Timberland,330,Virginia pine,40,1,2,0,275,41.2,1998,2000,16,35,86,,,,,1,35,3274
26-JUL-2007,51,Virginia,VA,31,1,Detection Monitoring (on-frame),,1,1,2,1,644,802,white oak,13,,1,2,150,60,17,19,0,95,,20,,,,,,,,,,1,1,Timberland,530,White oak-red oak-hickory,64,1,1,0,163,126,1998,2000,16,64,94,OLD SITE TREE WAS IN YARD,,,,1,64,3276
26-JUL-2007,51,Virginia,VA,33,1,Detection Monitoring (on-frame),,1,4,3,1,664,131,loblolly pine,8.9,,1,2,120,55,6,11,0,30,,10,,,,,,,,,,2,1,Timberland,310,Loblolly pine,24,2,2,0,224,51,1998,2000,16,27,52,,,,,1,27,4012
26-JUL-2007,51,Virginia,VA,33,1,Detection Monitoring (on-frame),,1,4,4,1,665,131,loblolly pine,8.2,,4,2,60,60,11,13,0,50,,15,,,,,,,,,,2,1,Timberland,310,Loblolly pine,24,2,2,0,340,32.2,1998,2000,16,23,60,,,,,1,23,4012
26-JUL-2007,51,Virginia,VA,33,1,Detection Monitoring (on-frame),,1,2,1,1,666,611,sweetgum,19.9,,1,2,150,50,27,39,0,40,,15,,,,,,,,,,1,1,Timberland,562,Sweetgum-yellow-popular,53,1,1,0,321,64,1995,2000,16,,109,,,,,2,92,4013
26-JUL-2007,51,Virginia,VA,33,1,Detection Monitoring (on-frame),,1,4,2,1,667,621,yellow-poplar,16.8,,1,2,240,70,33,35,0,50,,15,,,,,,,,,,1,1,Timberland,562,Sweetgum-yellow-popular,53,1,1,0,341,63.5,1997,2000,16,,114,,,,,2,55,4013
26-JUL-2007,51,Virginia,VA,36,1,Detection Monitoring (on-frame),,1,3,5,1,625,611,sweetgum,11.2,,4,1,30,35,18,19,0,50,,10,,,,,,,,,,1,1,Timberland,562,Sweetgum-yellow-popular,23,1,2,0,351,52.9,1997,2000,16,,72,,,,,2,40,3237
26-JUL-2007,51,Virginia,VA,36,1,Detection Monitoring (on-frame),,1,3,6,1,626,621,yellow-poplar,12.9,,5,1,180,60,14,26,0,60,,15,,,,,,,,,,1,1,Timberland,562,Sweetgum-yellow-popular,23,1,2,0,32,47,1998,2000,16,38,67,,,,,1,38,3237
26-JUL-2007,51,Virginia,VA,45,1,Detection Monitoring (on-frame),,1,2,2,1,651,832,chestnut oak,7.8,,2,2,135,55,21,26,0,65,,25,,,,,,,,,,1,1,Timberland,520,Chestnut oak,63,1,2,0,48,72.2,1995,2000,16,,37,HAS BASE TAG AND RED TAG,,,,2,47,3297
26-JUL-2007,51,Virginia,VA,45,1,Detection Monitoring (on-frame),,1,2,3,1,653,832,chestnut oak,9.7,,2,2,75,60,25,26,0,50,,20,,,,,,,,,,1,1,Timberland,520,Chestnut oak,63,1,2,0,100,31,1998,2000,16,72,51,HAS YELLOW PAINT AND NAILS,,,,1,72,3297
26-JUL-2007,51,Virginia,VA,49,1,Detection Monitoring (on-frame),,1,1,2,1,633,621,yellow-poplar,,,,,,,,,,,,,,,,,,,,,,2,1,Timberland,999,Nonstocked,0,1,4,0,354,61.3,1995,1998,14,,,,,,,3,24,3263
26-JUL-2007,51,Virginia,VA,49,1,Detection Monitoring (on-frame),,1,2,3,1,634,611,sweetgum,8.5,,4,2,240,70,19,20,0,40,,10,,,,,,,,,,1,1,Timberland,562,Sweetgum-yellow-popular,28,1,2,0,113,70.4,1997,2000,16,,67,PAINT AT BASE INSTEAD OF TAG,,,,2,29,3263
26-JUL-2007,51,Virginia,VA,49,1,Detection Monitoring (on-frame),,1,4,4,1,635,316,red maple,15.5,,5,2,90,60,24,36,0,55,,15,,,,,,,,,,1,1,Timberland,562,Sweetgum-yellow-popular,28,1,2,0,59,38.4,1998,2000,16,85,73,,,,,1,85,3263
26-JUL-2007,51,Virginia,VA,51,1,Detection Monitoring (on-frame),,1,4,1,1,616,409,mockernut hickory,12.7,,1,2,0,45,21,26,5,50,,20,,,,,,,,,,3,1,Timberland,998,Indeterminate,48,1,1,0,196,61,1995,2000,16,,59,,,,,2,64,2809
26-JUL-2007,51,Virginia,VA,53,1,Detection Monitoring (on-frame),,1,4,1,1,623,131,loblolly pine,11.6,,4,2,30,65,19,23,0,40,,10,,,,,,,,,,1,1,Timberland,310,Loblolly pine,15,2,2,0,297,44.4,1998,2000,16,28,79,,,,,1,28,3232
26-JUL-2007,51,Virginia,VA,53,1,Detection Monitoring (on-frame),,1,4,2,1,624,131,loblolly pine,9,,5,2,30,55,12,13,0,45,,15,,,,,,,,,,1,1,Timberland,310,Loblolly pine,15,2,2,0,18,35.5,1998,2000,16,25,73,,,,,1,25,3232
26-JUL-2007,51,Virginia,VA,65,1,Detection Monitoring (on-frame),,1,2,2,1,639,132,Virginia pine,7.4,,2,2,75,45,6,10,0,35,,20,,,,,,,,,,1,1,Timberland,450,Virginia pine-southern red oak,50,1,2,0,110,61.6,1995,2000,16,,46,,,,,2,49,3270
26-JUL-2007,51,Virginia,VA,65,1,Detection Monitoring (on-frame),,1,2,3,1,641,132,Virginia pine,8.1,,3,2,90,50,18,25,0,40,,15,,,,,,,,,,1,1,Timberland,450,Virginia pine-southern red oak,50,1,2,0,123,39.2,1998,2000,16,45,65,,,,,1,45,3270
26-JUL-2007,51,Virginia,VA,69,1,Detection Monitoring (on-frame),,1,2,1,1,679,621,yellow-poplar,20,,4,2,135,60,32,40,0,75,,20,,,,,,,,,,1,1,Timberland,520,Chestnut oak,98,1,1,0,228,63.5,1995,2000,16,,120,,,,,2,80,4806
26-JUL-2007,51,Virginia,VA,69,1,Detection Monitoring (on-frame),,1,2,2,1,678,540,ash,15.7,,3,2,105,50,39,39,0,40,,20,,,,,,,,,,1,1,Timberland,520,Chestnut oak,98,1,1,0,64,105.4,1995,2000,16,,103,,,,,2,74,4806
26-JUL-2007,51,Virginia,VA,69,1,Detection Monitoring (on-frame),,1,3,3,1,680,693,blackgum,7.3,,1,2,105,60,18,24,0,90,,20,,,,,,,,,,1,1,Timberland,520,Chestnut oak,98,1,1,0,49,73.8,1995,2000,16,,63,,,,,2,34,4806
26-JUL-2007,51,Virginia,VA,69,1,Detection Monitoring (on-frame),,1,3,4,1,681,693,blackgum,9.4,,1,2,30,65,21,25,5,55,,15,,,,,,,,,,1,1,Timberland,520,Chestnut oak,98,1,1,0,81,79.8,1995,2000,16,,52,,,,,2,46,4806
26-JUL-2007,51,Virginia,VA,77,1,Detection Monitoring (on-frame),,1,4,1,1,615,372,sweet birch,13.8,,1,2,75,50,26,30,0,55,,15,,,,,,,,,,1,1,Timberland,560,Yellow-poplar-white oak-n. red oak,45,1,2,0,156,77.2,1995,2000,16,,101,,,,,2,38,2786
26-JUL-2007,51,Virginia,VA,77,1,Detection Monitoring (on-frame),,1,4,2,1,614,316,red maple,11,,1,2,210,50,23,25,5,40,,25,,,,,,,,,,1,1,Timberland,560,Yellow-poplar-white oak-n. red oak,45,1,2,0,130,102,1995,2000,16,,92,,,,,2,34,2786
26-JUL-2007,51,Virginia,VA,97,1,Detection Monitoring (on-frame),,1,1,1,1,619,621,yellow-poplar,16.8,,2,2,180,60,23,25,0,40,,15,,,,,,,,,,1,1,Timberland,460,Loblolly pine-hardwood,38,1,1,0,139,89.5,1995,2000,16,,100,,,,,2,71,3227
26-JUL-2007,51,Virginia,VA,97,1,Detection Monitoring (on-frame),,1,2,2,1,620,131,loblolly pine,12.1,,2,2,180,55,18,19,0,35,,15,,,,,,,,,,1,1,Timberland,460,Loblolly pine-hardwood,38,1,1,0,292,109,1995,2000,16,,88,,,,,2,35,3227
26-JUL-2007,51,Virginia,VA,109,1,Detection Monitoring (on-frame),,1,2,3,1,628,621,yellow-poplar,22.7,,2,2,120,60,25,33,0,50,,15,,,,,,,,,,1,1,Timberland,560,Yellow-poplar-white oak-n. red oak,68,1,1,0,357,79.5,1995,2000,16,,105,,,,,2,52,3251
26-JUL-2007,51,Virginia,VA,109,1,Detection Monitoring (on-frame),,1,2,4,1,627,621,yellow-poplar,14.2,,1,2,150,60,24,30,0,45,,10,,,,,,,,,,1,1,Timberland,560,Yellow-poplar-white oak-n. red oak,68,1,1,0,15,71.4,1995,2000,16,,88,,,,,2,47,3251
26-JUL-2007,51,Virginia,VA,109,1,Detection Monitoring (on-frame),,1,4,1,1,630,132,Virginia pine,11.2,,4,2,60,60,11,15,0,35,,15,,,,,,,,,,2,1,Timberland,330,Virginia pine,68,1,1,0,203,85.6,1995,2000,16,,90,,,,,2,66,3251
26-JUL-2007,51,Virginia,VA,109,1,Detection Monitoring (on-frame),,1,4,2,1,629,621,yellow-poplar,14.1,,1,2,210,55,19,21,0,55,,10,,,,,,,,,,2,1,Timberland,330,Virginia pine,68,1,1,0,151,73.4,1995,2000,16,,92,,,,,2,54,3251
26-JUL-2007,51,Virginia,VA,113,1,Detection Monitoring (on-frame),,1,2,1,1,672,832,chestnut oak,10.3,,2,2,300,35,9,15,0,55,,40,,,,,,,,,,1,1,Timberland,520,Chestnut oak,83,1,2,0,46,84.3,1995,2000,16,,57,,,,,2,79,4041
26-JUL-2007,51,Virginia,VA,113,1,Detection Monitoring (on-frame),,1,2,2,1,673,832,chestnut oak,8.9,,4,2,300,50,18,20,0,45,,25,,,,,,,,,,1,1,Timberland,520,Chestnut oak,83,1,2,0,311,66.4,1995,2000,16,,42,,,,,2,49,4041
26-JUL-2007,51,Virginia,VA,117,1,Detection Monitoring (on-frame),,1,1,4,1,607,531,American beech,18.9,,3,2,150,65,41,46,0,70,,10,,,,,,,,,,2,1,Timberland,530,White oak-red oak-hickory,87,1,1,0,312,75,1998,1999,14,74,82,,,,,1,74,2722
26-JUL-2007,51,Virginia,VA,117,1,Detection Monitoring (on-frame),,1,3,5,1,608,611,sweetgum,6.9,,1,2,150,60,15,15,0,65,,15,,,,,,,,,,1,1,Timberland,720,River birch-sycamore,22,1,2,0,322,64.6,1998,2000,16,18,74,,,,,1,18,2722
26-JUL-2007,51,Virginia,VA,117,1,Detection Monitoring (on-frame),,1,4,6,1,609,802,white oak,18.2,,1,2,90,65,39,41,5,50,,10,,,,,,,,,,2,1,Timberland,530,White oak-red oak-hickory,87,1,1,0,244,34.8,1998,2000,16,100,91,,,,,1,100,2722
26-JUL-2007,51,Virginia,VA,125,1,Detection Monitoring (on-frame),,1,2,2,1,637,621,yellow-poplar,15,,3,2,120,55,33,40,0,50,,20,,,,,,,,,,1,1,Timberland,530,White oak-red oak-hickory,38,1,1,0,239,201.4,1995,2000,16,,105,,,,,2,31,3268
26-JUL-2007,51,Virginia,VA,125,1,Detection Monitoring (on-frame),,1,2,3,1,638,621,yellow-poplar,24.3,,4,2,75,60,49,50,0,70,,20,,,,,,,,,,1,1,Timberland,530,White oak-red oak-hickory,38,1,1,0,351,79,1998,2000,16,41,102,,,,,1,41,3268
26-JUL-2007,51,Virginia,VA,133,1,Detection Monitoring (on-frame),,1,3,1,1,622,611,sweetgum,11.7,,1,2,180,50,9,16,0,30,,15,,,,,,,,,,2,1,Timberland,564,Yellow-popular,78,1,1,0,171,87.3,1995,2000,16,,102,,,,,2,59,3228
26-JUL-2007,51,Virginia,VA,133,1,Detection Monitoring (on-frame),,1,3,2,1,621,611,sweetgum,14,,1,2,180,60,18,24,0,35,,15,,,,,,,,,,2,1,Timberland,564,Yellow-popular,78,1,1,0,156,86.9,1995,2000,16,,106,,,,,2,54,3228
26-JUL-2007,51,Virginia,VA,139,1,Detection Monitoring (on-frame),,1,4,1,1,674,832,chestnut oak,14.3,,3,2,135,65,36,36,0,70,,15,,,,,,,,,,1,1,Timberland,520,Chestnut oak,33,1,1,0,173,64.5,1995,2000,16,,88,,,,,2,93,4043
26-JUL-2007,51,Virginia,VA,139,1,Detection Monitoring (on-frame),,1,4,2,1,675,832,chestnut oak,20.4,,4,2,210,60,40,47,0,65,,20,,,,,,,,,,1,1,Timberland,520,Chestnut oak,33,1,1,0,247,68.1,1995,2000,16,,87,,,,,2,104,4043
26-JUL-2007,51,Virginia,VA,163,1,Detection Monitoring (on-frame),,1,4,3,1,649,132,Virginia pine,9.1,,1,2,135,50,11,13,5,45,,30,,,,,,,,,,1,1,Timberland,520,Chestnut oak,43,1,2,0,60,38.2,1998,2000,16,26,53,,,,,1,26,3287
26-JUL-2007,51,Virginia,VA,163,1,Detection Monitoring (on-frame),,1,4,4,1,650,806,scarlet oak,8.1,,1,2,15,50,21,23,5,50,,25,,,,,,,,,,1,1,Timberland,520,Chestnut oak,43,1,2,0,209,38.2,1998,2000,16,44,62,,,,,1,44,3287
26-JUL-2007,51,Virginia,VA,165,1,Detection Monitoring (on-frame),,1,2,1,1,671,832,chestnut oak,15.3,,2,2,60,65,26,40,0,70,,20,,,,,,,,,,1,1,Timberland,520,Chestnut oak,78,1,1,0,103,65.7,1995,2000,16,,78,,,,,2,61,4039
26-JUL-2007,51,Virginia,VA,165,1,Detection Monitoring (on-frame),,1,2,2,1,670,802,white oak,9.4,,2,2,120,60,20,31,0,60,,20,,,,,,,,,,1,1,Timberland,520,Chestnut oak,78,1,1,0,61,68,1995,2000,16,,56,,,,,2,65,4039
26-JUL-2007,51,Virginia,VA,179,1,Detection Monitoring (on-frame),,1,1,2,1,668,621,yellow-poplar,11.7,,2,2,90,45,14,15,0,60,,10,,,,,,,,,,1,1,Timberland,450,Virginia pine-southern red oak,38,1,1,0,164,95.2,1995,2000,16,,81,,,,,2,37,4020
26-JUL-2007,51,Virginia,VA,179,1,Detection Monitoring (on-frame),,1,4,1,1,669,621,yellow-poplar,14.5,,2,2,120,60,11,12,0,50,,15,,,,,,,,,,1,1,Timberland,450,Virginia pine-southern red oak,38,1,1,0,99,101.3,1995,2000,16,,99,T+S,,,,2,39,4020
26-JUL-2007,51,Virginia,VA,181,1,Detection Monitoring (on-frame),,1,3,1,1,617,131,loblolly pine,10.4,,1,2,120,55,11,13,0,40,,15,,,,,,,,,,1,1,Timberland,460,Loblolly pine-hardwood,18,1,2,0,332,37,1998,2000,16,20,54,,,,,1,20,3223
26-JUL-2007,51,Virginia,VA,181,1,Detection Monitoring (on-frame),,1,3,2,1,618,611,sweetgum,8,,1,2,120,50,9,11,0,45,,10,,,,,,,,,,1,1,Timberland,460,Loblolly pine-hardwood,18,1,2,0,321,51.9,1998,2000,16,18,65,,,,,1,18,3223
26-JUL-2007,51,Virginia,VA,185,1,Detection Monitoring (on-frame),,1,2,1,1,659,832,chestnut oak,8.3,,1,2,225,45,24,28,0,30,,25,,,,,,,,,,2,1,Timberland,530,White oak-red oak-hickory,64,1,2,0,87,52,1995,2000,16,,57,,,,,2,48,3311
26-JUL-2007,51,Virginia,VA,185,1,Detection Monitoring (on-frame),,1,2,2,1,658,806,scarlet oak,15.6,,1,2,30,40,39,40,5,65,,35,,,,,,,,,,2,1,Timberland,530,White oak-red oak-hickory,64,1,2,0,25,64.5,1995,2000,16,,87,,,,,2,54,3311
26-JUL-2007,51,Virginia,VA,191,1,Detection Monitoring (on-frame),,1,1,1,1,612,621,yellow-poplar,12.7,,1,2,75,55,21,25,0,45,,20,,,,,,,,,,1,1,Timberland,560,Yellow-poplar-white oak-n. red oak,27,1,2,0,230,53,1998,2000,16,28,76,,,,,1,28,2784
26-JUL-2007,51,Virginia,VA,191,1,Detection Monitoring (on-frame),,1,1,2,1,613,621,yellow-poplar,11.6,,1,2,45,60,26,29,0,45,,20,,,,,,,,,,1,1,Timberland,560,Yellow-poplar-white oak-n. red oak,27,1,2,0,266,51.1,1998,2000,16,26,71,,,,,1,26,2784
26-JUL-2007,51,Virginia,VA,800,1,Detection Monitoring (on-frame),,1,3,1,1,605,131,loblolly pine,11.2,,3,2,90,55,18,22,0,65,,15,,,,,,,,,,1,1,Timberland,460,Loblolly pine-hardwood,22,1,2,0,22,142.7,1995,2000,16,,59,,,,,2,34,2692
26-JUL-2007,51,Virginia,VA,800,1,Detection Monitoring (on-frame),,1,3,2,1,606,131,loblolly pine,16.1,,3,2,90,65,32,36,0,70,,15,,,,,,,,,,1,1,Timberland,460,Loblolly pine-hardwood,22,1,2,0,22,256.3,1995,2000,16,,59,,,,,2,33,2692
