LAST_UPDATE,STATE,STATE_DESCR,STATE_ABBREV,COUNTY,PROJECT,PROJECT_DESCR,HEXAGON_NBR,PLOT_NBR,POINT_NBR,PLOT_TREE_NBR,SITE_TREE_TYPE,PK_SITE_TREE,FHM_SPECIES,SPECIES_COMMON_NAME,DBH,DRC,CROWN_LIGHT_EXPOSURE,CROWN_POSITION,COMPETING_BASAL_AREA,CROWN_DENSITY,CROWN_DIAMETER_90,CROWN_DIAMETER_WIDE,CROWN_DIEBACK,CROWN_RATIO,NBR_STEMS,FOLIAGE_TRANSPARENCY,TREE_DAMAGE1_1999,TREE_DAMAGE_LOC1_1999,TREE_DAMAGE_SEVERITY1_1999,TREE_DAMAGE2_1999,TREE_DAMAGE_LOC2_1999,TREE_DAMAGE_SEVERITY2_1999,TREE_DAMAGE3_1999,TREE_DAMAGE_LOC3_1999,TREE_DAMAGE_SEVERITY3_1999,CONDITION_CLASS_NBR,LAND_USE_CLASS,LAND_USE_CLASS_DESCR,FOREST_TYPE,FOREST_TYPE_DESCR,STAND_AGE,STAND_ORIGIN,STAND_SIZE_CLASS,STAND_DENSITY_CHECK,AZIMUTH,DISTANCE,ENTRANCE_YEAR,EXIT_YEAR,EXIT_REASON,TREE_AGE,TREE_HEIGHT,TREE_NOTE,OFFICE_NOTE_YEAR,OFFICE_NOTE_SHORT,OFFICE_NOTE_LONG,SITE_TREE_HISTORY,CURRENT_TREE_AGE,P3ID
26-JUL-2007,51,Virginia,VA,5,1,Detection Monitoring (on-frame),,1,1,2,1,3676,832,chestnut oak,10.6,,1,2,120,45,23,32,0,55,,20,,,,,,,,,,1,1,Timberland,520,Chestnut oak,68,1,2,0,186,96,1995,2000,16,,75,,,,,2,68,3307
26-JUL-2007,51,Virginia,VA,7,1,Detection Monitoring (on-frame),,1,1,2,1,3516,131,loblolly pine,10.7,,1,2,70,45,12,19,0,55,,15,,,,,,,,,,1,1,Timberland,310,Loblolly pine,29,2,2,0,103,62.8,1995,2000,16,,58,,,,,2,22,3257
26-JUL-2007,51,Virginia,VA,7,1,Detection Monitoring (on-frame),,1,1,3,1,3518,131,loblolly pine,10.2,,2,2,50,50,15,16,0,35,,20,,,,,,,,,,1,1,Timberland,310,Loblolly pine,29,2,2,0,271,31.7,,2000,16,30,57,,,,,1,,3257
26-JUL-2007,51,Virginia,VA,9,1,Detection Monitoring (on-frame),,2,1,1,1,3576,132,Virginia pine,9.4,,2,2,30,45,20,22,0,45,,25,,,,,,,,,,1,1,Timberland,450,Virginia pine-southern red oak,32,1,2,0,138,46.1,1999,2000,16,30,55,,,,,1,,3282
26-JUL-2007,51,Virginia,VA,9,1,Detection Monitoring (on-frame),,2,1,2,1,3577,132,Virginia pine,8.7,,2,2,90,35,17,21,0,35,,25,,,,,,,,,,1,1,Timberland,450,Virginia pine-southern red oak,32,1,2,0,37,47.4,1999,2000,16,33,55,,,,,1,,3282
26-JUL-2007,51,Virginia,VA,15,1,Detection Monitoring (on-frame),,1,4,1,1,3757,802,white oak,13.3,,1,2,135,35,29,30,0,45,,25,,,,,,,,,,1,1,Timberland,530,White oak-red oak-hickory,101,1,1,0,302,81.8,1995,2000,16,,98,,,,,2,74,4035
26-JUL-2007,51,Virginia,VA,15,1,Detection Monitoring (on-frame),,1,4,3,1,3758,833,northern red oak,16.8,,1,2,120,45,23,25,0,55,,20,,,,,,,,,,1,1,Timberland,530,White oak-red oak-hickory,101,1,1,0,335,79.4,,2000,16,88,82,,,,,1,,4035
26-JUL-2007,51,Virginia,VA,15,1,Detection Monitoring (on-frame),,1,3,1,1,3816,316,red maple,10.4,,2,2,195,55,21,35,0,45,,15,,,,,,,,,,1,1,Timberland,520,Chestnut oak,94,1,2,0,74,82.5,1995,2000,16,,79,,,,,2,63,4061
26-JUL-2007,51,Virginia,VA,23,1,Detection Monitoring (on-frame),,1,1,1,1,3596,832,chestnut oak,11.9,,3,2,90,50,27,33,5,60,,20,,,,,,,,,,1,1,Timberland,520,Chestnut oak,88,1,1,0,200,72.7,1995,2000,16,,44,,,,,2,97,3284
26-JUL-2007,51,Virginia,VA,25,1,Detection Monitoring (on-frame),,1,2,1,1,3196,131,loblolly pine,6.7,,1,2,110,45,12,13,0,45,,20,,,,,,,,,,1,1,Timberland,310,Loblolly pine,24,2,2,0,101,88.6,1995,2000,16,,49,,,,,2,20,2712
26-JUL-2007,51,Virginia,VA,25,1,Detection Monitoring (on-frame),,1,3,2,1,3197,131,loblolly pine,8.8,,1,2,110,35,10,11,0,30,,20,,,,,,,,,,1,1,Timberland,310,Loblolly pine,24,2,2,0,26,64.9,1995,2000,16,,57,,,,,2,20,2712
26-JUL-2007,51,Virginia,VA,29,1,Detection Monitoring (on-frame),,1,1,3,1,3537,316,red maple,10.6,,2,2,60,55,22,27,0,60,,15,,,,,,,,,,1,1,Timberland,580,Black locust,20,1,2,0,276,32.3,1998,2000,16,,51,,,,,2,58,3260
26-JUL-2007,51,Virginia,VA,29,1,Detection Monitoring (on-frame),,1,1,4,1,3536,621,yellow-poplar,7.2,,3,2,15,45,13,18,5,40,,20,,,,,,,,,,1,1,Timberland,580,Black locust,20,1,2,0,71,34.7,1998,2000,16,,53,,,,,2,49,3260
26-JUL-2007,51,Virginia,VA,31,1,Detection Monitoring (on-frame),,1,3,1,1,3556,110,shortleaf pine,10.7,,2,2,180,45,20,22,0,40,,20,,,,,,,,,,1,1,Timberland,330,Virginia pine,58,1,2,0,29,75.3,1995,2000,16,,78,0,,,,2,36,3275
26-JUL-2007,51,Virginia,VA,31,1,Detection Monitoring (on-frame),,1,4,2,1,3557,110,shortleaf pine,13.3,,2,2,30,35,17,19,0,45,,20,,,,,,,,,,1,1,Timberland,330,Virginia pine,58,1,2,0,18,66,1995,2000,16,,67,,,,,2,72,3275
26-JUL-2007,51,Virginia,VA,41,1,Detection Monitoring (on-frame),,1,3,1,1,3416,806,scarlet oak,13.5,,3,2,90,55,28,45,0,45,,20,,,,,,,,,,1,1,Timberland,590,Mixed central hardwood,28,1,2,0,36,91,1995,2000,16,,73,,,,,2,54,3238
26-JUL-2007,51,Virginia,VA,41,1,Detection Monitoring (on-frame),,1,3,3,1,3417,802,white oak,17.5,,2,2,70,55,40,44,0,60,,15,,,,,,,,,,1,1,Timberland,590,Mixed central hardwood,28,1,2,0,274,38.9,,2000,16,72,93,,,,,1,,3238
26-JUL-2007,51,Virginia,VA,41,1,Detection Monitoring (on-frame),,1,4,2,1,3418,131,loblolly pine,13.9,,1,2,70,50,24,25,0,35,,15,,,,,,,,,,2,1,Timberland,310,Loblolly pine,41,2,2,0,195,96.5,1995,2000,16,,76,,,,,2,33,3238
26-JUL-2007,51,Virginia,VA,41,1,Detection Monitoring (on-frame),,1,4,4,1,3419,131,loblolly pine,10.2,,2,2,90,45,15,16,0,40,,25,,,,,,,,,,2,1,Timberland,310,Loblolly pine,41,2,2,0,101,28.7,,2000,16,37,68,,,,,1,,3238
26-JUL-2007,51,Virginia,VA,45,1,Detection Monitoring (on-frame),,1,4,1,1,3656,832,chestnut oak,13.3,,2,2,90,45,22,34,0,50,,20,,,,,,,,,,1,1,Timberland,520,Chestnut oak,38,1,2,0,170,74.3,1995,2000,16,,75,,,,,2,99,3298
26-JUL-2007,51,Virginia,VA,47,1,Detection Monitoring (on-frame),,1,2,3,1,3738,132,Virginia pine,7.7,,2,2,105,25,15,23,0,65,,35,,,,,,,,,,2,1,Timberland,330,Virginia pine,29,1,3,0,32,32.5,,2000,16,22,66,,,,,1,,4025
26-JUL-2007,51,Virginia,VA,47,1,Detection Monitoring (on-frame),,1,4,2,1,3736,762,black cherry,11.2,,1,2,135,40,24,25,0,45,,25,,,,,,,,,,1,1,Timberland,450,Virginia pine-southern red oak,44,1,1,0,224,86.6,1995,2000,16,,74,,,,,2,35,4025
26-JUL-2007,51,Virginia,VA,51,1,Detection Monitoring (on-frame),,1,4,1,1,3336,409,mockernut hickory,12.9,,3,2,15,60,29,36,0,50,,15,,,,,,,,,,3,1,Timberland,998,Indeterminate,49,1,1,0,196,61,1995,2000,16,,68,,,,,2,65,2809
26-JUL-2007,51,Virginia,VA,53,1,Detection Monitoring (on-frame),,1,4,1,1,3397,131,loblolly pine,12.1,,3,2,20,40,16,24,0,60,,20,,,,,,,,,,1,1,Timberland,310,Loblolly pine,16,2,2,0,297,44.4,1998,2000,16,,50,,,,,2,29,3232
26-JUL-2007,51,Virginia,VA,53,1,Detection Monitoring (on-frame),,1,4,2,1,3396,131,loblolly pine,9.8,,2,2,40,45,14,14,0,40,,20,,,,,,,,,,1,1,Timberland,310,Loblolly pine,16,2,2,0,18,35.5,1998,2000,16,,45,,,,,2,26,3232
26-JUL-2007,51,Virginia,VA,75,1,Detection Monitoring (on-frame),,1,1,3,1,3437,132,Virginia pine,8.6,,3,2,50,45,14,20,0,35,,15,,,,,,,,,,1,1,Timberland,330,Virginia pine,47,1,2,0,213,89.4,1995,2000,16,,61,,,,,2,42,3246
26-JUL-2007,51,Virginia,VA,75,1,Detection Monitoring (on-frame),,1,1,4,1,3436,806,scarlet oak,10,,3,2,90,45,27,28,0,60,,15,,,,,,,,,,1,1,Timberland,330,Virginia pine,47,1,2,0,28,78.3,1995,2000,16,,73,,,,,2,38,3246
26-JUL-2007,51,Virginia,VA,75,1,Detection Monitoring (on-frame),,1,2,1,1,3438,806,scarlet oak,12.9,,3,2,20,45,29,40,5,45,,20,,,,,,,,,,2,1,Timberland,530,White oak-red oak-hickory,74,1,1,0,30,148.9,1995,2000,16,,75,,,,,2,80,3246
26-JUL-2007,51,Virginia,VA,75,1,Detection Monitoring (on-frame),,1,2,2,1,3439,802,white oak,12.5,,3,2,20,45,29,30,0,50,,15,,,,,,,,,,2,1,Timberland,530,White oak-red oak-hickory,74,1,1,0,333,115.7,1995,2000,16,,79,,,,,2,54,3246
26-JUL-2007,51,Virginia,VA,77,1,Detection Monitoring (on-frame),,1,4,1,1,3297,372,sweet birch,13.8,,1,2,60,55,36,41,0,40,,15,,,,,,,,,,1,1,Timberland,560,Yellow-poplar-white oak-n. red oak,46,1,2,0,156,77.2,1995,2000,16,,81,,,,,2,39,2786
26-JUL-2007,51,Virginia,VA,77,1,Detection Monitoring (on-frame),,1,4,2,1,3296,316,red maple,11.1,,1,2,150,50,24,35,0,40,,20,,,,,,,,,,1,1,Timberland,560,Yellow-poplar-white oak-n. red oak,46,1,2,0,130,102,1995,2000,16,,86,,,,,2,35,2786
26-JUL-2007,51,Virginia,VA,83,1,Detection Monitoring (on-frame),,1,1,2,1,3236,373,river birch,22.1,,1,2,90,45,28,48,5,60,,20,,,,,,,,,,1,1,Timberland,720,River birch-sycamore,68,1,1,0,344,71.3,1995,2000,16,,64,,,,,2,56,2729
26-JUL-2007,51,Virginia,VA,83,1,Detection Monitoring (on-frame),,1,3,1,1,3237,611,sweetgum,16.3,,2,2,180,45,26,37,0,35,,15,,,,,,,,,,1,1,Timberland,720,River birch-sycamore,68,1,1,0,105,135.8,1995,2000,16,,92,,,,,2,72,2729
26-JUL-2007,51,Virginia,VA,95,1,Detection Monitoring (on-frame),,1,3,3,1,3357,131,loblolly pine,13.1,,1,2,225,45,16,21,5,45,,20,,,,,,,,,,2,1,Timberland,310,Loblolly pine,37,1,2,0,20,69.4,1995,2000,16,,82,,,,,2,25,3225
26-JUL-2007,51,Virginia,VA,95,1,Detection Monitoring (on-frame),,1,4,1,1,3356,812,southern red oak,22.2,,2,2,90,55,47,53,0,50,,15,,,,,,,,,,1,1,Timberland,564,Yellow-popular,104,1,1,0,247,81.5,1995,2000,16,,134,,,,,2,75,3225
26-JUL-2007,51,Virginia,VA,95,1,Detection Monitoring (on-frame),,1,4,4,1,3359,131,loblolly pine,12.3,,1,2,180,45,17,19,0,35,,20,,,,,,,,,,2,1,Timberland,310,Loblolly pine,37,1,2,0,23,46.6,,2000,16,30,72,,,,,1,,3225
26-JUL-2007,51,Virginia,VA,97,1,Detection Monitoring (on-frame),,1,1,1,1,3376,621,yellow-poplar,16.8,,2,2,180,50,18,21,0,40,,10,,,,,,,,,,1,1,Timberland,460,Loblolly pine-hardwood,39,1,1,0,139,89.5,1995,2000,16,,103,,,,,2,72,3227
26-JUL-2007,51,Virginia,VA,97,1,Detection Monitoring (on-frame),,1,2,2,1,3377,131,loblolly pine,12.1,,1,2,120,45,12,13,0,30,,20,,,,,,,,,,1,1,Timberland,460,Loblolly pine-hardwood,39,1,1,0,292,109,1995,2000,16,,77,,,,,2,36,3227
26-JUL-2007,51,Virginia,VA,101,1,Detection Monitoring (on-frame),,1,1,1,1,3456,802,white oak,11.6,,2,2,105,50,21,32,0,70,,20,,,,,,,,,,1,1,Timberland,562,Sweetgum-yellow-popular,14,1,3,0,254,37,,2000,16,39,70,,,,,1,,3248
26-JUL-2007,51,Virginia,VA,101,1,Detection Monitoring (on-frame),,1,1,2,1,3457,802,white oak,13,,2,2,60,60,23,24,0,75,,20,,,,,,,,,,1,1,Timberland,562,Sweetgum-yellow-popular,14,1,3,0,252,53.2,,2000,16,41,73,,,,,1,,3248
26-JUL-2007,51,Virginia,VA,105,1,Detection Monitoring (on-frame),,1,2,3,1,3318,621,yellow-poplar,10.8,,4,2,90,55,14,18,0,45,,20,,,,,,,,,,2,1,Timberland,560,Yellow-poplar-white oak-n. red oak,33,1,2,0,70,38.1,,2000,16,26,69,,,,,1,,2805
26-JUL-2007,51,Virginia,VA,105,1,Detection Monitoring (on-frame),,1,4,2,1,3317,621,yellow-poplar,9.6,,3,2,15,45,23,24,0,55,,15,,,,,,,,,,1,1,Timberland,564,Yellow-popular,14,1,3,0,152,40.5,,2000,16,14,59,,,,,1,,2805
26-JUL-2007,51,Virginia,VA,109,1,Detection Monitoring (on-frame),,1,2,3,1,3477,621,yellow-poplar,22.9,,1,2,165,50,33,40,0,60,,15,,,,,,,,,,1,1,Timberland,560,Yellow-poplar-white oak-n. red oak,69,1,1,0,357,79.5,1995,2000,16,,103,,,,,2,53,3251
26-JUL-2007,51,Virginia,VA,109,1,Detection Monitoring (on-frame),,1,2,4,1,3476,621,yellow-poplar,14.3,,1,2,150,50,23,27,0,50,,15,,,,,,,,,,1,1,Timberland,560,Yellow-poplar-white oak-n. red oak,69,1,1,0,15,71.4,1995,2000,16,,99,,,,,2,48,3251
26-JUL-2007,51,Virginia,VA,109,1,Detection Monitoring (on-frame),,1,4,1,1,3479,132,Virginia pine,11.2,,3,2,270,50,16,17,0,40,,20,,,,,,,,,,3,1,Timberland,330,Virginia pine,69,1,1,0,203,85.6,1995,2000,16,,100,CMPBA IS ESTIMATED,,,,2,67,3251
26-JUL-2007,51,Virginia,VA,109,1,Detection Monitoring (on-frame),,1,4,2,1,3478,621,yellow-poplar,14.2,,2,2,210,55,17,20,0,65,,15,,,,,,,,,,3,1,Timberland,330,Virginia pine,69,1,1,0,151,73.4,1995,2000,16,,86,CMPBA IS ESTIMATED,,,,2,55,3251
26-JUL-2007,51,Virginia,VA,117,1,Detection Monitoring (on-frame),,1,3,3,1,3221,611,sweetgum,8.6,,1,2,60,55,13,16,0,65,,20,,,,,,,,,,1,1,Timberland,720,River birch-sycamore,23,1,2,0,320,71,1995,2000,16,,70,BAD PRDBH,,,,2,27,2722
26-JUL-2007,51,Virginia,VA,117,1,Detection Monitoring (on-frame),,1,3,5,1,3216,611,sweetgum,7,,1,2,60,45,11,15,0,65,,15,,,,,,,,,,1,1,Timberland,720,River birch-sycamore,23,1,2,0,322,64.6,1998,2000,16,,61,,,,,2,19,2722
26-JUL-2007,51,Virginia,VA,117,1,Detection Monitoring (on-frame),,1,4,6,1,3220,802,white oak,18.2,,1,2,120,45,37,43,0,40,,20,,,,,,,,,,2,1,Timberland,530,White oak-red oak-hickory,88,1,1,0,244,34.8,1998,2000,16,,75,,,,,2,101,2722
26-JUL-2007,51,Virginia,VA,117,1,Detection Monitoring (on-frame),,1,4,7,1,3222,611,sweetgum,19.7,,2,2,120,45,40,42,5,60,,20,,,,,,,,,,2,1,Timberland,530,White oak-red oak-hickory,88,1,1,0,335,24.1,,2000,16,80,100,,,,,1,,2722
26-JUL-2007,51,Virginia,VA,141,1,Detection Monitoring (on-frame),,1,1,1,1,3276,802,white oak,15,,1,2,120,55,29,32,0,35,,20,,,,,,,,,,1,1,Timberland,530,White oak-red oak-hickory,54,1,1,0,37,145,1995,2000,16,,94,AZIMUTH HAD TO BE CORRECTED,,,,2,78,2763
26-JUL-2007,51,Virginia,VA,141,1,Detection Monitoring (on-frame),,1,3,2,1,3277,806,scarlet oak,13.8,,4,2,90,45,29,30,0,50,,25,,,,,,,,,,2,1,Timberland,520,Chestnut oak,54,1,1,0,98,38.5,,2000,16,85,112,,,,,1,,2763
26-JUL-2007,51,Virginia,VA,143,1,Detection Monitoring (on-frame),,1,1,1,1,3256,132,Virginia pine,6.9,,1,2,90,45,10,11,0,30,,30,,,,,,,,,,1,1,Timberland,330,Virginia pine,20,1,2,0,190,70.7,1995,2000,16,,53,,,,,2,22,2747
26-JUL-2007,51,Virginia,VA,143,1,Detection Monitoring (on-frame),,1,1,3,1,3258,621,yellow-poplar,6.2,,2,2,60,60,11,17,0,40,,15,,,,,,,,,,1,1,Timberland,330,Virginia pine,20,1,2,0,20,57.9,,2000,16,19,57,,,,,1,,2747
26-JUL-2007,51,Virginia,VA,147,1,Detection Monitoring (on-frame),,1,2,1,1,3497,802,white oak,17.7,,1,2,140,55,22,36,0,65,,20,,,,,,,,,,1,1,Timberland,530,White oak-red oak-hickory,68,1,1,0,342,64,1995,2000,16,,99,,,,,2,72,3255
26-JUL-2007,51,Virginia,VA,147,1,Detection Monitoring (on-frame),,1,2,2,1,3496,802,white oak,12.6,,1,2,140,55,14,18,0,35,,15,,,,,,,,,,1,1,Timberland,530,White oak-red oak-hickory,68,1,1,0,327,76.4,1995,2000,16,,84,,,,,2,64,3255
26-JUL-2007,51,Virginia,VA,163,1,Detection Monitoring (on-frame),,1,4,3,1,3616,132,Virginia pine,9.1,,1,2,120,50,15,18,0,40,,25,,,,,,,,,,1,1,Timberland,520,Chestnut oak,44,1,2,0,60,38.2,1998,2000,16,,67,,,,,2,27,3287
26-JUL-2007,51,Virginia,VA,163,1,Detection Monitoring (on-frame),,1,4,4,1,3617,806,scarlet oak,8.1,,1,2,45,45,20,21,0,45,,20,,,,,,,,,,1,1,Timberland,520,Chestnut oak,44,1,2,0,209,38.2,1998,2000,16,,60,,,,,2,45,3287
26-JUL-2007,51,Virginia,VA,163,1,Detection Monitoring (on-frame),,1,4,1,1,3636,802,white oak,11.3,,1,2,120,40,29,34,0,65,,20,,,,,,,,,,2,1,Timberland,560,Yellow-poplar-white oak-n. red oak,48,1,1,0,169,43.4,1999,2000,16,48,87,,,,,1,,3289
26-JUL-2007,51,Virginia,VA,163,1,Detection Monitoring (on-frame),,1,4,2,1,3637,621,yellow-poplar,10.2,,1,2,105,30,18,22,0,30,,15,,,,,,,,,,2,1,Timberland,560,Yellow-poplar-white oak-n. red oak,48,1,1,0,112,127.6,1999,2000,16,47,63,,,,,1,,3289
26-JUL-2007,51,Virginia,VA,165,1,Detection Monitoring (on-frame),,1,2,1,1,3777,832,chestnut oak,15.3,,1,2,45,35,30,39,5,50,,20,,,,,,,,,,1,1,Timberland,520,Chestnut oak,79,1,1,0,103,65.7,1995,2000,16,,66,,,,,2,62,4039
26-JUL-2007,51,Virginia,VA,165,1,Detection Monitoring (on-frame),,1,2,2,1,3776,802,white oak,9.4,,1,2,120,40,12,19,0,45,,20,,,,,,,,,,1,1,Timberland,520,Chestnut oak,79,1,1,0,61,68,1995,2000,16,,80,,,,,2,66,4039
26-JUL-2007,51,Virginia,VA,171,1,Detection Monitoring (on-frame),,1,1,1,1,3797,832,chestnut oak,7.6,,4,2,165,40,15,17,5,50,,25,,,,,,,,,,1,1,Timberland,520,Chestnut oak,58,1,2,0,93,73.8,1995,2000,16,,80,,,,,2,58,4050
26-JUL-2007,51,Virginia,VA,171,1,Detection Monitoring (on-frame),,1,1,2,1,3796,833,northern red oak,8.6,,4,2,135,45,19,22,0,55,,20,,,,,,,,,,1,1,Timberland,520,Chestnut oak,58,1,2,0,91,87.8,1995,2000,16,,78,,,,,2,56,4050
26-JUL-2007,51,Virginia,VA,177,1,Detection Monitoring (on-frame),,1,3,1,1,3717,132,Virginia pine,6.4,,1,2,150,35,8,11,0,30,,20,,,,,,,,,,2,1,Timberland,320,Shortleaf pine,47,1,2,0,27,60.7,1995,2000,16,,56,,,,,2,34,4014
26-JUL-2007,51,Virginia,VA,177,1,Detection Monitoring (on-frame),,1,3,2,1,3718,132,Virginia pine,8.1,,1,2,195,35,12,15,0,20,,20,,,,,,,,,,2,1,Timberland,320,Shortleaf pine,47,1,2,0,31,77.9,1995,2000,16,,53,,,,,2,31,4014
26-JUL-2007,51,Virginia,VA,177,1,Detection Monitoring (on-frame),,1,4,3,1,3716,806,scarlet oak,14.2,,1,2,180,55,23,30,0,40,,15,,,,,,,,,,1,1,Timberland,530,White oak-red oak-hickory,77,1,1,0,249,63.2,1995,2000,16,,97,,,,,2,75,4014
26-JUL-2007,51,Virginia,VA,193,1,Detection Monitoring (on-frame),,1,3,1,1,3696,806,scarlet oak,8.9,,1,2,75,65,24,34,0,75,,15,,,,,,,,,,1,1,Timberland,562,Sweetgum-yellow-popular,18,1,3,0,358,93,1995,2000,16,,45,,,,,2,18,3982
26-JUL-2007,51,Virginia,VA,193,1,Detection Monitoring (on-frame),,1,3,2,1,3697,131,loblolly pine,7.8,,3,2,60,40,12,16,0,75,,20,,,,,,,,,,1,1,Timberland,562,Sweetgum-yellow-popular,18,1,3,0,123,24.5,,2000,16,23,38,,,,,1,,3982
26-JUL-2007,51,Virginia,VA,800,1,Detection Monitoring (on-frame),,1,3,1,1,3176,131,loblolly pine,11.4,,3,2,50,45,16,17,0,65,,20,,,,,,,,,,1,1,Timberland,460,Loblolly pine-hardwood,23,1,2,0,22,142.7,1995,2000,16,,58,,,,,2,35,2692
26-JUL-2007,51,Virginia,VA,800,1,Detection Monitoring (on-frame),,1,3,2,1,3177,131,loblolly pine,16.5,,3,2,30,50,32,40,0,60,,15,,,,,,,,,,1,1,Timberland,460,Loblolly pine-hardwood,23,1,2,0,22,256.3,1995,2000,16,,60,AT EDGE OF CC1,,,,2,34,2692
