LAST_UPDATE,STATE,STATE_DESCR,STATE_ABBREV,COUNTY,PROJECT,PROJECT_DESCR,HEXAGON_NBR,PLOT_NBR,POINT_NBR,FHM_SPECIES,SPECIES_COMMON_NAME,CONDITION_CLASS_NBR,CROWN_LIGHT_EXPOSURE,CROWN_POSITION,CROWN_VIGOR_CLASS,NBR_SEEDLINGS,LAND_USE_CLASS,LAND_USE_CLASS_DESCR,FOREST_TYPE,FOREST_TYPE_DESCR,STAND_AGE,STAND_ORIGIN,STAND_SIZE_CLASS,STAND_DENSITY_CHECK,P3ID
26-JUL-2007,51,Virginia,VA,5,1,Detection Monitoring (on-frame),,1,1,316,red maple,1,0,3,1,1,1,Timberland,520,Chestnut oak,68,1,2,0,3307
26-JUL-2007,51,Virginia,VA,5,1,Detection Monitoring (on-frame),,1,1,356,serviceberry,1,0,3,1,7,1,Timberland,520,Chestnut oak,68,1,2,0,3307
26-JUL-2007,51,Virginia,VA,5,1,Detection Monitoring (on-frame),,1,1,837,black oak,1,0,3,1,2,1,Timberland,520,Chestnut oak,68,1,2,0,3307
26-JUL-2007,51,Virginia,VA,5,1,Detection Monitoring (on-frame),,1,2,132,Virginia pine,1,0,3,1,1,1,Timberland,520,Chestnut oak,68,1,2,0,3307
26-JUL-2007,51,Virginia,VA,5,1,Detection Monitoring (on-frame),,1,2,356,serviceberry,1,0,3,1,1,1,Timberland,520,Chestnut oak,68,1,2,0,3307
26-JUL-2007,51,Virginia,VA,5,1,Detection Monitoring (on-frame),,1,2,833,northern red oak,1,0,3,1,2,1,Timberland,520,Chestnut oak,68,1,2,0,3307
26-JUL-2007,51,Virginia,VA,5,1,Detection Monitoring (on-frame),,1,3,316,red maple,1,0,3,1,1,1,Timberland,520,Chestnut oak,68,1,2,0,3307
26-JUL-2007,51,Virginia,VA,5,1,Detection Monitoring (on-frame),,1,3,356,serviceberry,1,0,3,1,2,1,Timberland,520,Chestnut oak,68,1,2,0,3307
26-JUL-2007,51,Virginia,VA,5,1,Detection Monitoring (on-frame),,1,3,833,northern red oak,1,0,3,1,2,1,Timberland,520,Chestnut oak,68,1,2,0,3307
26-JUL-2007,51,Virginia,VA,5,1,Detection Monitoring (on-frame),,1,3,931,sassafras,1,0,3,1,5,1,Timberland,520,Chestnut oak,68,1,2,0,3307
26-JUL-2007,51,Virginia,VA,7,1,Detection Monitoring (on-frame),,1,1,403,pignut hickory,1,0,3,1,2,1,Timberland,310,Loblolly pine,29,2,2,0,3257
26-JUL-2007,51,Virginia,VA,7,1,Detection Monitoring (on-frame),,1,1,409,mockernut hickory,1,0,3,1,2,1,Timberland,310,Loblolly pine,29,2,2,0,3257
26-JUL-2007,51,Virginia,VA,7,1,Detection Monitoring (on-frame),,1,2,403,pignut hickory,1,0,3,1,1,1,Timberland,310,Loblolly pine,29,2,2,0,3257
26-JUL-2007,51,Virginia,VA,7,1,Detection Monitoring (on-frame),,1,2,403,pignut hickory,1,0,3,2,3,1,Timberland,310,Loblolly pine,29,2,2,0,3257
26-JUL-2007,51,Virginia,VA,7,1,Detection Monitoring (on-frame),,1,2,409,mockernut hickory,1,0,3,1,1,1,Timberland,310,Loblolly pine,29,2,2,0,3257
26-JUL-2007,51,Virginia,VA,7,1,Detection Monitoring (on-frame),,1,3,57,Redcedar-Juniper,2,0,3,1,1,1,Timberland,530,White oak-red oak-hickory,5,1,3,0,3257
26-JUL-2007,51,Virginia,VA,7,1,Detection Monitoring (on-frame),,1,3,316,red maple,1,0,3,1,1,1,Timberland,310,Loblolly pine,29,2,2,0,3257
26-JUL-2007,51,Virginia,VA,7,1,Detection Monitoring (on-frame),,1,3,316,red maple,2,0,3,1,2,1,Timberland,530,White oak-red oak-hickory,5,1,3,0,3257
26-JUL-2007,51,Virginia,VA,7,1,Detection Monitoring (on-frame),,1,3,403,pignut hickory,1,0,3,1,1,1,Timberland,310,Loblolly pine,29,2,2,0,3257
26-JUL-2007,51,Virginia,VA,7,1,Detection Monitoring (on-frame),,1,3,409,mockernut hickory,1,0,3,2,2,1,Timberland,310,Loblolly pine,29,2,2,0,3257
26-JUL-2007,51,Virginia,VA,7,1,Detection Monitoring (on-frame),,1,3,409,mockernut hickory,2,0,3,2,1,1,Timberland,530,White oak-red oak-hickory,5,1,3,0,3257
26-JUL-2007,51,Virginia,VA,7,1,Detection Monitoring (on-frame),,1,3,531,American beech,1,0,3,1,3,1,Timberland,310,Loblolly pine,29,2,2,0,3257
26-JUL-2007,51,Virginia,VA,7,1,Detection Monitoring (on-frame),,1,3,802,white oak,1,0,3,1,1,1,Timberland,310,Loblolly pine,29,2,2,0,3257
26-JUL-2007,51,Virginia,VA,7,1,Detection Monitoring (on-frame),,1,3,802,white oak,2,0,3,1,5,1,Timberland,530,White oak-red oak-hickory,5,1,3,0,3257
26-JUL-2007,51,Virginia,VA,7,1,Detection Monitoring (on-frame),,1,4,403,pignut hickory,2,0,3,1,1,1,Timberland,530,White oak-red oak-hickory,5,1,3,0,3257
26-JUL-2007,51,Virginia,VA,7,1,Detection Monitoring (on-frame),,1,4,403,pignut hickory,2,0,3,2,1,1,Timberland,530,White oak-red oak-hickory,5,1,3,0,3257
26-JUL-2007,51,Virginia,VA,7,1,Detection Monitoring (on-frame),,1,4,611,sweetgum,2,0,3,1,1,1,Timberland,530,White oak-red oak-hickory,5,1,3,0,3257
26-JUL-2007,51,Virginia,VA,7,1,Detection Monitoring (on-frame),,1,4,693,blackgum,2,0,3,1,1,1,Timberland,530,White oak-red oak-hickory,5,1,3,0,3257
26-JUL-2007,51,Virginia,VA,7,1,Detection Monitoring (on-frame),,1,4,802,white oak,2,0,3,1,1,1,Timberland,530,White oak-red oak-hickory,5,1,3,0,3257
26-JUL-2007,51,Virginia,VA,9,1,Detection Monitoring (on-frame),,2,1,544,green ash,1,0,3,2,1,1,Timberland,450,Virginia pine-southern red oak,32,1,2,0,3282
26-JUL-2007,51,Virginia,VA,9,1,Detection Monitoring (on-frame),,2,2,316,red maple,1,0,3,1,2,1,Timberland,450,Virginia pine-southern red oak,32,1,2,0,3282
26-JUL-2007,51,Virginia,VA,9,1,Detection Monitoring (on-frame),,2,2,544,green ash,1,0,3,1,2,1,Timberland,450,Virginia pine-southern red oak,32,1,2,0,3282
26-JUL-2007,51,Virginia,VA,9,1,Detection Monitoring (on-frame),,2,2,833,northern red oak,1,0,3,1,1,1,Timberland,450,Virginia pine-southern red oak,32,1,2,0,3282
26-JUL-2007,51,Virginia,VA,9,1,Detection Monitoring (on-frame),,2,3,316,red maple,1,0,3,1,5,1,Timberland,450,Virginia pine-southern red oak,32,1,2,0,3282
26-JUL-2007,51,Virginia,VA,9,1,Detection Monitoring (on-frame),,2,3,802,white oak,1,0,3,1,1,1,Timberland,450,Virginia pine-southern red oak,32,1,2,0,3282
26-JUL-2007,51,Virginia,VA,9,1,Detection Monitoring (on-frame),,2,3,835,post oak,1,0,3,2,3,1,Timberland,450,Virginia pine-southern red oak,32,1,2,0,3282
26-JUL-2007,51,Virginia,VA,9,1,Detection Monitoring (on-frame),,2,4,544,green ash,1,0,3,1,2,1,Timberland,450,Virginia pine-southern red oak,32,1,2,0,3282
26-JUL-2007,51,Virginia,VA,15,1,Detection Monitoring (on-frame),,1,1,541,white ash,1,0,3,1,1,1,Timberland,530,White oak-red oak-hickory,101,1,1,0,4035
26-JUL-2007,51,Virginia,VA,15,1,Detection Monitoring (on-frame),,1,1,832,chestnut oak,1,0,3,1,1,1,Timberland,530,White oak-red oak-hickory,101,1,1,0,4035
26-JUL-2007,51,Virginia,VA,15,1,Detection Monitoring (on-frame),,1,1,833,northern red oak,1,0,3,1,1,1,Timberland,530,White oak-red oak-hickory,101,1,1,0,4035
26-JUL-2007,51,Virginia,VA,15,1,Detection Monitoring (on-frame),,1,1,931,sassafras,1,0,3,1,15,1,Timberland,530,White oak-red oak-hickory,101,1,1,0,4035
26-JUL-2007,51,Virginia,VA,15,1,Detection Monitoring (on-frame),,1,2,316,red maple,2,1,2,1,15,1,Timberland,560,Yellow-poplar-white oak-n. red oak,3,1,3,0,4035
26-JUL-2007,51,Virginia,VA,15,1,Detection Monitoring (on-frame),,1,2,621,yellow-poplar,2,1,2,1,14,1,Timberland,560,Yellow-poplar-white oak-n. red oak,3,1,3,0,4035
26-JUL-2007,51,Virginia,VA,15,1,Detection Monitoring (on-frame),,1,2,693,blackgum,2,1,2,1,11,1,Timberland,560,Yellow-poplar-white oak-n. red oak,3,1,3,0,4035
26-JUL-2007,51,Virginia,VA,15,1,Detection Monitoring (on-frame),,1,2,931,sassafras,2,1,2,1,3,1,Timberland,560,Yellow-poplar-white oak-n. red oak,3,1,3,0,4035
26-JUL-2007,51,Virginia,VA,15,1,Detection Monitoring (on-frame),,1,3,316,red maple,1,0,3,1,4,1,Timberland,530,White oak-red oak-hickory,101,1,1,0,4035
26-JUL-2007,51,Virginia,VA,15,1,Detection Monitoring (on-frame),,1,3,403,pignut hickory,1,0,3,1,1,1,Timberland,530,White oak-red oak-hickory,101,1,1,0,4035
26-JUL-2007,51,Virginia,VA,15,1,Detection Monitoring (on-frame),,1,3,832,chestnut oak,1,0,3,1,9,1,Timberland,530,White oak-red oak-hickory,101,1,1,0,4035
26-JUL-2007,51,Virginia,VA,23,1,Detection Monitoring (on-frame),,1,1,409,mockernut hickory,1,0,3,2,1,1,Timberland,520,Chestnut oak,88,1,1,0,3284
26-JUL-2007,51,Virginia,VA,23,1,Detection Monitoring (on-frame),,1,1,409,mockernut hickory,1,1,3,1,1,1,Timberland,520,Chestnut oak,88,1,1,0,3284
26-JUL-2007,51,Virginia,VA,23,1,Detection Monitoring (on-frame),,1,1,837,black oak,1,1,3,1,1,1,Timberland,520,Chestnut oak,88,1,1,0,3284
26-JUL-2007,51,Virginia,VA,23,1,Detection Monitoring (on-frame),,1,2,500,hawthorn,1,0,3,2,1,1,Timberland,520,Chestnut oak,88,1,1,0,3284
26-JUL-2007,51,Virginia,VA,23,1,Detection Monitoring (on-frame),,1,2,500,hawthorn,1,0,3,3,1,1,Timberland,520,Chestnut oak,88,1,1,0,3284
26-JUL-2007,51,Virginia,VA,23,1,Detection Monitoring (on-frame),,1,3,409,mockernut hickory,1,0,3,1,1,1,Timberland,520,Chestnut oak,88,1,1,0,3284
26-JUL-2007,51,Virginia,VA,23,1,Detection Monitoring (on-frame),,1,3,837,black oak,1,0,3,1,1,1,Timberland,520,Chestnut oak,88,1,1,0,3284
26-JUL-2007,51,Virginia,VA,25,1,Detection Monitoring (on-frame),,1,1,611,sweetgum,1,0,3,1,8,1,Timberland,310,Loblolly pine,24,2,2,0,2712
26-JUL-2007,51,Virginia,VA,25,1,Detection Monitoring (on-frame),,1,1,831,willow oak,1,0,3,1,1,1,Timberland,310,Loblolly pine,24,2,2,0,2712
26-JUL-2007,51,Virginia,VA,25,1,Detection Monitoring (on-frame),,1,1,971,winged elm,1,0,3,1,6,1,Timberland,310,Loblolly pine,24,2,2,0,2712
26-JUL-2007,51,Virginia,VA,25,1,Detection Monitoring (on-frame),,1,2,591,American holly,1,0,3,1,1,1,Timberland,310,Loblolly pine,24,2,2,0,2712
26-JUL-2007,51,Virginia,VA,25,1,Detection Monitoring (on-frame),,1,2,611,sweetgum,1,0,3,1,3,1,Timberland,310,Loblolly pine,24,2,2,0,2712
26-JUL-2007,51,Virginia,VA,25,1,Detection Monitoring (on-frame),,1,3,316,red maple,1,0,3,1,1,1,Timberland,310,Loblolly pine,24,2,2,0,2712
26-JUL-2007,51,Virginia,VA,25,1,Detection Monitoring (on-frame),,1,3,611,sweetgum,1,0,3,1,2,1,Timberland,310,Loblolly pine,24,2,2,0,2712
26-JUL-2007,51,Virginia,VA,25,1,Detection Monitoring (on-frame),,1,3,711,sourwood,1,0,3,1,1,1,Timberland,310,Loblolly pine,24,2,2,0,2712
26-JUL-2007,51,Virginia,VA,25,1,Detection Monitoring (on-frame),,1,3,971,winged elm,1,0,3,1,5,1,Timberland,310,Loblolly pine,24,2,2,0,2712
26-JUL-2007,51,Virginia,VA,25,1,Detection Monitoring (on-frame),,1,3,971,winged elm,1,0,3,2,2,1,Timberland,310,Loblolly pine,24,2,2,0,2712
26-JUL-2007,51,Virginia,VA,25,1,Detection Monitoring (on-frame),,1,4,316,red maple,1,0,3,1,2,1,Timberland,310,Loblolly pine,24,2,2,0,2712
26-JUL-2007,51,Virginia,VA,25,1,Detection Monitoring (on-frame),,1,4,403,pignut hickory,1,0,3,1,1,1,Timberland,310,Loblolly pine,24,2,2,0,2712
26-JUL-2007,51,Virginia,VA,25,1,Detection Monitoring (on-frame),,1,4,491,flowering dogwood,1,0,3,2,1,1,Timberland,310,Loblolly pine,24,2,2,0,2712
26-JUL-2007,51,Virginia,VA,25,1,Detection Monitoring (on-frame),,1,4,611,sweetgum,1,0,3,1,7,1,Timberland,310,Loblolly pine,24,2,2,0,2712
26-JUL-2007,51,Virginia,VA,29,1,Detection Monitoring (on-frame),,1,1,316,red maple,1,0,3,1,6,1,Timberland,580,Black locust,20,1,2,0,3260
26-JUL-2007,51,Virginia,VA,29,1,Detection Monitoring (on-frame),,1,1,316,red maple,1,0,3,2,5,1,Timberland,580,Black locust,20,1,2,0,3260
26-JUL-2007,51,Virginia,VA,29,1,Detection Monitoring (on-frame),,1,1,491,flowering dogwood,1,0,3,1,10,1,Timberland,580,Black locust,20,1,2,0,3260
26-JUL-2007,51,Virginia,VA,29,1,Detection Monitoring (on-frame),,1,1,531,American beech,1,0,3,2,2,1,Timberland,580,Black locust,20,1,2,0,3260
26-JUL-2007,51,Virginia,VA,29,1,Detection Monitoring (on-frame),,1,1,621,yellow-poplar,1,0,3,1,1,1,Timberland,580,Black locust,20,1,2,0,3260
26-JUL-2007,51,Virginia,VA,29,1,Detection Monitoring (on-frame),,1,2,316,red maple,1,0,3,1,3,1,Timberland,580,Black locust,20,1,2,0,3260
26-JUL-2007,51,Virginia,VA,29,1,Detection Monitoring (on-frame),,1,2,491,flowering dogwood,1,0,3,2,1,1,Timberland,580,Black locust,20,1,2,0,3260
26-JUL-2007,51,Virginia,VA,29,1,Detection Monitoring (on-frame),,1,2,531,American beech,1,0,3,1,1,1,Timberland,580,Black locust,20,1,2,0,3260
26-JUL-2007,51,Virginia,VA,29,1,Detection Monitoring (on-frame),,1,2,621,yellow-poplar,1,0,3,1,4,1,Timberland,580,Black locust,20,1,2,0,3260
26-JUL-2007,51,Virginia,VA,31,1,Detection Monitoring (on-frame),,1,1,68,eastern redcedar,1,0,3,2,2,1,Timberland,330,Virginia pine,58,1,2,0,3275
26-JUL-2007,51,Virginia,VA,31,1,Detection Monitoring (on-frame),,1,1,316,red maple,1,0,3,1,1,1,Timberland,330,Virginia pine,58,1,2,0,3275
26-JUL-2007,51,Virginia,VA,31,1,Detection Monitoring (on-frame),,1,1,391,American hornbeam-,1,0,3,1,19,1,Timberland,330,Virginia pine,58,1,2,0,3275
26-JUL-2007,51,Virginia,VA,31,1,Detection Monitoring (on-frame),,1,1,409,mockernut hickory,1,0,3,1,1,1,Timberland,330,Virginia pine,58,1,2,0,3275
26-JUL-2007,51,Virginia,VA,31,1,Detection Monitoring (on-frame),,1,1,421,American chestnut,1,0,3,1,1,1,Timberland,330,Virginia pine,58,1,2,0,3275
26-JUL-2007,51,Virginia,VA,31,1,Detection Monitoring (on-frame),,1,1,491,flowering dogwood,1,0,3,1,6,1,Timberland,330,Virginia pine,58,1,2,0,3275
26-JUL-2007,51,Virginia,VA,31,1,Detection Monitoring (on-frame),,1,1,531,American beech,1,0,3,1,1,1,Timberland,330,Virginia pine,58,1,2,0,3275
26-JUL-2007,51,Virginia,VA,31,1,Detection Monitoring (on-frame),,1,1,693,blackgum,1,0,3,2,1,1,Timberland,330,Virginia pine,58,1,2,0,3275
26-JUL-2007,51,Virginia,VA,31,1,Detection Monitoring (on-frame),,1,1,711,sourwood,1,0,3,1,2,1,Timberland,330,Virginia pine,58,1,2,0,3275
26-JUL-2007,51,Virginia,VA,31,1,Detection Monitoring (on-frame),,1,1,762,black cherry,1,0,3,1,6,1,Timberland,330,Virginia pine,58,1,2,0,3275
26-JUL-2007,51,Virginia,VA,31,1,Detection Monitoring (on-frame),,1,1,802,white oak,1,0,3,1,2,1,Timberland,330,Virginia pine,58,1,2,0,3275
26-JUL-2007,51,Virginia,VA,31,1,Detection Monitoring (on-frame),,1,1,832,chestnut oak,1,0,3,1,2,1,Timberland,330,Virginia pine,58,1,2,0,3275
26-JUL-2007,51,Virginia,VA,31,1,Detection Monitoring (on-frame),,1,2,316,red maple,1,0,3,1,1,1,Timberland,330,Virginia pine,58,1,2,0,3275
26-JUL-2007,51,Virginia,VA,31,1,Detection Monitoring (on-frame),,1,2,316,red maple,1,0,3,2,7,1,Timberland,330,Virginia pine,58,1,2,0,3275
26-JUL-2007,51,Virginia,VA,31,1,Detection Monitoring (on-frame),,1,2,409,mockernut hickory,1,0,3,1,1,1,Timberland,330,Virginia pine,58,1,2,0,3275
26-JUL-2007,51,Virginia,VA,31,1,Detection Monitoring (on-frame),,1,2,421,American chestnut,1,0,3,1,2,1,Timberland,330,Virginia pine,58,1,2,0,3275
26-JUL-2007,51,Virginia,VA,31,1,Detection Monitoring (on-frame),,1,2,531,American beech,1,0,3,3,3,1,Timberland,330,Virginia pine,58,1,2,0,3275
26-JUL-2007,51,Virginia,VA,31,1,Detection Monitoring (on-frame),,1,2,621,yellow-poplar,1,0,3,1,3,1,Timberland,330,Virginia pine,58,1,2,0,3275
26-JUL-2007,51,Virginia,VA,31,1,Detection Monitoring (on-frame),,1,2,693,blackgum,1,0,3,1,2,1,Timberland,330,Virginia pine,58,1,2,0,3275
26-JUL-2007,51,Virginia,VA,31,1,Detection Monitoring (on-frame),,1,2,762,black cherry,1,0,3,1,4,1,Timberland,330,Virginia pine,58,1,2,0,3275
26-JUL-2007,51,Virginia,VA,31,1,Detection Monitoring (on-frame),,1,2,931,sassafras,1,0,3,1,1,1,Timberland,330,Virginia pine,58,1,2,0,3275
26-JUL-2007,51,Virginia,VA,31,1,Detection Monitoring (on-frame),,1,3,316,red maple,1,0,3,1,2,1,Timberland,330,Virginia pine,58,1,2,0,3275
26-JUL-2007,51,Virginia,VA,31,1,Detection Monitoring (on-frame),,1,3,802,white oak,1,0,3,1,3,1,Timberland,330,Virginia pine,58,1,2,0,3275
26-JUL-2007,51,Virginia,VA,31,1,Detection Monitoring (on-frame),,1,3,802,white oak,1,0,3,3,1,1,Timberland,330,Virginia pine,58,1,2,0,3275
26-JUL-2007,51,Virginia,VA,31,1,Detection Monitoring (on-frame),,1,3,806,scarlet oak,1,0,3,1,1,1,Timberland,330,Virginia pine,58,1,2,0,3275
26-JUL-2007,51,Virginia,VA,31,1,Detection Monitoring (on-frame),,1,4,391,American hornbeam-,1,0,3,1,26,1,Timberland,330,Virginia pine,58,1,2,0,3275
26-JUL-2007,51,Virginia,VA,31,1,Detection Monitoring (on-frame),,1,4,491,flowering dogwood,1,0,3,1,11,1,Timberland,330,Virginia pine,58,1,2,0,3275
26-JUL-2007,51,Virginia,VA,31,1,Detection Monitoring (on-frame),,1,4,531,American beech,1,0,3,1,1,1,Timberland,330,Virginia pine,58,1,2,0,3275
26-JUL-2007,51,Virginia,VA,31,1,Detection Monitoring (on-frame),,1,4,693,blackgum,1,0,3,1,2,1,Timberland,330,Virginia pine,58,1,2,0,3275
26-JUL-2007,51,Virginia,VA,31,1,Detection Monitoring (on-frame),,1,4,802,white oak,1,0,3,1,5,1,Timberland,330,Virginia pine,58,1,2,0,3275
26-JUL-2007,51,Virginia,VA,41,1,Detection Monitoring (on-frame),,1,1,833,northern red oak,1,0,3,1,1,1,Timberland,590,Mixed central hardwood,28,1,2,0,3238
26-JUL-2007,51,Virginia,VA,41,1,Detection Monitoring (on-frame),,1,3,316,red maple,1,0,3,2,1,1,Timberland,590,Mixed central hardwood,28,1,2,0,3238
26-JUL-2007,51,Virginia,VA,41,1,Detection Monitoring (on-frame),,1,3,591,American holly,1,0,3,1,2,1,Timberland,590,Mixed central hardwood,28,1,2,0,3238
26-JUL-2007,51,Virginia,VA,41,1,Detection Monitoring (on-frame),,1,3,693,blackgum,1,0,3,1,1,1,Timberland,590,Mixed central hardwood,28,1,2,0,3238
26-JUL-2007,51,Virginia,VA,41,1,Detection Monitoring (on-frame),,1,3,802,white oak,1,0,3,1,1,1,Timberland,590,Mixed central hardwood,28,1,2,0,3238
26-JUL-2007,51,Virginia,VA,41,1,Detection Monitoring (on-frame),,1,3,837,black oak,1,0,3,1,1,1,Timberland,590,Mixed central hardwood,28,1,2,0,3238
26-JUL-2007,51,Virginia,VA,41,1,Detection Monitoring (on-frame),,1,3,931,sassafras,1,0,3,1,3,1,Timberland,590,Mixed central hardwood,28,1,2,0,3238
26-JUL-2007,51,Virginia,VA,41,1,Detection Monitoring (on-frame),,1,4,421,American chestnut,2,0,3,1,3,1,Timberland,310,Loblolly pine,41,2,2,0,3238
26-JUL-2007,51,Virginia,VA,41,1,Detection Monitoring (on-frame),,1,4,693,blackgum,2,0,3,1,1,1,Timberland,310,Loblolly pine,41,2,2,0,3238
26-JUL-2007,51,Virginia,VA,45,1,Detection Monitoring (on-frame),,1,1,693,blackgum,1,0,3,1,1,1,Timberland,520,Chestnut oak,38,1,2,0,3298
26-JUL-2007,51,Virginia,VA,45,1,Detection Monitoring (on-frame),,1,1,711,sourwood,1,0,3,1,1,1,Timberland,520,Chestnut oak,38,1,2,0,3298
26-JUL-2007,51,Virginia,VA,45,1,Detection Monitoring (on-frame),,1,1,931,sassafras,1,0,3,1,1,1,Timberland,520,Chestnut oak,38,1,2,0,3298
26-JUL-2007,51,Virginia,VA,45,1,Detection Monitoring (on-frame),,1,4,491,flowering dogwood,1,1,3,1,1,1,Timberland,520,Chestnut oak,38,1,2,0,3298
26-JUL-2007,51,Virginia,VA,45,1,Detection Monitoring (on-frame),,1,4,711,sourwood,1,1,3,1,14,1,Timberland,520,Chestnut oak,38,1,2,0,3298
26-JUL-2007,51,Virginia,VA,45,1,Detection Monitoring (on-frame),,1,4,832,chestnut oak,1,0,3,1,1,1,Timberland,520,Chestnut oak,38,1,2,0,3298
26-JUL-2007,51,Virginia,VA,47,1,Detection Monitoring (on-frame),,1,2,693,blackgum,2,0,3,2,1,1,Timberland,330,Virginia pine,29,1,3,0,4025
26-JUL-2007,51,Virginia,VA,47,1,Detection Monitoring (on-frame),,1,2,802,white oak,2,0,3,1,1,1,Timberland,330,Virginia pine,29,1,3,0,4025
26-JUL-2007,51,Virginia,VA,47,1,Detection Monitoring (on-frame),,1,3,693,blackgum,1,0,3,1,2,1,Timberland,450,Virginia pine-southern red oak,44,1,1,0,4025
26-JUL-2007,51,Virginia,VA,51,1,Detection Monitoring (on-frame),,1,2,402,bitternut hickory,2,0,3,2,1,1,Timberland,530,White oak-red oak-hickory,67,1,1,0,2809
26-JUL-2007,51,Virginia,VA,51,1,Detection Monitoring (on-frame),,1,2,901,black locust,2,0,3,3,1,1,Timberland,530,White oak-red oak-hickory,67,1,1,0,2809
26-JUL-2007,51,Virginia,VA,53,1,Detection Monitoring (on-frame),,1,1,316,red maple,1,0,3,1,2,1,Timberland,310,Loblolly pine,16,2,2,0,3232
26-JUL-2007,51,Virginia,VA,53,1,Detection Monitoring (on-frame),,1,1,403,pignut hickory,1,0,3,1,2,1,Timberland,310,Loblolly pine,16,2,2,0,3232
26-JUL-2007,51,Virginia,VA,53,1,Detection Monitoring (on-frame),,1,1,491,flowering dogwood,1,0,3,1,9,1,Timberland,310,Loblolly pine,16,2,2,0,3232
26-JUL-2007,51,Virginia,VA,53,1,Detection Monitoring (on-frame),,1,1,693,blackgum,1,0,3,2,1,1,Timberland,310,Loblolly pine,16,2,2,0,3232
26-JUL-2007,51,Virginia,VA,53,1,Detection Monitoring (on-frame),,1,1,762,black cherry,1,0,3,1,1,1,Timberland,310,Loblolly pine,16,2,2,0,3232
26-JUL-2007,51,Virginia,VA,53,1,Detection Monitoring (on-frame),,1,2,611,sweetgum,1,1,3,1,3,1,Timberland,310,Loblolly pine,16,2,2,0,3232
26-JUL-2007,51,Virginia,VA,53,1,Detection Monitoring (on-frame),,1,2,621,yellow-poplar,1,0,3,1,1,1,Timberland,310,Loblolly pine,16,2,2,0,3232
26-JUL-2007,51,Virginia,VA,53,1,Detection Monitoring (on-frame),,1,2,621,yellow-poplar,1,1,3,1,1,1,Timberland,310,Loblolly pine,16,2,2,0,3232
26-JUL-2007,51,Virginia,VA,53,1,Detection Monitoring (on-frame),,1,2,802,white oak,1,1,3,1,1,1,Timberland,310,Loblolly pine,16,2,2,0,3232
26-JUL-2007,51,Virginia,VA,53,1,Detection Monitoring (on-frame),,1,2,802,white oak,1,1,3,2,1,1,Timberland,310,Loblolly pine,16,2,2,0,3232
26-JUL-2007,51,Virginia,VA,53,1,Detection Monitoring (on-frame),,1,2,812,southern red oak,1,1,3,1,5,1,Timberland,310,Loblolly pine,16,2,2,0,3232
26-JUL-2007,51,Virginia,VA,53,1,Detection Monitoring (on-frame),,1,2,812,southern red oak,1,1,3,2,1,1,Timberland,310,Loblolly pine,16,2,2,0,3232
26-JUL-2007,51,Virginia,VA,53,1,Detection Monitoring (on-frame),,1,2,833,northern red oak,1,1,3,1,2,1,Timberland,310,Loblolly pine,16,2,2,0,3232
26-JUL-2007,51,Virginia,VA,53,1,Detection Monitoring (on-frame),,1,3,402,bitternut hickory,1,0,3,1,1,1,Timberland,310,Loblolly pine,16,2,2,0,3232
26-JUL-2007,51,Virginia,VA,53,1,Detection Monitoring (on-frame),,1,3,409,mockernut hickory,1,0,3,1,1,1,Timberland,310,Loblolly pine,16,2,2,0,3232
26-JUL-2007,51,Virginia,VA,53,1,Detection Monitoring (on-frame),,1,3,491,flowering dogwood,1,0,3,1,1,1,Timberland,310,Loblolly pine,16,2,2,0,3232
26-JUL-2007,51,Virginia,VA,53,1,Detection Monitoring (on-frame),,1,3,531,American beech,1,0,3,1,1,1,Timberland,310,Loblolly pine,16,2,2,0,3232
26-JUL-2007,51,Virginia,VA,53,1,Detection Monitoring (on-frame),,1,3,611,sweetgum,1,0,3,1,11,1,Timberland,310,Loblolly pine,16,2,2,0,3232
26-JUL-2007,51,Virginia,VA,53,1,Detection Monitoring (on-frame),,1,3,621,yellow-poplar,1,0,3,1,1,1,Timberland,310,Loblolly pine,16,2,2,0,3232
26-JUL-2007,51,Virginia,VA,53,1,Detection Monitoring (on-frame),,1,3,831,willow oak,1,0,3,1,1,1,Timberland,310,Loblolly pine,16,2,2,0,3232
26-JUL-2007,51,Virginia,VA,53,1,Detection Monitoring (on-frame),,1,3,931,sassafras,1,0,3,1,2,1,Timberland,310,Loblolly pine,16,2,2,0,3232
26-JUL-2007,51,Virginia,VA,53,1,Detection Monitoring (on-frame),,1,4,491,flowering dogwood,1,0,3,1,1,1,Timberland,310,Loblolly pine,16,2,2,0,3232
26-JUL-2007,51,Virginia,VA,53,1,Detection Monitoring (on-frame),,1,4,621,yellow-poplar,1,0,3,1,5,1,Timberland,310,Loblolly pine,16,2,2,0,3232
26-JUL-2007,51,Virginia,VA,53,1,Detection Monitoring (on-frame),,1,4,621,yellow-poplar,1,0,3,2,1,1,Timberland,310,Loblolly pine,16,2,2,0,3232
26-JUL-2007,51,Virginia,VA,53,1,Detection Monitoring (on-frame),,1,4,762,black cherry,1,0,3,1,1,1,Timberland,310,Loblolly pine,16,2,2,0,3232
26-JUL-2007,51,Virginia,VA,53,1,Detection Monitoring (on-frame),,1,4,802,white oak,1,0,3,1,1,1,Timberland,310,Loblolly pine,16,2,2,0,3232
26-JUL-2007,51,Virginia,VA,75,1,Detection Monitoring (on-frame),,1,1,316,red maple,1,0,3,1,4,1,Timberland,330,Virginia pine,47,1,2,0,3246
26-JUL-2007,51,Virginia,VA,75,1,Detection Monitoring (on-frame),,1,1,403,pignut hickory,1,0,3,2,1,1,Timberland,330,Virginia pine,47,1,2,0,3246
26-JUL-2007,51,Virginia,VA,75,1,Detection Monitoring (on-frame),,1,1,591,American holly,1,0,3,1,2,1,Timberland,330,Virginia pine,47,1,2,0,3246
26-JUL-2007,51,Virginia,VA,75,1,Detection Monitoring (on-frame),,1,1,693,blackgum,1,0,3,1,4,1,Timberland,330,Virginia pine,47,1,2,0,3246
26-JUL-2007,51,Virginia,VA,75,1,Detection Monitoring (on-frame),,1,1,802,white oak,1,0,3,1,1,1,Timberland,330,Virginia pine,47,1,2,0,3246
26-JUL-2007,51,Virginia,VA,75,1,Detection Monitoring (on-frame),,1,1,831,willow oak,1,0,3,1,1,1,Timberland,330,Virginia pine,47,1,2,0,3246
26-JUL-2007,51,Virginia,VA,75,1,Detection Monitoring (on-frame),,1,2,316,red maple,2,0,3,2,1,1,Timberland,530,White oak-red oak-hickory,74,1,1,0,3246
26-JUL-2007,51,Virginia,VA,75,1,Detection Monitoring (on-frame),,1,2,409,mockernut hickory,2,0,3,1,4,1,Timberland,530,White oak-red oak-hickory,74,1,1,0,3246
26-JUL-2007,51,Virginia,VA,75,1,Detection Monitoring (on-frame),,1,3,802,white oak,1,0,3,1,3,1,Timberland,330,Virginia pine,47,1,2,0,3246
26-JUL-2007,51,Virginia,VA,75,1,Detection Monitoring (on-frame),,1,3,837,black oak,1,0,3,1,4,1,Timberland,330,Virginia pine,47,1,2,0,3246
26-JUL-2007,51,Virginia,VA,75,1,Detection Monitoring (on-frame),,1,4,132,Virginia pine,1,0,3,1,2,1,Timberland,330,Virginia pine,47,1,2,0,3246
26-JUL-2007,51,Virginia,VA,75,1,Detection Monitoring (on-frame),,1,4,132,Virginia pine,1,0,3,2,1,1,Timberland,330,Virginia pine,47,1,2,0,3246
26-JUL-2007,51,Virginia,VA,75,1,Detection Monitoring (on-frame),,1,4,316,red maple,1,0,3,1,2,1,Timberland,330,Virginia pine,47,1,2,0,3246
26-JUL-2007,51,Virginia,VA,75,1,Detection Monitoring (on-frame),,1,4,802,white oak,1,0,3,1,1,1,Timberland,330,Virginia pine,47,1,2,0,3246
26-JUL-2007,51,Virginia,VA,75,1,Detection Monitoring (on-frame),,1,4,802,white oak,1,0,3,2,1,1,Timberland,330,Virginia pine,47,1,2,0,3246
26-JUL-2007,51,Virginia,VA,75,1,Detection Monitoring (on-frame),,1,4,837,black oak,1,0,3,1,4,1,Timberland,330,Virginia pine,47,1,2,0,3246
26-JUL-2007,51,Virginia,VA,77,1,Detection Monitoring (on-frame),,1,4,332,yellow buckeye,1,0,3,1,1,1,Timberland,560,Yellow-poplar-white oak-n. red oak,46,1,2,0,2786
26-JUL-2007,51,Virginia,VA,83,1,Detection Monitoring (on-frame),,1,1,409,mockernut hickory,1,0,3,1,2,1,Timberland,720,River birch-sycamore,68,1,1,0,2729
26-JUL-2007,51,Virginia,VA,83,1,Detection Monitoring (on-frame),,1,1,762,black cherry,1,0,3,1,1,1,Timberland,720,River birch-sycamore,68,1,1,0,2729
26-JUL-2007,51,Virginia,VA,83,1,Detection Monitoring (on-frame),,1,1,762,black cherry,1,0,3,2,1,1,Timberland,720,River birch-sycamore,68,1,1,0,2729
26-JUL-2007,51,Virginia,VA,83,1,Detection Monitoring (on-frame),,1,3,313,boxelder,1,0,3,1,1,1,Timberland,720,River birch-sycamore,68,1,1,0,2729
26-JUL-2007,51,Virginia,VA,83,1,Detection Monitoring (on-frame),,1,3,762,black cherry,1,0,3,1,1,1,Timberland,720,River birch-sycamore,68,1,1,0,2729
26-JUL-2007,51,Virginia,VA,95,1,Detection Monitoring (on-frame),,1,1,591,American holly,1,0,3,1,1,1,Timberland,564,Yellow-popular,104,1,1,0,3225
26-JUL-2007,51,Virginia,VA,95,1,Detection Monitoring (on-frame),,1,1,762,black cherry,1,0,3,1,1,1,Timberland,564,Yellow-popular,104,1,1,0,3225
26-JUL-2007,51,Virginia,VA,95,1,Detection Monitoring (on-frame),,1,3,57,Redcedar-Juniper,2,0,3,1,1,1,Timberland,310,Loblolly pine,37,1,2,0,3225
26-JUL-2007,51,Virginia,VA,95,1,Detection Monitoring (on-frame),,1,3,611,sweetgum,2,0,3,1,1,1,Timberland,310,Loblolly pine,37,1,2,0,3225
26-JUL-2007,51,Virginia,VA,95,1,Detection Monitoring (on-frame),,1,3,611,sweetgum,2,0,3,2,1,1,Timberland,310,Loblolly pine,37,1,2,0,3225
26-JUL-2007,51,Virginia,VA,95,1,Detection Monitoring (on-frame),,1,4,591,American holly,1,0,3,1,1,1,Timberland,564,Yellow-popular,104,1,1,0,3225
26-JUL-2007,51,Virginia,VA,95,1,Detection Monitoring (on-frame),,1,4,591,American holly,1,0,3,2,1,1,Timberland,564,Yellow-popular,104,1,1,0,3225
26-JUL-2007,51,Virginia,VA,97,1,Detection Monitoring (on-frame),,1,3,591,American holly,1,0,3,1,1,1,Timberland,460,Loblolly pine-hardwood,39,1,1,0,3227
26-JUL-2007,51,Virginia,VA,97,1,Detection Monitoring (on-frame),,1,4,391,American hornbeam-,1,0,3,1,1,1,Timberland,460,Loblolly pine-hardwood,39,1,1,0,3227
26-JUL-2007,51,Virginia,VA,101,1,Detection Monitoring (on-frame),,1,1,391,American hornbeam-,1,0,3,1,11,1,Timberland,562,Sweetgum-yellow-popular,14,1,3,0,3248
26-JUL-2007,51,Virginia,VA,101,1,Detection Monitoring (on-frame),,1,1,802,white oak,1,0,3,1,1,1,Timberland,562,Sweetgum-yellow-popular,14,1,3,0,3248
26-JUL-2007,51,Virginia,VA,101,1,Detection Monitoring (on-frame),,1,2,409,mockernut hickory,1,0,3,1,1,1,Timberland,562,Sweetgum-yellow-popular,14,1,3,0,3248
26-JUL-2007,51,Virginia,VA,101,1,Detection Monitoring (on-frame),,1,2,762,black cherry,1,0,3,1,1,1,Timberland,562,Sweetgum-yellow-popular,14,1,3,0,3248
26-JUL-2007,51,Virginia,VA,101,1,Detection Monitoring (on-frame),,1,2,833,northern red oak,1,0,3,1,1,1,Timberland,562,Sweetgum-yellow-popular,14,1,3,0,3248
26-JUL-2007,51,Virginia,VA,101,1,Detection Monitoring (on-frame),,1,3,922,black willow,1,1,4,1,2,1,Timberland,562,Sweetgum-yellow-popular,14,1,3,0,3248
26-JUL-2007,51,Virginia,VA,101,1,Detection Monitoring (on-frame),,1,4,591,American holly,1,0,3,1,2,1,Timberland,562,Sweetgum-yellow-popular,14,1,3,0,3248
26-JUL-2007,51,Virginia,VA,101,1,Detection Monitoring (on-frame),,1,4,837,black oak,1,0,3,2,2,1,Timberland,562,Sweetgum-yellow-popular,14,1,3,0,3248
26-JUL-2007,51,Virginia,VA,105,1,Detection Monitoring (on-frame),,1,1,931,sassafras,1,0,3,1,6,1,Timberland,564,Yellow-popular,14,1,3,0,2805
26-JUL-2007,51,Virginia,VA,105,1,Detection Monitoring (on-frame),,1,2,316,red maple,2,0,3,1,9,1,Timberland,560,Yellow-poplar-white oak-n. red oak,33,1,2,0,2805
26-JUL-2007,51,Virginia,VA,105,1,Detection Monitoring (on-frame),,1,2,403,pignut hickory,2,0,3,2,1,1,Timberland,560,Yellow-poplar-white oak-n. red oak,33,1,2,0,2805
26-JUL-2007,51,Virginia,VA,105,1,Detection Monitoring (on-frame),,1,2,409,mockernut hickory,2,0,3,1,1,1,Timberland,560,Yellow-poplar-white oak-n. red oak,33,1,2,0,2805
26-JUL-2007,51,Virginia,VA,105,1,Detection Monitoring (on-frame),,1,2,531,American beech,2,0,3,1,3,1,Timberland,560,Yellow-poplar-white oak-n. red oak,33,1,2,0,2805
26-JUL-2007,51,Virginia,VA,105,1,Detection Monitoring (on-frame),,1,2,802,white oak,2,0,3,1,2,1,Timberland,560,Yellow-poplar-white oak-n. red oak,33,1,2,0,2805
26-JUL-2007,51,Virginia,VA,105,1,Detection Monitoring (on-frame),,1,2,833,northern red oak,2,0,3,1,1,1,Timberland,560,Yellow-poplar-white oak-n. red oak,33,1,2,0,2805
26-JUL-2007,51,Virginia,VA,105,1,Detection Monitoring (on-frame),,1,2,931,sassafras,2,0,3,1,5,1,Timberland,560,Yellow-poplar-white oak-n. red oak,33,1,2,0,2805
26-JUL-2007,51,Virginia,VA,105,1,Detection Monitoring (on-frame),,1,3,68,eastern redcedar,1,0,3,1,1,1,Timberland,564,Yellow-popular,14,1,3,0,2805
26-JUL-2007,51,Virginia,VA,105,1,Detection Monitoring (on-frame),,1,3,621,yellow-poplar,1,0,3,1,3,1,Timberland,564,Yellow-popular,14,1,3,0,2805
26-JUL-2007,51,Virginia,VA,105,1,Detection Monitoring (on-frame),,1,3,931,sassafras,1,0,3,1,7,1,Timberland,564,Yellow-popular,14,1,3,0,2805
26-JUL-2007,51,Virginia,VA,105,1,Detection Monitoring (on-frame),,1,4,68,eastern redcedar,1,0,3,2,1,1,Timberland,564,Yellow-popular,14,1,3,0,2805
26-JUL-2007,51,Virginia,VA,105,1,Detection Monitoring (on-frame),,1,4,316,red maple,1,0,3,1,1,1,Timberland,564,Yellow-popular,14,1,3,0,2805
26-JUL-2007,51,Virginia,VA,109,1,Detection Monitoring (on-frame),,1,1,316,red maple,1,0,3,1,4,1,Timberland,560,Yellow-poplar-white oak-n. red oak,69,1,1,0,3251
26-JUL-2007,51,Virginia,VA,109,1,Detection Monitoring (on-frame),,1,1,356,serviceberry,1,0,3,1,4,1,Timberland,560,Yellow-poplar-white oak-n. red oak,69,1,1,0,3251
26-JUL-2007,51,Virginia,VA,109,1,Detection Monitoring (on-frame),,1,1,403,pignut hickory,1,0,3,1,1,1,Timberland,560,Yellow-poplar-white oak-n. red oak,69,1,1,0,3251
26-JUL-2007,51,Virginia,VA,109,1,Detection Monitoring (on-frame),,1,1,409,mockernut hickory,1,0,3,1,3,1,Timberland,560,Yellow-poplar-white oak-n. red oak,69,1,1,0,3251
26-JUL-2007,51,Virginia,VA,109,1,Detection Monitoring (on-frame),,1,1,409,mockernut hickory,1,0,3,2,1,1,Timberland,560,Yellow-poplar-white oak-n. red oak,69,1,1,0,3251
26-JUL-2007,51,Virginia,VA,109,1,Detection Monitoring (on-frame),,1,1,491,flowering dogwood,1,0,3,1,1,1,Timberland,560,Yellow-poplar-white oak-n. red oak,69,1,1,0,3251
26-JUL-2007,51,Virginia,VA,109,1,Detection Monitoring (on-frame),,1,1,611,sweetgum,1,0,3,1,2,1,Timberland,560,Yellow-poplar-white oak-n. red oak,69,1,1,0,3251
26-JUL-2007,51,Virginia,VA,109,1,Detection Monitoring (on-frame),,1,1,802,white oak,1,0,3,1,1,1,Timberland,560,Yellow-poplar-white oak-n. red oak,69,1,1,0,3251
26-JUL-2007,51,Virginia,VA,109,1,Detection Monitoring (on-frame),,1,2,356,serviceberry,1,0,3,1,2,1,Timberland,560,Yellow-poplar-white oak-n. red oak,69,1,1,0,3251
26-JUL-2007,51,Virginia,VA,109,1,Detection Monitoring (on-frame),,1,2,491,flowering dogwood,1,0,3,2,1,1,Timberland,560,Yellow-poplar-white oak-n. red oak,69,1,1,0,3251
26-JUL-2007,51,Virginia,VA,109,1,Detection Monitoring (on-frame),,1,2,611,sweetgum,1,0,3,1,4,1,Timberland,560,Yellow-poplar-white oak-n. red oak,69,1,1,0,3251
26-JUL-2007,51,Virginia,VA,109,1,Detection Monitoring (on-frame),,1,3,316,red maple,1,0,3,1,2,1,Timberland,560,Yellow-poplar-white oak-n. red oak,69,1,1,0,3251
26-JUL-2007,51,Virginia,VA,109,1,Detection Monitoring (on-frame),,1,3,356,serviceberry,1,0,3,1,1,1,Timberland,560,Yellow-poplar-white oak-n. red oak,69,1,1,0,3251
26-JUL-2007,51,Virginia,VA,109,1,Detection Monitoring (on-frame),,1,3,391,American hornbeam-,1,0,3,1,3,1,Timberland,560,Yellow-poplar-white oak-n. red oak,69,1,1,0,3251
26-JUL-2007,51,Virginia,VA,109,1,Detection Monitoring (on-frame),,1,3,491,flowering dogwood,1,0,3,1,1,1,Timberland,560,Yellow-poplar-white oak-n. red oak,69,1,1,0,3251
26-JUL-2007,51,Virginia,VA,109,1,Detection Monitoring (on-frame),,1,3,591,American holly,1,0,3,1,1,1,Timberland,560,Yellow-poplar-white oak-n. red oak,69,1,1,0,3251
26-JUL-2007,51,Virginia,VA,109,1,Detection Monitoring (on-frame),,1,3,762,black cherry,1,0,3,1,2,1,Timberland,560,Yellow-poplar-white oak-n. red oak,69,1,1,0,3251
26-JUL-2007,51,Virginia,VA,109,1,Detection Monitoring (on-frame),,1,3,837,black oak,1,0,3,1,1,1,Timberland,560,Yellow-poplar-white oak-n. red oak,69,1,1,0,3251
26-JUL-2007,51,Virginia,VA,109,1,Detection Monitoring (on-frame),,1,3,931,sassafras,1,0,3,1,2,1,Timberland,560,Yellow-poplar-white oak-n. red oak,69,1,1,0,3251
26-JUL-2007,51,Virginia,VA,109,1,Detection Monitoring (on-frame),,1,3,999,unknown,1,0,3,1,1,1,Timberland,560,Yellow-poplar-white oak-n. red oak,69,1,1,0,3251
26-JUL-2007,51,Virginia,VA,109,1,Detection Monitoring (on-frame),,1,4,316,red maple,3,0,3,1,2,1,Timberland,330,Virginia pine,69,1,1,0,3251
26-JUL-2007,51,Virginia,VA,109,1,Detection Monitoring (on-frame),,1,4,403,pignut hickory,3,0,3,1,3,1,Timberland,330,Virginia pine,69,1,1,0,3251
26-JUL-2007,51,Virginia,VA,109,1,Detection Monitoring (on-frame),,1,4,409,mockernut hickory,3,0,3,1,1,1,Timberland,330,Virginia pine,69,1,1,0,3251
26-JUL-2007,51,Virginia,VA,109,1,Detection Monitoring (on-frame),,1,4,531,American beech,3,0,3,1,4,1,Timberland,330,Virginia pine,69,1,1,0,3251
26-JUL-2007,51,Virginia,VA,109,1,Detection Monitoring (on-frame),,1,4,802,white oak,3,0,3,1,3,1,Timberland,330,Virginia pine,69,1,1,0,3251
26-JUL-2007,51,Virginia,VA,109,1,Detection Monitoring (on-frame),,1,4,831,willow oak,3,0,3,1,1,1,Timberland,330,Virginia pine,69,1,1,0,3251
26-JUL-2007,51,Virginia,VA,117,1,Detection Monitoring (on-frame),,1,3,391,American hornbeam-,1,0,3,1,1,1,Timberland,720,River birch-sycamore,23,1,2,0,2722
26-JUL-2007,51,Virginia,VA,117,1,Detection Monitoring (on-frame),,1,4,531,American beech,2,0,3,1,2,1,Timberland,530,White oak-red oak-hickory,88,1,1,0,2722
26-JUL-2007,51,Virginia,VA,117,1,Detection Monitoring (on-frame),,1,4,611,sweetgum,2,0,3,1,1,1,Timberland,530,White oak-red oak-hickory,88,1,1,0,2722
26-JUL-2007,51,Virginia,VA,117,1,Detection Monitoring (on-frame),,1,4,711,sourwood,2,0,3,2,1,1,Timberland,530,White oak-red oak-hickory,88,1,1,0,2722
26-JUL-2007,51,Virginia,VA,117,1,Detection Monitoring (on-frame),,1,1,611,sweetgum,1,1,4,1,7,1,Timberland,440,Shortleaf pine-oak,6,1,3,0,2727
26-JUL-2007,51,Virginia,VA,117,1,Detection Monitoring (on-frame),,1,1,621,yellow-poplar,1,1,4,1,9,1,Timberland,440,Shortleaf pine-oak,6,1,3,0,2727
26-JUL-2007,51,Virginia,VA,117,1,Detection Monitoring (on-frame),,1,1,812,southern red oak,1,1,4,1,1,1,Timberland,440,Shortleaf pine-oak,6,1,3,0,2727
26-JUL-2007,51,Virginia,VA,117,1,Detection Monitoring (on-frame),,1,2,316,red maple,1,1,4,1,2,1,Timberland,440,Shortleaf pine-oak,6,1,3,0,2727
26-JUL-2007,51,Virginia,VA,117,1,Detection Monitoring (on-frame),,1,2,403,pignut hickory,1,1,4,1,3,1,Timberland,440,Shortleaf pine-oak,6,1,3,0,2727
26-JUL-2007,51,Virginia,VA,117,1,Detection Monitoring (on-frame),,1,2,409,mockernut hickory,1,1,4,1,1,1,Timberland,440,Shortleaf pine-oak,6,1,3,0,2727
26-JUL-2007,51,Virginia,VA,117,1,Detection Monitoring (on-frame),,1,2,621,yellow-poplar,1,1,4,1,10,1,Timberland,440,Shortleaf pine-oak,6,1,3,0,2727
26-JUL-2007,51,Virginia,VA,117,1,Detection Monitoring (on-frame),,1,2,762,black cherry,1,1,4,1,2,1,Timberland,440,Shortleaf pine-oak,6,1,3,0,2727
26-JUL-2007,51,Virginia,VA,117,1,Detection Monitoring (on-frame),,1,2,802,white oak,1,1,4,1,3,1,Timberland,440,Shortleaf pine-oak,6,1,3,0,2727
26-JUL-2007,51,Virginia,VA,117,1,Detection Monitoring (on-frame),,1,2,833,northern red oak,1,1,4,1,2,1,Timberland,440,Shortleaf pine-oak,6,1,3,0,2727
26-JUL-2007,51,Virginia,VA,117,1,Detection Monitoring (on-frame),,1,3,68,eastern redcedar,1,1,4,1,1,1,Timberland,440,Shortleaf pine-oak,6,1,3,0,2727
26-JUL-2007,51,Virginia,VA,117,1,Detection Monitoring (on-frame),,1,3,591,American holly,1,1,4,1,1,1,Timberland,440,Shortleaf pine-oak,6,1,3,0,2727
26-JUL-2007,51,Virginia,VA,117,1,Detection Monitoring (on-frame),,1,3,621,yellow-poplar,1,1,4,1,9,1,Timberland,440,Shortleaf pine-oak,6,1,3,0,2727
26-JUL-2007,51,Virginia,VA,117,1,Detection Monitoring (on-frame),,1,3,693,blackgum,1,1,4,1,1,1,Timberland,440,Shortleaf pine-oak,6,1,3,0,2727
26-JUL-2007,51,Virginia,VA,117,1,Detection Monitoring (on-frame),,1,3,762,black cherry,1,1,4,1,1,1,Timberland,440,Shortleaf pine-oak,6,1,3,0,2727
26-JUL-2007,51,Virginia,VA,117,1,Detection Monitoring (on-frame),,1,4,316,red maple,1,0,3,1,2,1,Timberland,440,Shortleaf pine-oak,6,1,3,0,2727
26-JUL-2007,51,Virginia,VA,117,1,Detection Monitoring (on-frame),,1,4,611,sweetgum,1,0,3,1,8,1,Timberland,440,Shortleaf pine-oak,6,1,3,0,2727
26-JUL-2007,51,Virginia,VA,117,1,Detection Monitoring (on-frame),,1,4,621,yellow-poplar,1,0,3,1,6,1,Timberland,440,Shortleaf pine-oak,6,1,3,0,2727
26-JUL-2007,51,Virginia,VA,117,1,Detection Monitoring (on-frame),,1,4,762,black cherry,1,1,3,1,1,1,Timberland,440,Shortleaf pine-oak,6,1,3,0,2727
26-JUL-2007,51,Virginia,VA,141,1,Detection Monitoring (on-frame),,1,1,711,sourwood,1,0,3,1,5,1,Timberland,530,White oak-red oak-hickory,54,1,1,0,2763
26-JUL-2007,51,Virginia,VA,141,1,Detection Monitoring (on-frame),,1,2,316,red maple,1,0,3,1,35,1,Timberland,530,White oak-red oak-hickory,54,1,1,0,2763
26-JUL-2007,51,Virginia,VA,141,1,Detection Monitoring (on-frame),,1,2,491,flowering dogwood,1,0,3,1,2,1,Timberland,530,White oak-red oak-hickory,54,1,1,0,2763
26-JUL-2007,51,Virginia,VA,141,1,Detection Monitoring (on-frame),,1,2,621,yellow-poplar,1,0,3,1,2,1,Timberland,530,White oak-red oak-hickory,54,1,1,0,2763
26-JUL-2007,51,Virginia,VA,141,1,Detection Monitoring (on-frame),,1,2,693,blackgum,1,0,3,1,1,1,Timberland,530,White oak-red oak-hickory,54,1,1,0,2763
26-JUL-2007,51,Virginia,VA,141,1,Detection Monitoring (on-frame),,1,2,711,sourwood,1,0,3,1,1,1,Timberland,530,White oak-red oak-hickory,54,1,1,0,2763
26-JUL-2007,51,Virginia,VA,141,1,Detection Monitoring (on-frame),,1,2,802,white oak,1,0,3,1,3,1,Timberland,530,White oak-red oak-hickory,54,1,1,0,2763
26-JUL-2007,51,Virginia,VA,141,1,Detection Monitoring (on-frame),,1,2,837,black oak,1,0,3,1,2,1,Timberland,530,White oak-red oak-hickory,54,1,1,0,2763
26-JUL-2007,51,Virginia,VA,141,1,Detection Monitoring (on-frame),,1,2,931,sassafras,1,0,3,1,1,1,Timberland,530,White oak-red oak-hickory,54,1,1,0,2763
26-JUL-2007,51,Virginia,VA,141,1,Detection Monitoring (on-frame),,1,3,832,chestnut oak,2,0,3,1,1,1,Timberland,520,Chestnut oak,54,1,1,0,2763
26-JUL-2007,51,Virginia,VA,141,1,Detection Monitoring (on-frame),,1,4,316,red maple,2,0,3,1,4,1,Timberland,520,Chestnut oak,54,1,1,0,2763
26-JUL-2007,51,Virginia,VA,141,1,Detection Monitoring (on-frame),,1,4,693,blackgum,2,0,3,1,1,1,Timberland,520,Chestnut oak,54,1,1,0,2763
26-JUL-2007,51,Virginia,VA,141,1,Detection Monitoring (on-frame),,1,4,693,blackgum,2,0,3,3,1,1,Timberland,520,Chestnut oak,54,1,1,0,2763
26-JUL-2007,51,Virginia,VA,143,1,Detection Monitoring (on-frame),,1,1,57,Redcedar-Juniper,1,0,3,2,1,1,Timberland,330,Virginia pine,20,1,2,0,2747
26-JUL-2007,51,Virginia,VA,143,1,Detection Monitoring (on-frame),,1,1,316,red maple,1,0,3,1,7,1,Timberland,330,Virginia pine,20,1,2,0,2747
26-JUL-2007,51,Virginia,VA,143,1,Detection Monitoring (on-frame),,1,1,391,American hornbeam-,1,0,3,1,4,1,Timberland,330,Virginia pine,20,1,2,0,2747
26-JUL-2007,51,Virginia,VA,143,1,Detection Monitoring (on-frame),,1,1,471,eastern redbud,1,0,3,1,6,1,Timberland,330,Virginia pine,20,1,2,0,2747
26-JUL-2007,51,Virginia,VA,143,1,Detection Monitoring (on-frame),,1,1,544,green ash,1,0,3,1,2,1,Timberland,330,Virginia pine,20,1,2,0,2747
26-JUL-2007,51,Virginia,VA,143,1,Detection Monitoring (on-frame),,1,1,621,yellow-poplar,1,0,3,1,1,1,Timberland,330,Virginia pine,20,1,2,0,2747
26-JUL-2007,51,Virginia,VA,143,1,Detection Monitoring (on-frame),,1,1,802,white oak,1,0,3,1,1,1,Timberland,330,Virginia pine,20,1,2,0,2747
26-JUL-2007,51,Virginia,VA,143,1,Detection Monitoring (on-frame),,1,2,409,mockernut hickory,2,0,3,1,1,1,Timberland,530,White oak-red oak-hickory,46,1,2,0,2747
26-JUL-2007,51,Virginia,VA,143,1,Detection Monitoring (on-frame),,1,2,471,eastern redbud,2,1,2,1,4,1,Timberland,530,White oak-red oak-hickory,46,1,2,0,2747
26-JUL-2007,51,Virginia,VA,143,1,Detection Monitoring (on-frame),,1,2,491,flowering dogwood,2,0,3,1,6,1,Timberland,530,White oak-red oak-hickory,46,1,2,0,2747
26-JUL-2007,51,Virginia,VA,143,1,Detection Monitoring (on-frame),,1,2,544,green ash,2,0,3,1,2,1,Timberland,530,White oak-red oak-hickory,46,1,2,0,2747
26-JUL-2007,51,Virginia,VA,143,1,Detection Monitoring (on-frame),,1,2,621,yellow-poplar,2,1,2,1,13,1,Timberland,530,White oak-red oak-hickory,46,1,2,0,2747
26-JUL-2007,51,Virginia,VA,143,1,Detection Monitoring (on-frame),,1,4,391,American hornbeam-,2,0,3,1,4,1,Timberland,530,White oak-red oak-hickory,46,1,2,0,2747
26-JUL-2007,51,Virginia,VA,143,1,Detection Monitoring (on-frame),,1,4,471,eastern redbud,2,0,3,1,2,1,Timberland,530,White oak-red oak-hickory,46,1,2,0,2747
26-JUL-2007,51,Virginia,VA,143,1,Detection Monitoring (on-frame),,1,4,491,flowering dogwood,2,0,3,1,2,1,Timberland,530,White oak-red oak-hickory,46,1,2,0,2747
26-JUL-2007,51,Virginia,VA,143,1,Detection Monitoring (on-frame),,1,4,544,green ash,2,0,3,1,3,1,Timberland,530,White oak-red oak-hickory,46,1,2,0,2747
26-JUL-2007,51,Virginia,VA,143,1,Detection Monitoring (on-frame),,1,4,621,yellow-poplar,2,1,3,1,11,1,Timberland,530,White oak-red oak-hickory,46,1,2,0,2747
26-JUL-2007,51,Virginia,VA,143,1,Detection Monitoring (on-frame),,1,4,682,red mulberry,2,0,3,1,2,1,Timberland,530,White oak-red oak-hickory,46,1,2,0,2747
26-JUL-2007,51,Virginia,VA,143,1,Detection Monitoring (on-frame),,1,4,693,blackgum,2,0,3,1,1,1,Timberland,530,White oak-red oak-hickory,46,1,2,0,2747
26-JUL-2007,51,Virginia,VA,143,1,Detection Monitoring (on-frame),,1,4,762,black cherry,2,0,3,1,2,1,Timberland,530,White oak-red oak-hickory,46,1,2,0,2747
26-JUL-2007,51,Virginia,VA,147,1,Detection Monitoring (on-frame),,1,1,491,flowering dogwood,1,0,3,1,4,1,Timberland,530,White oak-red oak-hickory,68,1,1,0,3255
26-JUL-2007,51,Virginia,VA,147,1,Detection Monitoring (on-frame),,1,1,701,eastern hophornbeam-,1,0,3,1,3,1,Timberland,530,White oak-red oak-hickory,68,1,1,0,3255
26-JUL-2007,51,Virginia,VA,147,1,Detection Monitoring (on-frame),,1,1,762,black cherry,1,0,3,1,3,1,Timberland,530,White oak-red oak-hickory,68,1,1,0,3255
26-JUL-2007,51,Virginia,VA,147,1,Detection Monitoring (on-frame),,1,1,762,black cherry,1,0,3,2,2,1,Timberland,530,White oak-red oak-hickory,68,1,1,0,3255
26-JUL-2007,51,Virginia,VA,147,1,Detection Monitoring (on-frame),,1,1,833,northern red oak,1,0,3,1,1,1,Timberland,530,White oak-red oak-hickory,68,1,1,0,3255
26-JUL-2007,51,Virginia,VA,147,1,Detection Monitoring (on-frame),,1,2,491,flowering dogwood,1,0,3,1,3,1,Timberland,530,White oak-red oak-hickory,68,1,1,0,3255
26-JUL-2007,51,Virginia,VA,147,1,Detection Monitoring (on-frame),,1,2,701,eastern hophornbeam-,1,0,3,1,3,1,Timberland,530,White oak-red oak-hickory,68,1,1,0,3255
26-JUL-2007,51,Virginia,VA,147,1,Detection Monitoring (on-frame),,1,2,762,black cherry,1,0,3,1,3,1,Timberland,530,White oak-red oak-hickory,68,1,1,0,3255
26-JUL-2007,51,Virginia,VA,147,1,Detection Monitoring (on-frame),,1,2,762,black cherry,1,0,3,2,1,1,Timberland,530,White oak-red oak-hickory,68,1,1,0,3255
26-JUL-2007,51,Virginia,VA,147,1,Detection Monitoring (on-frame),,1,3,471,eastern redbud,1,0,3,1,3,1,Timberland,530,White oak-red oak-hickory,68,1,1,0,3255
26-JUL-2007,51,Virginia,VA,147,1,Detection Monitoring (on-frame),,1,3,762,black cherry,1,0,3,1,2,1,Timberland,530,White oak-red oak-hickory,68,1,1,0,3255
26-JUL-2007,51,Virginia,VA,163,1,Detection Monitoring (on-frame),,1,1,316,red maple,1,0,3,1,1,1,Timberland,520,Chestnut oak,44,1,2,0,3287
26-JUL-2007,51,Virginia,VA,163,1,Detection Monitoring (on-frame),,1,1,491,flowering dogwood,1,0,3,1,1,1,Timberland,520,Chestnut oak,44,1,2,0,3287
26-JUL-2007,51,Virginia,VA,163,1,Detection Monitoring (on-frame),,1,3,372,sweet birch,1,0,3,1,4,1,Timberland,520,Chestnut oak,44,1,2,0,3287
26-JUL-2007,51,Virginia,VA,163,1,Detection Monitoring (on-frame),,1,3,403,pignut hickory,1,0,3,1,1,1,Timberland,520,Chestnut oak,44,1,2,0,3287
26-JUL-2007,51,Virginia,VA,163,1,Detection Monitoring (on-frame),,1,3,421,American chestnut,1,0,3,1,3,1,Timberland,520,Chestnut oak,44,1,2,0,3287
26-JUL-2007,51,Virginia,VA,163,1,Detection Monitoring (on-frame),,1,3,837,black oak,1,0,3,1,6,1,Timberland,520,Chestnut oak,44,1,2,0,3287
26-JUL-2007,51,Virginia,VA,163,1,Detection Monitoring (on-frame),,1,4,837,black oak,1,0,3,1,3,1,Timberland,520,Chestnut oak,44,1,2,0,3287
26-JUL-2007,51,Virginia,VA,163,1,Detection Monitoring (on-frame),,1,4,931,sassafras,1,0,3,1,4,1,Timberland,520,Chestnut oak,44,1,2,0,3287
26-JUL-2007,51,Virginia,VA,163,1,Detection Monitoring (on-frame),,1,2,544,green ash,2,0,3,1,3,1,Timberland,560,Yellow-poplar-white oak-n. red oak,48,1,1,0,3289
26-JUL-2007,51,Virginia,VA,163,1,Detection Monitoring (on-frame),,1,2,544,green ash,2,0,3,2,2,1,Timberland,560,Yellow-poplar-white oak-n. red oak,48,1,1,0,3289
26-JUL-2007,51,Virginia,VA,165,1,Detection Monitoring (on-frame),,1,1,391,American hornbeam-,1,0,3,1,1,1,Timberland,520,Chestnut oak,79,1,1,0,4039
26-JUL-2007,51,Virginia,VA,165,1,Detection Monitoring (on-frame),,1,2,316,red maple,1,0,3,3,1,1,Timberland,520,Chestnut oak,79,1,1,0,4039
26-JUL-2007,51,Virginia,VA,165,1,Detection Monitoring (on-frame),,1,2,832,chestnut oak,1,0,3,1,4,1,Timberland,520,Chestnut oak,79,1,1,0,4039
26-JUL-2007,51,Virginia,VA,165,1,Detection Monitoring (on-frame),,1,2,833,northern red oak,1,0,3,1,5,1,Timberland,520,Chestnut oak,79,1,1,0,4039
26-JUL-2007,51,Virginia,VA,165,1,Detection Monitoring (on-frame),,1,2,837,black oak,1,0,3,1,1,1,Timberland,520,Chestnut oak,79,1,1,0,4039
26-JUL-2007,51,Virginia,VA,165,1,Detection Monitoring (on-frame),,1,2,931,sassafras,1,0,3,1,3,1,Timberland,520,Chestnut oak,79,1,1,0,4039
26-JUL-2007,51,Virginia,VA,165,1,Detection Monitoring (on-frame),,1,3,421,American chestnut,1,0,3,1,16,1,Timberland,520,Chestnut oak,79,1,1,0,4039
26-JUL-2007,51,Virginia,VA,165,1,Detection Monitoring (on-frame),,1,3,931,sassafras,1,0,3,1,3,1,Timberland,520,Chestnut oak,79,1,1,0,4039
26-JUL-2007,51,Virginia,VA,165,1,Detection Monitoring (on-frame),,1,4,316,red maple,1,0,3,1,5,1,Timberland,520,Chestnut oak,79,1,1,0,4039
26-JUL-2007,51,Virginia,VA,165,1,Detection Monitoring (on-frame),,1,4,391,American hornbeam-,1,0,3,1,8,1,Timberland,520,Chestnut oak,79,1,1,0,4039
26-JUL-2007,51,Virginia,VA,165,1,Detection Monitoring (on-frame),,1,4,832,chestnut oak,1,0,3,1,1,1,Timberland,520,Chestnut oak,79,1,1,0,4039
26-JUL-2007,51,Virginia,VA,165,1,Detection Monitoring (on-frame),,1,4,833,northern red oak,1,0,3,1,2,1,Timberland,520,Chestnut oak,79,1,1,0,4039
26-JUL-2007,51,Virginia,VA,165,1,Detection Monitoring (on-frame),,1,4,837,black oak,1,0,3,1,1,1,Timberland,520,Chestnut oak,79,1,1,0,4039
26-JUL-2007,51,Virginia,VA,165,1,Detection Monitoring (on-frame),,1,4,931,sassafras,1,0,3,1,2,1,Timberland,520,Chestnut oak,79,1,1,0,4039
26-JUL-2007,51,Virginia,VA,171,1,Detection Monitoring (on-frame),,1,1,402,bitternut hickory,1,0,3,1,1,1,Timberland,520,Chestnut oak,58,1,2,0,4050
26-JUL-2007,51,Virginia,VA,171,1,Detection Monitoring (on-frame),,1,1,471,eastern redbud,1,0,3,2,1,1,Timberland,520,Chestnut oak,58,1,2,0,4050
26-JUL-2007,51,Virginia,VA,171,1,Detection Monitoring (on-frame),,1,1,975,slippery elm,1,0,3,3,1,1,Timberland,520,Chestnut oak,58,1,2,0,4050
26-JUL-2007,51,Virginia,VA,171,1,Detection Monitoring (on-frame),,1,2,341,ailanthus,1,0,3,3,1,1,Timberland,520,Chestnut oak,58,1,2,0,4050
26-JUL-2007,51,Virginia,VA,171,1,Detection Monitoring (on-frame),,1,2,462,hackberry,1,0,3,1,1,1,Timberland,520,Chestnut oak,58,1,2,0,4050
26-JUL-2007,51,Virginia,VA,171,1,Detection Monitoring (on-frame),,1,2,471,eastern redbud,1,0,3,2,3,1,Timberland,520,Chestnut oak,58,1,2,0,4050
26-JUL-2007,51,Virginia,VA,171,1,Detection Monitoring (on-frame),,1,2,762,black cherry,1,0,3,2,2,1,Timberland,520,Chestnut oak,58,1,2,0,4050
26-JUL-2007,51,Virginia,VA,171,1,Detection Monitoring (on-frame),,1,2,832,chestnut oak,1,0,3,1,7,1,Timberland,520,Chestnut oak,58,1,2,0,4050
26-JUL-2007,51,Virginia,VA,171,1,Detection Monitoring (on-frame),,1,2,832,chestnut oak,1,0,3,3,1,1,Timberland,520,Chestnut oak,58,1,2,0,4050
26-JUL-2007,51,Virginia,VA,177,1,Detection Monitoring (on-frame),,1,1,591,American holly,1,0,3,1,1,1,Timberland,530,White oak-red oak-hickory,77,1,1,0,4014
26-JUL-2007,51,Virginia,VA,177,1,Detection Monitoring (on-frame),,1,2,541,white ash,1,0,3,1,2,1,Timberland,530,White oak-red oak-hickory,77,1,1,0,4014
26-JUL-2007,51,Virginia,VA,177,1,Detection Monitoring (on-frame),,1,2,591,American holly,1,0,3,1,2,1,Timberland,530,White oak-red oak-hickory,77,1,1,0,4014
26-JUL-2007,51,Virginia,VA,177,1,Detection Monitoring (on-frame),,1,2,693,blackgum,1,0,3,2,2,1,Timberland,530,White oak-red oak-hickory,77,1,1,0,4014
26-JUL-2007,51,Virginia,VA,177,1,Detection Monitoring (on-frame),,1,3,391,American hornbeam-,2,0,3,1,13,1,Timberland,320,Shortleaf pine,47,1,2,0,4014
26-JUL-2007,51,Virginia,VA,177,1,Detection Monitoring (on-frame),,1,3,409,mockernut hickory,2,0,3,2,1,1,Timberland,320,Shortleaf pine,47,1,2,0,4014
26-JUL-2007,51,Virginia,VA,177,1,Detection Monitoring (on-frame),,1,3,531,American beech,2,0,3,1,2,1,Timberland,320,Shortleaf pine,47,1,2,0,4014
26-JUL-2007,51,Virginia,VA,177,1,Detection Monitoring (on-frame),,1,3,541,white ash,2,0,3,1,1,1,Timberland,320,Shortleaf pine,47,1,2,0,4014
26-JUL-2007,51,Virginia,VA,177,1,Detection Monitoring (on-frame),,1,3,611,sweetgum,2,0,3,1,1,1,Timberland,320,Shortleaf pine,47,1,2,0,4014
26-JUL-2007,51,Virginia,VA,177,1,Detection Monitoring (on-frame),,1,3,693,blackgum,2,0,3,1,1,1,Timberland,320,Shortleaf pine,47,1,2,0,4014
26-JUL-2007,51,Virginia,VA,177,1,Detection Monitoring (on-frame),,1,4,68,eastern redcedar,1,0,3,1,1,1,Timberland,530,White oak-red oak-hickory,77,1,1,0,4014
26-JUL-2007,51,Virginia,VA,177,1,Detection Monitoring (on-frame),,1,4,531,American beech,1,0,3,1,3,1,Timberland,530,White oak-red oak-hickory,77,1,1,0,4014
26-JUL-2007,51,Virginia,VA,177,1,Detection Monitoring (on-frame),,1,4,541,white ash,1,0,3,1,1,1,Timberland,530,White oak-red oak-hickory,77,1,1,0,4014
26-JUL-2007,51,Virginia,VA,177,1,Detection Monitoring (on-frame),,1,4,693,blackgum,1,0,3,1,1,1,Timberland,530,White oak-red oak-hickory,77,1,1,0,4014
26-JUL-2007,51,Virginia,VA,193,1,Detection Monitoring (on-frame),,1,1,131,loblolly pine,1,0,3,1,1,1,Timberland,562,Sweetgum-yellow-popular,18,1,3,0,3982
26-JUL-2007,51,Virginia,VA,193,1,Detection Monitoring (on-frame),,1,1,316,red maple,1,0,3,1,1,1,Timberland,562,Sweetgum-yellow-popular,18,1,3,0,3982
26-JUL-2007,51,Virginia,VA,193,1,Detection Monitoring (on-frame),,1,1,611,sweetgum,1,0,3,3,2,1,Timberland,562,Sweetgum-yellow-popular,18,1,3,0,3982
26-JUL-2007,51,Virginia,VA,193,1,Detection Monitoring (on-frame),,1,2,131,loblolly pine,1,0,3,1,5,1,Timberland,562,Sweetgum-yellow-popular,18,1,3,0,3982
26-JUL-2007,51,Virginia,VA,193,1,Detection Monitoring (on-frame),,1,2,316,red maple,1,0,3,1,2,1,Timberland,562,Sweetgum-yellow-popular,18,1,3,0,3982
26-JUL-2007,51,Virginia,VA,193,1,Detection Monitoring (on-frame),,1,2,316,red maple,1,0,3,2,1,1,Timberland,562,Sweetgum-yellow-popular,18,1,3,0,3982
26-JUL-2007,51,Virginia,VA,193,1,Detection Monitoring (on-frame),,1,2,591,American holly,1,0,3,1,1,1,Timberland,562,Sweetgum-yellow-popular,18,1,3,0,3982
26-JUL-2007,51,Virginia,VA,193,1,Detection Monitoring (on-frame),,1,2,611,sweetgum,1,0,3,1,2,1,Timberland,562,Sweetgum-yellow-popular,18,1,3,0,3982
26-JUL-2007,51,Virginia,VA,193,1,Detection Monitoring (on-frame),,1,2,806,scarlet oak,1,0,3,1,1,1,Timberland,562,Sweetgum-yellow-popular,18,1,3,0,3982
26-JUL-2007,51,Virginia,VA,193,1,Detection Monitoring (on-frame),,1,2,831,willow oak,1,0,3,2,2,1,Timberland,562,Sweetgum-yellow-popular,18,1,3,0,3982
26-JUL-2007,51,Virginia,VA,193,1,Detection Monitoring (on-frame),,1,2,837,black oak,1,0,3,1,2,1,Timberland,562,Sweetgum-yellow-popular,18,1,3,0,3982
26-JUL-2007,51,Virginia,VA,193,1,Detection Monitoring (on-frame),,1,2,999,unknown,1,0,3,2,1,1,Timberland,562,Sweetgum-yellow-popular,18,1,3,0,3982
26-JUL-2007,51,Virginia,VA,193,1,Detection Monitoring (on-frame),,1,3,131,loblolly pine,1,0,3,1,2,1,Timberland,562,Sweetgum-yellow-popular,18,1,3,0,3982
26-JUL-2007,51,Virginia,VA,193,1,Detection Monitoring (on-frame),,1,3,131,loblolly pine,1,0,3,2,1,1,Timberland,562,Sweetgum-yellow-popular,18,1,3,0,3982
26-JUL-2007,51,Virginia,VA,193,1,Detection Monitoring (on-frame),,1,3,316,red maple,1,0,3,1,1,1,Timberland,562,Sweetgum-yellow-popular,18,1,3,0,3982
26-JUL-2007,51,Virginia,VA,193,1,Detection Monitoring (on-frame),,1,3,611,sweetgum,1,0,3,2,2,1,Timberland,562,Sweetgum-yellow-popular,18,1,3,0,3982
26-JUL-2007,51,Virginia,VA,193,1,Detection Monitoring (on-frame),,1,4,68,eastern redcedar,1,0,3,1,2,1,Timberland,562,Sweetgum-yellow-popular,18,1,3,0,3982
26-JUL-2007,51,Virginia,VA,193,1,Detection Monitoring (on-frame),,1,4,131,loblolly pine,1,0,3,1,4,1,Timberland,562,Sweetgum-yellow-popular,18,1,3,0,3982
26-JUL-2007,51,Virginia,VA,193,1,Detection Monitoring (on-frame),,1,4,316,red maple,1,0,3,1,5,1,Timberland,562,Sweetgum-yellow-popular,18,1,3,0,3982
26-JUL-2007,51,Virginia,VA,193,1,Detection Monitoring (on-frame),,1,4,611,sweetgum,1,0,3,2,3,1,Timberland,562,Sweetgum-yellow-popular,18,1,3,0,3982
26-JUL-2007,51,Virginia,VA,800,1,Detection Monitoring (on-frame),,1,1,316,red maple,1,0,3,1,1,1,Timberland,460,Loblolly pine-hardwood,23,1,2,0,2692
26-JUL-2007,51,Virginia,VA,800,1,Detection Monitoring (on-frame),,1,1,591,American holly,1,0,3,1,2,1,Timberland,460,Loblolly pine-hardwood,23,1,2,0,2692
