LAST_UPDATE,STATE,STATE_DESCR,STATE_ABBREV,COUNTY,PROJECT,PROJECT_DESCR,HEXAGON_NBR,PLOT_NBR,POINT_NBR,PCT_FERNS,PCT_HERBS_1998,PCT_MOSS_1998,PCT_SEEDLINGS,PCT_SHRUBS,P3ID
30-JAN-2002,51,Virginia,VA,5,1,Detection Monitoring (on-frame),,1,1,0,30,1,5,5,3307
30-JAN-2002,51,Virginia,VA,5,1,Detection Monitoring (on-frame),,1,2,0,10,1,5,5,3307
30-JAN-2002,51,Virginia,VA,5,1,Detection Monitoring (on-frame),,1,3,0,5,1,10,1,3307
30-JAN-2002,51,Virginia,VA,5,1,Detection Monitoring (on-frame),,1,4,0,20,1,1,1,3307
30-JAN-2002,51,Virginia,VA,7,1,Detection Monitoring (on-frame),,1,1,0,10,0,5,0,3257
30-JAN-2002,51,Virginia,VA,7,1,Detection Monitoring (on-frame),,1,2,0,1,0,5,5,3257
30-JAN-2002,51,Virginia,VA,7,1,Detection Monitoring (on-frame),,1,3,0,30,5,0,30,3257
30-JAN-2002,51,Virginia,VA,7,1,Detection Monitoring (on-frame),,1,4,0,20,20,5,5,3257
30-JAN-2002,51,Virginia,VA,9,1,Detection Monitoring (on-frame),,2,1,0,1,1,1,0,3282
30-JAN-2002,51,Virginia,VA,9,1,Detection Monitoring (on-frame),,2,2,0,1,1,5,0,3282
30-JAN-2002,51,Virginia,VA,9,1,Detection Monitoring (on-frame),,2,3,5,5,1,5,0,3282
30-JAN-2002,51,Virginia,VA,9,1,Detection Monitoring (on-frame),,2,4,1,10,1,10,5,3282
30-JAN-2002,51,Virginia,VA,15,1,Detection Monitoring (on-frame),,1,1,0,1,1,5,10,4035
30-JAN-2002,51,Virginia,VA,15,1,Detection Monitoring (on-frame),,1,2,0,10,0,25,20,4035
30-JAN-2002,51,Virginia,VA,15,1,Detection Monitoring (on-frame),,1,3,10,0,0,5,15,4035
30-JAN-2002,51,Virginia,VA,15,1,Detection Monitoring (on-frame),,1,4,40,25,1,1,1,4035
30-JAN-2002,51,Virginia,VA,15,1,Detection Monitoring (on-frame),,1,1,0,0,1,0,90,4061
30-JAN-2002,51,Virginia,VA,15,1,Detection Monitoring (on-frame),,1,2,0,0,0,0,95,4061
30-JAN-2002,51,Virginia,VA,15,1,Detection Monitoring (on-frame),,1,3,10,0,25,1,25,4061
30-JAN-2002,51,Virginia,VA,23,1,Detection Monitoring (on-frame),,1,1,0,5,0,1,0,3284
30-JAN-2002,51,Virginia,VA,23,1,Detection Monitoring (on-frame),,1,2,0,1,0,1,0,3284
30-JAN-2002,51,Virginia,VA,23,1,Detection Monitoring (on-frame),,1,3,0,1,0,1,0,3284
30-JAN-2002,51,Virginia,VA,23,1,Detection Monitoring (on-frame),,1,4,0,1,0,1,0,3284
30-JAN-2002,51,Virginia,VA,25,1,Detection Monitoring (on-frame),,1,1,0,5,0,20,5,2712
30-JAN-2002,51,Virginia,VA,25,1,Detection Monitoring (on-frame),,1,2,0,10,0,5,5,2712
30-JAN-2002,51,Virginia,VA,25,1,Detection Monitoring (on-frame),,1,3,0,1,0,10,5,2712
30-JAN-2002,51,Virginia,VA,25,1,Detection Monitoring (on-frame),,1,4,0,10,0,1,0,2712
30-JAN-2002,51,Virginia,VA,29,1,Detection Monitoring (on-frame),,1,1,0,15,10,0,20,3260
30-JAN-2002,51,Virginia,VA,29,1,Detection Monitoring (on-frame),,1,2,5,20,0,0,10,3260
30-JAN-2002,51,Virginia,VA,31,1,Detection Monitoring (on-frame),,1,1,0,80,1,5,1,3275
30-JAN-2002,51,Virginia,VA,31,1,Detection Monitoring (on-frame),,1,2,1,10,10,5,15,3275
30-JAN-2002,51,Virginia,VA,31,1,Detection Monitoring (on-frame),,1,3,0,30,1,5,5,3275
30-JAN-2002,51,Virginia,VA,31,1,Detection Monitoring (on-frame),,1,4,0,1,1,5,1,3275
30-JAN-2002,51,Virginia,VA,41,1,Detection Monitoring (on-frame),,1,1,0,15,0,10,35,3238
30-JAN-2002,51,Virginia,VA,41,1,Detection Monitoring (on-frame),,1,2,0,10,0,5,5,3238
30-JAN-2002,51,Virginia,VA,41,1,Detection Monitoring (on-frame),,1,3,0,5,0,10,55,3238
30-JAN-2002,51,Virginia,VA,41,1,Detection Monitoring (on-frame),,1,4,0,15,0,1,50,3238
30-JAN-2002,51,Virginia,VA,45,1,Detection Monitoring (on-frame),,1,1,0,45,0,1,15,3298
30-JAN-2002,51,Virginia,VA,45,1,Detection Monitoring (on-frame),,1,2,0,5,0,1,45,3298
30-JAN-2002,51,Virginia,VA,45,1,Detection Monitoring (on-frame),,1,3,0,1,1,1,40,3298
30-JAN-2002,51,Virginia,VA,45,1,Detection Monitoring (on-frame),,1,4,0,40,1,10,20,3298
30-JAN-2002,51,Virginia,VA,47,1,Detection Monitoring (on-frame),,1,1,0,60,1,1,1,4025
30-JAN-2002,51,Virginia,VA,47,1,Detection Monitoring (on-frame),,1,2,0,10,1,10,1,4025
30-JAN-2002,51,Virginia,VA,47,1,Detection Monitoring (on-frame),,1,3,0,5,1,5,5,4025
30-JAN-2002,51,Virginia,VA,47,1,Detection Monitoring (on-frame),,1,4,0,70,1,0,1,4025
30-JAN-2002,51,Virginia,VA,51,1,Detection Monitoring (on-frame),,1,2,0,95,0,0,5,2809
30-JAN-2002,51,Virginia,VA,51,1,Detection Monitoring (on-frame),,1,4,1,20,10,1,10,2809
30-JAN-2002,51,Virginia,VA,53,1,Detection Monitoring (on-frame),,1,1,0,15,0,25,10,3232
30-JAN-2002,51,Virginia,VA,53,1,Detection Monitoring (on-frame),,1,2,0,10,10,5,5,3232
30-JAN-2002,51,Virginia,VA,53,1,Detection Monitoring (on-frame),,1,3,0,25,5,5,5,3232
30-JAN-2002,51,Virginia,VA,53,1,Detection Monitoring (on-frame),,1,4,5,40,10,5,30,3232
30-JAN-2002,51,Virginia,VA,75,1,Detection Monitoring (on-frame),,1,1,10,1,5,15,1,3246
30-JAN-2002,51,Virginia,VA,75,1,Detection Monitoring (on-frame),,1,2,0,0,0,5,0,3246
30-JAN-2002,51,Virginia,VA,75,1,Detection Monitoring (on-frame),,1,3,0,1,1,10,25,3246
30-JAN-2002,51,Virginia,VA,75,1,Detection Monitoring (on-frame),,1,4,0,0,5,5,1,3246
30-JAN-2002,51,Virginia,VA,77,1,Detection Monitoring (on-frame),,1,1,5,55,45,5,15,2786
30-JAN-2002,51,Virginia,VA,77,1,Detection Monitoring (on-frame),,1,2,0,5,1,1,10,2786
30-JAN-2002,51,Virginia,VA,77,1,Detection Monitoring (on-frame),,1,3,5,1,10,1,0,2786
30-JAN-2002,51,Virginia,VA,77,1,Detection Monitoring (on-frame),,1,4,0,1,1,5,5,2786
30-JAN-2002,51,Virginia,VA,83,1,Detection Monitoring (on-frame),,1,1,0,75,0,1,10,2729
30-JAN-2002,51,Virginia,VA,83,1,Detection Monitoring (on-frame),,1,3,0,20,0,1,25,2729
30-JAN-2002,51,Virginia,VA,93,1,Detection Monitoring (on-frame),,1,1,0,15,0,5,30,2692
30-JAN-2002,51,Virginia,VA,93,1,Detection Monitoring (on-frame),,1,2,0,5,0,0,90,2692
30-JAN-2002,51,Virginia,VA,93,1,Detection Monitoring (on-frame),,1,4,0,15,0,0,70,2692
30-JAN-2002,51,Virginia,VA,95,1,Detection Monitoring (on-frame),,1,1,40,60,0,0,20,3225
30-JAN-2002,51,Virginia,VA,95,1,Detection Monitoring (on-frame),,1,3,0,25,0,0,0,3225
30-JAN-2002,51,Virginia,VA,95,1,Detection Monitoring (on-frame),,1,4,60,50,0,0,25,3225
30-JAN-2002,51,Virginia,VA,97,1,Detection Monitoring (on-frame),,1,1,35,10,0,10,10,3227
30-JAN-2002,51,Virginia,VA,97,1,Detection Monitoring (on-frame),,1,2,0,15,0,1,0,3227
30-JAN-2002,51,Virginia,VA,97,1,Detection Monitoring (on-frame),,1,3,25,1,0,10,1,3227
30-JAN-2002,51,Virginia,VA,97,1,Detection Monitoring (on-frame),,1,4,10,1,0,0,0,3227
30-JAN-2002,51,Virginia,VA,101,1,Detection Monitoring (on-frame),,1,1,0,0,0,5,0,3248
30-JAN-2002,51,Virginia,VA,101,1,Detection Monitoring (on-frame),,1,2,0,1,0,5,1,3248
30-JAN-2002,51,Virginia,VA,101,1,Detection Monitoring (on-frame),,1,3,0,99,0,0,75,3248
30-JAN-2002,51,Virginia,VA,101,1,Detection Monitoring (on-frame),,1,4,10,15,0,0,75,3248
30-JAN-2002,51,Virginia,VA,105,1,Detection Monitoring (on-frame),,1,1,1,90,1,0,0,2805
30-JAN-2002,51,Virginia,VA,105,1,Detection Monitoring (on-frame),,1,2,5,85,1,5,0,2805
30-JAN-2002,51,Virginia,VA,105,1,Detection Monitoring (on-frame),,1,3,20,85,1,5,0,2805
30-JAN-2002,51,Virginia,VA,105,1,Detection Monitoring (on-frame),,1,4,1,95,0,0,0,2805
30-JAN-2002,51,Virginia,VA,109,1,Detection Monitoring (on-frame),,1,1,30,5,0,5,10,3251
30-JAN-2002,51,Virginia,VA,109,1,Detection Monitoring (on-frame),,1,2,15,15,0,5,0,3251
30-JAN-2002,51,Virginia,VA,109,1,Detection Monitoring (on-frame),,1,3,0,20,0,20,0,3251
30-JAN-2002,51,Virginia,VA,109,1,Detection Monitoring (on-frame),,1,4,0,75,0,5,10,3251
30-JAN-2002,51,Virginia,VA,117,1,Detection Monitoring (on-frame),,1,1,0,60,0,0,5,2722
30-JAN-2002,51,Virginia,VA,117,1,Detection Monitoring (on-frame),,1,3,0,5,0,0,0,2722
30-JAN-2002,51,Virginia,VA,117,1,Detection Monitoring (on-frame),,1,4,0,10,0,10,0,2722
30-JAN-2002,51,Virginia,VA,117,1,Detection Monitoring (on-frame),,1,1,1,85,0,5,0,2727
30-JAN-2002,51,Virginia,VA,117,1,Detection Monitoring (on-frame),,1,2,1,20,0,1,45,2727
30-JAN-2002,51,Virginia,VA,117,1,Detection Monitoring (on-frame),,1,3,0,95,0,1,10,2727
30-JAN-2002,51,Virginia,VA,117,1,Detection Monitoring (on-frame),,1,4,1,80,0,1,0,2727
30-JAN-2002,51,Virginia,VA,141,1,Detection Monitoring (on-frame),,1,1,5,10,5,5,1,2763
30-JAN-2002,51,Virginia,VA,141,1,Detection Monitoring (on-frame),,1,2,0,1,1,15,1,2763
30-JAN-2002,51,Virginia,VA,141,1,Detection Monitoring (on-frame),,1,3,0,0,1,1,40,2763
30-JAN-2002,51,Virginia,VA,141,1,Detection Monitoring (on-frame),,1,4,0,1,0,1,1,2763
30-JAN-2002,51,Virginia,VA,143,1,Detection Monitoring (on-frame),,1,1,0,5,1,10,5,2747
30-JAN-2002,51,Virginia,VA,143,1,Detection Monitoring (on-frame),,1,2,0,45,5,5,0,2747
30-JAN-2002,51,Virginia,VA,143,1,Detection Monitoring (on-frame),,1,4,0,10,0,10,0,2747
30-JAN-2002,51,Virginia,VA,147,1,Detection Monitoring (on-frame),,1,1,0,20,0,10,15,3255
30-JAN-2002,51,Virginia,VA,147,1,Detection Monitoring (on-frame),,1,2,0,15,0,5,5,3255
30-JAN-2002,51,Virginia,VA,147,1,Detection Monitoring (on-frame),,1,3,0,90,0,0,0,3255
30-JAN-2002,51,Virginia,VA,163,1,Detection Monitoring (on-frame),,1,1,1,1,15,10,15,3287
30-JAN-2002,51,Virginia,VA,163,1,Detection Monitoring (on-frame),,1,3,0,1,0,5,0,3287
30-JAN-2002,51,Virginia,VA,163,1,Detection Monitoring (on-frame),,1,4,0,15,5,10,20,3287
30-JAN-2002,51,Virginia,VA,163,1,Detection Monitoring (on-frame),,1,2,10,15,15,1,5,3289
30-JAN-2002,51,Virginia,VA,163,1,Detection Monitoring (on-frame),,1,4,0,1,1,1,1,3289
30-JAN-2002,51,Virginia,VA,165,1,Detection Monitoring (on-frame),,1,1,0,10,1,1,1,4039
30-JAN-2002,51,Virginia,VA,165,1,Detection Monitoring (on-frame),,1,2,0,10,1,20,60,4039
30-JAN-2002,51,Virginia,VA,165,1,Detection Monitoring (on-frame),,1,3,0,5,10,10,5,4039
30-JAN-2002,51,Virginia,VA,165,1,Detection Monitoring (on-frame),,1,4,0,5,5,5,5,4039
30-JAN-2002,51,Virginia,VA,171,1,Detection Monitoring (on-frame),,1,1,0,35,1,1,0,4050
30-JAN-2002,51,Virginia,VA,171,1,Detection Monitoring (on-frame),,1,2,0,1,0,5,0,4050
30-JAN-2002,51,Virginia,VA,177,1,Detection Monitoring (on-frame),,1,1,1,0,0,5,1,4014
30-JAN-2002,51,Virginia,VA,177,1,Detection Monitoring (on-frame),,1,2,5,25,0,10,20,4014
30-JAN-2002,51,Virginia,VA,177,1,Detection Monitoring (on-frame),,1,3,0,75,0,15,10,4014
30-JAN-2002,51,Virginia,VA,177,1,Detection Monitoring (on-frame),,1,4,0,30,0,5,10,4014
30-JAN-2002,51,Virginia,VA,193,1,Detection Monitoring (on-frame),,1,1,0,15,10,5,15,3982
30-JAN-2002,51,Virginia,VA,193,1,Detection Monitoring (on-frame),,1,2,0,50,15,0,0,3982
30-JAN-2002,51,Virginia,VA,193,1,Detection Monitoring (on-frame),,1,3,0,10,60,5,15,3982
30-JAN-2002,51,Virginia,VA,193,1,Detection Monitoring (on-frame),,1,4,0,5,20,5,15,3982
