LAST_UPDATE,STATE,STATE_DESCR,STATE_ABBREV,COUNTY,PROJECT,PROJECT_DESCR,HEXAGON_NBR,PLOT_NBR,POINT_NBR,PCT_FERNS,PCT_HERBS,PCT_LICHENS,PCT_MOSS,PCT_SEEDLINGS,PCT_SHRUBS,P3ID
30-JAN-2002,51,Virginia,VA,1,1,Detection Monitoring (on-frame),,1,1,0,1,0,0,1,1,3216
30-JAN-2002,51,Virginia,VA,1,1,Detection Monitoring (on-frame),,1,2,0,10,0,65,5,5,3216
30-JAN-2002,51,Virginia,VA,1,1,Detection Monitoring (on-frame),,1,3,0,1,0,0,1,1,3216
30-JAN-2002,51,Virginia,VA,1,1,Detection Monitoring (on-frame),,1,4,0,15,0,20,5,15,3216
30-JAN-2002,51,Virginia,VA,3,1,Detection Monitoring (on-frame),,1,1,0,1,1,10,10,1,3267
30-JAN-2002,51,Virginia,VA,3,1,Detection Monitoring (on-frame),,1,2,0,0,0,0,0,40,3267
30-JAN-2002,51,Virginia,VA,3,1,Detection Monitoring (on-frame),,1,3,0,1,0,1,5,20,3267
30-JAN-2002,51,Virginia,VA,3,1,Detection Monitoring (on-frame),,1,4,0,0,0,0,25,10,3267
30-JAN-2002,51,Virginia,VA,5,1,Detection Monitoring (on-frame),,1,1,0,1,0,5,60,20,3285
30-JAN-2002,51,Virginia,VA,5,1,Detection Monitoring (on-frame),,1,2,0,0,0,0,0,10,3285
30-JAN-2002,51,Virginia,VA,5,1,Detection Monitoring (on-frame),,1,3,0,5,0,0,20,80,3285
30-JAN-2002,51,Virginia,VA,5,1,Detection Monitoring (on-frame),,1,4,0,0,0,0,0,1,3285
30-JAN-2002,51,Virginia,VA,5,1,Detection Monitoring (on-frame),,1,1,0,1,0,30,10,10,3303
30-JAN-2002,51,Virginia,VA,5,1,Detection Monitoring (on-frame),,1,2,0,5,0,1,40,10,3303
30-JAN-2002,51,Virginia,VA,5,1,Detection Monitoring (on-frame),,1,3,0,1,0,1,10,40,3303
30-JAN-2002,51,Virginia,VA,5,1,Detection Monitoring (on-frame),,1,4,0,10,1,20,5,10,3303
30-JAN-2002,51,Virginia,VA,5,1,Detection Monitoring (on-frame),,1,1,0,1,0,0,5,25,3307
30-JAN-2002,51,Virginia,VA,5,1,Detection Monitoring (on-frame),,1,2,0,5,0,0,5,10,3307
30-JAN-2002,51,Virginia,VA,5,1,Detection Monitoring (on-frame),,1,3,0,0,0,0,5,0,3307
30-JAN-2002,51,Virginia,VA,5,1,Detection Monitoring (on-frame),,1,4,0,0,0,0,1,5,3307
30-JAN-2002,51,Virginia,VA,7,1,Detection Monitoring (on-frame),,1,1,0,15,0,0,5,1,3257
30-JAN-2002,51,Virginia,VA,7,1,Detection Monitoring (on-frame),,1,2,0,1,0,0,5,1,3257
30-JAN-2002,51,Virginia,VA,7,1,Detection Monitoring (on-frame),,1,3,0,55,0,1,5,1,3257
30-JAN-2002,51,Virginia,VA,7,1,Detection Monitoring (on-frame),,1,4,0,25,0,20,1,1,3257
30-JAN-2002,51,Virginia,VA,7,1,Detection Monitoring (on-frame),,1,1,0,1,0,0,10,1,3270
30-JAN-2002,51,Virginia,VA,7,1,Detection Monitoring (on-frame),,1,2,0,1,0,0,1,25,3270
30-JAN-2002,51,Virginia,VA,7,1,Detection Monitoring (on-frame),,1,3,0,0,0,1,40,10,3270
30-JAN-2002,51,Virginia,VA,7,1,Detection Monitoring (on-frame),,1,4,0,0,0,0,5,35,3270
30-JAN-2002,51,Virginia,VA,15,1,Detection Monitoring (on-frame),,1,1,0,1,0,0,5,0,4035
30-JAN-2002,51,Virginia,VA,15,1,Detection Monitoring (on-frame),,1,2,0,0,0,1,5,15,4035
30-JAN-2002,51,Virginia,VA,15,1,Detection Monitoring (on-frame),,1,3,5,1,0,1,5,5,4035
30-JAN-2002,51,Virginia,VA,15,1,Detection Monitoring (on-frame),,1,4,50,10,1,5,1,0,4035
30-JAN-2002,51,Virginia,VA,15,1,Detection Monitoring (on-frame),,1,1,0,1,10,10,5,75,4055
30-JAN-2002,51,Virginia,VA,15,1,Detection Monitoring (on-frame),,1,2,0,25,1,1,25,30,4055
30-JAN-2002,51,Virginia,VA,15,1,Detection Monitoring (on-frame),,1,3,1,1,0,5,1,30,4055
30-JAN-2002,51,Virginia,VA,15,1,Detection Monitoring (on-frame),,1,4,0,1,0,1,1,40,4055
30-JAN-2002,51,Virginia,VA,15,1,Detection Monitoring (on-frame),,1,1,0,1,5,15,0,80,4061
30-JAN-2002,51,Virginia,VA,15,1,Detection Monitoring (on-frame),,1,2,0,20,5,0,1,99,4061
30-JAN-2002,51,Virginia,VA,15,1,Detection Monitoring (on-frame),,1,3,1,1,0,1,0,20,4061
30-JAN-2002,51,Virginia,VA,17,1,Detection Monitoring (on-frame),,1,1,0,1,0,10,25,10,3290
30-JAN-2002,51,Virginia,VA,17,1,Detection Monitoring (on-frame),,1,2,0,5,0,1,40,95,3290
30-JAN-2002,51,Virginia,VA,17,1,Detection Monitoring (on-frame),,1,3,0,1,0,5,10,20,3290
30-JAN-2002,51,Virginia,VA,17,1,Detection Monitoring (on-frame),,1,4,0,0,0,1,25,40,3290
30-JAN-2002,51,Virginia,VA,17,1,Detection Monitoring (on-frame),,1,1,0,0,0,0,0,1,4057
30-JAN-2002,51,Virginia,VA,17,1,Detection Monitoring (on-frame),,1,2,0,1,0,10,1,1,4057
30-JAN-2002,51,Virginia,VA,17,1,Detection Monitoring (on-frame),,1,3,0,0,0,0,5,1,4057
30-JAN-2002,51,Virginia,VA,17,1,Detection Monitoring (on-frame),,1,4,1,1,1,1,0,10,4057
30-JAN-2002,51,Virginia,VA,19,1,Detection Monitoring (on-frame),,1,1,0,0,0,0,5,55,3279
30-JAN-2002,51,Virginia,VA,19,1,Detection Monitoring (on-frame),,1,2,20,10,0,0,0,90,3279
30-JAN-2002,51,Virginia,VA,19,1,Detection Monitoring (on-frame),,1,3,0,0,0,0,10,90,3279
30-JAN-2002,51,Virginia,VA,19,1,Detection Monitoring (on-frame),,1,4,0,0,0,0,1,40,3279
30-JAN-2002,51,Virginia,VA,19,1,Detection Monitoring (on-frame),,1,1,0,0,0,0,20,40,3283
30-JAN-2002,51,Virginia,VA,19,1,Detection Monitoring (on-frame),,1,2,0,25,0,15,10,30,3283
30-JAN-2002,51,Virginia,VA,19,1,Detection Monitoring (on-frame),,1,3,0,1,0,10,20,60,3283
30-JAN-2002,51,Virginia,VA,19,1,Detection Monitoring (on-frame),,1,4,0,30,0,20,0,1,3283
30-JAN-2002,51,Virginia,VA,21,1,Detection Monitoring (on-frame),,1,1,0,1,0,1,20,5,3313
30-JAN-2002,51,Virginia,VA,21,1,Detection Monitoring (on-frame),,1,2,0,1,0,1,1,20,3313
30-JAN-2002,51,Virginia,VA,21,1,Detection Monitoring (on-frame),,1,3,0,1,0,1,1,5,3313
30-JAN-2002,51,Virginia,VA,21,1,Detection Monitoring (on-frame),,1,4,0,5,0,0,5,5,3313
30-JAN-2002,51,Virginia,VA,23,1,Detection Monitoring (on-frame),,1,1,0,5,0,0,5,0,3284
30-JAN-2002,51,Virginia,VA,23,1,Detection Monitoring (on-frame),,1,2,0,5,0,0,5,0,3284
30-JAN-2002,51,Virginia,VA,23,1,Detection Monitoring (on-frame),,1,3,0,5,0,0,1,0,3284
30-JAN-2002,51,Virginia,VA,23,1,Detection Monitoring (on-frame),,1,4,0,5,0,0,5,0,3284
30-JAN-2002,51,Virginia,VA,25,1,Detection Monitoring (on-frame),,1,1,0,10,0,0,5,1,2712
30-JAN-2002,51,Virginia,VA,25,1,Detection Monitoring (on-frame),,1,2,0,5,0,0,1,5,2712
30-JAN-2002,51,Virginia,VA,25,1,Detection Monitoring (on-frame),,1,3,0,1,0,0,1,0,2712
30-JAN-2002,51,Virginia,VA,25,1,Detection Monitoring (on-frame),,1,4,0,5,0,0,1,1,2712
30-JAN-2002,51,Virginia,VA,27,1,Detection Monitoring (on-frame),,1,1,10,20,0,0,10,30,3317
30-JAN-2002,51,Virginia,VA,27,1,Detection Monitoring (on-frame),,1,2,10,20,0,0,40,20,3317
30-JAN-2002,51,Virginia,VA,27,1,Detection Monitoring (on-frame),,1,3,5,1,0,0,5,0,3317
30-JAN-2002,51,Virginia,VA,27,1,Detection Monitoring (on-frame),,1,4,10,5,0,0,0,80,3317
30-JAN-2002,51,Virginia,VA,27,1,Detection Monitoring (on-frame),,1,1,0,1,0,0,0,60,3337
30-JAN-2002,51,Virginia,VA,27,1,Detection Monitoring (on-frame),,1,2,0,0,0,0,5,20,3337
30-JAN-2002,51,Virginia,VA,27,1,Detection Monitoring (on-frame),,1,3,0,1,1,0,15,20,3337
30-JAN-2002,51,Virginia,VA,27,1,Detection Monitoring (on-frame),,1,4,0,1,0,0,10,60,3337
30-JAN-2002,51,Virginia,VA,29,1,Detection Monitoring (on-frame),,1,1,0,5,0,1,30,10,3260
30-JAN-2002,51,Virginia,VA,29,1,Detection Monitoring (on-frame),,1,2,0,1,0,5,25,15,3260
30-JAN-2002,51,Virginia,VA,29,1,Detection Monitoring (on-frame),,1,3,0,90,0,0,0,0,3260
30-JAN-2002,51,Virginia,VA,29,1,Detection Monitoring (on-frame),,1,4,10,80,0,0,0,85,3260
30-JAN-2002,51,Virginia,VA,29,1,Detection Monitoring (on-frame),,1,1,1,10,0,1,15,35,3265
30-JAN-2002,51,Virginia,VA,29,1,Detection Monitoring (on-frame),,1,2,1,5,0,1,1,10,3265
30-JAN-2002,51,Virginia,VA,29,1,Detection Monitoring (on-frame),,1,3,0,0,0,0,0,0,3265
30-JAN-2002,51,Virginia,VA,29,1,Detection Monitoring (on-frame),,1,4,1,10,0,5,10,15,3265
30-JAN-2002,51,Virginia,VA,31,1,Detection Monitoring (on-frame),,1,1,0,0,0,0,5,60,3274
30-JAN-2002,51,Virginia,VA,31,1,Detection Monitoring (on-frame),,1,3,25,5,0,0,40,30,3274
30-JAN-2002,51,Virginia,VA,31,1,Detection Monitoring (on-frame),,1,4,0,1,0,5,20,10,3274
30-JAN-2002,51,Virginia,VA,31,1,Detection Monitoring (on-frame),,1,1,5,5,0,1,5,90,3275
30-JAN-2002,51,Virginia,VA,31,1,Detection Monitoring (on-frame),,1,2,5,5,0,10,5,20,3275
30-JAN-2002,51,Virginia,VA,31,1,Detection Monitoring (on-frame),,1,3,0,1,0,1,5,25,3275
30-JAN-2002,51,Virginia,VA,31,1,Detection Monitoring (on-frame),,1,4,0,1,0,1,80,5,3275
30-JAN-2002,51,Virginia,VA,31,1,Detection Monitoring (on-frame),,1,1,0,0,0,0,0,0,3276
30-JAN-2002,51,Virginia,VA,31,1,Detection Monitoring (on-frame),,1,2,0,0,0,0,10,20,3276
30-JAN-2002,51,Virginia,VA,31,1,Detection Monitoring (on-frame),,1,3,0,0,0,0,30,25,3276
30-JAN-2002,51,Virginia,VA,33,1,Detection Monitoring (on-frame),,1,1,0,1,0,0,0,0,4013
30-JAN-2002,51,Virginia,VA,33,1,Detection Monitoring (on-frame),,1,2,1,5,0,40,0,1,4013
30-JAN-2002,51,Virginia,VA,33,1,Detection Monitoring (on-frame),,1,3,0,1,0,0,1,0,4013
30-JAN-2002,51,Virginia,VA,33,1,Detection Monitoring (on-frame),,1,4,0,1,0,0,0,0,4013
30-JAN-2002,51,Virginia,VA,35,1,Detection Monitoring (on-frame),,1,2,1,60,0,0,0,10,2766
30-JAN-2002,51,Virginia,VA,35,1,Detection Monitoring (on-frame),,1,3,15,1,0,0,0,20,2766
30-JAN-2002,51,Virginia,VA,37,1,Detection Monitoring (on-frame),,1,1,5,1,0,0,20,10,2728
30-JAN-2002,51,Virginia,VA,37,1,Detection Monitoring (on-frame),,1,2,0,5,0,1,20,0,2728
30-JAN-2002,51,Virginia,VA,37,1,Detection Monitoring (on-frame),,1,3,10,5,0,1,20,5,2728
30-JAN-2002,51,Virginia,VA,37,1,Detection Monitoring (on-frame),,1,4,10,0,0,10,10,0,2728
30-JAN-2002,51,Virginia,VA,37,1,Detection Monitoring (on-frame),,1,3,10,10,0,0,5,40,3253
30-JAN-2002,51,Virginia,VA,41,1,Detection Monitoring (on-frame),,1,1,0,1,0,1,5,35,3238
30-JAN-2002,51,Virginia,VA,41,1,Detection Monitoring (on-frame),,1,2,0,1,1,0,1,15,3238
30-JAN-2002,51,Virginia,VA,41,1,Detection Monitoring (on-frame),,1,3,0,10,0,1,5,75,3238
30-JAN-2002,51,Virginia,VA,41,1,Detection Monitoring (on-frame),,1,4,0,1,1,1,5,30,3238
30-JAN-2002,51,Virginia,VA,41,1,Detection Monitoring (on-frame),,1,1,0,0,0,0,0,10,3239
30-JAN-2002,51,Virginia,VA,41,1,Detection Monitoring (on-frame),,1,2,0,1,0,0,1,1,3239
30-JAN-2002,51,Virginia,VA,41,1,Detection Monitoring (on-frame),,1,3,0,1,0,0,1,1,3239
30-JAN-2002,51,Virginia,VA,41,1,Detection Monitoring (on-frame),,1,4,0,0,0,0,0,1,3239
30-JAN-2002,51,Virginia,VA,41,1,Detection Monitoring (on-frame),,1,1,0,1,0,1,1,5,3244
30-JAN-2002,51,Virginia,VA,41,1,Detection Monitoring (on-frame),,1,2,0,0,0,0,5,5,3244
30-JAN-2002,51,Virginia,VA,45,1,Detection Monitoring (on-frame),,1,1,0,0,0,0,10,80,3297
30-JAN-2002,51,Virginia,VA,45,1,Detection Monitoring (on-frame),,1,2,0,1,0,1,5,40,3297
30-JAN-2002,51,Virginia,VA,45,1,Detection Monitoring (on-frame),,1,3,0,1,1,5,20,40,3297
30-JAN-2002,51,Virginia,VA,45,1,Detection Monitoring (on-frame),,1,4,0,1,0,0,10,40,3297
30-JAN-2002,51,Virginia,VA,45,1,Detection Monitoring (on-frame),,1,1,0,0,0,0,5,60,3298
30-JAN-2002,51,Virginia,VA,45,1,Detection Monitoring (on-frame),,1,2,0,0,0,0,0,50,3298
30-JAN-2002,51,Virginia,VA,45,1,Detection Monitoring (on-frame),,1,3,0,0,0,0,0,25,3298
30-JAN-2002,51,Virginia,VA,45,1,Detection Monitoring (on-frame),,1,4,0,50,0,0,0,25,3298
30-JAN-2002,51,Virginia,VA,47,1,Detection Monitoring (on-frame),,1,1,1,25,0,1,1,0,4025
30-JAN-2002,51,Virginia,VA,47,1,Detection Monitoring (on-frame),,1,2,0,20,0,0,10,0,4025
30-JAN-2002,51,Virginia,VA,47,1,Detection Monitoring (on-frame),,1,3,0,25,0,0,1,1,4025
30-JAN-2002,51,Virginia,VA,47,1,Detection Monitoring (on-frame),,1,4,0,60,0,0,0,0,4025
30-JAN-2002,51,Virginia,VA,49,1,Detection Monitoring (on-frame),,1,1,0,85,0,0,1,1,3259
30-JAN-2002,51,Virginia,VA,49,1,Detection Monitoring (on-frame),,1,2,0,65,0,0,1,1,3259
30-JAN-2002,51,Virginia,VA,49,1,Detection Monitoring (on-frame),,1,3,0,10,0,0,1,70,3259
30-JAN-2002,51,Virginia,VA,49,1,Detection Monitoring (on-frame),,1,4,0,25,0,0,1,1,3259
30-JAN-2002,51,Virginia,VA,49,1,Detection Monitoring (on-frame),,1,1,0,75,0,0,10,1,3263
30-JAN-2002,51,Virginia,VA,49,1,Detection Monitoring (on-frame),,1,2,0,85,0,0,1,5,3263
30-JAN-2002,51,Virginia,VA,49,1,Detection Monitoring (on-frame),,1,3,1,10,1,15,25,1,3263
30-JAN-2002,51,Virginia,VA,49,1,Detection Monitoring (on-frame),,1,4,0,60,0,1,25,1,3263
30-JAN-2002,51,Virginia,VA,51,1,Detection Monitoring (on-frame),,1,2,0,30,0,0,1,40,2809
30-JAN-2002,51,Virginia,VA,51,1,Detection Monitoring (on-frame),,1,4,40,0,0,0,0,30,2809
30-JAN-2002,51,Virginia,VA,53,1,Detection Monitoring (on-frame),,1,1,0,10,0,0,45,90,3232
30-JAN-2002,51,Virginia,VA,53,1,Detection Monitoring (on-frame),,1,2,0,45,0,0,40,10,3232
30-JAN-2002,51,Virginia,VA,53,1,Detection Monitoring (on-frame),,1,3,0,10,0,0,25,25,3232
30-JAN-2002,51,Virginia,VA,53,1,Detection Monitoring (on-frame),,1,4,0,25,0,1,20,35,3232
30-JAN-2002,51,Virginia,VA,57,1,Detection Monitoring (on-frame),,1,1,0,90,0,15,0,10,3230
30-JAN-2002,51,Virginia,VA,57,1,Detection Monitoring (on-frame),,1,2,0,20,0,10,1,1,3230
30-JAN-2002,51,Virginia,VA,57,1,Detection Monitoring (on-frame),,1,3,0,60,0,1,1,10,3230
30-JAN-2002,51,Virginia,VA,57,1,Detection Monitoring (on-frame),,1,4,0,85,0,1,60,45,3230
30-JAN-2002,51,Virginia,VA,57,1,Detection Monitoring (on-frame),,1,1,0,5,1,1,0,70,4012
30-JAN-2002,51,Virginia,VA,57,1,Detection Monitoring (on-frame),,1,2,0,1,1,5,1,35,4012
30-JAN-2002,51,Virginia,VA,57,1,Detection Monitoring (on-frame),,1,4,0,1,0,5,1,10,4012
30-JAN-2002,51,Virginia,VA,61,1,Detection Monitoring (on-frame),,1,1,0,99,0,0,0,0,4024
30-JAN-2002,51,Virginia,VA,61,1,Detection Monitoring (on-frame),,1,2,0,95,0,0,0,0,4024
30-JAN-2002,51,Virginia,VA,61,1,Detection Monitoring (on-frame),,1,3,0,80,0,0,0,0,4024
30-JAN-2002,51,Virginia,VA,61,1,Detection Monitoring (on-frame),,1,4,0,95,0,0,0,0,4024
30-JAN-2002,51,Virginia,VA,63,1,Detection Monitoring (on-frame),,1,1,1,0,0,0,5,90,3291
30-JAN-2002,51,Virginia,VA,63,1,Detection Monitoring (on-frame),,1,2,0,0,0,0,10,90,3291
30-JAN-2002,51,Virginia,VA,63,1,Detection Monitoring (on-frame),,1,3,10,1,0,0,5,60,3291
30-JAN-2002,51,Virginia,VA,63,1,Detection Monitoring (on-frame),,1,4,5,1,0,0,40,60,3291
30-JAN-2002,51,Virginia,VA,69,1,Detection Monitoring (on-frame),,1,1,0,5,0,1,40,1,4806
30-JAN-2002,51,Virginia,VA,69,1,Detection Monitoring (on-frame),,1,2,0,20,0,1,30,1,4806
30-JAN-2002,51,Virginia,VA,69,1,Detection Monitoring (on-frame),,1,3,0,5,0,1,1,10,4806
30-JAN-2002,51,Virginia,VA,69,1,Detection Monitoring (on-frame),,1,4,0,20,0,0,30,10,4806
30-JAN-2002,51,Virginia,VA,71,1,Detection Monitoring (on-frame),,1,1,0,10,0,0,0,0,3299
30-JAN-2002,51,Virginia,VA,71,1,Detection Monitoring (on-frame),,1,2,0,1,0,5,30,10,3299
30-JAN-2002,51,Virginia,VA,71,1,Detection Monitoring (on-frame),,1,3,0,1,0,5,10,20,3299
30-JAN-2002,51,Virginia,VA,71,1,Detection Monitoring (on-frame),,1,4,0,5,0,0,30,10,3299
30-JAN-2002,51,Virginia,VA,75,1,Detection Monitoring (on-frame),,1,1,5,5,5,1,5,1,3246
30-JAN-2002,51,Virginia,VA,75,1,Detection Monitoring (on-frame),,1,2,1,5,0,0,1,0,3246
30-JAN-2002,51,Virginia,VA,75,1,Detection Monitoring (on-frame),,1,3,0,5,5,1,5,35,3246
30-JAN-2002,51,Virginia,VA,75,1,Detection Monitoring (on-frame),,1,4,0,1,0,1,1,1,3246
30-JAN-2002,51,Virginia,VA,77,1,Detection Monitoring (on-frame),,1,1,0,40,0,5,0,10,2786
30-JAN-2002,51,Virginia,VA,77,1,Detection Monitoring (on-frame),,1,2,0,20,0,0,10,20,2786
30-JAN-2002,51,Virginia,VA,77,1,Detection Monitoring (on-frame),,1,3,10,0,0,1,0,0,2786
30-JAN-2002,51,Virginia,VA,77,1,Detection Monitoring (on-frame),,1,4,5,25,0,5,0,15,2786
30-JAN-2002,51,Virginia,VA,81,1,Detection Monitoring (on-frame),,1,1,0,40,0,0,0,40,2707
30-JAN-2002,51,Virginia,VA,81,1,Detection Monitoring (on-frame),,1,3,0,60,0,0,0,40,2707
30-JAN-2002,51,Virginia,VA,83,1,Detection Monitoring (on-frame),,1,1,0,95,0,0,0,0,2729
30-JAN-2002,51,Virginia,VA,83,1,Detection Monitoring (on-frame),,1,3,0,55,0,0,1,5,2729
30-JAN-2002,51,Virginia,VA,83,1,Detection Monitoring (on-frame),,1,1,5,1,0,10,10,15,2731
30-JAN-2002,51,Virginia,VA,83,1,Detection Monitoring (on-frame),,1,2,90,5,0,0,10,10,2731
30-JAN-2002,51,Virginia,VA,83,1,Detection Monitoring (on-frame),,1,3,0,10,0,0,10,45,2731
30-JAN-2002,51,Virginia,VA,83,1,Detection Monitoring (on-frame),,1,4,0,10,0,0,20,60,2731
30-JAN-2002,51,Virginia,VA,85,1,Detection Monitoring (on-frame),,1,1,0,1,0,0,5,5,3249
30-JAN-2002,51,Virginia,VA,85,1,Detection Monitoring (on-frame),,1,2,0,5,0,0,10,1,3249
30-JAN-2002,51,Virginia,VA,85,1,Detection Monitoring (on-frame),,1,3,0,20,0,0,10,55,3249
30-JAN-2002,51,Virginia,VA,85,1,Detection Monitoring (on-frame),,1,4,0,1,0,0,1,75,3249
30-JAN-2002,51,Virginia,VA,87,1,Detection Monitoring (on-frame),,1,1,5,50,0,1,20,25,3237
30-JAN-2002,51,Virginia,VA,87,1,Detection Monitoring (on-frame),,1,2,95,5,0,1,0,1,3237
30-JAN-2002,51,Virginia,VA,87,1,Detection Monitoring (on-frame),,1,3,0,75,0,0,5,10,3237
30-JAN-2002,51,Virginia,VA,87,1,Detection Monitoring (on-frame),,1,4,0,95,0,0,10,10,3237
30-JAN-2002,51,Virginia,VA,91,1,Detection Monitoring (on-frame),,1,1,0,1,0,1,5,1,4062
30-JAN-2002,51,Virginia,VA,91,1,Detection Monitoring (on-frame),,1,2,1,20,0,1,1,1,4062
30-JAN-2002,51,Virginia,VA,91,1,Detection Monitoring (on-frame),,1,3,0,1,0,1,0,0,4062
30-JAN-2002,51,Virginia,VA,91,1,Detection Monitoring (on-frame),,1,4,0,0,0,0,0,0,4062
30-JAN-2002,51,Virginia,VA,93,1,Detection Monitoring (on-frame),,1,1,0,1,0,0,0,90,2688
30-JAN-2002,51,Virginia,VA,93,1,Detection Monitoring (on-frame),,1,2,0,5,0,0,0,95,2688
30-JAN-2002,51,Virginia,VA,93,1,Detection Monitoring (on-frame),,1,3,0,1,0,0,0,95,2688
30-JAN-2002,51,Virginia,VA,93,1,Detection Monitoring (on-frame),,1,4,0,5,0,0,0,90,2688
30-JAN-2002,51,Virginia,VA,93,1,Detection Monitoring (on-frame),,1,1,0,90,0,0,0,5,2690
30-JAN-2002,51,Virginia,VA,93,1,Detection Monitoring (on-frame),,1,3,0,90,0,0,0,5,2690
30-JAN-2002,51,Virginia,VA,93,1,Detection Monitoring (on-frame),,1,4,0,1,0,1,0,75,2690
30-JAN-2002,51,Virginia,VA,93,1,Detection Monitoring (on-frame),,1,1,0,1,0,0,0,80,2692
30-JAN-2002,51,Virginia,VA,93,1,Detection Monitoring (on-frame),,1,2,0,50,0,0,0,40,2692
30-JAN-2002,51,Virginia,VA,93,1,Detection Monitoring (on-frame),,1,3,0,99,0,0,0,1,2692
30-JAN-2002,51,Virginia,VA,93,1,Detection Monitoring (on-frame),,1,4,0,70,0,0,0,30,2692
30-JAN-2002,51,Virginia,VA,95,1,Detection Monitoring (on-frame),,1,1,5,30,0,5,1,1,3225
30-JAN-2002,51,Virginia,VA,95,1,Detection Monitoring (on-frame),,1,3,0,90,0,0,0,1,3225
30-JAN-2002,51,Virginia,VA,95,1,Detection Monitoring (on-frame),,1,4,60,30,0,0,1,1,3225
30-JAN-2002,51,Virginia,VA,97,1,Detection Monitoring (on-frame),,1,1,1,10,0,1,5,1,3227
30-JAN-2002,51,Virginia,VA,97,1,Detection Monitoring (on-frame),,1,2,0,1,0,0,1,5,3227
30-JAN-2002,51,Virginia,VA,97,1,Detection Monitoring (on-frame),,1,3,10,55,0,1,1,1,3227
30-JAN-2002,51,Virginia,VA,97,1,Detection Monitoring (on-frame),,1,4,15,0,0,0,1,1,3227
30-JAN-2002,51,Virginia,VA,101,1,Detection Monitoring (on-frame),,1,1,0,5,0,0,5,1,3248
30-JAN-2002,51,Virginia,VA,101,1,Detection Monitoring (on-frame),,1,2,1,10,0,0,5,1,3248
30-JAN-2002,51,Virginia,VA,101,1,Detection Monitoring (on-frame),,1,3,0,99,0,0,0,0,3248
30-JAN-2002,51,Virginia,VA,101,1,Detection Monitoring (on-frame),,1,4,10,50,0,0,10,1,3248
30-JAN-2002,51,Virginia,VA,105,1,Detection Monitoring (on-frame),,1,1,0,99,0,0,1,0,2805
30-JAN-2002,51,Virginia,VA,105,1,Detection Monitoring (on-frame),,1,2,5,10,0,1,5,0,2805
30-JAN-2002,51,Virginia,VA,105,1,Detection Monitoring (on-frame),,1,3,1,99,0,0,1,1,2805
30-JAN-2002,51,Virginia,VA,105,1,Detection Monitoring (on-frame),,1,4,0,99,0,0,0,1,2805
30-JAN-2002,51,Virginia,VA,109,1,Detection Monitoring (on-frame),,1,1,15,5,0,0,15,5,3251
30-JAN-2002,51,Virginia,VA,109,1,Detection Monitoring (on-frame),,1,2,35,30,10,5,10,10,3251
30-JAN-2002,51,Virginia,VA,109,1,Detection Monitoring (on-frame),,1,3,0,5,0,0,25,0,3251
30-JAN-2002,51,Virginia,VA,109,1,Detection Monitoring (on-frame),,1,4,0,35,0,1,15,20,3251
30-JAN-2002,51,Virginia,VA,109,1,Detection Monitoring (on-frame),,1,1,40,10,0,5,15,20,3269
30-JAN-2002,51,Virginia,VA,109,1,Detection Monitoring (on-frame),,1,2,0,5,0,1,20,5,3269
30-JAN-2002,51,Virginia,VA,109,1,Detection Monitoring (on-frame),,1,3,0,5,1,10,10,20,3269
30-JAN-2002,51,Virginia,VA,109,1,Detection Monitoring (on-frame),,1,4,0,50,1,1,10,10,3269
30-JAN-2002,51,Virginia,VA,111,1,Detection Monitoring (on-frame),,1,1,0,0,0,0,0,0,3252
30-JAN-2002,51,Virginia,VA,111,1,Detection Monitoring (on-frame),,1,2,0,0,0,0,0,0,3252
30-JAN-2002,51,Virginia,VA,111,1,Detection Monitoring (on-frame),,1,3,0,0,0,0,0,0,3252
30-JAN-2002,51,Virginia,VA,111,1,Detection Monitoring (on-frame),,1,4,0,0,0,0,0,0,3252
30-JAN-2002,51,Virginia,VA,113,1,Detection Monitoring (on-frame),,1,1,0,0,0,0,0,90,4041
30-JAN-2002,51,Virginia,VA,113,1,Detection Monitoring (on-frame),,1,2,0,1,0,15,0,30,4041
30-JAN-2002,51,Virginia,VA,113,1,Detection Monitoring (on-frame),,1,3,0,1,0,10,0,75,4041
30-JAN-2002,51,Virginia,VA,113,1,Detection Monitoring (on-frame),,1,4,0,1,0,5,0,80,4041
30-JAN-2002,51,Virginia,VA,117,1,Detection Monitoring (on-frame),,1,1,0,0,0,0,0,0,2722
30-JAN-2002,51,Virginia,VA,117,1,Detection Monitoring (on-frame),,1,3,0,1,0,0,0,1,2722
30-JAN-2002,51,Virginia,VA,117,1,Detection Monitoring (on-frame),,1,4,0,0,0,0,10,5,2722
30-JAN-2002,51,Virginia,VA,117,1,Detection Monitoring (on-frame),,1,1,0,95,0,0,1,1,2724
30-JAN-2002,51,Virginia,VA,117,1,Detection Monitoring (on-frame),,1,2,0,0,0,1,5,1,2724
30-JAN-2002,51,Virginia,VA,117,1,Detection Monitoring (on-frame),,1,3,0,20,0,1,0,50,2724
30-JAN-2002,51,Virginia,VA,117,1,Detection Monitoring (on-frame),,1,4,0,65,0,0,0,1,2724
30-JAN-2002,51,Virginia,VA,117,1,Detection Monitoring (on-frame),,1,1,0,90,0,0,1,1,2727
30-JAN-2002,51,Virginia,VA,117,1,Detection Monitoring (on-frame),,1,2,1,85,0,1,10,0,2727
30-JAN-2002,51,Virginia,VA,117,1,Detection Monitoring (on-frame),,1,3,5,95,0,0,1,1,2727
30-JAN-2002,51,Virginia,VA,117,1,Detection Monitoring (on-frame),,1,4,0,99,0,0,1,0,2727
30-JAN-2002,51,Virginia,VA,125,1,Detection Monitoring (on-frame),,1,1,0,15,0,1,1,5,3268
30-JAN-2002,51,Virginia,VA,125,1,Detection Monitoring (on-frame),,1,2,5,15,0,5,10,5,3268
30-JAN-2002,51,Virginia,VA,125,1,Detection Monitoring (on-frame),,1,3,5,20,0,1,1,1,3268
30-JAN-2002,51,Virginia,VA,125,1,Detection Monitoring (on-frame),,1,4,15,45,0,1,10,20,3268
30-JAN-2002,51,Virginia,VA,133,1,Detection Monitoring (on-frame),,1,3,0,1,0,0,0,0,3228
30-JAN-2002,51,Virginia,VA,135,1,Detection Monitoring (on-frame),,1,1,0,5,0,0,20,25,3233
30-JAN-2002,51,Virginia,VA,135,1,Detection Monitoring (on-frame),,1,2,0,0,0,0,25,10,3233
30-JAN-2002,51,Virginia,VA,135,1,Detection Monitoring (on-frame),,1,3,0,0,0,0,20,30,3233
30-JAN-2002,51,Virginia,VA,135,1,Detection Monitoring (on-frame),,1,4,0,10,0,0,20,15,3233
30-JAN-2002,51,Virginia,VA,137,1,Detection Monitoring (on-frame),,1,1,0,15,0,5,1,25,4017
30-JAN-2002,51,Virginia,VA,137,1,Detection Monitoring (on-frame),,1,2,0,5,0,0,0,5,4017
30-JAN-2002,51,Virginia,VA,137,1,Detection Monitoring (on-frame),,1,3,0,65,0,0,0,0,4017
30-JAN-2002,51,Virginia,VA,137,1,Detection Monitoring (on-frame),,1,4,0,20,0,0,0,10,4017
30-JAN-2002,51,Virginia,VA,139,1,Detection Monitoring (on-frame),,1,1,0,1,0,5,5,10,4043
30-JAN-2002,51,Virginia,VA,139,1,Detection Monitoring (on-frame),,1,2,0,1,0,1,0,15,4043
30-JAN-2002,51,Virginia,VA,139,1,Detection Monitoring (on-frame),,1,3,0,1,0,1,10,0,4043
30-JAN-2002,51,Virginia,VA,139,1,Detection Monitoring (on-frame),,1,4,0,1,1,1,0,1,4043
30-JAN-2002,51,Virginia,VA,141,1,Detection Monitoring (on-frame),,1,1,5,10,0,1,15,5,2763
30-JAN-2002,51,Virginia,VA,141,1,Detection Monitoring (on-frame),,1,2,0,1,0,0,25,0,2763
30-JAN-2002,51,Virginia,VA,141,1,Detection Monitoring (on-frame),,1,3,0,1,0,1,1,0,2763
30-JAN-2002,51,Virginia,VA,141,1,Detection Monitoring (on-frame),,1,4,0,1,0,0,1,0,2763
30-JAN-2002,51,Virginia,VA,141,1,Detection Monitoring (on-frame),,1,1,0,0,0,5,10,0,2764
30-JAN-2002,51,Virginia,VA,141,1,Detection Monitoring (on-frame),,1,2,0,0,0,0,10,0,2764
30-JAN-2002,51,Virginia,VA,141,1,Detection Monitoring (on-frame),,1,3,0,1,0,5,5,1,2764
30-JAN-2002,51,Virginia,VA,141,1,Detection Monitoring (on-frame),,1,4,0,1,1,0,5,5,2764
30-JAN-2002,51,Virginia,VA,141,1,Detection Monitoring (on-frame),,1,1,10,5,0,0,5,65,2769
30-JAN-2002,51,Virginia,VA,141,1,Detection Monitoring (on-frame),,1,2,1,5,0,0,1,90,2769
30-JAN-2002,51,Virginia,VA,141,1,Detection Monitoring (on-frame),,1,3,0,10,0,0,0,90,2769
30-JAN-2002,51,Virginia,VA,141,1,Detection Monitoring (on-frame),,1,4,5,5,0,0,10,65,2769
30-JAN-2002,51,Virginia,VA,143,1,Detection Monitoring (on-frame),,1,1,0,1,0,1,10,0,2747
30-JAN-2002,51,Virginia,VA,143,1,Detection Monitoring (on-frame),,1,2,0,70,0,0,5,0,2747
30-JAN-2002,51,Virginia,VA,143,1,Detection Monitoring (on-frame),,1,4,0,5,0,0,15,5,2747
30-JAN-2002,51,Virginia,VA,143,1,Detection Monitoring (on-frame),,1,1,0,1,0,0,10,20,2749
30-JAN-2002,51,Virginia,VA,143,1,Detection Monitoring (on-frame),,1,2,0,5,0,1,30,50,2749
30-JAN-2002,51,Virginia,VA,143,1,Detection Monitoring (on-frame),,1,3,0,10,0,0,40,40,2749
30-JAN-2002,51,Virginia,VA,143,1,Detection Monitoring (on-frame),,1,4,0,5,0,0,5,5,2749
30-JAN-2002,51,Virginia,VA,143,1,Detection Monitoring (on-frame),,1,1,0,1,0,0,25,70,2750
30-JAN-2002,51,Virginia,VA,143,1,Detection Monitoring (on-frame),,1,2,0,60,0,0,15,30,2750
30-JAN-2002,51,Virginia,VA,143,1,Detection Monitoring (on-frame),,1,3,0,50,0,0,0,1,2750
30-JAN-2002,51,Virginia,VA,143,1,Detection Monitoring (on-frame),,1,4,0,1,0,0,5,10,2750
30-JAN-2002,51,Virginia,VA,145,1,Detection Monitoring (on-frame),,1,1,0,95,0,0,15,45,3241
30-JAN-2002,51,Virginia,VA,145,1,Detection Monitoring (on-frame),,1,2,0,99,0,0,20,50,3241
30-JAN-2002,51,Virginia,VA,145,1,Detection Monitoring (on-frame),,1,3,0,60,0,0,5,95,3241
30-JAN-2002,51,Virginia,VA,145,1,Detection Monitoring (on-frame),,1,4,0,99,0,0,1,75,3241
30-JAN-2002,51,Virginia,VA,147,1,Detection Monitoring (on-frame),,1,1,5,10,0,5,10,10,3254
30-JAN-2002,51,Virginia,VA,147,1,Detection Monitoring (on-frame),,1,2,60,5,0,0,20,5,3254
30-JAN-2002,51,Virginia,VA,147,1,Detection Monitoring (on-frame),,1,3,0,5,0,20,20,5,3254
30-JAN-2002,51,Virginia,VA,147,1,Detection Monitoring (on-frame),,1,4,0,0,0,0,5,10,3254
30-JAN-2002,51,Virginia,VA,147,1,Detection Monitoring (on-frame),,1,1,0,10,0,0,5,1,3255
30-JAN-2002,51,Virginia,VA,147,1,Detection Monitoring (on-frame),,1,2,0,5,0,1,5,1,3255
30-JAN-2002,51,Virginia,VA,147,1,Detection Monitoring (on-frame),,1,3,0,99,0,0,10,5,3255
30-JAN-2002,51,Virginia,VA,149,1,Detection Monitoring (on-frame),,1,1,0,1,0,1,1,0,3234
30-JAN-2002,51,Virginia,VA,149,1,Detection Monitoring (on-frame),,1,2,0,5,0,0,1,1,3234
30-JAN-2002,51,Virginia,VA,149,1,Detection Monitoring (on-frame),,1,3,0,5,1,0,15,75,3234
30-JAN-2002,51,Virginia,VA,149,1,Detection Monitoring (on-frame),,1,4,0,15,0,0,1,55,3234
30-JAN-2002,51,Virginia,VA,153,1,Detection Monitoring (on-frame),,1,1,0,1,0,1,35,1,4029
30-JAN-2002,51,Virginia,VA,153,1,Detection Monitoring (on-frame),,1,3,0,10,0,1,1,1,4029
30-JAN-2002,51,Virginia,VA,153,1,Detection Monitoring (on-frame),,1,4,0,0,0,0,10,0,4029
30-JAN-2002,51,Virginia,VA,155,1,Detection Monitoring (on-frame),,1,1,5,0,0,0,0,30,3294
30-JAN-2002,51,Virginia,VA,155,1,Detection Monitoring (on-frame),,1,2,5,1,0,0,5,60,3294
30-JAN-2002,51,Virginia,VA,155,1,Detection Monitoring (on-frame),,1,3,0,10,0,0,0,90,3294
30-JAN-2002,51,Virginia,VA,155,1,Detection Monitoring (on-frame),,1,4,60,5,0,0,0,15,3294
30-JAN-2002,51,Virginia,VA,159,1,Detection Monitoring (on-frame),,1,1,0,0,0,0,0,0,3977
30-JAN-2002,51,Virginia,VA,159,1,Detection Monitoring (on-frame),,1,2,0,0,0,0,0,0,3977
30-JAN-2002,51,Virginia,VA,159,1,Detection Monitoring (on-frame),,1,3,0,0,0,0,0,0,3977
30-JAN-2002,51,Virginia,VA,159,1,Detection Monitoring (on-frame),,1,4,0,0,0,0,0,0,3977
30-JAN-2002,51,Virginia,VA,163,1,Detection Monitoring (on-frame),,1,1,0,1,0,0,10,1,3286
30-JAN-2002,51,Virginia,VA,163,1,Detection Monitoring (on-frame),,1,2,0,1,0,5,25,20,3286
30-JAN-2002,51,Virginia,VA,163,1,Detection Monitoring (on-frame),,1,3,5,5,0,1,5,5,3286
30-JAN-2002,51,Virginia,VA,163,1,Detection Monitoring (on-frame),,1,4,0,5,0,5,1,5,3286
30-JAN-2002,51,Virginia,VA,163,1,Detection Monitoring (on-frame),,1,1,0,1,1,0,1,1,3287
30-JAN-2002,51,Virginia,VA,163,1,Detection Monitoring (on-frame),,1,3,0,1,0,25,10,5,3287
30-JAN-2002,51,Virginia,VA,163,1,Detection Monitoring (on-frame),,1,4,0,1,0,10,10,25,3287
30-JAN-2002,51,Virginia,VA,165,1,Detection Monitoring (on-frame),,1,1,0,1,1,1,5,5,4039
30-JAN-2002,51,Virginia,VA,165,1,Detection Monitoring (on-frame),,1,2,0,1,0,1,20,10,4039
30-JAN-2002,51,Virginia,VA,165,1,Detection Monitoring (on-frame),,1,3,0,1,0,0,10,5,4039
30-JAN-2002,51,Virginia,VA,165,1,Detection Monitoring (on-frame),,1,4,0,1,0,1,10,5,4039
30-JAN-2002,51,Virginia,VA,165,1,Detection Monitoring (on-frame),,1,1,1,5,0,5,10,20,4045
30-JAN-2002,51,Virginia,VA,165,1,Detection Monitoring (on-frame),,1,2,0,1,0,5,10,10,4045
30-JAN-2002,51,Virginia,VA,165,1,Detection Monitoring (on-frame),,1,3,0,10,0,5,0,5,4045
30-JAN-2002,51,Virginia,VA,165,1,Detection Monitoring (on-frame),,1,4,5,10,0,85,5,15,4045
30-JAN-2002,51,Virginia,VA,171,1,Detection Monitoring (on-frame),,1,1,0,40,0,0,1,0,4050
30-JAN-2002,51,Virginia,VA,171,1,Detection Monitoring (on-frame),,1,2,0,5,0,0,1,1,4050
30-JAN-2002,51,Virginia,VA,173,1,Detection Monitoring (on-frame),,1,1,10,5,0,10,0,5,2787
30-JAN-2002,51,Virginia,VA,173,1,Detection Monitoring (on-frame),,1,2,5,20,0,0,40,10,2787
30-JAN-2002,51,Virginia,VA,173,1,Detection Monitoring (on-frame),,1,3,10,15,0,25,0,10,2787
30-JAN-2002,51,Virginia,VA,173,1,Detection Monitoring (on-frame),,1,4,5,5,0,5,0,1,2787
30-JAN-2002,51,Virginia,VA,173,1,Detection Monitoring (on-frame),,1,1,0,5,0,0,40,30,2791
30-JAN-2002,51,Virginia,VA,173,1,Detection Monitoring (on-frame),,1,2,0,5,0,0,40,10,2791
30-JAN-2002,51,Virginia,VA,173,1,Detection Monitoring (on-frame),,1,3,0,5,0,5,20,40,2791
30-JAN-2002,51,Virginia,VA,173,1,Detection Monitoring (on-frame),,1,4,0,10,0,0,20,20,2791
30-JAN-2002,51,Virginia,VA,177,1,Detection Monitoring (on-frame),,1,1,1,1,0,0,5,0,4014
30-JAN-2002,51,Virginia,VA,177,1,Detection Monitoring (on-frame),,1,2,5,30,0,0,15,0,4014
30-JAN-2002,51,Virginia,VA,177,1,Detection Monitoring (on-frame),,1,3,0,90,0,1,5,5,4014
30-JAN-2002,51,Virginia,VA,177,1,Detection Monitoring (on-frame),,1,4,0,90,0,1,5,5,4014
30-JAN-2002,51,Virginia,VA,179,1,Detection Monitoring (on-frame),,1,1,0,5,0,0,1,5,4020
30-JAN-2002,51,Virginia,VA,179,1,Detection Monitoring (on-frame),,1,2,0,10,0,0,5,10,4020
30-JAN-2002,51,Virginia,VA,179,1,Detection Monitoring (on-frame),,1,3,0,25,0,0,5,5,4020
30-JAN-2002,51,Virginia,VA,179,1,Detection Monitoring (on-frame),,1,4,0,10,0,1,1,30,4020
30-JAN-2002,51,Virginia,VA,181,1,Detection Monitoring (on-frame),,1,1,0,1,0,0,1,5,3223
30-JAN-2002,51,Virginia,VA,181,1,Detection Monitoring (on-frame),,1,3,0,5,0,5,10,5,3223
30-JAN-2002,51,Virginia,VA,183,1,Detection Monitoring (on-frame),,1,1,0,5,0,5,20,40,2711
30-JAN-2002,51,Virginia,VA,183,1,Detection Monitoring (on-frame),,1,2,0,5,0,20,1,75,2711
30-JAN-2002,51,Virginia,VA,183,1,Detection Monitoring (on-frame),,1,3,0,1,0,0,0,85,2711
30-JAN-2002,51,Virginia,VA,183,1,Detection Monitoring (on-frame),,1,4,0,1,0,0,1,90,2711
30-JAN-2002,51,Virginia,VA,185,1,Detection Monitoring (on-frame),,1,2,10,0,0,20,30,1,3311
30-JAN-2002,51,Virginia,VA,191,1,Detection Monitoring (on-frame),,1,1,1,10,0,0,5,5,2784
30-JAN-2002,51,Virginia,VA,191,1,Detection Monitoring (on-frame),,1,2,10,1,0,0,0,5,2784
30-JAN-2002,51,Virginia,VA,191,1,Detection Monitoring (on-frame),,1,3,0,1,0,0,5,10,2784
30-JAN-2002,51,Virginia,VA,191,1,Detection Monitoring (on-frame),,1,4,20,5,0,0,5,10,2784
30-JAN-2002,51,Virginia,VA,191,1,Detection Monitoring (on-frame),,1,1,0,0,0,0,20,10,2806
30-JAN-2002,51,Virginia,VA,191,1,Detection Monitoring (on-frame),,1,2,0,1,0,0,50,10,2806
30-JAN-2002,51,Virginia,VA,191,1,Detection Monitoring (on-frame),,1,3,0,0,0,0,70,5,2806
30-JAN-2002,51,Virginia,VA,191,1,Detection Monitoring (on-frame),,1,4,0,0,0,0,20,5,2806
30-JAN-2002,51,Virginia,VA,193,1,Detection Monitoring (on-frame),,1,1,0,75,0,1,1,5,3982
30-JAN-2002,51,Virginia,VA,193,1,Detection Monitoring (on-frame),,1,2,1,60,0,5,1,1,3982
30-JAN-2002,51,Virginia,VA,193,1,Detection Monitoring (on-frame),,1,3,0,90,15,20,1,60,3982
30-JAN-2002,51,Virginia,VA,193,1,Detection Monitoring (on-frame),,1,4,0,45,0,20,10,15,3982
30-JAN-2002,51,Virginia,VA,195,1,Detection Monitoring (on-frame),,1,1,10,10,0,0,5,60,2811
30-JAN-2002,51,Virginia,VA,195,1,Detection Monitoring (on-frame),,1,2,5,5,0,0,0,80,2811
30-JAN-2002,51,Virginia,VA,195,1,Detection Monitoring (on-frame),,1,3,5,10,0,0,0,80,2811
30-JAN-2002,51,Virginia,VA,195,1,Detection Monitoring (on-frame),,1,4,10,5,0,0,15,60,2811
