LAST_UPDATE,STATE,STATE_DESCR,STATE_ABBREV,COUNTY,PROJECT,PROJECT_DESCR,HEXAGON_NBR,PLOT_NBR,POINT_NBR,PCT_FERNS,PCT_HERBS,PCT_MOSS,PCT_SEEDLINGS,PCT_SHRUBS,P3ID
30-JAN-2002,51,Virginia,VA,1,1,Detection Monitoring (on-frame),,1,1,0,30,5,5,0,3216
30-JAN-2002,51,Virginia,VA,1,1,Detection Monitoring (on-frame),,1,2,0,55,10,5,15,3216
30-JAN-2002,51,Virginia,VA,1,1,Detection Monitoring (on-frame),,1,3,0,35,5,10,20,3216
30-JAN-2002,51,Virginia,VA,1,1,Detection Monitoring (on-frame),,1,4,0,35,15,5,15,3216
30-JAN-2002,51,Virginia,VA,1,1,Detection Monitoring (on-frame),,1,1,0,0,0,0,0,3217
30-JAN-2002,51,Virginia,VA,1,1,Detection Monitoring (on-frame),,1,2,0,0,0,0,0,3217
30-JAN-2002,51,Virginia,VA,1,1,Detection Monitoring (on-frame),,1,3,0,0,0,0,0,3217
30-JAN-2002,51,Virginia,VA,1,1,Detection Monitoring (on-frame),,1,4,0,0,0,0,0,3217
30-JAN-2002,51,Virginia,VA,1,1,Detection Monitoring (on-frame),,1,1,0,0,0,0,0,3219
30-JAN-2002,51,Virginia,VA,1,1,Detection Monitoring (on-frame),,1,2,0,0,0,0,0,3219
30-JAN-2002,51,Virginia,VA,1,1,Detection Monitoring (on-frame),,1,3,0,0,0,0,0,3219
30-JAN-2002,51,Virginia,VA,1,1,Detection Monitoring (on-frame),,1,4,0,0,0,0,0,3219
30-JAN-2002,51,Virginia,VA,3,1,Detection Monitoring (on-frame),,1,1,0,5,10,25,20,3267
30-JAN-2002,51,Virginia,VA,3,1,Detection Monitoring (on-frame),,1,2,0,5,5,10,20,3267
30-JAN-2002,51,Virginia,VA,3,1,Detection Monitoring (on-frame),,1,3,0,10,5,10,45,3267
30-JAN-2002,51,Virginia,VA,3,1,Detection Monitoring (on-frame),,1,4,0,0,5,25,25,3267
30-JAN-2002,51,Virginia,VA,3,1,Detection Monitoring (on-frame),,1,1,0,0,0,0,0,4033
30-JAN-2002,51,Virginia,VA,3,1,Detection Monitoring (on-frame),,1,2,0,0,0,0,0,4033
30-JAN-2002,51,Virginia,VA,3,1,Detection Monitoring (on-frame),,1,3,0,0,0,0,0,4033
30-JAN-2002,51,Virginia,VA,3,1,Detection Monitoring (on-frame),,1,4,0,0,0,0,0,4033
30-JAN-2002,51,Virginia,VA,3,1,Detection Monitoring (on-frame),,1,1,0,0,0,0,0,4034
30-JAN-2002,51,Virginia,VA,3,1,Detection Monitoring (on-frame),,1,2,0,0,0,0,0,4034
30-JAN-2002,51,Virginia,VA,3,1,Detection Monitoring (on-frame),,1,3,0,0,0,0,0,4034
30-JAN-2002,51,Virginia,VA,3,1,Detection Monitoring (on-frame),,1,4,0,0,0,0,0,4034
30-JAN-2002,51,Virginia,VA,5,1,Detection Monitoring (on-frame),,1,1,0,5,5,35,65,3285
30-JAN-2002,51,Virginia,VA,5,1,Detection Monitoring (on-frame),,1,2,0,5,0,5,5,3285
30-JAN-2002,51,Virginia,VA,5,1,Detection Monitoring (on-frame),,1,3,0,0,0,55,65,3285
30-JAN-2002,51,Virginia,VA,5,1,Detection Monitoring (on-frame),,1,4,0,0,0,0,0,3285
30-JAN-2002,51,Virginia,VA,5,1,Detection Monitoring (on-frame),,1,1,0,5,30,5,60,3303
30-JAN-2002,51,Virginia,VA,5,1,Detection Monitoring (on-frame),,1,2,0,35,5,10,10,3303
30-JAN-2002,51,Virginia,VA,5,1,Detection Monitoring (on-frame),,1,3,0,5,15,5,60,3303
30-JAN-2002,51,Virginia,VA,5,1,Detection Monitoring (on-frame),,1,4,0,10,20,20,10,3303
30-JAN-2002,51,Virginia,VA,5,1,Detection Monitoring (on-frame),,1,1,0,0,5,10,30,3307
30-JAN-2002,51,Virginia,VA,5,1,Detection Monitoring (on-frame),,1,2,0,10,15,15,30,3307
30-JAN-2002,51,Virginia,VA,5,1,Detection Monitoring (on-frame),,1,3,0,10,5,5,20,3307
30-JAN-2002,51,Virginia,VA,5,1,Detection Monitoring (on-frame),,1,4,0,5,15,5,25,3307
30-JAN-2002,51,Virginia,VA,7,1,Detection Monitoring (on-frame),,1,1,0,15,0,5,5,3257
30-JAN-2002,51,Virginia,VA,7,1,Detection Monitoring (on-frame),,1,2,0,10,0,5,0,3257
30-JAN-2002,51,Virginia,VA,7,1,Detection Monitoring (on-frame),,1,3,0,25,5,5,35,3257
30-JAN-2002,51,Virginia,VA,7,1,Detection Monitoring (on-frame),,1,4,0,5,15,5,0,3257
30-JAN-2002,51,Virginia,VA,7,1,Detection Monitoring (on-frame),,1,1,0,15,0,30,25,3270
30-JAN-2002,51,Virginia,VA,7,1,Detection Monitoring (on-frame),,1,2,0,35,0,5,5,3270
30-JAN-2002,51,Virginia,VA,7,1,Detection Monitoring (on-frame),,1,3,0,5,5,15,35,3270
30-JAN-2002,51,Virginia,VA,7,1,Detection Monitoring (on-frame),,1,4,0,10,5,25,30,3270
30-JAN-2002,51,Virginia,VA,9,1,Detection Monitoring (on-frame),,1,1,0,0,0,0,0,3281
30-JAN-2002,51,Virginia,VA,9,1,Detection Monitoring (on-frame),,1,2,0,5,5,15,0,3281
30-JAN-2002,51,Virginia,VA,9,1,Detection Monitoring (on-frame),,1,3,0,0,0,0,0,3281
30-JAN-2002,51,Virginia,VA,9,1,Detection Monitoring (on-frame),,1,4,0,0,0,0,0,3281
30-JAN-2002,51,Virginia,VA,11,1,Detection Monitoring (on-frame),,1,1,0,75,0,10,5,3261
30-JAN-2002,51,Virginia,VA,11,1,Detection Monitoring (on-frame),,1,2,0,70,0,40,5,3261
30-JAN-2002,51,Virginia,VA,11,1,Detection Monitoring (on-frame),,1,3,0,85,0,45,10,3261
30-JAN-2002,51,Virginia,VA,11,1,Detection Monitoring (on-frame),,1,4,0,80,0,25,40,3261
30-JAN-2002,51,Virginia,VA,15,1,Detection Monitoring (on-frame),,1,1,0,5,0,20,10,4035
30-JAN-2002,51,Virginia,VA,15,1,Detection Monitoring (on-frame),,1,2,0,5,10,15,50,4035
30-JAN-2002,51,Virginia,VA,15,1,Detection Monitoring (on-frame),,1,3,10,5,5,15,15,4035
30-JAN-2002,51,Virginia,VA,15,1,Detection Monitoring (on-frame),,1,4,35,10,10,5,0,4035
30-JAN-2002,51,Virginia,VA,15,1,Detection Monitoring (on-frame),,1,1,0,0,0,0,0,4052
30-JAN-2002,51,Virginia,VA,15,1,Detection Monitoring (on-frame),,1,2,0,0,0,0,0,4052
30-JAN-2002,51,Virginia,VA,15,1,Detection Monitoring (on-frame),,1,3,0,0,0,0,0,4052
30-JAN-2002,51,Virginia,VA,15,1,Detection Monitoring (on-frame),,1,4,0,0,0,0,0,4052
30-JAN-2002,51,Virginia,VA,15,1,Detection Monitoring (on-frame),,1,1,0,0,0,0,0,4053
30-JAN-2002,51,Virginia,VA,15,1,Detection Monitoring (on-frame),,1,2,0,0,0,0,0,4053
30-JAN-2002,51,Virginia,VA,15,1,Detection Monitoring (on-frame),,1,3,0,0,0,0,0,4053
30-JAN-2002,51,Virginia,VA,15,1,Detection Monitoring (on-frame),,1,4,0,0,0,0,0,4053
30-JAN-2002,51,Virginia,VA,15,1,Detection Monitoring (on-frame),,1,1,0,20,30,10,75,4055
30-JAN-2002,51,Virginia,VA,15,1,Detection Monitoring (on-frame),,1,2,0,35,20,10,25,4055
30-JAN-2002,51,Virginia,VA,15,1,Detection Monitoring (on-frame),,1,3,5,10,5,20,25,4055
30-JAN-2002,51,Virginia,VA,15,1,Detection Monitoring (on-frame),,1,4,0,10,20,5,15,4055
30-JAN-2002,51,Virginia,VA,15,1,Detection Monitoring (on-frame),,1,1,0,0,5,5,55,4061
30-JAN-2002,51,Virginia,VA,15,1,Detection Monitoring (on-frame),,1,2,0,0,5,10,95,4061
30-JAN-2002,51,Virginia,VA,15,1,Detection Monitoring (on-frame),,1,3,10,0,30,5,15,4061
30-JAN-2002,51,Virginia,VA,15,1,Detection Monitoring (on-frame),,1,4,0,0,5,0,95,4061
30-JAN-2002,51,Virginia,VA,17,1,Detection Monitoring (on-frame),,1,1,0,0,10,55,55,3290
30-JAN-2002,51,Virginia,VA,17,1,Detection Monitoring (on-frame),,1,2,0,0,10,10,90,3290
30-JAN-2002,51,Virginia,VA,17,1,Detection Monitoring (on-frame),,1,3,0,0,5,25,60,3290
30-JAN-2002,51,Virginia,VA,17,1,Detection Monitoring (on-frame),,1,4,0,0,10,30,40,3290
30-JAN-2002,51,Virginia,VA,17,1,Detection Monitoring (on-frame),,1,1,5,20,5,10,5,4057
30-JAN-2002,51,Virginia,VA,17,1,Detection Monitoring (on-frame),,1,2,0,15,10,5,5,4057
30-JAN-2002,51,Virginia,VA,17,1,Detection Monitoring (on-frame),,1,3,0,20,5,15,10,4057
30-JAN-2002,51,Virginia,VA,17,1,Detection Monitoring (on-frame),,1,4,5,40,10,10,5,4057
30-JAN-2002,51,Virginia,VA,19,1,Detection Monitoring (on-frame),,1,1,0,0,0,0,0,3271
30-JAN-2002,51,Virginia,VA,19,1,Detection Monitoring (on-frame),,1,2,0,0,0,0,0,3271
30-JAN-2002,51,Virginia,VA,19,1,Detection Monitoring (on-frame),,1,3,0,0,0,0,0,3271
30-JAN-2002,51,Virginia,VA,19,1,Detection Monitoring (on-frame),,1,4,0,0,0,0,0,3271
30-JAN-2002,51,Virginia,VA,19,1,Detection Monitoring (on-frame),,1,1,0,0,0,0,0,3278
30-JAN-2002,51,Virginia,VA,19,1,Detection Monitoring (on-frame),,1,2,0,0,0,0,0,3278
30-JAN-2002,51,Virginia,VA,19,1,Detection Monitoring (on-frame),,1,3,0,0,0,0,0,3278
30-JAN-2002,51,Virginia,VA,19,1,Detection Monitoring (on-frame),,1,4,0,0,0,0,0,3278
30-JAN-2002,51,Virginia,VA,19,1,Detection Monitoring (on-frame),,1,1,0,40,5,35,0,3279
30-JAN-2002,51,Virginia,VA,19,1,Detection Monitoring (on-frame),,1,2,15,95,5,0,15,3279
30-JAN-2002,51,Virginia,VA,19,1,Detection Monitoring (on-frame),,1,3,0,70,0,0,80,3279
30-JAN-2002,51,Virginia,VA,19,1,Detection Monitoring (on-frame),,1,4,0,40,5,15,25,3279
30-JAN-2002,51,Virginia,VA,19,1,Detection Monitoring (on-frame),,1,1,0,0,5,5,80,3283
30-JAN-2002,51,Virginia,VA,19,1,Detection Monitoring (on-frame),,1,2,0,25,10,15,30,3283
30-JAN-2002,51,Virginia,VA,19,1,Detection Monitoring (on-frame),,1,3,0,0,5,15,80,3283
30-JAN-2002,51,Virginia,VA,19,1,Detection Monitoring (on-frame),,1,4,0,25,5,5,15,3283
30-JAN-2002,51,Virginia,VA,21,1,Detection Monitoring (on-frame),,1,1,0,10,10,15,5,3313
30-JAN-2002,51,Virginia,VA,21,1,Detection Monitoring (on-frame),,1,2,0,5,15,35,25,3313
30-JAN-2002,51,Virginia,VA,21,1,Detection Monitoring (on-frame),,1,3,0,0,10,15,10,3313
30-JAN-2002,51,Virginia,VA,21,1,Detection Monitoring (on-frame),,1,4,0,35,10,15,10,3313
30-JAN-2002,51,Virginia,VA,23,1,Detection Monitoring (on-frame),,1,1,5,10,5,10,5,3284
30-JAN-2002,51,Virginia,VA,23,1,Detection Monitoring (on-frame),,1,2,0,5,0,15,5,3284
30-JAN-2002,51,Virginia,VA,23,1,Detection Monitoring (on-frame),,1,3,0,0,5,5,0,3284
30-JAN-2002,51,Virginia,VA,23,1,Detection Monitoring (on-frame),,1,4,0,0,5,10,0,3284
30-JAN-2002,51,Virginia,VA,25,1,Detection Monitoring (on-frame),,1,1,0,0,0,0,0,2708
30-JAN-2002,51,Virginia,VA,25,1,Detection Monitoring (on-frame),,1,2,0,0,0,0,0,2708
30-JAN-2002,51,Virginia,VA,25,1,Detection Monitoring (on-frame),,1,3,0,0,0,0,0,2708
30-JAN-2002,51,Virginia,VA,25,1,Detection Monitoring (on-frame),,1,4,0,0,0,0,0,2708
30-JAN-2002,51,Virginia,VA,25,1,Detection Monitoring (on-frame),,1,1,0,35,10,20,15,2712
30-JAN-2002,51,Virginia,VA,25,1,Detection Monitoring (on-frame),,1,2,0,20,5,5,15,2712
30-JAN-2002,51,Virginia,VA,25,1,Detection Monitoring (on-frame),,1,3,0,5,0,5,40,2712
30-JAN-2002,51,Virginia,VA,25,1,Detection Monitoring (on-frame),,1,4,0,5,0,5,5,2712
30-JAN-2002,51,Virginia,VA,25,1,Detection Monitoring (on-frame),,1,1,0,0,0,0,0,2726
30-JAN-2002,51,Virginia,VA,25,1,Detection Monitoring (on-frame),,1,2,0,0,0,0,0,2726
30-JAN-2002,51,Virginia,VA,25,1,Detection Monitoring (on-frame),,1,3,0,0,0,0,0,2726
30-JAN-2002,51,Virginia,VA,25,1,Detection Monitoring (on-frame),,1,4,0,0,0,0,0,2726
30-JAN-2002,51,Virginia,VA,27,1,Detection Monitoring (on-frame),,1,1,20,80,10,5,25,3317
30-JAN-2002,51,Virginia,VA,27,1,Detection Monitoring (on-frame),,1,2,10,50,10,10,5,3317
30-JAN-2002,51,Virginia,VA,27,1,Detection Monitoring (on-frame),,1,3,10,60,5,20,20,3317
30-JAN-2002,51,Virginia,VA,27,1,Detection Monitoring (on-frame),,1,4,5,80,5,10,60,3317
30-JAN-2002,51,Virginia,VA,27,1,Detection Monitoring (on-frame),,1,1,15,10,5,0,30,3332
30-JAN-2002,51,Virginia,VA,27,1,Detection Monitoring (on-frame),,1,2,20,40,25,0,65,3332
30-JAN-2002,51,Virginia,VA,27,1,Detection Monitoring (on-frame),,1,3,15,70,10,0,5,3332
30-JAN-2002,51,Virginia,VA,27,1,Detection Monitoring (on-frame),,1,4,20,40,10,0,10,3332
30-JAN-2002,51,Virginia,VA,27,1,Detection Monitoring (on-frame),,1,1,5,40,10,10,0,3337
30-JAN-2002,51,Virginia,VA,27,1,Detection Monitoring (on-frame),,1,2,0,75,0,25,45,3337
30-JAN-2002,51,Virginia,VA,27,1,Detection Monitoring (on-frame),,1,3,0,60,5,5,15,3337
30-JAN-2002,51,Virginia,VA,27,1,Detection Monitoring (on-frame),,1,4,5,70,5,10,10,3337
30-JAN-2002,51,Virginia,VA,29,1,Detection Monitoring (on-frame),,1,1,0,75,5,10,35,3260
30-JAN-2002,51,Virginia,VA,29,1,Detection Monitoring (on-frame),,1,2,5,75,5,5,30,3260
30-JAN-2002,51,Virginia,VA,29,1,Detection Monitoring (on-frame),,1,3,0,55,0,5,0,3260
30-JAN-2002,51,Virginia,VA,29,1,Detection Monitoring (on-frame),,1,4,5,90,5,20,5,3260
30-JAN-2002,51,Virginia,VA,29,1,Detection Monitoring (on-frame),,1,1,0,0,0,0,0,3264
30-JAN-2002,51,Virginia,VA,29,1,Detection Monitoring (on-frame),,1,2,0,0,0,0,0,3264
30-JAN-2002,51,Virginia,VA,29,1,Detection Monitoring (on-frame),,1,3,0,0,0,0,0,3264
30-JAN-2002,51,Virginia,VA,29,1,Detection Monitoring (on-frame),,1,4,0,0,0,0,0,3264
30-JAN-2002,51,Virginia,VA,29,1,Detection Monitoring (on-frame),,1,1,0,25,5,5,60,3265
30-JAN-2002,51,Virginia,VA,29,1,Detection Monitoring (on-frame),,1,2,5,10,5,5,40,3265
30-JAN-2002,51,Virginia,VA,29,1,Detection Monitoring (on-frame),,1,3,25,5,5,5,65,3265
30-JAN-2002,51,Virginia,VA,29,1,Detection Monitoring (on-frame),,1,4,0,60,5,10,30,3265
30-JAN-2002,51,Virginia,VA,31,1,Detection Monitoring (on-frame),,1,1,0,40,15,5,5,3274
30-JAN-2002,51,Virginia,VA,31,1,Detection Monitoring (on-frame),,1,2,0,0,0,0,0,3274
30-JAN-2002,51,Virginia,VA,31,1,Detection Monitoring (on-frame),,1,3,5,30,5,5,10,3274
30-JAN-2002,51,Virginia,VA,31,1,Detection Monitoring (on-frame),,1,4,0,25,10,5,10,3274
30-JAN-2002,51,Virginia,VA,31,1,Detection Monitoring (on-frame),,1,1,0,80,10,15,25,3275
30-JAN-2002,51,Virginia,VA,31,1,Detection Monitoring (on-frame),,1,2,15,45,15,10,15,3275
30-JAN-2002,51,Virginia,VA,31,1,Detection Monitoring (on-frame),,1,3,0,10,5,5,10,3275
30-JAN-2002,51,Virginia,VA,31,1,Detection Monitoring (on-frame),,1,4,0,10,5,30,15,3275
30-JAN-2002,51,Virginia,VA,31,1,Detection Monitoring (on-frame),,1,1,0,5,5,0,0,3276
30-JAN-2002,51,Virginia,VA,31,1,Detection Monitoring (on-frame),,1,2,0,15,5,10,0,3276
30-JAN-2002,51,Virginia,VA,31,1,Detection Monitoring (on-frame),,1,3,0,45,0,15,10,3276
30-JAN-2002,51,Virginia,VA,31,1,Detection Monitoring (on-frame),,1,4,0,0,0,0,0,3276
30-JAN-2002,51,Virginia,VA,33,1,Detection Monitoring (on-frame),,1,1,0,0,0,0,0,3250
30-JAN-2002,51,Virginia,VA,33,1,Detection Monitoring (on-frame),,1,2,0,0,0,0,0,3250
30-JAN-2002,51,Virginia,VA,33,1,Detection Monitoring (on-frame),,1,3,0,0,0,0,0,3250
30-JAN-2002,51,Virginia,VA,33,1,Detection Monitoring (on-frame),,1,4,0,0,0,0,0,3250
30-JAN-2002,51,Virginia,VA,33,1,Detection Monitoring (on-frame),,1,1,0,5,0,5,0,4013
30-JAN-2002,51,Virginia,VA,33,1,Detection Monitoring (on-frame),,1,2,5,5,10,5,0,4013
30-JAN-2002,51,Virginia,VA,33,1,Detection Monitoring (on-frame),,1,3,0,5,0,5,0,4013
30-JAN-2002,51,Virginia,VA,33,1,Detection Monitoring (on-frame),,1,4,0,5,0,5,0,4013
30-JAN-2002,51,Virginia,VA,35,1,Detection Monitoring (on-frame),,1,1,0,0,0,0,0,2766
30-JAN-2002,51,Virginia,VA,35,1,Detection Monitoring (on-frame),,1,2,0,0,0,0,0,2766
30-JAN-2002,51,Virginia,VA,35,1,Detection Monitoring (on-frame),,1,3,5,99,5,0,60,2766
30-JAN-2002,51,Virginia,VA,35,1,Detection Monitoring (on-frame),,1,4,0,0,0,0,0,2766
30-JAN-2002,51,Virginia,VA,35,1,Detection Monitoring (on-frame),,1,1,0,0,0,0,0,2770
30-JAN-2002,51,Virginia,VA,35,1,Detection Monitoring (on-frame),,1,2,0,0,0,0,0,2770
30-JAN-2002,51,Virginia,VA,35,1,Detection Monitoring (on-frame),,1,3,0,0,0,0,0,2770
30-JAN-2002,51,Virginia,VA,35,1,Detection Monitoring (on-frame),,1,4,0,0,0,0,0,2770
30-JAN-2002,51,Virginia,VA,37,1,Detection Monitoring (on-frame),,1,1,10,10,5,15,10,2728
30-JAN-2002,51,Virginia,VA,37,1,Detection Monitoring (on-frame),,1,2,0,10,5,10,5,2728
30-JAN-2002,51,Virginia,VA,37,1,Detection Monitoring (on-frame),,1,3,10,15,0,10,5,2728
30-JAN-2002,51,Virginia,VA,37,1,Detection Monitoring (on-frame),,1,4,15,5,30,5,10,2728
30-JAN-2002,51,Virginia,VA,37,1,Detection Monitoring (on-frame),,1,1,0,0,0,0,0,3253
30-JAN-2002,51,Virginia,VA,37,1,Detection Monitoring (on-frame),,1,2,0,0,0,0,0,3253
30-JAN-2002,51,Virginia,VA,37,1,Detection Monitoring (on-frame),,1,3,0,90,0,5,50,3253
30-JAN-2002,51,Virginia,VA,37,1,Detection Monitoring (on-frame),,1,4,0,0,0,0,0,3253
30-JAN-2002,51,Virginia,VA,41,1,Detection Monitoring (on-frame),,1,1,0,5,5,10,65,3238
30-JAN-2002,51,Virginia,VA,41,1,Detection Monitoring (on-frame),,1,2,0,5,0,5,55,3238
30-JAN-2002,51,Virginia,VA,41,1,Detection Monitoring (on-frame),,1,3,0,5,5,10,75,3238
30-JAN-2002,51,Virginia,VA,41,1,Detection Monitoring (on-frame),,1,4,0,10,0,5,70,3238
30-JAN-2002,51,Virginia,VA,41,1,Detection Monitoring (on-frame),,1,1,0,10,0,5,10,3239
30-JAN-2002,51,Virginia,VA,41,1,Detection Monitoring (on-frame),,1,2,0,5,0,0,5,3239
30-JAN-2002,51,Virginia,VA,41,1,Detection Monitoring (on-frame),,1,3,0,10,0,5,10,3239
30-JAN-2002,51,Virginia,VA,41,1,Detection Monitoring (on-frame),,1,4,0,10,0,10,25,3239
30-JAN-2002,51,Virginia,VA,41,1,Detection Monitoring (on-frame),,1,1,0,5,0,5,10,3244
30-JAN-2002,51,Virginia,VA,41,1,Detection Monitoring (on-frame),,1,2,0,5,0,5,10,3244
30-JAN-2002,51,Virginia,VA,41,1,Detection Monitoring (on-frame),,1,3,0,0,0,0,0,3244
30-JAN-2002,51,Virginia,VA,41,1,Detection Monitoring (on-frame),,1,4,0,0,0,0,0,3244
30-JAN-2002,51,Virginia,VA,45,1,Detection Monitoring (on-frame),,1,1,0,5,5,10,45,3298
30-JAN-2002,51,Virginia,VA,45,1,Detection Monitoring (on-frame),,1,2,0,0,0,0,85,3298
30-JAN-2002,51,Virginia,VA,45,1,Detection Monitoring (on-frame),,1,3,0,0,5,0,50,3298
30-JAN-2002,51,Virginia,VA,45,1,Detection Monitoring (on-frame),,1,4,0,90,5,35,25,3298
30-JAN-2002,51,Virginia,VA,47,1,Detection Monitoring (on-frame),,1,1,5,55,5,5,10,4025
30-JAN-2002,51,Virginia,VA,47,1,Detection Monitoring (on-frame),,1,2,5,40,5,25,5,4025
30-JAN-2002,51,Virginia,VA,47,1,Detection Monitoring (on-frame),,1,3,0,15,0,10,0,4025
30-JAN-2002,51,Virginia,VA,47,1,Detection Monitoring (on-frame),,1,4,0,45,5,10,5,4025
30-JAN-2002,51,Virginia,VA,49,1,Detection Monitoring (on-frame),,1,1,0,40,5,0,30,3259
30-JAN-2002,51,Virginia,VA,49,1,Detection Monitoring (on-frame),,1,2,0,40,0,15,50,3259
30-JAN-2002,51,Virginia,VA,49,1,Detection Monitoring (on-frame),,1,3,0,5,0,0,60,3259
30-JAN-2002,51,Virginia,VA,49,1,Detection Monitoring (on-frame),,1,4,0,30,0,0,0,3259
30-JAN-2002,51,Virginia,VA,49,1,Detection Monitoring (on-frame),,1,1,0,85,0,5,15,3263
30-JAN-2002,51,Virginia,VA,49,1,Detection Monitoring (on-frame),,1,2,0,90,0,5,15,3263
30-JAN-2002,51,Virginia,VA,49,1,Detection Monitoring (on-frame),,1,3,5,5,15,10,10,3263
30-JAN-2002,51,Virginia,VA,49,1,Detection Monitoring (on-frame),,1,4,0,20,0,0,5,3263
30-JAN-2002,51,Virginia,VA,51,1,Detection Monitoring (on-frame),,1,1,0,0,0,0,0,2809
30-JAN-2002,51,Virginia,VA,51,1,Detection Monitoring (on-frame),,1,2,0,80,5,0,10,2809
30-JAN-2002,51,Virginia,VA,51,1,Detection Monitoring (on-frame),,1,3,0,0,0,0,0,2809
30-JAN-2002,51,Virginia,VA,51,1,Detection Monitoring (on-frame),,1,4,5,25,15,5,20,2809
30-JAN-2002,51,Virginia,VA,51,1,Detection Monitoring (on-frame),,1,1,0,0,0,0,0,3333
30-JAN-2002,51,Virginia,VA,51,1,Detection Monitoring (on-frame),,1,2,0,0,0,0,0,3333
30-JAN-2002,51,Virginia,VA,51,1,Detection Monitoring (on-frame),,1,3,0,0,0,0,0,3333
30-JAN-2002,51,Virginia,VA,51,1,Detection Monitoring (on-frame),,1,4,0,0,0,0,0,3333
30-JAN-2002,51,Virginia,VA,53,1,Detection Monitoring (on-frame),,1,1,0,15,0,5,0,3232
30-JAN-2002,51,Virginia,VA,53,1,Detection Monitoring (on-frame),,1,2,0,5,0,15,5,3232
30-JAN-2002,51,Virginia,VA,53,1,Detection Monitoring (on-frame),,1,3,0,15,0,10,10,3232
30-JAN-2002,51,Virginia,VA,53,1,Detection Monitoring (on-frame),,1,4,5,45,5,10,15,3232
30-JAN-2002,51,Virginia,VA,57,1,Detection Monitoring (on-frame),,1,1,0,5,0,5,0,3230
30-JAN-2002,51,Virginia,VA,57,1,Detection Monitoring (on-frame),,1,2,0,5,0,5,45,3230
30-JAN-2002,51,Virginia,VA,57,1,Detection Monitoring (on-frame),,1,3,0,0,0,5,0,3230
30-JAN-2002,51,Virginia,VA,57,1,Detection Monitoring (on-frame),,1,4,0,5,0,10,30,3230
30-JAN-2002,51,Virginia,VA,57,1,Detection Monitoring (on-frame),,1,1,0,10,0,10,40,4012
30-JAN-2002,51,Virginia,VA,57,1,Detection Monitoring (on-frame),,1,2,0,10,5,5,25,4012
30-JAN-2002,51,Virginia,VA,57,1,Detection Monitoring (on-frame),,1,3,0,0,0,0,0,4012
30-JAN-2002,51,Virginia,VA,57,1,Detection Monitoring (on-frame),,1,4,0,15,5,10,20,4012
30-JAN-2002,51,Virginia,VA,59,1,Detection Monitoring (on-frame),,1,1,0,0,0,0,0,4028
30-JAN-2002,51,Virginia,VA,59,1,Detection Monitoring (on-frame),,1,2,0,0,0,0,0,4028
30-JAN-2002,51,Virginia,VA,59,1,Detection Monitoring (on-frame),,1,3,0,0,0,0,0,4028
30-JAN-2002,51,Virginia,VA,59,1,Detection Monitoring (on-frame),,1,4,0,0,0,0,0,4028
30-JAN-2002,51,Virginia,VA,61,1,Detection Monitoring (on-frame),,1,1,0,95,0,10,10,4024
30-JAN-2002,51,Virginia,VA,61,1,Detection Monitoring (on-frame),,1,2,0,85,0,10,15,4024
30-JAN-2002,51,Virginia,VA,61,1,Detection Monitoring (on-frame),,1,3,0,75,0,10,15,4024
30-JAN-2002,51,Virginia,VA,61,1,Detection Monitoring (on-frame),,1,4,0,55,5,10,15,4024
30-JAN-2002,51,Virginia,VA,61,1,Detection Monitoring (on-frame),,1,1,0,0,0,0,0,4030
30-JAN-2002,51,Virginia,VA,61,1,Detection Monitoring (on-frame),,1,2,0,0,0,0,0,4030
30-JAN-2002,51,Virginia,VA,61,1,Detection Monitoring (on-frame),,1,3,0,0,0,0,0,4030
30-JAN-2002,51,Virginia,VA,61,1,Detection Monitoring (on-frame),,1,4,0,0,0,0,0,4030
30-JAN-2002,51,Virginia,VA,63,1,Detection Monitoring (on-frame),,1,1,5,85,5,0,0,3291
30-JAN-2002,51,Virginia,VA,63,1,Detection Monitoring (on-frame),,1,2,0,80,5,0,0,3291
30-JAN-2002,51,Virginia,VA,63,1,Detection Monitoring (on-frame),,1,3,30,75,5,5,10,3291
30-JAN-2002,51,Virginia,VA,63,1,Detection Monitoring (on-frame),,1,4,5,60,5,0,0,3291
30-JAN-2002,51,Virginia,VA,67,1,Detection Monitoring (on-frame),,1,1,0,0,0,0,0,2751
30-JAN-2002,51,Virginia,VA,67,1,Detection Monitoring (on-frame),,1,2,0,0,0,0,0,2751
30-JAN-2002,51,Virginia,VA,67,1,Detection Monitoring (on-frame),,1,3,0,0,0,0,0,2751
30-JAN-2002,51,Virginia,VA,67,1,Detection Monitoring (on-frame),,1,4,0,0,0,0,0,2751
30-JAN-2002,51,Virginia,VA,67,1,Detection Monitoring (on-frame),,1,1,0,0,0,0,0,2767
30-JAN-2002,51,Virginia,VA,67,1,Detection Monitoring (on-frame),,1,2,0,0,0,0,0,2767
30-JAN-2002,51,Virginia,VA,67,1,Detection Monitoring (on-frame),,1,3,0,0,0,0,0,2767
30-JAN-2002,51,Virginia,VA,67,1,Detection Monitoring (on-frame),,1,4,0,0,0,0,0,2767
30-JAN-2002,51,Virginia,VA,67,1,Detection Monitoring (on-frame),,1,1,0,0,0,0,0,3273
30-JAN-2002,51,Virginia,VA,67,1,Detection Monitoring (on-frame),,1,2,0,0,0,0,0,3273
30-JAN-2002,51,Virginia,VA,67,1,Detection Monitoring (on-frame),,1,3,0,0,0,0,0,3273
30-JAN-2002,51,Virginia,VA,67,1,Detection Monitoring (on-frame),,1,4,0,0,0,0,0,3273
30-JAN-2002,51,Virginia,VA,69,1,Detection Monitoring (on-frame),,1,1,0,25,0,5,5,4806
30-JAN-2002,51,Virginia,VA,69,1,Detection Monitoring (on-frame),,1,2,0,10,5,20,5,4806
30-JAN-2002,51,Virginia,VA,69,1,Detection Monitoring (on-frame),,1,3,0,20,5,5,5,4806
30-JAN-2002,51,Virginia,VA,69,1,Detection Monitoring (on-frame),,1,4,0,30,5,25,5,4806
30-JAN-2002,51,Virginia,VA,71,1,Detection Monitoring (on-frame),,1,1,0,5,10,5,5,3299
30-JAN-2002,51,Virginia,VA,71,1,Detection Monitoring (on-frame),,1,2,0,5,20,10,5,3299
30-JAN-2002,51,Virginia,VA,71,1,Detection Monitoring (on-frame),,1,3,0,20,40,5,15,3299
30-JAN-2002,51,Virginia,VA,71,1,Detection Monitoring (on-frame),,1,4,0,5,5,55,10,3299
30-JAN-2002,51,Virginia,VA,73,1,Detection Monitoring (on-frame),,1,1,0,0,0,0,0,3224
30-JAN-2002,51,Virginia,VA,73,1,Detection Monitoring (on-frame),,1,2,0,0,0,0,0,3224
30-JAN-2002,51,Virginia,VA,73,1,Detection Monitoring (on-frame),,1,3,0,0,0,0,0,3224
30-JAN-2002,51,Virginia,VA,73,1,Detection Monitoring (on-frame),,1,4,0,0,0,0,0,3224
30-JAN-2002,51,Virginia,VA,75,1,Detection Monitoring (on-frame),,1,1,10,10,5,20,0,3246
30-JAN-2002,51,Virginia,VA,75,1,Detection Monitoring (on-frame),,1,2,0,0,0,0,0,3246
30-JAN-2002,51,Virginia,VA,75,1,Detection Monitoring (on-frame),,1,3,0,5,25,15,45,3246
30-JAN-2002,51,Virginia,VA,75,1,Detection Monitoring (on-frame),,1,4,0,0,5,10,0,3246
30-JAN-2002,51,Virginia,VA,77,1,Detection Monitoring (on-frame),,1,1,5,25,15,5,25,2786
30-JAN-2002,51,Virginia,VA,77,1,Detection Monitoring (on-frame),,1,2,5,5,10,5,45,2786
30-JAN-2002,51,Virginia,VA,77,1,Detection Monitoring (on-frame),,1,3,15,5,10,0,5,2786
30-JAN-2002,51,Virginia,VA,77,1,Detection Monitoring (on-frame),,1,4,5,20,5,0,5,2786
30-JAN-2002,51,Virginia,VA,79,1,Detection Monitoring (on-frame),,1,1,0,0,0,0,0,4037
30-JAN-2002,51,Virginia,VA,79,1,Detection Monitoring (on-frame),,1,2,0,0,0,0,0,4037
30-JAN-2002,51,Virginia,VA,79,1,Detection Monitoring (on-frame),,1,3,0,0,0,0,0,4037
30-JAN-2002,51,Virginia,VA,79,1,Detection Monitoring (on-frame),,1,4,0,0,0,0,0,4037
30-JAN-2002,51,Virginia,VA,81,1,Detection Monitoring (on-frame),,1,1,0,90,5,15,45,2707
30-JAN-2002,51,Virginia,VA,81,1,Detection Monitoring (on-frame),,1,2,0,0,0,0,0,2707
30-JAN-2002,51,Virginia,VA,81,1,Detection Monitoring (on-frame),,1,3,0,99,5,10,35,2707
30-JAN-2002,51,Virginia,VA,81,1,Detection Monitoring (on-frame),,1,4,0,0,0,0,0,2707
30-JAN-2002,51,Virginia,VA,83,1,Detection Monitoring (on-frame),,1,1,0,0,0,0,0,2723
30-JAN-2002,51,Virginia,VA,83,1,Detection Monitoring (on-frame),,1,2,0,0,0,0,0,2723
30-JAN-2002,51,Virginia,VA,83,1,Detection Monitoring (on-frame),,1,3,0,0,0,0,0,2723
30-JAN-2002,51,Virginia,VA,83,1,Detection Monitoring (on-frame),,1,4,0,0,0,0,0,2723
30-JAN-2002,51,Virginia,VA,83,1,Detection Monitoring (on-frame),,1,1,0,99,0,5,5,2729
30-JAN-2002,51,Virginia,VA,83,1,Detection Monitoring (on-frame),,1,2,0,0,0,0,0,2729
30-JAN-2002,51,Virginia,VA,83,1,Detection Monitoring (on-frame),,1,3,0,40,0,5,10,2729
30-JAN-2002,51,Virginia,VA,83,1,Detection Monitoring (on-frame),,1,4,0,0,0,0,0,2729
30-JAN-2002,51,Virginia,VA,83,1,Detection Monitoring (on-frame),,1,1,0,40,5,5,5,2731
30-JAN-2002,51,Virginia,VA,83,1,Detection Monitoring (on-frame),,1,2,0,85,5,0,5,2731
30-JAN-2002,51,Virginia,VA,83,1,Detection Monitoring (on-frame),,1,3,0,45,0,5,5,2731
30-JAN-2002,51,Virginia,VA,83,1,Detection Monitoring (on-frame),,1,4,0,40,0,5,5,2731
30-JAN-2002,51,Virginia,VA,85,1,Detection Monitoring (on-frame),,1,1,0,5,0,10,15,3249
30-JAN-2002,51,Virginia,VA,85,1,Detection Monitoring (on-frame),,1,2,0,10,0,10,15,3249
30-JAN-2002,51,Virginia,VA,85,1,Detection Monitoring (on-frame),,1,3,0,5,0,5,35,3249
30-JAN-2002,51,Virginia,VA,85,1,Detection Monitoring (on-frame),,1,4,0,0,0,5,40,3249
30-JAN-2002,51,Virginia,VA,87,1,Detection Monitoring (on-frame),,1,1,20,75,0,10,15,3237
30-JAN-2002,51,Virginia,VA,87,1,Detection Monitoring (on-frame),,1,2,90,40,0,0,45,3237
30-JAN-2002,51,Virginia,VA,87,1,Detection Monitoring (on-frame),,1,3,0,75,0,20,15,3237
30-JAN-2002,51,Virginia,VA,87,1,Detection Monitoring (on-frame),,1,4,0,75,0,0,10,3237
30-JAN-2002,51,Virginia,VA,87,1,Detection Monitoring (on-frame),,1,1,0,0,0,0,0,3243
30-JAN-2002,51,Virginia,VA,87,1,Detection Monitoring (on-frame),,1,2,0,0,0,0,0,3243
30-JAN-2002,51,Virginia,VA,87,1,Detection Monitoring (on-frame),,1,3,0,0,0,0,0,3243
30-JAN-2002,51,Virginia,VA,87,1,Detection Monitoring (on-frame),,1,4,0,0,0,0,0,3243
30-JAN-2002,51,Virginia,VA,89,1,Detection Monitoring (on-frame),,1,1,0,0,0,0,0,2748
30-JAN-2002,51,Virginia,VA,89,1,Detection Monitoring (on-frame),,1,2,0,0,0,0,0,2748
30-JAN-2002,51,Virginia,VA,89,1,Detection Monitoring (on-frame),,1,3,0,0,0,0,0,2748
30-JAN-2002,51,Virginia,VA,89,1,Detection Monitoring (on-frame),,1,4,0,0,0,0,0,2748
30-JAN-2002,51,Virginia,VA,91,1,Detection Monitoring (on-frame),,1,1,5,5,5,20,5,4062
30-JAN-2002,51,Virginia,VA,91,1,Detection Monitoring (on-frame),,1,2,5,5,5,10,0,4062
30-JAN-2002,51,Virginia,VA,91,1,Detection Monitoring (on-frame),,1,3,10,5,5,20,0,4062
30-JAN-2002,51,Virginia,VA,91,1,Detection Monitoring (on-frame),,1,4,20,5,5,10,5,4062
30-JAN-2002,51,Virginia,VA,93,1,Detection Monitoring (on-frame),,1,1,5,10,10,5,15,2688
30-JAN-2002,51,Virginia,VA,93,1,Detection Monitoring (on-frame),,1,2,0,15,5,0,40,2688
30-JAN-2002,51,Virginia,VA,93,1,Detection Monitoring (on-frame),,1,3,0,5,0,0,90,2688
30-JAN-2002,51,Virginia,VA,93,1,Detection Monitoring (on-frame),,1,4,0,35,5,0,35,2688
30-JAN-2002,51,Virginia,VA,93,1,Detection Monitoring (on-frame),,1,1,0,99,0,0,0,2690
30-JAN-2002,51,Virginia,VA,93,1,Detection Monitoring (on-frame),,1,2,0,0,0,0,0,2690
30-JAN-2002,51,Virginia,VA,93,1,Detection Monitoring (on-frame),,1,3,0,95,5,10,5,2690
30-JAN-2002,51,Virginia,VA,93,1,Detection Monitoring (on-frame),,1,4,0,5,0,5,45,2690
30-JAN-2002,51,Virginia,VA,93,1,Detection Monitoring (on-frame),,1,1,0,90,0,0,45,2692
30-JAN-2002,51,Virginia,VA,93,1,Detection Monitoring (on-frame),,1,2,0,80,5,5,80,2692
30-JAN-2002,51,Virginia,VA,93,1,Detection Monitoring (on-frame),,1,3,0,0,0,0,0,2692
30-JAN-2002,51,Virginia,VA,93,1,Detection Monitoring (on-frame),,1,4,0,90,0,0,60,2692
30-JAN-2002,51,Virginia,VA,93,1,Detection Monitoring (on-frame),,1,1,0,0,0,0,0,2693
30-JAN-2002,51,Virginia,VA,93,1,Detection Monitoring (on-frame),,1,2,0,0,0,0,0,2693
30-JAN-2002,51,Virginia,VA,93,1,Detection Monitoring (on-frame),,1,3,0,0,0,0,0,2693
30-JAN-2002,51,Virginia,VA,93,1,Detection Monitoring (on-frame),,1,4,0,0,0,0,0,2693
30-JAN-2002,51,Virginia,VA,95,1,Detection Monitoring (on-frame),,1,1,5,30,0,5,0,3225
30-JAN-2002,51,Virginia,VA,95,1,Detection Monitoring (on-frame),,1,2,15,45,5,5,0,3225
30-JAN-2002,51,Virginia,VA,95,1,Detection Monitoring (on-frame),,1,3,0,55,0,5,10,3225
30-JAN-2002,51,Virginia,VA,95,1,Detection Monitoring (on-frame),,1,4,40,40,5,5,20,3225
30-JAN-2002,51,Virginia,VA,97,1,Detection Monitoring (on-frame),,1,1,5,40,5,5,0,3227
30-JAN-2002,51,Virginia,VA,97,1,Detection Monitoring (on-frame),,1,2,0,5,0,5,0,3227
30-JAN-2002,51,Virginia,VA,97,1,Detection Monitoring (on-frame),,1,3,5,50,0,10,0,3227
30-JAN-2002,51,Virginia,VA,97,1,Detection Monitoring (on-frame),,1,4,5,5,0,5,0,3227
30-JAN-2002,51,Virginia,VA,101,1,Detection Monitoring (on-frame),,1,1,0,10,5,10,30,3248
30-JAN-2002,51,Virginia,VA,101,1,Detection Monitoring (on-frame),,1,2,0,75,0,5,35,3248
30-JAN-2002,51,Virginia,VA,101,1,Detection Monitoring (on-frame),,1,3,10,35,5,5,30,3248
30-JAN-2002,51,Virginia,VA,101,1,Detection Monitoring (on-frame),,1,4,5,25,5,5,35,3248
30-JAN-2002,51,Virginia,VA,105,1,Detection Monitoring (on-frame),,1,1,0,95,0,0,25,2805
30-JAN-2002,51,Virginia,VA,105,1,Detection Monitoring (on-frame),,1,2,10,15,10,25,5,2805
30-JAN-2002,51,Virginia,VA,105,1,Detection Monitoring (on-frame),,1,3,0,95,0,0,15,2805
30-JAN-2002,51,Virginia,VA,105,1,Detection Monitoring (on-frame),,1,4,5,95,0,0,10,2805
30-JAN-2002,51,Virginia,VA,105,1,Detection Monitoring (on-frame),,1,1,0,0,0,0,0,2823
30-JAN-2002,51,Virginia,VA,105,1,Detection Monitoring (on-frame),,1,2,0,0,0,0,0,2823
30-JAN-2002,51,Virginia,VA,105,1,Detection Monitoring (on-frame),,1,3,0,0,0,0,0,2823
30-JAN-2002,51,Virginia,VA,105,1,Detection Monitoring (on-frame),,1,4,0,0,0,0,0,2823
30-JAN-2002,51,Virginia,VA,107,1,Detection Monitoring (on-frame),,1,1,0,0,0,0,0,4774
30-JAN-2002,51,Virginia,VA,107,1,Detection Monitoring (on-frame),,1,2,0,0,0,0,0,4774
30-JAN-2002,51,Virginia,VA,107,1,Detection Monitoring (on-frame),,1,3,0,0,0,0,0,4774
30-JAN-2002,51,Virginia,VA,107,1,Detection Monitoring (on-frame),,1,4,0,0,0,0,0,4774
30-JAN-2002,51,Virginia,VA,107,1,Detection Monitoring (on-frame),,1,1,0,0,0,0,0,4775
30-JAN-2002,51,Virginia,VA,107,1,Detection Monitoring (on-frame),,1,2,0,0,0,0,0,4775
30-JAN-2002,51,Virginia,VA,107,1,Detection Monitoring (on-frame),,1,3,0,0,0,0,0,4775
30-JAN-2002,51,Virginia,VA,107,1,Detection Monitoring (on-frame),,1,4,0,0,0,0,0,4775
30-JAN-2002,51,Virginia,VA,107,1,Detection Monitoring (on-frame),,1,1,0,0,0,0,0,4779
30-JAN-2002,51,Virginia,VA,107,1,Detection Monitoring (on-frame),,1,2,0,0,0,0,0,4779
30-JAN-2002,51,Virginia,VA,107,1,Detection Monitoring (on-frame),,1,3,0,0,0,0,0,4779
30-JAN-2002,51,Virginia,VA,107,1,Detection Monitoring (on-frame),,1,4,0,0,0,0,0,4779
30-JAN-2002,51,Virginia,VA,109,1,Detection Monitoring (on-frame),,1,1,5,30,0,50,10,3251
30-JAN-2002,51,Virginia,VA,109,1,Detection Monitoring (on-frame),,1,2,25,70,5,40,5,3251
30-JAN-2002,51,Virginia,VA,109,1,Detection Monitoring (on-frame),,1,3,0,15,0,40,20,3251
30-JAN-2002,51,Virginia,VA,109,1,Detection Monitoring (on-frame),,1,4,0,35,5,30,30,3251
30-JAN-2002,51,Virginia,VA,109,1,Detection Monitoring (on-frame),,1,1,60,20,5,20,20,3269
30-JAN-2002,51,Virginia,VA,109,1,Detection Monitoring (on-frame),,1,2,0,25,5,40,15,3269
30-JAN-2002,51,Virginia,VA,109,1,Detection Monitoring (on-frame),,1,3,0,10,15,25,35,3269
30-JAN-2002,51,Virginia,VA,109,1,Detection Monitoring (on-frame),,1,4,0,50,5,15,25,3269
30-JAN-2002,51,Virginia,VA,111,1,Detection Monitoring (on-frame),,1,1,0,10,5,10,5,3252
30-JAN-2002,51,Virginia,VA,111,1,Detection Monitoring (on-frame),,1,2,5,15,5,25,0,3252
30-JAN-2002,51,Virginia,VA,111,1,Detection Monitoring (on-frame),,1,3,0,15,5,5,0,3252
30-JAN-2002,51,Virginia,VA,111,1,Detection Monitoring (on-frame),,1,4,0,30,5,10,10,3252
30-JAN-2002,51,Virginia,VA,113,1,Detection Monitoring (on-frame),,1,1,0,0,0,0,0,4036
30-JAN-2002,51,Virginia,VA,113,1,Detection Monitoring (on-frame),,1,2,0,0,0,0,0,4036
30-JAN-2002,51,Virginia,VA,113,1,Detection Monitoring (on-frame),,1,3,0,0,0,0,0,4036
30-JAN-2002,51,Virginia,VA,113,1,Detection Monitoring (on-frame),,1,4,0,0,0,0,0,4036
30-JAN-2002,51,Virginia,VA,113,1,Detection Monitoring (on-frame),,1,1,0,0,5,0,80,4041
30-JAN-2002,51,Virginia,VA,113,1,Detection Monitoring (on-frame),,1,2,0,0,40,15,65,4041
30-JAN-2002,51,Virginia,VA,113,1,Detection Monitoring (on-frame),,1,3,0,0,15,0,75,4041
30-JAN-2002,51,Virginia,VA,113,1,Detection Monitoring (on-frame),,1,4,0,0,10,0,90,4041
30-JAN-2002,51,Virginia,VA,117,1,Detection Monitoring (on-frame),,1,1,0,15,10,5,35,2722
30-JAN-2002,51,Virginia,VA,117,1,Detection Monitoring (on-frame),,1,2,0,0,0,0,0,2722
30-JAN-2002,51,Virginia,VA,117,1,Detection Monitoring (on-frame),,1,3,0,5,0,5,0,2722
30-JAN-2002,51,Virginia,VA,117,1,Detection Monitoring (on-frame),,1,4,0,5,0,5,0,2722
30-JAN-2002,51,Virginia,VA,117,1,Detection Monitoring (on-frame),,1,1,0,95,0,5,0,2724
30-JAN-2002,51,Virginia,VA,117,1,Detection Monitoring (on-frame),,1,2,0,90,0,0,0,2724
30-JAN-2002,51,Virginia,VA,117,1,Detection Monitoring (on-frame),,1,3,0,80,0,5,10,2724
30-JAN-2002,51,Virginia,VA,117,1,Detection Monitoring (on-frame),,1,4,0,55,0,5,0,2724
30-JAN-2002,51,Virginia,VA,117,1,Detection Monitoring (on-frame),,1,1,0,20,5,10,5,2727
30-JAN-2002,51,Virginia,VA,117,1,Detection Monitoring (on-frame),,1,2,0,10,5,15,10,2727
30-JAN-2002,51,Virginia,VA,117,1,Detection Monitoring (on-frame),,1,3,20,5,5,10,10,2727
30-JAN-2002,51,Virginia,VA,117,1,Detection Monitoring (on-frame),,1,4,10,10,5,15,5,2727
30-JAN-2002,51,Virginia,VA,121,1,Detection Monitoring (on-frame),,1,1,0,0,0,0,0,3292
30-JAN-2002,51,Virginia,VA,121,1,Detection Monitoring (on-frame),,1,2,0,0,0,0,0,3292
30-JAN-2002,51,Virginia,VA,121,1,Detection Monitoring (on-frame),,1,3,0,0,0,0,0,3292
30-JAN-2002,51,Virginia,VA,121,1,Detection Monitoring (on-frame),,1,4,0,0,0,0,0,3292
30-JAN-2002,51,Virginia,VA,121,1,Detection Monitoring (on-frame),,1,1,0,0,0,0,0,3293
30-JAN-2002,51,Virginia,VA,121,1,Detection Monitoring (on-frame),,1,2,0,0,0,0,0,3293
30-JAN-2002,51,Virginia,VA,121,1,Detection Monitoring (on-frame),,1,3,0,0,0,0,0,3293
30-JAN-2002,51,Virginia,VA,121,1,Detection Monitoring (on-frame),,1,4,0,0,0,0,0,3293
30-JAN-2002,51,Virginia,VA,125,1,Detection Monitoring (on-frame),,1,1,5,45,5,15,5,3268
30-JAN-2002,51,Virginia,VA,125,1,Detection Monitoring (on-frame),,1,2,5,35,0,0,25,3268
30-JAN-2002,51,Virginia,VA,125,1,Detection Monitoring (on-frame),,1,3,5,20,5,20,5,3268
30-JAN-2002,51,Virginia,VA,125,1,Detection Monitoring (on-frame),,1,4,15,55,5,5,5,3268
30-JAN-2002,51,Virginia,VA,127,1,Detection Monitoring (on-frame),,1,1,0,0,0,0,0,3242
30-JAN-2002,51,Virginia,VA,127,1,Detection Monitoring (on-frame),,1,2,0,0,0,0,0,3242
30-JAN-2002,51,Virginia,VA,127,1,Detection Monitoring (on-frame),,1,3,0,0,0,0,0,3242
30-JAN-2002,51,Virginia,VA,127,1,Detection Monitoring (on-frame),,1,4,0,0,0,0,0,3242
30-JAN-2002,51,Virginia,VA,131,1,Detection Monitoring (on-frame),,1,1,0,0,0,0,0,3214
30-JAN-2002,51,Virginia,VA,131,1,Detection Monitoring (on-frame),,1,2,0,0,0,0,0,3214
30-JAN-2002,51,Virginia,VA,131,1,Detection Monitoring (on-frame),,1,3,0,0,0,0,0,3214
30-JAN-2002,51,Virginia,VA,131,1,Detection Monitoring (on-frame),,1,4,0,0,0,0,0,3214
30-JAN-2002,51,Virginia,VA,133,1,Detection Monitoring (on-frame),,1,1,0,0,0,0,0,3228
30-JAN-2002,51,Virginia,VA,133,1,Detection Monitoring (on-frame),,1,2,0,0,0,0,0,3228
30-JAN-2002,51,Virginia,VA,133,1,Detection Monitoring (on-frame),,1,3,0,20,0,0,5,3228
30-JAN-2002,51,Virginia,VA,133,1,Detection Monitoring (on-frame),,1,4,0,0,0,0,0,3228
30-JAN-2002,51,Virginia,VA,135,1,Detection Monitoring (on-frame),,1,1,0,15,5,10,5,3233
30-JAN-2002,51,Virginia,VA,135,1,Detection Monitoring (on-frame),,1,2,0,5,0,5,20,3233
30-JAN-2002,51,Virginia,VA,135,1,Detection Monitoring (on-frame),,1,3,0,10,5,5,50,3233
30-JAN-2002,51,Virginia,VA,135,1,Detection Monitoring (on-frame),,1,4,0,5,0,15,40,3233
30-JAN-2002,51,Virginia,VA,137,1,Detection Monitoring (on-frame),,1,1,0,10,10,5,5,4017
30-JAN-2002,51,Virginia,VA,137,1,Detection Monitoring (on-frame),,1,2,0,5,0,5,5,4017
30-JAN-2002,51,Virginia,VA,137,1,Detection Monitoring (on-frame),,1,3,0,35,0,0,0,4017
30-JAN-2002,51,Virginia,VA,137,1,Detection Monitoring (on-frame),,1,4,0,5,0,5,0,4017
30-JAN-2002,51,Virginia,VA,139,1,Detection Monitoring (on-frame),,1,1,0,0,0,0,0,4042
30-JAN-2002,51,Virginia,VA,139,1,Detection Monitoring (on-frame),,1,2,0,0,0,0,0,4042
30-JAN-2002,51,Virginia,VA,139,1,Detection Monitoring (on-frame),,1,3,0,0,0,0,0,4042
30-JAN-2002,51,Virginia,VA,139,1,Detection Monitoring (on-frame),,1,4,0,0,0,0,0,4042
30-JAN-2002,51,Virginia,VA,139,1,Detection Monitoring (on-frame),,1,1,5,15,25,15,5,4043
30-JAN-2002,51,Virginia,VA,139,1,Detection Monitoring (on-frame),,1,2,0,15,5,25,10,4043
30-JAN-2002,51,Virginia,VA,139,1,Detection Monitoring (on-frame),,1,3,0,10,10,5,20,4043
30-JAN-2002,51,Virginia,VA,139,1,Detection Monitoring (on-frame),,1,4,0,10,10,10,20,4043
30-JAN-2002,51,Virginia,VA,141,1,Detection Monitoring (on-frame),,1,1,5,15,5,5,5,2763
30-JAN-2002,51,Virginia,VA,141,1,Detection Monitoring (on-frame),,1,2,0,5,5,35,5,2763
30-JAN-2002,51,Virginia,VA,141,1,Detection Monitoring (on-frame),,1,3,0,0,10,5,20,2763
30-JAN-2002,51,Virginia,VA,141,1,Detection Monitoring (on-frame),,1,4,0,5,0,5,5,2763
30-JAN-2002,51,Virginia,VA,141,1,Detection Monitoring (on-frame),,1,1,0,5,5,10,10,2764
30-JAN-2002,51,Virginia,VA,141,1,Detection Monitoring (on-frame),,1,2,0,0,5,5,0,2764
30-JAN-2002,51,Virginia,VA,141,1,Detection Monitoring (on-frame),,1,3,0,5,10,5,5,2764
30-JAN-2002,51,Virginia,VA,141,1,Detection Monitoring (on-frame),,1,4,0,10,5,10,25,2764
30-JAN-2002,51,Virginia,VA,141,1,Detection Monitoring (on-frame),,1,1,10,90,5,0,15,2769
30-JAN-2002,51,Virginia,VA,141,1,Detection Monitoring (on-frame),,1,2,10,85,0,5,10,2769
30-JAN-2002,51,Virginia,VA,141,1,Detection Monitoring (on-frame),,1,3,10,80,5,0,5,2769
30-JAN-2002,51,Virginia,VA,141,1,Detection Monitoring (on-frame),,1,4,10,50,0,5,15,2769
30-JAN-2002,51,Virginia,VA,143,1,Detection Monitoring (on-frame),,1,1,0,0,0,0,0,2746
30-JAN-2002,51,Virginia,VA,143,1,Detection Monitoring (on-frame),,1,2,0,0,0,0,0,2746
30-JAN-2002,51,Virginia,VA,143,1,Detection Monitoring (on-frame),,1,3,0,0,0,0,0,2746
30-JAN-2002,51,Virginia,VA,143,1,Detection Monitoring (on-frame),,1,4,0,0,0,0,0,2746
30-JAN-2002,51,Virginia,VA,143,1,Detection Monitoring (on-frame),,1,1,0,70,10,10,25,2749
30-JAN-2002,51,Virginia,VA,143,1,Detection Monitoring (on-frame),,1,2,5,75,5,10,30,2749
30-JAN-2002,51,Virginia,VA,143,1,Detection Monitoring (on-frame),,1,3,0,90,0,10,10,2749
30-JAN-2002,51,Virginia,VA,143,1,Detection Monitoring (on-frame),,1,4,0,95,0,5,15,2749
30-JAN-2002,51,Virginia,VA,143,1,Detection Monitoring (on-frame),,1,1,0,5,0,5,55,2750
30-JAN-2002,51,Virginia,VA,143,1,Detection Monitoring (on-frame),,1,2,0,0,0,5,5,2750
30-JAN-2002,51,Virginia,VA,143,1,Detection Monitoring (on-frame),,1,3,0,0,0,0,0,2750
30-JAN-2002,51,Virginia,VA,143,1,Detection Monitoring (on-frame),,1,4,0,15,0,5,20,2750
30-JAN-2002,51,Virginia,VA,145,1,Detection Monitoring (on-frame),,1,1,0,85,15,0,25,3241
30-JAN-2002,51,Virginia,VA,145,1,Detection Monitoring (on-frame),,1,2,0,90,5,0,25,3241
30-JAN-2002,51,Virginia,VA,145,1,Detection Monitoring (on-frame),,1,3,0,95,5,0,20,3241
30-JAN-2002,51,Virginia,VA,145,1,Detection Monitoring (on-frame),,1,4,0,75,10,5,40,3241
30-JAN-2002,51,Virginia,VA,147,1,Detection Monitoring (on-frame),,1,1,0,35,5,5,15,3254
30-JAN-2002,51,Virginia,VA,147,1,Detection Monitoring (on-frame),,1,2,0,40,5,5,5,3254
30-JAN-2002,51,Virginia,VA,147,1,Detection Monitoring (on-frame),,1,3,0,10,15,5,5,3254
30-JAN-2002,51,Virginia,VA,147,1,Detection Monitoring (on-frame),,1,4,0,15,5,0,10,3254
30-JAN-2002,51,Virginia,VA,149,1,Detection Monitoring (on-frame),,1,1,0,5,0,5,10,3234
30-JAN-2002,51,Virginia,VA,149,1,Detection Monitoring (on-frame),,1,2,0,10,0,5,5,3234
30-JAN-2002,51,Virginia,VA,149,1,Detection Monitoring (on-frame),,1,3,0,5,0,20,70,3234
30-JAN-2002,51,Virginia,VA,149,1,Detection Monitoring (on-frame),,1,4,0,20,0,15,80,3234
30-JAN-2002,51,Virginia,VA,153,1,Detection Monitoring (on-frame),,1,1,0,60,5,40,5,4023
30-JAN-2002,51,Virginia,VA,153,1,Detection Monitoring (on-frame),,1,2,5,80,5,5,15,4023
30-JAN-2002,51,Virginia,VA,153,1,Detection Monitoring (on-frame),,1,3,5,60,5,35,5,4023
30-JAN-2002,51,Virginia,VA,153,1,Detection Monitoring (on-frame),,1,4,0,75,5,5,60,4023
30-JAN-2002,51,Virginia,VA,153,1,Detection Monitoring (on-frame),,1,1,0,5,5,10,0,4029
30-JAN-2002,51,Virginia,VA,153,1,Detection Monitoring (on-frame),,1,2,0,0,0,0,0,4029
30-JAN-2002,51,Virginia,VA,153,1,Detection Monitoring (on-frame),,1,3,0,20,5,30,10,4029
30-JAN-2002,51,Virginia,VA,153,1,Detection Monitoring (on-frame),,1,4,0,10,10,10,0,4029
30-JAN-2002,51,Virginia,VA,157,1,Detection Monitoring (on-frame),,1,1,0,40,5,25,25,4046
30-JAN-2002,51,Virginia,VA,157,1,Detection Monitoring (on-frame),,1,2,0,20,0,15,15,4046
30-JAN-2002,51,Virginia,VA,157,1,Detection Monitoring (on-frame),,1,3,0,35,5,25,0,4046
30-JAN-2002,51,Virginia,VA,157,1,Detection Monitoring (on-frame),,1,4,0,95,0,5,10,4046
30-JAN-2002,51,Virginia,VA,159,1,Detection Monitoring (on-frame),,1,1,0,0,0,0,0,3229
30-JAN-2002,51,Virginia,VA,159,1,Detection Monitoring (on-frame),,1,2,0,0,0,0,0,3229
30-JAN-2002,51,Virginia,VA,159,1,Detection Monitoring (on-frame),,1,3,0,0,0,0,0,3229
30-JAN-2002,51,Virginia,VA,159,1,Detection Monitoring (on-frame),,1,4,0,0,0,0,0,3229
30-JAN-2002,51,Virginia,VA,159,1,Detection Monitoring (on-frame),,1,1,0,25,5,55,45,3977
30-JAN-2002,51,Virginia,VA,159,1,Detection Monitoring (on-frame),,1,2,0,5,5,10,25,3977
30-JAN-2002,51,Virginia,VA,159,1,Detection Monitoring (on-frame),,1,3,0,45,10,10,45,3977
30-JAN-2002,51,Virginia,VA,159,1,Detection Monitoring (on-frame),,1,4,0,5,0,5,70,3977
30-JAN-2002,51,Virginia,VA,161,1,Detection Monitoring (on-frame),,1,1,0,0,0,0,0,3295
30-JAN-2002,51,Virginia,VA,161,1,Detection Monitoring (on-frame),,1,2,0,0,0,0,0,3295
30-JAN-2002,51,Virginia,VA,161,1,Detection Monitoring (on-frame),,1,3,0,0,0,0,0,3295
30-JAN-2002,51,Virginia,VA,161,1,Detection Monitoring (on-frame),,1,4,0,0,0,0,0,3295
30-JAN-2002,51,Virginia,VA,163,1,Detection Monitoring (on-frame),,1,1,5,5,5,10,20,3286
30-JAN-2002,51,Virginia,VA,163,1,Detection Monitoring (on-frame),,1,2,0,5,10,40,30,3286
30-JAN-2002,51,Virginia,VA,163,1,Detection Monitoring (on-frame),,1,3,5,15,5,0,15,3286
30-JAN-2002,51,Virginia,VA,163,1,Detection Monitoring (on-frame),,1,4,0,5,5,15,10,3286
30-JAN-2002,51,Virginia,VA,163,1,Detection Monitoring (on-frame),,1,1,5,0,20,5,65,3287
30-JAN-2002,51,Virginia,VA,163,1,Detection Monitoring (on-frame),,1,2,0,0,0,0,0,3287
30-JAN-2002,51,Virginia,VA,163,1,Detection Monitoring (on-frame),,1,3,0,5,20,35,0,3287
30-JAN-2002,51,Virginia,VA,163,1,Detection Monitoring (on-frame),,1,4,0,10,5,15,50,3287
30-JAN-2002,51,Virginia,VA,165,1,Detection Monitoring (on-frame),,1,1,0,0,5,5,25,4039
30-JAN-2002,51,Virginia,VA,165,1,Detection Monitoring (on-frame),,1,2,0,5,5,25,20,4039
30-JAN-2002,51,Virginia,VA,165,1,Detection Monitoring (on-frame),,1,3,0,0,5,10,25,4039
30-JAN-2002,51,Virginia,VA,165,1,Detection Monitoring (on-frame),,1,4,0,0,15,10,10,4039
30-JAN-2002,51,Virginia,VA,165,1,Detection Monitoring (on-frame),,1,1,0,0,0,0,0,4040
30-JAN-2002,51,Virginia,VA,165,1,Detection Monitoring (on-frame),,1,2,0,0,0,0,0,4040
30-JAN-2002,51,Virginia,VA,165,1,Detection Monitoring (on-frame),,1,3,0,0,0,0,0,4040
30-JAN-2002,51,Virginia,VA,165,1,Detection Monitoring (on-frame),,1,4,0,0,0,0,0,4040
30-JAN-2002,51,Virginia,VA,165,1,Detection Monitoring (on-frame),,1,1,5,25,20,10,25,4045
30-JAN-2002,51,Virginia,VA,165,1,Detection Monitoring (on-frame),,1,2,0,10,10,20,10,4045
30-JAN-2002,51,Virginia,VA,165,1,Detection Monitoring (on-frame),,1,3,5,20,15,25,10,4045
30-JAN-2002,51,Virginia,VA,165,1,Detection Monitoring (on-frame),,1,4,0,45,75,0,30,4045
30-JAN-2002,51,Virginia,VA,169,1,Detection Monitoring (on-frame),,1,1,0,0,0,0,0,2804
30-JAN-2002,51,Virginia,VA,169,1,Detection Monitoring (on-frame),,1,2,0,0,0,0,0,2804
30-JAN-2002,51,Virginia,VA,169,1,Detection Monitoring (on-frame),,1,3,0,0,0,0,0,2804
30-JAN-2002,51,Virginia,VA,169,1,Detection Monitoring (on-frame),,1,4,0,0,0,0,0,2804
30-JAN-2002,51,Virginia,VA,169,1,Detection Monitoring (on-frame),,1,1,0,0,0,0,0,2807
30-JAN-2002,51,Virginia,VA,169,1,Detection Monitoring (on-frame),,1,2,0,0,0,0,0,2807
30-JAN-2002,51,Virginia,VA,169,1,Detection Monitoring (on-frame),,1,3,0,0,0,0,0,2807
30-JAN-2002,51,Virginia,VA,169,1,Detection Monitoring (on-frame),,1,4,0,0,0,0,0,2807
30-JAN-2002,51,Virginia,VA,171,1,Detection Monitoring (on-frame),,1,1,0,20,0,5,5,4050
30-JAN-2002,51,Virginia,VA,171,1,Detection Monitoring (on-frame),,1,2,5,5,0,10,20,4050
30-JAN-2002,51,Virginia,VA,171,1,Detection Monitoring (on-frame),,1,3,0,0,0,0,0,4050
30-JAN-2002,51,Virginia,VA,171,1,Detection Monitoring (on-frame),,1,4,0,0,0,0,0,4050
30-JAN-2002,51,Virginia,VA,173,1,Detection Monitoring (on-frame),,1,1,15,30,10,0,0,2787
30-JAN-2002,51,Virginia,VA,173,1,Detection Monitoring (on-frame),,1,2,10,45,15,5,5,2787
30-JAN-2002,51,Virginia,VA,173,1,Detection Monitoring (on-frame),,1,3,10,40,10,0,20,2787
30-JAN-2002,51,Virginia,VA,173,1,Detection Monitoring (on-frame),,1,4,10,45,10,0,0,2787
30-JAN-2002,51,Virginia,VA,173,1,Detection Monitoring (on-frame),,1,1,0,20,5,10,30,2791
30-JAN-2002,51,Virginia,VA,173,1,Detection Monitoring (on-frame),,1,2,0,10,0,50,15,2791
30-JAN-2002,51,Virginia,VA,173,1,Detection Monitoring (on-frame),,1,3,5,0,15,15,40,2791
30-JAN-2002,51,Virginia,VA,173,1,Detection Monitoring (on-frame),,1,4,0,5,0,15,25,2791
30-JAN-2002,51,Virginia,VA,175,1,Detection Monitoring (on-frame),,1,1,0,0,0,0,0,2705
30-JAN-2002,51,Virginia,VA,175,1,Detection Monitoring (on-frame),,1,2,0,0,0,0,0,2705
30-JAN-2002,51,Virginia,VA,175,1,Detection Monitoring (on-frame),,1,3,0,0,0,0,0,2705
30-JAN-2002,51,Virginia,VA,175,1,Detection Monitoring (on-frame),,1,4,0,0,0,0,0,2705
30-JAN-2002,51,Virginia,VA,177,1,Detection Monitoring (on-frame),,1,1,5,5,0,5,0,4014
30-JAN-2002,51,Virginia,VA,177,1,Detection Monitoring (on-frame),,1,2,15,50,0,25,10,4014
30-JAN-2002,51,Virginia,VA,177,1,Detection Monitoring (on-frame),,1,3,0,90,0,60,40,4014
30-JAN-2002,51,Virginia,VA,177,1,Detection Monitoring (on-frame),,1,4,0,70,0,10,5,4014
30-JAN-2002,51,Virginia,VA,177,1,Detection Monitoring (on-frame),,1,1,0,0,0,0,0,4015
30-JAN-2002,51,Virginia,VA,177,1,Detection Monitoring (on-frame),,1,2,0,0,0,0,0,4015
30-JAN-2002,51,Virginia,VA,177,1,Detection Monitoring (on-frame),,1,3,0,0,0,0,0,4015
30-JAN-2002,51,Virginia,VA,177,1,Detection Monitoring (on-frame),,1,4,0,0,0,0,0,4015
30-JAN-2002,51,Virginia,VA,179,1,Detection Monitoring (on-frame),,1,1,0,55,0,15,5,4020
30-JAN-2002,51,Virginia,VA,179,1,Detection Monitoring (on-frame),,1,2,0,45,0,50,5,4020
30-JAN-2002,51,Virginia,VA,179,1,Detection Monitoring (on-frame),,1,3,0,90,0,15,10,4020
30-JAN-2002,51,Virginia,VA,179,1,Detection Monitoring (on-frame),,1,4,0,90,0,5,5,4020
30-JAN-2002,51,Virginia,VA,181,1,Detection Monitoring (on-frame),,1,1,0,15,5,5,20,3223
30-JAN-2002,51,Virginia,VA,181,1,Detection Monitoring (on-frame),,1,2,0,0,0,0,0,3223
30-JAN-2002,51,Virginia,VA,181,1,Detection Monitoring (on-frame),,1,3,0,10,5,5,5,3223
30-JAN-2002,51,Virginia,VA,181,1,Detection Monitoring (on-frame),,1,4,0,0,0,0,0,3223
30-JAN-2002,51,Virginia,VA,183,1,Detection Monitoring (on-frame),,1,1,0,0,0,0,0,2710
30-JAN-2002,51,Virginia,VA,183,1,Detection Monitoring (on-frame),,1,2,0,0,0,0,0,2710
30-JAN-2002,51,Virginia,VA,183,1,Detection Monitoring (on-frame),,1,3,0,0,0,0,0,2710
30-JAN-2002,51,Virginia,VA,183,1,Detection Monitoring (on-frame),,1,4,0,0,0,0,0,2710
30-JAN-2002,51,Virginia,VA,183,1,Detection Monitoring (on-frame),,1,1,0,15,5,5,15,2711
30-JAN-2002,51,Virginia,VA,183,1,Detection Monitoring (on-frame),,1,2,0,5,5,5,40,2711
30-JAN-2002,51,Virginia,VA,183,1,Detection Monitoring (on-frame),,1,3,0,10,0,5,90,2711
30-JAN-2002,51,Virginia,VA,183,1,Detection Monitoring (on-frame),,1,4,0,45,5,0,40,2711
30-JAN-2002,51,Virginia,VA,185,1,Detection Monitoring (on-frame),,1,1,0,0,0,0,0,3310
30-JAN-2002,51,Virginia,VA,185,1,Detection Monitoring (on-frame),,1,2,0,0,0,0,0,3310
30-JAN-2002,51,Virginia,VA,185,1,Detection Monitoring (on-frame),,1,3,0,0,0,0,0,3310
30-JAN-2002,51,Virginia,VA,185,1,Detection Monitoring (on-frame),,1,4,0,0,0,0,0,3310
30-JAN-2002,51,Virginia,VA,185,1,Detection Monitoring (on-frame),,1,1,0,0,0,0,0,3311
30-JAN-2002,51,Virginia,VA,185,1,Detection Monitoring (on-frame),,1,2,5,5,10,20,15,3311
30-JAN-2002,51,Virginia,VA,185,1,Detection Monitoring (on-frame),,1,3,0,0,0,0,0,3311
30-JAN-2002,51,Virginia,VA,185,1,Detection Monitoring (on-frame),,1,4,0,0,0,0,0,3311
30-JAN-2002,51,Virginia,VA,187,1,Detection Monitoring (on-frame),,1,1,0,40,5,0,0,4047
30-JAN-2002,51,Virginia,VA,187,1,Detection Monitoring (on-frame),,1,2,0,0,0,0,0,4047
30-JAN-2002,51,Virginia,VA,187,1,Detection Monitoring (on-frame),,1,3,0,55,5,0,0,4047
30-JAN-2002,51,Virginia,VA,187,1,Detection Monitoring (on-frame),,1,4,0,0,0,0,0,4047
30-JAN-2002,51,Virginia,VA,191,1,Detection Monitoring (on-frame),,1,1,5,20,5,5,5,2784
30-JAN-2002,51,Virginia,VA,191,1,Detection Monitoring (on-frame),,1,2,10,10,5,10,5,2784
30-JAN-2002,51,Virginia,VA,191,1,Detection Monitoring (on-frame),,1,3,5,10,5,10,0,2784
30-JAN-2002,51,Virginia,VA,191,1,Detection Monitoring (on-frame),,1,4,20,25,10,5,5,2784
30-JAN-2002,51,Virginia,VA,191,1,Detection Monitoring (on-frame),,1,1,0,0,0,0,0,2789
30-JAN-2002,51,Virginia,VA,191,1,Detection Monitoring (on-frame),,1,2,0,0,0,0,0,2789
30-JAN-2002,51,Virginia,VA,191,1,Detection Monitoring (on-frame),,1,3,0,0,0,0,0,2789
30-JAN-2002,51,Virginia,VA,191,1,Detection Monitoring (on-frame),,1,4,0,0,0,0,0,2789
30-JAN-2002,51,Virginia,VA,191,1,Detection Monitoring (on-frame),,1,1,0,10,5,5,10,2806
30-JAN-2002,51,Virginia,VA,191,1,Detection Monitoring (on-frame),,1,2,0,15,5,10,5,2806
30-JAN-2002,51,Virginia,VA,191,1,Detection Monitoring (on-frame),,1,3,0,10,5,20,0,2806
30-JAN-2002,51,Virginia,VA,191,1,Detection Monitoring (on-frame),,1,4,0,5,10,15,0,2806
30-JAN-2002,51,Virginia,VA,193,1,Detection Monitoring (on-frame),,1,1,0,30,10,5,15,3982
30-JAN-2002,51,Virginia,VA,193,1,Detection Monitoring (on-frame),,1,2,0,20,0,0,5,3982
30-JAN-2002,51,Virginia,VA,193,1,Detection Monitoring (on-frame),,1,3,0,80,0,5,10,3982
30-JAN-2002,51,Virginia,VA,193,1,Detection Monitoring (on-frame),,1,4,5,20,5,5,5,3982
30-JAN-2002,51,Virginia,VA,195,1,Detection Monitoring (on-frame),,1,1,0,0,0,0,0,2810
30-JAN-2002,51,Virginia,VA,195,1,Detection Monitoring (on-frame),,1,2,0,0,0,0,0,2810
30-JAN-2002,51,Virginia,VA,195,1,Detection Monitoring (on-frame),,1,3,0,0,0,0,0,2810
30-JAN-2002,51,Virginia,VA,195,1,Detection Monitoring (on-frame),,1,4,0,0,0,0,0,2810
30-JAN-2002,51,Virginia,VA,195,1,Detection Monitoring (on-frame),,1,1,10,90,15,5,60,2811
30-JAN-2002,51,Virginia,VA,195,1,Detection Monitoring (on-frame),,1,2,10,99,5,0,0,2811
30-JAN-2002,51,Virginia,VA,195,1,Detection Monitoring (on-frame),,1,3,0,99,5,5,25,2811
30-JAN-2002,51,Virginia,VA,195,1,Detection Monitoring (on-frame),,1,4,0,70,10,10,0,2811
30-JAN-2002,51,Virginia,VA,197,1,Detection Monitoring (on-frame),,1,1,0,0,0,0,0,2772
30-JAN-2002,51,Virginia,VA,197,1,Detection Monitoring (on-frame),,1,2,0,0,0,0,0,2772
30-JAN-2002,51,Virginia,VA,197,1,Detection Monitoring (on-frame),,1,3,0,0,0,0,0,2772
30-JAN-2002,51,Virginia,VA,197,1,Detection Monitoring (on-frame),,1,4,0,0,0,0,0,2772
30-JAN-2002,51,Virginia,VA,197,1,Detection Monitoring (on-frame),,1,1,0,0,0,0,0,2790
30-JAN-2002,51,Virginia,VA,197,1,Detection Monitoring (on-frame),,1,2,0,0,0,0,0,2790
30-JAN-2002,51,Virginia,VA,197,1,Detection Monitoring (on-frame),,1,3,0,0,0,0,0,2790
30-JAN-2002,51,Virginia,VA,197,1,Detection Monitoring (on-frame),,1,4,0,0,0,0,0,2790
30-JAN-2002,51,Virginia,VA,199,1,Detection Monitoring (on-frame),,1,1,0,0,0,0,0,2677
30-JAN-2002,51,Virginia,VA,199,1,Detection Monitoring (on-frame),,1,2,0,0,0,0,0,2677
30-JAN-2002,51,Virginia,VA,199,1,Detection Monitoring (on-frame),,1,3,0,0,0,0,0,2677
30-JAN-2002,51,Virginia,VA,199,1,Detection Monitoring (on-frame),,1,4,0,0,0,0,0,2677
30-JAN-2002,51,Virginia,VA,199,1,Detection Monitoring (on-frame),,1,1,0,0,0,0,0,2687
30-JAN-2002,51,Virginia,VA,199,1,Detection Monitoring (on-frame),,1,2,0,0,0,0,0,2687
30-JAN-2002,51,Virginia,VA,199,1,Detection Monitoring (on-frame),,1,3,0,0,0,0,0,2687
30-JAN-2002,51,Virginia,VA,199,1,Detection Monitoring (on-frame),,1,4,0,0,0,0,0,2687
30-JAN-2002,51,Virginia,VA,550,1,Detection Monitoring (on-frame),,1,1,0,0,0,0,0,2691
30-JAN-2002,51,Virginia,VA,550,1,Detection Monitoring (on-frame),,1,2,0,0,0,0,0,2691
30-JAN-2002,51,Virginia,VA,550,1,Detection Monitoring (on-frame),,1,3,0,0,0,0,0,2691
30-JAN-2002,51,Virginia,VA,550,1,Detection Monitoring (on-frame),,1,4,0,0,0,0,0,2691
