LAST_UPDATE,STATE,STATE_DESCR,STATE_ABBREV,COUNTY,PROJECT,PROJECT_DESCR,HEXAGON_NBR,PLOT_NBR,POINT_NBR,PCT_FERNS,PCT_HERBS,PCT_LICHENS,PCT_MOSS,PCT_SEEDLINGS,PCT_SHRUBS,PCT_VINES,P3ID
30-JAN-2002,51,Virginia,VA,17,1,Detection Monitoring (on-frame),,1,1,0,0,0,10,30,5,0,3290
30-JAN-2002,51,Virginia,VA,17,1,Detection Monitoring (on-frame),,1,2,0,30,0,1,1,55,0,3290
30-JAN-2002,51,Virginia,VA,17,1,Detection Monitoring (on-frame),,1,3,0,5,0,5,10,45,0,3290
30-JAN-2002,51,Virginia,VA,17,1,Detection Monitoring (on-frame),,1,4,0,0,0,5,15,30,0,3290
30-JAN-2002,51,Virginia,VA,19,1,Detection Monitoring (on-frame),,1,1,0,0,0,0,1,60,0,3283
30-JAN-2002,51,Virginia,VA,19,1,Detection Monitoring (on-frame),,1,2,0,60,0,1,1,5,0,3283
30-JAN-2002,51,Virginia,VA,19,1,Detection Monitoring (on-frame),,1,3,0,70,0,0,10,30,0,3283
30-JAN-2002,51,Virginia,VA,19,1,Detection Monitoring (on-frame),,1,4,0,1,0,0,5,1,0,3283
30-JAN-2002,51,Virginia,VA,27,1,Detection Monitoring (on-frame),,1,1,10,25,0,0,5,15,0,3317
30-JAN-2002,51,Virginia,VA,27,1,Detection Monitoring (on-frame),,1,2,5,20,0,1,1,0,0,3317
30-JAN-2002,51,Virginia,VA,27,1,Detection Monitoring (on-frame),,1,3,5,85,0,0,5,15,90,3317
30-JAN-2002,51,Virginia,VA,27,1,Detection Monitoring (on-frame),,1,4,5,1,0,5,5,0,95,3317
30-JAN-2002,51,Virginia,VA,29,1,Detection Monitoring (on-frame),,1,1,1,35,0,0,5,1,1,3265
30-JAN-2002,51,Virginia,VA,29,1,Detection Monitoring (on-frame),,1,2,1,1,0,0,0,1,0,3265
30-JAN-2002,51,Virginia,VA,29,1,Detection Monitoring (on-frame),,1,3,0,35,0,0,0,0,0,3265
30-JAN-2002,51,Virginia,VA,29,1,Detection Monitoring (on-frame),,1,4,1,35,0,0,5,10,1,3265
30-JAN-2002,51,Virginia,VA,31,1,Detection Monitoring (on-frame),,1,1,1,5,0,5,1,5,5,3274
30-JAN-2002,51,Virginia,VA,31,1,Detection Monitoring (on-frame),,1,3,5,10,0,0,0,10,15,3274
30-JAN-2002,51,Virginia,VA,31,1,Detection Monitoring (on-frame),,1,4,0,5,0,0,1,10,5,3274
30-JAN-2002,51,Virginia,VA,33,1,Detection Monitoring (on-frame),,1,1,0,1,0,1,1,0,0,4013
30-JAN-2002,51,Virginia,VA,33,1,Detection Monitoring (on-frame),,1,2,1,1,0,15,1,1,1,4013
30-JAN-2002,51,Virginia,VA,33,1,Detection Monitoring (on-frame),,1,3,0,1,0,0,1,1,0,4013
30-JAN-2002,51,Virginia,VA,33,1,Detection Monitoring (on-frame),,1,4,0,1,0,0,1,0,0,4013
30-JAN-2002,51,Virginia,VA,35,1,Detection Monitoring (on-frame),,1,2,5,45,0,0,0,0,1,2766
30-JAN-2002,51,Virginia,VA,35,1,Detection Monitoring (on-frame),,1,3,40,10,0,0,1,0,45,2766
30-JAN-2002,51,Virginia,VA,37,1,Detection Monitoring (on-frame),,1,1,1,1,0,1,1,0,0,2728
30-JAN-2002,51,Virginia,VA,37,1,Detection Monitoring (on-frame),,1,2,0,1,0,1,5,0,0,2728
30-JAN-2002,51,Virginia,VA,37,1,Detection Monitoring (on-frame),,1,3,1,1,0,0,5,1,0,2728
30-JAN-2002,51,Virginia,VA,37,1,Detection Monitoring (on-frame),,1,4,1,1,0,10,1,0,0,2728
30-JAN-2002,51,Virginia,VA,41,1,Detection Monitoring (on-frame),,1,1,0,1,0,0,1,0,1,3239
30-JAN-2002,51,Virginia,VA,41,1,Detection Monitoring (on-frame),,1,2,0,1,0,0,0,1,1,3239
30-JAN-2002,51,Virginia,VA,41,1,Detection Monitoring (on-frame),,1,3,0,1,0,0,0,0,1,3239
30-JAN-2002,51,Virginia,VA,41,1,Detection Monitoring (on-frame),,1,4,0,1,0,0,0,0,5,3239
30-JAN-2002,51,Virginia,VA,45,1,Detection Monitoring (on-frame),,1,1,0,0,1,1,5,80,0,3297
30-JAN-2002,51,Virginia,VA,45,1,Detection Monitoring (on-frame),,1,2,0,0,0,5,5,65,0,3297
30-JAN-2002,51,Virginia,VA,45,1,Detection Monitoring (on-frame),,1,3,0,0,5,5,5,75,0,3297
30-JAN-2002,51,Virginia,VA,45,1,Detection Monitoring (on-frame),,1,4,0,0,0,1,10,40,0,3297
30-JAN-2002,51,Virginia,VA,49,1,Detection Monitoring (on-frame),,1,1,0,45,0,0,1,0,20,3259
30-JAN-2002,51,Virginia,VA,49,1,Detection Monitoring (on-frame),,1,2,0,20,0,1,1,0,5,3259
30-JAN-2002,51,Virginia,VA,49,1,Detection Monitoring (on-frame),,1,3,0,0,0,0,0,70,1,3259
30-JAN-2002,51,Virginia,VA,49,1,Detection Monitoring (on-frame),,1,4,1,1,0,0,0,1,10,3259
30-JAN-2002,51,Virginia,VA,49,1,Detection Monitoring (on-frame),,1,1,0,15,0,0,0,0,0,3263
30-JAN-2002,51,Virginia,VA,49,1,Detection Monitoring (on-frame),,1,2,0,95,0,0,1,1,1,3263
30-JAN-2002,51,Virginia,VA,49,1,Detection Monitoring (on-frame),,1,3,0,0,0,0,0,0,0,3263
30-JAN-2002,51,Virginia,VA,49,1,Detection Monitoring (on-frame),,1,4,1,5,0,0,0,0,1,3263
30-JAN-2002,51,Virginia,VA,57,1,Detection Monitoring (on-frame),,1,1,0,95,0,0,1,1,0,3230
30-JAN-2002,51,Virginia,VA,57,1,Detection Monitoring (on-frame),,1,2,0,75,0,0,1,1,0,3230
30-JAN-2002,51,Virginia,VA,57,1,Detection Monitoring (on-frame),,1,3,0,75,0,0,5,0,0,3230
30-JAN-2002,51,Virginia,VA,57,1,Detection Monitoring (on-frame),,1,4,0,40,0,0,1,1,0,3230
30-JAN-2002,51,Virginia,VA,61,1,Detection Monitoring (on-frame),,1,1,0,95,0,0,0,0,1,4024
30-JAN-2002,51,Virginia,VA,61,1,Detection Monitoring (on-frame),,1,2,0,95,0,0,0,0,1,4024
30-JAN-2002,51,Virginia,VA,61,1,Detection Monitoring (on-frame),,1,3,0,95,0,0,0,0,0,4024
30-JAN-2002,51,Virginia,VA,61,1,Detection Monitoring (on-frame),,1,4,0,95,0,0,0,0,1,4024
30-JAN-2002,51,Virginia,VA,63,1,Detection Monitoring (on-frame),,1,1,0,80,0,0,5,0,5,3291
30-JAN-2002,51,Virginia,VA,63,1,Detection Monitoring (on-frame),,1,2,0,85,0,0,5,0,5,3291
30-JAN-2002,51,Virginia,VA,63,1,Detection Monitoring (on-frame),,1,3,15,0,0,0,5,0,45,3291
30-JAN-2002,51,Virginia,VA,63,1,Detection Monitoring (on-frame),,1,4,0,85,0,0,5,0,1,3291
30-JAN-2002,51,Virginia,VA,71,1,Detection Monitoring (on-frame),,1,1,1,1,0,0,1,0,1,3299
30-JAN-2002,51,Virginia,VA,71,1,Detection Monitoring (on-frame),,1,2,0,5,0,0,5,0,0,3299
30-JAN-2002,51,Virginia,VA,71,1,Detection Monitoring (on-frame),,1,3,0,5,0,10,10,0,10,3299
30-JAN-2002,51,Virginia,VA,71,1,Detection Monitoring (on-frame),,1,4,0,0,0,5,45,15,0,3299
30-JAN-2002,51,Virginia,VA,85,1,Detection Monitoring (on-frame),,1,1,0,1,0,0,0,0,0,3249
30-JAN-2002,51,Virginia,VA,85,1,Detection Monitoring (on-frame),,1,2,0,15,0,0,1,0,0,3249
30-JAN-2002,51,Virginia,VA,85,1,Detection Monitoring (on-frame),,1,3,1,20,0,0,1,0,0,3249
30-JAN-2002,51,Virginia,VA,85,1,Detection Monitoring (on-frame),,1,4,0,15,0,0,0,0,0,3249
30-JAN-2002,51,Virginia,VA,87,1,Detection Monitoring (on-frame),,1,1,5,1,0,0,1,30,1,3237
30-JAN-2002,51,Virginia,VA,87,1,Detection Monitoring (on-frame),,1,2,50,1,0,0,1,1,0,3237
30-JAN-2002,51,Virginia,VA,87,1,Detection Monitoring (on-frame),,1,3,0,35,0,0,1,5,1,3237
30-JAN-2002,51,Virginia,VA,87,1,Detection Monitoring (on-frame),,1,4,0,35,0,0,1,1,1,3237
30-JAN-2002,51,Virginia,VA,91,1,Detection Monitoring (on-frame),,1,1,0,10,0,0,25,0,0,4062
30-JAN-2002,51,Virginia,VA,91,1,Detection Monitoring (on-frame),,1,2,15,15,0,0,25,0,0,4062
30-JAN-2002,51,Virginia,VA,91,1,Detection Monitoring (on-frame),,1,3,20,0,0,0,5,0,0,4062
30-JAN-2002,51,Virginia,VA,91,1,Detection Monitoring (on-frame),,1,4,5,0,0,0,0,0,0,4062
30-JAN-2002,51,Virginia,VA,93,1,Detection Monitoring (on-frame),,1,1,0,0,0,0,0,80,5,2688
30-JAN-2002,51,Virginia,VA,93,1,Detection Monitoring (on-frame),,1,2,0,1,0,0,0,85,5,2688
30-JAN-2002,51,Virginia,VA,93,1,Detection Monitoring (on-frame),,1,3,0,0,0,0,0,75,5,2688
30-JAN-2002,51,Virginia,VA,93,1,Detection Monitoring (on-frame),,1,4,0,0,0,0,0,20,15,2688
30-JAN-2002,51,Virginia,VA,113,1,Detection Monitoring (on-frame),,1,1,0,0,0,5,0,99,0,4041
30-JAN-2002,51,Virginia,VA,113,1,Detection Monitoring (on-frame),,1,2,0,0,0,5,1,15,0,4041
30-JAN-2002,51,Virginia,VA,113,1,Detection Monitoring (on-frame),,1,3,0,0,0,5,0,95,0,4041
30-JAN-2002,51,Virginia,VA,113,1,Detection Monitoring (on-frame),,1,4,0,0,0,5,0,90,0,4041
30-JAN-2002,51,Virginia,VA,117,1,Detection Monitoring (on-frame),,1,1,0,95,0,0,1,0,0,2724
30-JAN-2002,51,Virginia,VA,117,1,Detection Monitoring (on-frame),,1,2,0,1,0,0,1,0,0,2724
30-JAN-2002,51,Virginia,VA,117,1,Detection Monitoring (on-frame),,1,3,0,1,0,0,0,1,5,2724
30-JAN-2002,51,Virginia,VA,117,1,Detection Monitoring (on-frame),,1,4,0,50,0,1,0,0,0,2724
30-JAN-2002,51,Virginia,VA,133,1,Detection Monitoring (on-frame),,1,3,0,0,0,0,0,0,5,3228
30-JAN-2002,51,Virginia,VA,141,1,Detection Monitoring (on-frame),,1,1,0,5,0,5,5,5,1,2764
30-JAN-2002,51,Virginia,VA,141,1,Detection Monitoring (on-frame),,1,2,0,0,0,0,5,0,0,2764
30-JAN-2002,51,Virginia,VA,141,1,Detection Monitoring (on-frame),,1,3,0,0,0,5,1,5,0,2764
30-JAN-2002,51,Virginia,VA,141,1,Detection Monitoring (on-frame),,1,4,0,0,0,0,0,15,0,2764
30-JAN-2002,51,Virginia,VA,143,1,Detection Monitoring (on-frame),,1,1,0,85,0,0,40,0,0,2749
30-JAN-2002,51,Virginia,VA,143,1,Detection Monitoring (on-frame),,1,2,0,0,0,0,25,30,35,2749
30-JAN-2002,51,Virginia,VA,143,1,Detection Monitoring (on-frame),,1,3,0,0,0,0,25,45,10,2749
30-JAN-2002,51,Virginia,VA,143,1,Detection Monitoring (on-frame),,1,4,0,0,0,0,0,0,0,2749
30-JAN-2002,51,Virginia,VA,147,1,Detection Monitoring (on-frame),,1,1,0,5,0,1,1,1,1,3254
30-JAN-2002,51,Virginia,VA,147,1,Detection Monitoring (on-frame),,1,2,0,10,0,0,5,5,5,3254
30-JAN-2002,51,Virginia,VA,147,1,Detection Monitoring (on-frame),,1,3,0,1,0,5,5,5,0,3254
30-JAN-2002,51,Virginia,VA,147,1,Detection Monitoring (on-frame),,1,4,0,1,0,1,1,1,0,3254
30-JAN-2002,51,Virginia,VA,149,1,Detection Monitoring (on-frame),,1,1,0,1,0,1,1,5,1,3234
30-JAN-2002,51,Virginia,VA,149,1,Detection Monitoring (on-frame),,1,2,0,1,0,0,1,0,0,3234
30-JAN-2002,51,Virginia,VA,149,1,Detection Monitoring (on-frame),,1,3,0,1,0,0,1,55,1,3234
30-JAN-2002,51,Virginia,VA,149,1,Detection Monitoring (on-frame),,1,4,0,1,0,0,5,10,1,3234
30-JAN-2002,51,Virginia,VA,153,1,Detection Monitoring (on-frame),,1,1,0,1,0,0,5,1,0,4029
30-JAN-2002,51,Virginia,VA,153,1,Detection Monitoring (on-frame),,1,3,0,1,0,1,5,1,1,4029
30-JAN-2002,51,Virginia,VA,153,1,Detection Monitoring (on-frame),,1,4,0,1,0,1,1,1,0,4029
30-JAN-2002,51,Virginia,VA,163,1,Detection Monitoring (on-frame),,1,1,0,0,0,1,5,1,0,3286
30-JAN-2002,51,Virginia,VA,163,1,Detection Monitoring (on-frame),,1,2,0,10,0,0,15,5,0,3286
30-JAN-2002,51,Virginia,VA,163,1,Detection Monitoring (on-frame),,1,3,5,10,0,0,0,0,0,3286
30-JAN-2002,51,Virginia,VA,163,1,Detection Monitoring (on-frame),,1,4,0,0,0,0,15,0,25,3286
30-JAN-2002,51,Virginia,VA,167,1,Detection Monitoring (on-frame),,1,1,0,10,0,0,15,0,5,3312
30-JAN-2002,51,Virginia,VA,167,1,Detection Monitoring (on-frame),,1,2,0,10,0,0,0,0,15,3312
30-JAN-2002,51,Virginia,VA,167,1,Detection Monitoring (on-frame),,1,3,0,5,0,0,5,0,5,3312
30-JAN-2002,51,Virginia,VA,167,1,Detection Monitoring (on-frame),,1,4,0,5,0,0,1,0,10,3312
30-JAN-2002,51,Virginia,VA,173,1,Detection Monitoring (on-frame),,1,1,0,0,0,0,20,35,0,2791
30-JAN-2002,51,Virginia,VA,173,1,Detection Monitoring (on-frame),,1,2,0,0,0,0,50,15,0,2791
30-JAN-2002,51,Virginia,VA,173,1,Detection Monitoring (on-frame),,1,3,0,10,0,30,30,15,0,2791
30-JAN-2002,51,Virginia,VA,173,1,Detection Monitoring (on-frame),,1,4,0,0,0,0,25,10,0,2791
30-JAN-2002,51,Virginia,VA,183,1,Detection Monitoring (on-frame),,1,1,0,5,0,0,5,5,0,2711
30-JAN-2002,51,Virginia,VA,183,1,Detection Monitoring (on-frame),,1,2,1,10,0,0,1,5,0,2711
30-JAN-2002,51,Virginia,VA,183,1,Detection Monitoring (on-frame),,1,3,0,10,0,0,1,20,0,2711
30-JAN-2002,51,Virginia,VA,183,1,Detection Monitoring (on-frame),,1,4,0,1,0,0,0,15,0,2711
30-JAN-2002,51,Virginia,VA,187,1,Detection Monitoring (on-frame),,2,3,0,90,0,0,0,1,1,4048
30-JAN-2002,51,Virginia,VA,191,1,Detection Monitoring (on-frame),,1,1,0,10,0,0,5,10,10,2806
30-JAN-2002,51,Virginia,VA,191,1,Detection Monitoring (on-frame),,1,2,0,0,0,0,5,1,0,2806
30-JAN-2002,51,Virginia,VA,191,1,Detection Monitoring (on-frame),,1,3,0,5,0,0,30,5,0,2806
30-JAN-2002,51,Virginia,VA,191,1,Detection Monitoring (on-frame),,1,4,0,0,0,0,5,1,0,2806
