LAST_UPDATE,STATE,STATE_DESCR,STATE_ABBREV,COUNTY,PROJECT,PROJECT_DESCR,HEXAGON_NBR,PLOT_NBR,POINT_NBR,PCT_FERNS,PCT_HERBS_1998,PCT_MOSS_1998,PCT_SEEDLINGS,PCT_SHRUBS,P3ID
30-JAN-2002,51,Virginia,VA,5,1,Detection Monitoring (on-frame),,1,1,0,5,15,5,25,3303
30-JAN-2002,51,Virginia,VA,5,1,Detection Monitoring (on-frame),,1,2,0,20,5,15,30,3303
30-JAN-2002,51,Virginia,VA,5,1,Detection Monitoring (on-frame),,1,3,0,1,10,5,40,3303
30-JAN-2002,51,Virginia,VA,5,1,Detection Monitoring (on-frame),,1,4,0,15,20,20,5,3303
30-JAN-2002,51,Virginia,VA,7,1,Detection Monitoring (on-frame),,1,1,0,10,1,30,0,3270
30-JAN-2002,51,Virginia,VA,7,1,Detection Monitoring (on-frame),,1,2,0,30,0,1,0,3270
30-JAN-2002,51,Virginia,VA,7,1,Detection Monitoring (on-frame),,1,3,0,0,1,25,5,3270
30-JAN-2002,51,Virginia,VA,7,1,Detection Monitoring (on-frame),,1,4,0,1,5,5,10,3270
30-JAN-2002,51,Virginia,VA,15,1,Detection Monitoring (on-frame),,1,1,0,10,25,1,50,4055
30-JAN-2002,51,Virginia,VA,15,1,Detection Monitoring (on-frame),,1,2,0,25,1,10,50,4055
30-JAN-2002,51,Virginia,VA,15,1,Detection Monitoring (on-frame),,1,3,1,1,5,5,20,4055
30-JAN-2002,51,Virginia,VA,15,1,Detection Monitoring (on-frame),,1,4,0,5,10,5,30,4055
30-JAN-2002,51,Virginia,VA,19,1,Detection Monitoring (on-frame),,1,1,0,45,1,5,0,3279
30-JAN-2002,51,Virginia,VA,19,1,Detection Monitoring (on-frame),,1,2,10,75,5,5,0,3279
30-JAN-2002,51,Virginia,VA,19,1,Detection Monitoring (on-frame),,1,3,0,80,1,30,0,3279
30-JAN-2002,51,Virginia,VA,19,1,Detection Monitoring (on-frame),,1,4,0,55,15,10,0,3279
30-JAN-2002,51,Virginia,VA,21,1,Detection Monitoring (on-frame),,1,1,0,15,5,25,0,3313
30-JAN-2002,51,Virginia,VA,21,1,Detection Monitoring (on-frame),,1,2,0,5,10,5,10,3313
30-JAN-2002,51,Virginia,VA,21,1,Detection Monitoring (on-frame),,1,3,0,5,5,5,0,3313
30-JAN-2002,51,Virginia,VA,21,1,Detection Monitoring (on-frame),,1,4,0,20,1,20,15,3313
30-JAN-2002,51,Virginia,VA,27,1,Detection Monitoring (on-frame),,1,1,45,55,1,20,25,3317
30-JAN-2002,51,Virginia,VA,27,1,Detection Monitoring (on-frame),,1,2,40,50,20,15,20,3317
30-JAN-2002,51,Virginia,VA,27,1,Detection Monitoring (on-frame),,1,3,10,50,1,25,60,3317
30-JAN-2002,51,Virginia,VA,27,1,Detection Monitoring (on-frame),,1,4,5,25,5,35,10,3317
30-JAN-2002,51,Virginia,VA,27,1,Detection Monitoring (on-frame),,1,1,0,65,5,10,0,3337
30-JAN-2002,51,Virginia,VA,27,1,Detection Monitoring (on-frame),,1,2,0,75,5,5,0,3337
30-JAN-2002,51,Virginia,VA,27,1,Detection Monitoring (on-frame),,1,3,0,75,1,20,20,3337
30-JAN-2002,51,Virginia,VA,27,1,Detection Monitoring (on-frame),,1,4,1,70,1,15,15,3337
30-JAN-2002,51,Virginia,VA,29,1,Detection Monitoring (on-frame),,1,1,0,1,10,5,35,3260
30-JAN-2002,51,Virginia,VA,29,1,Detection Monitoring (on-frame),,1,2,10,25,15,1,35,3260
30-JAN-2002,51,Virginia,VA,29,1,Detection Monitoring (on-frame),,1,4,0,95,0,0,0,3260
30-JAN-2002,51,Virginia,VA,31,1,Detection Monitoring (on-frame),,1,1,0,55,5,15,10,3274
30-JAN-2002,51,Virginia,VA,31,1,Detection Monitoring (on-frame),,1,3,5,50,1,0,0,3274
30-JAN-2002,51,Virginia,VA,31,1,Detection Monitoring (on-frame),,1,4,0,25,10,15,25,3274
30-JAN-2002,51,Virginia,VA,31,1,Detection Monitoring (on-frame),,1,1,0,0,0,0,0,3276
30-JAN-2002,51,Virginia,VA,31,1,Detection Monitoring (on-frame),,1,2,0,25,0,15,0,3276
30-JAN-2002,51,Virginia,VA,31,1,Detection Monitoring (on-frame),,1,3,0,10,0,5,1,3276
30-JAN-2002,51,Virginia,VA,33,1,Detection Monitoring (on-frame),,1,1,0,1,1,1,0,4013
30-JAN-2002,51,Virginia,VA,33,1,Detection Monitoring (on-frame),,1,2,10,5,35,1,0,4013
30-JAN-2002,51,Virginia,VA,33,1,Detection Monitoring (on-frame),,1,3,0,1,1,5,1,4013
30-JAN-2002,51,Virginia,VA,33,1,Detection Monitoring (on-frame),,1,4,0,5,1,1,0,4013
30-JAN-2002,51,Virginia,VA,45,1,Detection Monitoring (on-frame),,1,1,0,15,5,5,50,3297
30-JAN-2002,51,Virginia,VA,45,1,Detection Monitoring (on-frame),,1,2,0,15,10,5,35,3297
30-JAN-2002,51,Virginia,VA,45,1,Detection Monitoring (on-frame),,1,3,0,10,35,5,30,3297
30-JAN-2002,51,Virginia,VA,45,1,Detection Monitoring (on-frame),,1,4,0,25,0,10,5,3297
30-JAN-2002,51,Virginia,VA,49,1,Detection Monitoring (on-frame),,1,1,0,95,1,0,0,3263
30-JAN-2002,51,Virginia,VA,49,1,Detection Monitoring (on-frame),,1,2,1,95,0,0,5,3263
30-JAN-2002,51,Virginia,VA,49,1,Detection Monitoring (on-frame),,1,3,0,95,1,0,95,3263
30-JAN-2002,51,Virginia,VA,49,1,Detection Monitoring (on-frame),,1,4,0,0,0,0,0,3263
30-JAN-2002,51,Virginia,VA,51,1,Detection Monitoring (on-frame),,1,2,0,80,0,5,20,2809
30-JAN-2002,51,Virginia,VA,51,1,Detection Monitoring (on-frame),,1,4,10,70,15,15,25,2809
30-JAN-2002,51,Virginia,VA,53,1,Detection Monitoring (on-frame),,1,1,0,5,0,65,0,3232
30-JAN-2002,51,Virginia,VA,53,1,Detection Monitoring (on-frame),,1,2,0,10,5,1,15,3232
30-JAN-2002,51,Virginia,VA,53,1,Detection Monitoring (on-frame),,1,3,0,35,1,10,1,3232
30-JAN-2002,51,Virginia,VA,53,1,Detection Monitoring (on-frame),,1,4,5,30,5,5,5,3232
30-JAN-2002,51,Virginia,VA,57,1,Detection Monitoring (on-frame),,1,1,0,10,10,5,85,4012
30-JAN-2002,51,Virginia,VA,57,1,Detection Monitoring (on-frame),,1,2,0,0,25,10,50,4012
30-JAN-2002,51,Virginia,VA,57,1,Detection Monitoring (on-frame),,1,4,0,10,5,1,10,4012
30-JAN-2002,51,Virginia,VA,69,1,Detection Monitoring (on-frame),,1,1,0,35,5,10,15,4806
30-JAN-2002,51,Virginia,VA,69,1,Detection Monitoring (on-frame),,1,2,1,40,10,30,5,4806
30-JAN-2002,51,Virginia,VA,69,1,Detection Monitoring (on-frame),,1,3,10,30,1,20,5,4806
30-JAN-2002,51,Virginia,VA,69,1,Detection Monitoring (on-frame),,1,4,1,40,10,25,5,4806
30-JAN-2002,51,Virginia,VA,77,1,Detection Monitoring (on-frame),,1,1,15,25,40,0,10,2786
30-JAN-2002,51,Virginia,VA,77,1,Detection Monitoring (on-frame),,1,2,0,20,1,0,10,2786
30-JAN-2002,51,Virginia,VA,77,1,Detection Monitoring (on-frame),,1,3,1,0,15,0,0,2786
30-JAN-2002,51,Virginia,VA,77,1,Detection Monitoring (on-frame),,1,4,10,65,5,10,1,2786
30-JAN-2002,51,Virginia,VA,83,1,Detection Monitoring (on-frame),,1,1,5,65,5,1,0,2731
30-JAN-2002,51,Virginia,VA,83,1,Detection Monitoring (on-frame),,1,2,1,95,0,10,0,2731
30-JAN-2002,51,Virginia,VA,83,1,Detection Monitoring (on-frame),,1,3,0,80,0,5,0,2731
30-JAN-2002,51,Virginia,VA,83,1,Detection Monitoring (on-frame),,1,4,0,80,0,40,0,2731
30-JAN-2002,51,Virginia,VA,87,1,Detection Monitoring (on-frame),,1,1,15,25,5,0,25,3237
30-JAN-2002,51,Virginia,VA,87,1,Detection Monitoring (on-frame),,1,2,50,1,0,0,45,3237
30-JAN-2002,51,Virginia,VA,87,1,Detection Monitoring (on-frame),,1,3,0,75,0,15,30,3237
30-JAN-2002,51,Virginia,VA,87,1,Detection Monitoring (on-frame),,1,4,0,0,0,0,0,3237
30-JAN-2002,51,Virginia,VA,93,1,Detection Monitoring (on-frame),,1,1,0,10,5,0,25,2692
30-JAN-2002,51,Virginia,VA,93,1,Detection Monitoring (on-frame),,1,2,0,15,0,0,95,2692
30-JAN-2002,51,Virginia,VA,93,1,Detection Monitoring (on-frame),,1,4,0,35,0,0,70,2692
30-JAN-2002,51,Virginia,VA,97,1,Detection Monitoring (on-frame),,1,1,5,35,0,10,0,3227
30-JAN-2002,51,Virginia,VA,97,1,Detection Monitoring (on-frame),,1,2,0,15,0,1,0,3227
30-JAN-2002,51,Virginia,VA,97,1,Detection Monitoring (on-frame),,1,3,30,40,0,15,0,3227
30-JAN-2002,51,Virginia,VA,97,1,Detection Monitoring (on-frame),,1,4,15,1,0,5,0,3227
30-JAN-2002,51,Virginia,VA,109,1,Detection Monitoring (on-frame),,1,1,40,5,0,30,5,3251
30-JAN-2002,51,Virginia,VA,109,1,Detection Monitoring (on-frame),,1,2,20,65,10,15,10,3251
30-JAN-2002,51,Virginia,VA,109,1,Detection Monitoring (on-frame),,1,3,0,65,0,35,0,3251
30-JAN-2002,51,Virginia,VA,109,1,Detection Monitoring (on-frame),,1,4,0,75,0,20,15,3251
30-JAN-2002,51,Virginia,VA,111,1,Detection Monitoring (on-frame),,1,1,0,65,0,5,50,3252
30-JAN-2002,51,Virginia,VA,111,1,Detection Monitoring (on-frame),,1,2,0,75,0,5,55,3252
30-JAN-2002,51,Virginia,VA,111,1,Detection Monitoring (on-frame),,1,3,0,65,0,70,40,3252
30-JAN-2002,51,Virginia,VA,111,1,Detection Monitoring (on-frame),,1,4,0,40,0,1,40,3252
30-JAN-2002,51,Virginia,VA,113,1,Detection Monitoring (on-frame),,1,1,0,0,5,0,15,4041
30-JAN-2002,51,Virginia,VA,113,1,Detection Monitoring (on-frame),,1,2,0,5,30,1,15,4041
30-JAN-2002,51,Virginia,VA,113,1,Detection Monitoring (on-frame),,1,3,0,1,10,0,40,4041
30-JAN-2002,51,Virginia,VA,113,1,Detection Monitoring (on-frame),,1,4,0,1,5,0,25,4041
30-JAN-2002,51,Virginia,VA,117,1,Detection Monitoring (on-frame),,1,1,0,0,0,0,0,2722
30-JAN-2002,51,Virginia,VA,117,1,Detection Monitoring (on-frame),,1,3,0,5,0,1,0,2722
30-JAN-2002,51,Virginia,VA,117,1,Detection Monitoring (on-frame),,1,4,0,10,0,5,0,2722
30-JAN-2002,51,Virginia,VA,125,1,Detection Monitoring (on-frame),,1,1,1,25,1,10,1,3268
30-JAN-2002,51,Virginia,VA,125,1,Detection Monitoring (on-frame),,1,2,20,15,1,10,1,3268
30-JAN-2002,51,Virginia,VA,125,1,Detection Monitoring (on-frame),,1,3,15,15,1,20,0,3268
30-JAN-2002,51,Virginia,VA,125,1,Detection Monitoring (on-frame),,1,4,45,60,1,20,1,3268
30-JAN-2002,51,Virginia,VA,133,1,Detection Monitoring (on-frame),,1,3,0,30,0,1,0,3228
30-JAN-2002,51,Virginia,VA,139,1,Detection Monitoring (on-frame),,1,1,0,5,1,10,1,4043
30-JAN-2002,51,Virginia,VA,139,1,Detection Monitoring (on-frame),,1,2,0,10,1,1,0,4043
30-JAN-2002,51,Virginia,VA,139,1,Detection Monitoring (on-frame),,1,3,1,10,15,10,1,4043
30-JAN-2002,51,Virginia,VA,139,1,Detection Monitoring (on-frame),,1,4,0,1,1,25,30,4043
30-JAN-2002,51,Virginia,VA,145,1,Detection Monitoring (on-frame),,1,1,0,70,0,10,45,3241
30-JAN-2002,51,Virginia,VA,145,1,Detection Monitoring (on-frame),,1,2,0,40,0,1,15,3241
30-JAN-2002,51,Virginia,VA,145,1,Detection Monitoring (on-frame),,1,3,5,1,0,0,95,3241
30-JAN-2002,51,Virginia,VA,145,1,Detection Monitoring (on-frame),,1,4,0,35,0,5,40,3241
30-JAN-2002,51,Virginia,VA,163,1,Detection Monitoring (on-frame),,1,1,5,5,5,1,20,3287
30-JAN-2002,51,Virginia,VA,163,1,Detection Monitoring (on-frame),,1,3,0,1,0,20,20,3287
30-JAN-2002,51,Virginia,VA,163,1,Detection Monitoring (on-frame),,1,4,0,15,10,10,20,3287
30-JAN-2002,51,Virginia,VA,165,1,Detection Monitoring (on-frame),,1,1,0,15,1,15,25,4039
30-JAN-2002,51,Virginia,VA,165,1,Detection Monitoring (on-frame),,1,2,0,15,5,30,10,4039
30-JAN-2002,51,Virginia,VA,165,1,Detection Monitoring (on-frame),,1,3,0,5,15,20,15,4039
30-JAN-2002,51,Virginia,VA,165,1,Detection Monitoring (on-frame),,1,4,0,10,10,30,10,4039
30-JAN-2002,51,Virginia,VA,179,1,Detection Monitoring (on-frame),,1,1,0,5,0,5,25,4020
30-JAN-2002,51,Virginia,VA,179,1,Detection Monitoring (on-frame),,1,2,0,15,0,25,5,4020
30-JAN-2002,51,Virginia,VA,179,1,Detection Monitoring (on-frame),,1,3,0,25,1,35,30,4020
30-JAN-2002,51,Virginia,VA,179,1,Detection Monitoring (on-frame),,1,4,0,50,50,5,40,4020
30-JAN-2002,51,Virginia,VA,181,1,Detection Monitoring (on-frame),,1,1,0,5,1,1,1,3223
30-JAN-2002,51,Virginia,VA,181,1,Detection Monitoring (on-frame),,1,3,0,10,5,5,5,3223
30-JAN-2002,51,Virginia,VA,185,1,Detection Monitoring (on-frame),,1,2,5,5,35,15,1,3311
30-JAN-2002,51,Virginia,VA,191,1,Detection Monitoring (on-frame),,1,1,10,20,1,5,0,2784
30-JAN-2002,51,Virginia,VA,191,1,Detection Monitoring (on-frame),,1,2,15,20,1,1,5,2784
30-JAN-2002,51,Virginia,VA,191,1,Detection Monitoring (on-frame),,1,3,1,10,1,5,5,2784
30-JAN-2002,51,Virginia,VA,191,1,Detection Monitoring (on-frame),,1,4,25,10,5,5,5,2784
30-JAN-2002,51,Virginia,VA,195,1,Detection Monitoring (on-frame),,1,1,20,60,30,10,20,2811
30-JAN-2002,51,Virginia,VA,195,1,Detection Monitoring (on-frame),,1,2,10,60,50,10,30,2811
30-JAN-2002,51,Virginia,VA,195,1,Detection Monitoring (on-frame),,1,3,10,55,10,10,20,2811
30-JAN-2002,51,Virginia,VA,195,1,Detection Monitoring (on-frame),,1,4,10,50,5,5,70,2811
