<?xml version="1.0" encoding="UTF-8"?>
<metadata xml:lang="en"><Esri><CreaDate>20140421</CreaDate><CreaTime>13430200</CreaTime><ArcGISFormat>1.0</ArcGISFormat><SyncOnce>TRUE</SyncOnce><DataProperties><itemProps><itemLocation><linkage Sync="TRUE">file://\\IGSKAECGLT86025\D$\a1_1load\va_crystal_springs_20140420_1830_dd83</linkage><protocol Sync="TRUE">Local Area Network</protocol></itemLocation></itemProps><copyHistory><copy source="R:\perimeter_current_year\incoming\jim\to_sandy_04_21_monday2perim\va_crystal_springs_20140420_1830_dd83" dest="\\IGSKAECGLT86025\D$\a1_1load\va_crystal_springs_20140420_1830_dd83" date="20140421" time="13430200"></copy></copyHistory></DataProperties></Esri></metadata>
