<?xml version="1.0"?>
<!--<!DOCTYPE metadata SYSTEM "http://www.esri.com/metadata/esriprof80.dtd">-->
<metadata xml:lang="en"><Esri><MetaID>{C83FAEB8-5961-4532-9775-AA9728D1B546}</MetaID><CreaDate>20080911</CreaDate><CreaTime>07500800</CreaTime><SyncOnce>FALSE</SyncOnce><DataProperties><lineage><Process ToolSource="C:\Program Files\ArcGIS\ArcToolbox\Toolboxes\Data Management Tools.tbx\Append" Date="20080911" Time="075008">Append K:\RefCombine\R5FwsBoundary_091008.gdb\amg_FwsInterest_NAD83_DD K:\RefCombine\R5FwsBoundary_091008.gdb\R5ref_Geographic_NAD83_DD\FwsInterest_NAD83_DD TEST # K:\RefCombine\R5FwsBoundary_091008.gdb\R5ref_Geographic_NAD83_DD\FwsInterest_NAD83_DD</Process><Process ToolSource="C:\Program Files\ArcGIS\ArcToolbox\Toolboxes\Data Management Tools.tbx\Append" Date="20080911" Time="075100">Append K:\RefCombine\R5FwsBoundary_091008.gdb\aro_FwsInterest_NAD83_DD K:\RefCombine\R5FwsBoundary_091008.gdb\R5ref_Geographic_NAD83_DD\FwsInterest_NAD83_DD TEST # K:\RefCombine\R5FwsBoundary_091008.gdb\R5ref_Geographic_NAD83_DD\FwsInterest_NAD83_DD</Process><Process ToolSource="C:\Program Files\ArcGIS\ArcToolbox\Toolboxes\Data Management Tools.tbx\Append" Date="20080911" Time="075150">Append K:\RefCombine\R5FwsBoundary_091008.gdb\asr_FwsInterest_NAD83_DD K:\RefCombine\R5FwsBoundary_091008.gdb\R5ref_Geographic_NAD83_DD\FwsInterest_NAD83_DD TEST # K:\RefCombine\R5FwsBoundary_091008.gdb\R5ref_Geographic_NAD83_DD\FwsInterest_NAD83_DD</Process><Process ToolSource="C:\Program Files\ArcGIS\ArcToolbox\Toolboxes\Data Management Tools.tbx\Append" Date="20080911" Time="075241">Append K:\RefCombine\R5FwsBoundary_091008.gdb\bkb_FwsInterest_NAD83_DD K:\RefCombine\R5FwsBoundary_091008.gdb\R5ref_Geographic_NAD83_DD\FwsInterest_NAD83_DD TEST # K:\RefCombine\R5FwsBoundary_091008.gdb\R5ref_Geographic_NAD83_DD\FwsInterest_NAD83_DD</Process><Process ToolSource="C:\Program Files\ArcGIS\ArcToolbox\Toolboxes\Data Management Tools.tbx\Append" Date="20080911" Time="075334">Append K:\RefCombine\R5FwsBoundary_091008.gdb\blk_FwsInterest_NAD83_DD K:\RefCombine\R5FwsBoundary_091008.gdb\R5ref_Geographic_NAD83_DD\FwsInterest_NAD83_DD TEST # K:\RefCombine\R5FwsBoundary_091008.gdb\R5ref_Geographic_NAD83_DD\FwsInterest_NAD83_DD</Process><Process ToolSource="C:\Program Files\ArcGIS\ArcToolbox\Toolboxes\Data Management Tools.tbx\Append" Date="20080911" Time="075424">Append K:\RefCombine\R5FwsBoundary_091008.gdb\bli_FwsInterest_NAD83_DD K:\RefCombine\R5FwsBoundary_091008.gdb\R5ref_Geographic_NAD83_DD\FwsInterest_NAD83_DD TEST # K:\RefCombine\R5FwsBoundary_091008.gdb\R5ref_Geographic_NAD83_DD\FwsInterest_NAD83_DD</Process><Process ToolSource="C:\Program Files\ArcGIS\ArcToolbox\Toolboxes\Data Management Tools.tbx\Append" Date="20080911" Time="075516">Append K:\RefCombine\R5FwsBoundary_091008.gdb\bmh_FwsInterest_NAD83_DD K:\RefCombine\R5FwsBoundary_091008.gdb\R5ref_Geographic_NAD83_DD\FwsInterest_NAD83_DD TEST # K:\RefCombine\R5FwsBoundary_091008.gdb\R5ref_Geographic_NAD83_DD\FwsInterest_NAD83_DD</Process><Process ToolSource="C:\Program Files\ArcGIS\ArcToolbox\Toolboxes\Data Management Tools.tbx\Append" Date="20080911" Time="075610">Append K:\RefCombine\R5FwsBoundary_091008.gdb\cpw_FwsInterest_NAD83_DD K:\RefCombine\R5FwsBoundary_091008.gdb\R5ref_Geographic_NAD83_DD\FwsInterest_NAD83_DD TEST # K:\RefCombine\R5FwsBoundary_091008.gdb\R5ref_Geographic_NAD83_DD\FwsInterest_NAD83_DD</Process><Process ToolSource="C:\Program Files\ArcGIS\ArcToolbox\Toolboxes\Data Management Tools.tbx\Append" Date="20080911" Time="075703">Append K:\RefCombine\R5FwsBoundary_091008.gdb\cav_FwsInterest_NAD83_DD K:\RefCombine\R5FwsBoundary_091008.gdb\R5ref_Geographic_NAD83_DD\FwsInterest_NAD83_DD TEST # K:\RefCombine\R5FwsBoundary_091008.gdb\R5ref_Geographic_NAD83_DD\FwsInterest_NAD83_DD</Process><Process ToolSource="C:\Program Files\ArcGIS\ArcToolbox\Toolboxes\Data Management Tools.tbx\Append" Date="20080911" Time="075800">Append K:\RefCombine\R5FwsBoundary_091008.gdb\cpy_FwsInterest_NAD83_DD K:\RefCombine\R5FwsBoundary_091008.gdb\R5ref_Geographic_NAD83_DD\FwsInterest_NAD83_DD TEST # K:\RefCombine\R5FwsBoundary_091008.gdb\R5ref_Geographic_NAD83_DD\FwsInterest_NAD83_DD</Process><Process ToolSource="C:\Program Files\ArcGIS\ArcToolbox\Toolboxes\Data Management Tools.tbx\Append" Date="20080911" Time="075854">Append K:\RefCombine\R5FwsBoundary_091008.gdb\chn_FwsInterest_NAD83_DD K:\RefCombine\R5FwsBoundary_091008.gdb\R5ref_Geographic_NAD83_DD\FwsInterest_NAD83_DD TEST # K:\RefCombine\R5FwsBoundary_091008.gdb\R5ref_Geographic_NAD83_DD\FwsInterest_NAD83_DD</Process><Process ToolSource="C:\Program Files\ArcGIS\ArcToolbox\Toolboxes\Data Management Tools.tbx\Append" Date="20080911" Time="075947">Append K:\RefCombine\R5FwsBoundary_091008.gdb\cnp_FwsInterest_NAD83_DD K:\RefCombine\R5FwsBoundary_091008.gdb\R5ref_Geographic_NAD83_DD\FwsInterest_NAD83_DD TEST # K:\RefCombine\R5FwsBoundary_091008.gdb\R5ref_Geographic_NAD83_DD\FwsInterest_NAD83_DD</Process><Process ToolSource="C:\Program Files\ArcGIS\ArcToolbox\Toolboxes\Data Management Tools.tbx\Append" Date="20080911" Time="080040">Append K:\RefCombine\R5FwsBoundary_091008.gdb\cri_FwsInterest_NAD83_DD K:\RefCombine\R5FwsBoundary_091008.gdb\R5ref_Geographic_NAD83_DD\FwsInterest_NAD83_DD TEST # K:\RefCombine\R5FwsBoundary_091008.gdb\R5ref_Geographic_NAD83_DD\FwsInterest_NAD83_DD</Process><Process ToolSource="C:\Program Files\ArcGIS\ArcToolbox\Toolboxes\Data Management Tools.tbx\Append" Date="20080911" Time="080130">Append K:\RefCombine\R5FwsBoundary_091008.gdb\esn_FwsInterest_NAD83_DD K:\RefCombine\R5FwsBoundary_091008.gdb\R5ref_Geographic_NAD83_DD\FwsInterest_NAD83_DD TEST # K:\RefCombine\R5FwsBoundary_091008.gdb\R5ref_Geographic_NAD83_DD\FwsInterest_NAD83_DD</Process><Process ToolSource="C:\Program Files\ArcGIS\ArcToolbox\Toolboxes\Data Management Tools.tbx\Append" Date="20080911" Time="080222">Append K:\RefCombine\R5FwsBoundary_091008.gdb\esv_FwsInterest_NAD83_DD K:\RefCombine\R5FwsBoundary_091008.gdb\R5ref_Geographic_NAD83_DD\FwsInterest_NAD83_DD TEST # K:\RefCombine\R5FwsBoundary_091008.gdb\R5ref_Geographic_NAD83_DD\FwsInterest_NAD83_DD</Process><Process ToolSource="C:\Program Files\ArcGIS\ArcToolbox\Toolboxes\Data Management Tools.tbx\Append" Date="20080911" Time="080324">Append K:\RefCombine\R5FwsBoundary_091008.gdb\ebf_FwsInterest_NAD83_DD K:\RefCombine\R5FwsBoundary_091008.gdb\R5ref_Geographic_NAD83_DD\FwsInterest_NAD83_DD TEST # K:\RefCombine\R5FwsBoundary_091008.gdb\R5ref_Geographic_NAD83_DD\FwsInterest_NAD83_DD</Process><Process ToolSource="C:\Program Files\ArcGIS\ArcToolbox\Toolboxes\Data Management Tools.tbx\Append" Date="20080911" Time="080419">Append K:\RefCombine\R5FwsBoundary_091008.gdb\ere_FwsInterest_NAD83_DD K:\RefCombine\R5FwsBoundary_091008.gdb\R5ref_Geographic_NAD83_DD\FwsInterest_NAD83_DD TEST # K:\RefCombine\R5FwsBoundary_091008.gdb\R5ref_Geographic_NAD83_DD\FwsInterest_NAD83_DD</Process><Process ToolSource="C:\Program Files\ArcGIS\ArcToolbox\Toolboxes\Data Management Tools.tbx\Append" Date="20080911" Time="080510">Append K:\RefCombine\R5FwsBoundary_091008.gdb\frs_FwsInterest_NAD83_DD K:\RefCombine\R5FwsBoundary_091008.gdb\R5ref_Geographic_NAD83_DD\FwsInterest_NAD83_DD TEST # K:\RefCombine\R5FwsBoundary_091008.gdb\R5ref_Geographic_NAD83_DD\FwsInterest_NAD83_DD</Process><Process ToolSource="C:\Program Files\ArcGIS\ArcToolbox\Toolboxes\Data Management Tools.tbx\Append" Date="20080911" Time="080600">Append K:\RefCombine\R5FwsBoundary_091008.gdb\fsh_FwsInterest_NAD83_DD K:\RefCombine\R5FwsBoundary_091008.gdb\R5ref_Geographic_NAD83_DD\FwsInterest_NAD83_DD TEST # K:\RefCombine\R5FwsBoundary_091008.gdb\R5ref_Geographic_NAD83_DD\FwsInterest_NAD83_DD</Process><Process ToolSource="C:\Program Files\ArcGIS\ArcToolbox\Toolboxes\Data Management Tools.tbx\Append" Date="20080911" Time="080651">Append K:\RefCombine\R5FwsBoundary_091008.gdb\fid_FwsInterest_NAD83_DD K:\RefCombine\R5FwsBoundary_091008.gdb\R5ref_Geographic_NAD83_DD\FwsInterest_NAD83_DD TEST # K:\RefCombine\R5FwsBoundary_091008.gdb\R5ref_Geographic_NAD83_DD\FwsInterest_NAD83_DD</Process><Process ToolSource="C:\Program Files\ArcGIS\ArcToolbox\Toolboxes\Data Management Tools.tbx\Append" Date="20080911" Time="080742">Append K:\RefCombine\R5FwsBoundary_091008.gdb\gtb_FwsInterest_NAD83_DD K:\RefCombine\R5FwsBoundary_091008.gdb\R5ref_Geographic_NAD83_DD\FwsInterest_NAD83_DD TEST # K:\RefCombine\R5FwsBoundary_091008.gdb\R5ref_Geographic_NAD83_DD\FwsInterest_NAD83_DD</Process><Process ToolSource="C:\Program Files\ArcGIS\ArcToolbox\Toolboxes\Data Management Tools.tbx\Append" Date="20080911" Time="080833">Append K:\RefCombine\R5FwsBoundary_091008.gdb\dis_FwsInterest_NAD83_DD K:\RefCombine\R5FwsBoundary_091008.gdb\R5ref_Geographic_NAD83_DD\FwsInterest_NAD83_DD TEST # K:\RefCombine\R5FwsBoundary_091008.gdb\R5ref_Geographic_NAD83_DD\FwsInterest_NAD83_DD</Process><Process ToolSource="C:\Program Files\ArcGIS\ArcToolbox\Toolboxes\Data Management Tools.tbx\Append" Date="20080911" Time="080926">Append K:\RefCombine\R5FwsBoundary_091008.gdb\grm_FwsInterest_NAD83_DD K:\RefCombine\R5FwsBoundary_091008.gdb\R5ref_Geographic_NAD83_DD\FwsInterest_NAD83_DD TEST # K:\RefCombine\R5FwsBoundary_091008.gdb\R5ref_Geographic_NAD83_DD\FwsInterest_NAD83_DD</Process><Process ToolSource="C:\Program Files\ArcGIS\ArcToolbox\Toolboxes\Data Management Tools.tbx\Append" Date="20080911" Time="081021">Append K:\RefCombine\R5FwsBoundary_091008.gdb\grs_FwsInterest_NAD83_DD K:\RefCombine\R5FwsBoundary_091008.gdb\R5ref_Geographic_NAD83_DD\FwsInterest_NAD83_DD TEST # K:\RefCombine\R5FwsBoundary_091008.gdb\R5ref_Geographic_NAD83_DD\FwsInterest_NAD83_DD</Process><Process ToolSource="C:\Program Files\ArcGIS\ArcToolbox\Toolboxes\Data Management Tools.tbx\Append" Date="20080911" Time="081113">Append K:\RefCombine\R5FwsBoundary_091008.gdb\irq_FwsInterest_NAD83_DD K:\RefCombine\R5FwsBoundary_091008.gdb\R5ref_Geographic_NAD83_DD\FwsInterest_NAD83_DD TEST # K:\RefCombine\R5FwsBoundary_091008.gdb\R5ref_Geographic_NAD83_DD\FwsInterest_NAD83_DD</Process><Process ToolSource="C:\Program Files\ArcGIS\ArcToolbox\Toolboxes\Data Management Tools.tbx\Append" Date="20080911" Time="081205">Append K:\RefCombine\R5FwsBoundary_091008.gdb\jsr_FwsInterest_NAD83_DD K:\RefCombine\R5FwsBoundary_091008.gdb\R5ref_Geographic_NAD83_DD\FwsInterest_NAD83_DD TEST # K:\RefCombine\R5FwsBoundary_091008.gdb\R5ref_Geographic_NAD83_DD\FwsInterest_NAD83_DD</Process><Process ToolSource="C:\Program Files\ArcGIS\ArcToolbox\Toolboxes\Data Management Tools.tbx\Append" Date="20080911" Time="081258">Append K:\RefCombine\R5FwsBoundary_091008.gdb\jhc_FwsInterest_NAD83_DD K:\RefCombine\R5FwsBoundary_091008.gdb\R5ref_Geographic_NAD83_DD\FwsInterest_NAD83_DD TEST # K:\RefCombine\R5FwsBoundary_091008.gdb\R5ref_Geographic_NAD83_DD\FwsInterest_NAD83_DD</Process><Process ToolSource="C:\Program Files\ArcGIS\ArcToolbox\Toolboxes\Data Management Tools.tbx\Append" Date="20080911" Time="081349">Append K:\RefCombine\R5FwsBoundary_091008.gdb\jhy_FwsInterest_NAD83_DD K:\RefCombine\R5FwsBoundary_091008.gdb\R5ref_Geographic_NAD83_DD\FwsInterest_NAD83_DD TEST # K:\RefCombine\R5FwsBoundary_091008.gdb\R5ref_Geographic_NAD83_DD\FwsInterest_NAD83_DD</Process><Process ToolSource="C:\Program Files\ArcGIS\ArcToolbox\Toolboxes\Data Management Tools.tbx\Append" Date="20080911" Time="081442">Append K:\RefCombine\R5FwsBoundary_091008.gdb\tcm_FwsInterest_NAD83_DD K:\RefCombine\R5FwsBoundary_091008.gdb\R5ref_Geographic_NAD83_DD\FwsInterest_NAD83_DD TEST # K:\RefCombine\R5FwsBoundary_091008.gdb\R5ref_Geographic_NAD83_DD\FwsInterest_NAD83_DD</Process><Process ToolSource="C:\Program Files\ArcGIS\ArcToolbox\Toolboxes\Data Management Tools.tbx\Append" Date="20080911" Time="081537">Append K:\RefCombine\R5FwsBoundary_091008.gdb\lku_FwsInterest_NAD83_DD K:\RefCombine\R5FwsBoundary_091008.gdb\R5ref_Geographic_NAD83_DD\FwsInterest_NAD83_DD TEST # K:\RefCombine\R5FwsBoundary_091008.gdb\R5ref_Geographic_NAD83_DD\FwsInterest_NAD83_DD</Process><Process ToolSource="C:\Program Files\ArcGIS\ArcToolbox\Toolboxes\Data Management Tools.tbx\Append" Date="20080911" Time="081630">Append K:\RefCombine\R5FwsBoundary_091008.gdb\clb_FwsInterest_NAD83_DD K:\RefCombine\R5FwsBoundary_091008.gdb\R5ref_Geographic_NAD83_DD\FwsInterest_NAD83_DD TEST # K:\RefCombine\R5FwsBoundary_091008.gdb\R5ref_Geographic_NAD83_DD\FwsInterest_NAD83_DD</Process><Process ToolSource="C:\Program Files\ArcGIS\ArcToolbox\Toolboxes\Data Management Tools.tbx\Append" Date="20080911" Time="081722">Append K:\RefCombine\R5FwsBoundary_091008.gdb\mrn_FwsInterest_NAD83_DD K:\RefCombine\R5FwsBoundary_091008.gdb\R5ref_Geographic_NAD83_DD\FwsInterest_NAD83_DD TEST # K:\RefCombine\R5FwsBoundary_091008.gdb\R5ref_Geographic_NAD83_DD\FwsInterest_NAD83_DD</Process><Process ToolSource="C:\Program Files\ArcGIS\ArcToolbox\Toolboxes\Data Management Tools.tbx\Append" Date="20080911" Time="081814">Append K:\RefCombine\R5FwsBoundary_091008.gdb\mhp_FwsInterest_NAD83_DD K:\RefCombine\R5FwsBoundary_091008.gdb\R5ref_Geographic_NAD83_DD\FwsInterest_NAD83_DD TEST # K:\RefCombine\R5FwsBoundary_091008.gdb\R5ref_Geographic_NAD83_DD\FwsInterest_NAD83_DD</Process><Process ToolSource="C:\Program Files\ArcGIS\ArcToolbox\Toolboxes\Data Management Tools.tbx\Append" Date="20080911" Time="081906">Append K:\RefCombine\R5FwsBoundary_091008.gdb\msn_FwsInterest_NAD83_DD K:\RefCombine\R5FwsBoundary_091008.gdb\R5ref_Geographic_NAD83_DD\FwsInterest_NAD83_DD TEST # K:\RefCombine\R5FwsBoundary_091008.gdb\R5ref_Geographic_NAD83_DD\FwsInterest_NAD83_DD</Process><Process ToolSource="C:\Program Files\ArcGIS\ArcToolbox\Toolboxes\Data Management Tools.tbx\Append" Date="20080911" Time="081958">Append K:\RefCombine\R5FwsBoundary_091008.gdb\msa_FwsInterest_NAD83_DD K:\RefCombine\R5FwsBoundary_091008.gdb\R5ref_Geographic_NAD83_DD\FwsInterest_NAD83_DD TEST # K:\RefCombine\R5FwsBoundary_091008.gdb\R5ref_Geographic_NAD83_DD\FwsInterest_NAD83_DD</Process><Process ToolSource="C:\Program Files\ArcGIS\ArcToolbox\Toolboxes\Data Management Tools.tbx\Append" Date="20080911" Time="082050">Append K:\RefCombine\R5FwsBoundary_091008.gdb\msq_FwsInterest_NAD83_DD K:\RefCombine\R5FwsBoundary_091008.gdb\R5ref_Geographic_NAD83_DD\FwsInterest_NAD83_DD TEST # K:\RefCombine\R5FwsBoundary_091008.gdb\R5ref_Geographic_NAD83_DD\FwsInterest_NAD83_DD</Process><Process ToolSource="C:\Program Files\ArcGIS\ArcToolbox\Toolboxes\Data Management Tools.tbx\Append" Date="20080911" Time="082143">Append K:\RefCombine\R5FwsBoundary_091008.gdb\mny_FwsInterest_NAD83_DD K:\RefCombine\R5FwsBoundary_091008.gdb\R5ref_Geographic_NAD83_DD\FwsInterest_NAD83_DD TEST # K:\RefCombine\R5FwsBoundary_091008.gdb\R5ref_Geographic_NAD83_DD\FwsInterest_NAD83_DD</Process><Process ToolSource="C:\Program Files\ArcGIS\ArcToolbox\Toolboxes\Data Management Tools.tbx\Append" Date="20080911" Time="082238">Append K:\RefCombine\R5FwsBoundary_091008.gdb\mnt_FwsInterest_NAD83_DD K:\RefCombine\R5FwsBoundary_091008.gdb\R5ref_Geographic_NAD83_DD\FwsInterest_NAD83_DD TEST # K:\RefCombine\R5FwsBoundary_091008.gdb\R5ref_Geographic_NAD83_DD\FwsInterest_NAD83_DD</Process><Process ToolSource="C:\Program Files\ArcGIS\ArcToolbox\Toolboxes\Data Management Tools.tbx\Append" Date="20080911" Time="082334">Append K:\RefCombine\R5FwsBoundary_091008.gdb\msh_FwsInterest_NAD83_DD K:\RefCombine\R5FwsBoundary_091008.gdb\R5ref_Geographic_NAD83_DD\FwsInterest_NAD83_DD TEST # K:\RefCombine\R5FwsBoundary_091008.gdb\R5ref_Geographic_NAD83_DD\FwsInterest_NAD83_DD</Process><Process ToolSource="C:\Program Files\ArcGIS\ArcToolbox\Toolboxes\Data Management Tools.tbx\Append" Date="20080911" Time="082426">Append K:\RefCombine\R5FwsBoundary_091008.gdb\mor_FwsInterest_NAD83_DD K:\RefCombine\R5FwsBoundary_091008.gdb\R5ref_Geographic_NAD83_DD\FwsInterest_NAD83_DD TEST # K:\RefCombine\R5FwsBoundary_091008.gdb\R5ref_Geographic_NAD83_DD\FwsInterest_NAD83_DD</Process><Process ToolSource="C:\Program Files\ArcGIS\ArcToolbox\Toolboxes\Data Management Tools.tbx\Append" Date="20080911" Time="082517">Append K:\RefCombine\R5FwsBoundary_091008.gdb\nas_FwsInterest_NAD83_DD K:\RefCombine\R5FwsBoundary_091008.gdb\R5ref_Geographic_NAD83_DD\FwsInterest_NAD83_DD TEST # K:\RefCombine\R5FwsBoundary_091008.gdb\R5ref_Geographic_NAD83_DD\FwsInterest_NAD83_DD</Process><Process ToolSource="C:\Program Files\ArcGIS\ArcToolbox\Toolboxes\Data Management Tools.tbx\Append" Date="20080911" Time="082608">Append K:\RefCombine\R5FwsBoundary_091008.gdb\nat_FwsInterest_NAD83_DD K:\RefCombine\R5FwsBoundary_091008.gdb\R5ref_Geographic_NAD83_DD\FwsInterest_NAD83_DD TEST # K:\RefCombine\R5FwsBoundary_091008.gdb\R5ref_Geographic_NAD83_DD\FwsInterest_NAD83_DD</Process><Process ToolSource="C:\Program Files\ArcGIS\ArcToolbox\Toolboxes\Data Management Tools.tbx\Append" Date="20080911" Time="082700">Append K:\RefCombine\R5FwsBoundary_091008.gdb\ngr_FwsInterest_NAD83_DD K:\RefCombine\R5FwsBoundary_091008.gdb\R5ref_Geographic_NAD83_DD\FwsInterest_NAD83_DD TEST # K:\RefCombine\R5FwsBoundary_091008.gdb\R5ref_Geographic_NAD83_DD\FwsInterest_NAD83_DD</Process><Process ToolSource="C:\Program Files\ArcGIS\ArcToolbox\Toolboxes\Data Management Tools.tbx\Append" Date="20080911" Time="082752">Append K:\RefCombine\R5FwsBoundary_091008.gdb\nli_FwsInterest_NAD83_DD K:\RefCombine\R5FwsBoundary_091008.gdb\R5ref_Geographic_NAD83_DD\FwsInterest_NAD83_DD TEST # K:\RefCombine\R5FwsBoundary_091008.gdb\R5ref_Geographic_NAD83_DD\FwsInterest_NAD83_DD</Process><Process ToolSource="C:\Program Files\ArcGIS\ArcToolbox\Toolboxes\Data Management Tools.tbx\Append" Date="20080911" Time="082843">Append K:\RefCombine\R5FwsBoundary_091008.gdb\ocq_FwsInterest_NAD83_DD K:\RefCombine\R5FwsBoundary_091008.gdb\R5ref_Geographic_NAD83_DD\FwsInterest_NAD83_DD TEST # K:\RefCombine\R5FwsBoundary_091008.gdb\R5ref_Geographic_NAD83_DD\FwsInterest_NAD83_DD</Process><Process ToolSource="C:\Program Files\ArcGIS\ArcToolbox\Toolboxes\Data Management Tools.tbx\Append" Date="20080911" Time="082951">Append K:\RefCombine\R5FwsBoundary_091008.gdb\ori_FwsInterest_NAD83_DD K:\RefCombine\R5FwsBoundary_091008.gdb\R5ref_Geographic_NAD83_DD\FwsInterest_NAD83_DD TEST # K:\RefCombine\R5FwsBoundary_091008.gdb\R5ref_Geographic_NAD83_DD\FwsInterest_NAD83_DD</Process><Process ToolSource="C:\Program Files\ArcGIS\ArcToolbox\Toolboxes\Data Management Tools.tbx\Append" Date="20080911" Time="083100">Append K:\RefCombine\R5FwsBoundary_091008.gdb\oxb_FwsInterest_NAD83_DD K:\RefCombine\R5FwsBoundary_091008.gdb\R5ref_Geographic_NAD83_DD\FwsInterest_NAD83_DD TEST # K:\RefCombine\R5FwsBoundary_091008.gdb\R5ref_Geographic_NAD83_DD\FwsInterest_NAD83_DD</Process><Process ToolSource="C:\Program Files\ArcGIS\ArcToolbox\Toolboxes\Data Management Tools.tbx\Append" Date="20080911" Time="083200">Append K:\RefCombine\R5FwsBoundary_091008.gdb\oys_FwsInterest_NAD83_DD K:\RefCombine\R5FwsBoundary_091008.gdb\R5ref_Geographic_NAD83_DD\FwsInterest_NAD83_DD TEST # K:\RefCombine\R5FwsBoundary_091008.gdb\R5ref_Geographic_NAD83_DD\FwsInterest_NAD83_DD</Process><Process ToolSource="C:\Program Files\ArcGIS\ArcToolbox\Toolboxes\Data Management Tools.tbx\Append" Date="20080911" Time="083254">Append K:\RefCombine\R5FwsBoundary_091008.gdb\pkr_FwsInterest_NAD83_DD K:\RefCombine\R5FwsBoundary_091008.gdb\R5ref_Geographic_NAD83_DD\FwsInterest_NAD83_DD TEST # K:\RefCombine\R5FwsBoundary_091008.gdb\R5ref_Geographic_NAD83_DD\FwsInterest_NAD83_DD</Process><Process ToolSource="C:\Program Files\ArcGIS\ArcToolbox\Toolboxes\Data Management Tools.tbx\Append" Date="20080911" Time="083346">Append K:\RefCombine\R5FwsBoundary_091008.gdb\pwr_FwsInterest_NAD83_DD K:\RefCombine\R5FwsBoundary_091008.gdb\R5ref_Geographic_NAD83_DD\FwsInterest_NAD83_DD TEST # K:\RefCombine\R5FwsBoundary_091008.gdb\R5ref_Geographic_NAD83_DD\FwsInterest_NAD83_DD</Process><Process ToolSource="C:\Program Files\ArcGIS\ArcToolbox\Toolboxes\Data Management Tools.tbx\Append" Date="20080911" Time="083442">Append K:\RefCombine\R5FwsBoundary_091008.gdb\pmn_FwsInterest_NAD83_DD K:\RefCombine\R5FwsBoundary_091008.gdb\R5ref_Geographic_NAD83_DD\FwsInterest_NAD83_DD TEST # K:\RefCombine\R5FwsBoundary_091008.gdb\R5ref_Geographic_NAD83_DD\FwsInterest_NAD83_DD</Process><Process ToolSource="C:\Program Files\ArcGIS\ArcToolbox\Toolboxes\Data Management Tools.tbx\Append" Date="20080911" Time="083538">Append K:\RefCombine\R5FwsBoundary_091008.gdb\pti_FwsInterest_NAD83_DD K:\RefCombine\R5FwsBoundary_091008.gdb\R5ref_Geographic_NAD83_DD\FwsInterest_NAD83_DD TEST # K:\RefCombine\R5FwsBoundary_091008.gdb\R5ref_Geographic_NAD83_DD\FwsInterest_NAD83_DD</Process><Process ToolSource="C:\Program Files\ArcGIS\ArcToolbox\Toolboxes\Data Management Tools.tbx\Append" Date="20080911" Time="083633">Append K:\RefCombine\R5FwsBoundary_091008.gdb\pis_FwsInterest_NAD83_DD K:\RefCombine\R5FwsBoundary_091008.gdb\R5ref_Geographic_NAD83_DD\FwsInterest_NAD83_DD TEST # K:\RefCombine\R5FwsBoundary_091008.gdb\R5ref_Geographic_NAD83_DD\FwsInterest_NAD83_DD</Process><Process ToolSource="C:\Program Files\ArcGIS\ArcToolbox\Toolboxes\Data Management Tools.tbx\Append" Date="20080911" Time="083726">Append K:\RefCombine\R5FwsBoundary_091008.gdb\prs_FwsInterest_NAD83_DD K:\RefCombine\R5FwsBoundary_091008.gdb\R5ref_Geographic_NAD83_DD\FwsInterest_NAD83_DD TEST # K:\RefCombine\R5FwsBoundary_091008.gdb\R5ref_Geographic_NAD83_DD\FwsInterest_NAD83_DD</Process><Process ToolSource="C:\Program Files\ArcGIS\ArcToolbox\Toolboxes\Data Management Tools.tbx\Append" Date="20080911" Time="083822">Append K:\RefCombine\R5FwsBoundary_091008.gdb\pmh_FwsInterest_NAD83_DD K:\RefCombine\R5FwsBoundary_091008.gdb\R5ref_Geographic_NAD83_DD\FwsInterest_NAD83_DD TEST # K:\RefCombine\R5FwsBoundary_091008.gdb\R5ref_Geographic_NAD83_DD\FwsInterest_NAD83_DD</Process><Process ToolSource="C:\Program Files\ArcGIS\ArcToolbox\Toolboxes\Data Management Tools.tbx\Append" Date="20080911" Time="083920">Append K:\RefCombine\R5FwsBoundary_091008.gdb\rhc_FwsInterest_NAD83_DD K:\RefCombine\R5FwsBoundary_091008.gdb\R5ref_Geographic_NAD83_DD\FwsInterest_NAD83_DD TEST # K:\RefCombine\R5FwsBoundary_091008.gdb\R5ref_Geographic_NAD83_DD\FwsInterest_NAD83_DD</Process><Process ToolSource="C:\Program Files\ArcGIS\ArcToolbox\Toolboxes\Data Management Tools.tbx\Append" Date="20080911" Time="084008">Append K:\RefCombine\R5FwsBoundary_091008.gdb\rpp_FwsInterest_NAD83_DD K:\RefCombine\R5FwsBoundary_091008.gdb\R5ref_Geographic_NAD83_DD\FwsInterest_NAD83_DD TEST # K:\RefCombine\R5FwsBoundary_091008.gdb\R5ref_Geographic_NAD83_DD\FwsInterest_NAD83_DD</Process><Process ToolSource="C:\Program Files\ArcGIS\ArcToolbox\Toolboxes\Data Management Tools.tbx\Append" Date="20080911" Time="084112">Append K:\RefCombine\R5FwsBoundary_091008.gdb\spt_FwsInterest_NAD83_DD K:\RefCombine\R5FwsBoundary_091008.gdb\R5ref_Geographic_NAD83_DD\FwsInterest_NAD83_DD TEST # K:\RefCombine\R5FwsBoundary_091008.gdb\R5ref_Geographic_NAD83_DD\FwsInterest_NAD83_DD</Process><Process ToolSource="C:\Program Files\ArcGIS\ArcToolbox\Toolboxes\Data Management Tools.tbx\Append" Date="20080911" Time="084208">Append K:\RefCombine\R5FwsBoundary_091008.gdb\sis_FwsInterest_NAD83_DD K:\RefCombine\R5FwsBoundary_091008.gdb\R5ref_Geographic_NAD83_DD\FwsInterest_NAD83_DD TEST # K:\RefCombine\R5FwsBoundary_091008.gdb\R5ref_Geographic_NAD83_DD\FwsInterest_NAD83_DD</Process><Process ToolSource="C:\Program Files\ArcGIS\ArcToolbox\Toolboxes\Data Management Tools.tbx\Append" Date="20080911" Time="084303">Append K:\RefCombine\R5FwsBoundary_091008.gdb\stk_FwsInterest_NAD83_DD K:\RefCombine\R5FwsBoundary_091008.gdb\R5ref_Geographic_NAD83_DD\FwsInterest_NAD83_DD TEST # K:\RefCombine\R5FwsBoundary_091008.gdb\R5ref_Geographic_NAD83_DD\FwsInterest_NAD83_DD</Process><Process ToolSource="C:\Program Files\ArcGIS\ArcToolbox\Toolboxes\Data Management Tools.tbx\Append" Date="20080911" Time="084357">Append K:\RefCombine\R5FwsBoundary_091008.gdb\sgl_FwsInterest_NAD83_DD K:\RefCombine\R5FwsBoundary_091008.gdb\R5ref_Geographic_NAD83_DD\FwsInterest_NAD83_DD TEST # K:\RefCombine\R5FwsBoundary_091008.gdb\R5ref_Geographic_NAD83_DD\FwsInterest_NAD83_DD</Process><Process ToolSource="C:\Program Files\ArcGIS\ArcToolbox\Toolboxes\Data Management Tools.tbx\Append" Date="20080911" Time="084440">Append K:\RefCombine\R5FwsBoundary_091008.gdb\soc_FwsInterest_NAD83_DD K:\RefCombine\R5FwsBoundary_091008.gdb\R5ref_Geographic_NAD83_DD\FwsInterest_NAD83_DD TEST # K:\RefCombine\R5FwsBoundary_091008.gdb\R5ref_Geographic_NAD83_DD\FwsInterest_NAD83_DD</Process><Process ToolSource="C:\Program Files\ArcGIS\ArcToolbox\Toolboxes\Data Management Tools.tbx\Append" Date="20080911" Time="084543">Append K:\RefCombine\R5FwsBoundary_091008.gdb\sbm_FwsInterest_NAD83_DD K:\RefCombine\R5FwsBoundary_091008.gdb\R5ref_Geographic_NAD83_DD\FwsInterest_NAD83_DD TEST # K:\RefCombine\R5FwsBoundary_091008.gdb\R5ref_Geographic_NAD83_DD\FwsInterest_NAD83_DD</Process><Process ToolSource="C:\Program Files\ArcGIS\ArcToolbox\Toolboxes\Data Management Tools.tbx\Append" Date="20080911" Time="084640">Append K:\RefCombine\R5FwsBoundary_091008.gdb\snk_FwsInterest_NAD83_DD K:\RefCombine\R5FwsBoundary_091008.gdb\R5ref_Geographic_NAD83_DD\FwsInterest_NAD83_DD TEST # K:\RefCombine\R5FwsBoundary_091008.gdb\R5ref_Geographic_NAD83_DD\FwsInterest_NAD83_DD</Process><Process ToolSource="C:\Program Files\ArcGIS\ArcToolbox\Toolboxes\Data Management Tools.tbx\Append" Date="20080911" Time="084739">Append K:\RefCombine\R5FwsBoundary_091008.gdb\spm_FwsInterest_NAD83_DD K:\RefCombine\R5FwsBoundary_091008.gdb\R5ref_Geographic_NAD83_DD\FwsInterest_NAD83_DD TEST # K:\RefCombine\R5FwsBoundary_091008.gdb\R5ref_Geographic_NAD83_DD\FwsInterest_NAD83_DD</Process><Process ToolSource="C:\Program Files\ArcGIS\ArcToolbox\Toolboxes\Data Management Tools.tbx\Append" Date="20080911" Time="084832">Append K:\RefCombine\R5FwsBoundary_091008.gdb\ssq_FwsInterest_NAD83_DD K:\RefCombine\R5FwsBoundary_091008.gdb\R5ref_Geographic_NAD83_DD\FwsInterest_NAD83_DD TEST # K:\RefCombine\R5FwsBoundary_091008.gdb\R5ref_Geographic_NAD83_DD\FwsInterest_NAD83_DD</Process><Process ToolSource="C:\Program Files\ArcGIS\ArcToolbox\Toolboxes\Data Management Tools.tbx\Append" Date="20080911" Time="084927">Append K:\RefCombine\R5FwsBoundary_091008.gdb\tgr_FwsInterest_NAD83_DD K:\RefCombine\R5FwsBoundary_091008.gdb\R5ref_Geographic_NAD83_DD\FwsInterest_NAD83_DD TEST # K:\RefCombine\R5FwsBoundary_091008.gdb\R5ref_Geographic_NAD83_DD\FwsInterest_NAD83_DD</Process><Process ToolSource="C:\Program Files\ArcGIS\ArcToolbox\Toolboxes\Data Management Tools.tbx\Append" Date="20080911" Time="085022">Append K:\RefCombine\R5FwsBoundary_091008.gdb\tis_FwsInterest_NAD83_DD K:\RefCombine\R5FwsBoundary_091008.gdb\R5ref_Geographic_NAD83_DD\FwsInterest_NAD83_DD TEST # K:\RefCombine\R5FwsBoundary_091008.gdb\R5ref_Geographic_NAD83_DD\FwsInterest_NAD83_DD</Process><Process ToolSource="C:\Program Files\ArcGIS\ArcToolbox\Toolboxes\Data Management Tools.tbx\Append" Date="20080911" Time="085115">Append K:\RefCombine\R5FwsBoundary_091008.gdb\tpd_FwsInterest_NAD83_DD K:\RefCombine\R5FwsBoundary_091008.gdb\R5ref_Geographic_NAD83_DD\FwsInterest_NAD83_DD TEST # K:\RefCombine\R5FwsBoundary_091008.gdb\R5ref_Geographic_NAD83_DD\FwsInterest_NAD83_DD</Process><Process ToolSource="C:\Program Files\ArcGIS\ArcToolbox\Toolboxes\Data Management Tools.tbx\Append" Date="20080911" Time="085211">Append K:\RefCombine\R5FwsBoundary_091008.gdb\wlk_FwsInterest_NAD83_DD K:\RefCombine\R5FwsBoundary_091008.gdb\R5ref_Geographic_NAD83_DD\FwsInterest_NAD83_DD TEST # K:\RefCombine\R5FwsBoundary_091008.gdb\R5ref_Geographic_NAD83_DD\FwsInterest_NAD83_DD</Process><Process ToolSource="C:\Program Files\ArcGIS\ArcToolbox\Toolboxes\Data Management Tools.tbx\Append" Date="20080911" Time="085306">Append K:\RefCombine\R5FwsBoundary_091008.gdb\wal_FwsInterest_NAD83_DD K:\RefCombine\R5FwsBoundary_091008.gdb\R5ref_Geographic_NAD83_DD\FwsInterest_NAD83_DD TEST # K:\RefCombine\R5FwsBoundary_091008.gdb\R5ref_Geographic_NAD83_DD\FwsInterest_NAD83_DD</Process><Process ToolSource="C:\Program Files\ArcGIS\ArcToolbox\Toolboxes\Data Management Tools.tbx\Append" Date="20080911" Time="085403">Append K:\RefCombine\R5FwsBoundary_091008.gdb\wpc_FwsInterest_NAD83_DD K:\RefCombine\R5FwsBoundary_091008.gdb\R5ref_Geographic_NAD83_DD\FwsInterest_NAD83_DD TEST # K:\RefCombine\R5FwsBoundary_091008.gdb\R5ref_Geographic_NAD83_DD\FwsInterest_NAD83_DD</Process><Process ToolSource="C:\Program Files\ArcGIS\ArcToolbox\Toolboxes\Data Management Tools.tbx\Append" Date="20080911" Time="085459">Append K:\RefCombine\R5FwsBoundary_091008.gdb\wrt_FwsInterest_NAD83_DD K:\RefCombine\R5FwsBoundary_091008.gdb\R5ref_Geographic_NAD83_DD\FwsInterest_NAD83_DD TEST # K:\RefCombine\R5FwsBoundary_091008.gdb\R5ref_Geographic_NAD83_DD\FwsInterest_NAD83_DD</Process><Process ToolSource="C:\Program Files\ArcGIS\ArcToolbox\Toolboxes\Conversion Tools.tbx\FeatureClassToFeatureClass" Date="20080911" Time="085740">FeatureClassToFeatureClass K:\RefCombine\R5FwsBoundary_091008.gdb\R5ref_Geographic_NAD83_DD\FwsInterest_NAD83_DD K:\RefCombine\R5FwsBoundary_091008.gdb\R5ref_Geographic_NAD83_DD\ R5_NAD83_DD_owned "IntType1 = 'O' OR INTTYPE1 = 'E' OR INTTYPE1 = 'S' OR INTTYPE1 = 'L' OR INTTYPE1 = 'R' OR INTTYPE1 = 'P' OR INTTYPE1 = 'M'" "CMPXNAME CMPXNAME true true false 85 Text 0 0 ,First,#,K:\RefCombine\R5FwsBoundary_091008.gdb\R5ref_Geographic_NAD83_DD\FwsInterest_NAD83_DD,CMPXNAME,-1,-1;ORGNAME ORGNAME true true false 75 Text 0 0 ,First,#,K:\RefCombine\R5FwsBoundary_091008.gdb\R5ref_Geographic_NAD83_DD\FwsInterest_NAD83_DD,ORGNAME,-1,-1;DIVNAME DIVNAME true true false 85 Text 0 0 ,First,#,K:\RefCombine\R5FwsBoundary_091008.gdb\R5ref_Geographic_NAD83_DD\FwsInterest_NAD83_DD,DIVNAME,-1,-1;UNITNAME UNITNAME true true false 75 Text 0 0 ,First,#,K:\RefCombine\R5FwsBoundary_091008.gdb\R5ref_Geographic_NAD83_DD\FwsInterest_NAD83_DD,UNITNAME,-1,-1;SUBUNAME SUBUNAME true true false 50 Text 0 0 ,First,#,K:\RefCombine\R5FwsBoundary_091008.gdb\R5ref_Geographic_NAD83_DD\FwsInterest_NAD83_DD,SUBUNAME,-1,-1;ORGCODE ORGCODE true true false 4 Long 0 0 ,First,#,K:\RefCombine\R5FwsBoundary_091008.gdb\R5ref_Geographic_NAD83_DD\FwsInterest_NAD83_DD,ORGCODE,-1,-1;IFWS IFWS true true false 10 Text 0 0 ,First,#,K:\RefCombine\R5FwsBoundary_091008.gdb\R5ref_Geographic_NAD83_DD\FwsInterest_NAD83_DD,IFWS,-1,-1;LIT LIT true true false 3 Text 0 0 ,First,#,K:\RefCombine\R5FwsBoundary_091008.gdb\R5ref_Geographic_NAD83_DD\FwsInterest_NAD83_DD,LIT,-1,-1;GISACRES GISACRES true true false 8 Double 0 0 ,First,#,K:\RefCombine\R5FwsBoundary_091008.gdb\R5ref_Geographic_NAD83_DD\FwsInterest_NAD83_DD,GISACRES,-1,-1;DOCACRES DOCACRES true true false 8 Double 0 0 ,First,#,K:\RefCombine\R5FwsBoundary_091008.gdb\R5ref_Geographic_NAD83_DD\FwsInterest_NAD83_DD,DOCACRES,-1,-1;SURACRES SURACRES true true false 8 Double 0 0 ,First,#,K:\RefCombine\R5FwsBoundary_091008.gdb\R5ref_Geographic_NAD83_DD\FwsInterest_NAD83_DD,SURACRES,-1,-1;USRIGHTS USRIGHTS true true false 6 Text 0 0 ,First,#,K:\RefCombine\R5FwsBoundary_091008.gdb\R5ref_Geographic_NAD83_DD\FwsInterest_NAD83_DD,USRIGHTS,-1,-1;INTTYPE1 INTTYPE1 true true false 3 Text 0 0 ,First,#,K:\RefCombine\R5FwsBoundary_091008.gdb\R5ref_Geographic_NAD83_DD\FwsInterest_NAD83_DD,INTTYPE1,-1,-1;INTTYPE2 INTTYPE2 true true false 3 Text 0 0 ,First,#,K:\RefCombine\R5FwsBoundary_091008.gdb\R5ref_Geographic_NAD83_DD\FwsInterest_NAD83_DD,INTTYPE2,-1,-1;TRACTNO TRACTNO true true false 15 Text 0 0 ,First,#,K:\RefCombine\R5FwsBoundary_091008.gdb\R5ref_Geographic_NAD83_DD\FwsInterest_NAD83_DD,TRACTNO,-1,-1;COMMENTS COMMENTS true true false 100 Text 0 0 ,First,#,K:\RefCombine\R5FwsBoundary_091008.gdb\R5ref_Geographic_NAD83_DD\FwsInterest_NAD83_DD,COMMENTS,-1,-1;INTIDNO INTIDNO true true false 25 Text 0 0 ,First,#,K:\RefCombine\R5FwsBoundary_091008.gdb\R5ref_Geographic_NAD83_DD\FwsInterest_NAD83_DD,INTIDNO,-1,-1;RSL_TYPE RSL_TYPE true true false 8 Text 0 0 ,First,#,K:\RefCombine\R5FwsBoundary_091008.gdb\R5ref_Geographic_NAD83_DD\FwsInterest_NAD83_DD,RSL_TYPE,-1,-1;FWSREGION FWSREGION true true false 1 Text 0 0 ,First,#,K:\RefCombine\R5FwsBoundary_091008.gdb\R5ref_Geographic_NAD83_DD\FwsInterest_NAD83_DD,FWSREGION,-1,-1;Shape_Length Shape_Length false true true 8 Double 0 0 ,First,#,K:\RefCombine\R5FwsBoundary_091008.gdb\R5ref_Geographic_NAD83_DD\FwsInterest_NAD83_DD,Shape_Length,-1,-1;Shape_Area Shape_Area false true true 8 Double 0 0 ,First,#,K:\RefCombine\R5FwsBoundary_091008.gdb\R5ref_Geographic_NAD83_DD\FwsInterest_NAD83_DD,Shape_Area,-1,-1" # K:\RefCombine\R5FwsBoundary_091008.gdb\R5ref_Geographic_NAD83_DD\R5_NAD83_DD_owned</Process><Process Name="FeatureClassToFeatureClass_1" ToolSource="C:\Program Files\ArcGIS\ArcToolbox\Toolboxes\Conversion Tools.tbx\FeatureClassToFeatureClass" Date="20080924" Time="102939">FeatureClassToFeatureClass K:\RefCombine\R5FwsBoundary_091008.gdb\R5ref_Geographic_NAD83_DD\R5_NAD83_DD_owned K:\RefCombine R5_NAD83_DD_owned.shp # "CMPXNAME CMPXNAME true true false 85 Text 0 0 ,First,#,K:\RefCombine\R5FwsBoundary_091008.gdb\R5ref_Geographic_NAD83_DD\R5_NAD83_DD_owned,CMPXNAME,-1,-1;ORGNAME ORGNAME true true false 75 Text 0 0 ,First,#,K:\RefCombine\R5FwsBoundary_091008.gdb\R5ref_Geographic_NAD83_DD\R5_NAD83_DD_owned,ORGNAME,-1,-1;DIVNAME DIVNAME true true false 85 Text 0 0 ,First,#,K:\RefCombine\R5FwsBoundary_091008.gdb\R5ref_Geographic_NAD83_DD\R5_NAD83_DD_owned,DIVNAME,-1,-1;UNITNAME UNITNAME true true false 75 Text 0 0 ,First,#,K:\RefCombine\R5FwsBoundary_091008.gdb\R5ref_Geographic_NAD83_DD\R5_NAD83_DD_owned,UNITNAME,-1,-1;SUBUNAME SUBUNAME true true false 50 Text 0 0 ,First,#,K:\RefCombine\R5FwsBoundary_091008.gdb\R5ref_Geographic_NAD83_DD\R5_NAD83_DD_owned,SUBUNAME,-1,-1;ORGCODE ORGCODE true true false 4 Long 0 0 ,First,#,K:\RefCombine\R5FwsBoundary_091008.gdb\R5ref_Geographic_NAD83_DD\R5_NAD83_DD_owned,ORGCODE,-1,-1;IFWS IFWS true true false 10 Text 0 0 ,First,#,K:\RefCombine\R5FwsBoundary_091008.gdb\R5ref_Geographic_NAD83_DD\R5_NAD83_DD_owned,IFWS,-1,-1;LIT LIT true true false 3 Text 0 0 ,First,#,K:\RefCombine\R5FwsBoundary_091008.gdb\R5ref_Geographic_NAD83_DD\R5_NAD83_DD_owned,LIT,-1,-1;GISACRES GISACRES true true false 8 Double 0 0 ,First,#,K:\RefCombine\R5FwsBoundary_091008.gdb\R5ref_Geographic_NAD83_DD\R5_NAD83_DD_owned,GISACRES,-1,-1;DOCACRES DOCACRES true true false 8 Double 0 0 ,First,#,K:\RefCombine\R5FwsBoundary_091008.gdb\R5ref_Geographic_NAD83_DD\R5_NAD83_DD_owned,DOCACRES,-1,-1;SURACRES SURACRES true true false 8 Double 0 0 ,First,#,K:\RefCombine\R5FwsBoundary_091008.gdb\R5ref_Geographic_NAD83_DD\R5_NAD83_DD_owned,SURACRES,-1,-1;USRIGHTS USRIGHTS true true false 6 Text 0 0 ,First,#,K:\RefCombine\R5FwsBoundary_091008.gdb\R5ref_Geographic_NAD83_DD\R5_NAD83_DD_owned,USRIGHTS,-1,-1;INTTYPE1 INTTYPE1 true true false 3 Text 0 0 ,First,#,K:\RefCombine\R5FwsBoundary_091008.gdb\R5ref_Geographic_NAD83_DD\R5_NAD83_DD_owned,INTTYPE1,-1,-1;INTTYPE2 INTTYPE2 true true false 3 Text 0 0 ,First,#,K:\RefCombine\R5FwsBoundary_091008.gdb\R5ref_Geographic_NAD83_DD\R5_NAD83_DD_owned,INTTYPE2,-1,-1;TRACTNO TRACTNO true true false 15 Text 0 0 ,First,#,K:\RefCombine\R5FwsBoundary_091008.gdb\R5ref_Geographic_NAD83_DD\R5_NAD83_DD_owned,TRACTNO,-1,-1;COMMENTS COMMENTS true true false 100 Text 0 0 ,First,#,K:\RefCombine\R5FwsBoundary_091008.gdb\R5ref_Geographic_NAD83_DD\R5_NAD83_DD_owned,COMMENTS,-1,-1;INTIDNO INTIDNO true true false 25 Text 0 0 ,First,#,K:\RefCombine\R5FwsBoundary_091008.gdb\R5ref_Geographic_NAD83_DD\R5_NAD83_DD_owned,INTIDNO,-1,-1;RSL_TYPE RSL_TYPE true true false 8 Text 0 0 ,First,#,K:\RefCombine\R5FwsBoundary_091008.gdb\R5ref_Geographic_NAD83_DD\R5_NAD83_DD_owned,RSL_TYPE,-1,-1;FWSREGION FWSREGION true true false 1 Text 0 0 ,First,#,K:\RefCombine\R5FwsBoundary_091008.gdb\R5ref_Geographic_NAD83_DD\R5_NAD83_DD_owned,FWSREGION,-1,-1;Shape_Leng Shape_Length false true true 8 Double 0 0 ,First,#,K:\RefCombine\R5FwsBoundary_091008.gdb\R5ref_Geographic_NAD83_DD\R5_NAD83_DD_owned,Shape_Length,-1,-1;Shape_Area Shape_Area false true true 8 Double 0 0 ,First,#,K:\RefCombine\R5FwsBoundary_091008.gdb\R5ref_Geographic_NAD83_DD\R5_NAD83_DD_owned,Shape_Area,-1,-1" # K:\RefCombine\R5_NAD83_DD_owned.shp</Process></lineage></DataProperties><SyncDate>20080924</SyncDate><SyncTime>10292800</SyncTime><ModDate>20080924</ModDate><ModTime>10292800</ModTime></Esri><idinfo><native Sync="TRUE">Microsoft Windows XP Version 5.1 (Build 2600) Service Pack 2; ESRI ArcCatalog 9.2.1.1332</native><descript><langdata Sync="TRUE">en</langdata><abstract>REQUIRED: A brief narrative summary of the data set.</abstract><purpose>REQUIRED: A summary of the intentions with which the data set was developed.</purpose></descript><citation><citeinfo><origin>REQUIRED: The name of an organization or individual that developed the data set.</origin><pubdate>REQUIRED: The date when the data set is published or otherwise made available for release.</pubdate><title Sync="TRUE">R5_NAD83_DD_owned</title><ftname Sync="TRUE">R5_NAD83_DD_owned</ftname><geoform Sync="TRUE">vector digital data</geoform><onlink Sync="TRUE">\\ifw5rocsds\data\RefCombine\R5_NAD83_DD_owned.shp</onlink></citeinfo></citation><timeperd><current>REQUIRED: The basis on which the time period of content information is determined.</current><timeinfo><sngdate><caldate>REQUIRED: The year (and optionally month, or month and day) for which the data set corresponds to the ground.</caldate></sngdate></timeinfo></timeperd><status><progress>REQUIRED: The state of the data set.</progress><update>REQUIRED: The frequency with which changes and additions are made to the data set after the initial data set is completed.</update></status><spdom><bounding><westbc Sync="TRUE">REQUIRED: Western-most coordinate of the limit of coverage expressed in longitude.</westbc><eastbc Sync="TRUE">REQUIRED: Eastern-most coordinate of the limit of coverage expressed in longitude.</eastbc><northbc Sync="TRUE">REQUIRED: Northern-most coordinate of the limit of coverage expressed in latitude.</northbc><southbc Sync="TRUE">REQUIRED: Southern-most coordinate of the limit of coverage expressed in latitude.</southbc></bounding></spdom><keywords><theme><themekt>REQUIRED: Reference to a formally registered thesaurus or a similar authoritative source of theme keywords.</themekt><themekey>REQUIRED: Common-use word or phrase used to describe the subject of the data set.</themekey></theme></keywords><accconst>REQUIRED: Restrictions and legal prerequisites for accessing the data set.</accconst><useconst>REQUIRED: Restrictions and legal prerequisites for using the data set after access is granted.</useconst><natvform Sync="TRUE">Shapefile</natvform></idinfo><dataIdInfo><envirDesc Sync="TRUE">Microsoft Windows XP Version 5.1 (Build 2600) Service Pack 2; ESRI ArcCatalog 9.2.1.1332</envirDesc><dataLang><languageCode Sync="TRUE" value="en"></languageCode></dataLang><idCitation><resTitle Sync="TRUE">R5_NAD83_DD_owned</resTitle><presForm><PresFormCd Sync="TRUE" value="005"></PresFormCd></presForm></idCitation><spatRpType><SpatRepTypCd Sync="TRUE" value="001"></SpatRepTypCd></spatRpType></dataIdInfo><metainfo><langmeta Sync="TRUE">en</langmeta><metstdn Sync="TRUE">FGDC Content Standards for Digital Geospatial Metadata</metstdn><metstdv Sync="TRUE">FGDC-STD-001-1998</metstdv><mettc Sync="TRUE">local time</mettc><metc><cntinfo><cntorgp><cntper>REQUIRED: The person responsible for the metadata information.</cntper><cntorg>REQUIRED: The organization responsible for the metadata information.</cntorg></cntorgp><cntaddr><addrtype>REQUIRED: The mailing and/or physical address for the organization or individual.</addrtype><city>REQUIRED: The city of the address.</city><state>REQUIRED: The state or province of the address.</state><postal>REQUIRED: The ZIP or other postal code of the address.</postal></cntaddr><cntvoice>REQUIRED: The telephone number by which individuals can speak to the organization or individual.</cntvoice></cntinfo></metc><metd Sync="TRUE">20080924</metd><metextns><onlink Sync="TRUE">http://www.esri.com/metadata/esriprof80.html</onlink><metprof Sync="TRUE">ESRI Metadata Profile</metprof></metextns></metainfo><mdLang><languageCode Sync="TRUE" value="en"></languageCode></mdLang><mdStanName Sync="TRUE">ISO 19115 Geographic Information - Metadata</mdStanName><mdStanVer Sync="TRUE">DIS_ESRI1.0</mdStanVer><mdChar><CharSetCd Sync="TRUE" value="004"></CharSetCd></mdChar><mdHrLv><ScopeCd Sync="TRUE" value="005"></ScopeCd></mdHrLv><mdHrLvName Sync="TRUE">dataset</mdHrLvName><distinfo><resdesc Sync="TRUE">Downloadable Data</resdesc><stdorder><digform><digtinfo><transize Sync="TRUE">0.000</transize><dssize Sync="TRUE">0.000</dssize></digtinfo></digform></stdorder></distinfo><distInfo><distributor><distorTran><onLineSrc><orDesc Sync="TRUE">002</orDesc><linkage Sync="TRUE">file://\\ifw5rocsds\data\RefCombine\R5_NAD83_DD_owned.shp</linkage><protocol Sync="TRUE">Local Area Network</protocol></onLineSrc><transSize Sync="TRUE">0.000</transSize></distorTran><distorFormat><formatName Sync="TRUE">Shapefile</formatName></distorFormat></distributor></distInfo><spdoinfo><direct Sync="TRUE">Vector</direct><ptvctinf><esriterm Name="R5_NAD83_DD_owned"><efeatyp Sync="TRUE">Simple</efeatyp><efeageom Sync="TRUE">Polygon</efeageom><esritopo Sync="TRUE">FALSE</esritopo><efeacnt Sync="TRUE">0</efeacnt><spindex Sync="TRUE">FALSE</spindex><linrefer Sync="TRUE">FALSE</linrefer></esriterm><sdtsterm Name="R5_NAD83_DD_owned"><sdtstype Sync="TRUE">G-polygon</sdtstype><ptvctcnt Sync="TRUE">0</ptvctcnt></sdtsterm></ptvctinf></spdoinfo><spref><horizsys><cordsysn><geogcsn Sync="TRUE">GCS_North_American_1983</geogcsn></cordsysn><geograph><geogunit Sync="TRUE">Decimal degrees</geogunit><latres Sync="TRUE">0.000000</latres><longres Sync="TRUE">0.000000</longres></geograph><geodetic><horizdn Sync="TRUE">North American Datum of 1983</horizdn><ellips Sync="TRUE">Geodetic Reference System 80</ellips><semiaxis Sync="TRUE">6378137.000000</semiaxis><denflat Sync="TRUE">298.257222</denflat></geodetic></horizsys></spref><refSysInfo><RefSystem><refSysID><identCode Sync="TRUE">GCS_North_American_1983</identCode></refSysID></RefSystem></refSysInfo><spatRepInfo><VectSpatRep><topLvl><TopoLevCd Sync="TRUE" value="001"></TopoLevCd></topLvl><geometObjs Name="R5_NAD83_DD_owned"><geoObjTyp><GeoObjTypCd Sync="TRUE" value="001"></GeoObjTypCd></geoObjTyp><geoObjCnt Sync="TRUE">0</geoObjCnt></geometObjs></VectSpatRep></spatRepInfo><eainfo><detailed Name="R5_NAD83_DD_owned"><enttyp><enttypl Sync="TRUE">R5_NAD83_DD_owned</enttypl><enttypt Sync="TRUE">Feature Class</enttypt><enttypc Sync="TRUE">0</enttypc></enttyp><attr><attrlabl Sync="TRUE">Shape</attrlabl><attalias Sync="TRUE">Shape</attalias><attrtype Sync="TRUE">Geometry</attrtype><attwidth Sync="TRUE">0</attwidth><atprecis Sync="TRUE">0</atprecis><attscale Sync="TRUE">0</attscale><attrdef Sync="TRUE">Feature geometry.</attrdef><attrdefs Sync="TRUE">ESRI</attrdefs><attrdomv><udom Sync="TRUE">Coordinates defining the features.</udom></attrdomv></attr><attr><attrlabl Sync="TRUE">CMPXNAME</attrlabl><attalias Sync="TRUE">CMPXNAME</attalias><attrtype Sync="TRUE">String</attrtype><attwidth Sync="TRUE">85</attwidth><atprecis Sync="TRUE">0</atprecis><attscale Sync="TRUE">0</attscale></attr><attr><attrlabl Sync="TRUE">ORGNAME</attrlabl><attalias Sync="TRUE">ORGNAME</attalias><attrtype Sync="TRUE">String</attrtype><attwidth Sync="TRUE">85</attwidth></attr><attr><attrlabl Sync="TRUE">DIVNAME</attrlabl><attalias Sync="TRUE">DIVNAME</attalias><attrtype Sync="TRUE">String</attrtype><attwidth Sync="TRUE">75</attwidth></attr><attr><attrlabl Sync="TRUE">UNITNAME</attrlabl><attalias Sync="TRUE">UNITNAME</attalias><attrtype Sync="TRUE">String</attrtype><attwidth Sync="TRUE">85</attwidth></attr><attr><attrlabl Sync="TRUE">SUBUNAME</attrlabl><attalias Sync="TRUE">SUBUNAME</attalias><attrtype Sync="TRUE">String</attrtype><attwidth Sync="TRUE">75</attwidth></attr><attr><attrlabl Sync="TRUE">ORGCODE</attrlabl><attalias Sync="TRUE">ORGCODE</attalias><attrtype Sync="TRUE">String</attrtype><attwidth Sync="TRUE">50</attwidth></attr><attr><attrlabl Sync="TRUE">IFWS</attrlabl><attalias Sync="TRUE">IFWS</attalias><attrtype Sync="TRUE">Number</attrtype><attwidth Sync="TRUE">9</attwidth></attr><attr><attrlabl Sync="TRUE">LIT</attrlabl><attalias Sync="TRUE">LIT</attalias><attrtype Sync="TRUE">String</attrtype><attwidth Sync="TRUE">10</attwidth></attr><attr><attrlabl Sync="TRUE">GISACRES</attrlabl><attalias Sync="TRUE">GISACRES</attalias><attrtype Sync="TRUE">String</attrtype><attwidth Sync="TRUE">3</attwidth></attr><attr><attrlabl Sync="TRUE">DOCACRES</attrlabl><attalias Sync="TRUE">DOCACRES</attalias><attrtype Sync="TRUE">Float</attrtype><attwidth Sync="TRUE">19</attwidth><atnumdec Sync="TRUE">11</atnumdec></attr><attr><attrlabl Sync="TRUE">SURACRES</attrlabl><attalias Sync="TRUE">SURACRES</attalias><attrtype Sync="TRUE">Float</attrtype><attwidth Sync="TRUE">19</attwidth><atnumdec Sync="TRUE">11</atnumdec></attr><attr><attrlabl Sync="TRUE">USRIGHTS</attrlabl><attalias Sync="TRUE">USRIGHTS</attalias><attrtype Sync="TRUE">Float</attrtype><attwidth Sync="TRUE">19</attwidth><atnumdec Sync="TRUE">11</atnumdec></attr><attr><attrlabl Sync="TRUE">INTTYPE1</attrlabl><attalias Sync="TRUE">INTTYPE1</attalias><attrtype Sync="TRUE">String</attrtype><attwidth Sync="TRUE">6</attwidth></attr><attr><attrlabl Sync="TRUE">INTTYPE2</attrlabl><attalias Sync="TRUE">INTTYPE2</attalias><attrtype Sync="TRUE">String</attrtype><attwidth Sync="TRUE">3</attwidth></attr><attr><attrlabl Sync="TRUE">TRACTNO</attrlabl><attalias Sync="TRUE">TRACTNO</attalias><attrtype Sync="TRUE">String</attrtype><attwidth Sync="TRUE">3</attwidth></attr><attr><attrlabl Sync="TRUE">COMMENTS</attrlabl><attalias Sync="TRUE">COMMENTS</attalias><attrtype Sync="TRUE">String</attrtype><attwidth Sync="TRUE">15</attwidth></attr><attr><attrlabl Sync="TRUE">INTIDNO</attrlabl><attalias Sync="TRUE">INTIDNO</attalias><attrtype Sync="TRUE">String</attrtype><attwidth Sync="TRUE">100</attwidth></attr><attr><attrlabl Sync="TRUE">RSL_TYPE</attrlabl><attalias Sync="TRUE">RSL_TYPE</attalias><attrtype Sync="TRUE">String</attrtype><attwidth Sync="TRUE">25</attwidth></attr><attr><attrlabl Sync="TRUE">Shape_Area</attrlabl><attalias Sync="TRUE">Shape_Area</attalias><attrtype Sync="TRUE">String</attrtype><attwidth Sync="TRUE">8</attwidth><attrdef Sync="TRUE">Area of feature in internal units squared.</attrdef><attrdefs Sync="TRUE">ESRI</attrdefs><attrdomv><udom Sync="TRUE">Positive real numbers that are automatically generated.</udom></attrdomv></attr><attr><attrlabl Sync="TRUE">FWSREGION</attrlabl><attalias Sync="TRUE">FWSREGION</attalias><attrtype Sync="TRUE">String</attrtype><attwidth Sync="TRUE">1</attwidth></attr><attr><attrlabl Sync="TRUE">FID</attrlabl><attalias Sync="TRUE">FID</attalias><attrtype Sync="TRUE">Float</attrtype><attwidth Sync="TRUE">19</attwidth><attrdef Sync="TRUE">Internal feature number.</attrdef><attrdefs Sync="TRUE">ESRI</attrdefs><attrdomv><udom Sync="TRUE">Sequential unique whole numbers that are automatically generated.</udom></attrdomv><atnumdec Sync="TRUE">11</atnumdec></attr><attr><attrlabl Sync="TRUE">Shape_Leng</attrlabl><attalias Sync="TRUE">Shape_Leng</attalias><attrtype Sync="TRUE">Float</attrtype><attwidth Sync="TRUE">19</attwidth><atnumdec Sync="TRUE">11</atnumdec></attr></detailed></eainfo><mdDateSt Sync="TRUE">20080924</mdDateSt></metadata>
