<metadata xml:lang="en"><Esri><CreaDate>20130416</CreaDate><CreaTime>13190200</CreaTime><ArcGISFormat>1.0</ArcGISFormat><SyncOnce>FALSE</SyncOnce><DataProperties><lineage><Process Name="Trails Append" ToolSource="C:\Program Files (x86)\ArcGIS\Desktop10.0\ArcToolbox\Toolboxes\Data Management Tools.tbx\Append" Date="20130416" Time="131902">Append '\\Tempest\Shared\GIS\Data\Sharing\Data Download Portal\Sawyer Read.sde\vectorgis_prd.DBO.Recreation\vectorgis_prd.DBO.Trails' "\\Tempest\Shared\GIS\Data\Sharing\Data Download Portal\Staging\RecreationGDB\Recreation.gdb\Trail" NO_TEST "TRAIL_NAME "Trail Name" true false false 60 Text 0 0 ,First,#,\\Tempest\Shared\GIS\Data\Sharing\Data Download Portal\Sawyer Read.sde\vectorgis_prd.DBO.Recreation\vectorgis_prd.DBO.Trails,TRAIL_NAME,-1,-1;COMMENT "Comments" true false false 100 Text 0 0 ,First,#,\\Tempest\Shared\GIS\Data\Sharing\Data Download Portal\Sawyer Read.sde\vectorgis_prd.DBO.Recreation\vectorgis_prd.DBO.Trails,COMMENT,-1,-1;SURFACE "Surface Material" true false false 20 Text 0 0 ,First,#,\\Tempest\Shared\GIS\Data\Sharing\Data Download Portal\Sawyer Read.sde\vectorgis_prd.DBO.Recreation\vectorgis_prd.DBO.Trails,SURFACE,-1,-1;GPS_DATA_F "GPS Data Filename" true false false 50 Text 0 0 ,First,#,\\Tempest\Shared\GIS\Data\Sharing\Data Download Portal\Sawyer Read.sde\vectorgis_prd.DBO.Recreation\vectorgis_prd.DBO.Trails,GPS_DATA_F,-1,-1;ID2 "ID2" true false false 8 Double 0 0 ,First,#,\\Tempest\Shared\GIS\Data\Sharing\Data Download Portal\Sawyer Read.sde\vectorgis_prd.DBO.Recreation\vectorgis_prd.DBO.Trails,ID2,-1,-1;Difficulty "Difficulty" true false false 50 Text 0 0 ,First,#,\\Tempest\Shared\GIS\Data\Sharing\Data Download Portal\Sawyer Read.sde\vectorgis_prd.DBO.Recreation\vectorgis_prd.DBO.Trails,Difficulty,-1,-1;ADA_ACCESS "ADA Access" true false false 2 Short 0 0 ,First,#,\\Tempest\Shared\GIS\Data\Sharing\Data Download Portal\Sawyer Read.sde\vectorgis_prd.DBO.Recreation\vectorgis_prd.DBO.Trails,ADA_ACCESS,-1,-1;TRAIL_WIDT "Trail Width" true true false 4 Long 0 0 ,First,#,\\Tempest\Shared\GIS\Data\Sharing\Data Download Portal\Sawyer Read.sde\vectorgis_prd.DBO.Recreation\vectorgis_prd.DBO.Trails,TRAIL_WIDT,-1,-1;HIKING "Hiking?" true false false 2 Short 0 0 ,First,#,\\Tempest\Shared\GIS\Data\Sharing\Data Download Portal\Sawyer Read.sde\vectorgis_prd.DBO.Recreation\vectorgis_prd.DBO.Trails,HIKING,-1,-1;BIKING "Biking?" true false false 2 Short 0 0 ,First,#,\\Tempest\Shared\GIS\Data\Sharing\Data Download Portal\Sawyer Read.sde\vectorgis_prd.DBO.Recreation\vectorgis_prd.DBO.Trails,BIKING,-1,-1;WALKING "Walking?" true false false 2 Short 0 0 ,First,#,\\Tempest\Shared\GIS\Data\Sharing\Data Download Portal\Sawyer Read.sde\vectorgis_prd.DBO.Recreation\vectorgis_prd.DBO.Trails,WALKING,-1,-1;MAINTENANCE "Maintenance Trail?" true false false 2 Short 0 0 ,First,#,\\Tempest\Shared\GIS\Data\Sharing\Data Download Portal\Sawyer Read.sde\vectorgis_prd.DBO.Recreation\vectorgis_prd.DBO.Trails,MAINTENANCE,-1,-1;MULTIUSE "Multi-use?" true false false 2 Short 0 0 ,First,#,\\Tempest\Shared\GIS\Data\Sharing\Data Download Portal\Sawyer Read.sde\vectorgis_prd.DBO.Recreation\vectorgis_prd.DBO.Trails,MULTIUSE,-1,-1;PARK "Park" true true false 50 Text 0 0 ,First,#,\\Tempest\Shared\GIS\Data\Sharing\Data Download Portal\Sawyer Read.sde\vectorgis_prd.DBO.Recreation\vectorgis_prd.DBO.Trails,PARK,-1,-1;Shape_Length "Shape_Length" false true true 8 Double 0 0 ,First,#" #</Process><Process Name="Trails Append" ToolSource="C:\Program Files (x86)\ArcGIS\Desktop10.0\ArcToolbox\Toolboxes\Data Management Tools.tbx\Append" Date="20130416" Time="132301">Append '\\Tempest\Shared\GIS\Data\Sharing\Data Download Portal\Sawyer Read.sde\vectorgis_prd.DBO.Recreation\vectorgis_prd.DBO.Trails' "\\Tempest\Shared\GIS\Data\Sharing\Data Download Portal\Staging\RecreationGDB\Recreation.gdb\Trail" NO_TEST "TRAIL_NAME "Trail Name" true false false 60 Text 0 0 ,First,#,\\Tempest\Shared\GIS\Data\Sharing\Data Download Portal\Sawyer Read.sde\vectorgis_prd.DBO.Recreation\vectorgis_prd.DBO.Trails,TRAIL_NAME,-1,-1;COMMENT "Comments" true false false 100 Text 0 0 ,First,#,\\Tempest\Shared\GIS\Data\Sharing\Data Download Portal\Sawyer Read.sde\vectorgis_prd.DBO.Recreation\vectorgis_prd.DBO.Trails,COMMENT,-1,-1;SURFACE "Surface Material" true false false 20 Text 0 0 ,First,#,\\Tempest\Shared\GIS\Data\Sharing\Data Download Portal\Sawyer Read.sde\vectorgis_prd.DBO.Recreation\vectorgis_prd.DBO.Trails,SURFACE,-1,-1;GPS_DATA_F "GPS Data Filename" true false false 50 Text 0 0 ,First,#,\\Tempest\Shared\GIS\Data\Sharing\Data Download Portal\Sawyer Read.sde\vectorgis_prd.DBO.Recreation\vectorgis_prd.DBO.Trails,GPS_DATA_F,-1,-1;ID2 "ID2" true false false 8 Double 0 0 ,First,#,\\Tempest\Shared\GIS\Data\Sharing\Data Download Portal\Sawyer Read.sde\vectorgis_prd.DBO.Recreation\vectorgis_prd.DBO.Trails,ID2,-1,-1;Difficulty "Difficulty" true false false 50 Text 0 0 ,First,#,\\Tempest\Shared\GIS\Data\Sharing\Data Download Portal\Sawyer Read.sde\vectorgis_prd.DBO.Recreation\vectorgis_prd.DBO.Trails,Difficulty,-1,-1;ADA_ACCESS "ADA Access" true false false 2 Short 0 0 ,First,#,\\Tempest\Shared\GIS\Data\Sharing\Data Download Portal\Sawyer Read.sde\vectorgis_prd.DBO.Recreation\vectorgis_prd.DBO.Trails,ADA_ACCESS,-1,-1;TRAIL_WIDT "Trail Width" true true false 4 Long 0 0 ,First,#,\\Tempest\Shared\GIS\Data\Sharing\Data Download Portal\Sawyer Read.sde\vectorgis_prd.DBO.Recreation\vectorgis_prd.DBO.Trails,TRAIL_WIDT,-1,-1;HIKING "Hiking?" true false false 2 Short 0 0 ,First,#,\\Tempest\Shared\GIS\Data\Sharing\Data Download Portal\Sawyer Read.sde\vectorgis_prd.DBO.Recreation\vectorgis_prd.DBO.Trails,HIKING,-1,-1;BIKING "Biking?" true false false 2 Short 0 0 ,First,#,\\Tempest\Shared\GIS\Data\Sharing\Data Download Portal\Sawyer Read.sde\vectorgis_prd.DBO.Recreation\vectorgis_prd.DBO.Trails,BIKING,-1,-1;WALKING "Walking?" true false false 2 Short 0 0 ,First,#,\\Tempest\Shared\GIS\Data\Sharing\Data Download Portal\Sawyer Read.sde\vectorgis_prd.DBO.Recreation\vectorgis_prd.DBO.Trails,WALKING,-1,-1;MAINTENANCE "Maintenance Trail?" true false false 2 Short 0 0 ,First,#,\\Tempest\Shared\GIS\Data\Sharing\Data Download Portal\Sawyer Read.sde\vectorgis_prd.DBO.Recreation\vectorgis_prd.DBO.Trails,MAINTENANCE,-1,-1;MULTIUSE "Multi-use?" true false false 2 Short 0 0 ,First,#,\\Tempest\Shared\GIS\Data\Sharing\Data Download Portal\Sawyer Read.sde\vectorgis_prd.DBO.Recreation\vectorgis_prd.DBO.Trails,MULTIUSE,-1,-1;PARK "Park" true true false 50 Text 0 0 ,First,#,\\Tempest\Shared\GIS\Data\Sharing\Data Download Portal\Sawyer Read.sde\vectorgis_prd.DBO.Recreation\vectorgis_prd.DBO.Trails,PARK,-1,-1;Shape_Length "Shape_Length" false true true 8 Double 0 0 ,First,#" #</Process><Process Name="Trails Append" ToolSource="C:\Program Files (x86)\ArcGIS\Desktop10.0\ArcToolbox\Toolboxes\Data Management Tools.tbx\Append" Date="20130416" Time="132648">Append '\\Tempest\Shared\GIS\Data\Sharing\Data Download Portal\Sawyer Read.sde\vectorgis_prd.DBO.Recreation\vectorgis_prd.DBO.Trails' "\\tempest\shared\GIS\Data\Sharing\Data Download Portal\Staging\RecreationGDB\Recreation.gdb\Trail" NO_TEST "TRAIL_NAME "Trail Name" true false false 60 Text 0 0 ,First,#,\\Tempest\Shared\GIS\Data\Sharing\Data Download Portal\Sawyer Read.sde\vectorgis_prd.DBO.Recreation\vectorgis_prd.DBO.Trails,TRAIL_NAME,-1,-1;COMMENT "Comments" true false false 100 Text 0 0 ,First,#,\\Tempest\Shared\GIS\Data\Sharing\Data Download Portal\Sawyer Read.sde\vectorgis_prd.DBO.Recreation\vectorgis_prd.DBO.Trails,COMMENT,-1,-1;SURFACE "Surface Material" true false false 20 Text 0 0 ,First,#,\\Tempest\Shared\GIS\Data\Sharing\Data Download Portal\Sawyer Read.sde\vectorgis_prd.DBO.Recreation\vectorgis_prd.DBO.Trails,SURFACE,-1,-1;GPS_DATA_F "GPS Data Filename" true false false 50 Text 0 0 ,First,#,\\Tempest\Shared\GIS\Data\Sharing\Data Download Portal\Sawyer Read.sde\vectorgis_prd.DBO.Recreation\vectorgis_prd.DBO.Trails,GPS_DATA_F,-1,-1;ID2 "ID2" true false false 8 Double 0 0 ,First,#,\\Tempest\Shared\GIS\Data\Sharing\Data Download Portal\Sawyer Read.sde\vectorgis_prd.DBO.Recreation\vectorgis_prd.DBO.Trails,ID2,-1,-1;Difficulty "Difficulty" true false false 50 Text 0 0 ,First,#,\\Tempest\Shared\GIS\Data\Sharing\Data Download Portal\Sawyer Read.sde\vectorgis_prd.DBO.Recreation\vectorgis_prd.DBO.Trails,Difficulty,-1,-1;ADA_ACCESS "ADA Access" true false false 2 Short 0 0 ,First,#,\\Tempest\Shared\GIS\Data\Sharing\Data Download Portal\Sawyer Read.sde\vectorgis_prd.DBO.Recreation\vectorgis_prd.DBO.Trails,ADA_ACCESS,-1,-1;TRAIL_WIDT "Trail Width" true true false 4 Long 0 0 ,First,#,\\Tempest\Shared\GIS\Data\Sharing\Data Download Portal\Sawyer Read.sde\vectorgis_prd.DBO.Recreation\vectorgis_prd.DBO.Trails,TRAIL_WIDT,-1,-1;HIKING "Hiking?" true false false 2 Short 0 0 ,First,#,\\Tempest\Shared\GIS\Data\Sharing\Data Download Portal\Sawyer Read.sde\vectorgis_prd.DBO.Recreation\vectorgis_prd.DBO.Trails,HIKING,-1,-1;BIKING "Biking?" true false false 2 Short 0 0 ,First,#,\\Tempest\Shared\GIS\Data\Sharing\Data Download Portal\Sawyer Read.sde\vectorgis_prd.DBO.Recreation\vectorgis_prd.DBO.Trails,BIKING,-1,-1;WALKING "Walking?" true false false 2 Short 0 0 ,First,#,\\Tempest\Shared\GIS\Data\Sharing\Data Download Portal\Sawyer Read.sde\vectorgis_prd.DBO.Recreation\vectorgis_prd.DBO.Trails,WALKING,-1,-1;MAINTENANCE "Maintenance Trail?" true false false 2 Short 0 0 ,First,#,\\Tempest\Shared\GIS\Data\Sharing\Data Download Portal\Sawyer Read.sde\vectorgis_prd.DBO.Recreation\vectorgis_prd.DBO.Trails,MAINTENANCE,-1,-1;MULTIUSE "Multi-use?" true false false 2 Short 0 0 ,First,#,\\Tempest\Shared\GIS\Data\Sharing\Data Download Portal\Sawyer Read.sde\vectorgis_prd.DBO.Recreation\vectorgis_prd.DBO.Trails,MULTIUSE,-1,-1;PARK "Park" true true false 50 Text 0 0 ,First,#,\\Tempest\Shared\GIS\Data\Sharing\Data Download Portal\Sawyer Read.sde\vectorgis_prd.DBO.Recreation\vectorgis_prd.DBO.Trails,PARK,-1,-1;Editor "Editor" true true false 50 Text 0 0 ,First,#,\\Tempest\Shared\GIS\Data\Sharing\Data Download Portal\Sawyer Read.sde\vectorgis_prd.DBO.Recreation\vectorgis_prd.DBO.Trails,Editor,-1,-1;DateModify "DateModify" true true false 8 Date 0 0 ,First,#,\\Tempest\Shared\GIS\Data\Sharing\Data Download Portal\Sawyer Read.sde\vectorgis_prd.DBO.Recreation\vectorgis_prd.DBO.Trails,DateModify,-1,-1;SHAPE_Length "SHAPE_Length" false true true 8 Double 0 0 ,First,#" #</Process><Process Name="Trails Append" ToolSource="C:\Program Files (x86)\ArcGIS\Desktop10.0\ArcToolbox\Toolboxes\Data Management Tools.tbx\Append" Date="20130416" Time="133034">Append '\\Tempest\Shared\GIS\Data\Sharing\Data Download Portal\Sawyer Read.sde\vectorgis_prd.DBO.Recreation\vectorgis_prd.DBO.Trails' "\\tempest\shared\GIS\Data\Sharing\Data Download Portal\Staging\RecreationGDB\Recreation.gdb\Trail" NO_TEST "TRAIL_NAME "Trail Name" true false false 60 Text 0 0 ,First,#,\\Tempest\Shared\GIS\Data\Sharing\Data Download Portal\Sawyer Read.sde\vectorgis_prd.DBO.Recreation\vectorgis_prd.DBO.Trails,TRAIL_NAME,-1,-1;COMMENT "Comments" true false false 100 Text 0 0 ,First,#,\\Tempest\Shared\GIS\Data\Sharing\Data Download Portal\Sawyer Read.sde\vectorgis_prd.DBO.Recreation\vectorgis_prd.DBO.Trails,COMMENT,-1,-1;SURFACE "Surface Material" true false false 20 Text 0 0 ,First,#,\\Tempest\Shared\GIS\Data\Sharing\Data Download Portal\Sawyer Read.sde\vectorgis_prd.DBO.Recreation\vectorgis_prd.DBO.Trails,SURFACE,-1,-1;GPS_DATA_F "GPS Data Filename" true false false 50 Text 0 0 ,First,#,\\Tempest\Shared\GIS\Data\Sharing\Data Download Portal\Sawyer Read.sde\vectorgis_prd.DBO.Recreation\vectorgis_prd.DBO.Trails,GPS_DATA_F,-1,-1;ID2 "ID2" true false false 8 Double 0 0 ,First,#,\\Tempest\Shared\GIS\Data\Sharing\Data Download Portal\Sawyer Read.sde\vectorgis_prd.DBO.Recreation\vectorgis_prd.DBO.Trails,ID2,-1,-1;Difficulty "Difficulty" true false false 50 Text 0 0 ,First,#,\\Tempest\Shared\GIS\Data\Sharing\Data Download Portal\Sawyer Read.sde\vectorgis_prd.DBO.Recreation\vectorgis_prd.DBO.Trails,Difficulty,-1,-1;ADA_ACCESS "ADA Access" true false false 2 Short 0 0 ,First,#,\\Tempest\Shared\GIS\Data\Sharing\Data Download Portal\Sawyer Read.sde\vectorgis_prd.DBO.Recreation\vectorgis_prd.DBO.Trails,ADA_ACCESS,-1,-1;TRAIL_WIDT "Trail Width" true true false 4 Long 0 0 ,First,#,\\Tempest\Shared\GIS\Data\Sharing\Data Download Portal\Sawyer Read.sde\vectorgis_prd.DBO.Recreation\vectorgis_prd.DBO.Trails,TRAIL_WIDT,-1,-1;HIKING "Hiking?" true false false 2 Short 0 0 ,First,#,\\Tempest\Shared\GIS\Data\Sharing\Data Download Portal\Sawyer Read.sde\vectorgis_prd.DBO.Recreation\vectorgis_prd.DBO.Trails,HIKING,-1,-1;BIKING "Biking?" true false false 2 Short 0 0 ,First,#,\\Tempest\Shared\GIS\Data\Sharing\Data Download Portal\Sawyer Read.sde\vectorgis_prd.DBO.Recreation\vectorgis_prd.DBO.Trails,BIKING,-1,-1;WALKING "Walking?" true false false 2 Short 0 0 ,First,#,\\Tempest\Shared\GIS\Data\Sharing\Data Download Portal\Sawyer Read.sde\vectorgis_prd.DBO.Recreation\vectorgis_prd.DBO.Trails,WALKING,-1,-1;MAINTENANCE "Maintenance Trail?" true false false 2 Short 0 0 ,First,#,\\Tempest\Shared\GIS\Data\Sharing\Data Download Portal\Sawyer Read.sde\vectorgis_prd.DBO.Recreation\vectorgis_prd.DBO.Trails,MAINTENANCE,-1,-1;MULTIUSE "Multi-use?" true false false 2 Short 0 0 ,First,#,\\Tempest\Shared\GIS\Data\Sharing\Data Download Portal\Sawyer Read.sde\vectorgis_prd.DBO.Recreation\vectorgis_prd.DBO.Trails,MULTIUSE,-1,-1;PARK "Park" true true false 50 Text 0 0 ,First,#,\\Tempest\Shared\GIS\Data\Sharing\Data Download Portal\Sawyer Read.sde\vectorgis_prd.DBO.Recreation\vectorgis_prd.DBO.Trails,PARK,-1,-1;Editor "Editor" true true false 50 Text 0 0 ,First,#,\\Tempest\Shared\GIS\Data\Sharing\Data Download Portal\Sawyer Read.sde\vectorgis_prd.DBO.Recreation\vectorgis_prd.DBO.Trails,Editor,-1,-1;DateModify "DateModify" true true false 8 Date 0 0 ,First,#,\\Tempest\Shared\GIS\Data\Sharing\Data Download Portal\Sawyer Read.sde\vectorgis_prd.DBO.Recreation\vectorgis_prd.DBO.Trails,DateModify,-1,-1;SHAPE_Length "SHAPE_Length" false true true 8 Double 0 0 ,First,#" #</Process><Process Name="Delete Rows (2)" ToolSource="C:\Program Files (x86)\ArcGIS\Desktop10.0\ArcToolbox\Toolboxes\Data Management Tools.tbx\DeleteRows" Date="20130416" Time="133737">DeleteRows "\\Tempest\Shared\GIS\Data\Sharing\Data Download Portal\Staging\RecreationGDB\Recreation.gdb\Trail"</Process><Process Name="Trails Append" ToolSource="C:\Program Files (x86)\ArcGIS\Desktop10.0\ArcToolbox\Toolboxes\Data Management Tools.tbx\Append" Date="20130905" Time="161145">Append '\\Tempest\Shared\GIS\Data\Sharing\Data Download Portal\Sawyer Read.sde\vectorgis_prd.DBO.Recreation\vectorgis_prd.DBO.Trails' "\\tempest\shared\GIS\Data\Sharing\Data Download Portal\Staging\RecreationGDB\Recreation.gdb\Trail" NO_TEST "TRAIL_NAME "Trail Name" true false false 60 Text 0 0 ,First,#,\\Tempest\Shared\GIS\Data\Sharing\Data Download Portal\Sawyer Read.sde\vectorgis_prd.DBO.Recreation\vectorgis_prd.DBO.Trails,TRAIL_NAME,-1,-1;COMMENT "Comments" true false false 100 Text 0 0 ,First,#,\\Tempest\Shared\GIS\Data\Sharing\Data Download Portal\Sawyer Read.sde\vectorgis_prd.DBO.Recreation\vectorgis_prd.DBO.Trails,COMMENT,-1,-1;SURFACE "Surface Material" true false false 20 Text 0 0 ,First,#,\\Tempest\Shared\GIS\Data\Sharing\Data Download Portal\Sawyer Read.sde\vectorgis_prd.DBO.Recreation\vectorgis_prd.DBO.Trails,SURFACE,-1,-1;GPS_DATA_F "GPS Data Filename" true false false 50 Text 0 0 ,First,#,\\Tempest\Shared\GIS\Data\Sharing\Data Download Portal\Sawyer Read.sde\vectorgis_prd.DBO.Recreation\vectorgis_prd.DBO.Trails,GPS_DATA_F,-1,-1;ID2 "ID2" true false false 8 Double 0 0 ,First,#,\\Tempest\Shared\GIS\Data\Sharing\Data Download Portal\Sawyer Read.sde\vectorgis_prd.DBO.Recreation\vectorgis_prd.DBO.Trails,ID2,-1,-1;Difficulty "Difficulty" true false false 50 Text 0 0 ,First,#,\\Tempest\Shared\GIS\Data\Sharing\Data Download Portal\Sawyer Read.sde\vectorgis_prd.DBO.Recreation\vectorgis_prd.DBO.Trails,Difficulty,-1,-1;ADA_ACCESS "ADA Access" true false false 2 Short 0 0 ,First,#,\\Tempest\Shared\GIS\Data\Sharing\Data Download Portal\Sawyer Read.sde\vectorgis_prd.DBO.Recreation\vectorgis_prd.DBO.Trails,ADA_ACCESS,-1,-1;TRAIL_WIDT "Trail Width" true true false 4 Long 0 0 ,First,#,\\Tempest\Shared\GIS\Data\Sharing\Data Download Portal\Sawyer Read.sde\vectorgis_prd.DBO.Recreation\vectorgis_prd.DBO.Trails,TRAIL_WIDT,-1,-1;HIKING "Hiking?" true false false 2 Short 0 0 ,First,#,\\Tempest\Shared\GIS\Data\Sharing\Data Download Portal\Sawyer Read.sde\vectorgis_prd.DBO.Recreation\vectorgis_prd.DBO.Trails,HIKING,-1,-1;BIKING "Biking?" true false false 2 Short 0 0 ,First,#,\\Tempest\Shared\GIS\Data\Sharing\Data Download Portal\Sawyer Read.sde\vectorgis_prd.DBO.Recreation\vectorgis_prd.DBO.Trails,BIKING,-1,-1;WALKING "Walking?" true false false 2 Short 0 0 ,First,#,\\Tempest\Shared\GIS\Data\Sharing\Data Download Portal\Sawyer Read.sde\vectorgis_prd.DBO.Recreation\vectorgis_prd.DBO.Trails,WALKING,-1,-1;MAINTENANCE "Maintenance Trail?" true false false 2 Short 0 0 ,First,#,\\Tempest\Shared\GIS\Data\Sharing\Data Download Portal\Sawyer Read.sde\vectorgis_prd.DBO.Recreation\vectorgis_prd.DBO.Trails,MAINTENANCE,-1,-1;MULTIUSE "Multi-use?" true false false 2 Short 0 0 ,First,#,\\Tempest\Shared\GIS\Data\Sharing\Data Download Portal\Sawyer Read.sde\vectorgis_prd.DBO.Recreation\vectorgis_prd.DBO.Trails,MULTIUSE,-1,-1;PARK "Park" true true false 50 Text 0 0 ,First,#,\\Tempest\Shared\GIS\Data\Sharing\Data Download Portal\Sawyer Read.sde\vectorgis_prd.DBO.Recreation\vectorgis_prd.DBO.Trails,PARK,-1,-1;Editor "Editor" true true false 50 Text 0 0 ,First,#,\\Tempest\Shared\GIS\Data\Sharing\Data Download Portal\Sawyer Read.sde\vectorgis_prd.DBO.Recreation\vectorgis_prd.DBO.Trails,Editor,-1,-1;DateModify "DateModify" true true false 8 Date 0 0 ,First,#,\\Tempest\Shared\GIS\Data\Sharing\Data Download Portal\Sawyer Read.sde\vectorgis_prd.DBO.Recreation\vectorgis_prd.DBO.Trails,DateModify,-1,-1;SHAPE_Length "SHAPE_Length" false true true 8 Double 0 0 ,First,#" #</Process><Process Name="Delete Rows (2)" ToolSource="C:\Program Files (x86)\ArcGIS\Desktop10.0\ArcToolbox\Toolboxes\Data Management Tools.tbx\DeleteRows" Date="20130905" Time="161243">DeleteRows "\\Tempest\Shared\GIS\Data\Sharing\Data Download Portal\Staging\RecreationGDB\Recreation.gdb\Trail"</Process><Process Name="Trails Append" ToolSource="C:\Program Files (x86)\ArcGIS\Desktop10.0\ArcToolbox\Toolboxes\Data Management Tools.tbx\Append" Date="20130918" Time="144142">Append '\\Tempest\Shared\GIS\Data\Sharing\Data Download Portal\Sawyer Read.sde\vectorgis_prd.DBO.Recreation\vectorgis_prd.DBO.Trails' "\\tempest\shared\GIS\Data\Sharing\Data Download Portal\Staging\RecreationGDB\Recreation.gdb\Trail" NO_TEST "TRAIL_NAME "Trail Name" true false false 60 Text 0 0 ,First,#,\\Tempest\Shared\GIS\Data\Sharing\Data Download Portal\Sawyer Read.sde\vectorgis_prd.DBO.Recreation\vectorgis_prd.DBO.Trails,TRAIL_NAME,-1,-1;COMMENT "Comments" true false false 100 Text 0 0 ,First,#,\\Tempest\Shared\GIS\Data\Sharing\Data Download Portal\Sawyer Read.sde\vectorgis_prd.DBO.Recreation\vectorgis_prd.DBO.Trails,COMMENT,-1,-1;SURFACE "Surface Material" true false false 20 Text 0 0 ,First,#,\\Tempest\Shared\GIS\Data\Sharing\Data Download Portal\Sawyer Read.sde\vectorgis_prd.DBO.Recreation\vectorgis_prd.DBO.Trails,SURFACE,-1,-1;GPS_DATA_F "GPS Data Filename" true false false 50 Text 0 0 ,First,#,\\Tempest\Shared\GIS\Data\Sharing\Data Download Portal\Sawyer Read.sde\vectorgis_prd.DBO.Recreation\vectorgis_prd.DBO.Trails,GPS_DATA_F,-1,-1;ID2 "ID2" true false false 8 Double 0 0 ,First,#,\\Tempest\Shared\GIS\Data\Sharing\Data Download Portal\Sawyer Read.sde\vectorgis_prd.DBO.Recreation\vectorgis_prd.DBO.Trails,ID2,-1,-1;Difficulty "Difficulty" true false false 50 Text 0 0 ,First,#,\\Tempest\Shared\GIS\Data\Sharing\Data Download Portal\Sawyer Read.sde\vectorgis_prd.DBO.Recreation\vectorgis_prd.DBO.Trails,Difficulty,-1,-1;ADA_ACCESS "ADA Access" true false false 2 Short 0 0 ,First,#,\\Tempest\Shared\GIS\Data\Sharing\Data Download Portal\Sawyer Read.sde\vectorgis_prd.DBO.Recreation\vectorgis_prd.DBO.Trails,ADA_ACCESS,-1,-1;TRAIL_WIDT "Trail Width" true true false 4 Long 0 0 ,First,#,\\Tempest\Shared\GIS\Data\Sharing\Data Download Portal\Sawyer Read.sde\vectorgis_prd.DBO.Recreation\vectorgis_prd.DBO.Trails,TRAIL_WIDT,-1,-1;HIKING "Hiking?" true false false 2 Short 0 0 ,First,#,\\Tempest\Shared\GIS\Data\Sharing\Data Download Portal\Sawyer Read.sde\vectorgis_prd.DBO.Recreation\vectorgis_prd.DBO.Trails,HIKING,-1,-1;BIKING "Biking?" true false false 2 Short 0 0 ,First,#,\\Tempest\Shared\GIS\Data\Sharing\Data Download Portal\Sawyer Read.sde\vectorgis_prd.DBO.Recreation\vectorgis_prd.DBO.Trails,BIKING,-1,-1;WALKING "Walking?" true false false 2 Short 0 0 ,First,#,\\Tempest\Shared\GIS\Data\Sharing\Data Download Portal\Sawyer Read.sde\vectorgis_prd.DBO.Recreation\vectorgis_prd.DBO.Trails,WALKING,-1,-1;MAINTENANCE "Maintenance Trail?" true false false 2 Short 0 0 ,First,#,\\Tempest\Shared\GIS\Data\Sharing\Data Download Portal\Sawyer Read.sde\vectorgis_prd.DBO.Recreation\vectorgis_prd.DBO.Trails,MAINTENANCE,-1,-1;MULTIUSE "Multi-use?" true false false 2 Short 0 0 ,First,#,\\Tempest\Shared\GIS\Data\Sharing\Data Download Portal\Sawyer Read.sde\vectorgis_prd.DBO.Recreation\vectorgis_prd.DBO.Trails,MULTIUSE,-1,-1;PARK "Park" true true false 50 Text 0 0 ,First,#,\\Tempest\Shared\GIS\Data\Sharing\Data Download Portal\Sawyer Read.sde\vectorgis_prd.DBO.Recreation\vectorgis_prd.DBO.Trails,PARK,-1,-1;Editor "Editor" true true false 50 Text 0 0 ,First,#,\\Tempest\Shared\GIS\Data\Sharing\Data Download Portal\Sawyer Read.sde\vectorgis_prd.DBO.Recreation\vectorgis_prd.DBO.Trails,Editor,-1,-1;DateModify "DateModify" true true false 8 Date 0 0 ,First,#,\\Tempest\Shared\GIS\Data\Sharing\Data Download Portal\Sawyer Read.sde\vectorgis_prd.DBO.Recreation\vectorgis_prd.DBO.Trails,DateModify,-1,-1;SHAPE_Length "SHAPE_Length" false true true 8 Double 0 0 ,First,#" #</Process><Process Name="Delete Rows (2)" ToolSource="C:\Program Files (x86)\ArcGIS\Desktop10.0\ArcToolbox\Toolboxes\Data Management Tools.tbx\DeleteRows" Date="20130918" Time="144242">DeleteRows "\\Tempest\Shared\GIS\Data\Sharing\Data Download Portal\Staging\RecreationGDB\Recreation.gdb\Trail"</Process><Process Name="Trails Append" ToolSource="C:\Program Files (x86)\ArcGIS\Desktop10.0\ArcToolbox\Toolboxes\Data Management Tools.tbx\Append" Date="20140109" Time="083852">Append '\\Tempest\Shared\GIS\Data\Sharing\Data Download Portal\Sawyer Read.sde\vectorgis_prd.DBO.Recreation\vectorgis_prd.DBO.Trails' "\\tempest\shared\GIS\Data\Sharing\Data Download Portal\Staging\RecreationGDB\Recreation.gdb\Trail" NO_TEST "TRAIL_NAME "Trail Name" true false false 60 Text 0 0 ,First,#,\\Tempest\Shared\GIS\Data\Sharing\Data Download Portal\Sawyer Read.sde\vectorgis_prd.DBO.Recreation\vectorgis_prd.DBO.Trails,TRAIL_NAME,-1,-1;COMMENT "Comments" true false false 100 Text 0 0 ,First,#,\\Tempest\Shared\GIS\Data\Sharing\Data Download Portal\Sawyer Read.sde\vectorgis_prd.DBO.Recreation\vectorgis_prd.DBO.Trails,COMMENT,-1,-1;SURFACE "Surface Material" true false false 20 Text 0 0 ,First,#,\\Tempest\Shared\GIS\Data\Sharing\Data Download Portal\Sawyer Read.sde\vectorgis_prd.DBO.Recreation\vectorgis_prd.DBO.Trails,SURFACE,-1,-1;GPS_DATA_F "GPS Data Filename" true false false 50 Text 0 0 ,First,#,\\Tempest\Shared\GIS\Data\Sharing\Data Download Portal\Sawyer Read.sde\vectorgis_prd.DBO.Recreation\vectorgis_prd.DBO.Trails,GPS_DATA_F,-1,-1;ID2 "ID2" true false false 8 Double 0 0 ,First,#,\\Tempest\Shared\GIS\Data\Sharing\Data Download Portal\Sawyer Read.sde\vectorgis_prd.DBO.Recreation\vectorgis_prd.DBO.Trails,ID2,-1,-1;Difficulty "Difficulty" true false false 50 Text 0 0 ,First,#,\\Tempest\Shared\GIS\Data\Sharing\Data Download Portal\Sawyer Read.sde\vectorgis_prd.DBO.Recreation\vectorgis_prd.DBO.Trails,Difficulty,-1,-1;ADA_ACCESS "ADA Access" true false false 2 Short 0 0 ,First,#,\\Tempest\Shared\GIS\Data\Sharing\Data Download Portal\Sawyer Read.sde\vectorgis_prd.DBO.Recreation\vectorgis_prd.DBO.Trails,ADA_ACCESS,-1,-1;TRAIL_WIDT "Trail Width" true true false 4 Long 0 0 ,First,#,\\Tempest\Shared\GIS\Data\Sharing\Data Download Portal\Sawyer Read.sde\vectorgis_prd.DBO.Recreation\vectorgis_prd.DBO.Trails,TRAIL_WIDT,-1,-1;HIKING "Hiking?" true false false 2 Short 0 0 ,First,#,\\Tempest\Shared\GIS\Data\Sharing\Data Download Portal\Sawyer Read.sde\vectorgis_prd.DBO.Recreation\vectorgis_prd.DBO.Trails,HIKING,-1,-1;BIKING "Biking?" true false false 2 Short 0 0 ,First,#,\\Tempest\Shared\GIS\Data\Sharing\Data Download Portal\Sawyer Read.sde\vectorgis_prd.DBO.Recreation\vectorgis_prd.DBO.Trails,BIKING,-1,-1;WALKING "Walking?" true false false 2 Short 0 0 ,First,#,\\Tempest\Shared\GIS\Data\Sharing\Data Download Portal\Sawyer Read.sde\vectorgis_prd.DBO.Recreation\vectorgis_prd.DBO.Trails,WALKING,-1,-1;MAINTENANCE "Maintenance Trail?" true false false 2 Short 0 0 ,First,#,\\Tempest\Shared\GIS\Data\Sharing\Data Download Portal\Sawyer Read.sde\vectorgis_prd.DBO.Recreation\vectorgis_prd.DBO.Trails,MAINTENANCE,-1,-1;MULTIUSE "Multi-use?" true false false 2 Short 0 0 ,First,#,\\Tempest\Shared\GIS\Data\Sharing\Data Download Portal\Sawyer Read.sde\vectorgis_prd.DBO.Recreation\vectorgis_prd.DBO.Trails,MULTIUSE,-1,-1;PARK "Park" true true false 50 Text 0 0 ,First,#,\\Tempest\Shared\GIS\Data\Sharing\Data Download Portal\Sawyer Read.sde\vectorgis_prd.DBO.Recreation\vectorgis_prd.DBO.Trails,PARK,-1,-1;Editor "Editor" true true false 50 Text 0 0 ,First,#,\\Tempest\Shared\GIS\Data\Sharing\Data Download Portal\Sawyer Read.sde\vectorgis_prd.DBO.Recreation\vectorgis_prd.DBO.Trails,Editor,-1,-1;DateModify "DateModify" true true false 8 Date 0 0 ,First,#,\\Tempest\Shared\GIS\Data\Sharing\Data Download Portal\Sawyer Read.sde\vectorgis_prd.DBO.Recreation\vectorgis_prd.DBO.Trails,DateModify,-1,-1;SHAPE_Length "SHAPE_Length" false true true 8 Double 0 0 ,First,#" #</Process><Process Name="Delete Rows (2)" ToolSource="C:\Program Files (x86)\ArcGIS\Desktop10.0\ArcToolbox\Toolboxes\Data Management Tools.tbx\DeleteRows" Date="20140109" Time="084053">DeleteRows "\\Tempest\Shared\GIS\Data\Sharing\Data Download Portal\Staging\RecreationGDB\Recreation.gdb\Trail"</Process><Process Name="Trails Append" ToolSource="C:\Program Files (x86)\ArcGIS\Desktop10.0\ArcToolbox\Toolboxes\Data Management Tools.tbx\Append" Date="20140114" Time="134054">Append '\\Tempest\Shared\GIS\Data\Sharing\Data Download Portal\Sawyer Read.sde\vectorgis_prd.DBO.Recreation\vectorgis_prd.DBO.Trails' "\\tempest\shared\GIS\Data\Sharing\Data Download Portal\Staging\RecreationGDB\Recreation.gdb\Trail" NO_TEST "TRAIL_NAME "Trail Name" true false false 60 Text 0 0 ,First,#,\\Tempest\Shared\GIS\Data\Sharing\Data Download Portal\Sawyer Read.sde\vectorgis_prd.DBO.Recreation\vectorgis_prd.DBO.Trails,TRAIL_NAME,-1,-1;COMMENT "Comments" true false false 100 Text 0 0 ,First,#,\\Tempest\Shared\GIS\Data\Sharing\Data Download Portal\Sawyer Read.sde\vectorgis_prd.DBO.Recreation\vectorgis_prd.DBO.Trails,COMMENT,-1,-1;SURFACE "Surface Material" true false false 20 Text 0 0 ,First,#,\\Tempest\Shared\GIS\Data\Sharing\Data Download Portal\Sawyer Read.sde\vectorgis_prd.DBO.Recreation\vectorgis_prd.DBO.Trails,SURFACE,-1,-1;GPS_DATA_F "GPS Data Filename" true false false 50 Text 0 0 ,First,#,\\Tempest\Shared\GIS\Data\Sharing\Data Download Portal\Sawyer Read.sde\vectorgis_prd.DBO.Recreation\vectorgis_prd.DBO.Trails,GPS_DATA_F,-1,-1;ID2 "ID2" true false false 8 Double 0 0 ,First,#,\\Tempest\Shared\GIS\Data\Sharing\Data Download Portal\Sawyer Read.sde\vectorgis_prd.DBO.Recreation\vectorgis_prd.DBO.Trails,ID2,-1,-1;Difficulty "Difficulty" true false false 50 Text 0 0 ,First,#,\\Tempest\Shared\GIS\Data\Sharing\Data Download Portal\Sawyer Read.sde\vectorgis_prd.DBO.Recreation\vectorgis_prd.DBO.Trails,Difficulty,-1,-1;ADA_ACCESS "ADA Access" true false false 2 Short 0 0 ,First,#,\\Tempest\Shared\GIS\Data\Sharing\Data Download Portal\Sawyer Read.sde\vectorgis_prd.DBO.Recreation\vectorgis_prd.DBO.Trails,ADA_ACCESS,-1,-1;TRAIL_WIDT "Trail Width" true true false 4 Long 0 0 ,First,#,\\Tempest\Shared\GIS\Data\Sharing\Data Download Portal\Sawyer Read.sde\vectorgis_prd.DBO.Recreation\vectorgis_prd.DBO.Trails,TRAIL_WIDT,-1,-1;HIKING "Hiking?" true false false 2 Short 0 0 ,First,#,\\Tempest\Shared\GIS\Data\Sharing\Data Download Portal\Sawyer Read.sde\vectorgis_prd.DBO.Recreation\vectorgis_prd.DBO.Trails,HIKING,-1,-1;BIKING "Biking?" true false false 2 Short 0 0 ,First,#,\\Tempest\Shared\GIS\Data\Sharing\Data Download Portal\Sawyer Read.sde\vectorgis_prd.DBO.Recreation\vectorgis_prd.DBO.Trails,BIKING,-1,-1;WALKING "Walking?" true false false 2 Short 0 0 ,First,#,\\Tempest\Shared\GIS\Data\Sharing\Data Download Portal\Sawyer Read.sde\vectorgis_prd.DBO.Recreation\vectorgis_prd.DBO.Trails,WALKING,-1,-1;MAINTENANCE "Maintenance Trail?" true false false 2 Short 0 0 ,First,#,\\Tempest\Shared\GIS\Data\Sharing\Data Download Portal\Sawyer Read.sde\vectorgis_prd.DBO.Recreation\vectorgis_prd.DBO.Trails,MAINTENANCE,-1,-1;MULTIUSE "Multi-use?" true false false 2 Short 0 0 ,First,#,\\Tempest\Shared\GIS\Data\Sharing\Data Download Portal\Sawyer Read.sde\vectorgis_prd.DBO.Recreation\vectorgis_prd.DBO.Trails,MULTIUSE,-1,-1;PARK "Park" true true false 50 Text 0 0 ,First,#,\\Tempest\Shared\GIS\Data\Sharing\Data Download Portal\Sawyer Read.sde\vectorgis_prd.DBO.Recreation\vectorgis_prd.DBO.Trails,PARK,-1,-1;Editor "Editor" true true false 50 Text 0 0 ,First,#,\\Tempest\Shared\GIS\Data\Sharing\Data Download Portal\Sawyer Read.sde\vectorgis_prd.DBO.Recreation\vectorgis_prd.DBO.Trails,Editor,-1,-1;DateModify "DateModify" true true false 8 Date 0 0 ,First,#,\\Tempest\Shared\GIS\Data\Sharing\Data Download Portal\Sawyer Read.sde\vectorgis_prd.DBO.Recreation\vectorgis_prd.DBO.Trails,DateModify,-1,-1;SHAPE_Length "SHAPE_Length" false true true 8 Double 0 0 ,First,#" #</Process><Process Name="Delete Rows (2)" ToolSource="C:\Program Files (x86)\ArcGIS\Desktop10.0\ArcToolbox\Toolboxes\Data Management Tools.tbx\DeleteRows" Date="20140114" Time="134151">DeleteRows "\\Tempest\Shared\GIS\Data\Sharing\Data Download Portal\Staging\RecreationGDB\Recreation.gdb\Trail"</Process><Process Name="Trails Append" ToolSource="C:\Program Files (x86)\ArcGIS\Desktop10.0\ArcToolbox\Toolboxes\Data Management Tools.tbx\Append" Date="20140130" Time="163250">Append '\\Tempest\Shared\GIS\Data\Sharing\Data Download Portal\Sawyer Read.sde\vectorgis_prd.DBO.Recreation\vectorgis_prd.DBO.Trails' "\\tempest\shared\GIS\Data\Sharing\Data Download Portal\Staging\RecreationGDB\Recreation.gdb\Trail" NO_TEST "TRAIL_NAME "Trail Name" true false false 60 Text 0 0 ,First,#,\\Tempest\Shared\GIS\Data\Sharing\Data Download Portal\Sawyer Read.sde\vectorgis_prd.DBO.Recreation\vectorgis_prd.DBO.Trails,TRAIL_NAME,-1,-1;COMMENT "Comments" true false false 100 Text 0 0 ,First,#,\\Tempest\Shared\GIS\Data\Sharing\Data Download Portal\Sawyer Read.sde\vectorgis_prd.DBO.Recreation\vectorgis_prd.DBO.Trails,COMMENT,-1,-1;SURFACE "Surface Material" true false false 20 Text 0 0 ,First,#,\\Tempest\Shared\GIS\Data\Sharing\Data Download Portal\Sawyer Read.sde\vectorgis_prd.DBO.Recreation\vectorgis_prd.DBO.Trails,SURFACE,-1,-1;GPS_DATA_F "GPS Data Filename" true false false 50 Text 0 0 ,First,#,\\Tempest\Shared\GIS\Data\Sharing\Data Download Portal\Sawyer Read.sde\vectorgis_prd.DBO.Recreation\vectorgis_prd.DBO.Trails,GPS_DATA_F,-1,-1;ID2 "ID2" true false false 8 Double 0 0 ,First,#,\\Tempest\Shared\GIS\Data\Sharing\Data Download Portal\Sawyer Read.sde\vectorgis_prd.DBO.Recreation\vectorgis_prd.DBO.Trails,ID2,-1,-1;Difficulty "Difficulty" true false false 50 Text 0 0 ,First,#,\\Tempest\Shared\GIS\Data\Sharing\Data Download Portal\Sawyer Read.sde\vectorgis_prd.DBO.Recreation\vectorgis_prd.DBO.Trails,Difficulty,-1,-1;ADA_ACCESS "ADA Access" true false false 2 Short 0 0 ,First,#,\\Tempest\Shared\GIS\Data\Sharing\Data Download Portal\Sawyer Read.sde\vectorgis_prd.DBO.Recreation\vectorgis_prd.DBO.Trails,ADA_ACCESS,-1,-1;TRAIL_WIDT "Trail Width" true true false 4 Long 0 0 ,First,#,\\Tempest\Shared\GIS\Data\Sharing\Data Download Portal\Sawyer Read.sde\vectorgis_prd.DBO.Recreation\vectorgis_prd.DBO.Trails,TRAIL_WIDT,-1,-1;HIKING "Hiking?" true false false 2 Short 0 0 ,First,#,\\Tempest\Shared\GIS\Data\Sharing\Data Download Portal\Sawyer Read.sde\vectorgis_prd.DBO.Recreation\vectorgis_prd.DBO.Trails,HIKING,-1,-1;BIKING "Biking?" true false false 2 Short 0 0 ,First,#,\\Tempest\Shared\GIS\Data\Sharing\Data Download Portal\Sawyer Read.sde\vectorgis_prd.DBO.Recreation\vectorgis_prd.DBO.Trails,BIKING,-1,-1;WALKING "Walking?" true false false 2 Short 0 0 ,First,#,\\Tempest\Shared\GIS\Data\Sharing\Data Download Portal\Sawyer Read.sde\vectorgis_prd.DBO.Recreation\vectorgis_prd.DBO.Trails,WALKING,-1,-1;MAINTENANCE "Maintenance Trail?" true false false 2 Short 0 0 ,First,#,\\Tempest\Shared\GIS\Data\Sharing\Data Download Portal\Sawyer Read.sde\vectorgis_prd.DBO.Recreation\vectorgis_prd.DBO.Trails,MAINTENANCE,-1,-1;MULTIUSE "Multi-use?" true false false 2 Short 0 0 ,First,#,\\Tempest\Shared\GIS\Data\Sharing\Data Download Portal\Sawyer Read.sde\vectorgis_prd.DBO.Recreation\vectorgis_prd.DBO.Trails,MULTIUSE,-1,-1;PARK "Park" true true false 50 Text 0 0 ,First,#,\\Tempest\Shared\GIS\Data\Sharing\Data Download Portal\Sawyer Read.sde\vectorgis_prd.DBO.Recreation\vectorgis_prd.DBO.Trails,PARK,-1,-1;Editor "Editor" true true false 50 Text 0 0 ,First,#,\\Tempest\Shared\GIS\Data\Sharing\Data Download Portal\Sawyer Read.sde\vectorgis_prd.DBO.Recreation\vectorgis_prd.DBO.Trails,Editor,-1,-1;DateModify "DateModify" true true false 8 Date 0 0 ,First,#,\\Tempest\Shared\GIS\Data\Sharing\Data Download Portal\Sawyer Read.sde\vectorgis_prd.DBO.Recreation\vectorgis_prd.DBO.Trails,DateModify,-1,-1;SHAPE_Length "SHAPE_Length" false true true 8 Double 0 0 ,First,#" #</Process><Process Name="Delete Rows (2)" ToolSource="C:\Program Files (x86)\ArcGIS\Desktop10.0\ArcToolbox\Toolboxes\Data Management Tools.tbx\DeleteRows" Date="20140130" Time="163411">DeleteRows "\\Tempest\Shared\GIS\Data\Sharing\Data Download Portal\Staging\RecreationGDB\Recreation.gdb\Trail"</Process><Process Name="Trails Append" ToolSource="C:\Program Files (x86)\ArcGIS\Desktop10.0\ArcToolbox\Toolboxes\Data Management Tools.tbx\Append" Date="20140403" Time="162122">Append '\\Tempest\Shared\GIS\Data\Sharing\Data Download Portal\Sawyer Read.sde\vectorgis_prd.DBO.Recreation\vectorgis_prd.DBO.Trails' "\\tempest\shared\GIS\Data\Sharing\Data Download Portal\Staging\RecreationGDB\Recreation.gdb\Trail" NO_TEST "TRAIL_NAME "Trail Name" true false false 60 Text 0 0 ,First,#,\\Tempest\Shared\GIS\Data\Sharing\Data Download Portal\Sawyer Read.sde\vectorgis_prd.DBO.Recreation\vectorgis_prd.DBO.Trails,TRAIL_NAME,-1,-1;COMMENT "Comments" true false false 100 Text 0 0 ,First,#,\\Tempest\Shared\GIS\Data\Sharing\Data Download Portal\Sawyer Read.sde\vectorgis_prd.DBO.Recreation\vectorgis_prd.DBO.Trails,COMMENT,-1,-1;SURFACE "Surface Material" true false false 20 Text 0 0 ,First,#,\\Tempest\Shared\GIS\Data\Sharing\Data Download Portal\Sawyer Read.sde\vectorgis_prd.DBO.Recreation\vectorgis_prd.DBO.Trails,SURFACE,-1,-1;GPS_DATA_F "GPS Data Filename" true false false 50 Text 0 0 ,First,#,\\Tempest\Shared\GIS\Data\Sharing\Data Download Portal\Sawyer Read.sde\vectorgis_prd.DBO.Recreation\vectorgis_prd.DBO.Trails,GPS_DATA_F,-1,-1;ID2 "ID2" true false false 8 Double 0 0 ,First,#,\\Tempest\Shared\GIS\Data\Sharing\Data Download Portal\Sawyer Read.sde\vectorgis_prd.DBO.Recreation\vectorgis_prd.DBO.Trails,ID2,-1,-1;Difficulty "Difficulty" true false false 50 Text 0 0 ,First,#,\\Tempest\Shared\GIS\Data\Sharing\Data Download Portal\Sawyer Read.sde\vectorgis_prd.DBO.Recreation\vectorgis_prd.DBO.Trails,Difficulty,-1,-1;ADA_ACCESS "ADA Access" true false false 2 Short 0 0 ,First,#,\\Tempest\Shared\GIS\Data\Sharing\Data Download Portal\Sawyer Read.sde\vectorgis_prd.DBO.Recreation\vectorgis_prd.DBO.Trails,ADA_ACCESS,-1,-1;TRAIL_WIDT "Trail Width" true true false 4 Long 0 0 ,First,#,\\Tempest\Shared\GIS\Data\Sharing\Data Download Portal\Sawyer Read.sde\vectorgis_prd.DBO.Recreation\vectorgis_prd.DBO.Trails,TRAIL_WIDT,-1,-1;HIKING "Hiking?" true false false 2 Short 0 0 ,First,#,\\Tempest\Shared\GIS\Data\Sharing\Data Download Portal\Sawyer Read.sde\vectorgis_prd.DBO.Recreation\vectorgis_prd.DBO.Trails,HIKING,-1,-1;BIKING "Biking?" true false false 2 Short 0 0 ,First,#,\\Tempest\Shared\GIS\Data\Sharing\Data Download Portal\Sawyer Read.sde\vectorgis_prd.DBO.Recreation\vectorgis_prd.DBO.Trails,BIKING,-1,-1;WALKING "Walking?" true false false 2 Short 0 0 ,First,#,\\Tempest\Shared\GIS\Data\Sharing\Data Download Portal\Sawyer Read.sde\vectorgis_prd.DBO.Recreation\vectorgis_prd.DBO.Trails,WALKING,-1,-1;MAINTENANCE "Maintenance Trail?" true false false 2 Short 0 0 ,First,#,\\Tempest\Shared\GIS\Data\Sharing\Data Download Portal\Sawyer Read.sde\vectorgis_prd.DBO.Recreation\vectorgis_prd.DBO.Trails,MAINTENANCE,-1,-1;MULTIUSE "Multi-use?" true false false 2 Short 0 0 ,First,#,\\Tempest\Shared\GIS\Data\Sharing\Data Download Portal\Sawyer Read.sde\vectorgis_prd.DBO.Recreation\vectorgis_prd.DBO.Trails,MULTIUSE,-1,-1;PARK "Park" true true false 50 Text 0 0 ,First,#,\\Tempest\Shared\GIS\Data\Sharing\Data Download Portal\Sawyer Read.sde\vectorgis_prd.DBO.Recreation\vectorgis_prd.DBO.Trails,PARK,-1,-1;Editor "Editor" true true false 50 Text 0 0 ,First,#,\\Tempest\Shared\GIS\Data\Sharing\Data Download Portal\Sawyer Read.sde\vectorgis_prd.DBO.Recreation\vectorgis_prd.DBO.Trails,Editor,-1,-1;DateModify "DateModify" true true false 8 Date 0 0 ,First,#,\\Tempest\Shared\GIS\Data\Sharing\Data Download Portal\Sawyer Read.sde\vectorgis_prd.DBO.Recreation\vectorgis_prd.DBO.Trails,DateModify,-1,-1;SHAPE_Length "SHAPE_Length" false true true 8 Double 0 0 ,First,#" #</Process><Process Name="Delete Rows (2)" ToolSource="C:\Program Files (x86)\ArcGIS\Desktop10.0\ArcToolbox\Toolboxes\Data Management Tools.tbx\DeleteRows" Date="20140403" Time="162303">DeleteRows "\\Tempest\Shared\GIS\Data\Sharing\Data Download Portal\Staging\RecreationGDB\Recreation.gdb\Trail"</Process><Process Name="Trails Append" ToolSource="C:\Program Files (x86)\ArcGIS\Desktop10.0\ArcToolbox\Toolboxes\Data Management Tools.tbx\Append" Date="20140404" Time="164017">Append '\\Tempest\Shared\GIS\Data\Sharing\Data Download Portal\Sawyer Read.sde\vectorgis_prd.DBO.Recreation\vectorgis_prd.DBO.Trails' "\\tempest\shared\GIS\Data\Sharing\Data Download Portal\Staging\Recreation\RecreationGDB\Recreation.gdb\Trail" NO_TEST "TRAIL_NAME "Trail Name" true false false 60 Text 0 0 ,First,#,\\Tempest\Shared\GIS\Data\Sharing\Data Download Portal\Sawyer Read.sde\vectorgis_prd.DBO.Recreation\vectorgis_prd.DBO.Trails,TRAIL_NAME,-1,-1;COMMENT "Comments" true false false 100 Text 0 0 ,First,#,\\Tempest\Shared\GIS\Data\Sharing\Data Download Portal\Sawyer Read.sde\vectorgis_prd.DBO.Recreation\vectorgis_prd.DBO.Trails,COMMENT,-1,-1;SURFACE "Surface Material" true false false 20 Text 0 0 ,First,#,\\Tempest\Shared\GIS\Data\Sharing\Data Download Portal\Sawyer Read.sde\vectorgis_prd.DBO.Recreation\vectorgis_prd.DBO.Trails,SURFACE,-1,-1;GPS_DATA_F "GPS Data Filename" true false false 50 Text 0 0 ,First,#,\\Tempest\Shared\GIS\Data\Sharing\Data Download Portal\Sawyer Read.sde\vectorgis_prd.DBO.Recreation\vectorgis_prd.DBO.Trails,GPS_DATA_F,-1,-1;ID2 "ID2" true false false 8 Double 0 0 ,First,#,\\Tempest\Shared\GIS\Data\Sharing\Data Download Portal\Sawyer Read.sde\vectorgis_prd.DBO.Recreation\vectorgis_prd.DBO.Trails,ID2,-1,-1;Difficulty "Difficulty" true false false 50 Text 0 0 ,First,#,\\Tempest\Shared\GIS\Data\Sharing\Data Download Portal\Sawyer Read.sde\vectorgis_prd.DBO.Recreation\vectorgis_prd.DBO.Trails,Difficulty,-1,-1;ADA_ACCESS "ADA Access" true false false 2 Short 0 0 ,First,#,\\Tempest\Shared\GIS\Data\Sharing\Data Download Portal\Sawyer Read.sde\vectorgis_prd.DBO.Recreation\vectorgis_prd.DBO.Trails,ADA_ACCESS,-1,-1;TRAIL_WIDT "Trail Width" true true false 4 Long 0 0 ,First,#,\\Tempest\Shared\GIS\Data\Sharing\Data Download Portal\Sawyer Read.sde\vectorgis_prd.DBO.Recreation\vectorgis_prd.DBO.Trails,TRAIL_WIDT,-1,-1;HIKING "Hiking?" true false false 2 Short 0 0 ,First,#,\\Tempest\Shared\GIS\Data\Sharing\Data Download Portal\Sawyer Read.sde\vectorgis_prd.DBO.Recreation\vectorgis_prd.DBO.Trails,HIKING,-1,-1;BIKING "Biking?" true false false 2 Short 0 0 ,First,#,\\Tempest\Shared\GIS\Data\Sharing\Data Download Portal\Sawyer Read.sde\vectorgis_prd.DBO.Recreation\vectorgis_prd.DBO.Trails,BIKING,-1,-1;WALKING "Walking?" true false false 2 Short 0 0 ,First,#,\\Tempest\Shared\GIS\Data\Sharing\Data Download Portal\Sawyer Read.sde\vectorgis_prd.DBO.Recreation\vectorgis_prd.DBO.Trails,WALKING,-1,-1;MAINTENANCE "Maintenance Trail?" true false false 2 Short 0 0 ,First,#,\\Tempest\Shared\GIS\Data\Sharing\Data Download Portal\Sawyer Read.sde\vectorgis_prd.DBO.Recreation\vectorgis_prd.DBO.Trails,MAINTENANCE,-1,-1;MULTIUSE "Multi-use?" true false false 2 Short 0 0 ,First,#,\\Tempest\Shared\GIS\Data\Sharing\Data Download Portal\Sawyer Read.sde\vectorgis_prd.DBO.Recreation\vectorgis_prd.DBO.Trails,MULTIUSE,-1,-1;PARK "Park" true true false 50 Text 0 0 ,First,#,\\Tempest\Shared\GIS\Data\Sharing\Data Download Portal\Sawyer Read.sde\vectorgis_prd.DBO.Recreation\vectorgis_prd.DBO.Trails,PARK,-1,-1;Editor "Editor" true true false 50 Text 0 0 ,First,#,\\Tempest\Shared\GIS\Data\Sharing\Data Download Portal\Sawyer Read.sde\vectorgis_prd.DBO.Recreation\vectorgis_prd.DBO.Trails,Editor,-1,-1;DateModify "DateModify" true true false 8 Date 0 0 ,First,#,\\Tempest\Shared\GIS\Data\Sharing\Data Download Portal\Sawyer Read.sde\vectorgis_prd.DBO.Recreation\vectorgis_prd.DBO.Trails,DateModify,-1,-1;SHAPE_Length "SHAPE_Length" false true true 8 Double 0 0 ,First,#" #</Process><Process ToolSource="C:\Program Files (x86)\ArcGIS\Desktop10.0\ArcToolbox\Toolboxes\Data Management Tools.tbx\CopyFeatures" Date="20140404" Time="164103">CopyFeatures "\\tempest\shared\GIS\Data\Sharing\Data Download Portal\Staging\Recreation\RecreationGDB\Recreation.gdb\Trail" "\\Tempest\Shared\GIS\Data\Sharing\Data Download Portal\Staging\Recreation\RecreationSHP\Trail.shp" # 0 0 0</Process></lineage><itemProps><itemName Sync="TRUE">Trail</itemName><imsContentType Sync="TRUE">002</imsContentType><itemSize Sync="TRUE">0.000</itemSize><itemLocation><linkage Sync="TRUE">file://\\Tempest\Shared\GIS\Data\Sharing\Data Download Portal\Staging\Recreation\RecreationSHP\Trail.shp</linkage><protocol Sync="TRUE">Local Area Network</protocol></itemLocation></itemProps><coordRef><type Sync="TRUE">Projected</type><geogcsn Sync="TRUE">GCS_North_American_1983</geogcsn><csUnits Sync="TRUE">Linear Unit: Foot_US (0.304801)</csUnits><projcsn Sync="TRUE">NAD_1983_StatePlane_Virginia_South_FIPS_4502_Feet</projcsn><peXml Sync="TRUE">&lt;ProjectedCoordinateSystem xsi:type='typens:ProjectedCoordinateSystem' xmlns:xsi='http://www.w3.org/2001/XMLSchema-instance' xmlns:xs='http://www.w3.org/2001/XMLSchema' xmlns:typens='http://www.esri.com/schemas/ArcGIS/10.0'&gt;&lt;WKT&gt;PROJCS[&amp;quot;NAD_1983_StatePlane_Virginia_South_FIPS_4502_Feet&amp;quot;,GEOGCS[&amp;quot;GCS_North_American_1983&amp;quot;,DATUM[&amp;quot;D_North_American_1983&amp;quot;,SPHEROID[&amp;quot;GRS_1980&amp;quot;,6378137.0,298.257222101]],PRIMEM[&amp;quot;Greenwich&amp;quot;,0.0],UNIT[&amp;quot;Degree&amp;quot;,0.0174532925199433]],PROJECTION[&amp;quot;Lambert_Conformal_Conic&amp;quot;],PARAMETER[&amp;quot;False_Easting&amp;quot;,11482916.66666666],PARAMETER[&amp;quot;False_Northing&amp;quot;,3280833.333333333],PARAMETER[&amp;quot;Central_Meridian&amp;quot;,-78.5],PARAMETER[&amp;quot;Standard_Parallel_1&amp;quot;,36.76666666666667],PARAMETER[&amp;quot;Standard_Parallel_2&amp;quot;,37.96666666666667],PARAMETER[&amp;quot;Latitude_Of_Origin&amp;quot;,36.33333333333334],UNIT[&amp;quot;Foot_US&amp;quot;,0.3048006096012192],AUTHORITY[&amp;quot;EPSG&amp;quot;,2284]]&lt;/WKT&gt;&lt;XOrigin&gt;-111140600&lt;/XOrigin&gt;&lt;YOrigin&gt;-91532100&lt;/YOrigin&gt;&lt;XYScale&gt;36727036.750856541&lt;/XYScale&gt;&lt;ZOrigin&gt;-100000&lt;/ZOrigin&gt;&lt;ZScale&gt;10000&lt;/ZScale&gt;&lt;MOrigin&gt;-100000&lt;/MOrigin&gt;&lt;MScale&gt;10000&lt;/MScale&gt;&lt;XYTolerance&gt;0.0032808333333333335&lt;/XYTolerance&gt;&lt;ZTolerance&gt;0.001&lt;/ZTolerance&gt;&lt;MTolerance&gt;0.001&lt;/MTolerance&gt;&lt;HighPrecision&gt;true&lt;/HighPrecision&gt;&lt;WKID&gt;2284&lt;/WKID&gt;&lt;/ProjectedCoordinateSystem&gt;</peXml></coordRef></DataProperties><SyncDate>20140404</SyncDate><SyncTime>16410200</SyncTime><ModDate>20140404</ModDate><ModTime>16410200</ModTime></Esri><dataIdInfo><envirDesc Sync="TRUE">Microsoft Windows 7 Version 6.1 (Build 7601) Service Pack 1; ESRI ArcGIS 10.0.5.4400</envirDesc><dataLang><languageCode value="eng" Sync="TRUE"></languageCode><countryCode value="USA" Sync="TRUE"></countryCode></dataLang><idCitation><resTitle Sync="TRUE">Trail</resTitle><presForm><PresFormCd value="005" Sync="TRUE"></PresFormCd></presForm></idCitation><spatRpType><SpatRepTypCd value="001" Sync="TRUE"></SpatRepTypCd></spatRpType></dataIdInfo><mdLang><languageCode value="eng" Sync="TRUE"></languageCode><countryCode value="USA" Sync="TRUE"></countryCode></mdLang><distInfo><distFormat><formatName Sync="TRUE">Shapefile</formatName></distFormat><distTranOps><transSize Sync="TRUE">0.000</transSize></distTranOps></distInfo><mdHrLv><ScopeCd value="005" Sync="TRUE"></ScopeCd></mdHrLv><mdHrLvName Sync="TRUE">dataset</mdHrLvName><refSysInfo><RefSystem><refSysID><identCode code="2284" Sync="TRUE"></identCode><idCodeSpace Sync="TRUE">EPSG</idCodeSpace><idVersion Sync="TRUE">7.4.1</idVersion></refSysID></RefSystem></refSysInfo><spatRepInfo><VectSpatRep><geometObjs Name="Trail"><geoObjTyp><GeoObjTypCd value="002" Sync="TRUE"></GeoObjTypCd></geoObjTyp><geoObjCnt Sync="TRUE">0</geoObjCnt></geometObjs><topLvl><TopoLevCd value="001" Sync="TRUE"></TopoLevCd></topLvl></VectSpatRep></spatRepInfo><spdoinfo><ptvctinf><esriterm><efeatyp Sync="TRUE">Simple</efeatyp><efeageom code="3" Sync="TRUE"></efeageom><esritopo Sync="TRUE">FALSE</esritopo><efeacnt Sync="TRUE">0</efeacnt><spindex Sync="TRUE">FALSE</spindex><linrefer Sync="TRUE">FALSE</linrefer></esriterm></ptvctinf></spdoinfo><eainfo><detailed Name="Trail"><enttyp><enttypl Sync="TRUE">Trail</enttypl><enttypt Sync="TRUE">Feature Class</enttypt><enttypc Sync="TRUE">0</enttypc></enttyp><attr><attrlabl Sync="TRUE">FID</attrlabl><attalias Sync="TRUE">FID</attalias><attrtype Sync="TRUE">OID</attrtype><attwidth Sync="TRUE">4</attwidth><atprecis Sync="TRUE">0</atprecis><attscale Sync="TRUE">0</attscale><attrdef Sync="TRUE">Internal feature number.</attrdef><attrdefs Sync="TRUE">ESRI</attrdefs><attrdomv><udom Sync="TRUE">Sequential unique whole numbers that are automatically generated.</udom></attrdomv></attr><attr><attrlabl Sync="TRUE">Shape</attrlabl><attalias Sync="TRUE">Shape</attalias><attrtype Sync="TRUE">Geometry</attrtype><attwidth Sync="TRUE">0</attwidth><atprecis Sync="TRUE">0</atprecis><attscale Sync="TRUE">0</attscale><attrdef Sync="TRUE">Feature geometry.</attrdef><attrdefs Sync="TRUE">ESRI</attrdefs><attrdomv><udom Sync="TRUE">Coordinates defining the features.</udom></attrdomv></attr><attr><attrlabl Sync="TRUE">TRAIL_NAME</attrlabl><attalias Sync="TRUE">TRAIL_NAME</attalias><attrtype Sync="TRUE">String</attrtype><attwidth Sync="TRUE">60</attwidth><atprecis Sync="TRUE">0</atprecis><attscale Sync="TRUE">0</attscale></attr><attr><attrlabl Sync="TRUE">COMMENT</attrlabl><attalias Sync="TRUE">COMMENT</attalias><attrtype Sync="TRUE">String</attrtype><attwidth Sync="TRUE">100</attwidth><atprecis Sync="TRUE">0</atprecis><attscale Sync="TRUE">0</attscale></attr><attr><attrlabl Sync="TRUE">SURFACE</attrlabl><attalias Sync="TRUE">SURFACE</attalias><attrtype Sync="TRUE">String</attrtype><attwidth Sync="TRUE">20</attwidth><atprecis Sync="TRUE">0</atprecis><attscale Sync="TRUE">0</attscale></attr><attr><attrlabl Sync="TRUE">GPS_DATA_F</attrlabl><attalias Sync="TRUE">GPS_DATA_F</attalias><attrtype Sync="TRUE">String</attrtype><attwidth Sync="TRUE">50</attwidth><atprecis Sync="TRUE">0</atprecis><attscale Sync="TRUE">0</attscale></attr><attr><attrlabl Sync="TRUE">ID2</attrlabl><attalias Sync="TRUE">ID2</attalias><attrtype Sync="TRUE">Double</attrtype><attwidth Sync="TRUE">19</attwidth><atprecis Sync="TRUE">0</atprecis><attscale Sync="TRUE">0</attscale></attr><attr><attrlabl Sync="TRUE">Difficulty</attrlabl><attalias Sync="TRUE">Difficulty</attalias><attrtype Sync="TRUE">String</attrtype><attwidth Sync="TRUE">50</attwidth><atprecis Sync="TRUE">0</atprecis><attscale Sync="TRUE">0</attscale></attr><attr><attrlabl Sync="TRUE">ADA_ACCESS</attrlabl><attalias Sync="TRUE">ADA_ACCESS</attalias><attrtype Sync="TRUE">SmallInteger</attrtype><attwidth Sync="TRUE">4</attwidth><atprecis Sync="TRUE">4</atprecis><attscale Sync="TRUE">0</attscale></attr><attr><attrlabl Sync="TRUE">TRAIL_WIDT</attrlabl><attalias Sync="TRUE">TRAIL_WIDT</attalias><attrtype Sync="TRUE">Integer</attrtype><attwidth Sync="TRUE">9</attwidth><atprecis Sync="TRUE">9</atprecis><attscale Sync="TRUE">0</attscale></attr><attr><attrlabl Sync="TRUE">HIKING</attrlabl><attalias Sync="TRUE">HIKING</attalias><attrtype Sync="TRUE">SmallInteger</attrtype><attwidth Sync="TRUE">4</attwidth><atprecis Sync="TRUE">4</atprecis><attscale Sync="TRUE">0</attscale></attr><attr><attrlabl Sync="TRUE">BIKING</attrlabl><attalias Sync="TRUE">BIKING</attalias><attrtype Sync="TRUE">SmallInteger</attrtype><attwidth Sync="TRUE">4</attwidth><atprecis Sync="TRUE">4</atprecis><attscale Sync="TRUE">0</attscale></attr><attr><attrlabl Sync="TRUE">WALKING</attrlabl><attalias Sync="TRUE">WALKING</attalias><attrtype Sync="TRUE">SmallInteger</attrtype><attwidth Sync="TRUE">4</attwidth><atprecis Sync="TRUE">4</atprecis><attscale Sync="TRUE">0</attscale></attr><attr><attrlabl Sync="TRUE">MAINTENANC</attrlabl><attalias Sync="TRUE">MAINTENANC</attalias><attrtype Sync="TRUE">SmallInteger</attrtype><attwidth Sync="TRUE">4</attwidth><atprecis Sync="TRUE">4</atprecis><attscale Sync="TRUE">0</attscale></attr><attr><attrlabl Sync="TRUE">MULTIUSE</attrlabl><attalias Sync="TRUE">MULTIUSE</attalias><attrtype Sync="TRUE">SmallInteger</attrtype><attwidth Sync="TRUE">4</attwidth><atprecis Sync="TRUE">4</atprecis><attscale Sync="TRUE">0</attscale></attr><attr><attrlabl Sync="TRUE">PARK</attrlabl><attalias Sync="TRUE">PARK</attalias><attrtype Sync="TRUE">String</attrtype><attwidth Sync="TRUE">50</attwidth><atprecis Sync="TRUE">0</atprecis><attscale Sync="TRUE">0</attscale></attr><attr><attrlabl Sync="TRUE">Editor</attrlabl><attalias Sync="TRUE">Editor</attalias><attrtype Sync="TRUE">String</attrtype><attwidth Sync="TRUE">50</attwidth><atprecis Sync="TRUE">0</atprecis><attscale Sync="TRUE">0</attscale></attr><attr><attrlabl Sync="TRUE">DateModify</attrlabl><attalias Sync="TRUE">DateModify</attalias><attrtype Sync="TRUE">Date</attrtype><attwidth Sync="TRUE">8</attwidth><atprecis Sync="TRUE">0</atprecis><attscale Sync="TRUE">0</attscale></attr><attr><attrlabl Sync="TRUE">SHAPE_Leng</attrlabl><attalias Sync="TRUE">SHAPE_Leng</attalias><attrtype Sync="TRUE">Double</attrtype><attwidth Sync="TRUE">19</attwidth><atprecis Sync="TRUE">0</atprecis><attscale Sync="TRUE">0</attscale></attr></detailed></eainfo><mdDateSt Sync="TRUE">20140404</mdDateSt></metadata>
