<metadata><idinfo><citation><citeinfo><origin>Virginia Department of Conservation and Recreation, Division of Natural Heritage</origin><pubdate>200702</pubdate><title>Fredericksburg and Spotsylvania National Military Park Vegetation Mapping Project - Accuracy Assessment Points</title><geoform>vector digital data</geoform><onlink>http://www1.usgs.gov/vip/frsp/frspaa.zip</onlink><lworkcit><citeinfo><origin>Kristin Taverna</origin><pubdate>200806</pubdate><title>Taverna, K. and K.D.Patterson. 2008. Vegetation Classification and Mapping at Fredericksburg and Spotsylvania National Military Park, Virginia. Technical Report NPS/NER/NRTR--2008/126. National Park Service. Philadelphia, PA.</title><geoform>document</geoform></citeinfo></lworkcit><onlink>doi:10.5066/F71G0J7H</onlink></citeinfo></citation><descript><abstract>This shapefile depicts the locations of thematic accuracy assessment sampling points used in the vegetation mapping of Fredericksburg and Spotsylvania National Military Park. It was developed by the Virginia Department of Conservation and Recreation, Division of Natural Heritage. The data were created following general guidelines set forth by the USGS-NPS Vegetation Mapping Program. Accuracy assessment field work was performed in the summer of 2006 by staff of the Virginia Division of Natural Heritage.</abstract><purpose>This data set was created to identify the locations of sampling points used to assess the thematic accuracy of the Fredericksburg and Spotsylvania National Military Park vegetation map.</purpose></descript><timeperd><timeinfo><sngdate><caldate>200605</caldate></sngdate></timeinfo><current>Ground condition</current></timeperd><status><progress>Complete</progress><update>None planned</update></status><spdom><descgeog>Fredericksburg and Spotsylvania National Military Park and environs</descgeog><bounding><westbc>-77.761534</westbc><eastbc>-77.428708</eastbc><northbc>38.336953</northbc><southbc>38.139792</southbc></bounding></spdom><keywords><theme><themekt>None</themekt><themekey>Vegetation map</themekey><themekey>National Park Service</themekey><themekey>Thematic accuracy assessment</themekey><themekey>Vegetation association</themekey></theme><place><placekt>National Park System Unit Name Thesaurus</placekt><placekey>Fredericksburg and Spotsylvania National Military Park</placekey></place><place><placekt>National Park System Unit Code Thesaurus</placekt><placekey>FRSP</placekey></place><place><placekt>None</placekt><placekey>Orange County, Virginia</placekey><placekey>Spotsylvania County, Virginia</placekey><placekey>Stafford County, Virginia</placekey><placekey>Caroline County, Virginia</placekey><placekey>City of Fredericksburg, Virginia</placekey></place></keywords><taxonomy><keywtax><taxonkt>None</taxonkt><taxonkey>Standardized National Vegetation Classification System</taxonkey><taxonkey>vegetation classification</taxonkey><taxonkey>alliance</taxonkey><taxonkey>community association</taxonkey></keywtax><taxoncl><taxonrn>Kingdom</taxonrn><taxonrv>Plantae</taxonrv></taxoncl></taxonomy><accconst>None</accconst><useconst>None</useconst><ptcontac><cntinfo><cntorgp><cntorg>Virginia Department of Conservation and Recreation, Division of Natural Heritage</cntorg></cntorgp><cntpos>Ecologist</cntpos><cntaddr><addrtype>mailing and physical</addrtype><address>217 Governor Street</address><city>Richmond</city><state>Virginia</state><postal>23219</postal><country>USA</country></cntaddr><cntvoice>804-786-5990</cntvoice></cntinfo></ptcontac><native>Microsoft Windows XP Version 5.1 (Build 2600) Service Pack 2; ESRI ArcCatalog 9.2.1.1332</native></idinfo><dataqual><logic>ESRI point geometry.</logic><complete>Each accuracy assessment point is represented by one point in the shapefile. All points fall within vegetation map polygons.</complete><lineage><procstep><procdesc>The number and distribution of accuracy assessment sampling points was determined by map class abundance and frequency as recommended in the USGS/NPS Vegetation Mapping protocols (The Nature Conservancy and Environmental Systems Research Institute 1994c), with one regional modification to accomodate the vegetation pattern seen in the park (Taverna and Patterson 2007). A stratified random sampling approach was used, distributing the sampling effort across the USNVC map classes. Two cultural map classes, Cultural Meadow and Semipermanent Impoundment, and all Anderson II land use classes were excluded from the accuracy assessment. The map class Coastal Plain Depression Wetland was also excluded from the accuracy assessment because all polygons of this association were visited and verified during the mapping phase of the project. Two hundred seventeen randomly selected accuracy assessment sampling points were generated using the Random Point Generator v. 1.3 (Jenness 2005) in ArcView 3.3. All points were reviewed over topographic maps and aerial photos. Points were reassigned if the randomly selected point fell on a road, outside the park boundary or if there were potential access limitations. From May through July 2006, all 217 accuracy assessment points were located in the field by VADNH staff using a Garmin Map76 WAAS enabled GPS. Field staff determined the map class at the accuracy assessment point using a dichotomous key to the vegetation map classes and detailed vegetation descriptions.</procdesc><procdate>200702</procdate></procstep></lineage></dataqual><spdoinfo><direct>Vector</direct><ptvctinf><esriterm><efeatyp Sync="TRUE">Simple</efeatyp><efeageom code="1" Sync="TRUE"></efeageom><esritopo Sync="TRUE">FALSE</esritopo><efeacnt Sync="TRUE">217</efeacnt><spindex Sync="TRUE">FALSE</spindex><linrefer Sync="TRUE">FALSE</linrefer></esriterm></ptvctinf></spdoinfo><spref><horizsys><planar><planci><plance>coordinate pair</plance><coordrep><absres>0.000064</absres><ordres>0.000064</ordres></coordrep><plandu>meters</plandu></planci></planar><geodetic><horizdn>North American Datum of 1983</horizdn><ellips>Geodetic Reference System 80</ellips><semiaxis>6378137.000000</semiaxis><denflat>298.257222</denflat></geodetic></horizsys></spref><eainfo><detailed Name="frsp_veg_aa_2006"><enttyp><enttypl>frsp_veg_aa_2006</enttypl><enttypd>Shapefile attribute table</enttypd><enttypds>Virginia Department of Conservation and Recreation, Division of Natural Heritage</enttypds><enttypt Sync="TRUE">Feature Class</enttypt><enttypc Sync="TRUE">217</enttypc></enttyp><attr><attrlabl>FID</attrlabl><attrdef>Internal feature number.</attrdef><attrdefs>ESRI</attrdefs><attrdomv><udom>Sequential unique whole numbers that are automatically generated.</udom></attrdomv><attalias Sync="TRUE">FID</attalias><attrtype Sync="TRUE">OID</attrtype><attwidth Sync="TRUE">4</attwidth><atprecis Sync="TRUE">0</atprecis><attscale Sync="TRUE">0</attscale></attr><attr><attrlabl>Shape</attrlabl><attrdef>Feature geometry.</attrdef><attrdefs>ESRI</attrdefs><attrdomv><udom>Coordinates defining the features.</udom></attrdomv><attalias Sync="TRUE">Shape</attalias><attrtype Sync="TRUE">Geometry</attrtype><attwidth Sync="TRUE">0</attwidth><atprecis Sync="TRUE">0</atprecis><attscale Sync="TRUE">0</attscale></attr><attr><attrlabl>AA_Obs_ID</attrlabl><attrdef>Accuracy assessment point number</attrdef><attrdefs>NPS four letter park code plus unique number</attrdefs><attrdomv><udom>NPS four letter park code plus unique number</udom></attrdomv><attalias Sync="TRUE">AA_OBS_ID</attalias><attrtype Sync="TRUE">String</attrtype><attwidth Sync="TRUE">19</attwidth><atprecis Sync="TRUE">0</atprecis><attscale Sync="TRUE">0</attscale></attr></detailed></eainfo><distinfo><distrib><cntinfo><cntorgp><cntorg>USGS/CSS/Core Science Analytics and Synthesis</cntorg><cntper>USGS-NPS Vegetation Characterization Program Coordinator</cntper></cntorgp><cntaddr><addrtype>mailing and physical address</addrtype><address>Denver Federal Center, Building 810, MS 302</address><city>Denver</city><state>Colorado</state><postal>80225</postal></cntaddr><cntvoice>(303) 202-4220</cntvoice><cntfax>303-202-4219</cntfax><cntemail>gs-b-npsveg@usgs.gov</cntemail></cntinfo></distrib><resdesc>Downloadable Data</resdesc><distliab>The U.S. Geological Survey and the National Park Service shall not be held liable for improper or incorrect use of the data described and/or contained herein.  These data and related graphics (if available) are not legal documents and are not intended to be used as such.

The information contained in these data is dynamic and may change over time.  The data are not better than the original sources from which they were derived.  It is the responsibility of the data user to use the data appropriately and consistent within the limitations of geospatial data in general and these data in particular.  Any related graphics (if available) are intended to aid the data user in acquiring relevant data; it is not approriate to use the related graphics as data.

The U.S. Geological Survey and the National Park Service gives no warranty, expressed or implied, as to the accuracy, reliability, or completeness of these data.  It is strongly recommended that these data are directly acquired from an U.S. Geological Survey and National Park Service servers and not indirectly through other sources which may have changed the data in some way.  Although these data have been processed successfully on a computer system at the U.S. Geological Survey, no warranty expressed or implied is made regarding the utility of the data on another system or for general or scientific purposes, nor shall the act of distribution constitute any such warranty. This disclaimer applies both to individual use of the data and aggregate use with other data. It is also strongly recommended that careful attention be paid to the contents of the metadata file associated with these data. Mention of trade names or commercial products in this metadata report does not constitute endorsement or recommendation for use by the U. S. Department of the Interior, U. S. Geological Survey and National Park Service.</distliab><stdorder><digform><digtinfo><formname>HTML</formname></digtinfo><digtopt><onlinopt><computer><networka><networkr>http://www.usgs.gov/core_science_systems/csas/vip/parks/frsp.html</networkr></networka></computer><accinstr>Internet Access</accinstr></onlinopt></digtopt></digform><fees>None</fees></stdorder></distinfo><metainfo><metd>20070411</metd><metrd>20100524</metrd><metc><cntinfo><cntorgp><cntorg>USGS/CSS/Core Science Analytics and Synthesis</cntorg><cntper>USGS-NPS Vegetation Characterization Program Coordinator</cntper></cntorgp><cntaddr><addrtype>mailing and physical address</addrtype><address>Denver Federal Center, Building 810, MS 302</address><city>Denver</city><state>Colorado</state><postal>80225</postal></cntaddr><cntvoice>(303) 202-4220</cntvoice><cntfax>303-202-4219</cntfax><cntemail>gs-b-npsveg@usgs.gov</cntemail></cntinfo></metc><metstdn>FGDC Biological Data Profile of the Content Standard for Digital Geospatial Metadata</metstdn><metstdv>FGDC-STD-001.1-1999</metstdv><metextns><onlink>http://www.usgs.gov/core_science_systems/csas/metadata/index.html</onlink></metextns></metainfo><dataIdInfo><envirDesc Sync="TRUE">Microsoft Windows XP Version 5.1 (Build 2600) Service Pack 3; ESRI ArcGIS 10.0.4.4000</envirDesc><dataLang><languageCode value="en" Sync="TRUE"></languageCode><countryCode value="US" Sync="TRUE"></countryCode></dataLang><idCitation><resTitle Sync="TRUE">frsp_veg_aa_2006</resTitle><presForm><PresFormCd value="005" Sync="TRUE"></PresFormCd></presForm></idCitation><spatRpType><SpatRepTypCd value="001" Sync="TRUE"></SpatRepTypCd></spatRpType><dataExt><geoEle><GeoBndBox esriExtentType="search"><exTypeCode Sync="TRUE">1</exTypeCode><westBL Sync="TRUE">-77.761534</westBL><eastBL Sync="TRUE">-77.428708</eastBL><northBL Sync="TRUE">38.336953</northBL><southBL Sync="TRUE">38.139792</southBL></GeoBndBox></geoEle></dataExt></dataIdInfo><mdLang><languageCode value="en" Sync="TRUE"></languageCode><countryCode value="US" Sync="TRUE"></countryCode></mdLang><Esri><DataProperties><itemProps><itemName Sync="TRUE">frsp_veg_aa_2006</itemName><imsContentType Sync="TRUE">002</imsContentType><nativeExtBox><westBL Sync="TRUE">258612.460734</westBL><eastBL Sync="TRUE">287176.957917</eastBL><southBL Sync="TRUE">4224910.189577</southBL><northBL Sync="TRUE">4246007.900042</northBL><exTypeCode Sync="TRUE">1</exTypeCode></nativeExtBox><itemSize Sync="TRUE">0.006</itemSize><itemLocation><linkage Sync="TRUE">file://\\IGSKBTHBWSTSIN2\I\npsveg\archivedparks\frsp\aa\frspaa\frsp_veg_aa_2006.shp</linkage><protocol Sync="TRUE">Local Area Network</protocol></itemLocation></itemProps><coordRef><type Sync="TRUE">Projected</type><geogcsn Sync="TRUE">GCS_North_American_1983</geogcsn><csUnits Sync="TRUE">Linear Unit: Meter (1.000000)</csUnits><projcsn Sync="TRUE">NAD_1983_UTM_Zone_18N</projcsn><peXml Sync="TRUE">&lt;ProjectedCoordinateSystem xsi:type='typens:ProjectedCoordinateSystem' xmlns:xsi='http://www.w3.org/2001/XMLSchema-instance' xmlns:xs='http://www.w3.org/2001/XMLSchema' xmlns:typens='http://www.esri.com/schemas/ArcGIS/10.0'&gt;&lt;WKT&gt;PROJCS[&amp;quot;NAD_1983_UTM_Zone_18N&amp;quot;,GEOGCS[&amp;quot;GCS_North_American_1983&amp;quot;,DATUM[&amp;quot;D_North_American_1983&amp;quot;,SPHEROID[&amp;quot;GRS_1980&amp;quot;,6378137.0,298.257222101]],PRIMEM[&amp;quot;Greenwich&amp;quot;,0.0],UNIT[&amp;quot;Degree&amp;quot;,0.0174532925199433]],PROJECTION[&amp;quot;Transverse_Mercator&amp;quot;],PARAMETER[&amp;quot;False_Easting&amp;quot;,500000.0],PARAMETER[&amp;quot;False_Northing&amp;quot;,0.0],PARAMETER[&amp;quot;Central_Meridian&amp;quot;,-75.0],PARAMETER[&amp;quot;Scale_Factor&amp;quot;,0.9996],PARAMETER[&amp;quot;Latitude_Of_Origin&amp;quot;,0.0],UNIT[&amp;quot;Meter&amp;quot;,1.0],AUTHORITY[&amp;quot;EPSG&amp;quot;,26918]]&lt;/WKT&gt;&lt;XOrigin&gt;-5120900&lt;/XOrigin&gt;&lt;YOrigin&gt;-9998100&lt;/YOrigin&gt;&lt;XYScale&gt;450445547.3910538&lt;/XYScale&gt;&lt;ZOrigin&gt;-100000&lt;/ZOrigin&gt;&lt;ZScale&gt;10000&lt;/ZScale&gt;&lt;MOrigin&gt;-100000&lt;/MOrigin&gt;&lt;MScale&gt;10000&lt;/MScale&gt;&lt;XYTolerance&gt;0.001&lt;/XYTolerance&gt;&lt;ZTolerance&gt;0.001&lt;/ZTolerance&gt;&lt;MTolerance&gt;0.001&lt;/MTolerance&gt;&lt;HighPrecision&gt;true&lt;/HighPrecision&gt;&lt;WKID&gt;26918&lt;/WKID&gt;&lt;/ProjectedCoordinateSystem&gt;</peXml></coordRef></DataProperties><SyncDate>20130204</SyncDate><SyncTime>10352300</SyncTime><ModDate>20130204</ModDate><ModTime>10352300</ModTime></Esri><distInfo><distFormat><formatName Sync="TRUE">Shapefile</formatName></distFormat><distTranOps><transSize Sync="TRUE">0.006</transSize></distTranOps></distInfo><mdHrLv><ScopeCd value="005" Sync="TRUE"></ScopeCd></mdHrLv><mdHrLvName Sync="TRUE">dataset</mdHrLvName><refSysInfo><RefSystem><refSysID><identCode code="26918" Sync="TRUE"></identCode><idCodeSpace Sync="TRUE">EPSG</idCodeSpace><idVersion Sync="TRUE">7.4.1</idVersion></refSysID></RefSystem></refSysInfo><spatRepInfo><VectSpatRep><geometObjs Name="frsp_veg_aa_2006"><geoObjTyp><GeoObjTypCd value="004" Sync="TRUE"></GeoObjTypCd></geoObjTyp><geoObjCnt Sync="TRUE">217</geoObjCnt></geometObjs><topLvl><TopoLevCd value="001" Sync="TRUE"></TopoLevCd></topLvl></VectSpatRep></spatRepInfo><mdDateSt Sync="TRUE">20130204</mdDateSt></metadata>
