<?xml version="1.0" encoding="ISO-8859-1"?>
<metadata>
	<idinfo>
		<citation>
			<citeinfo>
				<origin>City of Waynesboro - Department of Public Works</origin>
				<pubdate>Unpublished Material</pubdate>
				<title Sync="TRUE">ssPressurizedMain</title>
				<geoform Sync="TRUE">vector digital data</geoform>
				<onlink Sync="TRUE">\\WAY318\C$\Documents and Settings\chrisg\Desktop\ENG_GIS\WAYNESBORO_UTILITIES\Waynesboro_Utilities.mdb</onlink>
				<ftname Sync="TRUE">ssPressurizedMain</ftname></citeinfo>
		</citation>
		<descript>
			<abstract>Location of sanitary sewer pressurized main pipe.</abstract>
			<purpose>The purpose of this data set is to show the locations of the sanitary sewer pressurized main pipe.</purpose>
			<langdata Sync="TRUE">en</langdata></descript>
		<timeperd>
			<timeinfo>
				<sngdate>
					<caldate>unknown</caldate>
				</sngdate>
			</timeinfo>
			<current>publication date</current>
		</timeperd>
		<status>
			<progress>In work</progress>
			<update>Daily</update>
		</status>
		<spdom>
			<bounding>
				<westbc Sync="TRUE">-78.948110</westbc>
				<eastbc Sync="TRUE">-78.869598</eastbc>
				<northbc Sync="TRUE">38.089943</northbc>
				<southbc Sync="TRUE">38.050048</southbc>
			</bounding>
			<lboundng><leftbc Sync="TRUE">11353946.880310</leftbc><rightbc Sync="TRUE">11376485.330688</rightbc><bottombc Sync="TRUE">6701595.625916</bottombc><topbc Sync="TRUE">6716023.504700</topbc></lboundng></spdom>
		<keywords>
			<theme>
				<themekt>ssPressurizedMain</themekt>
				<themekey>Sanitary Sewer Pressurized Main</themekey>
			</theme>
		</keywords>
		<accconst>Users of this data agree to the use constraints described in this metadata document.</accconst>
		<useconst>Pursuant to Section 54.1-402, paragraph C of the Code of Virginia, which is quoted below, this data may not be used for purposes listed in said paragraph C, since the data was not created, nor is it maintained under the supervision of a licensed land surveyor.</useconst>
		<ptcontac>
			<cntinfo>
				<cntorgp>
					<cntorg>City of Waynesboro</cntorg>
					<cntper>Chris Garrison</cntper>
				</cntorgp>
				<cntpos>Department of Public Works / Engineering Assistant</cntpos>
				<cntaddr>
					<address>941 Fir Street</address>
					<city>Waynesboro</city>
					<state>VA</state>
					<postal>22980</postal>
					<country>USA</country>
				</cntaddr>
				<cntvoice>(540) 942-6624</cntvoice>
				<cntfax>(540) 942-6723</cntfax>
				<cntemail>garrisonca@ci.waynesboro.va.us</cntemail>
			</cntinfo>
		</ptcontac>
		<native Sync="TRUE">Microsoft Windows XP Version 5.1 (Build 2600) Service Pack 2; ESRI ArcCatalog 9.3.1.1850</native>
		<natvform Sync="TRUE">Personal GeoDatabase Feature Class</natvform></idinfo>
	<spdoinfo>
		<direct Sync="TRUE">Vector</direct>
		<ptvctinf><esriterm Name="StormSewerPressurizedMain"><efeatyp Sync="TRUE">Simple</efeatyp><efeageom code="3" Sync="TRUE"></efeageom><esritopo Sync="TRUE">FALSE</esritopo><efeacnt Sync="TRUE">0</efeacnt><spindex Sync="TRUE">FALSE</spindex><linrefer Sync="TRUE">TRUE</linrefer></esriterm></ptvctinf></spdoinfo>
	<spref>
		<horizsys>
			<planar>
				<planci>
					<plance Sync="TRUE">coordinate pair</plance>
					<coordrep>
						<absres Sync="TRUE">0.000100</absres>
						<ordres Sync="TRUE">0.000100</ordres>
					</coordrep>
					<plandu Sync="TRUE">survey feet</plandu>
				</planci>
			</planar>
			<geodetic>
				<horizdn Sync="TRUE">North American Datum of 1983</horizdn>
				<ellips Sync="TRUE">Geodetic Reference System 80</ellips>
				<semiaxis Sync="TRUE">6378137.000000</semiaxis>
				<denflat Sync="TRUE">298.257222</denflat>
			</geodetic>
			<cordsysn><geogcsn Sync="TRUE">GCS_North_American_1983</geogcsn><projcsn Sync="TRUE">NAD_1983_StatePlane_Virginia_North_FIPS_4501_Feet</projcsn></cordsysn></horizsys>
		<vertdef>
			<altsys>
				<altres Sync="TRUE">0.000010</altres>
				<altenc Sync="TRUE">Explicit elevation coordinate included with horizontal coordinates</altenc>
			</altsys>
		</vertdef>
	</spref>
	<eainfo>
		<detailed Name="StormSewerPressurizedMain">
			<enttyp>
				<enttypl Sync="TRUE">StormSewerPressurizedMain</enttypl>
				<enttypt Sync="TRUE">Feature Class</enttypt><enttypc Sync="TRUE">0</enttypc></enttyp>
			<attr><attrlabl Sync="TRUE">FID</attrlabl><attalias Sync="TRUE">FID</attalias><attrtype Sync="TRUE">OID</attrtype><attwidth Sync="TRUE">4</attwidth><atprecis Sync="TRUE">0</atprecis><attscale Sync="TRUE">0</attscale><attrdef Sync="TRUE">Internal feature number.</attrdef><attrdefs Sync="TRUE">Esri</attrdefs><attrdomv><udom Sync="TRUE">Sequential unique whole numbers that are automatically generated.</udom></attrdomv></attr><attr>
				<attrlabl>Enabled</attrlabl>
				<attalias Sync="TRUE">Enabled</attalias><attrtype Sync="TRUE">SmallInteger</attrtype><attwidth Sync="TRUE">4</attwidth><atprecis Sync="TRUE">4</atprecis><attscale Sync="TRUE">0</attscale></attr>
			<attr>
				<attrlabl>FacilityID</attrlabl>
				<attalias Sync="TRUE">FacilityID</attalias><attrtype Sync="TRUE">String</attrtype><attwidth Sync="TRUE">20</attwidth><atprecis Sync="TRUE">0</atprecis><attscale Sync="TRUE">0</attscale></attr>
			<attr>
				<attrlabl>Ownership</attrlabl>
				<attalias Sync="TRUE">Ownership</attalias><attrtype Sync="TRUE">String</attrtype><attwidth Sync="TRUE">50</attwidth><atprecis Sync="TRUE">0</atprecis><attscale Sync="TRUE">0</attscale></attr>
			<attr>
				<attrlabl>Material</attrlabl>
				<attalias Sync="TRUE">Material</attalias><attrtype Sync="TRUE">String</attrtype><attwidth Sync="TRUE">254</attwidth><atprecis Sync="TRUE">0</atprecis><attscale Sync="TRUE">0</attscale></attr>
			<attr><attrlabl Sync="TRUE">InstallDat</attrlabl><attalias Sync="TRUE">InstallDat</attalias><attrtype Sync="TRUE">Date</attrtype><attwidth Sync="TRUE">8</attwidth><atprecis Sync="TRUE">0</atprecis><attscale Sync="TRUE">0</attscale></attr><attr><attrlabl Sync="TRUE">InstallYea</attrlabl><attalias Sync="TRUE">InstallYea</attalias><attrtype Sync="TRUE">String</attrtype><attwidth Sync="TRUE">10</attwidth><atprecis Sync="TRUE">0</atprecis><attscale Sync="TRUE">0</attscale></attr><attr><attrlabl Sync="TRUE">LifecycleS</attrlabl><attalias Sync="TRUE">LifecycleS</attalias><attrtype Sync="TRUE">String</attrtype><attwidth Sync="TRUE">20</attwidth><atprecis Sync="TRUE">0</atprecis><attscale Sync="TRUE">0</attscale></attr><attr>
				<attrlabl>Diameter</attrlabl>
				<attalias Sync="TRUE">Diameter</attalias><attrtype Sync="TRUE">Double</attrtype><attwidth Sync="TRUE">19</attwidth><atprecis Sync="TRUE">0</atprecis><attscale Sync="TRUE">0</attscale></attr>
			<attr>
				<attrlabl>Comments</attrlabl>
				<attalias Sync="TRUE">Comments</attalias><attrtype Sync="TRUE">String</attrtype><attwidth Sync="TRUE">150</attwidth><atprecis Sync="TRUE">0</atprecis><attscale Sync="TRUE">0</attscale></attr>
			<attr>
				<attrlabl>Editor</attrlabl>
				<attalias Sync="TRUE">Editor</attalias><attrtype Sync="TRUE">String</attrtype><attwidth Sync="TRUE">50</attwidth><atprecis Sync="TRUE">0</atprecis><attscale Sync="TRUE">0</attscale></attr>
			<attr><attrlabl Sync="TRUE">Cartegraph</attrlabl><attalias Sync="TRUE">Cartegraph</attalias><attrtype Sync="TRUE">String</attrtype><attwidth Sync="TRUE">150</attwidth><atprecis Sync="TRUE">0</atprecis><attscale Sync="TRUE">0</attscale></attr><attr>
				<attrlabl>DateModify</attrlabl>
				<attalias Sync="TRUE">DateModify</attalias><attrtype Sync="TRUE">Date</attrtype><attwidth Sync="TRUE">8</attwidth><atprecis Sync="TRUE">0</atprecis><attscale Sync="TRUE">0</attscale></attr>
			<attr>
				<attrlabl>Shape</attrlabl>
				<attrdef>Feature geometry.</attrdef>
				<attrdefs>ESRI</attrdefs>
				<attrdomv>
					<udom>Coordinates defining the features.</udom>
				</attrdomv>
				<attalias Sync="TRUE">Shape</attalias><attrtype Sync="TRUE">Geometry</attrtype><attwidth Sync="TRUE">0</attwidth><atprecis Sync="TRUE">0</atprecis><attscale Sync="TRUE">0</attscale></attr>
			<attr><attrlabl Sync="TRUE">Shape_Leng</attrlabl><attalias Sync="TRUE">Shape_Leng</attalias><attrtype Sync="TRUE">Double</attrtype><attwidth Sync="TRUE">19</attwidth><atprecis Sync="TRUE">0</atprecis><attscale Sync="TRUE">0</attscale></attr></detailed>
	</eainfo>
	<distinfo>
		<distrib>
			<cntinfo>
				<cntorgp>
					<cntorg>City of Waynesboro</cntorg>
					<cntper>Chris Garrison</cntper>
				</cntorgp>
				<cntpos>Department of Public Works / Engineering Assistant</cntpos>
				<cntaddr>
					<addrtype>mailing and physical address</addrtype>
					<address>941 Fir Street</address>
					<city>Waynesboro</city>
					<state>VA</state>
					<postal>22980</postal>
					<country>USA</country>
				</cntaddr>
				<cntvoice>(540) 942-6624</cntvoice>
				<cntfax>(540) 942-6723</cntfax>
				<cntemail>garrisonca@ci.waynesboro.va.us</cntemail>
			</cntinfo>
		</distrib>
		<resdesc>Downloadable Data</resdesc>
		<distliab>Although these data have been processed successfully on a computer system, no warranty expressed or implied is made regarding the use of the data on any other system, nor does the act of distribution constitute any such warranty.</distliab>
		<stdorder></stdorder>
	</distinfo>
	<metainfo>
		<metd Sync="TRUE">20090528</metd>
		<metc>
			<cntinfo>
				<cntorgp>
					<cntorg>City of Waynesboro</cntorg>
					<cntper>Chris Garrison</cntper>
				</cntorgp>
				<cntpos>Department of Public Works / Engineering Assistant</cntpos>
				<cntaddr>
					<addrtype>mailing and physical address</addrtype>
					<address>941 Fir Street</address>
					<city>Waynesboro</city>
					<state>VA</state>
					<postal>22980</postal>
					<country>USA</country>
				</cntaddr>
				<cntvoice>(540) 942-6624</cntvoice>
				<cntfax>(540) 942-6723</cntfax>
				<cntemail>garrisonca@ci.waynesboro.va.us</cntemail>
			</cntinfo>
		</metc>
		<metstdn Sync="TRUE">FGDC Content Standards for Digital Geospatial Metadata</metstdn>
		<metstdv Sync="TRUE">FGDC-STD-001-1998</metstdv>
		<mettc Sync="TRUE">local time</mettc>
		<metextns>
			<onlink>http://www.esri.com/metadata/esriprof80.html</onlink>
			<metprof>ESRI Metadata Profile</metprof>
		</metextns>
		<langmeta Sync="TRUE">en</langmeta></metainfo>
	<Esri><MetaID>{FBE3EE5C-EDC6-4308-B3DB-A0273D606251}</MetaID><CreaDate>20090528</CreaDate><CreaTime>09320600</CreaTime><SyncOnce>FALSE</SyncOnce><SyncDate>20140117</SyncDate><SyncTime>14320200</SyncTime><ModDate>20140117</ModDate><ModTime>14320200</ModTime><DataProperties><itemProps><itemName Sync="TRUE">StormSewerPressurizedMain</itemName><imsContentType Sync="TRUE">002</imsContentType><itemSize Sync="TRUE">0.000</itemSize><itemLocation><linkage Sync="TRUE">file://\\YA-PL002\C$\IT\CivicPlusCityWebsite\GisDataDownloadApp\Shp\StormSewerPressurizedMain.shp</linkage><protocol Sync="TRUE">Local Area Network</protocol></itemLocation></itemProps><coordRef><type Sync="TRUE">Projected</type><geogcsn Sync="TRUE">GCS_North_American_1983</geogcsn><csUnits Sync="TRUE">Linear Unit: Foot_US (0.304801)</csUnits><projcsn Sync="TRUE">NAD_1983_StatePlane_Virginia_North_FIPS_4501_Feet</projcsn><peXml Sync="TRUE">&lt;ProjectedCoordinateSystem xsi:type='typens:ProjectedCoordinateSystem' xmlns:xsi='http://www.w3.org/2001/XMLSchema-instance' xmlns:xs='http://www.w3.org/2001/XMLSchema' xmlns:typens='http://www.esri.com/schemas/ArcGIS/10.1'&gt;&lt;WKT&gt;PROJCS[&amp;quot;NAD_1983_StatePlane_Virginia_North_FIPS_4501_Feet&amp;quot;,GEOGCS[&amp;quot;GCS_North_American_1983&amp;quot;,DATUM[&amp;quot;D_North_American_1983&amp;quot;,SPHEROID[&amp;quot;GRS_1980&amp;quot;,6378137.0,298.257222101]],PRIMEM[&amp;quot;Greenwich&amp;quot;,0.0],UNIT[&amp;quot;Degree&amp;quot;,0.0174532925199433]],PROJECTION[&amp;quot;Lambert_Conformal_Conic&amp;quot;],PARAMETER[&amp;quot;False_Easting&amp;quot;,11482916.66666666],PARAMETER[&amp;quot;False_Northing&amp;quot;,6561666.666666666],PARAMETER[&amp;quot;Central_Meridian&amp;quot;,-78.5],PARAMETER[&amp;quot;Standard_Parallel_1&amp;quot;,38.03333333333333],PARAMETER[&amp;quot;Standard_Parallel_2&amp;quot;,39.2],PARAMETER[&amp;quot;Latitude_Of_Origin&amp;quot;,37.66666666666666],UNIT[&amp;quot;Foot_US&amp;quot;,0.3048006096012192],AUTHORITY[&amp;quot;EPSG&amp;quot;,2283]],VERTCS[&amp;quot;NAVD_1988&amp;quot;,VDATUM[&amp;quot;North_American_Vertical_Datum_1988&amp;quot;],PARAMETER[&amp;quot;Vertical_Shift&amp;quot;,0.0],PARAMETER[&amp;quot;Direction&amp;quot;,1.0],UNIT[&amp;quot;Foot_US&amp;quot;,0.3048006096012192]]&lt;/WKT&gt;&lt;XOrigin&gt;-110512500&lt;/XOrigin&gt;&lt;YOrigin&gt;-88858000&lt;/YOrigin&gt;&lt;XYScale&gt;36916142.964165002&lt;/XYScale&gt;&lt;ZOrigin&gt;-100000&lt;/ZOrigin&gt;&lt;ZScale&gt;3048.0060960121923&lt;/ZScale&gt;&lt;MOrigin&gt;-100000&lt;/MOrigin&gt;&lt;MScale&gt;10000&lt;/MScale&gt;&lt;XYTolerance&gt;0.0032808333333333331&lt;/XYTolerance&gt;&lt;ZTolerance&gt;0.0032808333333333331&lt;/ZTolerance&gt;&lt;MTolerance&gt;0.001&lt;/MTolerance&gt;&lt;HighPrecision&gt;true&lt;/HighPrecision&gt;&lt;WKID&gt;102746&lt;/WKID&gt;&lt;LatestWKID&gt;2283&lt;/LatestWKID&gt;&lt;/ProjectedCoordinateSystem&gt;</peXml></coordRef><lineage><Process ToolSource="c:\program files (x86)\arcgis\desktop10.1\ArcToolbox\Toolboxes\Conversion Tools.tbx\FeatureClassToFeatureClass" Date="20140117" Time="143202">FeatureClassToFeatureClass "Y:\Map Layers\2_Waynesboro Coverage\WaynesboroUtilities\Waynesboro_Utilities.mdb\Sewer_Collection\ssPressurizedMain" C:\IT\CivicPlusCityWebsite\GisDataDownloadApp\Shp StormSewerPressurizedMain.shp # "Enabled "Enabled" true true true 2 Short 0 0 ,First,#,Y:\Map Layers\2_Waynesboro Coverage\WaynesboroUtilities\Waynesboro_Utilities.mdb\Sewer_Collection\ssPressurizedMain,Enabled,-1,-1;FacilityID "FacilityID" true true false 20 Text 0 0 ,First,#,Y:\Map Layers\2_Waynesboro Coverage\WaynesboroUtilities\Waynesboro_Utilities.mdb\Sewer_Collection\ssPressurizedMain,FacilityID,-1,-1;Ownership "Ownership" true true false 50 Text 0 0 ,First,#,Y:\Map Layers\2_Waynesboro Coverage\WaynesboroUtilities\Waynesboro_Utilities.mdb\Sewer_Collection\ssPressurizedMain,Ownership,-1,-1;InstallDat "InstallDat" true true false 8 Date 0 0 ,First,#,Y:\Map Layers\2_Waynesboro Coverage\WaynesboroUtilities\Waynesboro_Utilities.mdb\Sewer_Collection\ssPressurizedMain,InstallDate,-1,-1;InstallYea "InstallYea" true true false 10 Text 0 0 ,First,#,Y:\Map Layers\2_Waynesboro Coverage\WaynesboroUtilities\Waynesboro_Utilities.mdb\Sewer_Collection\ssPressurizedMain,InstallYear,-1,-1;LifecycleS "LifecycleStatus" true true false 20 Text 0 0 ,First,#,Y:\Map Layers\2_Waynesboro Coverage\WaynesboroUtilities\Waynesboro_Utilities.mdb\Sewer_Collection\ssPressurizedMain,LifecycleStatus,-1,-1;Material "Material" true true false 255 Text 0 0 ,First,#,Y:\Map Layers\2_Waynesboro Coverage\WaynesboroUtilities\Waynesboro_Utilities.mdb\Sewer_Collection\ssPressurizedMain,Material,-1,-1;Diameter "Diameter" true true false 8 Double 0 0 ,First,#,Y:\Map Layers\2_Waynesboro Coverage\WaynesboroUtilities\Waynesboro_Utilities.mdb\Sewer_Collection\ssPressurizedMain,Diameter,-1,-1;Comments "Comments" true true false 150 Text 0 0 ,First,#,Y:\Map Layers\2_Waynesboro Coverage\WaynesboroUtilities\Waynesboro_Utilities.mdb\Sewer_Collection\ssPressurizedMain,Comments,-1,-1;Cartegraph "Cartegraph" true true false 150 Text 0 0 ,First,#,Y:\Map Layers\2_Waynesboro Coverage\WaynesboroUtilities\Waynesboro_Utilities.mdb\Sewer_Collection\ssPressurizedMain,Cartegraph_Comments,-1,-1;Editor "Editor" true true false 50 Text 0 0 ,First,#,Y:\Map Layers\2_Waynesboro Coverage\WaynesboroUtilities\Waynesboro_Utilities.mdb\Sewer_Collection\ssPressurizedMain,Editor,-1,-1;DateModify "DateModify" true true false 8 Date 0 0 ,First,#,Y:\Map Layers\2_Waynesboro Coverage\WaynesboroUtilities\Waynesboro_Utilities.mdb\Sewer_Collection\ssPressurizedMain,DateModify,-1,-1;Shape_Leng "Shape_Length" false true true 8 Double 0 0 ,First,#,Y:\Map Layers\2_Waynesboro Coverage\WaynesboroUtilities\Waynesboro_Utilities.mdb\Sewer_Collection\ssPressurizedMain,Shape_Length,-1,-1" #</Process></lineage></DataProperties></Esri><dataqual><lineage><procstep><procdesc Sync="TRUE">Metadata imported.</procdesc><srcused Sync="TRUE">C:\DOCUME~1\chrisg\LOCALS~1\Temp\xml340.tmp</srcused><procdate Sync="TRUE">20090528</procdate><proctime Sync="TRUE">09320600</proctime></procstep></lineage></dataqual><dataIdInfo><envirDesc Sync="TRUE">Microsoft Windows 7 Version 6.1 (Build 7601) Service Pack 1; Esri ArcGIS 10.1.1.3143</envirDesc><dataLang><languageCode Sync="TRUE" value="eng"></languageCode><countryCode value="USA" Sync="TRUE"></countryCode></dataLang><idCitation><resTitle Sync="TRUE">StormSewerPressurizedMain</resTitle><presForm><PresFormCd Sync="TRUE" value="005"></PresFormCd></presForm></idCitation><spatRpType><SpatRepTypCd Sync="TRUE" value="001"></SpatRepTypCd></spatRpType><dataExt><geoEle><GeoBndBox esriExtentType="native"><westBL Sync="TRUE">11353946.88031</westBL><eastBL Sync="TRUE">11376485.330688</eastBL><northBL Sync="TRUE">6716023.5047</northBL><southBL Sync="TRUE">6701595.625916</southBL><exTypeCode Sync="TRUE">1</exTypeCode></GeoBndBox></geoEle></dataExt><geoBox esriExtentType="decdegrees"><westBL Sync="TRUE">-78.94811</westBL><eastBL Sync="TRUE">-78.869598</eastBL><northBL Sync="TRUE">38.089943</northBL><southBL Sync="TRUE">38.050048</southBL><exTypeCode Sync="TRUE">1</exTypeCode></geoBox></dataIdInfo><mdLang><languageCode Sync="TRUE" value="eng"></languageCode><countryCode value="USA" Sync="TRUE"></countryCode></mdLang><mdStanName Sync="TRUE">ISO 19115 Geographic Information - Metadata</mdStanName><mdStanVer Sync="TRUE">DIS_ESRI1.0</mdStanVer><mdChar><CharSetCd Sync="TRUE" value="006"></CharSetCd></mdChar><mdHrLv><ScopeCd Sync="TRUE" value="005"></ScopeCd></mdHrLv><mdHrLvName Sync="TRUE">dataset</mdHrLvName><distInfo><distributor><distorTran><onLineSrc><orDesc Sync="TRUE">002</orDesc><linkage Sync="TRUE">file://\\WAY318\C$\Documents and Settings\chrisg\Desktop\ENG_GIS\WAYNESBORO_UTILITIES\Waynesboro_Utilities.mdb</linkage><protocol Sync="TRUE">Local Area Network</protocol></onLineSrc></distorTran><distorFormat><formatName Sync="TRUE">Personal GeoDatabase Feature Class</formatName></distorFormat></distributor><distFormat><formatName Sync="TRUE">Shapefile</formatName></distFormat><distTranOps><transSize Sync="TRUE">0.000</transSize></distTranOps></distInfo><refSysInfo><RefSystem><refSysID><identCode Sync="TRUE" code="2283">NAD_1983_StatePlane_Virginia_North_FIPS_4501_Feet</identCode><idCodeSpace Sync="TRUE">EPSG</idCodeSpace><idVersion Sync="TRUE">7.11.2</idVersion></refSysID></RefSystem></refSysInfo><spatRepInfo><VectSpatRep><geometObjs Name="StormSewerPressurizedMain"><geoObjTyp><GeoObjTypCd value="002" Sync="TRUE"></GeoObjTypCd></geoObjTyp><geoObjCnt Sync="TRUE">0</geoObjCnt></geometObjs><topLvl><TopoLevCd value="001" Sync="TRUE"></TopoLevCd></topLvl></VectSpatRep></spatRepInfo><mdDateSt Sync="TRUE">20140117</mdDateSt></metadata>
