<metadata xml:lang="en"><Esri><CreaDate>20140410</CreaDate><CreaTime>09063700</CreaTime><ArcGISFormat>1.0</ArcGISFormat><SyncOnce>FALSE</SyncOnce><DataProperties><lineage><Process ToolSource="c:\program files (x86)\arcgis\desktop10.1\ArcToolbox\Toolboxes\Data Management Tools.tbx\AddField" Date="20140410" Time="090637">AddField "Database Connections\stafford.sde\stafford.STAFFORD.LAND_RECORDS\stafford.STAFFORD.PARCELS1" Locality TEXT # # 20 # NULLABLE NON_REQUIRED #</Process><Process ToolSource="c:\program files (x86)\arcgis\desktop10.1\ArcToolbox\Toolboxes\Data Management Tools.tbx\CalculateField" Date="20140410" Time="130424">CalculateField stafford.STAFFORD.PARCELS Locality "Stafford" VB #</Process><Process ToolSource="c:\program files (x86)\arcgis\desktop10.1\ArcToolbox\Toolboxes\Data Management Tools.tbx\CalculateField" Date="20140410" Time="130512">CalculateField stafford.STAFFORD.PARCELS INSPAREA 0 VB #</Process><Process ToolSource="c:\program files\arcgis\desktop10.1\ArcToolbox\Toolboxes\Data Management Tools.tbx\CalculateField" Date="20140410" Time="150913">CalculateField "Parcels \stafford.STAFFORD.PARCELS" PAGENUM 54 VB #</Process><Process ToolSource="c:\program files\arcgis\desktop10.1\ArcToolbox\Toolboxes\Data Management Tools.tbx\CalculateField" Date="20140410" Time="150939">CalculateField "Parcels \stafford.STAFFORD.PARCELS" INSNUM ZZ VB #</Process><Process ToolSource="c:\program files\arcgis\desktop10.1\ArcToolbox\Toolboxes\Data Management Tools.tbx\CalculateField" Date="20140410" Time="151000">CalculateField "Parcels \stafford.STAFFORD.PARCELS" INSNUM "ZZ" VB #</Process><Process ToolSource="c:\program files (x86)\arcgis\desktop10.1\ArcToolbox\Toolboxes\Data Management Tools.tbx\CopyFeatures" Date="20140428" Time="233724">CopyFeatures "Database Connections\stafford.sde\stafford.STAFFORD.LAND_RECORDS\stafford.STAFFORD.PARCELS" \\srv16\gisdata3\arcdata\sdeload\load14\Mover.gdb\Mover\PARCELS # 0 0 0</Process><Process ToolSource="c:\program files (x86)\arcgis\desktop10.1\ArcToolbox\Toolboxes\Data Management Tools.tbx\AddField" Date="20140428" Time="233759">AddField \\srv16\gisdata3\arcdata\sdeload\load14\Mover.gdb\Mover\PARCELS GEAC_ADDRE TEXT # # 50 # NULLABLE NON_REQUIRED #</Process><Process ToolSource="c:\program files (x86)\arcgis\desktop10.1\ArcToolbox\Toolboxes\Conversion Tools.tbx\FeatureClassToFeatureClass" Date="20140428" Time="234124">FeatureClassToFeatureClass \\srv16\gisdata3\arcdata\sdeload\load14\Mover.gdb\Mover\PARCELS "Database Connections\stafford.sde\stafford.STAFFORD.LAND_RECORDS" PARCELS1 # "PERIMETER "PERIMETER" true true false 8 Double 0 0 ,First,#,\\srv16\gisdata3\arcdata\sdeload\load14\Mover.gdb\Mover\PARCELS,PERIMETER,-1,-1;PAGENUM "PAGENUM" true true false 3 Text 0 0 ,First,#,\\srv16\gisdata3\arcdata\sdeload\load14\Mover.gdb\Mover\PARCELS,PAGENUM,-1,-1;INSNUM "INSNUM" true true false 2 Text 0 0 ,First,#,\\srv16\gisdata3\arcdata\sdeload\load14\Mover.gdb\Mover\PARCELS,INSNUM,-1,-1;SECTNUM "SECTNUM" true true false 2 Text 0 0 ,First,#,\\srv16\gisdata3\arcdata\sdeload\load14\Mover.gdb\Mover\PARCELS,SECTNUM,-1,-1;BLOCKNUM "BLOCKNUM" true true false 2 Text 0 0 ,First,#,\\srv16\gisdata3\arcdata\sdeload\load14\Mover.gdb\Mover\PARCELS,BLOCKNUM,-1,-1;LOTNUM "LOTNUM" true true false 4 Text 0 0 ,First,#,\\srv16\gisdata3\arcdata\sdeload\load14\Mover.gdb\Mover\PARCELS,LOTNUM,-1,-1;SLOTNUM "SLOTNUM" true true false 1 Text 0 0 ,First,#,\\srv16\gisdata3\arcdata\sdeload\load14\Mover.gdb\Mover\PARCELS,SLOTNUM,-1,-1;CAPTLOT "CAPTLOT" true true false 12 Text 0 0 ,First,#,\\srv16\gisdata3\arcdata\sdeload\load14\Mover.gdb\Mover\PARCELS,CAPTLOT,-1,-1;CEMETERY "CEMETERY" true true false 5 Text 0 0 ,First,#,\\srv16\gisdata3\arcdata\sdeload\load14\Mover.gdb\Mover\PARCELS,CEMETERY,-1,-1;ADDRKEY "ADDRKEY" true true false 8 Double 0 0 ,First,#,\\srv16\gisdata3\arcdata\sdeload\load14\Mover.gdb\Mover\PARCELS,ADDRKEY,-1,-1;ADDDATE "ADDDATE" true true false 8 Date 0 0 ,First,#,\\srv16\gisdata3\arcdata\sdeload\load14\Mover.gdb\Mover\PARCELS,ADDDATE,-1,-1;ADDBY "ADDBY" true true false 10 Text 0 0 ,First,#,\\srv16\gisdata3\arcdata\sdeload\load14\Mover.gdb\Mover\PARCELS,ADDBY,-1,-1;UPDATEBY "UPDATEBY" true true false 10 Text 0 0 ,First,#,\\srv16\gisdata3\arcdata\sdeload\load14\Mover.gdb\Mover\PARCELS,UPDATEBY,-1,-1;UPDATEDATE "UPDATEDATE" true true false 8 Date 0 0 ,First,#,\\srv16\gisdata3\arcdata\sdeload\load14\Mover.gdb\Mover\PARCELS,UPDATEDATE,-1,-1;SHAPE_AR_2 "SHAPE_AR_2" true true false 8 Double 0 0 ,First,#,\\srv16\gisdata3\arcdata\sdeload\load14\Mover.gdb\Mover\PARCELS,SHAPE_AR_2,-1,-1;PRCLID "PRCLID" true true false 26 Text 0 0 ,First,#,\\srv16\gisdata3\arcdata\sdeload\load14\Mover.gdb\Mover\PARCELS,PRCLID,-1,-1;LRSN "LRSN" true true false 8 Double 0 0 ,First,#,\\srv16\gisdata3\arcdata\sdeload\load14\Mover.gdb\Mover\PARCELS,LRSN,-1,-1;PRCLKEY "PRCLKEY" true true false 8 Double 0 0 ,First,#,\\srv16\gisdata3\arcdata\sdeload\load14\Mover.gdb\Mover\PARCELS,PRCLKEY,-1,-1;PARID1 "PARID1" true true false 26 Text 0 0 ,First,#,\\srv16\gisdata3\arcdata\sdeload\load14\Mover.gdb\Mover\PARCELS,PARID1,-1,-1;PARID2 "PARID2" true true false 26 Text 0 0 ,First,#,\\srv16\gisdata3\arcdata\sdeload\load14\Mover.gdb\Mover\PARCELS,PARID2,-1,-1;PARID3 "PARID3" true true false 26 Text 0 0 ,First,#,\\srv16\gisdata3\arcdata\sdeload\load14\Mover.gdb\Mover\PARCELS,PARID3,-1,-1;STNO "STNO" true true false 6 Text 0 0 ,First,#,\\srv16\gisdata3\arcdata\sdeload\load14\Mover.gdb\Mover\PARCELS,STNO,-1,-1;STNAME "STNAME" true true false 20 Text 0 0 ,First,#,\\srv16\gisdata3\arcdata\sdeload\load14\Mover.gdb\Mover\PARCELS,STNAME,-1,-1;SUFFIX "SUFFIX" true true false 4 Text 0 0 ,First,#,\\srv16\gisdata3\arcdata\sdeload\load14\Mover.gdb\Mover\PARCELS,SUFFIX,-1,-1;POSTDIR "POSTDIR" true true false 3 Text 0 0 ,First,#,\\srv16\gisdata3\arcdata\sdeload\load14\Mover.gdb\Mover\PARCELS,POSTDIR,-1,-1;CITY "CITY" true true false 20 Text 0 0 ,First,#,\\srv16\gisdata3\arcdata\sdeload\load14\Mover.gdb\Mover\PARCELS,CITY,-1,-1;ZIP "ZIP" true true false 10 Text 0 0 ,First,#,\\srv16\gisdata3\arcdata\sdeload\load14\Mover.gdb\Mover\PARCELS,ZIP,-1,-1;FULLADD "FULLADD" true true false 40 Text 0 0 ,First,#,\\srv16\gisdata3\arcdata\sdeload\load14\Mover.gdb\Mover\PARCELS,FULLADD,-1,-1;APA "APA" true true false 8 Double 0 0 ,First,#,\\srv16\gisdata3\arcdata\sdeload\load14\Mover.gdb\Mover\PARCELS,APA,-1,-1;LUGROUP "LUGROUP" true true false 100 Text 0 0 ,First,#,\\srv16\gisdata3\arcdata\sdeload\load14\Mover.gdb\Mover\PARCELS,LUGROUP,-1,-1;Redev_Key "Redev_Key" true true false 8 Double 0 0 ,First,#,\\srv16\gisdata3\arcdata\sdeload\load14\Mover.gdb\Mover\PARCELS,Redev_Key,-1,-1;EDIST "EDIST" true true false 50 Text 0 0 ,First,#,\\srv16\gisdata3\arcdata\sdeload\load14\Mover.gdb\Mover\PARCELS,EDIST,-1,-1;PARTS "PARTS" true true false 3 Text 0 0 ,First,#,\\srv16\gisdata3\arcdata\sdeload\load14\Mover.gdb\Mover\PARCELS,PARTS,-1,-1;EXDU "EXDU" true true false 2 Short 0 0 ,First,#,\\srv16\gisdata3\arcdata\sdeload\load14\Mover.gdb\Mover\PARCELS,EXDU,-1,-1;DUTYPE "DUTYPE" true true false 10 Text 0 0 ,First,#,\\srv16\gisdata3\arcdata\sdeload\load14\Mover.gdb\Mover\PARCELS,DUTYPE,-1,-1;EXEMPT "EXEMPT" true true false 10 Text 0 0 ,First,#,\\srv16\gisdata3\arcdata\sdeload\load14\Mover.gdb\Mover\PARCELS,EXEMPT,-1,-1;STSUB "STSUB" true true false 16 Text 0 0 ,First,#,\\srv16\gisdata3\arcdata\sdeload\load14\Mover.gdb\Mover\PARCELS,STSUB,-1,-1;PARCEL_ID_NSP "PARCEL_ID_NSP" true true false 26 Text 0 0 ,First,#,\\srv16\gisdata3\arcdata\sdeload\load14\Mover.gdb\Mover\PARCELS,PARCEL_ID_NSP,-1,-1;INSPAREA "INSPAREA" true true false 5 Text 0 0 ,First,#,\\srv16\gisdata3\arcdata\sdeload\load14\Mover.gdb\Mover\PARCELS,INSPAREA,-1,-1;Locality "Locality" true true false 20 Text 0 0 ,First,#,\\srv16\gisdata3\arcdata\sdeload\load14\Mover.gdb\Mover\PARCELS,Locality,-1,-1;SHAPE_STArea__ "SHAPE.STArea()" true false false 8 Double 0 0 ,First,#,\\srv16\gisdata3\arcdata\sdeload\load14\Mover.gdb\Mover\PARCELS,SHAPE_STArea__,-1,-1;SHAPE_STLength__ "SHAPE.STLength()" true false false 8 Double 0 0 ,First,#,\\srv16\gisdata3\arcdata\sdeload\load14\Mover.gdb\Mover\PARCELS,SHAPE_STLength__,-1,-1;SHAPE_Length "SHAPE_Length" false true true 8 Double 0 0 ,First,#,\\srv16\gisdata3\arcdata\sdeload\load14\Mover.gdb\Mover\PARCELS,SHAPE_Length,-1,-1;SHAPE_Area "SHAPE_Area" false true true 8 Double 0 0 ,First,#,\\srv16\gisdata3\arcdata\sdeload\load14\Mover.gdb\Mover\PARCELS,SHAPE_Area,-1,-1;GEAC_ADDRE "GEAC_ADDRE" true true false 50 Text 0 0 ,First,#,\\srv16\gisdata3\arcdata\sdeload\load14\Mover.gdb\Mover\PARCELS,GEAC_ADDRE,-1,-1" #</Process><Process ToolSource="c:\program files\arcgis\desktop10.1\ArcToolbox\Toolboxes\Data Management Tools.tbx\CalculateField" Date="20140505" Time="132222">CalculateField stafford.STAFFORD.PARCELS Redev_Key "" VB #</Process><Process ToolSource="c:\program files\arcgis\desktop10.1\ArcToolbox\Toolboxes\Data Management Tools.tbx\CalculateField" Date="20140505" Time="134134">CalculateField stafford.STAFFORD.PARCELS Redev_Key "" VB #</Process><Process ToolSource="c:\program files\arcgis\desktop10.1\ArcToolbox\Toolboxes\Data Management Tools.tbx\CalculateField" Date="20140505" Time="135425">CalculateField stafford.STAFFORD.PARCELS Redev_Key "" VB #</Process><Process ToolSource="c:\program files\arcgis\desktop10.1\ArcToolbox\Toolboxes\Data Management Tools.tbx\CalculateField" Date="20140505" Time="135600">CalculateField stafford.STAFFORD.PARCELS Redev_Key "&lt;NULL&gt;" VB #</Process><Process ToolSource="c:\program files (x86)\arcgis\desktop10.1\ArcToolbox\Toolboxes\Data Management Tools.tbx\CopyFeatures" Date="20140618" Time="151716">CopyFeatures "Database Connections\stafford.sde\stafford.STAFFORD.LAND_RECORDS\stafford.STAFFORD.PARCELS" \\srv16\gisdata3\arcdata\sdeload\load14\PARCELS.shp # 0 0 0</Process></lineage><itemProps><itemName Sync="TRUE">PARCELS</itemName><imsContentType Sync="TRUE">002</imsContentType><itemLocation><linkage Sync="TRUE">file://\\srv16\gisdata3\arcdata\sdeload\load14\PARCELS.shp</linkage><protocol Sync="TRUE">Local Area Network</protocol></itemLocation><itemSize Sync="TRUE">0.000</itemSize></itemProps><coordRef><type Sync="TRUE">Projected</type><geogcsn Sync="TRUE">GCS_North_American_1983_HARN</geogcsn><csUnits Sync="TRUE">Linear Unit: Foot_US (0.304801)</csUnits><projcsn Sync="TRUE">NAD_1983_HARN_StatePlane_Virginia_North_FIPS_4501_Feet</projcsn><peXml Sync="TRUE">&lt;ProjectedCoordinateSystem xsi:type='typens:ProjectedCoordinateSystem' xmlns:xsi='http://www.w3.org/2001/XMLSchema-instance' xmlns:xs='http://www.w3.org/2001/XMLSchema' xmlns:typens='http://www.esri.com/schemas/ArcGIS/10.1'&gt;&lt;WKT&gt;PROJCS[&amp;quot;NAD_1983_HARN_StatePlane_Virginia_North_FIPS_4501_Feet&amp;quot;,GEOGCS[&amp;quot;GCS_North_American_1983_HARN&amp;quot;,DATUM[&amp;quot;D_North_American_1983_HARN&amp;quot;,SPHEROID[&amp;quot;GRS_1980&amp;quot;,6378137.0,298.257222101]],PRIMEM[&amp;quot;Greenwich&amp;quot;,0.0],UNIT[&amp;quot;Degree&amp;quot;,0.0174532925199433]],PROJECTION[&amp;quot;Lambert_Conformal_Conic&amp;quot;],PARAMETER[&amp;quot;False_Easting&amp;quot;,11482916.66666666],PARAMETER[&amp;quot;False_Northing&amp;quot;,6561666.666666666],PARAMETER[&amp;quot;Central_Meridian&amp;quot;,-78.5],PARAMETER[&amp;quot;Standard_Parallel_1&amp;quot;,38.03333333333333],PARAMETER[&amp;quot;Standard_Parallel_2&amp;quot;,39.2],PARAMETER[&amp;quot;Latitude_Of_Origin&amp;quot;,37.66666666666666],UNIT[&amp;quot;Foot_US&amp;quot;,0.3048006096012192],AUTHORITY[&amp;quot;EPSG&amp;quot;,2924]]&lt;/WKT&gt;&lt;XOrigin&gt;-110512500&lt;/XOrigin&gt;&lt;YOrigin&gt;-88858000&lt;/YOrigin&gt;&lt;XYScale&gt;36916142.964165002&lt;/XYScale&gt;&lt;ZOrigin&gt;-100000&lt;/ZOrigin&gt;&lt;ZScale&gt;10000&lt;/ZScale&gt;&lt;MOrigin&gt;-100000&lt;/MOrigin&gt;&lt;MScale&gt;10000&lt;/MScale&gt;&lt;XYTolerance&gt;0.0032808333333333331&lt;/XYTolerance&gt;&lt;ZTolerance&gt;0.001&lt;/ZTolerance&gt;&lt;MTolerance&gt;0.001&lt;/MTolerance&gt;&lt;HighPrecision&gt;true&lt;/HighPrecision&gt;&lt;WKID&gt;2924&lt;/WKID&gt;&lt;LatestWKID&gt;2924&lt;/LatestWKID&gt;&lt;/ProjectedCoordinateSystem&gt;</peXml></coordRef></DataProperties><SyncDate>20140618</SyncDate><SyncTime>15165000</SyncTime><ModDate>20140618</ModDate><ModTime>15165000</ModTime></Esri><dataIdInfo><envirDesc Sync="TRUE">Microsoft Windows 7 Version 6.1 (Build 7601) Service Pack 1; Esri ArcGIS 10.1.1.3143</envirDesc><dataLang><languageCode value="eng" Sync="TRUE"/><countryCode value="USA" Sync="TRUE"/></dataLang><idCitation><resTitle Sync="TRUE">PARCELS</resTitle><presForm><PresFormCd value="005" Sync="TRUE"/></presForm></idCitation><spatRpType><SpatRepTypCd value="001" Sync="TRUE"/></spatRpType></dataIdInfo><mdLang><languageCode value="eng" Sync="TRUE"/><countryCode value="USA" Sync="TRUE"/></mdLang><distInfo><distFormat><formatName Sync="TRUE">Shapefile</formatName></distFormat><distTranOps><transSize Sync="TRUE">0.000</transSize></distTranOps></distInfo><mdHrLv><ScopeCd value="005" Sync="TRUE"/></mdHrLv><mdHrLvName Sync="TRUE">dataset</mdHrLvName><refSysInfo><RefSystem><refSysID><identCode code="2924" Sync="TRUE"/><idCodeSpace Sync="TRUE">EPSG</idCodeSpace><idVersion Sync="TRUE">7.11.2</idVersion></refSysID></RefSystem></refSysInfo><spatRepInfo><VectSpatRep><geometObjs Name="PARCELS"><geoObjTyp><GeoObjTypCd value="002" Sync="TRUE"></GeoObjTypCd></geoObjTyp><geoObjCnt Sync="TRUE">0</geoObjCnt></geometObjs><topLvl><TopoLevCd value="001" Sync="TRUE"></TopoLevCd></topLvl></VectSpatRep></spatRepInfo><spdoinfo><ptvctinf><esriterm Name="PARCELS"><efeatyp Sync="TRUE">Simple</efeatyp><efeageom code="4" Sync="TRUE"></efeageom><esritopo Sync="TRUE">FALSE</esritopo><efeacnt Sync="TRUE">0</efeacnt><spindex Sync="TRUE">FALSE</spindex><linrefer Sync="TRUE">FALSE</linrefer></esriterm></ptvctinf></spdoinfo><eainfo><detailed Name="PARCELS"><enttyp><enttypl Sync="TRUE">PARCELS</enttypl><enttypt Sync="TRUE">Feature Class</enttypt><enttypc Sync="TRUE">0</enttypc></enttyp><attr><attrlabl Sync="TRUE">FID</attrlabl><attalias Sync="TRUE">FID</attalias><attrtype Sync="TRUE">OID</attrtype><attwidth Sync="TRUE">4</attwidth><atprecis Sync="TRUE">0</atprecis><attscale Sync="TRUE">0</attscale><attrdef Sync="TRUE">Internal feature number.</attrdef><attrdefs Sync="TRUE">Esri</attrdefs><attrdomv><udom Sync="TRUE">Sequential unique whole numbers that are automatically generated.</udom></attrdomv></attr><attr><attrlabl Sync="TRUE">SHAPE</attrlabl><attalias Sync="TRUE">Shape</attalias><attrtype Sync="TRUE">Geometry</attrtype><attwidth Sync="TRUE">0</attwidth><atprecis Sync="TRUE">0</atprecis><attscale Sync="TRUE">0</attscale><attrdef Sync="TRUE">Feature geometry.</attrdef><attrdefs Sync="TRUE">Esri</attrdefs><attrdomv><udom Sync="TRUE">Coordinates defining the features.</udom></attrdomv></attr><attr><attrlabl Sync="TRUE">PERIMETER</attrlabl><attalias Sync="TRUE">PERIMETER</attalias><attrtype Sync="TRUE">Double</attrtype><attwidth Sync="TRUE">19</attwidth><atprecis Sync="TRUE">18</atprecis><attscale Sync="TRUE">8</attscale></attr><attr><attrlabl Sync="TRUE">PAGENUM</attrlabl><attalias Sync="TRUE">PAGENUM</attalias><attrtype Sync="TRUE">String</attrtype><attwidth Sync="TRUE">3</attwidth><atprecis Sync="TRUE">0</atprecis><attscale Sync="TRUE">0</attscale></attr><attr><attrlabl Sync="TRUE">INSNUM</attrlabl><attalias Sync="TRUE">INSNUM</attalias><attrtype Sync="TRUE">String</attrtype><attwidth Sync="TRUE">2</attwidth><atprecis Sync="TRUE">0</atprecis><attscale Sync="TRUE">0</attscale></attr><attr><attrlabl Sync="TRUE">SECTNUM</attrlabl><attalias Sync="TRUE">SECTNUM</attalias><attrtype Sync="TRUE">String</attrtype><attwidth Sync="TRUE">2</attwidth><atprecis Sync="TRUE">0</atprecis><attscale Sync="TRUE">0</attscale></attr><attr><attrlabl Sync="TRUE">BLOCKNUM</attrlabl><attalias Sync="TRUE">BLOCKNUM</attalias><attrtype Sync="TRUE">String</attrtype><attwidth Sync="TRUE">2</attwidth><atprecis Sync="TRUE">0</atprecis><attscale Sync="TRUE">0</attscale></attr><attr><attrlabl Sync="TRUE">LOTNUM</attrlabl><attalias Sync="TRUE">LOTNUM</attalias><attrtype Sync="TRUE">String</attrtype><attwidth Sync="TRUE">4</attwidth><atprecis Sync="TRUE">0</atprecis><attscale Sync="TRUE">0</attscale></attr><attr><attrlabl Sync="TRUE">SLOTNUM</attrlabl><attalias Sync="TRUE">SLOTNUM</attalias><attrtype Sync="TRUE">String</attrtype><attwidth Sync="TRUE">1</attwidth><atprecis Sync="TRUE">0</atprecis><attscale Sync="TRUE">0</attscale></attr><attr><attrlabl Sync="TRUE">CAPTLOT</attrlabl><attalias Sync="TRUE">CAPTLOT</attalias><attrtype Sync="TRUE">String</attrtype><attwidth Sync="TRUE">12</attwidth><atprecis Sync="TRUE">0</atprecis><attscale Sync="TRUE">0</attscale></attr><attr><attrlabl Sync="TRUE">CEMETERY</attrlabl><attalias Sync="TRUE">CEMETERY</attalias><attrtype Sync="TRUE">String</attrtype><attwidth Sync="TRUE">5</attwidth><atprecis Sync="TRUE">0</atprecis><attscale Sync="TRUE">0</attscale></attr><attr><attrlabl Sync="TRUE">ADDRKEY</attrlabl><attalias Sync="TRUE">ADDRKEY</attalias><attrtype Sync="TRUE">Double</attrtype><attwidth Sync="TRUE">19</attwidth><atprecis Sync="TRUE">18</atprecis><attscale Sync="TRUE">8</attscale></attr><attr><attrlabl Sync="TRUE">ADDDATE</attrlabl><attalias Sync="TRUE">ADDDATE</attalias><attrtype Sync="TRUE">Date</attrtype><attwidth Sync="TRUE">8</attwidth><atprecis Sync="TRUE">0</atprecis><attscale Sync="TRUE">0</attscale></attr><attr><attrlabl Sync="TRUE">ADDBY</attrlabl><attalias Sync="TRUE">ADDBY</attalias><attrtype Sync="TRUE">String</attrtype><attwidth Sync="TRUE">10</attwidth><atprecis Sync="TRUE">0</atprecis><attscale Sync="TRUE">0</attscale></attr><attr><attrlabl Sync="TRUE">UPDATEBY</attrlabl><attalias Sync="TRUE">UPDATEBY</attalias><attrtype Sync="TRUE">String</attrtype><attwidth Sync="TRUE">10</attwidth><atprecis Sync="TRUE">0</atprecis><attscale Sync="TRUE">0</attscale></attr><attr><attrlabl Sync="TRUE">UPDATEDATE</attrlabl><attalias Sync="TRUE">UPDATEDATE</attalias><attrtype Sync="TRUE">Date</attrtype><attwidth Sync="TRUE">8</attwidth><atprecis Sync="TRUE">0</atprecis><attscale Sync="TRUE">0</attscale></attr><attr><attrlabl Sync="TRUE">SHAPE_AR_2</attrlabl><attalias Sync="TRUE">SHAPE_AR_2</attalias><attrtype Sync="TRUE">Double</attrtype><attwidth Sync="TRUE">19</attwidth><atprecis Sync="TRUE">18</atprecis><attscale Sync="TRUE">8</attscale></attr><attr><attrlabl Sync="TRUE">PRCLID</attrlabl><attalias Sync="TRUE">PRCLID</attalias><attrtype Sync="TRUE">String</attrtype><attwidth Sync="TRUE">26</attwidth><atprecis Sync="TRUE">0</atprecis><attscale Sync="TRUE">0</attscale></attr><attr><attrlabl Sync="TRUE">LRSN</attrlabl><attalias Sync="TRUE">LRSN</attalias><attrtype Sync="TRUE">Double</attrtype><attwidth Sync="TRUE">19</attwidth><atprecis Sync="TRUE">18</atprecis><attscale Sync="TRUE">8</attscale></attr><attr><attrlabl Sync="TRUE">PRCLKEY</attrlabl><attalias Sync="TRUE">PRCLKEY</attalias><attrtype Sync="TRUE">Double</attrtype><attwidth Sync="TRUE">19</attwidth><atprecis Sync="TRUE">18</atprecis><attscale Sync="TRUE">8</attscale></attr><attr><attrlabl Sync="TRUE">PARID1</attrlabl><attalias Sync="TRUE">PARID1</attalias><attrtype Sync="TRUE">String</attrtype><attwidth Sync="TRUE">26</attwidth><atprecis Sync="TRUE">0</atprecis><attscale Sync="TRUE">0</attscale></attr><attr><attrlabl Sync="TRUE">PARID2</attrlabl><attalias Sync="TRUE">PARID2</attalias><attrtype Sync="TRUE">String</attrtype><attwidth Sync="TRUE">26</attwidth><atprecis Sync="TRUE">0</atprecis><attscale Sync="TRUE">0</attscale></attr><attr><attrlabl Sync="TRUE">PARID3</attrlabl><attalias Sync="TRUE">PARID3</attalias><attrtype Sync="TRUE">String</attrtype><attwidth Sync="TRUE">26</attwidth><atprecis Sync="TRUE">0</atprecis><attscale Sync="TRUE">0</attscale></attr><attr><attrlabl Sync="TRUE">STNO</attrlabl><attalias Sync="TRUE">STNO</attalias><attrtype Sync="TRUE">String</attrtype><attwidth Sync="TRUE">6</attwidth><atprecis Sync="TRUE">0</atprecis><attscale Sync="TRUE">0</attscale></attr><attr><attrlabl Sync="TRUE">STNAME</attrlabl><attalias Sync="TRUE">STNAME</attalias><attrtype Sync="TRUE">String</attrtype><attwidth Sync="TRUE">20</attwidth><atprecis Sync="TRUE">0</atprecis><attscale Sync="TRUE">0</attscale></attr><attr><attrlabl Sync="TRUE">SUFFIX</attrlabl><attalias Sync="TRUE">SUFFIX</attalias><attrtype Sync="TRUE">String</attrtype><attwidth Sync="TRUE">4</attwidth><atprecis Sync="TRUE">0</atprecis><attscale Sync="TRUE">0</attscale></attr><attr><attrlabl Sync="TRUE">POSTDIR</attrlabl><attalias Sync="TRUE">POSTDIR</attalias><attrtype Sync="TRUE">String</attrtype><attwidth Sync="TRUE">3</attwidth><atprecis Sync="TRUE">0</atprecis><attscale Sync="TRUE">0</attscale></attr><attr><attrlabl Sync="TRUE">CITY</attrlabl><attalias Sync="TRUE">CITY</attalias><attrtype Sync="TRUE">String</attrtype><attwidth Sync="TRUE">20</attwidth><atprecis Sync="TRUE">0</atprecis><attscale Sync="TRUE">0</attscale></attr><attr><attrlabl Sync="TRUE">ZIP</attrlabl><attalias Sync="TRUE">ZIP</attalias><attrtype Sync="TRUE">String</attrtype><attwidth Sync="TRUE">10</attwidth><atprecis Sync="TRUE">0</atprecis><attscale Sync="TRUE">0</attscale></attr><attr><attrlabl Sync="TRUE">FULLADD</attrlabl><attalias Sync="TRUE">FULLADD</attalias><attrtype Sync="TRUE">String</attrtype><attwidth Sync="TRUE">40</attwidth><atprecis Sync="TRUE">0</atprecis><attscale Sync="TRUE">0</attscale></attr><attr><attrlabl Sync="TRUE">APA</attrlabl><attalias Sync="TRUE">APA</attalias><attrtype Sync="TRUE">Double</attrtype><attwidth Sync="TRUE">19</attwidth><atprecis Sync="TRUE">18</atprecis><attscale Sync="TRUE">8</attscale></attr><attr><attrlabl Sync="TRUE">LUGROUP</attrlabl><attalias Sync="TRUE">LUGROUP</attalias><attrtype Sync="TRUE">String</attrtype><attwidth Sync="TRUE">100</attwidth><atprecis Sync="TRUE">0</atprecis><attscale Sync="TRUE">0</attscale></attr><attr><attrlabl Sync="TRUE">Redev_Key</attrlabl><attalias Sync="TRUE">Redev_Key</attalias><attrtype Sync="TRUE">Double</attrtype><attwidth Sync="TRUE">19</attwidth><atprecis Sync="TRUE">18</atprecis><attscale Sync="TRUE">8</attscale></attr><attr><attrlabl Sync="TRUE">EDIST</attrlabl><attalias Sync="TRUE">EDIST</attalias><attrtype Sync="TRUE">String</attrtype><attwidth Sync="TRUE">50</attwidth><atprecis Sync="TRUE">0</atprecis><attscale Sync="TRUE">0</attscale></attr><attr><attrlabl Sync="TRUE">PARTS</attrlabl><attalias Sync="TRUE">PARTS</attalias><attrtype Sync="TRUE">String</attrtype><attwidth Sync="TRUE">3</attwidth><atprecis Sync="TRUE">0</atprecis><attscale Sync="TRUE">0</attscale></attr><attr><attrlabl Sync="TRUE">EXDU</attrlabl><attalias Sync="TRUE">EXDU</attalias><attrtype Sync="TRUE">Integer</attrtype><attwidth Sync="TRUE">5</attwidth><atprecis Sync="TRUE">5</atprecis><attscale Sync="TRUE">0</attscale></attr><attr><attrlabl Sync="TRUE">DUTYPE</attrlabl><attalias Sync="TRUE">DUTYPE</attalias><attrtype Sync="TRUE">String</attrtype><attwidth Sync="TRUE">10</attwidth><atprecis Sync="TRUE">0</atprecis><attscale Sync="TRUE">0</attscale></attr><attr><attrlabl Sync="TRUE">EXEMPT</attrlabl><attalias Sync="TRUE">EXEMPT</attalias><attrtype Sync="TRUE">String</attrtype><attwidth Sync="TRUE">10</attwidth><atprecis Sync="TRUE">0</atprecis><attscale Sync="TRUE">0</attscale></attr><attr><attrlabl Sync="TRUE">STSUB</attrlabl><attalias Sync="TRUE">STSUB</attalias><attrtype Sync="TRUE">String</attrtype><attwidth Sync="TRUE">16</attwidth><atprecis Sync="TRUE">0</atprecis><attscale Sync="TRUE">0</attscale></attr><attr><attrlabl Sync="TRUE">PARCEL_ID_</attrlabl><attalias Sync="TRUE">PARCEL_ID_</attalias><attrtype Sync="TRUE">String</attrtype><attwidth Sync="TRUE">26</attwidth><atprecis Sync="TRUE">0</atprecis><attscale Sync="TRUE">0</attscale></attr><attr><attrlabl Sync="TRUE">INSPAREA</attrlabl><attalias Sync="TRUE">INSPAREA</attalias><attrtype Sync="TRUE">String</attrtype><attwidth Sync="TRUE">5</attwidth><atprecis Sync="TRUE">0</atprecis><attscale Sync="TRUE">0</attscale></attr><attr><attrlabl Sync="TRUE">Locality</attrlabl><attalias Sync="TRUE">Locality</attalias><attrtype Sync="TRUE">String</attrtype><attwidth Sync="TRUE">20</attwidth><atprecis Sync="TRUE">0</atprecis><attscale Sync="TRUE">0</attscale></attr><attr><attrlabl Sync="TRUE">SHAPE_STAr</attrlabl><attalias Sync="TRUE">SHAPE_STAr</attalias><attrtype Sync="TRUE">Double</attrtype><attwidth Sync="TRUE">19</attwidth><atprecis Sync="TRUE">18</atprecis><attscale Sync="TRUE">8</attscale></attr><attr><attrlabl Sync="TRUE">SHAPE_STLe</attrlabl><attalias Sync="TRUE">SHAPE_STLe</attalias><attrtype Sync="TRUE">Double</attrtype><attwidth Sync="TRUE">19</attwidth><atprecis Sync="TRUE">18</atprecis><attscale Sync="TRUE">8</attscale></attr><attr><attrlabl Sync="TRUE">GEAC_ADDRE</attrlabl><attalias Sync="TRUE">GEAC_ADDRE</attalias><attrtype Sync="TRUE">String</attrtype><attwidth Sync="TRUE">50</attwidth><atprecis Sync="TRUE">0</atprecis><attscale Sync="TRUE">0</attscale></attr><attr><attrlabl Sync="TRUE">Shape_ST_1</attrlabl><attalias Sync="TRUE">Shape_ST_1</attalias><attrtype Sync="TRUE">Double</attrtype><attwidth Sync="TRUE">19</attwidth><atprecis Sync="TRUE">0</atprecis><attscale Sync="TRUE">0</attscale></attr><attr><attrlabl Sync="TRUE">Shape_ST_2</attrlabl><attalias Sync="TRUE">Shape_ST_2</attalias><attrtype Sync="TRUE">Double</attrtype><attwidth Sync="TRUE">19</attwidth><atprecis Sync="TRUE">0</atprecis><attscale Sync="TRUE">0</attscale></attr></detailed></eainfo><mdDateSt Sync="TRUE">20140618</mdDateSt></metadata>
