<?xml version="1.0"?>
<!--<!DOCTYPE metadata SYSTEM "http://www.esri.com/metadata/esriprof80.dtd">-->
<metadata xml:lang="en"><Esri><CreaDate>20060616</CreaDate><CreaTime>09333100</CreaTime><SyncOnce>FALSE</SyncOnce><MetaID>{C23FB54E-7098-4881-860B-D7854C46AE2E}</MetaID><SyncDate>20080731</SyncDate><SyncTime>10441700</SyncTime><ModDate>20080731</ModDate><ModTime>10441700</ModTime></Esri><idinfo><citation><citeinfo><onlink Sync="TRUE">\\Cob_planning\Mapping\MAPPING\Comp_plan\shape\crozetMP_potentiallibrary.shp</onlink><origin>County of Albemarle</origin><pubdate>Unknown</pubdate><title>Crozet Master Plan Potential Library</title><ftname Sync="TRUE">crozetMP_potentiallibrary</ftname><geoform Sync="TRUE">vector digital data</geoform><pubinfo><pubplace>Charlottesville, VA</pubplace><publish>County of Albemarle - Office of Geographic Data Services</publish></pubinfo></citeinfo></citation><native Sync="TRUE">Microsoft Windows XP Version 5.1 (Build 2600) Service Pack 3; ESRI ArcCatalog 9.2.5.1450</native><descript><langdata Sync="TRUE">en</langdata><abstract>This dataset depicts one potential location for a new public library in Crozet.
It is the one potential location that is displayed on the official Crozet Master Plan map.

The Crozet Master Plan, an adopted part of the Albemarle County Comprehensive Plan, is intended as a general guide for future development and systematic change in the Community of Crozet. The Comprehensive Plan is advisory in nature and, with its accompanying maps, charts and other supplementary information, it sets forth the County's long-range recommendations for the development of land within its jurisdiction. The Comprehensive Plan also serves as a guide for the development and implementation of the Zoning Ordinance. Development guidelines contained in the maps, charts and other supplementary materials in the Comprehensive Plan are intended as targets rather than specific requirements, consistent with the advisory nature of the document.</abstract><purpose>The purpose of this dataset is to display the one potential new library location in Crozet, as is depicted on the official Crozet Master Plan map.</purpose></descript><timeperd><current>publication date</current><timeinfo><sngdate><caldate>20050101</caldate></sngdate></timeinfo></timeperd><status><progress>Complete</progress><update>None planned</update></status><spdom><bounding><westbc Sync="TRUE">-78.701475</westbc><eastbc Sync="TRUE">-78.701165</eastbc><northbc Sync="TRUE">38.069384</northbc><southbc Sync="TRUE">38.069138</southbc></bounding><lboundng><leftbc Sync="TRUE">11424912.407571</leftbc><rightbc Sync="TRUE">11425001.461815</rightbc><bottombc Sync="TRUE">3912913.937604</bottombc><topbc Sync="TRUE">3913003.501813</topbc></lboundng></spdom><keywords><theme><themekt>None</themekt><themekey>Crozet Master Plan</themekey><themekey>Potential</themekey><themekey>Library</themekey><themekey>Location</themekey></theme></keywords><accconst>None</accconst><useconst>None</useconst><natvform Sync="TRUE">Shapefile</natvform><ptcontac><cntinfo><cntorgp><cntorg>County of Albemarle/Office of Geographic Data Services</cntorg><cntper>Damon Pettitt</cntper></cntorgp><cntpos>GIS Coordinator</cntpos><cntvoice>434-296-5823</cntvoice><cntfax>434-296-4012</cntfax><cntemail>dpettitt@albemarle.org</cntemail><hours>8:00 A.M. - 5:00 P.M.</hours><cntaddr><addrtype>mailing and physical address</addrtype><address>401 McIntire Rd.</address><city>Charlottesville</city><state>VA</state><postal>22902-4569</postal><country>USA</country></cntaddr></cntinfo></ptcontac></idinfo><distInfo><distributor><distorTran><onLineSrc><linkage Sync="TRUE">file://\\Cob_planning\Mapping\MAPPING\Comp_plan\shape\crozetMP_potentiallibrary.shp</linkage><protocol Sync="TRUE">Local Area Network</protocol><orDesc Sync="TRUE">002</orDesc></onLineSrc><transSize Sync="TRUE">0.000</transSize></distorTran><distorFormat><formatName Sync="TRUE">Shapefile</formatName></distorFormat></distributor></distInfo><dataqual><lineage><procstep><procdesc Sync="TRUE">Dataset copied.</procdesc><srcused Sync="TRUE">D:\Projects\Crozet-Georeference\files\potential_library</srcused><date Sync="TRUE">20060616</date><time Sync="TRUE">09333100</time></procstep></lineage></dataqual><dataIdInfo><envirDesc Sync="TRUE">Microsoft Windows XP Version 5.1 (Build 2600) Service Pack 3; ESRI ArcCatalog 9.2.5.1450</envirDesc><dataLang><languageCode Sync="TRUE" value="en"></languageCode></dataLang><idCitation><resTitle Sync="TRUE">crozetMP_potentiallibrary</resTitle><presForm><PresFormCd Sync="TRUE" value="005"></PresFormCd></presForm></idCitation><spatRpType><SpatRepTypCd Sync="TRUE" value="001"></SpatRepTypCd></spatRpType><dataExt><geoEle><GeoBndBox esriExtentType="native"><westBL Sync="TRUE">11424912.407571</westBL><eastBL Sync="TRUE">11425001.461815</eastBL><northBL Sync="TRUE">3913003.501813</northBL><southBL Sync="TRUE">3912913.937604</southBL><exTypeCode Sync="TRUE">1</exTypeCode></GeoBndBox></geoEle></dataExt><geoBox esriExtentType="decdegrees"><westBL Sync="TRUE">-78.701475</westBL><eastBL Sync="TRUE">-78.701165</eastBL><northBL Sync="TRUE">38.069384</northBL><southBL Sync="TRUE">38.069138</southBL><exTypeCode Sync="TRUE">1</exTypeCode></geoBox></dataIdInfo><metainfo><langmeta Sync="TRUE">en</langmeta><metstdn Sync="TRUE">FGDC Content Standards for Digital Geospatial Metadata</metstdn><metstdv Sync="TRUE">FGDC-STD-001-1998</metstdv><mettc Sync="TRUE">local time</mettc><metc><cntinfo><cntorgp><cntper>REQUIRED: The person responsible for the metadata information.</cntper><cntorg>REQUIRED: The organization responsible for the metadata information.</cntorg></cntorgp><cntaddr><addrtype>REQUIRED: The mailing and/or physical address for the organization or individual.</addrtype><city>REQUIRED: The city of the address.</city><state>REQUIRED: The state or province of the address.</state><postal>REQUIRED: The ZIP or other postal code of the address.</postal></cntaddr><cntvoice>REQUIRED: The telephone number by which individuals can speak to the organization or individual.</cntvoice></cntinfo></metc><metd Sync="TRUE">20080731</metd><metextns><onlink Sync="TRUE">http://www.esri.com/metadata/esriprof80.html</onlink><metprof Sync="TRUE">ESRI Metadata Profile</metprof></metextns></metainfo><mdLang><languageCode Sync="TRUE" value="en"></languageCode></mdLang><mdStanName Sync="TRUE">ISO 19115 Geographic Information - Metadata</mdStanName><mdStanVer Sync="TRUE">DIS_ESRI1.0</mdStanVer><mdChar><CharSetCd Sync="TRUE" value="004"></CharSetCd></mdChar><mdHrLv><ScopeCd Sync="TRUE" value="005"></ScopeCd></mdHrLv><mdHrLvName Sync="TRUE">dataset</mdHrLvName><distinfo><resdesc Sync="TRUE">Downloadable Data</resdesc><stdorder><digform><digtinfo><transize Sync="TRUE">0.000</transize><dssize Sync="TRUE">0.000</dssize></digtinfo></digform></stdorder></distinfo><spdoinfo><direct Sync="TRUE">Vector</direct><ptvctinf><esriterm Name="crozetMP_potentiallibrary"><efeatyp Sync="TRUE">Simple</efeatyp><efeageom Sync="TRUE">Polygon</efeageom><esritopo Sync="TRUE">FALSE</esritopo><efeacnt Sync="TRUE">1</efeacnt><spindex Sync="TRUE">TRUE</spindex><linrefer Sync="TRUE">FALSE</linrefer></esriterm><sdtsterm Name="crozetMP_potentiallibrary"><sdtstype Sync="TRUE">G-polygon</sdtstype><ptvctcnt Sync="TRUE">1</ptvctcnt></sdtsterm></ptvctinf></spdoinfo><spref><horizsys><cordsysn><geogcsn Sync="TRUE">GCS_North_American_1983</geogcsn><projcsn Sync="TRUE">NAD_1983_StatePlane_Virginia_South_FIPS_4502_Feet</projcsn></cordsysn><planar><planci><plance Sync="TRUE">coordinate pair</plance><plandu Sync="TRUE">survey feet</plandu><coordrep><absres Sync="TRUE">0.000000</absres><ordres Sync="TRUE">0.000000</ordres></coordrep></planci><mapproj><mapprojn Sync="TRUE">Lambert Conformal Conic</mapprojn><lambertc><stdparll Sync="TRUE">36.766667</stdparll><stdparll Sync="TRUE">37.966667</stdparll><longcm Sync="TRUE">-78.500000</longcm><latprjo Sync="TRUE">36.333333</latprjo><feast Sync="TRUE">11482916.666667</feast><fnorth Sync="TRUE">3280833.333333</fnorth></lambertc></mapproj></planar><geodetic><horizdn Sync="TRUE">North American Datum of 1983</horizdn><ellips Sync="TRUE">Geodetic Reference System 80</ellips><semiaxis Sync="TRUE">6378137.000000</semiaxis><denflat Sync="TRUE">298.257222</denflat></geodetic></horizsys></spref><refSysInfo><RefSystem><refSysID><identCode Sync="TRUE">NAD_1983_StatePlane_Virginia_South_FIPS_4502_Feet</identCode></refSysID></RefSystem></refSysInfo><spatRepInfo><VectSpatRep><topLvl><TopoLevCd Sync="TRUE" value="001"></TopoLevCd></topLvl><geometObjs Name="crozetMP_potentiallibrary"><geoObjTyp><GeoObjTypCd Sync="TRUE" value="001"></GeoObjTypCd></geoObjTyp><geoObjCnt Sync="TRUE">1</geoObjCnt></geometObjs></VectSpatRep></spatRepInfo><eainfo><detailed Name="crozetMP_potentiallibrary"><enttyp><enttypl Sync="TRUE">crozetMP_potentiallibrary</enttypl><enttypt Sync="TRUE">Feature Class</enttypt><enttypc Sync="TRUE">1</enttypc></enttyp><attr><attrlabl Sync="TRUE">FID</attrlabl><attalias Sync="TRUE">FID</attalias><attrtype Sync="TRUE">OID</attrtype><attwidth Sync="TRUE">4</attwidth><atprecis Sync="TRUE">0</atprecis><attscale Sync="TRUE">0</attscale><attrdef Sync="TRUE">Internal feature number.</attrdef><attrdefs Sync="TRUE">ESRI</attrdefs><attrdomv><udom Sync="TRUE">Sequential unique whole numbers that are automatically generated.</udom></attrdomv></attr><attr><attrlabl Sync="TRUE">Shape</attrlabl><attalias Sync="TRUE">Shape</attalias><attrtype Sync="TRUE">Geometry</attrtype><attwidth Sync="TRUE">0</attwidth><atprecis Sync="TRUE">0</atprecis><attscale Sync="TRUE">0</attscale><attrdef Sync="TRUE">Feature geometry.</attrdef><attrdefs Sync="TRUE">ESRI</attrdefs><attrdomv><udom Sync="TRUE">Coordinates defining the features.</udom></attrdomv></attr><attr><attrlabl Sync="TRUE">Id</attrlabl><attalias Sync="TRUE">Id</attalias><attrtype Sync="TRUE">Number</attrtype><attwidth Sync="TRUE">6</attwidth></attr></detailed></eainfo><mdDateSt Sync="TRUE">20080731</mdDateSt></metadata>
