UNIT_LINK,MIN_EON,MIN_ERA,MIN_PERIOD,MIN_EPOCH,MIN_AGE,FULL_MIN,CMIN_AGE,MAX_EON,MAX_ERA,MAX_PERIOD,MAX_EPOCH,MAX_AGE,FULL_MAX,CMAX_AGE,MIN_MA,MAX_MA,AGE_TYPE,AGE_COM
VAadg;0,Proterozoic,,,,,Proterozoic            ,Proterozoic,Proterozoic,,,,,Proterozoic          ,Proterozoic,542,2500,Relative,
VAaf;0,Phanerozoic,Cenozoic,Quaternary,,,Phanerozoic Cenozoic  Quaternary         ,Quaternary,Phanerozoic,Cenozoic,Quaternary,,,Phanerozoic Cenozoic  Quaternary       ,Quaternary,0,1.81,Relative,
VAag;0,Proterozoic,,,,,Proterozoic            ,Proterozoic,Proterozoic,,,,,Proterozoic          ,Proterozoic,542,2500,Relative,
VAak;0,Proterozoic,,,,,Proterozoic            ,Proterozoic,Proterozoic,,,,,Proterozoic          ,Proterozoic,542,2500,Relative,
VAal;0,Phanerozoic,Cenozoic,Quaternary,Holocene,,Phanerozoic Cenozoic  Quaternary    Holocene     ,Holocene,Phanerozoic,Cenozoic,Quaternary,Holocene,,Phanerozoic Cenozoic  Quaternary   Holocene    ,Holocene,0,0.012,Relative,"Holocene epoch per Karen Hostettler at Department of Mines, Mineral and Energy"
VAamr;0,Proterozoic,,,,,Proterozoic            ,Proterozoic,Proterozoic,,,,,Proterozoic          ,Proterozoic,542,2500,Relative,
VAbgd;0,Proterozoic,,,,,Proterozoic            ,Proterozoic,Proterozoic,,,,,Proterozoic          ,Proterozoic,542,2500,Relative,
VAbgp;0,Proterozoic,,,,,Proterozoic            ,Proterozoic,Proterozoic,,,,,Proterozoic          ,Proterozoic,542,2500,Relative,
VAbgr;0,Proterozoic,,,,,Proterozoic            ,Proterozoic,Proterozoic,,,,,Proterozoic          ,Proterozoic,542,2500,Relative,
VAbgs;0,Proterozoic,,,,,Proterozoic            ,Proterozoic,Proterozoic,,,,,Proterozoic          ,Proterozoic,542,2500,Relative,
VAbmgl;0,Proterozoic,,,,,Proterozoic            ,Proterozoic,Proterozoic,,,,,Proterozoic          ,Proterozoic,542,2500,Relative,
VAbo;0,Proterozoic,,,,,Proterozoic            ,Proterozoic,Proterozoic,,,,,Proterozoic          ,Proterozoic,542,2500,Relative,
VACAbg;0,Phanerozoic,Paleozoic,Cambrian,,,Phanerozoic Paleozoic  Cambrian         ,Cambrian,Phanerozoic,Paleozoic,Cambrian,,,Phanerozoic Paleozoic  Cambrian       ,Cambrian,488.3,542,Relative,
VACAc;0,Phanerozoic,Paleozoic,Cambrian,,,Phanerozoic Paleozoic  Cambrian         ,Cambrian,Phanerozoic,Paleozoic,Cambrian,,,Phanerozoic Paleozoic  Cambrian       ,Cambrian,488.3,542,Relative,
VACAca;0,Phanerozoic,Paleozoic,Cambrian,,,Phanerozoic Paleozoic  Cambrian         ,Cambrian,Phanerozoic,Paleozoic,Cambrian,,,Phanerozoic Paleozoic  Cambrian       ,Cambrian,488.3,542,Relative,
VACAcas;0,Phanerozoic,Paleozoic,Cambrian,,,Phanerozoic Paleozoic  Cambrian         ,Cambrian,Phanerozoic,Paleozoic,Cambrian,,,Phanerozoic Paleozoic  Cambrian       ,Cambrian,488.3,542,Relative
VACAcfv;0,Phanerozoic,Paleozoic,Cambrian,,,Phanerozoic Paleozoic  Cambrian         ,Cambrian,Phanerozoic,Paleozoic,Cambrian,,,Phanerozoic Paleozoic  Cambrian       ,Cambrian,488.3,542,Relative
VACAch;0,Phanerozoic,Paleozoic,Cambrian,,,Phanerozoic Paleozoic  Cambrian         ,Cambrian,Phanerozoic,Paleozoic,Cambrian,,,Phanerozoic Paleozoic  Cambrian       ,Cambrian,488.3,542,Relative
VACAcmv;0,Phanerozoic,Paleozoic,Cambrian,,,Phanerozoic Paleozoic  Cambrian         ,Cambrian,Phanerozoic,Paleozoic,Cambrian,,,Phanerozoic Paleozoic  Cambrian       ,Cambrian,488.3,542,Relative
VACAco;0,Phanerozoic,Paleozoic,Cambrian,,,Phanerozoic Paleozoic  Cambrian         ,Cambrian,Phanerozoic,Paleozoic,Cambrian,,,Phanerozoic Paleozoic  Cambrian       ,Cambrian,488.3,542,Relative
VACAcv;0,Phanerozoic,Paleozoic,Cambrian,,,Phanerozoic Paleozoic  Cambrian         ,Cambrian,Phanerozoic,Paleozoic,Cambrian,,,Phanerozoic Paleozoic  Cambrian       ,Cambrian,488.3,542,Relative
VACAd;0,Phanerozoic,Paleozoic,Cambrian,,,Phanerozoic Paleozoic  Cambrian         ,Cambrian,Phanerozoic,Paleozoic,Cambrian,,,Phanerozoic Paleozoic  Cambrian       ,Cambrian,488.3,542,Relative
VACAe;0,Phanerozoic,Paleozoic,Cambrian,,,Phanerozoic Paleozoic  Cambrian         ,Cambrian,Phanerozoic,Paleozoic,Cambrian,,,Phanerozoic Paleozoic  Cambrian       ,Cambrian,488.3,542,Relative
VACAeh;0,Phanerozoic,Paleozoic,Cambrian,,,Phanerozoic Paleozoic  Cambrian         ,Cambrian,Phanerozoic,Paleozoic,Cambrian,,,Phanerozoic Paleozoic  Cambrian       ,Cambrian,488.3,542,Relative
VACAev;0,Phanerozoic,Paleozoic,Cambrian,,,Phanerozoic Paleozoic  Cambrian         ,Cambrian,Phanerozoic,Paleozoic,Cambrian,,,Phanerozoic Paleozoic  Cambrian       ,Cambrian,488.3,542,Relative
VACAf;0,Phanerozoic,Paleozoic,Cambrian,,,Phanerozoic Paleozoic  Cambrian         ,Cambrian,Phanerozoic,Paleozoic,Cambrian,,,Phanerozoic Paleozoic  Cambrian       ,Cambrian,488.3,542,Relative
VACAfq;0,Phanerozoic,Paleozoic,Cambrian,,,Phanerozoic Paleozoic  Cambrian         ,Cambrian,Phanerozoic,Paleozoic,Cambrian,,,Phanerozoic Paleozoic  Cambrian       ,Cambrian,488.3,542,Relative
VACAfv;0,Phanerozoic,Paleozoic,Cambrian,,,Phanerozoic Paleozoic  Cambrian         ,Cambrian,Phanerozoic,Paleozoic,Cambrian,,,Phanerozoic Paleozoic  Cambrian       ,Cambrian,488.3,542,Relative
VACAfvs;0,Phanerozoic,Paleozoic,Cambrian,,,Phanerozoic Paleozoic  Cambrian         ,Cambrian,Phanerozoic,Paleozoic,Cambrian,,,Phanerozoic Paleozoic  Cambrian       ,Cambrian,488.3,542,Relative
VACAg;0,Phanerozoic,Paleozoic,Cambrian,,,Phanerozoic Paleozoic  Cambrian         ,Cambrian,Phanerozoic,Paleozoic,Cambrian,,,Phanerozoic Paleozoic  Cambrian       ,Cambrian,488.3,542,Relative
VACAgi;0,Phanerozoic,Paleozoic,Cambrian,,,Phanerozoic Paleozoic  Cambrian         ,Cambrian,Phanerozoic,Paleozoic,Cambrian,,,Phanerozoic Paleozoic  Cambrian       ,Cambrian,488.3,542,Relative
VACAi;0,Phanerozoic,Paleozoic,Cambrian,,,Phanerozoic Paleozoic  Cambrian         ,Cambrian,Phanerozoic,Paleozoic,Cambrian,,,Phanerozoic Paleozoic  Cambrian       ,Cambrian,488.3,542,Relative
VACAl;0,Phanerozoic,Paleozoic,Cambrian,,,Phanerozoic Paleozoic  Cambrian         ,Cambrian,Phanerozoic,Paleozoic,Cambrian,,,Phanerozoic Paleozoic  Cambrian       ,Cambrian,488.3,542,Relative
VACAlw;0,Phanerozoic,Paleozoic,Cambrian,,,Phanerozoic Paleozoic  Cambrian         ,Cambrian,Phanerozoic,Paleozoic,Cambrian,,,Phanerozoic Paleozoic  Cambrian       ,Cambrian,488.3,542,Relative
VACAm;0,Phanerozoic,Paleozoic,Cambrian,,,Phanerozoic Paleozoic  Cambrian         ,Cambrian,Phanerozoic,Paleozoic,Cambrian,,,Phanerozoic Paleozoic  Cambrian       ,Cambrian,488.3,542,Relative
VACAmv;0,Phanerozoic,Paleozoic,Cambrian,,,Phanerozoic Paleozoic  Cambrian         ,Cambrian,Phanerozoic,Paleozoic,Cambrian,,,Phanerozoic Paleozoic  Cambrian       ,Cambrian,488.3,542,Relative
VACAmvs;0,Phanerozoic,Paleozoic,Cambrian,,,Phanerozoic Paleozoic  Cambrian         ,Cambrian,Phanerozoic,Paleozoic,Cambrian,,,Phanerozoic Paleozoic  Cambrian       ,Cambrian,488.3,542,Relative
VACAnhk;0,Phanerozoic,Paleozoic,Cambrian,,,Phanerozoic Paleozoic  Cambrian         ,Cambrian,Phanerozoic,Paleozoic,Cambrian,,,Phanerozoic Paleozoic  Cambrian       ,Cambrian,488.3,542,Relative
VACAnmrr;0,Phanerozoic,Paleozoic,Cambrian,,,Phanerozoic Paleozoic  Cambrian         ,Cambrian,Phanerozoic,Paleozoic,Cambrian,,,Phanerozoic Paleozoic  Cambrian       ,Cambrian,488.3,542,Relative
VACAp;0,Phanerozoic,Paleozoic,Cambrian,,,Phanerozoic Paleozoic  Cambrian         ,Cambrian,Phanerozoic,Paleozoic,Cambrian,,,Phanerozoic Paleozoic  Cambrian       ,Cambrian,488.3,542,Relative
VACAr;0,Phanerozoic,Paleozoic,Cambrian,,,Phanerozoic Paleozoic  Cambrian         ,Cambrian,Phanerozoic,Paleozoic,Cambrian,,,Phanerozoic Paleozoic  Cambrian       ,Cambrian,488.3,542,Relative
VACAra;0,Phanerozoic,Paleozoic,Cambrian,,,Phanerozoic Paleozoic  Cambrian         ,Cambrian,Phanerozoic,Paleozoic,Cambrian,,,Phanerozoic Paleozoic  Cambrian       ,Cambrian,488.3,542,Relative
VACAs;0,Phanerozoic,Paleozoic,Cambrian,,,Phanerozoic Paleozoic  Cambrian         ,Cambrian,Phanerozoic,Paleozoic,Cambrian,,,Phanerozoic Paleozoic  Cambrian       ,Cambrian,488.3,542,Relative
VACAsg;0,Phanerozoic,Paleozoic,Cambrian,,,Phanerozoic Paleozoic  Cambrian         ,Cambrian,Phanerozoic,Paleozoic,Cambrian,,,Phanerozoic Paleozoic  Cambrian       ,Cambrian,488.3,542,Relative
VACAsv;0,Phanerozoic,Paleozoic,Cambrian,,,Phanerozoic Paleozoic  Cambrian         ,Cambrian,Phanerozoic,Paleozoic,Cambrian,,,Phanerozoic Paleozoic  Cambrian       ,Cambrian,488.3,542,Relative
VACAt;0,Phanerozoic,Paleozoic,Cambrian,,,Phanerozoic Paleozoic  Cambrian         ,Cambrian,Phanerozoic,Paleozoic,Cambrian,,,Phanerozoic Paleozoic  Cambrian       ,Cambrian,488.3,542,Relative
VACAta;0,Phanerozoic,Paleozoic,Cambrian,,,Phanerozoic Paleozoic  Cambrian         ,Cambrian,Phanerozoic,Paleozoic,Cambrian,,,Phanerozoic Paleozoic  Cambrian       ,Cambrian,488.3,542,Relative
VACAu;0,Phanerozoic,Paleozoic,Cambrian,,,Phanerozoic Paleozoic  Cambrian         ,Cambrian,Phanerozoic,Paleozoic,Cambrian,,,Phanerozoic Paleozoic  Cambrian       ,Cambrian,488.3,542,Relative
VACAwb;0,Phanerozoic,Paleozoic,Cambrian,,,Phanerozoic Paleozoic  Cambrian         ,Cambrian,Phanerozoic,Paleozoic,Cambrian,,,Phanerozoic Paleozoic  Cambrian       ,Cambrian,488.3,542,Relative
VACAwbt;0,Phanerozoic,Paleozoic,Cambrian,,,Phanerozoic Paleozoic  Cambrian         ,Cambrian,Phanerozoic,Paleozoic,Cambrian,,,Phanerozoic Paleozoic  Cambrian       ,Cambrian,488.3,542,Relative
VACAy;0,Phanerozoic,Paleozoic,Cambrian,,,Phanerozoic Paleozoic  Cambrian         ,Cambrian,Phanerozoic,Paleozoic,Cambrian,,,Phanerozoic Paleozoic  Cambrian       ,Cambrian,488.3,542,Relative
VACAZa;0,Phanerozoic,Paleozoic,Cambrian,,,Phanerozoic Paleozoic  Cambrian         ,Cambrian,Proterozoic,Neoproterozoic,,,,Proterozoic Neoproterozoic         ,Neoproterozoic,488.3,1000,Relative
VACAZab;0,Phanerozoic,Paleozoic,Cambrian,,,Phanerozoic Paleozoic  Cambrian         ,Cambrian,Proterozoic,Neoproterozoic,,,,Proterozoic Neoproterozoic         ,Neoproterozoic,488.3,1000,Relative
VACAZac;0,Phanerozoic,Paleozoic,Cambrian,,,Phanerozoic Paleozoic  Cambrian         ,Cambrian,Proterozoic,Neoproterozoic,,,,Proterozoic Neoproterozoic         ,Neoproterozoic,488.3,1000,Relative
VACAZas;0,Phanerozoic,Paleozoic,Cambrian,,,Phanerozoic Paleozoic  Cambrian         ,Cambrian,Proterozoic,Neoproterozoic,,,,Proterozoic Neoproterozoic         ,Neoproterozoic,488.3,1000,Relative
VACAZba;0,Phanerozoic,Paleozoic,Cambrian,,,Phanerozoic Paleozoic  Cambrian         ,Cambrian,Proterozoic,Neoproterozoic,,,,Proterozoic Neoproterozoic         ,Neoproterozoic,488.3,1000,Relative
VACAZc;0,Phanerozoic,Paleozoic,Cambrian,,,Phanerozoic Paleozoic  Cambrian         ,Cambrian,Proterozoic,Neoproterozoic,,,,Proterozoic Neoproterozoic         ,Neoproterozoic,488.3,1000,Relative
VACAZcb;0,Phanerozoic,Paleozoic,Cambrian,,,Phanerozoic Paleozoic  Cambrian         ,Cambrian,Proterozoic,Neoproterozoic,,,,Proterozoic Neoproterozoic         ,Neoproterozoic,488.3,1000,Relative
VACAZcr;0,Phanerozoic,Paleozoic,Cambrian,,,Phanerozoic Paleozoic  Cambrian         ,Cambrian,Proterozoic,Neoproterozoic,,,,Proterozoic Neoproterozoic         ,Neoproterozoic,488.3,1000,Relative
VACAZcs;0,Phanerozoic,Paleozoic,Cambrian,,,Phanerozoic Paleozoic  Cambrian         ,Cambrian,Proterozoic,Neoproterozoic,,,,Proterozoic Neoproterozoic         ,Neoproterozoic,488.3,1000,Relative
VACAZfm;0,Phanerozoic,Paleozoic,Cambrian,,,Phanerozoic Paleozoic  Cambrian         ,Cambrian,Proterozoic,Neoproterozoic,,,,Proterozoic Neoproterozoic         ,Neoproterozoic,488.3,1000,Relative
VACAZg;0,Phanerozoic,Paleozoic,Cambrian,,,Phanerozoic Paleozoic  Cambrian         ,Cambrian,Proterozoic,Neoproterozoic,,,,Proterozoic Neoproterozoic         ,Neoproterozoic,488.3,1000,Relative
VACAZh;0,Phanerozoic,Paleozoic,Cambrian,,,Phanerozoic Paleozoic  Cambrian         ,Cambrian,Proterozoic,Neoproterozoic,,,,Proterozoic Neoproterozoic         ,Neoproterozoic,488.3,1000,Relative
VACAZhb;0,Phanerozoic,Paleozoic,Cambrian,,,Phanerozoic Paleozoic  Cambrian         ,Cambrian,Proterozoic,Neoproterozoic,,,,Proterozoic Neoproterozoic         ,Neoproterozoic,488.3,1000,Relative
VACAZl;0,Phanerozoic,Paleozoic,Cambrian,,,Phanerozoic Paleozoic  Cambrian         ,Cambrian,Proterozoic,Neoproterozoic,,,,Proterozoic Neoproterozoic         ,Neoproterozoic,488.3,1000,Relative
VACAZlb;0,Phanerozoic,Paleozoic,Cambrian,,,Phanerozoic Paleozoic  Cambrian         ,Cambrian,Proterozoic,Neoproterozoic,,,,Proterozoic Neoproterozoic         ,Neoproterozoic,488.3,1000,Relative
VACAZmd;0,Phanerozoic,Paleozoic,Cambrian,,,Phanerozoic Paleozoic  Cambrian         ,Cambrian,Proterozoic,Neoproterozoic,,,,Proterozoic Neoproterozoic         ,Neoproterozoic,488.3,1000,Relative
VACAZmg;0,Phanerozoic,Paleozoic,Cambrian,,,Phanerozoic Paleozoic  Cambrian         ,Cambrian,Proterozoic,Neoproterozoic,,,,Proterozoic Neoproterozoic         ,Neoproterozoic,488.3,1000,Relative
VACAZmi;0,Phanerozoic,Paleozoic,Cambrian,,,Phanerozoic Paleozoic  Cambrian         ,Cambrian,Proterozoic,Neoproterozoic,,,,Proterozoic Neoproterozoic         ,Neoproterozoic,488.3,1000,Relative
VACAZmq;0,Phanerozoic,Paleozoic,Cambrian,,,Phanerozoic Paleozoic  Cambrian         ,Cambrian,Proterozoic,Neoproterozoic,,,,Proterozoic Neoproterozoic         ,Neoproterozoic,488.3,1000,Relative
VACAZms;0,Phanerozoic,Paleozoic,Cambrian,,,Phanerozoic Paleozoic  Cambrian         ,Cambrian,Proterozoic,Neoproterozoic,,,,Proterozoic Neoproterozoic         ,Neoproterozoic,488.3,1000,Relative
VACAZmy;0,Phanerozoic,Paleozoic,Cambrian,,,Phanerozoic Paleozoic  Cambrian         ,Cambrian,Proterozoic,Neoproterozoic,,,,Proterozoic Neoproterozoic         ,Neoproterozoic,488.3,1000,Relative
VACAZpb;0,Phanerozoic,Paleozoic,Cambrian,,,Phanerozoic Paleozoic  Cambrian         ,Cambrian,Proterozoic,Neoproterozoic,,,,Proterozoic Neoproterozoic         ,Neoproterozoic,488.3,1000,Relative
VACAZpm;0,Phanerozoic,Paleozoic,Cambrian,,,Phanerozoic Paleozoic  Cambrian         ,Cambrian,Proterozoic,Neoproterozoic,,,,Proterozoic Neoproterozoic         ,Neoproterozoic,488.3,1000,Relative
VACAZum;0,Phanerozoic,Paleozoic,Cambrian,,,Phanerozoic Paleozoic  Cambrian         ,Cambrian,Proterozoic,Neoproterozoic,,,,Proterozoic Neoproterozoic         ,Neoproterozoic,488.3,1000,Relative
VAcm;0,Proterozoic,,,,,Proterozoic            ,Proterozoic,Proterozoic,,,,,Proterozoic          ,Proterozoic,542,2500,Relative
VADb;0,Phanerozoic,Paleozoic,Devonian,,,Phanerozoic Paleozoic  Devonian         ,Devonian,Phanerozoic,Paleozoic,Devonian,,,Phanerozoic Paleozoic  Devonian       ,Devonian,359.2,416,Relative
VADch;0,Phanerozoic,Paleozoic,Devonian,,,Phanerozoic Paleozoic  Devonian         ,Devonian,Phanerozoic,Paleozoic,Devonian,,,Phanerozoic Paleozoic  Devonian       ,Devonian,359.2,416,Relative
VAdgn;0,Proterozoic,,,,,Proterozoic            ,Proterozoic,Proterozoic,,,,,Proterozoic          ,Proterozoic,542,2500,Relative
VADhs;0,Phanerozoic,Paleozoic,Devonian,,,Phanerozoic Paleozoic  Devonian         ,Devonian,Phanerozoic,Paleozoic,Devonian,,,Phanerozoic Paleozoic  Devonian       ,Devonian,359.2,416,Relative
VAdi;0,Proterozoic,,,,,Proterozoic            ,Proterozoic,Proterozoic,,,,,Proterozoic          ,Proterozoic,542,2500,Relative
VADma;0,Phanerozoic,Paleozoic,Devonian,,,Phanerozoic Paleozoic  Devonian         ,Devonian,Phanerozoic,Paleozoic,Devonian,,,Phanerozoic Paleozoic  Devonian       ,Devonian,359.2,416,Relative
VADmn;0,Phanerozoic,Paleozoic,Devonian,,,Phanerozoic Paleozoic  Devonian         ,Devonian,Phanerozoic,Paleozoic,Devonian,,,Phanerozoic Paleozoic  Devonian       ,Devonian,359.2,416,Relative
VADmrn;0,Phanerozoic,Paleozoic,Devonian,,,Phanerozoic Paleozoic  Devonian         ,Devonian,Phanerozoic,Paleozoic,Devonian,,,Phanerozoic Paleozoic  Devonian       ,Devonian,359.2,416,Relative
VAds;0,Phanerozoic,Cenozoic,Quaternary,Holocene,,Phanerozoic Cenozoic  Quaternary    Holocene     ,Holocene,Phanerozoic,Cenozoic,Quaternary,Holocene,,Phanerozoic Cenozoic  Quaternary   Holocene    ,Holocene,0,0.012,Relative
VADSOz;0,Phanerozoic,Paleozoic,Devonian,Early-Devonian,,Phanerozoic Paleozoic  Devonian    Early-Devonian     ,Early-Devonian,Phanerozoic,Paleozoic,Ordovician,Late-Ordovician,,Phanerozoic Paleozoic  Ordovician   Late-Ordovician    ,Late-Ordovician,397.5,460.9,Relative
VADSu;0,Phanerozoic,Paleozoic,Devonian,,,Phanerozoic Paleozoic  Devonian         ,Devonian,Phanerozoic,Paleozoic,Silurian,,,Phanerozoic Paleozoic  Silurian       ,Silurian,359.2,443.7,Relative
VADSz;0,Phanerozoic,Paleozoic,Devonian,,,Phanerozoic Paleozoic  Devonian         ,Devonian,Phanerozoic,Paleozoic,Silurian,,,Phanerozoic Paleozoic  Silurian       ,Silurian,359.2,443.7,Relative
VADx;0,Phanerozoic,Paleozoic,Devonian,,,Phanerozoic Paleozoic  Devonian         ,Devonian,Phanerozoic,Paleozoic,Devonian,,,Phanerozoic Paleozoic  Devonian       ,Devonian,359.2,416,Relative
VAfbgr;0,Proterozoic,,,,,Proterozoic            ,Proterozoic,Proterozoic,,,,,Proterozoic          ,Proterozoic,542,2500,Relative
VAfcm;0,Proterozoic,,,,,Proterozoic            ,Proterozoic,Proterozoic,,,,,Proterozoic          ,Proterozoic,542,2500,Relative
VAfg;0,Proterozoic,,,,,Proterozoic            ,Proterozoic,Proterozoic,,,,,Proterozoic          ,Proterozoic,542,2500,Relative
VAfgb;0,Proterozoic,,,,,Proterozoic            ,Proterozoic,Proterozoic,,,,,Proterozoic          ,Proterozoic,542,2500,Relative
VAfr;0,Proterozoic,,,,,Proterozoic            ,Proterozoic,Proterozoic,,,,,Proterozoic          ,Proterozoic,542,2500,Relative
VAg;0,Proterozoic,,,,,Proterozoic            ,Proterozoic,Proterozoic,,,,,Proterozoic          ,Proterozoic,542,2500,Relative
VAga;0,Proterozoic,,,,,Proterozoic            ,Proterozoic,Proterozoic,,,,,Proterozoic          ,Proterozoic,542,2500,Relative
VAgn;0,Proterozoic,,,,,Proterozoic            ,Proterozoic,Proterozoic,,,,,Proterozoic          ,Proterozoic,542,2500,Relative
VAgns;0,Proterozoic,,,,,Proterozoic            ,Proterozoic,Proterozoic,,,,,Proterozoic          ,Proterozoic,542,2500,Relative
VAgr;0,Proterozoic,,,,,Proterozoic            ,Proterozoic,Proterozoic,,,,,Proterozoic          ,Proterozoic,542,2500,Relative
VAgrb;0,Proterozoic,,,,,Proterozoic            ,Proterozoic,Proterozoic,,,,,Proterozoic          ,Proterozoic,542,2500,Relative
VAgrbi;0,Proterozoic,,,,,Proterozoic            ,Proterozoic,Proterozoic,,,,,Proterozoic          ,Proterozoic,542,2500,Relative
VAgrc;0,Proterozoic,,,,,Proterozoic            ,Proterozoic,Proterozoic,,,,,Proterozoic          ,Proterozoic,542,2500,Relative
VAgrp;0,Proterozoic,,,,,Proterozoic            ,Proterozoic,Proterozoic,,,,,Proterozoic          ,Proterozoic,542,2500,Relative
VAgrpo;0,Proterozoic,,,,,Proterozoic            ,Proterozoic,Proterozoic,,,,,Proterozoic          ,Proterozoic,542,2500,Relative
VAgrt;0,Proterozoic,,,,,Proterozoic            ,Proterozoic,Proterozoic,,,,,Proterozoic          ,Proterozoic,542,2500,Relative
VAgs;0,Proterozoic,,,,,Proterozoic            ,Proterozoic,Proterozoic,,,,,Proterozoic          ,Proterozoic,542,2500,Relative
VAJb;0,Phanerozoic,Mesozoic,Jurassic,Early-Jurassic,,Phanerozoic Mesozoic  Jurassic    Early-Jurassic     ,Early-Jurassic,Phanerozoic,Mesozoic,Jurassic,Early-Jurassic,,Phanerozoic Mesozoic  Jurassic   Early-Jurassic    ,Early-Jurassic,175.6,199.6,Relative
VAJc;0,Phanerozoic,Mesozoic,Jurassic,,,Phanerozoic Mesozoic  Jurassic         ,Jurassic,Phanerozoic,Mesozoic,Jurassic,,,Phanerozoic Mesozoic  Jurassic       ,Jurassic,145.5,199.6,Relative
VAJd;0,Phanerozoic,Mesozoic,Jurassic,Early-Jurassic,,Phanerozoic Mesozoic  Jurassic    Early-Jurassic     ,Early-Jurassic,Phanerozoic,Mesozoic,Jurassic,Early-Jurassic,,Phanerozoic Mesozoic  Jurassic   Early-Jurassic    ,Early-Jurassic,175.6,199.6,Relative
VAJsh;0,Phanerozoic,Mesozoic,Jurassic,,,Phanerozoic Mesozoic  Jurassic         ,Jurassic,Phanerozoic,Mesozoic,Jurassic,,,Phanerozoic Mesozoic  Jurassic       ,Jurassic,145.5,199.6,Relative
VAJss;0,Phanerozoic,Mesozoic,Jurassic,Early-Jurassic,,Phanerozoic Mesozoic  Jurassic    Early-Jurassic     ,Early-Jurassic,Phanerozoic,Mesozoic,Jurassic,Early-Jurassic,,Phanerozoic Mesozoic  Jurassic   Early-Jurassic    ,Early-Jurassic,175.6,199.6,Relative
VAJTbasalt;0,Phanerozoic,Cenozoic,Tertiary,Eocene,,Phanerozoic Cenozoic  Tertiary    Eocene     ,Eocene,Phanerozoic,Mesozoic,Jurassic,,,Phanerozoic Mesozoic  Jurassic       ,Jurassic,33.9,199.6,Relative
VAJTp;0,Phanerozoic,Cenozoic,Tertiary,Eocene,,Phanerozoic Cenozoic  Tertiary    Eocene     ,Eocene,Phanerozoic,Mesozoic,Triassic,,,Phanerozoic Mesozoic  Triassic       ,Triassic,33.9,251,Relative
VAKp;0,Phanerozoic,Mesozoic,Cretaceous,,,Phanerozoic Mesozoic  Cretaceous         ,Cretaceous,Phanerozoic,Mesozoic,Cretaceous,,,Phanerozoic Mesozoic  Cretaceous       ,Cretaceous,65.5,145.5,Relative
VAks;0,Proterozoic,,,,,Proterozoic            ,Proterozoic,Proterozoic,,,,,Proterozoic          ,Proterozoic,542,2500,Relative
VAlgn;0,Proterozoic,,,,,Proterozoic            ,Proterozoic,Proterozoic,,,,,Proterozoic          ,Proterozoic,542,2500,Relative
VAls;0,Phanerozoic,Paleozoic,Cambrian,,,Phanerozoic Paleozoic  Cambrian         ,Cambrian,Proterozoic,Neoproterozoic,,,,Proterozoic Neoproterozoic         ,Neoproterozoic,488.3,1000,Relative
VAm;0,Phanerozoic,Cenozoic,Quaternary,Holocene,,Phanerozoic Cenozoic  Quaternary    Holocene     ,Holocene,Phanerozoic,Cenozoic,Quaternary,Holocene,,Phanerozoic Cenozoic  Quaternary   Holocene    ,Holocene,0,0.012,Relative
VAMbf;0,Phanerozoic,Paleozoic,Carboniferous,Mississippian,,Phanerozoic Paleozoic  Carboniferous    Mississippian     ,Mississippian,Phanerozoic,Paleozoic,Carboniferous,Mississippian,,Phanerozoic Paleozoic  Carboniferous   Mississippian    ,Mississippian,318.1,359.2,Relative
VAMccf;0,Phanerozoic,Paleozoic,Carboniferous,Mississippian,,Phanerozoic Paleozoic  Carboniferous    Mississippian     ,Mississippian,Phanerozoic,Paleozoic,Carboniferous,Mississippian,,Phanerozoic Paleozoic  Carboniferous   Mississippian    ,Mississippian,318.1,359.2,Relative
VAMDcw;0,Phanerozoic,Paleozoic,Carboniferous,Mississippian,,Phanerozoic Paleozoic  Carboniferous    Mississippian     ,Mississippian,Phanerozoic,Paleozoic,Devonian,,,Phanerozoic Paleozoic  Devonian       ,Devonian,318.1,416,Relative
VAmf;0,Phanerozoic,Paleozoic,Cambrian,,,Phanerozoic Paleozoic  Cambrian         ,Cambrian,Proterozoic,Neoproterozoic,,,,Proterozoic Neoproterozoic         ,Neoproterozoic,488.3,1000,Relative
VAMg;0,Phanerozoic,Paleozoic,Carboniferous,Mississippian,,Phanerozoic Paleozoic  Carboniferous    Mississippian     ,Mississippian,Phanerozoic,Paleozoic,Carboniferous,Mississippian,,Phanerozoic Paleozoic  Carboniferous   Mississippian    ,Mississippian,318.1,359.2,Relative
VAmgb;0,Proterozoic,,,,,Proterozoic            ,Proterozoic,Proterozoic,,,,,Proterozoic          ,Proterozoic,542,2500,Relative
VAmgr;0,Proterozoic,,,,,Proterozoic            ,Proterozoic,Proterozoic,,,,,Proterozoic          ,Proterozoic,542,2500,Relative
VAMm;0,Phanerozoic,Paleozoic,Carboniferous,Mississippian,,Phanerozoic Paleozoic  Carboniferous    Mississippian     ,Mississippian,Phanerozoic,Paleozoic,Carboniferous,Mississippian,,Phanerozoic Paleozoic  Carboniferous   Mississippian    ,Mississippian,318.1,359.2,Relative
VAMmpr;0,Phanerozoic,Paleozoic,Carboniferous,Mississippian,,Phanerozoic Paleozoic  Carboniferous    Mississippian     ,Mississippian,Phanerozoic,Paleozoic,Carboniferous,Mississippian,,Phanerozoic Paleozoic  Carboniferous   Mississippian    ,Mississippian,318.1,359.2,Relative
VAMp;0,Phanerozoic,Paleozoic,Carboniferous,Mississippian,,Phanerozoic Paleozoic  Carboniferous    Mississippian     ,Mississippian,Phanerozoic,Paleozoic,Carboniferous,Mississippian,,Phanerozoic Paleozoic  Carboniferous   Mississippian    ,Mississippian,318.1,359.2,Relative
VAMpbg;0,Phanerozoic,Paleozoic,Carboniferous,Mississippian,,Phanerozoic Paleozoic  Carboniferous    Mississippian     ,Mississippian,Phanerozoic,Paleozoic,Carboniferous,Mississippian,,Phanerozoic Paleozoic  Carboniferous   Mississippian    ,Mississippian,318.1,359.2,Relative
VAmpg;0,Proterozoic,,,,,Proterozoic            ,Proterozoic,Proterozoic,,,,,Proterozoic          ,Proterozoic,542,2500,Relative
VAMpo;0,Phanerozoic,Paleozoic,Carboniferous,Mississippian,,Phanerozoic Paleozoic  Carboniferous    Mississippian     ,Mississippian,Phanerozoic,Paleozoic,Carboniferous,Mississippian,,Phanerozoic Paleozoic  Carboniferous   Mississippian    ,Mississippian,318.1,359.2,Relative
VAMpr;0,Phanerozoic,Paleozoic,Carboniferous,Mississippian,,Phanerozoic Paleozoic  Carboniferous    Mississippian     ,Mississippian,Phanerozoic,Paleozoic,Carboniferous,Mississippian,,Phanerozoic Paleozoic  Carboniferous   Mississippian    ,Mississippian,318.1,359.2,Relative
VAmsg;0,Phanerozoic,Cenozoic,Tertiary,,,Phanerozoic Cenozoic  Tertiary         ,Tertiary,Phanerozoic,Cenozoic,Tertiary,,,Phanerozoic Cenozoic  Tertiary       ,Tertiary,1.81,65.5,Relative
VAmss;0,Phanerozoic,Paleozoic,Cambrian,,,Phanerozoic Paleozoic  Cambrian         ,Cambrian,Proterozoic,Neoproterozoic,,,,Proterozoic Neoproterozoic         ,Neoproterozoic,488.3,1000,Relative
VAmy;0,Phanerozoic,,,,,Phanerozoic            ,Phanerozoic,Proterozoic,,,,,Proterozoic          ,Proterozoic,0,2500,Relative
VAMz;0,Phanerozoic,Paleozoic,Carboniferous,Mississippian,,Phanerozoic Paleozoic  Carboniferous    Mississippian     ,Mississippian,Phanerozoic,Paleozoic,Carboniferous,Mississippian,,Phanerozoic Paleozoic  Carboniferous   Mississippian    ,Mississippian,318.1,359.2,Relative
VAnv;0,Proterozoic,,,,,Proterozoic            ,Proterozoic,Proterozoic,,,,,Proterozoic          ,Proterozoic,542,2500,Relative
VAOa;0,Phanerozoic,Paleozoic,Ordovician,,,Phanerozoic Paleozoic  Ordovician         ,Ordovician,Phanerozoic,Paleozoic,Ordovician,,,Phanerozoic Paleozoic  Ordovician       ,Ordovician,443.7,488.3,Relative
VAOas;0,Phanerozoic,Paleozoic,Ordovician,,,Phanerozoic Paleozoic  Ordovician         ,Ordovician,Phanerozoic,Paleozoic,Ordovician,,,Phanerozoic Paleozoic  Ordovician       ,Ordovician,443.7,488.3,Relative
VAOb;0,Phanerozoic,Paleozoic,Ordovician,,,Phanerozoic Paleozoic  Ordovician         ,Ordovician,Phanerozoic,Paleozoic,Ordovician,,,Phanerozoic Paleozoic  Ordovician       ,Ordovician,443.7,488.3,Relative
VAObf;0,Phanerozoic,Paleozoic,Ordovician,,,Phanerozoic Paleozoic  Ordovician         ,Ordovician,Phanerozoic,Paleozoic,Ordovician,,,Phanerozoic Paleozoic  Ordovician       ,Ordovician,443.7,488.3,Relative
VAObi;0,Phanerozoic,Paleozoic,Ordovician,,,Phanerozoic Paleozoic  Ordovician         ,Ordovician,Phanerozoic,Paleozoic,Ordovician,,,Phanerozoic Paleozoic  Ordovician       ,Ordovician,443.7,488.3,Relative
VAObq;0,Phanerozoic,Paleozoic,Ordovician,,,Phanerozoic Paleozoic  Ordovician         ,Ordovician,Phanerozoic,Paleozoic,Ordovician,,,Phanerozoic Paleozoic  Ordovician       ,Ordovician,443.7,488.3,Relative
VAOCAcc;0,Phanerozoic,Paleozoic,Ordovician,,,Phanerozoic Paleozoic  Ordovician         ,Ordovician,Phanerozoic,Paleozoic,Cambrian,,,Phanerozoic Paleozoic  Cambrian       ,Cambrian,443.7,542,Relative
VAOCAco;0,Phanerozoic,Paleozoic,Ordovician,,,Phanerozoic Paleozoic  Ordovician         ,Ordovician,Phanerozoic,Paleozoic,Cambrian,,,Phanerozoic Paleozoic  Cambrian       ,Cambrian,443.7,542,Relative
VAOCAd;0,Phanerozoic,Paleozoic,Ordovician,,,Phanerozoic Paleozoic  Ordovician         ,Ordovician,Phanerozoic,Paleozoic,Cambrian,,,Phanerozoic Paleozoic  Cambrian       ,Cambrian,443.7,542,Relative
VAOCAf;0,Phanerozoic,Paleozoic,Ordovician,,,Phanerozoic Paleozoic  Ordovician         ,Ordovician,Phanerozoic,Paleozoic,Cambrian,,,Phanerozoic Paleozoic  Cambrian       ,Cambrian,443.7,542,Relative
VAOCAgg;0,Phanerozoic,Paleozoic,Ordovician,,,Phanerozoic Paleozoic  Ordovician         ,Ordovician,Phanerozoic,Paleozoic,Cambrian,,,Phanerozoic Paleozoic  Cambrian       ,Cambrian,443.7,542,Relative
VAOCAk;0,Phanerozoic,Paleozoic,Ordovician,,,Phanerozoic Paleozoic  Ordovician         ,Ordovician,Phanerozoic,Paleozoic,Cambrian,,,Phanerozoic Paleozoic  Cambrian       ,Cambrian,443.7,542,Relative
VAOCAo;0,Phanerozoic,Paleozoic,Ordovician,,,Phanerozoic Paleozoic  Ordovician         ,Ordovician,Phanerozoic,Paleozoic,Cambrian,,,Phanerozoic Paleozoic  Cambrian       ,Cambrian,443.7,542,Relative
VAOCAp;0,Phanerozoic,Paleozoic,Ordovician,,,Phanerozoic Paleozoic  Ordovician         ,Ordovician,Phanerozoic,Paleozoic,Cambrian,,,Phanerozoic Paleozoic  Cambrian       ,Cambrian,443.7,542,Relative
VAOCApg;0,Phanerozoic,Paleozoic,Ordovician,,,Phanerozoic Paleozoic  Ordovician         ,Ordovician,Phanerozoic,Paleozoic,Cambrian,,,Phanerozoic Paleozoic  Cambrian       ,Cambrian,443.7,542,Relative
VAOCApo;0,Phanerozoic,Paleozoic,Ordovician,,,Phanerozoic Paleozoic  Ordovician         ,Ordovician,Phanerozoic,Paleozoic,Cambrian,,,Phanerozoic Paleozoic  Cambrian       ,Cambrian,443.7,542,Relative
VAOCAps;0,Phanerozoic,Paleozoic,Ordovician,,,Phanerozoic Paleozoic  Ordovician         ,Ordovician,Phanerozoic,Paleozoic,Cambrian,,,Phanerozoic Paleozoic  Cambrian       ,Cambrian,443.7,542,Relative
VAOCAtj;0,Phanerozoic,Paleozoic,Ordovician,,,Phanerozoic Paleozoic  Ordovician         ,Ordovician,Phanerozoic,Paleozoic,Cambrian,,,Phanerozoic Paleozoic  Cambrian       ,Cambrian,443.7,542,Relative
VAOCAu;0,Phanerozoic,Paleozoic,Ordovician,,,Phanerozoic Paleozoic  Ordovician         ,Ordovician,Phanerozoic,Paleozoic,Cambrian,,,Phanerozoic Paleozoic  Cambrian       ,Cambrian,443.7,542,Relative
VAOCAz;0,Phanerozoic,Paleozoic,Ordovician,,,Phanerozoic Paleozoic  Ordovician         ,Ordovician,Phanerozoic,Paleozoic,Cambrian,,,Phanerozoic Paleozoic  Cambrian       ,Cambrian,443.7,542,Relative
VAOcg;0,Phanerozoic,Paleozoic,Ordovician,,,Phanerozoic Paleozoic  Ordovician         ,Ordovician,Phanerozoic,Paleozoic,Ordovician,,,Phanerozoic Paleozoic  Ordovician       ,Ordovician,443.7,488.3,Relative
VAOeln;0,Phanerozoic,Paleozoic,Ordovician,,,Phanerozoic Paleozoic  Ordovician         ,Ordovician,Phanerozoic,Paleozoic,Ordovician,,,Phanerozoic Paleozoic  Ordovician       ,Ordovician,443.7,488.3,Relative
VAOkpl;0,Phanerozoic,Paleozoic,Ordovician,,,Phanerozoic Paleozoic  Ordovician         ,Ordovician,Phanerozoic,Paleozoic,Ordovician,,,Phanerozoic Paleozoic  Ordovician       ,Ordovician,443.7,488.3,Relative
VAOkq;0,Phanerozoic,Paleozoic,Ordovician,,,Phanerozoic Paleozoic  Ordovician         ,Ordovician,Phanerozoic,Paleozoic,Ordovician,,,Phanerozoic Paleozoic  Ordovician       ,Ordovician,443.7,488.3,Relative
VAOl;0,Phanerozoic,Paleozoic,Ordovician,,,Phanerozoic Paleozoic  Ordovician         ,Ordovician,Phanerozoic,Paleozoic,Ordovician,,,Phanerozoic Paleozoic  Ordovician       ,Ordovician,443.7,488.3,Relative
VAOla;0,Phanerozoic,Paleozoic,Ordovician,,,Phanerozoic Paleozoic  Ordovician         ,Ordovician,Phanerozoic,Paleozoic,Ordovician,,,Phanerozoic Paleozoic  Ordovician       ,Ordovician,443.7,488.3,Relative
VAOlm;0,Phanerozoic,Paleozoic,Ordovician,,,Phanerozoic Paleozoic  Ordovician         ,Ordovician,Phanerozoic,Paleozoic,Ordovician,,,Phanerozoic Paleozoic  Ordovician       ,Ordovician,443.7,488.3,Relative
VAOlp;0,Phanerozoic,Paleozoic,Ordovician,,,Phanerozoic Paleozoic  Ordovician         ,Ordovician,Phanerozoic,Paleozoic,Ordovician,,,Phanerozoic Paleozoic  Ordovician       ,Ordovician,443.7,488.3,Relative
VAOls;0,Phanerozoic,Paleozoic,Ordovician,,,Phanerozoic Paleozoic  Ordovician         ,Ordovician,Phanerozoic,Paleozoic,Ordovician,,,Phanerozoic Paleozoic  Ordovician       ,Ordovician,443.7,488.3,Relative
VAOm;0,Phanerozoic,Paleozoic,Ordovician,,,Phanerozoic Paleozoic  Ordovician         ,Ordovician,Phanerozoic,Paleozoic,Ordovician,,,Phanerozoic Paleozoic  Ordovician       ,Ordovician,443.7,488.3,Relative
VAOmk;0,Phanerozoic,Paleozoic,Ordovician,,,Phanerozoic Paleozoic  Ordovician         ,Ordovician,Phanerozoic,Paleozoic,Ordovician,,,Phanerozoic Paleozoic  Ordovician       ,Ordovician,443.7,488.3,Relative
VAOml;0,Phanerozoic,Paleozoic,Ordovician,,,Phanerozoic Paleozoic  Ordovician         ,Ordovician,Phanerozoic,Paleozoic,Ordovician,,,Phanerozoic Paleozoic  Ordovician       ,Ordovician,443.7,488.3,Relative
VAOq;0,Phanerozoic,Paleozoic,Ordovician,,,Phanerozoic Paleozoic  Ordovician         ,Ordovician,Phanerozoic,Paleozoic,Ordovician,,,Phanerozoic Paleozoic  Ordovician       ,Ordovician,443.7,488.3,Relative
VAOqq;0,Phanerozoic,Paleozoic,Ordovician,,,Phanerozoic Paleozoic  Ordovician         ,Ordovician,Phanerozoic,Paleozoic,Ordovician,,,Phanerozoic Paleozoic  Ordovician       ,Ordovician,443.7,488.3,Relative
VAOst;0,Phanerozoic,Paleozoic,Ordovician,,,Phanerozoic Paleozoic  Ordovician         ,Ordovician,Phanerozoic,Paleozoic,Ordovician,,,Phanerozoic Paleozoic  Ordovician       ,Ordovician,443.7,488.3,Relative
VAOt;0,Phanerozoic,Paleozoic,Ordovician,,,Phanerozoic Paleozoic  Ordovician         ,Ordovician,Phanerozoic,Paleozoic,Ordovician,,,Phanerozoic Paleozoic  Ordovician       ,Ordovician,443.7,488.3,Relative
VAOu;0,Phanerozoic,Paleozoic,Ordovician,,,Phanerozoic Paleozoic  Ordovician         ,Ordovician,Phanerozoic,Paleozoic,Ordovician,,,Phanerozoic Paleozoic  Ordovician       ,Ordovician,443.7,488.3,Relative
VAOun;0,Phanerozoic,Paleozoic,Ordovician,,,Phanerozoic Paleozoic  Ordovician         ,Ordovician,Phanerozoic,Paleozoic,Ordovician,,,Phanerozoic Paleozoic  Ordovician       ,Ordovician,443.7,488.3,Relative
VAOus;0,Phanerozoic,Paleozoic,Ordovician,,,Phanerozoic Paleozoic  Ordovician         ,Ordovician,Phanerozoic,Paleozoic,Ordovician,,,Phanerozoic Paleozoic  Ordovician       ,Ordovician,443.7,488.3,Relative
VAOz;0,Phanerozoic,Paleozoic,Ordovician,,,Phanerozoic Paleozoic  Ordovician         ,Ordovician,Phanerozoic,Paleozoic,Ordovician,,,Phanerozoic Paleozoic  Ordovician       ,Ordovician,443.7,488.3,Relative
VAOZI;0,Phanerozoic,Paleozoic,Ordovician,,,Phanerozoic Paleozoic  Ordovician         ,Ordovician,Proterozoic,Neoproterozoic,,,,Proterozoic Neoproterozoic         ,Neoproterozoic,443.7,1000,Relative
VAOZII;0,Phanerozoic,Paleozoic,Ordovician,,,Phanerozoic Paleozoic  Ordovician         ,Ordovician,Proterozoic,Neoproterozoic,,,,Proterozoic Neoproterozoic         ,Neoproterozoic,443.7,1000,Relative
VAOZIII;0,Phanerozoic,Paleozoic,Ordovician,,,Phanerozoic Paleozoic  Ordovician         ,Ordovician,Proterozoic,Neoproterozoic,,,,Proterozoic Neoproterozoic         ,Neoproterozoic,443.7,1000,Relative
VAPAh;0,Phanerozoic,Paleozoic,Carboniferous,Pennsylvanian,,Phanerozoic Paleozoic  Carboniferous    Pennsylvanian     ,Pennsylvanian,Phanerozoic,Paleozoic,Carboniferous,Pennsylvanian,,Phanerozoic Paleozoic  Carboniferous   Pennsylvanian    ,Pennsylvanian,299,318.1,Relative
VAPAk;0,Phanerozoic,Paleozoic,Carboniferous,Pennsylvanian,,Phanerozoic Paleozoic  Carboniferous    Pennsylvanian     ,Pennsylvanian,Phanerozoic,Paleozoic,Carboniferous,Pennsylvanian,,Phanerozoic Paleozoic  Carboniferous   Pennsylvanian    ,Pennsylvanian,299,318.1,Relative
VAPAl;0,Phanerozoic,Paleozoic,Carboniferous,Pennsylvanian,,Phanerozoic Paleozoic  Carboniferous    Pennsylvanian     ,Pennsylvanian,Phanerozoic,Paleozoic,Carboniferous,Pennsylvanian,,Phanerozoic Paleozoic  Carboniferous   Pennsylvanian    ,Pennsylvanian,299,318.1,Relative
VAPAMbi;0,Phanerozoic,Paleozoic,Carboniferous,Pennsylvanian,,Phanerozoic Paleozoic  Carboniferous    Pennsylvanian     ,Pennsylvanian,Phanerozoic,Paleozoic,Carboniferous,Mississippian,,Phanerozoic Paleozoic  Carboniferous   Mississippian    ,Mississippian,299,359.2,Relative
VAPAMf;0,Phanerozoic,Paleozoic,Carboniferous,Mississippian,,Phanerozoic Paleozoic  Carboniferous    Mississippian     ,Mississippian,Phanerozoic,Paleozoic,Carboniferous,Pennsylvanian,,Phanerozoic Paleozoic  Carboniferous   Pennsylvanian    ,Pennsylvanian,318.1,318.1,Relative
VAPAMl;0,Phanerozoic,Paleozoic,Carboniferous,Pennsylvanian,,Phanerozoic Paleozoic  Carboniferous    Pennsylvanian     ,Pennsylvanian,Phanerozoic,Paleozoic,Carboniferous,Pennsylvanian,,Phanerozoic Paleozoic  Carboniferous   Pennsylvanian    ,Pennsylvanian,299,318.1,Relative
VAPAn;0,Phanerozoic,Paleozoic,Carboniferous,Pennsylvanian,,Phanerozoic Paleozoic  Carboniferous    Pennsylvanian     ,Pennsylvanian,Phanerozoic,Paleozoic,Carboniferous,Pennsylvanian,,Phanerozoic Paleozoic  Carboniferous   Pennsylvanian    ,Pennsylvanian,299,318.1,Relative
VAPAnr;0,Phanerozoic,Paleozoic,Carboniferous,Pennsylvanian,,Phanerozoic Paleozoic  Carboniferous    Pennsylvanian     ,Pennsylvanian,Phanerozoic,Paleozoic,Carboniferous,Pennsylvanian,,Phanerozoic Paleozoic  Carboniferous   Pennsylvanian    ,Pennsylvanian,299,318.1,Relative
VAPAp;0,Phanerozoic,Paleozoic,Carboniferous,Pennsylvanian,,Phanerozoic Paleozoic  Carboniferous    Pennsylvanian     ,Pennsylvanian,Phanerozoic,Paleozoic,Carboniferous,Pennsylvanian,,Phanerozoic Paleozoic  Carboniferous   Pennsylvanian    ,Pennsylvanian,299,318.1,Relative
VAPAw;0,Phanerozoic,Paleozoic,Carboniferous,Pennsylvanian,,Phanerozoic Paleozoic  Carboniferous    Pennsylvanian     ,Pennsylvanian,Phanerozoic,Paleozoic,Carboniferous,Pennsylvanian,,Phanerozoic Paleozoic  Carboniferous   Pennsylvanian    ,Pennsylvanian,299,318.1,Relative
VAPAwg;0,Phanerozoic,Paleozoic,Carboniferous,Pennsylvanian,,Phanerozoic Paleozoic  Carboniferous    Pennsylvanian     ,Pennsylvanian,Phanerozoic,Paleozoic,Carboniferous,Pennsylvanian,,Phanerozoic Paleozoic  Carboniferous   Pennsylvanian    ,Pennsylvanian,299,318.1,Relative
VAPAz;0,Phanerozoic,Paleozoic,Carboniferous,Pennsylvanian,,Phanerozoic Paleozoic  Carboniferous    Pennsylvanian     ,Pennsylvanian,Phanerozoic,Paleozoic,Carboniferous,Pennsylvanian,,Phanerozoic Paleozoic  Carboniferous   Pennsylvanian    ,Pennsylvanian,299,318.1,Relative
VApbg;0,Proterozoic,,,,,Proterozoic            ,Proterozoic,Proterozoic,,,,,Proterozoic          ,Proterozoic,542,2500,Relative
VApeg;0,Proterozoic,,,,,Proterozoic            ,Proterozoic,Proterozoic,,,,,Proterozoic          ,Proterozoic,542,2500,Relative
VApg;0,Proterozoic,,,,,Proterozoic            ,Proterozoic,Proterozoic,,,,,Proterozoic          ,Proterozoic,542,2500,Relative
VApgo;0,Proterozoic,,,,,Proterozoic            ,Proterozoic,Proterozoic,,,,,Proterozoic          ,Proterozoic,542,2500,Relative
VAPpg;0,Phanerozoic,Paleozoic,Permian,,,Phanerozoic Paleozoic  Permian         ,Permian,Phanerozoic,Paleozoic,Permian,,,Phanerozoic Paleozoic  Permian       ,Permian,251,299,Relative
VApsg;0,Phanerozoic,Cenozoic,Tertiary-Neogene,Pliocene,,Phanerozoic Cenozoic  Tertiary-Neogene    Pliocene     ,Pliocene,Phanerozoic,Cenozoic,Tertiary-Neogene,Pliocene,,Phanerozoic Cenozoic  Tertiary-Neogene   Pliocene    ,Pliocene,1.81,5.332,Relative
VApy;0,Phanerozoic,Paleozoic,,,,Phanerozoic Paleozoic           ,Paleozoic,Proterozoic,,,,,Proterozoic          ,Proterozoic,251,2500,Relative
VAQc;0,Phanerozoic,Cenozoic,Quaternary,,,Phanerozoic Cenozoic  Quaternary         ,Quaternary,Phanerozoic,Cenozoic,Quaternary,,,Phanerozoic Cenozoic  Quaternary       ,Quaternary,0,1.81,Relative
VAQcc;0,Phanerozoic,Cenozoic,Quaternary,,,Phanerozoic Cenozoic  Quaternary         ,Quaternary,Phanerozoic,Cenozoic,Quaternary,,,Phanerozoic Cenozoic  Quaternary       ,Quaternary,0,1.81,Relative
VAQj;0,Phanerozoic,Cenozoic,Quaternary,,,Phanerozoic Cenozoic  Quaternary         ,Quaternary,Phanerozoic,Cenozoic,Quaternary,,,Phanerozoic Cenozoic  Quaternary       ,Quaternary,0,1.81,Relative
VAQk;0,Phanerozoic,Cenozoic,Quaternary,,,Phanerozoic Cenozoic  Quaternary         ,Quaternary,Phanerozoic,Cenozoic,Quaternary,,,Phanerozoic Cenozoic  Quaternary       ,Quaternary,0,1.81,Relative
VAQnb;0,Phanerozoic,Cenozoic,Quaternary,,,Phanerozoic Cenozoic  Quaternary         ,Quaternary,Phanerozoic,Cenozoic,Quaternary,,,Phanerozoic Cenozoic  Quaternary       ,Quaternary,0,1.81,Relative
VAQno;0,Phanerozoic,Cenozoic,Quaternary,,,Phanerozoic Cenozoic  Quaternary         ,Quaternary,Phanerozoic,Cenozoic,Quaternary,,,Phanerozoic Cenozoic  Quaternary       ,Quaternary,0,1.81,Relative
VAQoa;0,Phanerozoic,Cenozoic,Quaternary,,,Phanerozoic Cenozoic  Quaternary         ,Quaternary,Phanerozoic,Cenozoic,Quaternary,,,Phanerozoic Cenozoic  Quaternary       ,Quaternary,0,1.81,Relative
VAQsh;0,Phanerozoic,Cenozoic,Quaternary,,,Phanerozoic Cenozoic  Quaternary         ,Quaternary,Phanerozoic,Cenozoic,Quaternary,,,Phanerozoic Cenozoic  Quaternary       ,Quaternary,0,1.81,Relative
VAQt;0,Phanerozoic,Cenozoic,Quaternary,,,Phanerozoic Cenozoic  Quaternary         ,Quaternary,Phanerozoic,Cenozoic,Quaternary,,,Phanerozoic Cenozoic  Quaternary       ,Quaternary,0,1.81,Relative
VAQtl;0,Phanerozoic,Cenozoic,Quaternary,,,Phanerozoic Cenozoic  Quaternary         ,Quaternary,Phanerozoic,Cenozoic,Quaternary,,,Phanerozoic Cenozoic  Quaternary       ,Quaternary,0,1.81,Relative
VAQtlp;0,Phanerozoic,Cenozoic,Quaternary,,,Phanerozoic Cenozoic  Quaternary         ,Quaternary,Phanerozoic,Cenozoic,Quaternary,,,Phanerozoic Cenozoic  Quaternary       ,Quaternary,0,1.81,Relative
VAQtp;0,Phanerozoic,Cenozoic,Quaternary,,,Phanerozoic Cenozoic  Quaternary         ,Quaternary,Phanerozoic,Cenozoic,Quaternary,,,Phanerozoic Cenozoic  Quaternary       ,Quaternary,0,1.81,Relative
VAQts;0,Phanerozoic,Cenozoic,Quaternary,,,Phanerozoic Cenozoic  Quaternary         ,Quaternary,Phanerozoic,Cenozoic,Quaternary,,,Phanerozoic Cenozoic  Quaternary       ,Quaternary,0,1.81,Relative
VAQTu;0,Phanerozoic,Cenozoic,Quaternary,,,Phanerozoic Cenozoic  Quaternary         ,Quaternary,Phanerozoic,Cenozoic,Tertiary,,,Phanerozoic Cenozoic  Tertiary       ,Tertiary,0,65.5,Relative
VAQTw;0,Phanerozoic,Cenozoic,Quaternary,,,Phanerozoic Cenozoic  Quaternary         ,Quaternary,Phanerozoic,Cenozoic,Tertiary,,,Phanerozoic Cenozoic  Tertiary       ,Tertiary,0,65.5,Relative
VAQwa;0,Phanerozoic,Cenozoic,Quaternary,,,Phanerozoic Cenozoic  Quaternary         ,Quaternary,Phanerozoic,Cenozoic,Quaternary,,,Phanerozoic Cenozoic  Quaternary       ,Quaternary,0,1.81,Relative
VArbg;0,Proterozoic,,,,,Proterozoic            ,Proterozoic,Proterozoic,,,,,Proterozoic          ,Proterozoic,542,2500,Relative
VAro;0,Proterozoic,,,,,Proterozoic            ,Proterozoic,Proterozoic,,,,,Proterozoic          ,Proterozoic,542,2500,Relative
VAsb;0,Phanerozoic,Cenozoic,Quaternary,Holocene,,Phanerozoic Cenozoic  Quaternary    Holocene     ,Holocene,Phanerozoic,Cenozoic,Quaternary,Holocene,,Phanerozoic Cenozoic  Quaternary   Holocene    ,Holocene,0,0.012,Relative
VAsch;0,Proterozoic,,,,,Proterozoic            ,Proterozoic,Proterozoic,,,,,Proterozoic          ,Proterozoic,542,2500,Relative
VASf;0,Phanerozoic,Paleozoic,Silurian,,,Phanerozoic Paleozoic  Silurian         ,Silurian,Phanerozoic,Paleozoic,Silurian,,,Phanerozoic Paleozoic  Silurian       ,Silurian,416,443.7,Relative
VAShrc;0,Phanerozoic,Paleozoic,Silurian,,,Phanerozoic Paleozoic  Silurian         ,Silurian,Phanerozoic,Paleozoic,Silurian,,,Phanerozoic Paleozoic  Silurian       ,Silurian,416,443.7,Relative
VASkrt;0,Phanerozoic,Paleozoic,Silurian,,,Phanerozoic Paleozoic  Silurian         ,Silurian,Phanerozoic,Paleozoic,Silurian,,,Phanerozoic Paleozoic  Silurian       ,Silurian,416,443.7,Relative
VASm;0,Phanerozoic,Paleozoic,Silurian,,,Phanerozoic Paleozoic  Silurian         ,Silurian,Phanerozoic,Paleozoic,Silurian,,,Phanerozoic Paleozoic  Silurian       ,Silurian,416,443.7,Relative
VASOe;0,Phanerozoic,Paleozoic,Silurian,,,Phanerozoic Paleozoic  Silurian         ,Silurian,Phanerozoic,Paleozoic,Ordovician,,,Phanerozoic Paleozoic  Ordovician       ,Ordovician,416,488.3,Relative
VASOz;0,Phanerozoic,Paleozoic,Silurian,,,Phanerozoic Paleozoic  Silurian         ,Silurian,Phanerozoic,Paleozoic,Ordovician,,,Phanerozoic Paleozoic  Ordovician       ,Ordovician,416,488.3,Relative
VAsp;0,Phanerozoic,Cenozoic,Quaternary,Holocene,,Phanerozoic Cenozoic  Quaternary    Holocene     ,Holocene,Phanerozoic,Cenozoic,Quaternary,Holocene,,Phanerozoic Cenozoic  Quaternary   Holocene    ,Holocene,0,0.012,Relative
VASz;0,Phanerozoic,Paleozoic,Silurian,,,Phanerozoic Paleozoic  Silurian         ,Silurian,Phanerozoic,Paleozoic,Ordovician,,,Phanerozoic Paleozoic  Ordovician       ,Ordovician,416,488.3,Relative
VATb1;0,Phanerozoic,Cenozoic,Tertiary,,,Phanerozoic Cenozoic  Tertiary         ,Tertiary,Phanerozoic,Cenozoic,Tertiary,,,Phanerozoic Cenozoic  Tertiary       ,Tertiary,1.81,65.5,Relative
VATb2;0,Phanerozoic,Cenozoic,Tertiary,,,Phanerozoic Cenozoic  Tertiary         ,Tertiary,Phanerozoic,Cenozoic,Tertiary,,,Phanerozoic Cenozoic  Tertiary       ,Tertiary,1.81,65.5,Relative
VATc;0,Phanerozoic,Cenozoic,Tertiary,,,Phanerozoic Cenozoic  Tertiary         ,Tertiary,Phanerozoic,Cenozoic,Tertiary,,,Phanerozoic Cenozoic  Tertiary       ,Tertiary,1.81,65.5,Relative
VAtd;0,Phanerozoic,Cenozoic,Tertiary-Paleogene,Oligocene,,Phanerozoic Cenozoic  Tertiary-Paleogene    Oligocene     ,Oligocene,Phanerozoic,Cenozoic,Tertiary-Paleogene,Paleocene,,Phanerozoic Cenozoic  Tertiary-Paleogene   Paleocene    ,Paleocene,23.03,65.5,Relative
VATl;0,Phanerozoic,Cenozoic,Tertiary,,,Phanerozoic Cenozoic  Tertiary         ,Tertiary,Phanerozoic,Cenozoic,Tertiary,,,Phanerozoic Cenozoic  Tertiary       ,Tertiary,1.81,65.5,Relative
VATm;0,Phanerozoic,Cenozoic,Tertiary,,,Phanerozoic Cenozoic  Tertiary         ,Tertiary,Phanerozoic,Cenozoic,Tertiary,,,Phanerozoic Cenozoic  Tertiary       ,Tertiary,1.81,65.5,Relative
VATRbr;0,Phanerozoic,Mesozoic,Triassic,,,Phanerozoic Mesozoic  Triassic         ,Triassic,Phanerozoic,Mesozoic,Triassic,,,Phanerozoic Mesozoic  Triassic       ,Triassic,199.6,251,Relative
VATRbr1;0,Phanerozoic,Mesozoic,Triassic,,,Phanerozoic Mesozoic  Triassic         ,Triassic,Phanerozoic,Mesozoic,Triassic,,,Phanerozoic Mesozoic  Triassic       ,Triassic,199.6,251,Relative
VATRc;0,Phanerozoic,Mesozoic,Triassic,,,Phanerozoic Mesozoic  Triassic         ,Triassic,Phanerozoic,Mesozoic,Triassic,,,Phanerozoic Mesozoic  Triassic       ,Triassic,199.6,251,Relative
VATRc1;0,Phanerozoic,Mesozoic,Triassic,,,Phanerozoic Mesozoic  Triassic         ,Triassic,Phanerozoic,Mesozoic,Triassic,,,Phanerozoic Mesozoic  Triassic       ,Triassic,199.6,251,Relative
VATRc2;0,Phanerozoic,Mesozoic,Triassic,,,Phanerozoic Mesozoic  Triassic         ,Triassic,Phanerozoic,Mesozoic,Triassic,,,Phanerozoic Mesozoic  Triassic       ,Triassic,199.6,251,Relative
VATRc3;0,Phanerozoic,Mesozoic,Triassic,,,Phanerozoic Mesozoic  Triassic         ,Triassic,Phanerozoic,Mesozoic,Triassic,,,Phanerozoic Mesozoic  Triassic       ,Triassic,199.6,251,Relative
VATRcs;0,Phanerozoic,Mesozoic,Triassic,,,Phanerozoic Mesozoic  Triassic         ,Triassic,Phanerozoic,Mesozoic,Triassic,,,Phanerozoic Mesozoic  Triassic       ,Triassic,199.6,251,Relative
VATRs;0,Phanerozoic,Mesozoic,Triassic,,,Phanerozoic Mesozoic  Triassic         ,Triassic,Phanerozoic,Mesozoic,Triassic,,,Phanerozoic Mesozoic  Triassic       ,Triassic,199.6,251,Relative
VATRs1;0,Phanerozoic,Mesozoic,Triassic,,,Phanerozoic Mesozoic  Triassic         ,Triassic,Phanerozoic,Mesozoic,Triassic,,,Phanerozoic Mesozoic  Triassic       ,Triassic,199.6,251,Relative
VATRsh;0,Phanerozoic,Mesozoic,Triassic,,,Phanerozoic Mesozoic  Triassic         ,Triassic,Phanerozoic,Mesozoic,Triassic,,,Phanerozoic Mesozoic  Triassic       ,Triassic,199.6,251,Relative
VATRss;0,Phanerozoic,Mesozoic,Triassic,,,Phanerozoic Mesozoic  Triassic         ,Triassic,Phanerozoic,Mesozoic,Triassic,,,Phanerozoic Mesozoic  Triassic       ,Triassic,199.6,251,Relative
VAu;0,Proterozoic,,,,,Proterozoic            ,Proterozoic,Proterozoic,,,,,Proterozoic          ,Proterozoic,542,2500,Relative
VAum;0,Proterozoic,,,,,Proterozoic            ,Proterozoic,Proterozoic,,,,,Proterozoic          ,Proterozoic,542,2500,Relative
VAv;0,Proterozoic,,,,,Proterozoic            ,Proterozoic,Proterozoic,,,,,Proterozoic          ,Proterozoic,542,2500,Relative
VAvl;0,Phanerozoic,Paleozoic,Cambrian,,,Phanerozoic Paleozoic  Cambrian         ,Cambrian,Proterozoic,,,,,Proterozoic          ,Proterozoic,488.3,2500,Relative
VAvo;0,Proterozoic,,,,,Proterozoic            ,Proterozoic,Proterozoic,,,,,Proterozoic          ,Proterozoic,542,2500,Relative
VAwater;0,Phanerozoic,Cenozoic,Quaternary,Holocene,,Phanerozoic Cenozoic  Quaternary    Holocene     ,Holocene,Phanerozoic,Cenozoic,Quaternary,Holocene,,Phanerozoic Cenozoic  Quaternary   Holocene    ,Holocene,0,0.012,Relative
VAYa;0,Proterozoic,Mesoproterozoic,,,,Proterozoic Mesoproterozoic           ,Mesoproterozoic,Proterozoic,Mesoproterozoic,,,,Proterozoic Mesoproterozoic         ,Mesoproterozoic,1000,1600,Relative
VAYal;0,Proterozoic,Mesoproterozoic,,,,Proterozoic Mesoproterozoic           ,Mesoproterozoic,Proterozoic,Mesoproterozoic,,,,Proterozoic Mesoproterozoic         ,Mesoproterozoic,1000,1600,Relative
VAYan;0,Proterozoic,Mesoproterozoic,,,,Proterozoic Mesoproterozoic           ,Mesoproterozoic,Proterozoic,Mesoproterozoic,,,,Proterozoic Mesoproterozoic         ,Mesoproterozoic,1000,1600,Relative
VAYbg;0,Proterozoic,Mesoproterozoic,,,,Proterozoic Mesoproterozoic           ,Mesoproterozoic,Proterozoic,Mesoproterozoic,,,,Proterozoic Mesoproterozoic         ,Mesoproterozoic,1000,1600,Relative
VAYblg;0,Proterozoic,Mesoproterozoic,,,,Proterozoic Mesoproterozoic           ,Mesoproterozoic,Proterozoic,Mesoproterozoic,,,,Proterozoic Mesoproterozoic         ,Mesoproterozoic,1000,1600,Relative
VAYbp;0,Proterozoic,Mesoproterozoic,,,,Proterozoic Mesoproterozoic           ,Mesoproterozoic,Proterozoic,Mesoproterozoic,,,,Proterozoic Mesoproterozoic         ,Mesoproterozoic,1000,1600,Relative,
VAYbr;0,Proterozoic,Mesoproterozoic,,,,Proterozoic Mesoproterozoic           ,Mesoproterozoic,Proterozoic,Mesoproterozoic,,,,Proterozoic Mesoproterozoic         ,Mesoproterozoic,1000,1600,Relative,
VAYc;0,Proterozoic,Mesoproterozoic,,,,Proterozoic Mesoproterozoic           ,Mesoproterozoic,Proterozoic,Mesoproterozoic,,,,Proterozoic Mesoproterozoic         ,Mesoproterozoic,1000,1600,Relative,
VAYcm;0,Proterozoic,Mesoproterozoic,,,,Proterozoic Mesoproterozoic           ,Mesoproterozoic,Proterozoic,Mesoproterozoic,,,,Proterozoic Mesoproterozoic         ,Mesoproterozoic,1000,1600,Relative,
VAYcz;0,Proterozoic,Mesoproterozoic,,,,Proterozoic Mesoproterozoic           ,Mesoproterozoic,Proterozoic,Mesoproterozoic,,,,Proterozoic Mesoproterozoic         ,Mesoproterozoic,1000,1600,Relative,
VAYec;0,Proterozoic,Mesoproterozoic,,,,Proterozoic Mesoproterozoic           ,Mesoproterozoic,Proterozoic,Mesoproterozoic,,,,Proterozoic Mesoproterozoic         ,Mesoproterozoic,1000,1600,Relative,
VAYep;0,Proterozoic,Mesoproterozoic,,,,Proterozoic Mesoproterozoic           ,Mesoproterozoic,Proterozoic,Mesoproterozoic,,,,Proterozoic Mesoproterozoic         ,Mesoproterozoic,1000,1600,Relative,
VAYfh;0,Proterozoic,Mesoproterozoic,,,,Proterozoic Mesoproterozoic           ,Mesoproterozoic,Proterozoic,Mesoproterozoic,,,,Proterozoic Mesoproterozoic         ,Mesoproterozoic,1000,1600,Relative,
VAYg;0,Proterozoic,Mesoproterozoic,,,,Proterozoic Mesoproterozoic           ,Mesoproterozoic,Proterozoic,Mesoproterozoic,,,,Proterozoic Mesoproterozoic         ,Mesoproterozoic,1055,1062,Absolute,"U-Pb zircon data from two localities in Loudoun County indicate crystallization ages of 1058�3 Ma and 1060�2 Ma (Aleinikoff and others, 1993)."
VAYgb;0,Proterozoic,Mesoproterozoic,,,,Proterozoic Mesoproterozoic           ,Mesoproterozoic,Proterozoic,Mesoproterozoic,,,,Proterozoic Mesoproterozoic         ,Mesoproterozoic,1000,1600,Relative,
VAYgbt;0,Proterozoic,Mesoproterozoic,,,,Proterozoic Mesoproterozoic           ,Mesoproterozoic,Proterozoic,Mesoproterozoic,,,,Proterozoic Mesoproterozoic         ,Mesoproterozoic,1000,1600,Relative,
VAYgg;0,Proterozoic,Mesoproterozoic,,,,Proterozoic Mesoproterozoic           ,Mesoproterozoic,Proterozoic,Mesoproterozoic,,,,Proterozoic Mesoproterozoic         ,Mesoproterozoic,1000,1600,Relative,
VAYgh;0,Proterozoic,Mesoproterozoic,,,,Proterozoic Mesoproterozoic           ,Mesoproterozoic,Proterozoic,Mesoproterozoic,,,,Proterozoic Mesoproterozoic         ,Mesoproterozoic,1000,1600,Relative,
VAYgn;0,Proterozoic,Mesoproterozoic,,,,Proterozoic Mesoproterozoic           ,Mesoproterozoic,Proterozoic,Mesoproterozoic,,,,Proterozoic Mesoproterozoic         ,Mesoproterozoic,1000,1600,Relative,
VAYgr;0,Proterozoic,Mesoproterozoic,,,,Proterozoic Mesoproterozoic           ,Mesoproterozoic,Proterozoic,Mesoproterozoic,,,,Proterozoic Mesoproterozoic         ,Mesoproterozoic,1000,1600,Relative,
VAYgt;0,Proterozoic,Mesoproterozoic,,,,Proterozoic Mesoproterozoic           ,Mesoproterozoic,Proterozoic,Mesoproterozoic,,,,Proterozoic Mesoproterozoic         ,Mesoproterozoic,1000,1600,Relative,
VAYhd;0,Proterozoic,Mesoproterozoic,,,,Proterozoic Mesoproterozoic           ,Mesoproterozoic,Proterozoic,Mesoproterozoic,,,,Proterozoic Mesoproterozoic         ,Mesoproterozoic,1000,1600,Relative
VAYhg;0,Proterozoic,Mesoproterozoic,,,,Proterozoic Mesoproterozoic           ,Mesoproterozoic,Proterozoic,Mesoproterozoic,,,,Proterozoic Mesoproterozoic         ,Mesoproterozoic,1000,1600,Relative
VAYl;0,Proterozoic,Mesoproterozoic,,,,Proterozoic Mesoproterozoic           ,Mesoproterozoic,Proterozoic,Mesoproterozoic,,,,Proterozoic Mesoproterozoic         ,Mesoproterozoic,1000,1600,Relative
VAYma;0,Proterozoic,Mesoproterozoic,,,,Proterozoic Mesoproterozoic           ,Mesoproterozoic,Proterozoic,Mesoproterozoic,,,,Proterozoic Mesoproterozoic         ,Mesoproterozoic,1000,1600,Relative
VAYmc;0,Proterozoic,Mesoproterozoic,,,,Proterozoic Mesoproterozoic           ,Mesoproterozoic,Proterozoic,Mesoproterozoic,,,,Proterozoic Mesoproterozoic         ,Mesoproterozoic,1000,1600,Relative
VAYmd;0,Proterozoic,Mesoproterozoic,,,,Proterozoic Mesoproterozoic           ,Mesoproterozoic,Proterozoic,Mesoproterozoic,,,,Proterozoic Mesoproterozoic         ,Mesoproterozoic,1000,1600,Relative
VAYmg;0,Proterozoic,Mesoproterozoic,,,,Proterozoic Mesoproterozoic           ,Mesoproterozoic,Proterozoic,Mesoproterozoic,,,,Proterozoic Mesoproterozoic         ,Mesoproterozoic,1000,1600,Relative
VAYmm;0,Proterozoic,Mesoproterozoic,,,,Proterozoic Mesoproterozoic           ,Mesoproterozoic,Proterozoic,Mesoproterozoic,,,,Proterozoic Mesoproterozoic         ,Mesoproterozoic,1000,1600,Relative
VAYms;0,Proterozoic,Mesoproterozoic,,,,Proterozoic Mesoproterozoic           ,Mesoproterozoic,Proterozoic,Mesoproterozoic,,,,Proterozoic Mesoproterozoic         ,Mesoproterozoic,1000,1600,Relative
VAYn;0,Proterozoic,Mesoproterozoic,,,,Proterozoic Mesoproterozoic           ,Mesoproterozoic,Proterozoic,Mesoproterozoic,,,,Proterozoic Mesoproterozoic         ,Mesoproterozoic,1000,1600,Relative
VAYor;0,Proterozoic,Mesoproterozoic,,,,Proterozoic Mesoproterozoic           ,Mesoproterozoic,Proterozoic,Mesoproterozoic,,,,Proterozoic Mesoproterozoic         ,Mesoproterozoic,1000,1600,Relative
VAYp;0,Proterozoic,Mesoproterozoic,,,,Proterozoic Mesoproterozoic           ,Mesoproterozoic,Proterozoic,Mesoproterozoic,,,,Proterozoic Mesoproterozoic         ,Mesoproterozoic,1000,1600,Relative
VAYPAgr;0,Phanerozoic,Paleozoic,Carboniferous,Pennsylvanian,,Phanerozoic Paleozoic  Carboniferous    Pennsylvanian     ,Pennsylvanian,Proterozoic,Mesoproterozoic,,,,Proterozoic Mesoproterozoic         ,Mesoproterozoic,299,1600,Relative
VAYPApm;0,Phanerozoic,Paleozoic,Carboniferous,Pennsylvanian,,Phanerozoic Paleozoic  Carboniferous    Pennsylvanian     ,Pennsylvanian,Proterozoic,Mesoproterozoic,,,,Proterozoic Mesoproterozoic         ,Mesoproterozoic,299,1600,Relative
VAYpc;0,Proterozoic,Mesoproterozoic,,,,Proterozoic Mesoproterozoic           ,Mesoproterozoic,Proterozoic,Mesoproterozoic,,,,Proterozoic Mesoproterozoic         ,Mesoproterozoic,1000,1600,Relative
VAYpg;0,Proterozoic,Mesoproterozoic,,,,Proterozoic Mesoproterozoic           ,Mesoproterozoic,Proterozoic,Mesoproterozoic,,,,Proterozoic Mesoproterozoic         ,Mesoproterozoic,1000,1600,Relative
VAYpp;0,Proterozoic,Mesoproterozoic,,,,Proterozoic Mesoproterozoic           ,Mesoproterozoic,Proterozoic,Mesoproterozoic,,,,Proterozoic Mesoproterozoic         ,Mesoproterozoic,1000,1600,Relative
VAYq;0,Proterozoic,Mesoproterozoic,,,,Proterozoic Mesoproterozoic           ,Mesoproterozoic,Proterozoic,Mesoproterozoic,,,,Proterozoic Mesoproterozoic         ,Mesoproterozoic,1000,1600,Relative
VAYra;0,Proterozoic,Mesoproterozoic,,,,Proterozoic Mesoproterozoic           ,Mesoproterozoic,Proterozoic,Mesoproterozoic,,,,Proterozoic Mesoproterozoic         ,Mesoproterozoic,1000,1600,Relative
VAYsc;0,Proterozoic,Mesoproterozoic,,,,Proterozoic Mesoproterozoic           ,Mesoproterozoic,Proterozoic,Mesoproterozoic,,,,Proterozoic Mesoproterozoic         ,Mesoproterozoic,1000,1600,Relative
VAYsf;0,Proterozoic,Mesoproterozoic,,,,Proterozoic Mesoproterozoic           ,Mesoproterozoic,Proterozoic,Mesoproterozoic,,,,Proterozoic Mesoproterozoic         ,Mesoproterozoic,1000,1600,Relative
VAYsh;0,Proterozoic,Mesoproterozoic,,,,Proterozoic Mesoproterozoic           ,Mesoproterozoic,Proterozoic,Mesoproterozoic,,,,Proterozoic Mesoproterozoic         ,Mesoproterozoic,1000,1600,Relative
VAYt;0,Proterozoic,Mesoproterozoic,,,,Proterozoic Mesoproterozoic           ,Mesoproterozoic,Proterozoic,Mesoproterozoic,,,,Proterozoic Mesoproterozoic         ,Mesoproterozoic,1000,1600,Relative
VAYum;0,Proterozoic,Mesoproterozoic,,,,Proterozoic Mesoproterozoic           ,Mesoproterozoic,Proterozoic,Mesoproterozoic,,,,Proterozoic Mesoproterozoic         ,Mesoproterozoic,1000,1600,Relative
VAZa;0,Proterozoic,Neoproterozoic,,,,Proterozoic Neoproterozoic           ,Neoproterozoic,Proterozoic,Neoproterozoic,,,,Proterozoic Neoproterozoic         ,Neoproterozoic,542,1000,Relative
VAZaa;0,Proterozoic,Neoproterozoic,,,,Proterozoic Neoproterozoic           ,Neoproterozoic,Proterozoic,Neoproterozoic,,,,Proterozoic Neoproterozoic         ,Neoproterozoic,542,1000,Relative
VAZac;0,Proterozoic,Neoproterozoic,,,,Proterozoic Neoproterozoic           ,Neoproterozoic,Proterozoic,Neoproterozoic,,,,Proterozoic Neoproterozoic         ,Neoproterozoic,542,1000,Relative
VAZam;0,Proterozoic,Neoproterozoic,,,,Proterozoic Neoproterozoic           ,Neoproterozoic,Proterozoic,Neoproterozoic,,,,Proterozoic Neoproterozoic         ,Neoproterozoic,542,1000,Relative
VAZas;0,Proterozoic,Neoproterozoic,,,,Proterozoic Neoproterozoic           ,Neoproterozoic,Proterozoic,Neoproterozoic,,,,Proterozoic Neoproterozoic         ,Neoproterozoic,542,1000,Relative
VAZau;0,Proterozoic,Neoproterozoic,,,,Proterozoic Neoproterozoic           ,Neoproterozoic,Proterozoic,Neoproterozoic,,,,Proterozoic Neoproterozoic         ,Neoproterozoic,542,1000,Relative
VAZav;0,Proterozoic,Neoproterozoic,,,,Proterozoic Neoproterozoic           ,Neoproterozoic,Proterozoic,Neoproterozoic,,,,Proterozoic Neoproterozoic         ,Neoproterozoic,542,1000,Relative
VAZbg;0,Proterozoic,Neoproterozoic,,,,Proterozoic Neoproterozoic           ,Neoproterozoic,Proterozoic,Neoproterozoic,,,,Proterozoic Neoproterozoic         ,Neoproterozoic,542,1000,Relative
VAZch;0,Proterozoic,Neoproterozoic,,,,Proterozoic Neoproterozoic           ,Neoproterozoic,Proterozoic,Neoproterozoic,,,,Proterozoic Neoproterozoic         ,Neoproterozoic,542,1000,Relative
VAZfa;0,Proterozoic,Neoproterozoic,,,,Proterozoic Neoproterozoic           ,Neoproterozoic,Proterozoic,Neoproterozoic,,,,Proterozoic Neoproterozoic         ,Neoproterozoic,542,1000,Relative
VAZfc;0,Proterozoic,Neoproterozoic,,,,Proterozoic Neoproterozoic           ,Neoproterozoic,Proterozoic,Neoproterozoic,,,,Proterozoic Neoproterozoic         ,Neoproterozoic,542,1000,Relative
VAZfl;0,Proterozoic,Neoproterozoic,,,,Proterozoic Neoproterozoic           ,Neoproterozoic,Proterozoic,Neoproterozoic,,,,Proterozoic Neoproterozoic         ,Neoproterozoic,542,1000,Relative
VAZfs;0,Proterozoic,Neoproterozoic,,,,Proterozoic Neoproterozoic           ,Neoproterozoic,Proterozoic,Neoproterozoic,,,,Proterozoic Neoproterozoic         ,Neoproterozoic,542,1000,Relative
VAZfv;0,Proterozoic,Neoproterozoic,,,,Proterozoic Neoproterozoic           ,Neoproterozoic,Proterozoic,Neoproterozoic,,,,Proterozoic Neoproterozoic         ,Neoproterozoic,542,1000,Relative
VAZgd;0,Proterozoic,Neoproterozoic,,,,Proterozoic Neoproterozoic           ,Neoproterozoic,Proterozoic,Neoproterozoic,,,,Proterozoic Neoproterozoic         ,Neoproterozoic,542,1000,Relative
VAZgdm;0,Proterozoic,Neoproterozoic,,,,Proterozoic Neoproterozoic           ,Neoproterozoic,Proterozoic,Neoproterozoic,,,,Proterozoic Neoproterozoic         ,Neoproterozoic,542,1000,Relative
VAZgdr;0,Proterozoic,Neoproterozoic,,,,Proterozoic Neoproterozoic           ,Neoproterozoic,Proterozoic,Neoproterozoic,,,,Proterozoic Neoproterozoic         ,Neoproterozoic,542,1000,Relative
VAZgds;0,Proterozoic,Neoproterozoic,,,,Proterozoic Neoproterozoic           ,Neoproterozoic,Proterozoic,Neoproterozoic,,,,Proterozoic Neoproterozoic         ,Neoproterozoic,542,1000,Relative
VAZgs;0,Proterozoic,Neoproterozoic,,,,Proterozoic Neoproterozoic           ,Neoproterozoic,Proterozoic,Neoproterozoic,,,,Proterozoic Neoproterozoic         ,Neoproterozoic,542,1000,Relative
VAZh;0,Proterozoic,Neoproterozoic,,,,Proterozoic Neoproterozoic           ,Neoproterozoic,Proterozoic,Neoproterozoic,,,,Proterozoic Neoproterozoic         ,Neoproterozoic,542,1000,Relative
VAZhf;0,Proterozoic,Neoproterozoic,,,,Proterozoic Neoproterozoic           ,Neoproterozoic,Proterozoic,Neoproterozoic,,,,Proterozoic Neoproterozoic         ,Neoproterozoic,542,1000,Relative
VAZkr;0,Proterozoic,Neoproterozoic,,,,Proterozoic Neoproterozoic           ,Neoproterozoic,Proterozoic,Neoproterozoic,,,,Proterozoic Neoproterozoic         ,Neoproterozoic,542,1000,Relative
VAZlc;0,Proterozoic,Neoproterozoic,,,,Proterozoic Neoproterozoic           ,Neoproterozoic,Proterozoic,Neoproterozoic,,,,Proterozoic Neoproterozoic         ,Neoproterozoic,542,1000,Relative
VAZlf;0,Proterozoic,Neoproterozoic,,,,Proterozoic Neoproterozoic           ,Neoproterozoic,Proterozoic,Neoproterozoic,,,,Proterozoic Neoproterozoic         ,Neoproterozoic,542,1000,Relative
VAZlg;0,Proterozoic,Neoproterozoic,,,,Proterozoic Neoproterozoic           ,Neoproterozoic,Proterozoic,Neoproterozoic,,,,Proterozoic Neoproterozoic         ,Neoproterozoic,542,1000,Relative
VAZlm;0,Proterozoic,Neoproterozoic,,,,Proterozoic Neoproterozoic           ,Neoproterozoic,Proterozoic,Neoproterozoic,,,,Proterozoic Neoproterozoic         ,Neoproterozoic,542,1000,Relative
VAZlq;0,Proterozoic,Neoproterozoic,,,,Proterozoic Neoproterozoic           ,Neoproterozoic,Proterozoic,Neoproterozoic,,,,Proterozoic Neoproterozoic         ,Neoproterozoic,542,1000,Relative
VAZlv;0,Proterozoic,Neoproterozoic,,,,Proterozoic Neoproterozoic           ,Neoproterozoic,Proterozoic,Neoproterozoic,,,,Proterozoic Neoproterozoic         ,Neoproterozoic,542,1000,Relative
VAZm;0,Proterozoic,Neoproterozoic,,,,Proterozoic Neoproterozoic           ,Neoproterozoic,Proterozoic,Neoproterozoic,,,,Proterozoic Neoproterozoic         ,Neoproterozoic,542,1000,Relative
VAZmf;0,Proterozoic,Neoproterozoic,,,,Proterozoic Neoproterozoic           ,Neoproterozoic,Proterozoic,Neoproterozoic,,,,Proterozoic Neoproterozoic         ,Neoproterozoic,542,1000,Relative
VAZmg;0,Proterozoic,Neoproterozoic,,,,Proterozoic Neoproterozoic           ,Neoproterozoic,Proterozoic,Neoproterozoic,,,,Proterozoic Neoproterozoic         ,Neoproterozoic,542,1000,Relative
VAZml;0,Proterozoic,Neoproterozoic,,,,Proterozoic Neoproterozoic           ,Neoproterozoic,Proterozoic,Neoproterozoic,,,,Proterozoic Neoproterozoic         ,Neoproterozoic,542,1000,Relative
VAZmm;0,Proterozoic,Neoproterozoic,,,,Proterozoic Neoproterozoic           ,Neoproterozoic,Proterozoic,Neoproterozoic,,,,Proterozoic Neoproterozoic         ,Neoproterozoic,542,1000,Relative
VAZmp;0,Proterozoic,Neoproterozoic,,,,Proterozoic Neoproterozoic           ,Neoproterozoic,Proterozoic,Neoproterozoic,,,,Proterozoic Neoproterozoic         ,Neoproterozoic,542,1000,Relative
VAZmr;0,Proterozoic,Neoproterozoic,,,,Proterozoic Neoproterozoic           ,Neoproterozoic,Proterozoic,Neoproterozoic,,,,Proterozoic Neoproterozoic         ,Neoproterozoic,542,1000,Relative
VAZmv;0,Proterozoic,Neoproterozoic,,,,Proterozoic Neoproterozoic           ,Neoproterozoic,Proterozoic,Neoproterozoic,,,,Proterozoic Neoproterozoic         ,Neoproterozoic,542,1000,Relative
VAZPAbk;0,Phanerozoic,Paleozoic,Carboniferous,Pennsylvanian,,Phanerozoic Paleozoic  Carboniferous    Pennsylvanian     ,Pennsylvanian,Proterozoic,Neoproterozoic,,,,Proterozoic Neoproterozoic         ,Neoproterozoic,299,1000,Relative
VAZPAbq;0,Phanerozoic,Paleozoic,Carboniferous,Pennsylvanian,,Phanerozoic Paleozoic  Carboniferous    Pennsylvanian     ,Pennsylvanian,Proterozoic,Neoproterozoic,,,,Proterozoic Neoproterozoic         ,Neoproterozoic,299,1000,Relative
VAZPAdm;0,Phanerozoic,Paleozoic,Carboniferous,Pennsylvanian,,Phanerozoic Paleozoic  Carboniferous    Pennsylvanian     ,Pennsylvanian,Proterozoic,Neoproterozoic,,,,Proterozoic Neoproterozoic         ,Neoproterozoic,299,1000,Relative
VAZPAgq;0,Phanerozoic,Paleozoic,Carboniferous,Pennsylvanian,,Phanerozoic Paleozoic  Carboniferous    Pennsylvanian     ,Pennsylvanian,Proterozoic,Neoproterozoic,,,,Proterozoic Neoproterozoic         ,Neoproterozoic,299,1000,Relative
VAZPAgs;0,Phanerozoic,Paleozoic,Carboniferous,Pennsylvanian,,Phanerozoic Paleozoic  Carboniferous    Pennsylvanian     ,Pennsylvanian,Proterozoic,Neoproterozoic,,,,Proterozoic Neoproterozoic         ,Neoproterozoic,299,1000,Relative
VAZph;0,Proterozoic,Neoproterozoic,,,,Proterozoic Neoproterozoic           ,Neoproterozoic,Proterozoic,Neoproterozoic,,,,Proterozoic Neoproterozoic         ,Neoproterozoic,542,1000,Relative
VAZra;0,Proterozoic,Neoproterozoic,,,,Proterozoic Neoproterozoic           ,Neoproterozoic,Proterozoic,Neoproterozoic,,,,Proterozoic Neoproterozoic         ,Neoproterozoic,542,1000,Relative
VAZram;0,Proterozoic,Neoproterozoic,,,,Proterozoic Neoproterozoic           ,Neoproterozoic,Proterozoic,Neoproterozoic,,,,Proterozoic Neoproterozoic         ,Neoproterozoic,542,1000,Relative
VAZrbf;0,Proterozoic,Neoproterozoic,,,,Proterozoic Neoproterozoic           ,Neoproterozoic,Proterozoic,Neoproterozoic,,,,Proterozoic Neoproterozoic         ,Neoproterozoic,542,1000,Relative
VAZrbg;0,Proterozoic,Neoproterozoic,,,,Proterozoic Neoproterozoic           ,Neoproterozoic,Proterozoic,Neoproterozoic,,,,Proterozoic Neoproterozoic         ,Neoproterozoic,542,1000,Relative
VAZrc;0,Proterozoic,Neoproterozoic,,,,Proterozoic Neoproterozoic           ,Neoproterozoic,Proterozoic,Neoproterozoic,,,,Proterozoic Neoproterozoic         ,Neoproterozoic,542,1000,Relative
VAZrh;0,Proterozoic,Neoproterozoic,,,,Proterozoic Neoproterozoic           ,Neoproterozoic,Proterozoic,Neoproterozoic,,,,Proterozoic Neoproterozoic         ,Neoproterozoic,542,1000,Relative
VAZrl;0,Proterozoic,Neoproterozoic,,,,Proterozoic Neoproterozoic           ,Neoproterozoic,Proterozoic,Neoproterozoic,,,,Proterozoic Neoproterozoic         ,Neoproterozoic,542,1000,Relative
VAZrr;0,Proterozoic,Neoproterozoic,,,,Proterozoic Neoproterozoic           ,Neoproterozoic,Proterozoic,Neoproterozoic,,,,Proterozoic Neoproterozoic         ,Neoproterozoic,542,1000,Relative
VAZrw;0,Proterozoic,Neoproterozoic,,,,Proterozoic Neoproterozoic           ,Neoproterozoic,Proterozoic,Neoproterozoic,,,,Proterozoic Neoproterozoic         ,Neoproterozoic,542,1000,Relative
VAZsr;0,Proterozoic,Neoproterozoic,,,,Proterozoic Neoproterozoic           ,Neoproterozoic,Proterozoic,Neoproterozoic,,,,Proterozoic Neoproterozoic         ,Neoproterozoic,542,1000,Relative
VAZvi;0,Proterozoic,Neoproterozoic,,,,Proterozoic Neoproterozoic           ,Neoproterozoic,Proterozoic,Neoproterozoic,,,,Proterozoic Neoproterozoic         ,Neoproterozoic,542,1000,Relative
