UNIT_LINK,REF_ID
VAadg;0,VA001
VAadg;0,VA002
VAadg;0,VA003
VAaf;0,VA001
VAaf;0,VA002
VAaf;0,VA003
VAag;0,VA001
VAag;0,VA002
VAag;0,VA003
VAak;0,VA001
VAak;0,VA002
VAak;0,VA003
VAal;0,VA001
VAal;0,VA002
VAal;0,VA003
VAamr;0,VA001
VAamr;0,VA002
VAamr;0,VA003
VAbgd;0,VA001
VAbgd;0,VA002
VAbgd;0,VA003
VAbgp;0,VA001
VAbgp;0,VA002
VAbgp;0,VA003
VAbgr;0,VA001
VAbgr;0,VA002
VAbgr;0,VA003
VAbgs;0,VA001
VAbgs;0,VA002
VAbgs;0,VA003
VAbmgl;0,VA001
VAbmgl;0,VA002
VAbmgl;0,VA003
VAbo;0,VA001
VAbo;0,VA002
VAbo;0,VA003
VACAbg;0,VA001
VACAbg;0,VA002
VACAbg;0,VA003
VACAc;0,VA001
VACAc;0,VA002
VACAc;0,VA003
VACAca;0,VA001
VACAca;0,VA002
VACAca;0,VA003
VACAcas;0,VA001
VACAcas;0,VA002
VACAcas;0,VA003
VACAcfv;0,VA001
VACAcfv;0,VA002
VACAcfv;0,VA003
VACAch;0,VA001
VACAch;0,VA002
VACAch;0,VA003
VACAcmv;0,VA001
VACAcmv;0,VA002
VACAcmv;0,VA003
VACAco;0,VA001
VACAco;0,VA002
VACAco;0,VA003
VACAcv;0,VA001
VACAcv;0,VA002
VACAcv;0,VA003
VACAd;0,VA001
VACAd;0,VA002
VACAd;0,VA003
VACAe;0,VA001
VACAe;0,VA002
VACAe;0,VA003
VACAeh;0,VA001
VACAeh;0,VA002
VACAeh;0,VA003
VACAev;0,VA001
VACAev;0,VA002
VACAev;0,VA003
VACAf;0,VA001
VACAf;0,VA002
VACAf;0,VA003
VACAfq;0,VA001
VACAfq;0,VA002
VACAfq;0,VA003
VACAfv;0,VA001
VACAfv;0,VA002
VACAfv;0,VA003
VACAfvs;0,VA001
VACAfvs;0,VA002
VACAfvs;0,VA003
VACAg;0,VA001
VACAg;0,VA002
VACAg;0,VA003
VACAgi;0,VA001
VACAgi;0,VA002
VACAgi;0,VA003
VACAi;0,VA001
VACAi;0,VA002
VACAi;0,VA003
VACAl;0,VA001
VACAl;0,VA002
VACAl;0,VA003
VACAlw;0,VA001
VACAlw;0,VA002
VACAlw;0,VA003
VACAm;0,VA001
VACAm;0,VA002
VACAm;0,VA003
VACAmv;0,VA001
VACAmv;0,VA002
VACAmv;0,VA003
VACAmvs;0,VA001
VACAmvs;0,VA002
VACAmvs;0,VA003
VACAnhk;0,VA001
VACAnhk;0,VA002
VACAnhk;0,VA003
VACAnmrr;0,VA001
VACAnmrr;0,VA002
VACAnmrr;0,VA003
VACAp;0,VA001
VACAp;0,VA002
VACAp;0,VA003
VACAr;0,VA001
VACAr;0,VA002
VACAr;0,VA003
VACAra;0,VA001
VACAra;0,VA002
VACAra;0,VA003
VACAs;0,VA001
VACAs;0,VA002
VACAs;0,VA003
VACAsg;0,VA001
VACAsg;0,VA002
VACAsg;0,VA003
VACAsv;0,VA001
VACAsv;0,VA002
VACAsv;0,VA003
VACAt;0,VA001
VACAt;0,VA002
VACAt;0,VA003
VACAta;0,VA001
VACAta;0,VA002
VACAta;0,VA003
VACAu;0,VA001
VACAu;0,VA002
VACAu;0,VA003
VACAwb;0,VA001
VACAwb;0,VA002
VACAwb;0,VA003
VACAwbt;0,VA001
VACAwbt;0,VA002
VACAwbt;0,VA003
VACAy;0,VA001
VACAy;0,VA002
VACAy;0,VA003
VACAZa;0,VA001
VACAZa;0,VA002
VACAZa;0,VA003
VACAZab;0,VA001
VACAZab;0,VA002
VACAZab;0,VA003
VACAZac;0,VA001
VACAZac;0,VA002
VACAZac;0,VA003
VACAZas;0,VA001
VACAZas;0,VA002
VACAZas;0,VA003
VACAZba;0,VA001
VACAZba;0,VA002
VACAZba;0,VA003
VACAZc;0,VA001
VACAZc;0,VA002
VACAZc;0,VA003
VACAZcb;0,VA001
VACAZcb;0,VA002
VACAZcb;0,VA003
VACAZcr;0,VA001
VACAZcr;0,VA002
VACAZcr;0,VA003
VACAZcs;0,VA001
VACAZcs;0,VA002
VACAZcs;0,VA003
VACAZfm;0,VA001
VACAZfm;0,VA002
VACAZfm;0,VA003
VACAZg;0,VA001
VACAZg;0,VA002
VACAZg;0,VA003
VACAZh;0,VA001
VACAZh;0,VA002
VACAZh;0,VA003
VACAZhb;0,VA001
VACAZhb;0,VA002
VACAZhb;0,VA003
VACAZl;0,VA001
VACAZl;0,VA002
VACAZl;0,VA003
VACAZlb;0,VA001
VACAZlb;0,VA002
VACAZlb;0,VA003
VACAZmd;0,VA001
VACAZmd;0,VA003
VACAZmd;0,VA002
VACAZmg;0,VA001
VACAZmg;0,VA002
VACAZmg;0,VA003
VACAZmi;0,VA001
VACAZmi;0,VA002
VACAZmi;3,VA002
VACAZmq;0,VA001
VACAZmq;0,VA002
VACAZmq;0,VA003
VACAZms;0,VA001
VACAZms;0,VA002
VACAZms;0,VA003
VACAZmy;0,VA001
VACAZmy;0,VA003
VACAZmy;0,VA002
VACAZpb;0,VA001
VACAZpb;0,VA002
VACAZpb;0,VA003
VACAZpb;0,VA004
VACAZpm;0,VA001
VACAZpm;0,VA002
VACAZpm;0,VA003
VACAZum;0,VA001
VACAZum;0,VA002
VACAZum;0,VA003
VAcm;0,VA001
VAcm;0,VA002
VAcm;0,VA003
VAcm;0,VA002
VAcm;0,VA003
VADb;0,VA001
VADb;0,VA002
VADb;0,VA003
VADch;0,VA001
VADch;0,VA002
VADch;0,VA003
VAdgn;0,VA001
VAdgn;0,VA002
VAdgn;0,VA003
VADhs;0,VA001
VADhs;0,VA002
VADhs;0,VA003
VAdi;0,VA001
VAdi;0,VA002
VAdi;0,VA003
VADma;0,VA001
VADma;0,VA002
VADma;0,VA003
VADmn;0,VA001
VADmn;0,VA002
VADmn;0,VA003
VADmrn;0,VA001
VADmrn;0,VA002
VADmrn;0,VA003
VAds;0,VA001
VAds;0,VA002
VAds;0,VA003
VADSOz;0,VA001
VADSOz;0,VA003
VADSu;0,VA001
VADSu;0,VA002
VADSu;0,VA003
VADSz;0,VA001
VADSz;0,VA003
VADx;0,VA001
VADx;0,VA002
VADx;0,VA003
VAfbgr;0,VA001
VAfbgr;0,VA002
VAfbgr;0,VA003
VAfcm;0,VA001
VAfcm;0,VA002
VAfcm;0,VA003
VAfg;0,VA001
VAfg;0,VA002
VAfg;0,VA003
VAfgb;0,VA001
VAfgb;0,VA002
VAfgb;0,VA003
VAfr;0,VA001
VAfr;0,VA002
VAfr;0,VA003
VAg;0,VA001
VAg;0,VA002
VAg;0,VA003
VAga;0,VA001
VAga;0,VA002
VAga;0,VA003
VAgn;0,VA001
VAgn;0,VA003
VAgns;0,VA001
VAgns;0,VA002
VAgns;0,VA003
VAgr;0,VA001
VAgr;0,VA003
VAgrb;0,VA001
VAgrb;0,VA002
VAgrb;0,VA003
VAgrbi;0,VA001
VAgrbi;0,VA002
VAgrbi;0,VA003
VAgrc;0,VA001
VAgrc;0,VA002
VAgrc;0,VA003
VAgrp;0,VA001
VAgrp;0,VA002
VAgrp;0,VA003
VAgrpo;0,VA001
VAgrpo;0,VA002
VAgrpo;0,VA003
VAgrpo;0,VA002
VAgrpo;0,VA003
VAgrt;0,VA001
VAgrt;0,VA002
VAgrt;0,VA003
VAgs;0,VA001
VAgs;0,VA002
VAgs;0,VA003
VAJb;0,VA001
VAJb;0,VA002
VAJb;0,VA003
VAJc;0,VA001
VAJc;0,VA002
VAJc;0,VA003
VAJd;0,VA001
VAJd;0,VA002
VAJd;0,VA003
VAJsh;0,VA001
VAJsh;0,VA002
VAJsh;0,VA003
VAJss;0,VA001
VAJss;0,VA002
VAJss;0,VA003
VAJTbasalt;0,VA001
VAJTbasalt;0,VA002
VAJTbasalt;0,VA003
VAJTp;0,VA001
VAJTp;0,VA002
VAJTp;0,VA003
VAJTp;0,VA002
VAJTp;0,VA003
VAKp;0,VA001
VAKp;0,VA002
VAKp;0,VA003
VAks;0,VA001
VAks;0,VA002
VAks;0,VA003
VAlgn;0,VA001
VAlgn;0,VA002
VAlgn;0,VA003
VAls;0,VA001
VAls;0,VA002
VAls;0,VA003
VAm;0,VA001
VAm;0,VA002
VAm;0,VA003
VAMbf;0,VA001
VAMbf;0,VA002
VAMbf;0,VA003
VAMccf;0,VA001
VAMccf;0,VA002
VAMccf;0,VA003
VAMDcw;0,VA001
VAMDcw;0,VA002
VAMDcw;0,VA003
VAmf;0,VA001
VAmf;0,VA003
VAMg;0,VA001
VAMg;0,VA002
VAMg;0,VA003
VAmgb;0,VA001
VAmgb;0,VA002
VAmgb;0,VA003
VAmgr;0,VA001
VAmgr;0,VA003
VAMm;0,VA001
VAMm;0,VA002
VAMm;0,VA003
VAMmpr;0,VA001
VAMmpr;0,VA002
VAMmpr;0,VA003
VAMp;0,VA001
VAMp;0,VA002
VAMp;0,VA003
VAMpbg;0,VA001
VAMpbg;0,VA003
VAmpg;0,VA001
VAMpg;0,VA002
VAMpg;0,VA003
VAmpg;0,VA002
VAmpg;0,VA003
VAMpo;0,VA001
VAMpo;0,VA002
VAMpo;0,VA003
VAMpr;0,VA001
VAMpr;0,VA002
VAMpr;0,VA003
VAmsg;0,VA001
VAmsg;0,VA002
VAmsg;0,VA003
VAmss;0,VA001
VAmss;0,VA002
VAmss;0,VA003
VAmy;0,VA001
VAmy;0,VA002
VAmy;0,VA003
VAMz;0,VA001
VAMz;0,VA002
VAMz;0,VA003
VAnv;0,VA001
VAnv;0,VA002
VAnv;0,VA003
VAOa;0,VA001
VAOa;0,VA002
VAOa;0,VA003
VAOas;0,VA001
VAOas;0,VA002
VAOas;0,VA003
VAOb;0,VA001
VAOb;0,VA002
VAOb;0,VA003
VAObf;0,VA001
VAObf;0,VA002
VAObf;0,VA003
VAObi;0,VA001
VAObi;0,VA002
VAObi;0,VA003
VAObq;0,VA001
VAObq;0,VA002
VAObq;0,VA003
VAOCAcc;0,VA001
VAOCAcc;0,VA002
VAOCAcc;0,VA003
VAOCAco;0,VA001
VAOCAco;0,VA002
VAOCAco;0,VA003
VAOCAco;0,VA003
VAOCAd;0,VA001
VAOCAd;0,VA002
VAOCAd;0,VA003
VAOCAf;0,VA001
VAOCAf;0,VA002
VAOCAf;0,VA003
VAOCAgg;0,VA001
VAOCAgg;0,VA002
VAOCAgg;0,VA003
VAOCAk;0,VA001
VAOCAk;0,VA002
VAOCAk;0,VA003
VAOCAo;0,VA001
VAOCAo;0,VA002
VAOCAo;0,VA003
VAOCAp;0,VA001
VAOCAp;0,VA002
VAOCAp;0,VA003
VAOCApg;0,VA001
VAOCApg;0,VA002
VAOCApg;0,VA003
VAOCApo;0,VA001
VAOCApo;0,VA002
VAOCApo;0,VA003
VAOCAps;0,VA001
VAOCAps;0,VA003
VAOCAtj;0,VA001
VAOCAtj;0,VA002
VAOCAtj;0,VA003
VAOCAu;0,VA001
VAOCAu;0,VA002
VAOCAu;0,VA003
VAOCAz;0,VA001
VAOCAz;0,VA002
VAOCAz;0,VA003
VAOcg;0,VA001
VAOcg;0,VA002
VAOcg;0,VA003
VAOeln;0,VA001
VAOeln;0,VA002
VAOeln;0,VA003
VAOkpl;0,VA001
VAOkpl;0,VA003
VAOkq;0,VA001
VAOkq;0,VA003
VAOl;0,VA001
VAOl;0,VA002
VAOl;0,VA003
VAOla;0,VA001
VAOla;0,VA002
VAOla;0,VA003
VAOlm;0,VA001
VAOlm;0,VA002
VAOlm;0,VA003
VAOlp;0,VA001
VAOlp;0,VA002
VAOlp;0,VA003
VAOls;0,VA001
VAOls;0,VA002
VAOls;0,VA003
VAOm;0,VA001
VAOm;0,VA002
VAOm;0,VA003
VAOmk;0,VA001
VAOmk;0,VA002
VAOmk;0,VA003
VAOml;0,VA001
VAOml;0,VA002
VAOml;0,VA003
VAOq;0,VA001
VAOq;0,VA002
VAOq;0,VA003
VAOqq;0,VA001
VAOqq;0,VA002
VAOqq;0,VA003
VAOst;0,VA001
VAOst;0,VA002
VAOst;0,VA003
VAOt;0,VA001
VAOt;0,VA002
VAOt;0,VA003
VAOu;0,VA001
VAOu;0,VA002
VAOu;0,VA003
VAOun;0,VA001
VAOun;0,VA002
VAOun;0,VA003
VAOus;0,VA001
VAOus;0,VA002
VAOus;0,VA003
VAOz;0,VA001
VAOz;0,VA003
VAOZI;0,VA001
VAOZI;0,VA002
VAOZI;0,VA003
VAOZII;0,VA001
VAOZII;0,VA002
VAOZII;0,VA003
VAOZIII;0,VA001
VAOZIII;0,VA002
VAOZIII;0,VA003
VAPAh;0,VA001
VAPAh;0,VA002
VAPAh;0,VA003
VAPAk;0,VA001
VAPAk;0,VA002
VAPAk;0,VA003
VAPAl;0,VA001
VAPAl;0,VA002
VAPAl;0,VA003
VAPAMbi;0,VA001
VAPAMbi;0,VA002
VAPAMbi;0,VA003
VAPAMf;0,VA001
VAPAMf;0,VA002
VAPAMf;0,VA003
VAPAMl;0,VA001
VAPAMl;0,VA002
VAPAMl;0,VA003
VAPAn;0,VA001
VAPAn;0,VA002
VAPAn;0,VA003
VAPAnr;0,VA001
VAPAnr;0,VA002
VAPAnr;0,VA003
VAPAp;0,VA001
VAPAp;0,VA002
VAPAp;0,VA003
VAPAw;0,VA001
VAPAw;0,VA002
VAPAw;0,VA003
VAPAwg;0,VA001
VAPAwg;0,VA002
VAPAwg;0,VA003
VAPAz;0,VA001
VAPAz;0,VA002
VAPAz;0,VA003
VApbg;0,VA001
VApbg;0,VA002
VApbg;0,VA003
VApeg;0,VA001
VApeg;0,VA002
VApeg;0,VA003
VApg;0,VA001
VApg;0,VA002
VApg;0,VA003
VApgo;0,VA001
VApgo;0,VA002
VApgo;0,VA003
VAPpg;0,VA001
VAPpg;0,VA002
VAPpg;0,VA003
VApsg;0,VA001
VApsg;0,VA002
VApsg;0,VA003
VApy;0,VA001
VApy;0,VA002
VApy;0,VA003
VAQc;0,VA001
VAQc;0,VA003
VAQcc;0,VA001
VAQcc;0,VA002
VAQcc;0,VA003
VAQj;0,VA001
VAQj;0,VA002
VAQj;0,VA003
VAQk;0,VA001
VAQk;0,VA002
VAQk;0,VA003
VAQnb;0,VA001
VAQnb;0,VA002
VAQnb;0,VA003
VAQno;0,VA001
VAQno;0,VA002
VAQno;0,VA003
VAQoa;0,VA001
VAQoa;0,VA002
VAQoa;0,VA003
VAQsh;0,VA001
VAQsh;0,VA002
VAQsh;0,VA003
VAQt;0,VA001
VAQt;0,VA002
VAQt;0,VA003
VAQtl;0,VA001
VAQtl;0,VA002
VAQtl;0,VA003
VAQtlp;0,VA001
VAQtlp;0,VA003
VAQtp;0,VA001
VAQtp;0,VA002
VAQtp;0,VA003
VAQts;0,VA001
VAQts;0,VA002
VAQts;0,VA003
VAQTu;0,VA001
VAQTu;0,VA002
VAQTu;0,VA003
VAQTw;0,VA001
VAQTw;0,VA002
VAQTw;0,VA003
VAQwa;0,VA001
VAQwa;0,VA002
VAQwa;0,VA003
VArbg;0,VA001
VArbg;0,VA002
VArbg;0,VA003
VAro;0,VA001
VAro;0,VA002
VAro;0,VA003
VAsb;0,VA001
VAsb;0,VA002
VAsb;0,VA003
VAsch;0,VA001
VAsch;0,VA003
VASf;0,VA001
VASf;0,VA002
VASf;0,VA003
VAShrc;0,VA001
VAShrc;0,VA002
VAShrc;0,VA003
VASkrt;0,VA001
VASkrt;0,VA002
VASkrt;0,VA003
VASm;0,VA001
VASm;0,VA002
VASm;0,VA003
VASOe;0,VA001
VASOe;0,VA002
VASOe;0,VA003
VASOz;0,VA001
VASOz;0,VA003
VAsp;0,VA001
VAsp;0,VA003
VASz;0,VA001
VASz;0,VA003
VATb1;0,VA001
VATb1;0,VA002
VATb1;0,VA003
VATb2;0,VA001
VATb2;0,VA002
VATb2;0,VA003
VATc;0,VA001
VATc;0,VA002
VATc;0,VA003
VAtd;0,VA001
VAtd;0,VA002
VAtd;0,VA003
VATl;0,VA001
VATl;0,VA002
VATl;0,VA003
VATm;0,VA001
VATm;0,VA002
VATm;0,VA003
VATRbr;0,VA001
VATRbr;0,VA002
VATRbr;0,VA003
VATRbr1;0,VA001
VATRbr1;0,VA002
VATRbr1;0,VA003
VATRc;0,VA001
VATRc;0,VA002
VATRc;0,VA003
VATRc1;0,VA001
VATRc1;0,VA002
VATRc1;0,VA003
VATRc2;0,VA001
VATRc2;0,VA002
VATRc2;0,VA003
VATRc3;0,VA001
VATRc3;0,VA002
VATRc3;0,VA003
VATRcs;0,VA001
VATRcs;0,VA002
VATRcs;0,VA003
VATRs;0,VA001
VATRs;0,VA002
VATRs;0,VA003
VATRs1;0,VA001
VATRs1;0,VA002
VATRs1;0,VA003
VATRsh;0,VA001
VATRsh;0,VA002
VATRsh;0,VA003
VATRss;0,VA001
VATRss;0,VA002
VATRss;0,VA003
VAu;0,VA001
VAu;0,VA003
VAum;0,VA001
VAum;0,VA002
VAum;0,VA003
VAv;0,VA001
VAv;0,VA002
VAv;0,VA003
VAvl;0,VA001
VAvl;0,VA002
VAvl;0,VA003
VAvo;0,VA001
VAvo;0,VA003
VAwater;0,VA001
VAwater;0,VA003
VAYa;0,VA001
VAYa;0,VA002
VAYa;0,VA003
VAYal;0,VA001
VAYal;0,VA002
VAYal;0,VA003
VAYan;0,VA001
VAYan;0,VA002
VAYan;0,VA003
VAYbg;0,VA001
VAYbg;0,VA002
VAYbg;0,VA003
VAYblg;0,VA001
VAYblg;0,VA002
VAYblg;0,VA003
VAYbp;0,VA001
VAYbp;0,VA002
VAYbp;0,VA003
VAYbr;0,VA001
VAYbr;0,VA002
VAYbr;0,VA003
VAYc;0,VA001
VAYc;0,VA002
VAYc;0,VA003
VAYcm;0,VA001
VAYcm;0,VA002
VAYcm;0,VA003
VAYcz;0,VA001
VAYcz;0,VA002
VAYcz;0,VA003
VAYec;0,VA001
VAYec;0,VA002
VAYec;0,VA003
VAYep;0,VA001
VAYep;0,VA002
VAYep;0,VA003
VAYfh;0,VA001
VAYfh;0,VA002
VAYfh;0,VA003
VAYg;0,VA001
VAYg;0,VA002
VAYg;0,VA003
VAYgb;0,VA001
VAYgb;0,VA002
VAYgb;0,VA003
VAYgbt;0,VA001
VAYgbt;0,VA002
VAYgbt;0,VA003
VAYgg;0,VA001
VAYgg;0,VA002
VAYgg;0,VA003
VAYgh;0,VA001
VAYgh;0,VA002
VAYgh;0,VA003
VAYgn;0,VA001
VAYgn;0,VA002
VAYgn;0,VA003
VAYgr;0,VA001
VAYgr;0,VA002
VAYgr;0,VA003
VAYgt;0,VA001
VAYgt;0,VA002
VAYgt;0,VA003
VAYhd;0,VA001
VAYhd;0,VA002
VAYhd;0,VA003
VAYhg;0,VA001
VAYhg;0,VA002
VAYhg;0,VA003
VAYl;0,VA001
VAYl;0,VA002
VAYl;0,VA003
VAYma;0,VA001
VAYma;0,VA002
VAYma;0,VA003
VAYmc;0,VA001
VAYmc;0,VA002
VAYmc;0,VA003
VAYmd;0,VA001
VAYmd;0,VA002
VAYmd;0,VA003
VAYmg;0,VA001
VAYmg;0,VA002
VAYmg;0,VA003
VAYmm;0,VA001
VAYmm;0,VA002
VAYmm;0,VA003
VAYms;0,VA001
VAYms;0,VA002
VAYms;0,VA003
VAYn;0,VA001
VAYn;0,VA002
VAYn;0,VA003
VAYor;0,VA001
VAYor;0,VA002
VAYor;0,VA003
VAYp;0,VA001
VAYp;0,VA002
VAYp;0,VA003
VAYPAgr;0,VA001
VAYPAgr;0,VA002
VAYPAgr;0,VA003
VAYPApm;0,VA001
VAYPApm;0,VA002
VAYPApm;0,VA003
VAYpc;0,VA001
VAYpc;0,VA002
VAYpc;0,VA003
VAYpg;0,VA001
VAYpg;0,VA002
VAYpg;0,VA003
VAYpp;0,VA001
VAYpp;0,VA002
VAYpp;0,VA003
VAYq;0,VA001
VAYq;0,VA002
VAYq;0,VA003
VAYra;0,VA001
VAYra;0,VA002
VAYra;0,VA003
VAYsc;0,VA001
VAYsc;0,VA002
VAYsc;0,VA003
VAYsf;0,VA001
VAYsf;0,VA002
VAYsf;0,VA003
VAYsh;0,VA001
VAYsh;0,VA002
VAYsh;0,VA003
VAYt;0,VA001
VAYt;0,VA002 
VAYt;0,VA003
VAYum;0,VA001
VAYum;0,VA002
VAYum;0,VA003
VAZa;0,VA001
VAZa;0,VA002
VAZa;0,VA003
VAZaa;0,VA001
VAZaa;0,VA002
VAZaa;0,VA003
VAZac;0,VA001
VAZac;0,VA002
VAZac;0,VA003
VAZam;0,VA001
VAZam;0,VA002
VAZam;0,VA003
VAZas;0,VA001
VAZas;0,VA002
VAZas;0,VA003
VAZau;0,VA001
VAZau;0,VA002
VAZau;0,VA003
VAZav;0,VA001
VAZav;0,VA002
VAZav;0,VA003
VAZbg;0,VA001
VAZbg;0,VA002
VAZbg;0,VA003
VAZch;0,VA001
VAZch;0,VA002
VAZch;0,VA003
VAZfa;0,VA001
VAZfa;0,VA002
VAZfa;0,VA003
VAZfc;0,VA001
VAZfc;0,VA002
VAZfc;0,VA003
VAZfl;0,VA001
VAZfl;0,VA002
VAZfl;0,VA003
VAZfs;0,VA001
VAZfs;0,VA002
VAZfs;0,VA003
VAZfv;0,VA001
VAZfv;0,VA002
VAZfv;0,VA003
VAZgd;0,VA001
VAZgd;0,VA002
VAZgd;0,VA003
VAZgdm;0,VA001
VAZgdm;0,VA002
VAZgdm;0,VA003
VAZgdr;0,VA001
VAZgdr;0,VA002
VAZgdr;0,VA003
VAZgds;0,VA001
VAZgds;0,VA002
VAZgds;0,VA003
VAZgs;0,VA001
VAZgs;0,VA002
VAZgs;0,VA003
VAZh;0,VA001
VAZh;0,VA002
VAZh;0,VA003
VAZhf;0,VA001
VAZhf;0,VA002
VAZhf;0,VA003
VAZkr;0,VA001
VAZkr;0,VA002
VAZkr;0,VA003
VAZlc;0,VA001
VAZlf;0,VA001
VAZlf;0,VA003
VAZlg;0,VA001
VAZlg;0,VA002
VAZlg;0,VA003
VAZlm;0,VA001
VAZlm;0,VA002
VAZlm;0,VA003
VAZlq;0,VA001
VAZlq;0,VA003
VAZlv;0,VA001
VAZlv;0,VA002
VAZlv;0,VA003
VAZm;0,VA001
VAZm;0,VA002
VAZm;0,VA003
VAZmf;0,VA001
VAZmf;0,VA002
VAZmf;0,VA003
VAZmg;0,VA001
VAZmg;0,VA002
VAZmg;0,VA003
VAZml;0,VA001
VAZml;0,VA002
VAZml;0,VA003
VAZmm;0,VA001
VAZmm;0,VA002
VAZmm;0,VA003
VAZmp;0,VA001
VAZmp;0,VA002
VAZmp;0,VA003
VAZmr;0,VA001
VAZmr;0,VA002
VAZmr;0,VA003
VAZmv;0,VA001
VAZmv;0,VA002
VAZmv;0,VA003
VAZPAbk;0,VA001
VAZPAbk;0,VA002
VAZPAbk;0,VA003
VAZPAbq;0,VA001
VAZPAbq;0,VA002
VAZPAbq;0,VA003
VAZPAdm;0,VA001
VAZPAdm;0,VA002
VAZPAdm;0,VA003
VAZPAgq;0,VA001
VAZPAgq;0,VA002
VAZPAgq;0,VA003
VAZPAgs;0,VA001
VAZPAgs;0,VA002
VAZPAgs;0,VA003
VAZph;0,VA001
VAZph;0,VA002
VAZph;0,VA003
VAZra;0,VA001
VAZra;0,VA002
VAZra;0,VA003
VAZram;0,VA001
VAZram;0,VA002
VAZram;0,VA003
VAZrbf;0,VA001
VAZrbf;0,VA002
VAZrbf;0,VA003
VAZrbg;0,VA001
VAZrbg;0,VA002
VAZrbg;0,VA003
VAZrc;0,VA001
VAZrc;0,VA002
VAZrc;0,VA003
VAZrh;0,VA001
VAZrh;0,VA002
VAZrh;0,VA003
VAZrl;0,VA001
VAZrl;0,VA002
VAZrl;0,VA003
VAZrr;0,VA001
VAZrr;0,VA002
VAZrr;0,VA003
VAZrw;0,VA001
VAZrw;0,VA002
VAZrw;0,VA003
VAZsr;0,VA001
VAZsr;0,VA003
VAZvi;0,VA001
VAZvi;0,VA002
VAZvi;0,VA003
