<?xml version="1.0" encoding="ISO-8859-1"?>
<!DOCTYPE metadata SYSTEM "http://www.fgdc.gov/metadata/fgdc-std-001-1998.dtd">
<metadata>
	<idinfo>
		<citation>
			<citeinfo>
				<origin>Daniel H. Doctor</origin>
				<origin>Randall C. Orndorff</origin>
				<origin>Ronald  A. Parker</origin>
				<origin>David J. Weary</origin>
				<origin>John E. Repetski</origin>
				<pubdate>2010</pubdate>
				<title>Geologic Map of the White Hall Quadrangle, Frederick County, Virginia, and Berkeley County, West Virginia: WhiteHall_topobase</title>
				<geoform>raster digital data</geoform>
				<serinfo>
					<sername>U.S. Geological Survey Open File Report</sername>
					<issue>2010-1265</issue>
				</serinfo>
				<pubinfo>
					<pubplace>online only</pubplace>
					<publish>U.S. Geological Survey</publish>
				</pubinfo>
				<onlink>http://pubs.usgs.gov/of/2010/1265</onlink>
				<ftname Sync="TRUE">WhiteHall_topobase.sid</ftname></citeinfo>
		</citation>
		<descript>
			<abstract>This data set is part of the digital geodatabase of the geologic map of the White Hall quadrangle.  The data provide a digital representation of geologic information collected through field mapping at a scale of 1:24,000.</abstract>
			<purpose>This map was produced to provide basic geologic information for land-use planning and groundwater studies at a scale of 1:24,000 or smaller. These data will be incorporated into a 3-dimensional model of the hydrogeologic framework of the lower Shenandoah Valley.</purpose>
			<supplinf>Production of this map was funded by the National Cooperative Geologic Mapping Program of the United States Geological Survey.</supplinf>
			<langdata Sync="TRUE">en</langdata></descript>
		<timeperd>
			<timeinfo>
				<rngdates>
					<begdate>1992</begdate>
					<enddate>2010</enddate>
				</rngdates>
			</timeinfo>
			<current>ground condition</current>
		</timeperd>
		<status>
			<progress>Complete</progress>
			<update>As needed</update>
		</status>
		<spdom>
			<bounding>
				<westbc>
-78.254615</westbc>
				<eastbc>
-78.119603</eastbc>
				<northbc>
39.378121</northbc>
				<southbc>
39.247084</southbc>
			</bounding>
			<lboundng><leftbc Sync="TRUE">736902.647962</leftbc><rightbc Sync="TRUE">748120.301200</rightbc><bottombc Sync="TRUE">4348133.614018</bottombc><topbc Sync="TRUE">4362347.195524</topbc></lboundng></spdom>
		<keywords>
			<theme>
				<themekt>http://www.usgs.gov/science/about/term-simple.php</themekt>
				<themekey>digital raster graphic</themekey>
				<themekey>topographic base map</themekey></theme>
			<place>
				<placekt>none</placekt>
				<placekey>Frederick County</placekey>
				<placekey>Virginia</placekey>
				<placekey>Berkeley County</placekey>
				<placekey>West Virginia</placekey>
				<placekey>United States</placekey>
				<placekey>White Hall quadrangle</placekey></place>
		</keywords>
		<accconst>None</accconst>
		<useconst>These data are meant for use at a scale of 1:24,000. There are no additional use constraints if properly cited. Although all data have been used by the USGS, no warranty, expressed or implied, is made by the USGS as to the accuracy of the data and related materials. Any use of trade, product, or firm names is for descriptive purposes only and does not imply endorsement by the U.S. Government.</useconst>
		<ptcontac>
			<cntinfo>
				<cntperp>
					<cntper>Daniel H. Doctor</cntper>
					<cntorg>U.S. Geological Survey</cntorg>
				</cntperp>
				<cntpos>Research Geologist</cntpos>
				<cntaddr>
					<addrtype>mailing address</addrtype>
					<address>12201 Sunrise Valley Drive, MS9 26A</address>
					<city>Reston</city>
					<state>Virginia</state>
					<postal>20192</postal>
					<country>USA</country>
				</cntaddr>
				<cntvoice>703-648-6027</cntvoice>
				<cntemail>dhdoctor@usgs.gov</cntemail>
			</cntinfo>
		</ptcontac>
		<datacred>Daniel H. Doctor, U.S. Geological Survey, Reston, Virginia</datacred>
		<secinfo>
			<secsys>none</secsys>
			<secclass>Unclassified</secclass>
			<sechandl>none</sechandl>
		</secinfo>
		<native>Microsoft Windows XP Version 5.1 (Build 2600) Service Pack 3; ESRI ArcCatalog 9.3.1.1850</native>
		<natvform Sync="TRUE">Raster Dataset</natvform></idinfo>
	<dataqual>
		<attracc>
			<attraccr>n/a</attraccr>
		</attracc>
		<complete>The data are complete at a resolution of 1:24,000</complete>
		<posacc>
			<horizpa>
			</horizpa>
			<vertacc>
			</vertacc>
		</posacc>
		<lineage>
			<srcinfo>
				<srccite>
					<citeinfo>
						<title>http://seamless.usgs.gov</title>
					</citeinfo>
				</srccite>
			</srcinfo>
			<procstep>
				<procdesc>These data were downloaded from the USGS Seamless Server</procdesc>
				<procdate>2010</procdate>
			</procstep>
			<procstep><procdesc Sync="TRUE">Dataset copied.</procdesc><srcused Sync="TRUE">C:\ARC_FILES\VA_Mapping\White_Hall\WhiteHall_basemap_83\WhiteHall_topobase.sid</srcused><procdate Sync="TRUE">20101108</procdate><proctime Sync="TRUE">19113700</proctime></procstep></lineage>
	</dataqual>
	<spdoinfo>
		<direct>Raster</direct>
		<rastinfo>
			<rasttype>Grid Cell</rasttype>
			<rowcount>1422</rowcount>
			<colcount>1122</colcount>
			<vrtcount>1</vrtcount>
			<rastxsz Sync="TRUE">2.439681</rastxsz><rastysz Sync="TRUE">2.439681</rastysz><rastbpp Sync="TRUE">8</rastbpp><rastorig Sync="TRUE">Upper Left</rastorig><rastcmap Sync="TRUE">FALSE</rastcmap><rastcomp Sync="TRUE">Wavelet (MG2)</rastcomp><rastband Sync="TRUE">3</rastband><rastdtyp Sync="TRUE">pixel codes</rastdtyp><rastifor Sync="TRUE">MrSID</rastifor><rastplyr Sync="TRUE">TRUE</rastplyr></rastinfo>
	</spdoinfo>
	<spref>
		<horizsys>
			<planar>
				<planci>
					<plance>coordinate pair</plance>
					<coordrep>
						<absres>0.000100</absres>
						<ordres>0.000100</ordres>
					</coordrep>
					<plandu>meters</plandu>
				</planci>
				<gridsys><gridsysn Sync="TRUE">Universal Transverse Mercator</gridsysn><utm><utmzone Sync="TRUE">17</utmzone><transmer><sfctrmer Sync="TRUE">0.999600</sfctrmer><longcm Sync="TRUE">-81.000000</longcm><latprjo Sync="TRUE">0.000000</latprjo><feast Sync="TRUE">500000.000000</feast><fnorth Sync="TRUE">0.000000</fnorth></transmer></utm></gridsys></planar>
			<geodetic>
				<horizdn>North American Datum of 1983</horizdn>
				<ellips>Geodetic Reference System 80</ellips>
				<semiaxis>6378137.000000</semiaxis>
				<denflat>298.257222</denflat>
			</geodetic>
			<cordsysn><geogcsn Sync="TRUE">GCS_North_American_1983</geogcsn><projcsn Sync="TRUE">NAD_1983_UTM_Zone_17N</projcsn></cordsysn></horizsys>
		<vertdef>
			<altsys>
			</altsys>
		</vertdef>
	</spref>
	<eainfo>
		<overview>
			<dsoverv>This data set is a digital raster graphic (DRG) of the White Hall topographic quadrangle published by the U.S. Geological Survey. </dsoverv></overview>
		<detailed Name="WhiteHall_topobase.sid.vat"><enttyp><enttypl Sync="TRUE">WhiteHall_topobase.sid.vat</enttypl><enttypt Sync="TRUE">Table</enttypt><enttypc Sync="TRUE">256</enttypc></enttyp><attr><attrlabl Sync="TRUE">OID</attrlabl><attalias Sync="TRUE">OID</attalias><attrtype Sync="TRUE">OID</attrtype><attwidth Sync="TRUE">4</attwidth><atprecis Sync="TRUE">0</atprecis><attscale Sync="TRUE">0</attscale><attrdef Sync="TRUE">Internal feature number.</attrdef><attrdefs Sync="TRUE">ESRI</attrdefs><attrdomv><udom Sync="TRUE">Sequential unique whole numbers that are automatically generated.</udom></attrdomv></attr><attr><attrlabl Sync="TRUE">Value</attrlabl><attalias Sync="TRUE">Value</attalias><attrtype Sync="TRUE">Integer</attrtype><attwidth Sync="TRUE">0</attwidth><atprecis Sync="TRUE">0</atprecis><attscale Sync="TRUE">0</attscale></attr><attr><attrlabl Sync="TRUE">Count</attrlabl><attalias Sync="TRUE">Count</attalias><attrtype Sync="TRUE">Integer</attrtype><attwidth Sync="TRUE">0</attwidth><atprecis Sync="TRUE">0</atprecis><attscale Sync="TRUE">0</attscale></attr></detailed><detailed Name="WhiteHall_topobase.sid.vat"><enttyp><enttypl Sync="TRUE">WhiteHall_topobase.sid.vat</enttypl><enttypt Sync="TRUE">Table</enttypt><enttypc Sync="TRUE">256</enttypc></enttyp><attr><attrlabl Sync="TRUE">OID</attrlabl><attalias Sync="TRUE">OID</attalias><attrtype Sync="TRUE">OID</attrtype><attwidth Sync="TRUE">4</attwidth><atprecis Sync="TRUE">0</atprecis><attscale Sync="TRUE">0</attscale><attrdef Sync="TRUE">Internal feature number.</attrdef><attrdefs Sync="TRUE">ESRI</attrdefs><attrdomv><udom Sync="TRUE">Sequential unique whole numbers that are automatically generated.</udom></attrdomv></attr><attr><attrlabl Sync="TRUE">Value</attrlabl><attalias Sync="TRUE">Value</attalias><attrtype Sync="TRUE">Integer</attrtype><attwidth Sync="TRUE">0</attwidth><atprecis Sync="TRUE">0</atprecis><attscale Sync="TRUE">0</attscale></attr><attr><attrlabl Sync="TRUE">Count</attrlabl><attalias Sync="TRUE">Count</attalias><attrtype Sync="TRUE">Integer</attrtype><attwidth Sync="TRUE">0</attwidth><atprecis Sync="TRUE">0</atprecis><attscale Sync="TRUE">0</attscale></attr></detailed><detailed Name="WhiteHall_topobase.sid.vat"><enttyp><enttypl Sync="TRUE">WhiteHall_topobase.sid.vat</enttypl><enttypt Sync="TRUE">Table</enttypt><enttypc Sync="TRUE">256</enttypc></enttyp><attr><attrlabl Sync="TRUE">OID</attrlabl><attalias Sync="TRUE">OID</attalias><attrtype Sync="TRUE">OID</attrtype><attwidth Sync="TRUE">4</attwidth><atprecis Sync="TRUE">0</atprecis><attscale Sync="TRUE">0</attscale><attrdef Sync="TRUE">Internal feature number.</attrdef><attrdefs Sync="TRUE">ESRI</attrdefs><attrdomv><udom Sync="TRUE">Sequential unique whole numbers that are automatically generated.</udom></attrdomv></attr><attr><attrlabl Sync="TRUE">Value</attrlabl><attalias Sync="TRUE">Value</attalias><attrtype Sync="TRUE">Integer</attrtype><attwidth Sync="TRUE">0</attwidth><atprecis Sync="TRUE">0</atprecis><attscale Sync="TRUE">0</attscale></attr><attr><attrlabl Sync="TRUE">Count</attrlabl><attalias Sync="TRUE">Count</attalias><attrtype Sync="TRUE">Integer</attrtype><attwidth Sync="TRUE">0</attwidth><atprecis Sync="TRUE">0</atprecis><attscale Sync="TRUE">0</attscale></attr></detailed></eainfo>
	<distinfo>
		<distrib>
			<cntinfo>
				<cntperp>
					<cntper>Daniel H. Doctor</cntper>
					<cntorg>U.S. Geological Survey</cntorg>
				</cntperp>
				<cntpos>Research Geologist</cntpos>
				<cntaddr>
					<addrtype>mailing address</addrtype>
					<address>12201 Sunrise Valley Drive, MS 926A</address>
					<city>Reston</city>
					<state>Virginia</state>
					<postal>20192</postal>
					<country>USA</country>
				</cntaddr>
				<cntvoice>703-648-6027</cntvoice>
				<cntemail>dhdoctor@usgs.gov</cntemail>
				<cntinst>email preferred.</cntinst>
			</cntinfo>
		</distrib>
		<resdesc>Downloadable Data</resdesc>
		<distliab>Although all data and software released have been used by the USGS, no warranty, expressed or implied, is made by the USGS as to the accuracy of the data and related materials and (or) the functioning of the software.</distliab>
		<stdorder>
			<digform>
				<digtinfo>
					<transize>0.015</transize>
				</digtinfo>
				<digtopt>
					<onlinopt>
						<computer>
							<networka>
								<networkr>http://pubs.usgs.gov/of/2010/1265</networkr>
							</networka>
						</computer>
					</onlinopt>
				</digtopt>
			</digform>
		</stdorder>
		<custom>These data are availble at no charge over the internet at: &lt;http://pubs.usgs.gov/&gt;. CD versions may be requested by emailing dhdoctor@usgs.gov.</custom>
	</distinfo>
	<metainfo>
		<metd>20101108</metd>
		<metc>
			<cntinfo>
				<cntperp>
					<cntper>Daniel H. Doctor</cntper>
					<cntorg>U.S. Geological Survey</cntorg>
				</cntperp>
				<cntpos>Research Geologist</cntpos>
				<cntaddr>
					<addrtype>mailing address</addrtype>
					<address>12201 Sunrise Valley Drive, MS 926A</address>
					<city>Reston</city>
					<state>Virginia</state>
					<postal>20192</postal>
					<country>USA</country>
				</cntaddr>
				<cntvoice>703-648-6027</cntvoice>
				<cntemail>dhdoctor@usgs.gov</cntemail>
				<cntinst>email preferred.</cntinst>
			</cntinfo>
		</metc>
		<metstdn>FGDC Content Standards for Digital Geospatial Metadata</metstdn>
		<metstdv>FGDC-STD-001-1998</metstdv>
		<mettc>local time</mettc>
		<metsi>
			<metsc>Unclassified</metsc>
		</metsi>
		<metextns>
			<onlink>http://www.esri.com/metadata/esriprof80.html</onlink>
			<metprof>ESRI Metadata Profile</metprof>
		</metextns>
		<langmeta Sync="TRUE">en</langmeta><metextns><onlink Sync="TRUE">http://www.esri.com/metadata/esriprof80.html</onlink><metprof Sync="TRUE">ESRI Metadata Profile</metprof></metextns></metainfo>
	<Esri><CreaDate>20101108</CreaDate><CreaTime>19113700</CreaTime><SyncOnce>FALSE</SyncOnce><SyncDate>20101108</SyncDate><SyncTime>19113000</SyncTime><ModDate>20101108</ModDate><ModTime>19113000</ModTime><MetaID>{A0CA3B6C-C7D0-44FB-A8A2-5CD5C526AB0F}</MetaID></Esri><dataIdInfo><envirDesc Sync="TRUE">Microsoft Windows XP Version 5.1 (Build 2600) Service Pack 3; ESRI ArcCatalog 9.3.1.1850</envirDesc><dataLang><languageCode Sync="TRUE" value="en"></languageCode></dataLang><idCitation><resTitle Sync="TRUE">WhiteHall_topobase.sid</resTitle><presForm><PresFormCd Sync="TRUE" value="005"></PresFormCd></presForm></idCitation><spatRpType><SpatRepTypCd Sync="TRUE" value="002"></SpatRepTypCd></spatRpType><dataExt><geoEle><GeoBndBox esriExtentType="native"><westBL Sync="TRUE">736902.647962</westBL><eastBL Sync="TRUE">748120.3012</eastBL><northBL Sync="TRUE">4362347.195524</northBL><southBL Sync="TRUE">4348133.614018</southBL><exTypeCode Sync="TRUE">1</exTypeCode></GeoBndBox></geoEle></dataExt><geoBox esriExtentType="decdegrees"><westBL Sync="TRUE">-78.254659</westBL><eastBL Sync="TRUE">-78.11957</eastBL><northBL Sync="TRUE">39.37812</northBL><southBL Sync="TRUE">39.247055</southBL><exTypeCode Sync="TRUE">1</exTypeCode></geoBox></dataIdInfo><mdLang><languageCode Sync="TRUE" value="en"></languageCode></mdLang><mdStanName Sync="TRUE">ISO 19115 Geographic Information - Metadata</mdStanName><mdStanVer Sync="TRUE">DIS_ESRI1.0</mdStanVer><mdChar><CharSetCd Sync="TRUE" value="004"></CharSetCd></mdChar><mdHrLv><ScopeCd Sync="TRUE" value="005"></ScopeCd></mdHrLv><mdHrLvName Sync="TRUE">dataset</mdHrLvName><distInfo><distributor><distorTran><onLineSrc><linkage Sync="TRUE">file://\\IGSAAAHMWSG534\C$\ARC_FILES\VA_Mapping\White_Hall\WhiteHall_OPEN-FILE\WhiteHall_GIS_data\WhiteHall_basemap\WhiteHall_topobase.sid</linkage><protocol Sync="TRUE">Local Area Network</protocol><orDesc Sync="TRUE">002</orDesc></onLineSrc></distorTran><distorFormat><formatName Sync="TRUE">Raster Dataset</formatName></distorFormat></distributor></distInfo><refSysInfo><RefSystem><refSysID><identCode Sync="TRUE">NAD_1983_UTM_Zone_17N</identCode></refSysID></RefSystem></refSysInfo><mdDateSt Sync="TRUE">20101108</mdDateSt></metadata>
