<?xml version="1.0" encoding="UTF-8"?>
<?xml-stylesheet type="text/xsl" href="fgdc_classic.xsl"?>
<metadata xmlns:xsi="http://www.w3.org/2001/XMLSchema-instance" xsi:noNamespaceSchemaLocation="http://water.usgs.gov/GIS/metadata/usgswrd/fgdc-std-001-1998.xsd">
	<idinfo>
		<citation>
			<citeinfo>
				<origin>Jennifer L. Krstolic</origin>
				<origin>Donald C. Hayes</origin>
				<pubdate>10012010</pubdate>
				<title Sync="TRUE">DS_539_SF_ShenHabitat</title>
				<geoform Sync="TRUE">vector digital data</geoform>
				<serinfo>
					<sername>Data Series</sername>
					<issue>539</issue>
				</serinfo>
				<pubinfo>
					<pubplace>Reston, VA</pubplace>
					<publish>U.S. Geological Survey</publish>
				</pubinfo>
				<onlink Sync="TRUE"></onlink>
				<ftname Sync="TRUE">DS_539_SF_ShenHabitat</ftname></citeinfo>
		</citation>
		<descript>
			<abstract>Data collected with the GeoXT Trimble GPS unit using ArcPad 6.1. (summer 2006-2007).  Files were created within a
geodatabase to create a data dictionary for use in ArcPad during data collection.  Drop down lists for 
habitat type, substrate, depth, width, length, and descriptions were included.  Data files produced on the
GeoXT were point shapefiles that could be checked back into the geodatabase and viewable as a layer. Points were gathered while canoeing along the South Fork Shenandoah River.  Each location marked a change in meso-scale habitat type.  GPS points were supplemented with GIS-derived points in areas where manual measurements were made.  The points were used to generate a line coverage. This coverage represents physical habitat at a meso-scale (width of stream).</abstract>
			<purpose>The purpose of this data set is to provide basic information about physical habitat characteristics on the South Fork Shenandoah River.</purpose>
			<langdata Sync="TRUE">en</langdata></descript>
		<timeperd>
			<timeinfo>
				<rngdates>
					<begdate>05012006</begdate>
					<begtime>0700</begtime>
					<enddate>10312007</enddate>
					<endtime>1700</endtime>
				</rngdates>
				<sngdate><caldate>REQUIRED: The year (and optionally month, or month and day) for which the data set corresponds to the ground.</caldate></sngdate></timeinfo>
			<current>publication date</current>
		</timeperd>
		<status>
			<progress>Complete</progress>
			<update>None planned</update>
		</status>
		<spdom>
			<bounding>
				<westbc Sync="TRUE">-78.808504</westbc>
				<eastbc Sync="TRUE">-78.188105</eastbc>
				<northbc Sync="TRUE">38.957280</northbc>
				<southbc Sync="TRUE">38.283344</southbc>
			</bounding>
			<lboundng><leftbc Sync="TRUE">691642.566868</leftbc><rightbc Sync="TRUE">743698.226868</rightbc><bottombc Sync="TRUE">4240925.999259</bottombc><topbc Sync="TRUE">4314362.209259</topbc></lboundng></spdom>
		<keywords>
			<theme>
				<themekt>physical habitat</themekt>
				<themekey>Habitat</themekey>
				<themekey>Inland Waters</themekey>
			</theme>
			<place>
				<placekt>Virginia Rivers</placekt>
				<placekey>South Fork Shenandoah River</placekey>
			</place>
			<stratum>
				<stratkt>flow statistic</stratkt>
				<stratkey>low flow</stratkey>
			</stratum>
			<temporal>
				<tempkt>date</tempkt>
				<tempkey>2006 - 2007</tempkey>
			</temporal>
		</keywords>
		<accconst>none</accconst>
		<useconst>User must give credit to the US Geological Survey, Water Science Center, Virginia.</useconst>
		<ptcontac>
			<cntinfo>
				<cntorgp>
					<cntorg>U.S. Geological Survey</cntorg>
				</cntorgp>
				<cntpos>Ask USGS - Water Webserver Team</cntpos>
				<cntaddr>
					<addrtype>mailing and physical address</addrtype>
					<address>445 National Center</address>
					<city>Reston</city>
					<state>VA</state>
					<postal>20192</postal>
					<country>USA</country>
				</cntaddr>
				<cntvoice>1-888-275-8747 (1-888-ASK-USGS)</cntvoice>
				<cntemail>http://water.usgs.gov/user_feedback_form.html</cntemail>
				<hours>8-4</hours>
			</cntinfo>
		</ptcontac>
		<browse>
			<browsen>http://water.usgs.gov/GIS/browse/DS_539_Shen_Habitat.jpg</browsen>
			<browsed>North and South Fork Shenandoah Rivers habitat and shaded relief</browsed>
			<browset>JPEG</browset>
		</browse>
		<datacred>Any use of trade, product, or firm names is for descriptive purposes only and does not imply endorsement by the U.S. Government.</datacred>
		<native Sync="TRUE">Microsoft Windows XP Version 5.1 (Build 2600) Service Pack 3; ESRI ArcCatalog 9.3.1.3000</native>
		<natvform Sync="TRUE">Personal GeoDatabase Feature Class</natvform></idinfo>
	<dataqual>
		<logic>The source of these data are field measurements with GPS, rangefinder, depth finder, or level rod, and visual observation of substrate, vegetation, and cover components.</logic>
		<complete>Data collection is complete.</complete>
		<posacc>
			<horizpa>
				<horizpar>It is believed that these points were collected within 1 - 3 meters of their actual positions. Resolution should be reasonable at 1:24000 or lower scales.</horizpar>
			</horizpa>
			<vertacc>
				<vertaccr>not reported</vertaccr>
			</vertacc>
		</posacc>
		<lineage>
			<procstep>
				<procdesc>Data collected with the GeoXT Trimble GPS unit using ArcPad 6.1. (summer 2006-2007).  Files were created within a geodatabase to create a data dictionary for use in ArcPad during data collection.  Drop down lists for 
habitat type, substrate, depth, width, length, and descriptions were included.  Data files produced on the
GeoXT were point shapefiles that could be checked back into the geodatabase and viewable as a layer. Points were gathered while canoeing along the South Fork Shenandoah River.  Each location marked a change in meso-scale habitat type.  GPS points were supplimented with GIS-derrived points in areas where manual measurements were made.  Field collected and GIS digitized points were combined in a point layer, and the X-Y coordinates exported to a text file.</procdesc>
				<srcused>not specified</srcused>
				<procdate>2008</procdate>
				<proccont><cntinfo><cntperp><cntper>Jennifer Krstolic</cntper><cntorg>U.S. Geological Survey</cntorg></cntperp><cntpos>GIS Specialist</cntpos><cntaddr><addrtype>mailing and physical address</addrtype><address>1730 E Parham Road</address><city>Richmond</city><state>VA</state><postal>23228</postal></cntaddr><cntvoice>804-261-2635</cntvoice><cntemail>jkrstoli@usgs.gov</cntemail></cntinfo></proccont></procstep>
			<procstep>
				<procdesc>The text file of points was used to generate a line coverage. Point X-Y coordinates were ordered from upstream to downstream and coordinates were used to create a line coverage. ArcInfo Workstation and the 'generate' command was used for this step.</procdesc>
				<srcused>not specified</srcused>
				<procdate>2010</procdate>
			</procstep>
			<procstep>
				<procdesc>The South Fork Coverage was imported to a geodatabase with the North Fork Shenandoah River habitat data.</procdesc>
				<srcused>not specified</srcused>
				<procdate>08042010</procdate>
			</procstep>
			<procstep>
				<procdesc>Line feature datasets were edited to match the bends in the river, while maintaining consistency with the habitat types present.</procdesc>
				<srcused>not specified</srcused>
				<procdate>08062010</procdate>
			</procstep>
			<procstep><procdesc Sync="TRUE">Metadata imported.</procdesc><srcused Sync="TRUE">C:\jkrstolic\MIF\SF\GIS\Geospatial_Habitat_Release\final_metadata\DS_539_SF_ShenHabitatJLK2s.xml</srcused><procdate Sync="TRUE">20101018</procdate><proctime Sync="TRUE">12220000</proctime></procstep><procstep><procdesc Sync="TRUE">Dataset copied.</procdesc><srcused Sync="TRUE">\\IGSAAREWLTXPJKR\C\jkrstolic\MIF\SF\GIS\Geospatial_Habitat_Release\DS_539_Shenandoah_Habitat.mdb</srcused><procdate Sync="TRUE">20101019</procdate><proctime Sync="TRUE">15362200</proctime></procstep></lineage>
	</dataqual>
	<spdoinfo>
		<direct Sync="TRUE">Vector</direct>
		<ptvctinf>
			<sdtsterm Name="DS_539_SF_ShenHabitat">
				<sdtstype Sync="TRUE">String</sdtstype>
				<ptvctcnt Sync="TRUE">1293</ptvctcnt>
			</sdtsterm>
			<sdtsterm>
				<sdtstype>Point</sdtstype>
				<ptvctcnt>4</ptvctcnt>
			</sdtsterm>
			<esriterm Name="DS_539_SF_ShenHabitat"><efeatyp Sync="TRUE">Simple</efeatyp><efeageom Sync="TRUE">Polyline</efeageom><esritopo Sync="TRUE">FALSE</esritopo><efeacnt Sync="TRUE">1293</efeacnt><spindex Sync="TRUE">TRUE</spindex><linrefer Sync="TRUE">FALSE</linrefer></esriterm></ptvctinf>
	</spdoinfo>
	<spref>
		<horizsys>
			<planar>
				<planci>
					<plance Sync="TRUE">coordinate pair</plance>
					<coordrep>
						<absres Sync="TRUE">0.010000</absres>
						<ordres Sync="TRUE">0.010000</ordres>
					</coordrep>
					<plandu Sync="TRUE">meters</plandu>
				</planci>
				<gridsys><gridsysn Sync="TRUE">Universal Transverse Mercator</gridsysn><utm><utmzone Sync="TRUE">17</utmzone><transmer><sfctrmer Sync="TRUE">0.999600</sfctrmer><longcm Sync="TRUE">-81.000000</longcm><latprjo Sync="TRUE">0.000000</latprjo><feast Sync="TRUE">500000.000000</feast><fnorth Sync="TRUE">0.000000</fnorth></transmer></utm></gridsys></planar>
			<geodetic>
				<horizdn Sync="TRUE">North American Datum of 1983</horizdn>
				<ellips Sync="TRUE">Geodetic Reference System 80</ellips>
				<semiaxis Sync="TRUE">6378137.000000</semiaxis>
				<denflat Sync="TRUE">298.257222</denflat>
			</geodetic>
			<cordsysn><geogcsn Sync="TRUE">GCS_North_American_1983</geogcsn><projcsn Sync="TRUE">NAD_1983_UTM_Zone_17N</projcsn></cordsysn></horizsys>
		<vertdef>
			<altsys>
				<altdatum>North American Vertical Datum of 1988</altdatum>
				<altres Sync="TRUE">0.010000</altres>
				<altunits>meters</altunits>
				<altenc Sync="TRUE">Explicit elevation coordinate included with horizontal coordinates</altenc>
			</altsys>
		</vertdef>
	</spref>
	<eainfo>
		<detailed Name="DS_539_SF_ShenHabitat">
			<enttyp>
				<enttypl Sync="TRUE">DS_539_SF_ShenHabitat</enttypl>
				<enttypd>fields that describe habitat data</enttypd>
				<enttypds>http://pubs.usgs.gov/sir/2006/5025/</enttypds>
				<enttypt Sync="TRUE">Feature Class</enttypt><enttypc Sync="TRUE">1293</enttypc></enttyp>
			<attr>
				<attrlabl>OBJECTID</attrlabl>
				<attrdef>Internal feature number.</attrdef>
				<attrdefs>ESRI</attrdefs>
				<attrdomv>
					<udom>Sequential unique whole numbers that are automatically generated.</udom>
				</attrdomv>
				<attalias Sync="TRUE">OBJECTID</attalias><attrtype Sync="TRUE">OID</attrtype><attwidth Sync="TRUE">4</attwidth><atprecis Sync="TRUE">0</atprecis><attscale Sync="TRUE">0</attscale></attr>
			<attr>
				<attrlabl>Shape</attrlabl>
				<attrdef>Feature geometry.</attrdef>
				<attrdefs>ESRI</attrdefs>
				<attrdomv>
					<udom>Coordinates defining the features.</udom>
				</attrdomv>
				<attalias Sync="TRUE">Shape</attalias><attrtype Sync="TRUE">Geometry</attrtype><attwidth Sync="TRUE">0</attwidth><atprecis Sync="TRUE">0</atprecis><attscale Sync="TRUE">0</attscale></attr>
			<attr>
				<attrlabl>LENGTH</attrlabl>
				<attrdef>Length of feature in meters</attrdef>
				<attrdefs>ESRI</attrdefs>
				<attrdomv>
					<udom>Positive real numbers that are automatically generated.</udom>
				</attrdomv>
				<attalias Sync="TRUE">LENGTH</attalias><attrtype Sync="TRUE">Single</attrtype><attwidth Sync="TRUE">4</attwidth><atprecis Sync="TRUE">0</atprecis><attscale Sync="TRUE">0</attscale></attr>
			<attr>
				<attrlabl>HABITATCODE</attrlabl>
				<attrdef>Numeric code for habitat type, value of not used.</attrdef>
				<attrdefs>DB Administrator</attrdefs>
				<attrdomv>
					<edom>
						<edomv>0</edomv>
						<edomvd>null, non-habitat freature</edomvd>
						<edomvds>DB Administrator</edomvds>
					</edom>
					<edom>
						<edomv>1</edomv>
						<edomvd>Backwater</edomvd>
						<edomvds>http://pubs.usgs.gov/sir/2006/5025/</edomvds>
					</edom>
					<edom>
						<edomv>2</edomv>
						<edomvd>Natural Pool</edomvd>
						<edomvds>http://pubs.usgs.gov/sir/2006/5025/</edomvds>
					</edom>
					<edom>
						<edomv>3</edomv>
						<edomvd>Artificial Pool</edomvd>
						<edomvds>http://pubs.usgs.gov/sir/2006/5025/</edomvds>
					</edom>
					<edom>
						<edomv>4</edomv>
						<edomvd>Particle Riffle</edomvd>
						<edomvds>http://pubs.usgs.gov/sir/2006/5025/</edomvds>
					</edom>
					<edom>
						<edomv>5</edomv>
						<edomvd>Bedrock Riffle</edomvd>
						<edomvds>http://pubs.usgs.gov/sir/2006/5025/</edomvds>
					</edom>
					<edom>
						<edomv>7</edomv>
						<edomvd>Particle Run</edomvd>
						<edomvds>http://pubs.usgs.gov/sir/2006/5025/</edomvds>
					</edom>
					<edom>
						<edomv>8</edomv>
						<edomvd>Bedrock Run</edomvd>
						<edomvds>http://pubs.usgs.gov/sir/2006/5025/</edomvds>
					</edom>
					<edom>
						<edomv>9</edomv>
						<edomvd>Pocket Run</edomvd>
						<edomvds>http://pubs.usgs.gov/sir/2006/5025/</edomvds>
					</edom>
				</attrdomv>
				<attrmfrq>None planned</attrmfrq>
				<attalias Sync="TRUE">Hab_Code</attalias><attrtype Sync="TRUE">SmallInteger</attrtype><attwidth Sync="TRUE">2</attwidth><atprecis Sync="TRUE">0</atprecis><attscale Sync="TRUE">0</attscale></attr>
			<attr>
				<attrlabl>Shape_Length</attrlabl>
				<attrdef>Length of feature in internal units.</attrdef>
				<attrdefs>ESRI</attrdefs>
				<attrdomv>
					<udom>Positive real numbers that are automatically generated.</udom>
				</attrdomv>
				<attalias Sync="TRUE">Shape_Length</attalias><attrtype Sync="TRUE">Double</attrtype><attwidth Sync="TRUE">8</attwidth><atprecis Sync="TRUE">0</atprecis><attscale Sync="TRUE">0</attscale></attr>
			<attr>
				<attrlabl>Habitat_Type</attrlabl>
				<attrdef>Short description of habitat type</attrdef>
				<attrdefs>DB Administrator</attrdefs>
				<attrdomv>
					<edom>
						<edomv>Rif_BR</edomv>
						<edomvd>Bedrock Riffle</edomvd>
						<edomvds>http://pubs.usgs.gov/sir/2006/5025/</edomvds>
					</edom>
					<edom>
						<edomv>Rif_PT</edomv>
						<edomvd>Particle Riffle</edomvd>
						<edomvds>http://pubs.usgs.gov/sir/2006/5025/</edomvds>
					</edom>
					<edom>
						<edomv>Run_BR</edomv>
						<edomvd>Bedrock Run</edomvd>
						<edomvds>http://pubs.usgs.gov/sir/2006/5025/</edomvds>
					</edom>
					<edom>
						<edomv>Run_PT</edomv>
						<edomvd>Particle Run</edomvd>
						<edomvds>http://pubs.usgs.gov/sir/2006/5025/</edomvds>
					</edom>
					<edom>
						<edomv>BW</edomv>
						<edomvd>Backwater</edomvd>
						<edomvds>http://pubs.usgs.gov/sir/2006/5025/</edomvds>
					</edom>
					<edom>
						<edomv>Pool</edomv>
						<edomvd>Natural Pool</edomvd>
						<edomvds>http://pubs.usgs.gov/sir/2006/5025/</edomvds>
					</edom>
					<edom>
						<edomv>Art_pool</edomv>
						<edomvd>Artificial Pool</edomvd>
						<edomvds>http://pubs.usgs.gov/sir/2006/5025/</edomvds>
					</edom>
					<edom>
						<edomv>Pockets</edomv>
						<edomvd>Pocket Run-run with some deep holes in it</edomvd>
						<edomvds>http://pubs.usgs.gov/sir/2006/5025/</edomvds>
					</edom>
				</attrdomv>
				<attalias Sync="TRUE">Habitat_type</attalias><attrtype Sync="TRUE">String</attrtype><attwidth Sync="TRUE">15</attwidth><atprecis Sync="TRUE">0</atprecis><attscale Sync="TRUE">0</attscale></attr>
			<attr>
				<attrlabl>UniqueID</attrlabl>
				<attrdef>Unique identifier for each habitat unit</attrdef>
				<attrdefs>DB Administrator</attrdefs>
				<attrdomv>
					<rdom>
						<rdommin>10</rdommin>
						<rdommax>15500</rdommax>
						<attrmres>10</attrmres>
					</rdom>
				</attrdomv>
				<attalias Sync="TRUE">UniqueID</attalias><attrtype Sync="TRUE">SmallInteger</attrtype><attwidth Sync="TRUE">2</attwidth><atprecis Sync="TRUE">0</atprecis><attscale Sync="TRUE">0</attscale></attr>
			<attr>
				<attrlabl>Description</attrlabl>
				<attrdef>Field notes from the survey; points of interest</attrdef>
				<attrdefs>DB Administrator</attrdefs>
				<attrdomv>
					<udom>Text descriptions</udom>
				</attrdomv>
				<attalias Sync="TRUE">Description</attalias><attrtype Sync="TRUE">String</attrtype><attwidth Sync="TRUE">255</attwidth><atprecis Sync="TRUE">0</atprecis><attscale Sync="TRUE">0</attscale></attr>
			<attr>
				<attrlabl>Vegetation</attrlabl>
				<attrdef>Type of vegetation present in each habitat unit. Listed in order of abundance (Dominant, sub-dominant, present)</attrdef>
				<attrdefs>DB Administrator</attrdefs>
				<attrdomv>
					<edom>
						<edomv>SAV</edomv>
						<edomvd>Submerged Aquatic Vegetation</edomvd>
						<edomvds>http://pubs.usgs.gov/sir/2006/5025/</edomvds>
					</edom>
					<edom>
						<edomv>Algae</edomv>
						<edomvd>Algae covering rocks or floating</edomvd>
						<edomvds>http://pubs.usgs.gov/sir/2006/5025/</edomvds>
					</edom>
					<edom>
						<edomv>EMR</edomv>
						<edomvd>Emergent Aquatic Vegetation</edomvd>
						<edomvds>http://pubs.usgs.gov/sir/2006/5025/</edomvds>
					</edom>
					<edom>
						<edomv>LOG</edomv>
						<edomvd>Coarse woody debris in the river</edomvd>
						<edomvds>DB Administrator</edomvds>
					</edom>
					<edom>
						<edomv>DUCK</edomv>
						<edomvd>duckweed floating on the surface</edomvd>
						<edomvds>DB Administrator</edomvds>
					</edom>
				</attrdomv>
				<attalias Sync="TRUE">Vegetation</attalias><attrtype Sync="TRUE">String</attrtype><attwidth Sync="TRUE">255</attwidth><atprecis Sync="TRUE">0</atprecis><attscale Sync="TRUE">0</attscale></attr>
			<attr>
				<attrlabl>Substrate_All</attrlabl>
				<attrdef>Concatenated field showing dominant/sub-dominant substrate types</attrdef>
				<attrdefs>DB Administrator</attrdefs>
				<attrdomv>
					<edom>
						<edomv>BLD</edomv>
						<edomvd>Boulder</edomvd>
						<edomvds>http://pubs.usgs.gov/sir/2006/5025/</edomvds>
					</edom>
					<edom>
						<edomv>GR</edomv>
						<edomvd>Gravel</edomvd>
						<edomvds>http://pubs.usgs.gov/sir/2006/5025/</edomvds>
					</edom>
					<edom>
						<edomv>CB</edomv>
						<edomvd>Cobble</edomvd>
						<edomvds>http://pubs.usgs.gov/sir/2006/5025/</edomvds>
					</edom>
					<edom>
						<edomv>SA</edomv>
						<edomvd>Sand</edomvd>
						<edomvds>http://pubs.usgs.gov/sir/2006/5025/</edomvds>
					</edom>
					<edom>
						<edomv>BR</edomv>
						<edomvd>Bedrock</edomvd>
						<edomvds>http://pubs.usgs.gov/sir/2006/5025/</edomvds>
					</edom>
					<edom>
						<edomv>SI</edomv>
						<edomvd>Silt</edomvd>
						<edomvds>http://pubs.usgs.gov/sir/2006/5025/</edomvds>
					</edom>
				</attrdomv>
				<attalias Sync="TRUE">Substrate_All</attalias><attrtype Sync="TRUE">String</attrtype><attwidth Sync="TRUE">255</attwidth><atprecis Sync="TRUE">0</atprecis><attscale Sync="TRUE">0</attscale></attr>
			<attr>
				<attrlabl>Substrate_1</attrlabl>
				<attrdef>Dominant substrate type</attrdef>
				<attrdefs>DB Administrator</attrdefs>
				<attrdomv>
					<edom>
						<edomv>BLD</edomv>
						<edomvd>Boulder</edomvd>
						<edomvds>http://pubs.usgs.gov/sir/2006/5025/</edomvds>
					</edom>
					<edom>
						<edomv>CB</edomv>
						<edomvd>Cobble</edomvd>
						<edomvds>http://pubs.usgs.gov/sir/2006/5025/</edomvds>
					</edom>
					<edom>
						<edomv>GR</edomv>
						<edomvd>Gravel</edomvd>
						<edomvds>http://pubs.usgs.gov/sir/2006/5025/</edomvds>
					</edom>
					<edom>
						<edomv>SA</edomv>
						<edomvd>Sand</edomvd>
						<edomvds>http://pubs.usgs.gov/sir/2006/5025/</edomvds>
					</edom>
					<edom>
						<edomv>BR</edomv>
						<edomvd>Bedrock</edomvd>
						<edomvds>http://pubs.usgs.gov/sir/2006/5025/</edomvds>
					</edom>
					<edom>
						<edomv>SI</edomv>
						<edomvd>Silt</edomvd>
						<edomvds>http://pubs.usgs.gov/sir/2006/5025/</edomvds>
					</edom>
				</attrdomv>
				<attalias Sync="TRUE">Sub_1</attalias><attrtype Sync="TRUE">String</attrtype><attwidth Sync="TRUE">255</attwidth><atprecis Sync="TRUE">0</atprecis><attscale Sync="TRUE">0</attscale></attr>
			<attr>
				<attrlabl>Subtrate_2</attrlabl>
				<attrdef>Sub-dominant substrate type</attrdef>
				<attrdefs>DB Administrator</attrdefs>
				<attrdomv>
					<edom>
						<edomv>BLD</edomv>
						<edomvd>Boulder</edomvd>
						<edomvds>http://pubs.usgs.gov/sir/2006/5025/</edomvds>
					</edom>
					<edom>
						<edomv>CB</edomv>
						<edomvd>Cobble</edomvd>
						<edomvds>http://pubs.usgs.gov/sir/2006/5025/</edomvds>
					</edom>
					<edom>
						<edomv>GR</edomv>
						<edomvd>Gravel</edomvd>
						<edomvds>http://pubs.usgs.gov/sir/2006/5025/</edomvds>
					</edom>
					<edom>
						<edomv>SA</edomv>
						<edomvd>Sand</edomvd>
						<edomvds>http://pubs.usgs.gov/sir/2006/5025/</edomvds>
					</edom>
					<edom>
						<edomv>BR</edomv>
						<edomvd>Bedrock</edomvd>
						<edomvds>http://pubs.usgs.gov/sir/2006/5025/</edomvds>
					</edom>
					<edom>
						<edomv>SI</edomv>
						<edomvd>Silt</edomvd>
						<edomvds>http://pubs.usgs.gov/sir/2006/5025/</edomvds>
					</edom>
				</attrdomv>
				<attalias Sync="TRUE">Sub_2</attalias><attrtype Sync="TRUE">String</attrtype><attwidth Sync="TRUE">255</attwidth><atprecis Sync="TRUE">0</atprecis><attscale Sync="TRUE">0</attscale></attr>
			<attr>
				<attrlabl>Channel_Width_ft</attrlabl>
				<attrdef>Width measured with a range finder.  Converted from yards to feet.</attrdef>
				<attrdefs>DB Administrator</attrdefs>
				<attrdomv>
					<rdom>
						<rdommin>0</rdommin>
						<rdommax>705</rdommax>
						<attrunit>feet</attrunit>
						<attrmres>6 feet</attrmres>
					</rdom>
				</attrdomv>
				<attalias Sync="TRUE">Chan_Width_ft</attalias><attrtype Sync="TRUE">Double</attrtype><attwidth Sync="TRUE">8</attwidth><atprecis Sync="TRUE">0</atprecis><attscale Sync="TRUE">0</attscale></attr>
			<attr>
				<attrlabl>Average_Depth_ft</attrlabl>
				<attrdef>Water depth in feet</attrdef>
				<attrdefs>DB Administrator</attrdefs>
				<attrdomv>
					<rdom>
						<rdommin>0</rdommin>
						<rdommax>20</rdommax>
						<attrunit>feet</attrunit>
						<attrmres>.25 feet</attrmres>
					</rdom>
				</attrdomv>
				<attalias Sync="TRUE">Avg_Depth_ft</attalias><attrtype Sync="TRUE">Double</attrtype><attwidth Sync="TRUE">8</attwidth><atprecis Sync="TRUE">0</atprecis><attscale Sync="TRUE">0</attscale></attr>
			<attr>
				<attrlabl>Max_Depth_ft</attrlabl>
				<attrdef>Maximum water depth within habitat unit, in feet</attrdef>
				<attrdefs>DB Administrator</attrdefs>
				<attrdomv>
					<rdom>
						<rdommin>0</rdommin>
						<rdommax>35</rdommax>
						<attrunit>feet</attrunit>
						<attrmres>.25 feet</attrmres>
					</rdom>
				</attrdomv>
				<attalias Sync="TRUE">Max_Depth_ft</attalias><attrtype Sync="TRUE">Double</attrtype><attwidth Sync="TRUE">8</attwidth><atprecis Sync="TRUE">0</atprecis><attscale Sync="TRUE">0</attscale></attr>
			<attr>
				<attrlabl>From_pt</attrlabl>
				<attrdef>Unique id of current habitat unit</attrdef>
				<attrdefs>DB Administrator</attrdefs>
				<attrdomv>
					<rdom>
						<rdommin>10</rdommin>
						<rdommax>15500</rdommax>
						<attrmres>10</attrmres>
					</rdom>
				</attrdomv>
				<attalias Sync="TRUE">From_pt</attalias><attrtype Sync="TRUE">Double</attrtype><attwidth Sync="TRUE">8</attwidth><atprecis Sync="TRUE">0</atprecis><attscale Sync="TRUE">0</attscale></attr>
			<attr>
				<attrlabl>To_pt</attrlabl>
				<attrdef>Downstream habitat unit</attrdef>
				<attrdefs>DB Administrator</attrdefs>
				<attrdomv>
					<rdom>
						<rdommin>10</rdommin>
						<rdommax>15500</rdommax>
						<attrmres>10</attrmres>
					</rdom>
				</attrdomv>
				<attalias Sync="TRUE">To_pt</attalias><attrtype Sync="TRUE">Double</attrtype><attwidth Sync="TRUE">8</attwidth><atprecis Sync="TRUE">0</atprecis><attscale Sync="TRUE">0</attscale></attr>
			<attr>
				<attrlabl>Survey_date</attrlabl>
				<attrdef>Date when data was collected</attrdef>
				<attrdefs>DB Administrator</attrdefs>
				<attrdomv>
					<rdom>
						<rdommin>2007</rdommin>
						<rdommax>2009</rdommax>
						<attrunit>dates</attrunit>
						<attrmres>1 day</attrmres>
					</rdom>
				</attrdomv>
				<attalias Sync="TRUE">Survey_date</attalias><attrtype Sync="TRUE">String</attrtype><attwidth Sync="TRUE">255</attwidth><atprecis Sync="TRUE">0</atprecis><attscale Sync="TRUE">0</attscale></attr>
		</detailed>
		<overview>
			<eaover>The attributes contained in this dataset describe physical habitat characteristics in the river.  They represent conditions during summer low-flow periods when canoeing was possible.</eaover>
			<eadetcit>The data is derived from GPS field surveys and GIS editing to complete habitat units around islands or river bends.  Many of the attribute values are described in detail in USGS Scientific Investigations Report http://pubs.usgs.gov/sir/2006/5025/ .</eadetcit>
		</overview>
	</eainfo>
	<distinfo>
		<distrib>
			<cntinfo>
				<cntorgp>
					<cntorg>U.S. Geological Survey</cntorg>
				</cntorgp>
				<cntpos>Ask USGS -- Water Webserver Team</cntpos>
				<cntaddr>
					<addrtype>physical address</addrtype>
					<address>445 National Center</address>
					<city>Reston</city>
					<state>VA</state>
					<postal>20129</postal>
					<country>USA</country>
				</cntaddr>
				<cntvoice>1-888-275-8747 (1-888-ASK-USGS)</cntvoice>
				<cntemail>http://answers.usgs.gov/cgi-bin/gsanswers?pemail=h2oteam&amp;subject=GIS+Dataset+DS_539_SF_ShenHabitat</cntemail>
			</cntinfo>
		</distrib>
		<resdesc>Downloadable Data</resdesc>
		<distliab>Although this data set has been used by the U.S. Geological Survey, U.S. Department of the Interior, no warranty expressed or implied is made by the U.S. Geological Survey as to the accuracy of the data and related materials. The act of distribution shall not constitute any such warranty, and no responsibility is assumed by the U.S. Geological Survey in the use of this data, software, or related materials. Any use of trade, product, or firm names is for descriptive purposes only and does not imply endorsement by the U.S. Government.</distliab>
		<stdorder>
			<digform>
				<digtinfo>
					<formname>Geodatabase</formname>
					<formverd>08102010</formverd>
					<formspec>Geodatabase with Line feature classes for habitat</formspec>
					<formcont>Multiple line feature classes for the North Fork and South Fork Shenandoah Rivers</formcont>
					<filedec>zipped</filedec>
					<transize>0.419</transize>
				</digtinfo>
				<digtopt>
					<onlinopt>
						<computer>
							<networka>
								<networkr>http://water.usgs.gov/GIS/dsdl/DS_539_Shenandoah_Habitat.zip</networkr>
							</networka>
						</computer>
					</onlinopt>
				</digtopt>
			</digform>
			<fees>none. This dataset is provided by USGS as a public service</fees>
			<digform>
				<digtinfo>
					<formspec>ESRI Shapefile</formspec>
					<formcont>Line feature with attributes of the North Fork Shenandoah River</formcont>
					<filedec>zip</filedec>
					<formname>Shapefile</formname>
					<formverd>08102010</formverd>
				</digtinfo>
				<digtopt>
					<onlinopt>
						<computer>
							<networka><networkr>http://water.usgs.gov/GIS/dsdl/DS_539_NF_ShenHab_SHAPE.zip</networkr></networka>
						</computer>
					</onlinopt>
				</digtopt>
			</digform>
			<digform>
				<digtinfo>
					<formname>Shapefile</formname>
					<formverd>08102010</formverd>
					<formcont>Line feature and attributes of the South Fork Shenandoah River</formcont>
					<filedec>zip</filedec>
					<formspec>ESRI shapefile</formspec>
				</digtinfo>
				<digtopt><onlinopt><computer><networka><networkr>http://water.usgs.gov/GIS/dsdl/DS_539_SF_ShenHab_SHAPE.zip</networkr>
							</networka>
						</computer>
					</onlinopt>
				</digtopt>
			</digform>
		</stdorder>
	</distinfo>
	<metainfo>
		<metd Sync="TRUE">20101018</metd>
		<metrd>20100920</metrd>
		<metc>
			<cntinfo>
				<cntorgp>
					<cntorg>U.S. Geological Survey</cntorg>
					<cntper>Ask USGS -- Water Webserver Team</cntper>
				</cntorgp>
				<cntaddr>
					<addrtype>mailing address</addrtype>
					<address>445 National Center</address>
					<city>Reston</city>
					<state>VA</state>
					<postal>20192</postal>
					<country>USA</country>
				</cntaddr>
				<cntvoice>1-888-275-8747 (1-888-ASK-USGS)</cntvoice>
				<cntemail>http://water.usgs.gov/user_feedback_form.html</cntemail>
			</cntinfo>
		</metc>
		<metstdn Sync="TRUE">FGDC Content Standards for Digital Geospatial Metadata</metstdn>
		<metstdv Sync="TRUE">FGDC-STD-001-1998</metstdv>
		<langmeta Sync="TRUE">en</langmeta><mettc Sync="TRUE">local time</mettc><metextns><onlink Sync="TRUE">http://www.esri.com/metadata/esriprof80.html</onlink><metprof Sync="TRUE">ESRI Metadata Profile</metprof></metextns></metainfo>
	<Esri><ModDate>20101018</ModDate><ModTime>12260300</ModTime><CreaDate>20101019</CreaDate><CreaTime>15362200</CreaTime><SyncOnce>FALSE</SyncOnce><SyncDate>20101018</SyncDate><SyncTime>12260300</SyncTime><MetaID>{D0D0BBB8-CCA6-474E-B2ED-9504D7C0EBF2}</MetaID></Esri><mdDateSt Sync="TRUE">20101018</mdDateSt><dataIdInfo><envirDesc Sync="TRUE">Microsoft Windows XP Version 5.1 (Build 2600) Service Pack 3; ESRI ArcCatalog 9.3.1.3000</envirDesc><dataLang><languageCode Sync="TRUE" value="en"></languageCode></dataLang><idCitation><resTitle Sync="TRUE">DS_539_SF_ShenHabitat</resTitle><presForm><PresFormCd Sync="TRUE" value="005"></PresFormCd></presForm></idCitation><spatRpType><SpatRepTypCd Sync="TRUE" value="001"></SpatRepTypCd></spatRpType><dataExt><geoEle><GeoBndBox esriExtentType="native"><westBL Sync="TRUE">691642.566868</westBL><eastBL Sync="TRUE">743698.226868</eastBL><northBL Sync="TRUE">4314362.209259</northBL><southBL Sync="TRUE">4240925.999259</southBL><exTypeCode Sync="TRUE">1</exTypeCode></GeoBndBox></geoEle></dataExt><geoBox esriExtentType="decdegrees"><westBL Sync="TRUE">-78.808504</westBL><eastBL Sync="TRUE">-78.188105</eastBL><northBL Sync="TRUE">38.95728</northBL><southBL Sync="TRUE">38.283344</southBL><exTypeCode Sync="TRUE">1</exTypeCode></geoBox></dataIdInfo><mdLang><languageCode Sync="TRUE" value="en"></languageCode></mdLang><mdStanName Sync="TRUE">ISO 19115 Geographic Information - Metadata</mdStanName><mdStanVer Sync="TRUE">DIS_ESRI1.0</mdStanVer><mdChar><CharSetCd Sync="TRUE" value="004"></CharSetCd></mdChar><mdHrLv><ScopeCd Sync="TRUE" value="005"></ScopeCd></mdHrLv><mdHrLvName Sync="TRUE">dataset</mdHrLvName><distInfo><distributor><distorTran><onLineSrc><orDesc Sync="TRUE">002</orDesc><linkage Sync="TRUE">file://</linkage><protocol Sync="TRUE">Local Area Network</protocol></onLineSrc></distorTran><distorFormat><formatName Sync="TRUE">Personal GeoDatabase Feature Class</formatName></distorFormat></distributor></distInfo><refSysInfo><RefSystem><refSysID><identCode Sync="TRUE">NAD_1983_UTM_Zone_17N</identCode></refSysID></RefSystem></refSysInfo><spatRepInfo><VectSpatRep><topLvl><TopoLevCd Sync="TRUE" value="001"></TopoLevCd></topLvl><geometObjs Name="DS_539_SF_ShenHabitat"><geoObjTyp><GeoObjTypCd Sync="TRUE" value="001"></GeoObjTypCd></geoObjTyp><geoObjCnt Sync="TRUE">1293</geoObjCnt></geometObjs></VectSpatRep></spatRepInfo></metadata>
