<metadata xml:lang="en"><Esri><CreaDate>20110113</CreaDate><CreaTime>10362100</CreaTime><SyncOnce>FALSE</SyncOnce><ModDate>20140703</ModDate><ModTime>17155900</ModTime><SyncDate>20140703</SyncDate><SyncTime>17155900</SyncTime><MetaID>{E6D414B9-B04F-4562-AC3F-9FD22C92166D}</MetaID><DataProperties><lineage><Process ToolSource="c:\program files (x86)\arcgis\desktop10.1\ArcToolbox\Toolboxes\Data Management Tools.tbx\CalculateField" Date="20140324" Time="123917" Name="" export="">CalculateField BB_Service_Wireless EndUserCat "5" VB #</Process><Process ToolSource="c:\program files (x86)\arcgis\desktop10.1\ArcToolbox\Toolboxes\Data Management Tools.tbx\RepairGeometry" Date="20140324" Time="125344" Name="" export="">RepairGeometry C:\Temp\Broadband\MAIN.gdb\NATL_Broadband_Map/BB_Service_Wireless DELETE_NULL</Process><Process ToolSource="c:\program files (x86)\arcgis\desktop10.1\ArcToolbox\Toolboxes\Data Management Tools.tbx\CalculateField" Date="20140325" Time="144818" Name="" export="">CalculateField BB_Service_Wireless PROVNAME UCase( [PROVNAME] ) VB #</Process><Process ToolSource="c:\program files (x86)\arcgis\desktop10.1\ArcToolbox\Toolboxes\Data Management Tools.tbx\CalculateField" Date="20140325" Time="144839" Name="" export="">CalculateField BB_Service_Wireless DBANAME UCase( [DBANAME]) VB #</Process><Process ToolSource="c:\program files (x86)\arcgis\desktop10.1\ArcToolbox\Toolboxes\Data Management Tools.tbx\CalculateField" Date="20140327" Time="133452" Name="" export="">CalculateField BB_Service_Wireless TYPICDOWN "ZZ" VB #</Process><Process ToolSource="c:\program files (x86)\arcgis\desktop10.1\ArcToolbox\Toolboxes\Data Management Tools.tbx\CalculateField" Date="20140327" Time="133458" Name="" export="">CalculateField BB_Service_Wireless TYPICUP "ZZ" VB #</Process><Process ToolSource="c:\program files (x86)\arcgis\desktop10.1\ArcToolbox\Toolboxes\Data Management Tools.tbx\CalculateField" Date="20140327" Time="162944" Name="" export="">CalculateField BB_Service_Wireless MAXADDOWN 4 VB #</Process><Process ToolSource="c:\program files (x86)\arcgis\desktop10.1\ArcToolbox\Toolboxes\Data Management Tools.tbx\CalculateField" Date="20140327" Time="163118" Name="" export="">CalculateField BB_Service_Wireless TYPICDOWN [TYPICUP] VB #</Process><Process ToolSource="c:\Program Files (x86)\ArcGIS\Desktop10.0\ArcToolbox\Toolboxes\Data Management Tools.tbx\CalculateField" Date="20140424" Time="173645">CalculateField Wireless_TYPICDOWN TYPICDOWN '0' PYTHON #</Process><Process ToolSource="c:\Program Files (x86)\ArcGIS\Desktop10.0\ArcToolbox\Toolboxes\Data Management Tools.tbx\CalculateField" Date="20140424" Time="173647">CalculateField Wireless_TYPICUP TYPICUP '0' PYTHON #</Process><Process ToolSource="c:\Program Files (x86)\ArcGIS\Desktop10.0\ArcToolbox\Toolboxes\Data Management Tools.tbx\CalculateField" Date="20140424" Time="173650">CalculateField Wireless_DBAName_SPACE DBANAME !DBANAME!.strip(' ') PYTHON_9.3 #</Process><Process ToolSource="c:\Program Files (x86)\ArcGIS\Desktop10.0\ArcToolbox\Toolboxes\Data Management Tools.tbx\CalculateField" Date="20140424" Time="173651">CalculateField Wireless_PROVNAME_SPACE PROVNAME !PROVNAME!.strip(' ') PYTHON #</Process><Process ToolSource="c:\Program Files (x86)\ArcGIS\Desktop10.0\ArcToolbox\Toolboxes\Data Management Tools.tbx\DeleteField" Date="20140424" Time="214439">DeleteField C:/SpatialDATA/Spring2014/VA/VA_SBDD_2014_04_01.gdb/NATL_Broadband_Map/BB_Service_Wireless SBDD_ID</Process><Process ToolSource="c:\Program Files (x86)\ArcGIS\Desktop10.0\ArcToolbox\Toolboxes\Data Management Tools.tbx\AddField" Date="20140424" Time="214440">AddField C:/SpatialDATA/Spring2014/VA/VA_SBDD_2014_04_01.gdb/NATL_Broadband_Map/BB_Service_Wireless SBDD_ID TEXT # # 20 # NULLABLE NON_REQUIRED #</Process><Process ToolSource="c:\Program Files (x86)\ArcGIS\Desktop10.0\ArcToolbox\Toolboxes\Data Management Tools.tbx\CalculateField" Date="20140424" Time="214445">CalculateField C:/SpatialDATA/Spring2014/VA/VA_SBDD_2014_04_01.gdb/NATL_Broadband_Map/BB_Service_Wireless SBDD_ID '9-1-51-6-!OBJECTID!' PYTHON #</Process><Process ToolSource="c:\Program Files (x86)\ArcGIS\Desktop10.0\ArcToolbox\Toolboxes\Data Management Tools.tbx\CopyFeatures" Date="20140703" Time="171040">CopyFeatures BB_Service_WirelessVA C:/SpatialDATA/Spring2014/Processing2.gdb\Wireless # 0 0 0</Process><Process ToolSource="c:\Program Files (x86)\ArcGIS\Desktop10.0\ArcToolbox\Toolboxes\Data Management Tools.tbx\RepairGeometry" Date="20140703" Time="171555">RepairGeometry C:/SpatialDATA/Spring2014/Processing2.gdb\Wireless DELETE_NULL</Process><Process ToolSource="c:\Program Files (x86)\ArcGIS\Desktop10.0\ArcToolbox\Toolboxes\Data Management Tools.tbx\DeleteField" Date="20140703" Time="171556">DeleteField C:/SpatialDATA/Spring2014/Processing2.gdb\Wireless STATEABBR</Process><Process ToolSource="c:\Program Files (x86)\ArcGIS\Desktop10.0\ArcToolbox\Toolboxes\Data Management Tools.tbx\DeleteField" Date="20140703" Time="171557">DeleteField C:/SpatialDATA/Spring2014/Processing2.gdb\Wireless SBDD_ID</Process><Process ToolSource="c:\Program Files (x86)\ArcGIS\Desktop10.0\ArcToolbox\Toolboxes\Data Management Tools.tbx\CopyFeatures" Date="20140703" Time="171601">CopyFeatures C:/SpatialDATA/Spring2014/Processing2.gdb\Wireless C:\SpatialDATA\Spring2014\export\Shape\Wireless\Wireless.shp # 0 0 0</Process></lineage><itemProps><imsContentType export="False"></imsContentType><itemName Sync="TRUE">Wireless</itemName><nativeExtBox><westBL Sync="TRUE">-83.675417</westBL><eastBL Sync="TRUE">-75.166435</eastBL><southBL Sync="TRUE">36.540739</southBL><northBL Sync="TRUE">39.466012</northBL><exTypeCode Sync="TRUE">1</exTypeCode></nativeExtBox><itemLocation><linkage Sync="TRUE">file://\\P028417\SpatialDATA\Spring2014\export\Shape\Wireless\Wireless.shp</linkage><protocol Sync="TRUE">Local Area Network</protocol></itemLocation><itemSize Sync="TRUE">0.000</itemSize></itemProps><coordRef><type Sync="TRUE">Geographic</type><geogcsn Sync="TRUE">GCS_WGS_1984</geogcsn><csUnits Sync="TRUE">Angular Unit: Degree (0.017453)</csUnits><peXml Sync="TRUE">&lt;GeographicCoordinateSystem xsi:type='typens:GeographicCoordinateSystem' xmlns:xsi='http://www.w3.org/2001/XMLSchema-instance' xmlns:xs='http://www.w3.org/2001/XMLSchema' xmlns:typens='http://www.esri.com/schemas/ArcGIS/10.0'&gt;&lt;WKT&gt;GEOGCS[&amp;quot;GCS_WGS_1984&amp;quot;,DATUM[&amp;quot;D_WGS_1984&amp;quot;,SPHEROID[&amp;quot;WGS_1984&amp;quot;,6378137.0,298.257223563]],PRIMEM[&amp;quot;Greenwich&amp;quot;,0.0],UNIT[&amp;quot;Degree&amp;quot;,0.0174532925199433],AUTHORITY[&amp;quot;EPSG&amp;quot;,4326]]&lt;/WKT&gt;&lt;XOrigin&gt;-399.99999999999989&lt;/XOrigin&gt;&lt;YOrigin&gt;-399.99999999999989&lt;/YOrigin&gt;&lt;XYScale&gt;11258999068426.24&lt;/XYScale&gt;&lt;ZOrigin&gt;-100000&lt;/ZOrigin&gt;&lt;ZScale&gt;10000&lt;/ZScale&gt;&lt;MOrigin&gt;-100000&lt;/MOrigin&gt;&lt;MScale&gt;10000&lt;/MScale&gt;&lt;XYTolerance&gt;8.9831528411952133e-009&lt;/XYTolerance&gt;&lt;ZTolerance&gt;0.001&lt;/ZTolerance&gt;&lt;MTolerance&gt;0.001&lt;/MTolerance&gt;&lt;HighPrecision&gt;true&lt;/HighPrecision&gt;&lt;LeftLongitude&gt;-180&lt;/LeftLongitude&gt;&lt;WKID&gt;4326&lt;/WKID&gt;&lt;/GeographicCoordinateSystem&gt;</peXml></coordRef></DataProperties><scaleRange><minScale>150000000</minScale><maxScale>5000</maxScale></scaleRange><ArcGISFormat>1.0</ArcGISFormat><ArcGISProfile>FGDC</ArcGISProfile></Esri><idinfo><native Sync="TRUE">Microsoft Windows XP Version 5.1 (Build 2600) Service Pack 3; ESRI ArcCatalog 9.3.1.3000</native><descript><langdata Sync="TRUE">en</langdata><abstract>This layer represents the National Telecommunications Information Administration (NTIA) State Broadband Data Development Program (SBDD) wireless broadband availability. The areas defined in this data are for those facilities-based providers of wireless broadband service that is not address specific (e.g., nomadic, terrestrial mobile wireless, or satellite) and depict areas in which broadband service is available to end users. For this purpose, an "end user" of broadband service is a residential or business party, institution, or state or local government entity that may use broadband service for its own purposes and that does not resell such service to other entities or incorporate such service into retail Internet-access service. Internet Service Providers (ISPs) are not "end users" for this purpose. An entity is a "facilities-based" provider of broadband service connections to end user locations if any of the following conditions are met: (1) it owns the portion of the physical facility that terminates at the end user location; (2) it obtains unbundled network elements (UNEs), special access lines, or other leased facilities that terminate at the end user location and provisions/equips them as broadband; or (3) it provisions/equips a broadband wireless channel to the end user location over licensed or unlicensed spectrum. For this purpose, "broadband service" is "available" at a location if the provider does, or could, within a typical service interval (7 to 10 business days) without an extraordinary commitment of resources, provision two-way data transmission with advertised speeds of at least 768 kilobits per second (kbps) downstream and greater than 200 kbps upstream to end-users at that location. For additional information visit NOFA (Notice of Funding Availability) website: http://www.ntia.doc.gov/broadbandgrants/nofa.html</abstract><supplinf>REQUIRED. In this section include particular information on the processes and source information used to create this dataset.</supplinf></descript><citation><citeinfo><title Sync="TRUE">BB_Service_Wireless</title><ftname Sync="TRUE">BB_Service_Wireless</ftname><geoform Sync="TRUE">vector digital data</geoform><onlink Sync="TRUE">\\P028402\F$\DATA_MODEL_SPRING_2011\Working_3.gdb</onlink><origin>REQUIRED.</origin><pubdate>REQUIRED.</pubdate><pubtime>REQUIRED.</pubtime><edition>REQUIRED.</edition><othercit>REQUIRED.</othercit></citeinfo></citation><spdom><bounding><westbc Sync="TRUE">REQUIRED: Western-most coordinate of the limit of coverage expressed in longitude.</westbc><eastbc Sync="TRUE">REQUIRED: Eastern-most coordinate of the limit of coverage expressed in longitude.</eastbc><northbc Sync="TRUE">REQUIRED: Northern-most coordinate of the limit of coverage expressed in latitude.</northbc><southbc Sync="TRUE">REQUIRED: Southern-most coordinate of the limit of coverage expressed in latitude.</southbc></bounding></spdom><keywords><theme><themekey>Utilities</themekey><themekey>Communication</themekey><themekey>Broadband</themekey></theme></keywords><accconst>None</accconst><useconst>There are no restrictions on distribution of the data by users.  The user will cite the National Broadband Map as the original source of the data, but will clearly denote cases where the original data have been updated, modified, or in any way altered from the original condition.

The boundary information in the data are for statistical data collection and tabulation purposes; their depiction and designation for statistical purposes does not constitute a determination of jurisdiction authority or rights of ownership or entitlement and they are not legal land descriptions.  

The Federal Communications Commission (FCC) and the National Telecommunication Administration (NTIA) make no representations or warranties regarding the accuracy of data or maps. The user will not seek to hold the FCC or the NTIA liable under any circumstances for any damages with respect to any claim by the user or any third party on account of or arising from the use of data or maps. This data may not be suitable for high-precision measurement applications such as engineering problems, property transfers or other uses that might require highly accurate measurements of the earth’s surface.</useconst><natvform Sync="TRUE">File Geodatabase Feature Class</natvform><ptcontac><cntinfo><cntperp><cntper>REQUIRED</cntper><cntorg>REQUIRED</cntorg></cntperp><cntpos>REQUIRED</cntpos><cntvoice>REQUIRED</cntvoice><cnttdd>REQUIRED</cnttdd><cntfax>REQUIRED</cntfax><cntemail>REQUIRED</cntemail><cntinst>REQUIRED</cntinst></cntinfo></ptcontac></idinfo><dataIdInfo><envirDesc Sync="TRUE">Microsoft Windows Server 2008 R2 Version 6.1 (Build 7601) Service Pack 1; ESRI ArcGIS 10.0.0.2414</envirDesc><dataLang><languageCode Sync="FALSE" value="eng" country="USA"/><countryCode value="USA" Sync="TRUE"></countryCode></dataLang><idCitation xmlns=""><resTitle Sync="TRUE">Wireless</resTitle><date><pubDate>2014-04-01T00:00:00</pubDate></date><citRespParty xmlns=""><rpIndName>Gerard Bernhardt</rpIndName><rpOrgName>Virginia Information Technology Agency</rpOrgName><rpPosName>GIS Analyst</rpPosName><role><RoleCd value="006"></RoleCd></role><rpCntInfo xmlns=""><cntAddress addressType="physical"><delPoint>11751 Meadowville Lane</delPoint><city>Chester</city><adminArea>VA</adminArea><postCode>23836</postCode><eMailAdd>gerard.bernhardt@vita.virginia.gov</eMailAdd><country>US</country></cntAddress><cntPhone><voiceNum tddtty="">804.416.6208</voiceNum></cntPhone><cntHours>0900 - 1700 EST</cntHours><cntInstr>Contact by phone or email.</cntInstr></rpCntInfo></citRespParty><presForm><PresFormCd value="005" Sync="TRUE"></PresFormCd></presForm></idCitation><idPurp>The Virginia Center for Innovative Technology (CIT) was designated by the Governor of Virginia as the primary point of contact for all Commonwealth of Virginia participation in the National Broadband Mapping Project.  CIT works in conjunction with the Virginia Information Technologies Agency’s (VITA) Virginia Geographic Information Network (VGIN) to review, process, normalize and submit the information outlined in the  National Telecommunications and Information Administration’s (NTIA)  Notice of Funding Availability (NOFA) establishing a Virginia iteration of the National Broadband Map.</idPurp><idAbs>&lt;DIV STYLE="text-align:Left;"&gt;&lt;DIV&gt;&lt;P&gt;&lt;SPAN&gt;This layer represents the National Telecommunications Information Administration (NTIA) State Broadband Data Development Program (SBDD) wireless broadband availability. The areas defined in this data are for those facilities-based providers of wireless broadband service that is not address specific (e.g., nomadic, terrestrial mobile wireless, or satellite) and depict areas in which broadband service is available to end users. For this purpose, an "end user" of broadband service is a residential or business party, institution, or state or local government entity that may use broadband service for its own purposes and that does not resell such service to other entities or incorporate such service into retail Internet-access service. Internet Service Providers (ISPs) are not "end users" for this purpose. An entity is a "facilities-based" provider of broadband service connections to end user locations if any of the following conditions are met: (1) it owns the portion of the physical facility that terminates at the end user location; (2) it obtains unbundled network elements (UNEs), special access lines, or other leased facilities that terminate at the end user location and provisions/equips them as broadband; or (3) it provisions/equips a broadband wireless channel to the end user location over licensed or unlicensed spectrum. For this purpose, "broadband service" is "available" at a location if the provider does, or could, within a typical service interval (7 to 10 business days) without an extraordinary commitment of resources, provision two-way data transmission with advertised speeds of at least 768 kilobits per second (kbps) downstream and greater than 200 kbps upstream to end-users at that location. For additional information visit NOFA (Notice of Funding Availability) website: http://www.ntia.doc.gov/broadbandgrants/nofa.html&lt;/SPAN&gt;&lt;/P&gt;&lt;/DIV&gt;&lt;/DIV&gt;</idAbs><idCredit>Data was processed by VGIN under the direction of CIT.</idCredit><searchKeys><keyword>Utilities</keyword><keyword>Communication</keyword><keyword>Broadband</keyword></searchKeys><resConst><Consts xmlns=""><useLimit>&lt;DIV STYLE="text-align:Left;"&gt;&lt;DIV&gt;&lt;P&gt;&lt;SPAN&gt;There are no restrictions on distribution of the data by users. The user will cite the National Broadband Map as the original source of the data, but will clearly denote cases where the original data have been updated, modified, or in any way altered from the original condition. The boundary information in the data are for statistical data collection and tabulation purposes; their depiction and designation for statistical purposes does not constitute a determination of jurisdiction authority or rights of ownership or entitlement and they are not legal land descriptions. The Federal Communications Commission (FCC) and the National Telecommunication Administration (NTIA) make no representations or warranties regarding the accuracy of data or maps. The user will not seek to hold the FCC or the NTIA liable under any circumstances for any damages with respect to any claim by the user or any third party on account of or arising from the use of data or maps. This data may not be suitable for high-precision measurement applications such as engineering problems, property transfers or other uses that might require highly accurate measurements of the earth’s surface.&lt;/SPAN&gt;&lt;/P&gt;&lt;/DIV&gt;&lt;/DIV&gt;</useLimit></Consts></resConst><dataChar><CharSetCd value="004"></CharSetCd></dataChar><dataExt xmlns=""><geoEle xmlns=""><GeoBndBox><westBL>-83.675395</westBL><eastBL>-75.166435</eastBL><southBL>36.540759</southBL><northBL>39.466012</northBL></GeoBndBox></geoEle></dataExt><idPoC xmlns=""><rpIndName>Gerard Bernhardt</rpIndName><rpOrgName>Virginia Information Technology Agency</rpOrgName><rpPosName>GIS Analyst</rpPosName><role><RoleCd value="006"/></role><rpCntInfo xmlns=""><cntAddress addressType="physical"><delPoint>11751 Meadowville Lane</delPoint><city>Chester</city><adminArea>VA</adminArea><postCode>23836</postCode><eMailAdd>gerard.bernhardt@vita.virginia.gov</eMailAdd><country>US</country></cntAddress><cntPhone><voiceNum tddtty="">804.416.6208</voiceNum></cntPhone><cntHours>0900 - 1700 EST</cntHours><cntInstr>Contact by phone or email.</cntInstr></rpCntInfo><displayName>Gerard Bernhardt</displayName></idPoC><resMaint xmlns=""><maintFreq><MaintFreqCd value="007"></MaintFreqCd></maintFreq><dateNext>2014-10-01T00:00:00</dateNext></resMaint><tpCat><TopicCatCd value="005"/></tpCat><tpCat><TopicCatCd value="015"/></tpCat><tpCat><TopicCatCd value="019"/></tpCat><spatRpType><SpatRepTypCd value="001" Sync="TRUE"></SpatRepTypCd></spatRpType><dataExt><geoEle><GeoBndBox esriExtentType="search"><exTypeCode Sync="TRUE">1</exTypeCode><westBL Sync="TRUE">-83.675417</westBL><eastBL Sync="TRUE">-75.166435</eastBL><northBL Sync="TRUE">39.466012</northBL><southBL Sync="TRUE">36.540739</southBL></GeoBndBox></geoEle></dataExt><descKeys><thesaName uuidref="723f6998-058e-11dc-8314-0800200c9a66"></thesaName><keyword Sync="TRUE">002</keyword></descKeys></dataIdInfo><metainfo><langmeta Sync="TRUE">en</langmeta><metstdn Sync="TRUE">FGDC Content Standards for Digital Geospatial Metadata</metstdn><metstdv Sync="TRUE">FGDC-STD-001-1998</metstdv><mettc Sync="TRUE">local time</mettc><metd Sync="TRUE">20110113</metd><metextns><metprof>National Broadband Map Data Transfer Model v 1.0.2</metprof></metextns></metainfo><mdLang><languageCode Sync="TRUE" value="eng"/><countryCode value="USA" Sync="TRUE"></countryCode></mdLang><mdStanName Sync="TRUE">ISO 19115 Geographic Information - Metadata</mdStanName><mdStanVer Sync="TRUE">DIS_ESRI1.0</mdStanVer><mdChar><CharSetCd Sync="TRUE" value="004"/></mdChar><mdHrLv><ScopeCd Sync="TRUE" value="005"/></mdHrLv><mdHrLvName Sync="TRUE">dataset</mdHrLvName><distinfo><resdesc Sync="TRUE">Downloadable Data</resdesc></distinfo><distInfo xmlns=""><distFormat xmlns=""><formatName>NTIA broadband map</formatName><formatVer>April 2014</formatVer></distFormat><distTranOps><transSize Sync="TRUE">0.000</transSize></distTranOps></distInfo><spdoinfo><direct Sync="TRUE">Vector</direct><ptvctinf><esriterm Name="Wireless"><efeatyp Sync="TRUE">Simple</efeatyp><efeageom Sync="TRUE">4</efeageom><esritopo Sync="TRUE">FALSE</esritopo><efeacnt Sync="TRUE">0</efeacnt><spindex Sync="TRUE">FALSE</spindex><linrefer Sync="TRUE">FALSE</linrefer></esriterm></ptvctinf></spdoinfo><spref><horizsys><cordsysn><geogcsn Sync="TRUE">GCS_WGS_1984</geogcsn></cordsysn><geograph><geogunit Sync="TRUE">Decimal degrees</geogunit><latres Sync="TRUE">0.000000</latres><longres Sync="TRUE">0.000000</longres></geograph><geodetic><horizdn Sync="TRUE">D_WGS_1984</horizdn><ellips Sync="TRUE">WGS_1984</ellips><semiaxis Sync="TRUE">6378137.000000</semiaxis><denflat Sync="TRUE">298.257224</denflat></geodetic></horizsys><vertdef><altsys><altenc Sync="TRUE">Explicit elevation coordinate included with horizontal coordinates</altenc><altres Sync="TRUE">0.000100</altres></altsys></vertdef></spref><refSysInfo><RefSystem><refSysID><identCode Sync="TRUE" code="4326">GCS_WGS_1984</identCode><idCodeSpace Sync="TRUE">EPSG</idCodeSpace><idVersion Sync="TRUE">7.4.1</idVersion></refSysID></RefSystem></refSysInfo><spatRepInfo><VectSpatRep><geometObjs Name="BB_Service_Wireless"><geoObjTyp><GeoObjTypCd value="002" Sync="TRUE"></GeoObjTypCd><geoObjCnt Sync="TRUE">0</geoObjCnt></geoObjTyp><geoObjCnt Sync="TRUE">45</geoObjCnt></geometObjs><topLvl><TopoLevCd value="001" Sync="TRUE"></TopoLevCd></topLvl></VectSpatRep></spatRepInfo><eainfo><detailed Name="Wireless" xmlns=""><enttyp><enttypl Sync="TRUE">Wireless</enttypl><enttypt Sync="TRUE">Feature Class</enttypt><enttypc Sync="TRUE">0</enttypc><enttypd>The areas defined in this data are for those facilities-based providers of wireless broadband service that is not address specific (e.g., nomadic, terrestrial mobile wireless, or satellite) and depict areas in which broadband service is available to end users.</enttypd><enttypds>NTIA</enttypds></enttyp><attr xmlns=""><attrlabl Sync="TRUE">SHAPE</attrlabl><attalias Sync="TRUE">Shape</attalias><attrtype Sync="TRUE">Geometry</attrtype><attwidth Sync="TRUE">0</attwidth><atprecis Sync="TRUE">0</atprecis><attscale Sync="TRUE">0</attscale><attrdef Sync="TRUE">Feature geometry.</attrdef><attrdefs Sync="TRUE">ESRI</attrdefs><attrdomv><udom Sync="TRUE">Coordinates defining the features.</udom></attrdomv></attr><attr xmlns=""><attrlabl Sync="TRUE">PROVNAME</attrlabl><attalias Sync="TRUE">PROVNAME</attalias><attrtype Sync="TRUE">String</attrtype><attwidth Sync="TRUE">200</attwidth><atprecis Sync="TRUE">0</atprecis><attscale Sync="TRUE">0</attscale><attrdef>Provider_Name</attrdef></attr><attr xmlns=""><attrlabl Sync="TRUE">DBANAME</attrlabl><attalias Sync="TRUE">DBANAME</attalias><attrtype Sync="TRUE">String</attrtype><attwidth Sync="TRUE">200</attwidth><atprecis Sync="TRUE">0</atprecis><attscale Sync="TRUE">0</attscale><attrdef>Doing-Business-As_Name</attrdef></attr><attr xmlns=""><attrlabl Sync="TRUE">FRN</attrlabl><attalias Sync="TRUE">FRN</attalias><attrtype Sync="TRUE">String</attrtype><attwidth Sync="TRUE">10</attwidth><atprecis Sync="TRUE">0</atprecis><attscale Sync="TRUE">0</attscale><attrdef>FCC_Registration_Number</attrdef><attrdefs>FCC</attrdefs></attr><attr xmlns=""><attrlabl Sync="TRUE">TRANSTECH</attrlabl><attalias Sync="TRUE">TRANSTECH</attalias><attrtype Sync="TRUE">SmallInteger</attrtype><attwidth Sync="TRUE">4</attwidth><atprecis Sync="TRUE">4</atprecis><attscale Sync="TRUE">0</attscale><attrdef>Technology_of_Transmission</attrdef></attr><attr xmlns=""><attrlabl Sync="TRUE">SPECTRUM</attrlabl><attalias Sync="TRUE">SPECTRUM</attalias><attrtype Sync="TRUE">SmallInteger</attrtype><attwidth Sync="TRUE">4</attwidth><atprecis Sync="TRUE">4</atprecis><attscale Sync="TRUE">0</attscale><attrdomv><edom><edomv>1</edomv><edomvd>is Cellular spectrum (824-849 MHz; 862-869) used to provide service</edomvd><edomvds>Spectrum Used Codes developed from Appendix</edomvds></edom><edom><edomv>2</edomv><edomvd>is 700 MHz spectrum (698-758 MHz; 775-788 MHz; 805-806 MHz) used to provide service</edomvd><edomvds>Spectrum Used Codes developed from Appendix</edomvds></edom><edom><edomv>3</edomv><edomvd>is Broadband Personal Communications Services spectrum (1850-1915 MHz; 1930-1995) used to provide service</edomvd><edomvds>Spectrum Used Codes developed from Appendix</edomvds></edom><edom><edomv>4</edomv><edomvd>is Advanced Wireless Services spectrum (1710-1755 MHz; 2100-2155) used to provide service</edomvd><edomvds>Spectrum Used Codes developed from Appendix</edomvds></edom><edom><edomv>5</edomv><edomvd>is Broadband Radio Service/Educational Broadband Service spectrum (2496-2690 MHz) used to provide service</edomvd><edomvds>Spectrum Used Codes developed from Appendix</edomvds></edom><edom><edomv>6</edomv><edomvd>is Unlicensed (including broadcast television “white spaces”) Spectrum Used to provide service</edomvd><edomvds>Spectrum Used Codes developed from Appendix</edomvds></edom><edom><edomv>7</edomv><edomvd>Specialized Mobile Radio Service (SMR) (817-824 MHz; 862-869 MHz; 896-901 MHz; 935-940 MHz)</edomvd><edomvds>Spectrum Used Codes developed from Appendix</edomvds></edom><edom><edomv>8</edomv><edomvd>Wireless Communications Service (WCS) spectrum (2305-2320 MHz; 2345-2360 MHz), 3650-3700 MHz</edomvd><edomvds>Spectrum Used Codes developed from Appendix</edomvds></edom><edom><edomv>9</edomv><edomvd>Satellite (L-band, Big LEO, Little LEO, 2 GHz)</edomvd><edomvds>Spectrum Used Codes developed from Appendix</edomvds></edom></attrdomv><attrdef>Spectrum Used Codes developed from Appendix </attrdef></attr><attr xmlns=""><attrlabl Sync="TRUE">MAXADDOWN</attrlabl><attalias Sync="TRUE">MAXADDOWN</attalias><attrtype Sync="TRUE">String</attrtype><attwidth Sync="TRUE">2</attwidth><atprecis Sync="TRUE">0</atprecis><attscale Sync="TRUE">0</attscale><attrdef>Maximum_Advertised_Downstream_Speed </attrdef></attr><attr xmlns=""><attrlabl Sync="TRUE">MAXADUP</attrlabl><attalias Sync="TRUE">MAXADUP</attalias><attrtype Sync="TRUE">String</attrtype><attwidth Sync="TRUE">2</attwidth><atprecis Sync="TRUE">0</atprecis><attscale Sync="TRUE">0</attscale><attrdef>Maximum_Advertised_Upstream_Speed </attrdef></attr><attr xmlns=""><attrlabl Sync="TRUE">TYPICDOWN</attrlabl><attalias Sync="TRUE">TYPICDOWN</attalias><attrtype Sync="TRUE">String</attrtype><attwidth Sync="TRUE">2</attwidth><atprecis Sync="TRUE">0</atprecis><attscale Sync="TRUE">0</attscale><attrdef>Typical_Downstream_Speed </attrdef></attr><attr xmlns=""><attrlabl Sync="TRUE">TYPICUP</attrlabl><attalias Sync="TRUE">TYPICUP</attalias><attrtype Sync="TRUE">String</attrtype><attwidth Sync="TRUE">2</attwidth><atprecis Sync="TRUE">0</atprecis><attscale Sync="TRUE">0</attscale><attrdef>Typical_Upstream_Speed </attrdef></attr><attr xmlns=""><attrlabl Sync="TRUE">SHAPE_Area</attrlabl><attalias Sync="TRUE">SHAPE_Area</attalias><attrtype Sync="TRUE">Double</attrtype><attwidth Sync="TRUE">19</attwidth><atprecis Sync="TRUE">0</atprecis><attscale Sync="TRUE">0</attscale><attrdef Sync="TRUE">Area of feature in internal units squared.</attrdef><attrdefs Sync="TRUE">ESRI</attrdefs><attrdomv><udom Sync="TRUE">Positive real numbers that are automatically generated.</udom></attrdomv></attr><subtype><stname Sync="TRUE">Asymmetric xDSL</stname><stcode Sync="TRUE">10</stcode><stfield><stfldnm Sync="TRUE">FRN</stfldnm><stflddv Sync="TRUE">9999</stflddv></stfield><stfield><stfldnm Sync="TRUE">SPECTRUM</stfldnm><stflddd><domname Sync="TRUE">SPECTRUM  USED</domname><domdesc Sync="TRUE">Spectrum Used Codes developed from Appendix</domdesc><domtype Sync="TRUE">Coded Value</domtype><mrgtype Sync="TRUE">Default value</mrgtype><splttype Sync="TRUE">Default value</splttype><domowner Sync="TRUE"></domowner><domfldtp Sync="TRUE">SmallInteger</domfldtp></stflddd><stflddv Sync="TRUE">-9</stflddv></stfield><stfield><stfldnm Sync="TRUE">MAXADDOWN</stfldnm><stflddd><domname Sync="TRUE">AxDSL Down</domname><domdesc Sync="TRUE">Allowable Download Speeds fo AxDSL</domdesc><domtype Sync="TRUE">Coded Value</domtype><mrgtype Sync="TRUE">Default value</mrgtype><splttype Sync="TRUE">Default value</splttype><domowner Sync="TRUE"></domowner><domfldtp Sync="TRUE">String</domfldtp></stflddd><stflddv Sync="TRUE">ZZ</stflddv></stfield><stfield><stfldnm Sync="TRUE">MAXADUP</stfldnm><stflddd><domname Sync="TRUE">AxDSL Up</domname><domdesc Sync="TRUE">Allowable Upload Speeds for AxDSL</domdesc><domtype Sync="TRUE">Coded Value</domtype><mrgtype Sync="TRUE">Default value</mrgtype><splttype Sync="TRUE">Default value</splttype><domowner Sync="TRUE"></domowner><domfldtp Sync="TRUE">String</domfldtp></stflddd><stflddv Sync="TRUE">ZZ</stflddv></stfield><stfield><stfldnm Sync="TRUE">TYPICDOWN</stfldnm><stflddd><domname Sync="TRUE">AxDSL Down</domname><domdesc Sync="TRUE">Allowable Download Speeds fo AxDSL</domdesc><domtype Sync="TRUE">Coded Value</domtype><mrgtype Sync="TRUE">Default value</mrgtype><splttype Sync="TRUE">Default value</splttype><domowner Sync="TRUE"></domowner><domfldtp Sync="TRUE">String</domfldtp></stflddd><stflddv Sync="TRUE">ZZ</stflddv></stfield><stfield><stfldnm Sync="TRUE">TYPICUP</stfldnm><stflddd><domname Sync="TRUE">AxDSL Up</domname><domdesc Sync="TRUE">Allowable Upload Speeds for AxDSL</domdesc><domtype Sync="TRUE">Coded Value</domtype><mrgtype Sync="TRUE">Default value</mrgtype><splttype Sync="TRUE">Default value</splttype><domowner Sync="TRUE"></domowner><domfldtp Sync="TRUE">String</domfldtp></stflddd><stflddv Sync="TRUE">ZZ</stflddv></stfield><stfield><stfldnm Sync="TRUE">STATEABBR</stfldnm><stflddd><domname Sync="TRUE">STUSPS</domname><domdesc Sync="TRUE">State Postal Abbreviation Values</domdesc><domtype Sync="TRUE">Coded Value</domtype><mrgtype Sync="TRUE">Default value</mrgtype><splttype Sync="TRUE">Default value</splttype><domowner Sync="TRUE"></domowner><domfldtp Sync="TRUE">String</domfldtp></stflddd></stfield><stfield><stfldnm Sync="TRUE">EndUserCat</stfldnm><stflddv Sync="TRUE">5</stflddv><stflddd><domname Sync="TRUE">End User Category</domname><domdesc Sync="TRUE">End User Category for CENSUS BLOCK, ROAD SEGMENT, AND WIRELESS</domdesc><domtype Sync="TRUE">Coded Value</domtype><mrgtype Sync="TRUE">Default value</mrgtype><splttype Sync="TRUE">Default value</splttype><domowner Sync="TRUE"></domowner><domfldtp Sync="TRUE">String</domfldtp></stflddd></stfield></subtype><subtype><stname Sync="TRUE">Symmetric xDSL</stname><stcode Sync="TRUE">20</stcode><stfield><stfldnm Sync="TRUE">FRN</stfldnm><stflddv Sync="TRUE">9999</stflddv></stfield><stfield><stfldnm Sync="TRUE">SPECTRUM</stfldnm><stflddd><domname Sync="TRUE">SPECTRUM  USED</domname><domdesc Sync="TRUE">Spectrum Used Codes developed from Appendix</domdesc><domtype Sync="TRUE">Coded Value</domtype><mrgtype Sync="TRUE">Default value</mrgtype><splttype Sync="TRUE">Default value</splttype><domowner Sync="TRUE"></domowner><domfldtp Sync="TRUE">SmallInteger</domfldtp></stflddd></stfield><stfield><stfldnm Sync="TRUE">MAXADDOWN</stfldnm><stflddd><domname Sync="TRUE">Symetric xDSL Down</domname><domdesc Sync="TRUE">Allowable Download Speeds for xDSL</domdesc><domtype Sync="TRUE">Coded Value</domtype><mrgtype Sync="TRUE">Default value</mrgtype><splttype Sync="TRUE">Default value</splttype><domowner Sync="TRUE"></domowner><domfldtp Sync="TRUE">String</domfldtp></stflddd></stfield><stfield><stfldnm Sync="TRUE">MAXADUP</stfldnm><stflddd><domname Sync="TRUE">Symetric xDSL Up</domname><domdesc Sync="TRUE">Allowable Upload Speeds for Symetric xDSL</domdesc><domtype Sync="TRUE">Coded Value</domtype><mrgtype Sync="TRUE">Default value</mrgtype><splttype Sync="TRUE">Default value</splttype><domowner Sync="TRUE"></domowner><domfldtp Sync="TRUE">String</domfldtp></stflddd></stfield><stfield><stfldnm Sync="TRUE">TYPICDOWN</stfldnm><stflddd><domname Sync="TRUE">Symetric xDSL Down</domname><domdesc Sync="TRUE">Allowable Download Speeds for xDSL</domdesc><domtype Sync="TRUE">Coded Value</domtype><mrgtype Sync="TRUE">Default value</mrgtype><splttype Sync="TRUE">Default value</splttype><domowner Sync="TRUE"></domowner><domfldtp Sync="TRUE">String</domfldtp></stflddd></stfield><stfield><stfldnm Sync="TRUE">TYPICUP</stfldnm><stflddd><domname Sync="TRUE">Symetric xDSL Up</domname><domdesc Sync="TRUE">Allowable Upload Speeds for Symetric xDSL</domdesc><domtype Sync="TRUE">Coded Value</domtype><mrgtype Sync="TRUE">Default value</mrgtype><splttype Sync="TRUE">Default value</splttype><domowner Sync="TRUE"></domowner><domfldtp Sync="TRUE">String</domfldtp></stflddd></stfield><stfield><stfldnm Sync="TRUE">STATEABBR</stfldnm><stflddd><domname Sync="TRUE">STUSPS</domname><domdesc Sync="TRUE">State Postal Abbreviation Values</domdesc><domtype Sync="TRUE">Coded Value</domtype><mrgtype Sync="TRUE">Default value</mrgtype><splttype Sync="TRUE">Default value</splttype><domowner Sync="TRUE"></domowner><domfldtp Sync="TRUE">String</domfldtp></stflddd></stfield><stfield><stfldnm Sync="TRUE">EndUserCat</stfldnm><stflddd><domname Sync="TRUE">End User Category</domname><domdesc Sync="TRUE">End User Category for CENSUS BLOCK, ROAD SEGMENT, AND WIRELESS</domdesc><domtype Sync="TRUE">Coded Value</domtype><mrgtype Sync="TRUE">Default value</mrgtype><splttype Sync="TRUE">Default value</splttype><domowner Sync="TRUE"></domowner><domfldtp Sync="TRUE">String</domfldtp></stflddd></stfield></subtype><attr><attrlabl Sync="TRUE">FID</attrlabl><attalias Sync="TRUE">FID</attalias><attrtype Sync="TRUE">OID</attrtype><attwidth Sync="TRUE">4</attwidth><atprecis Sync="TRUE">0</atprecis><attscale Sync="TRUE">0</attscale><attrdef Sync="TRUE">Internal feature number.</attrdef><attrdefs Sync="TRUE">ESRI</attrdefs><attrdomv><udom Sync="TRUE">Sequential unique whole numbers that are automatically generated.</udom></attrdomv></attr><subtype><stname Sync="TRUE">Other Copper Wireline</stname><stcode Sync="TRUE">30</stcode><stfield><stfldnm Sync="TRUE">FRN</stfldnm><stflddv Sync="TRUE">9999</stflddv></stfield><stfield><stfldnm Sync="TRUE">SPECTRUM</stfldnm><stflddd><domname Sync="TRUE">SPECTRUM  USED</domname><domdesc Sync="TRUE">Spectrum Used Codes developed from Appendix</domdesc><domtype Sync="TRUE">Coded Value</domtype><mrgtype Sync="TRUE">Default value</mrgtype><splttype Sync="TRUE">Default value</splttype><domowner Sync="TRUE"></domowner><domfldtp Sync="TRUE">SmallInteger</domfldtp></stflddd></stfield><stfield><stfldnm Sync="TRUE">MAXADDOWN</stfldnm><stflddd><domname Sync="TRUE">Other Copper Wireline Down</domname><domdesc Sync="TRUE">Allowable Download Speeds for Copper Wireline</domdesc><domtype Sync="TRUE">Coded Value</domtype><mrgtype Sync="TRUE">Default value</mrgtype><splttype Sync="TRUE">Default value</splttype><domowner Sync="TRUE"></domowner><domfldtp Sync="TRUE">String</domfldtp></stflddd></stfield><stfield><stfldnm Sync="TRUE">MAXADUP</stfldnm><stflddd><domname Sync="TRUE">Other Copper Wireline Up</domname><domdesc Sync="TRUE">Allowable Upload Speeds for Copper  Wireline</domdesc><domtype Sync="TRUE">Coded Value</domtype><mrgtype Sync="TRUE">Default value</mrgtype><splttype Sync="TRUE">Default value</splttype><domowner Sync="TRUE"></domowner><domfldtp Sync="TRUE">String</domfldtp></stflddd></stfield><stfield><stfldnm Sync="TRUE">TYPICDOWN</stfldnm><stflddd><domname Sync="TRUE">Other Copper Wireline Down</domname><domdesc Sync="TRUE">Allowable Download Speeds for Copper Wireline</domdesc><domtype Sync="TRUE">Coded Value</domtype><mrgtype Sync="TRUE">Default value</mrgtype><splttype Sync="TRUE">Default value</splttype><domowner Sync="TRUE"></domowner><domfldtp Sync="TRUE">String</domfldtp></stflddd></stfield><stfield><stfldnm Sync="TRUE">TYPICUP</stfldnm><stflddd><domname Sync="TRUE">Other Copper Wireline Up</domname><domdesc Sync="TRUE">Allowable Upload Speeds for Copper  Wireline</domdesc><domtype Sync="TRUE">Coded Value</domtype><mrgtype Sync="TRUE">Default value</mrgtype><splttype Sync="TRUE">Default value</splttype><domowner Sync="TRUE"></domowner><domfldtp Sync="TRUE">String</domfldtp></stflddd></stfield><stfield><stfldnm Sync="TRUE">STATEABBR</stfldnm><stflddd><domname Sync="TRUE">STUSPS</domname><domdesc Sync="TRUE">State Postal Abbreviation Values</domdesc><domtype Sync="TRUE">Coded Value</domtype><mrgtype Sync="TRUE">Default value</mrgtype><splttype Sync="TRUE">Default value</splttype><domowner Sync="TRUE"></domowner><domfldtp Sync="TRUE">String</domfldtp></stflddd></stfield><stfield><stfldnm Sync="TRUE">EndUserCat</stfldnm><stflddd><domname Sync="TRUE">End User Category</domname><domdesc Sync="TRUE">End User Category for CENSUS BLOCK, ROAD SEGMENT, AND WIRELESS</domdesc><domtype Sync="TRUE">Coded Value</domtype><mrgtype Sync="TRUE">Default value</mrgtype><splttype Sync="TRUE">Default value</splttype><domowner Sync="TRUE"></domowner><domfldtp Sync="TRUE">String</domfldtp></stflddd></stfield></subtype><subtype><stname Sync="TRUE">Optical Carrier/Fiber to the End User</stname><stcode Sync="TRUE">50</stcode><stfield><stfldnm Sync="TRUE">FRN</stfldnm><stflddv Sync="TRUE">9999</stflddv></stfield><stfield><stfldnm Sync="TRUE">SPECTRUM</stfldnm><stflddd><domname Sync="TRUE">SPECTRUM  USED</domname><domdesc Sync="TRUE">Spectrum Used Codes developed from Appendix</domdesc><domtype Sync="TRUE">Coded Value</domtype><mrgtype Sync="TRUE">Default value</mrgtype><splttype Sync="TRUE">Default value</splttype><domowner Sync="TRUE"></domowner><domfldtp Sync="TRUE">SmallInteger</domfldtp></stflddd></stfield><stfield><stfldnm Sync="TRUE">MAXADDOWN</stfldnm><stflddd><domname Sync="TRUE">Optical Carrier- Down</domname><domdesc Sync="TRUE">Allowable Download Speeds for Optical</domdesc><domtype Sync="TRUE">Coded Value</domtype><mrgtype Sync="TRUE">Default value</mrgtype><splttype Sync="TRUE">Default value</splttype><domowner Sync="TRUE"></domowner><domfldtp Sync="TRUE">String</domfldtp></stflddd></stfield><stfield><stfldnm Sync="TRUE">MAXADUP</stfldnm><stflddd><domname Sync="TRUE">Optical Carrier - Up</domname><domdesc Sync="TRUE">Allowable Upload Speeds for Optical</domdesc><domtype Sync="TRUE">Coded Value</domtype><mrgtype Sync="TRUE">Default value</mrgtype><splttype Sync="TRUE">Default value</splttype><domowner Sync="TRUE"></domowner><domfldtp Sync="TRUE">String</domfldtp></stflddd></stfield><stfield><stfldnm Sync="TRUE">TYPICDOWN</stfldnm><stflddd><domname Sync="TRUE">Optical Carrier- Down</domname><domdesc Sync="TRUE">Allowable Download Speeds for Optical</domdesc><domtype Sync="TRUE">Coded Value</domtype><mrgtype Sync="TRUE">Default value</mrgtype><splttype Sync="TRUE">Default value</splttype><domowner Sync="TRUE"></domowner><domfldtp Sync="TRUE">String</domfldtp></stflddd></stfield><stfield><stfldnm Sync="TRUE">TYPICUP</stfldnm><stflddd><domname Sync="TRUE">Optical Carrier - Up</domname><domdesc Sync="TRUE">Allowable Upload Speeds for Optical</domdesc><domtype Sync="TRUE">Coded Value</domtype><mrgtype Sync="TRUE">Default value</mrgtype><splttype Sync="TRUE">Default value</splttype><domowner Sync="TRUE"></domowner><domfldtp Sync="TRUE">String</domfldtp></stflddd></stfield><stfield><stfldnm Sync="TRUE">STATEABBR</stfldnm><stflddd><domname Sync="TRUE">STUSPS</domname><domdesc Sync="TRUE">State Postal Abbreviation Values</domdesc><domtype Sync="TRUE">Coded Value</domtype><mrgtype Sync="TRUE">Default value</mrgtype><splttype Sync="TRUE">Default value</splttype><domowner Sync="TRUE"></domowner><domfldtp Sync="TRUE">String</domfldtp></stflddd></stfield><stfield><stfldnm Sync="TRUE">EndUserCat</stfldnm><stflddd><domname Sync="TRUE">End User Category</domname><domdesc Sync="TRUE">End User Category for CENSUS BLOCK, ROAD SEGMENT, AND WIRELESS</domdesc><domtype Sync="TRUE">Coded Value</domtype><mrgtype Sync="TRUE">Default value</mrgtype><splttype Sync="TRUE">Default value</splttype><domowner Sync="TRUE"></domowner><domfldtp Sync="TRUE">String</domfldtp></stflddd></stfield></subtype><subtype><stname Sync="TRUE">Satellite</stname><stcode Sync="TRUE">60</stcode><stfield><stfldnm Sync="TRUE">FRN</stfldnm><stflddv Sync="TRUE">9999</stflddv></stfield><stfield><stfldnm Sync="TRUE">SPECTRUM</stfldnm><stflddd><domname Sync="TRUE">SPECTRUM  USED</domname><domdesc Sync="TRUE">Spectrum Used Codes developed from Appendix</domdesc><domtype Sync="TRUE">Coded Value</domtype><mrgtype Sync="TRUE">Default value</mrgtype><splttype Sync="TRUE">Default value</splttype><domowner Sync="TRUE"></domowner><domfldtp Sync="TRUE">SmallInteger</domfldtp></stflddd></stfield><stfield><stfldnm Sync="TRUE">MAXADDOWN</stfldnm><stflddd><domname Sync="TRUE">Satellite Down</domname><domdesc Sync="TRUE">Alowable Download Speeds for Satellite</domdesc><domtype Sync="TRUE">Coded Value</domtype><mrgtype Sync="TRUE">Default value</mrgtype><splttype Sync="TRUE">Default value</splttype><domowner Sync="TRUE"></domowner><domfldtp Sync="TRUE">String</domfldtp></stflddd></stfield><stfield><stfldnm Sync="TRUE">MAXADUP</stfldnm><stflddd><domname Sync="TRUE">Satellite Up</domname><domdesc Sync="TRUE">Allowable Upload Speeds for Satellite</domdesc><domtype Sync="TRUE">Coded Value</domtype><mrgtype Sync="TRUE">Default value</mrgtype><splttype Sync="TRUE">Default value</splttype><domowner Sync="TRUE"></domowner><domfldtp Sync="TRUE">String</domfldtp></stflddd></stfield><stfield><stfldnm Sync="TRUE">TYPICDOWN</stfldnm><stflddd><domname Sync="TRUE">Satellite Down</domname><domdesc Sync="TRUE">Alowable Download Speeds for Satellite</domdesc><domtype Sync="TRUE">Coded Value</domtype><mrgtype Sync="TRUE">Default value</mrgtype><splttype Sync="TRUE">Default value</splttype><domowner Sync="TRUE"></domowner><domfldtp Sync="TRUE">String</domfldtp></stflddd></stfield><stfield><stfldnm Sync="TRUE">TYPICUP</stfldnm><stflddd><domname Sync="TRUE">Satellite Up</domname><domdesc Sync="TRUE">Allowable Upload Speeds for Satellite</domdesc><domtype Sync="TRUE">Coded Value</domtype><mrgtype Sync="TRUE">Default value</mrgtype><splttype Sync="TRUE">Default value</splttype><domowner Sync="TRUE"></domowner><domfldtp Sync="TRUE">String</domfldtp></stflddd></stfield><stfield><stfldnm Sync="TRUE">STATEABBR</stfldnm><stflddd><domname Sync="TRUE">STUSPS</domname><domdesc Sync="TRUE">State Postal Abbreviation Values</domdesc><domtype Sync="TRUE">Coded Value</domtype><mrgtype Sync="TRUE">Default value</mrgtype><splttype Sync="TRUE">Default value</splttype><domowner Sync="TRUE"></domowner><domfldtp Sync="TRUE">String</domfldtp></stflddd></stfield><stfield><stfldnm Sync="TRUE">EndUserCat</stfldnm><stflddd><domname Sync="TRUE">End User Category</domname><domdesc Sync="TRUE">End User Category for CENSUS BLOCK, ROAD SEGMENT, AND WIRELESS</domdesc><domtype Sync="TRUE">Coded Value</domtype><mrgtype Sync="TRUE">Default value</mrgtype><splttype Sync="TRUE">Default value</splttype><domowner Sync="TRUE"></domowner><domfldtp Sync="TRUE">String</domfldtp></stflddd></stfield></subtype><subtype><stname Sync="TRUE">Terrestrial Fixed Wireless - Unlicensed</stname><stcode Sync="TRUE">70</stcode><stfield><stfldnm Sync="TRUE">FRN</stfldnm><stflddv Sync="TRUE">9999</stflddv></stfield><stfield><stfldnm Sync="TRUE">SPECTRUM</stfldnm><stflddd><domname Sync="TRUE">SPECTRUM  USED</domname><domdesc Sync="TRUE">Spectrum Used Codes developed from Appendix</domdesc><domtype Sync="TRUE">Coded Value</domtype><mrgtype Sync="TRUE">Default value</mrgtype><splttype Sync="TRUE">Default value</splttype><domowner Sync="TRUE"></domowner><domfldtp Sync="TRUE">SmallInteger</domfldtp></stflddd></stfield><stfield><stfldnm Sync="TRUE">MAXADDOWN</stfldnm><stflddd><domname Sync="TRUE">Terrestrial  Fixed Wireless  Unlicensed Down</domname><domdesc Sync="TRUE">Allowable Download Speeds for Terrestial Fixed Wireless Unlicensed</domdesc><domtype Sync="TRUE">Coded Value</domtype><mrgtype Sync="TRUE">Default value</mrgtype><splttype Sync="TRUE">Default value</splttype><domowner Sync="TRUE"></domowner><domfldtp Sync="TRUE">String</domfldtp></stflddd></stfield><stfield><stfldnm Sync="TRUE">MAXADUP</stfldnm><stflddd><domname Sync="TRUE">Terrestrial Fixed Wireless Unlicensed Up</domname><domdesc Sync="TRUE">Allowable Upload Speeds for Terrestrial Fixed Wireless</domdesc><domtype Sync="TRUE">Coded Value</domtype><mrgtype Sync="TRUE">Default value</mrgtype><splttype Sync="TRUE">Default value</splttype><domowner Sync="TRUE"></domowner><domfldtp Sync="TRUE">String</domfldtp></stflddd></stfield><stfield><stfldnm Sync="TRUE">TYPICDOWN</stfldnm><stflddd><domname Sync="TRUE">Terrestrial  Fixed Wireless  Unlicensed Down</domname><domdesc Sync="TRUE">Allowable Download Speeds for Terrestial Fixed Wireless Unlicensed</domdesc><domtype Sync="TRUE">Coded Value</domtype><mrgtype Sync="TRUE">Default value</mrgtype><splttype Sync="TRUE">Default value</splttype><domowner Sync="TRUE"></domowner><domfldtp Sync="TRUE">String</domfldtp></stflddd></stfield><stfield><stfldnm Sync="TRUE">TYPICUP</stfldnm><stflddd><domname Sync="TRUE">Terrestrial Fixed Wireless Unlicensed Up</domname><domdesc Sync="TRUE">Allowable Upload Speeds for Terrestrial Fixed Wireless</domdesc><domtype Sync="TRUE">Coded Value</domtype><mrgtype Sync="TRUE">Default value</mrgtype><splttype Sync="TRUE">Default value</splttype><domowner Sync="TRUE"></domowner><domfldtp Sync="TRUE">String</domfldtp></stflddd></stfield><stfield><stfldnm Sync="TRUE">STATEABBR</stfldnm><stflddd><domname Sync="TRUE">STUSPS</domname><domdesc Sync="TRUE">State Postal Abbreviation Values</domdesc><domtype Sync="TRUE">Coded Value</domtype><mrgtype Sync="TRUE">Default value</mrgtype><splttype Sync="TRUE">Default value</splttype><domowner Sync="TRUE"></domowner><domfldtp Sync="TRUE">String</domfldtp></stflddd></stfield><stfield><stfldnm Sync="TRUE">EndUserCat</stfldnm><stflddd><domname Sync="TRUE">End User Category</domname><domdesc Sync="TRUE">End User Category for CENSUS BLOCK, ROAD SEGMENT, AND WIRELESS</domdesc><domtype Sync="TRUE">Coded Value</domtype><mrgtype Sync="TRUE">Default value</mrgtype><splttype Sync="TRUE">Default value</splttype><domowner Sync="TRUE"></domowner><domfldtp Sync="TRUE">String</domfldtp></stflddd></stfield></subtype><subtype><stname Sync="TRUE">Terrestrial Fixed Wireless - Licensed</stname><stcode Sync="TRUE">71</stcode><stfield><stfldnm Sync="TRUE">FRN</stfldnm><stflddv Sync="TRUE">9999</stflddv></stfield><stfield><stfldnm Sync="TRUE">SPECTRUM</stfldnm><stflddd><domname Sync="TRUE">SPECTRUM  USED</domname><domdesc Sync="TRUE">Spectrum Used Codes developed from Appendix</domdesc><domtype Sync="TRUE">Coded Value</domtype><mrgtype Sync="TRUE">Default value</mrgtype><splttype Sync="TRUE">Default value</splttype><domowner Sync="TRUE"></domowner><domfldtp Sync="TRUE">SmallInteger</domfldtp></stflddd></stfield><stfield><stfldnm Sync="TRUE">MAXADDOWN</stfldnm><stflddd><domname Sync="TRUE">Terrestrial Fixed Wireless Licensed Down</domname><domdesc Sync="TRUE">Allowable Download Speeds for Terrestrial Fixed Wireless Licensed</domdesc><domtype Sync="TRUE">Coded Value</domtype><mrgtype Sync="TRUE">Default value</mrgtype><splttype Sync="TRUE">Default value</splttype><domowner Sync="TRUE"></domowner><domfldtp Sync="TRUE">String</domfldtp></stflddd></stfield><stfield><stfldnm Sync="TRUE">MAXADUP</stfldnm><stflddd><domname Sync="TRUE">Terrestrial Fixed Wireless Licensed Up</domname><domdesc Sync="TRUE">Allowable Upload Speeds for Terrestrial Fixed Wireless-Licensed</domdesc><domtype Sync="TRUE">Coded Value</domtype><mrgtype Sync="TRUE">Default value</mrgtype><splttype Sync="TRUE">Default value</splttype><domowner Sync="TRUE"></domowner><domfldtp Sync="TRUE">String</domfldtp></stflddd></stfield><stfield><stfldnm Sync="TRUE">TYPICDOWN</stfldnm><stflddd><domname Sync="TRUE">Terrestrial Fixed Wireless Licensed Down</domname><domdesc Sync="TRUE">Allowable Download Speeds for Terrestrial Fixed Wireless Licensed</domdesc><domtype Sync="TRUE">Coded Value</domtype><mrgtype Sync="TRUE">Default value</mrgtype><splttype Sync="TRUE">Default value</splttype><domowner Sync="TRUE"></domowner><domfldtp Sync="TRUE">String</domfldtp></stflddd></stfield><stfield><stfldnm Sync="TRUE">TYPICUP</stfldnm><stflddd><domname Sync="TRUE">Terrestrial Fixed Wireless Licensed Up</domname><domdesc Sync="TRUE">Allowable Upload Speeds for Terrestrial Fixed Wireless-Licensed</domdesc><domtype Sync="TRUE">Coded Value</domtype><mrgtype Sync="TRUE">Default value</mrgtype><splttype Sync="TRUE">Default value</splttype><domowner Sync="TRUE"></domowner><domfldtp Sync="TRUE">String</domfldtp></stflddd></stfield><stfield><stfldnm Sync="TRUE">STATEABBR</stfldnm><stflddd><domname Sync="TRUE">STUSPS</domname><domdesc Sync="TRUE">State Postal Abbreviation Values</domdesc><domtype Sync="TRUE">Coded Value</domtype><mrgtype Sync="TRUE">Default value</mrgtype><splttype Sync="TRUE">Default value</splttype><domowner Sync="TRUE"></domowner><domfldtp Sync="TRUE">String</domfldtp></stflddd></stfield><stfield><stfldnm Sync="TRUE">EndUserCat</stfldnm><stflddd><domname Sync="TRUE">End User Category</domname><domdesc Sync="TRUE">End User Category for CENSUS BLOCK, ROAD SEGMENT, AND WIRELESS</domdesc><domtype Sync="TRUE">Coded Value</domtype><mrgtype Sync="TRUE">Default value</mrgtype><splttype Sync="TRUE">Default value</splttype><domowner Sync="TRUE"></domowner><domfldtp Sync="TRUE">String</domfldtp></stflddd></stfield></subtype><subtype><stname Sync="TRUE">Terrestrial Mobile Wireless</stname><stcode Sync="TRUE">80</stcode><stfield><stfldnm Sync="TRUE">FRN</stfldnm><stflddv Sync="TRUE">9999</stflddv></stfield><stfield><stfldnm Sync="TRUE">SPECTRUM</stfldnm><stflddd><domname Sync="TRUE">SPECTRUM  USED</domname><domdesc Sync="TRUE">Spectrum Used Codes developed from Appendix</domdesc><domtype Sync="TRUE">Coded Value</domtype><mrgtype Sync="TRUE">Default value</mrgtype><splttype Sync="TRUE">Default value</splttype><domowner Sync="TRUE"></domowner><domfldtp Sync="TRUE">SmallInteger</domfldtp></stflddd></stfield><stfield><stfldnm Sync="TRUE">MAXADDOWN</stfldnm><stflddd><domname Sync="TRUE">Terrestrial Mobile Wireless Down</domname><domdesc Sync="TRUE">Allowable Download Speeds for Terrestrial Mobile Wireless</domdesc><domtype Sync="TRUE">Coded Value</domtype><mrgtype Sync="TRUE">Default value</mrgtype><splttype Sync="TRUE">Default value</splttype><domowner Sync="TRUE"></domowner><domfldtp Sync="TRUE">String</domfldtp></stflddd></stfield><stfield><stfldnm Sync="TRUE">MAXADUP</stfldnm><stflddd><domname Sync="TRUE">Terrestrial Mobile Wireless Up</domname><domdesc Sync="TRUE">Allowable Upload Speeds for Terrestrial Mobile Wireless</domdesc><domtype Sync="TRUE">Coded Value</domtype><mrgtype Sync="TRUE">Default value</mrgtype><splttype Sync="TRUE">Default value</splttype><domowner Sync="TRUE"></domowner><domfldtp Sync="TRUE">String</domfldtp></stflddd></stfield><stfield><stfldnm Sync="TRUE">TYPICDOWN</stfldnm><stflddd><domname Sync="TRUE">Terrestrial Mobile Wireless Down</domname><domdesc Sync="TRUE">Allowable Download Speeds for Terrestrial Mobile Wireless</domdesc><domtype Sync="TRUE">Coded Value</domtype><mrgtype Sync="TRUE">Default value</mrgtype><splttype Sync="TRUE">Default value</splttype><domowner Sync="TRUE"></domowner><domfldtp Sync="TRUE">String</domfldtp></stflddd></stfield><stfield><stfldnm Sync="TRUE">TYPICUP</stfldnm><stflddd><domname Sync="TRUE">Terrestrial Mobile Wireless Up</domname><domdesc Sync="TRUE">Allowable Upload Speeds for Terrestrial Mobile Wireless</domdesc><domtype Sync="TRUE">Coded Value</domtype><mrgtype Sync="TRUE">Default value</mrgtype><splttype Sync="TRUE">Default value</splttype><domowner Sync="TRUE"></domowner><domfldtp Sync="TRUE">String</domfldtp></stflddd></stfield><stfield><stfldnm Sync="TRUE">STATEABBR</stfldnm><stflddd><domname Sync="TRUE">STUSPS</domname><domdesc Sync="TRUE">State Postal Abbreviation Values</domdesc><domtype Sync="TRUE">Coded Value</domtype><mrgtype Sync="TRUE">Default value</mrgtype><splttype Sync="TRUE">Default value</splttype><domowner Sync="TRUE"></domowner><domfldtp Sync="TRUE">String</domfldtp></stflddd></stfield><stfield><stfldnm Sync="TRUE">EndUserCat</stfldnm><stflddd><domname Sync="TRUE">End User Category</domname><domdesc Sync="TRUE">End User Category for CENSUS BLOCK, ROAD SEGMENT, AND WIRELESS</domdesc><domtype Sync="TRUE">Coded Value</domtype><mrgtype Sync="TRUE">Default value</mrgtype><splttype Sync="TRUE">Default value</splttype><domowner Sync="TRUE"></domowner><domfldtp Sync="TRUE">String</domfldtp></stflddd></stfield></subtype><subtype><stname Sync="TRUE">All Other</stname><stcode Sync="TRUE">0</stcode><stfield><stfldnm Sync="TRUE">FRN</stfldnm><stflddv Sync="TRUE">9999</stflddv></stfield><stfield><stfldnm Sync="TRUE">SPECTRUM</stfldnm><stflddd><domname Sync="TRUE">SPECTRUM  USED</domname><domdesc Sync="TRUE">Spectrum Used Codes developed from Appendix</domdesc><domtype Sync="TRUE">Coded Value</domtype><mrgtype Sync="TRUE">Default value</mrgtype><splttype Sync="TRUE">Default value</splttype><domowner Sync="TRUE"></domowner><domfldtp Sync="TRUE">SmallInteger</domfldtp></stflddd></stfield><stfield><stfldnm Sync="TRUE">MAXADDOWN</stfldnm><stflddd><domname Sync="TRUE">All_Speed_Tiers</domname><domdesc Sync="TRUE">All Allowable Speed Tier Codes</domdesc><domtype Sync="TRUE">Coded Value</domtype><mrgtype Sync="TRUE">Default value</mrgtype><splttype Sync="TRUE">Default value</splttype><domowner Sync="TRUE"></domowner><domfldtp Sync="TRUE">String</domfldtp></stflddd><stflddv Sync="TRUE">ZZ</stflddv></stfield><stfield><stfldnm Sync="TRUE">MAXADUP</stfldnm><stflddd><domname Sync="TRUE">All_Speed_Tiers</domname><domdesc Sync="TRUE">All Allowable Speed Tier Codes</domdesc><domtype Sync="TRUE">Coded Value</domtype><mrgtype Sync="TRUE">Default value</mrgtype><splttype Sync="TRUE">Default value</splttype><domowner Sync="TRUE"></domowner><domfldtp Sync="TRUE">String</domfldtp></stflddd><stflddv Sync="TRUE">ZZ</stflddv></stfield><stfield><stfldnm Sync="TRUE">TYPICDOWN</stfldnm><stflddd><domname Sync="TRUE">All_Speed_Tiers</domname><domdesc Sync="TRUE">All Allowable Speed Tier Codes</domdesc><domtype Sync="TRUE">Coded Value</domtype><mrgtype Sync="TRUE">Default value</mrgtype><splttype Sync="TRUE">Default value</splttype><domowner Sync="TRUE"></domowner><domfldtp Sync="TRUE">String</domfldtp></stflddd><stflddv Sync="TRUE">ZZ</stflddv></stfield><stfield><stfldnm Sync="TRUE">TYPICUP</stfldnm><stflddd><domname Sync="TRUE">All_Speed_Tiers</domname><domdesc Sync="TRUE">All Allowable Speed Tier Codes</domdesc><domtype Sync="TRUE">Coded Value</domtype><mrgtype Sync="TRUE">Default value</mrgtype><splttype Sync="TRUE">Default value</splttype><domowner Sync="TRUE"></domowner><domfldtp Sync="TRUE">String</domfldtp></stflddd><stflddv Sync="TRUE">ZZ</stflddv></stfield><stfield><stfldnm Sync="TRUE">STATEABBR</stfldnm><stflddd><domname Sync="TRUE">STUSPS</domname><domdesc Sync="TRUE">State Postal Abbreviation Values</domdesc><domtype Sync="TRUE">Coded Value</domtype><mrgtype Sync="TRUE">Default value</mrgtype><splttype Sync="TRUE">Default value</splttype><domowner Sync="TRUE"></domowner><domfldtp Sync="TRUE">String</domfldtp></stflddd></stfield><stfield><stfldnm Sync="TRUE">EndUserCat</stfldnm><stflddd><domname Sync="TRUE">End User Category</domname><domdesc Sync="TRUE">End User Category for CENSUS BLOCK, ROAD SEGMENT, AND WIRELESS</domdesc><domtype Sync="TRUE">Coded Value</domtype><mrgtype Sync="TRUE">Default value</mrgtype><splttype Sync="TRUE">Default value</splttype><domowner Sync="TRUE"></domowner><domfldtp Sync="TRUE">String</domfldtp></stflddd></stfield></subtype><subtype><stname Sync="TRUE">Electric Powerline</stname><stcode Sync="TRUE">90</stcode><stfield><stfldnm Sync="TRUE">FRN</stfldnm><stflddv Sync="TRUE">9999</stflddv></stfield><stfield><stfldnm Sync="TRUE">SPECTRUM</stfldnm><stflddd><domname Sync="TRUE">SPECTRUM  USED</domname><domdesc Sync="TRUE">Spectrum Used Codes developed from Appendix</domdesc><domtype Sync="TRUE">Coded Value</domtype><mrgtype Sync="TRUE">Default value</mrgtype><splttype Sync="TRUE">Default value</splttype><domowner Sync="TRUE"></domowner><domfldtp Sync="TRUE">SmallInteger</domfldtp></stflddd></stfield><stfield><stfldnm Sync="TRUE">MAXADDOWN</stfldnm><stflddd><domname Sync="TRUE">Electric Power Line Down</domname><domdesc Sync="TRUE">Allowable Download Speeds for Electric Powerline</domdesc><domtype Sync="TRUE">Coded Value</domtype><mrgtype Sync="TRUE">Default value</mrgtype><splttype Sync="TRUE">Default value</splttype><domowner Sync="TRUE"></domowner><domfldtp Sync="TRUE">String</domfldtp></stflddd></stfield><stfield><stfldnm Sync="TRUE">MAXADUP</stfldnm><stflddd><domname Sync="TRUE">Electric Power Line Up</domname><domdesc Sync="TRUE">Allowable Upload Speeds for Electric Powerline</domdesc><domtype Sync="TRUE">Coded Value</domtype><mrgtype Sync="TRUE">Default value</mrgtype><splttype Sync="TRUE">Default value</splttype><domowner Sync="TRUE"></domowner><domfldtp Sync="TRUE">String</domfldtp></stflddd></stfield><stfield><stfldnm Sync="TRUE">TYPICDOWN</stfldnm><stflddd><domname Sync="TRUE">Electric Power Line Down</domname><domdesc Sync="TRUE">Allowable Download Speeds for Electric Powerline</domdesc><domtype Sync="TRUE">Coded Value</domtype><mrgtype Sync="TRUE">Default value</mrgtype><splttype Sync="TRUE">Default value</splttype><domowner Sync="TRUE"></domowner><domfldtp Sync="TRUE">String</domfldtp></stflddd></stfield><stfield><stfldnm Sync="TRUE">TYPICUP</stfldnm><stflddd><domname Sync="TRUE">Electric Power Line Up</domname><domdesc Sync="TRUE">Allowable Upload Speeds for Electric Powerline</domdesc><domtype Sync="TRUE">Coded Value</domtype><mrgtype Sync="TRUE">Default value</mrgtype><splttype Sync="TRUE">Default value</splttype><domowner Sync="TRUE"></domowner><domfldtp Sync="TRUE">String</domfldtp></stflddd></stfield><stfield><stfldnm Sync="TRUE">STATEABBR</stfldnm><stflddd><domname Sync="TRUE">STUSPS</domname><domdesc Sync="TRUE">State Postal Abbreviation Values</domdesc><domtype Sync="TRUE">Coded Value</domtype><mrgtype Sync="TRUE">Default value</mrgtype><splttype Sync="TRUE">Default value</splttype><domowner Sync="TRUE"></domowner><domfldtp Sync="TRUE">String</domfldtp></stflddd></stfield><stfield><stfldnm Sync="TRUE">EndUserCat</stfldnm><stflddd><domname Sync="TRUE">End User Category</domname><domdesc Sync="TRUE">End User Category for CENSUS BLOCK, ROAD SEGMENT, AND WIRELESS</domdesc><domtype Sync="TRUE">Coded Value</domtype><mrgtype Sync="TRUE">Default value</mrgtype><splttype Sync="TRUE">Default value</splttype><domowner Sync="TRUE"></domowner><domfldtp Sync="TRUE">String</domfldtp></stflddd></stfield></subtype><subtype><stname Sync="TRUE">Cable Modem - DOCSIS 3.0</stname><stcode Sync="TRUE">40</stcode><stfield><stfldnm Sync="TRUE">FRN</stfldnm><stflddv Sync="TRUE">9999</stflddv></stfield><stfield><stfldnm Sync="TRUE">SPECTRUM</stfldnm><stflddd><domname Sync="TRUE">SPECTRUM  USED</domname><domdesc Sync="TRUE">Spectrum Used Codes developed from Appendix</domdesc><domtype Sync="TRUE">Coded Value</domtype><mrgtype Sync="TRUE">Default value</mrgtype><splttype Sync="TRUE">Default value</splttype><domowner Sync="TRUE"></domowner><domfldtp Sync="TRUE">SmallInteger</domfldtp></stflddd></stfield><stfield><stfldnm Sync="TRUE">MAXADDOWN</stfldnm><stflddd><domname Sync="TRUE">Cable Modem - DOCSIS 3.0 Down</domname><domdesc Sync="TRUE">Allowable Download Speeds for Cable Model - DOCSIS 3.0</domdesc><domtype Sync="TRUE">Coded Value</domtype><mrgtype Sync="TRUE">Default value</mrgtype><splttype Sync="TRUE">Default value</splttype><domowner Sync="TRUE"></domowner><domfldtp Sync="TRUE">String</domfldtp></stflddd></stfield><stfield><stfldnm Sync="TRUE">MAXADUP</stfldnm><stflddd><domname Sync="TRUE">Cable Modem - DOCSIS 3.0 Up</domname><domdesc Sync="TRUE">Allowable Upload Speeds for Cable Modem - DOCSIS</domdesc><domtype Sync="TRUE">Coded Value</domtype><mrgtype Sync="TRUE">Default value</mrgtype><splttype Sync="TRUE">Default value</splttype><domowner Sync="TRUE"></domowner><domfldtp Sync="TRUE">String</domfldtp></stflddd></stfield><stfield><stfldnm Sync="TRUE">TYPICDOWN</stfldnm><stflddd><domname Sync="TRUE">Cable Modem - DOCSIS 3.0 Down</domname><domdesc Sync="TRUE">Allowable Download Speeds for Cable Model - DOCSIS 3.0</domdesc><domtype Sync="TRUE">Coded Value</domtype><mrgtype Sync="TRUE">Default value</mrgtype><splttype Sync="TRUE">Default value</splttype><domowner Sync="TRUE"></domowner><domfldtp Sync="TRUE">String</domfldtp></stflddd></stfield><stfield><stfldnm Sync="TRUE">TYPICUP</stfldnm><stflddd><domname Sync="TRUE">Cable Modem - DOCSIS 3.0 Up</domname><domdesc Sync="TRUE">Allowable Upload Speeds for Cable Modem - DOCSIS</domdesc><domtype Sync="TRUE">Coded Value</domtype><mrgtype Sync="TRUE">Default value</mrgtype><splttype Sync="TRUE">Default value</splttype><domowner Sync="TRUE"></domowner><domfldtp Sync="TRUE">String</domfldtp></stflddd></stfield><stfield><stfldnm Sync="TRUE">STATEABBR</stfldnm><stflddd><domname Sync="TRUE">STUSPS</domname><domdesc Sync="TRUE">State Postal Abbreviation Values</domdesc><domtype Sync="TRUE">Coded Value</domtype><mrgtype Sync="TRUE">Default value</mrgtype><splttype Sync="TRUE">Default value</splttype><domowner Sync="TRUE"></domowner><domfldtp Sync="TRUE">String</domfldtp></stflddd></stfield><stfield><stfldnm Sync="TRUE">EndUserCat</stfldnm><stflddd><domname Sync="TRUE">End User Category</domname><domdesc Sync="TRUE">End User Category for CENSUS BLOCK, ROAD SEGMENT, AND WIRELESS</domdesc><domtype Sync="TRUE">Coded Value</domtype><mrgtype Sync="TRUE">Default value</mrgtype><splttype Sync="TRUE">Default value</splttype><domowner Sync="TRUE"></domowner><domfldtp Sync="TRUE">String</domfldtp></stflddd></stfield></subtype><subtype><stname Sync="TRUE">Cable Modem - Other</stname><stcode Sync="TRUE">41</stcode><stfield><stfldnm Sync="TRUE">FRN</stfldnm><stflddv Sync="TRUE">9999</stflddv></stfield><stfield><stfldnm Sync="TRUE">SPECTRUM</stfldnm><stflddd><domname Sync="TRUE">SPECTRUM  USED</domname><domdesc Sync="TRUE">Spectrum Used Codes developed from Appendix</domdesc><domtype Sync="TRUE">Coded Value</domtype><mrgtype Sync="TRUE">Default value</mrgtype><splttype Sync="TRUE">Default value</splttype><domowner Sync="TRUE"></domowner><domfldtp Sync="TRUE">SmallInteger</domfldtp></stflddd></stfield><stfield><stfldnm Sync="TRUE">MAXADDOWN</stfldnm><stflddd><domname Sync="TRUE">Cable Modem-Other Down</domname><domdesc Sync="TRUE">Allowable Download Speeds for Cable Modem - Other</domdesc><domtype Sync="TRUE">Coded Value</domtype><mrgtype Sync="TRUE">Default value</mrgtype><splttype Sync="TRUE">Default value</splttype><domowner Sync="TRUE"></domowner><domfldtp Sync="TRUE">String</domfldtp></stflddd></stfield><stfield><stfldnm Sync="TRUE">MAXADUP</stfldnm><stflddd><domname Sync="TRUE">Cable Modem - Other Up</domname><domdesc Sync="TRUE">Allowable Upload Speed for Cable Modem_Other</domdesc><domtype Sync="TRUE">Coded Value</domtype><mrgtype Sync="TRUE">Default value</mrgtype><splttype Sync="TRUE">Default value</splttype><domowner Sync="TRUE"></domowner><domfldtp Sync="TRUE">String</domfldtp></stflddd></stfield><stfield><stfldnm Sync="TRUE">TYPICDOWN</stfldnm><stflddd><domname Sync="TRUE">Cable Modem-Other Down</domname><domdesc Sync="TRUE">Allowable Download Speeds for Cable Modem - Other</domdesc><domtype Sync="TRUE">Coded Value</domtype><mrgtype Sync="TRUE">Default value</mrgtype><splttype Sync="TRUE">Default value</splttype><domowner Sync="TRUE"></domowner><domfldtp Sync="TRUE">String</domfldtp></stflddd></stfield><stfield><stfldnm Sync="TRUE">TYPICUP</stfldnm><stflddd><domname Sync="TRUE">Cable Modem - Other Up</domname><domdesc Sync="TRUE">Allowable Upload Speed for Cable Modem_Other</domdesc><domtype Sync="TRUE">Coded Value</domtype><mrgtype Sync="TRUE">Default value</mrgtype><splttype Sync="TRUE">Default value</splttype><domowner Sync="TRUE"></domowner><domfldtp Sync="TRUE">String</domfldtp></stflddd></stfield><stfield><stfldnm Sync="TRUE">STATEABBR</stfldnm><stflddd><domname Sync="TRUE">STUSPS</domname><domdesc Sync="TRUE">State Postal Abbreviation Values</domdesc><domtype Sync="TRUE">Coded Value</domtype><mrgtype Sync="TRUE">Default value</mrgtype><splttype Sync="TRUE">Default value</splttype><domowner Sync="TRUE"></domowner><domfldtp Sync="TRUE">String</domfldtp></stflddd></stfield><stfield><stfldnm Sync="TRUE">EndUserCat</stfldnm><stflddd><domname Sync="TRUE">End User Category</domname><domdesc Sync="TRUE">End User Category for CENSUS BLOCK, ROAD SEGMENT, AND WIRELESS</domdesc><domtype Sync="TRUE">Coded Value</domtype><mrgtype Sync="TRUE">Default value</mrgtype><splttype Sync="TRUE">Default value</splttype><domowner Sync="TRUE"></domowner><domfldtp Sync="TRUE">String</domfldtp></stflddd></stfield></subtype><subtype><stname Sync="TRUE">Unknown/Did not provide</stname><stcode Sync="TRUE">-9999</stcode><stfield><stfldnm Sync="TRUE">FRN</stfldnm><stflddv Sync="TRUE">9999</stflddv></stfield><stfield><stfldnm Sync="TRUE">SPECTRUM</stfldnm><stflddd><domname Sync="TRUE">SPECTRUM  USED</domname><domdesc Sync="TRUE">Spectrum Used Codes developed from Appendix</domdesc><domtype Sync="TRUE">Coded Value</domtype><mrgtype Sync="TRUE">Default value</mrgtype><splttype Sync="TRUE">Default value</splttype><domowner Sync="TRUE"></domowner><domfldtp Sync="TRUE">SmallInteger</domfldtp></stflddd></stfield><stfield><stfldnm Sync="TRUE">MAXADDOWN</stfldnm><stflddv Sync="TRUE">ZZ</stflddv></stfield><stfield><stfldnm Sync="TRUE">MAXADUP</stfldnm><stflddv Sync="TRUE">ZZ</stflddv></stfield><stfield><stfldnm Sync="TRUE">TYPICDOWN</stfldnm><stflddv Sync="TRUE">ZZ</stflddv></stfield><stfield><stfldnm Sync="TRUE">TYPICUP</stfldnm><stflddv Sync="TRUE">ZZ</stflddv></stfield><stfield><stfldnm Sync="TRUE">EndUserCat</stfldnm><stflddd><domname Sync="TRUE">End User Category</domname><domdesc Sync="TRUE">End User Category for CENSUS BLOCK, ROAD SEGMENT, AND WIRELESS</domdesc><domtype Sync="TRUE">Coded Value</domtype><mrgtype Sync="TRUE">Default value</mrgtype><splttype Sync="TRUE">Default value</splttype><domowner Sync="TRUE"></domowner><domfldtp Sync="TRUE">String</domfldtp></stflddd></stfield></subtype><attr><attrlabl Sync="TRUE">SHAPE_Leng</attrlabl><attalias Sync="TRUE">SHAPE_Leng</attalias><attrtype Sync="TRUE">Double</attrtype><attwidth Sync="TRUE">19</attwidth><atprecis Sync="TRUE">0</atprecis><attscale Sync="TRUE">0</attscale></attr><attr><attrlabl Sync="TRUE">EndUserCat</attrlabl><attalias Sync="TRUE">EndUserCat</attalias><attrtype Sync="TRUE">String</attrtype><attwidth Sync="TRUE">1</attwidth><atprecis Sync="TRUE">0</atprecis><attscale Sync="TRUE">0</attscale></attr></detailed></eainfo><mdDateSt Sync="TRUE">20140703</mdDateSt><dataqual><lineage><procstep><procdesc Sync="TRUE">Metadata imported.</procdesc><srcused Sync="TRUE">F:\DATA_MODEL_V2A\FINAL\METADATA\wireless.xml</srcused><procdate Sync="TRUE">20110113</procdate><proctime Sync="TRUE">10362100</proctime></procstep></lineage></dataqual><mdContact xmlns=""><rpIndName>Gerard Bernhardt</rpIndName><rpOrgName>Virginia Information Technology Agency</rpOrgName><rpPosName>GIS Analyst</rpPosName><role><RoleCd value="006"/></role><rpCntInfo><cntAddress addressType="physical"><delPoint>11751 Meadowville Lane</delPoint><city>Chester</city><adminArea>VA</adminArea><postCode>23836</postCode><eMailAdd>gerard.bernhardt@vita.virginia.gov</eMailAdd><country>US</country></cntAddress><cntPhone><voiceNum tddtty="">804.416.6208</voiceNum></cntPhone><cntHours>0900 - 1700 EST</cntHours><cntInstr>Contact by phone or email.</cntInstr></rpCntInfo><displayName>Gerard Bernhardt</displayName></mdContact><mdMaint xmlns=""><maintFreq><MaintFreqCd value="007"></MaintFreqCd></maintFreq></mdMaint><dqInfo xmlns=""><dqScope><scpLvl><ScopeCd value="009"></ScopeCd></scpLvl><scpLvlDesc xmlns=""><datasetSet>NTIA broadband map</datasetSet></scpLvlDesc></dqScope><dataLineage><statement>Data is collected and processed biannually for inclusion in the NTIA broadband map.</statement></dataLineage></dqInfo></metadata>
