<metadata xml:lang="en"><Esri><CreaDate>20140511</CreaDate><CreaTime>12002100</CreaTime><SyncOnce>FALSE</SyncOnce><ModDate>20140511</ModDate><ModTime>12002400</ModTime><SyncDate>20140511</SyncDate><SyncTime>12002400</SyncTime><DataProperties><lineage><Process ToolSource="c:\program files (x86)\arcgis\desktop10.1\ArcToolbox\Toolboxes\Data Management Tools.tbx\CalculateField" Date="20140325" Time="111448" Name="" export="">CalculateField CAI TRANSTECH "-9999" VB #</Process><Process ToolSource="c:\Program Files (x86)\ArcGIS\Desktop10.0\ArcToolbox\Toolboxes\Data Management Tools.tbx\DeleteField" Date="20140424" Time="214229">DeleteField C:/SpatialDATA/Spring2014/VA/VA_SBDD_2014_04_01.gdb/NATL_Broadband_Map/BB_Service_CAInstitutions SBDD_ID</Process><Process ToolSource="c:\Program Files (x86)\ArcGIS\Desktop10.0\ArcToolbox\Toolboxes\Data Management Tools.tbx\AddField" Date="20140424" Time="214231">AddField C:/SpatialDATA/Spring2014/VA/VA_SBDD_2014_04_01.gdb/NATL_Broadband_Map/BB_Service_CAInstitutions SBDD_ID TEXT # # 20 # NULLABLE NON_REQUIRED #</Process><Process ToolSource="c:\Program Files (x86)\ArcGIS\Desktop10.0\ArcToolbox\Toolboxes\Data Management Tools.tbx\CalculateField" Date="20140424" Time="214235">CalculateField C:/SpatialDATA/Spring2014/VA/VA_SBDD_2014_04_01.gdb/NATL_Broadband_Map/BB_Service_CAInstitutions SBDD_ID '9-1-51-2-!OBJECTID!' PYTHON #</Process><Process ToolSource="c:\Program Files (x86)\ArcGIS\Desktop10.0\ArcToolbox\Toolboxes\Data Management Tools.tbx\RepairGeometry" Date="20140511" Time="120022">RepairGeometry C:/SpatialDATA/Spring2014/Processing.gdb\CAI DELETE_NULL</Process><Process ToolSource="c:\Program Files (x86)\ArcGIS\Desktop10.0\ArcToolbox\Toolboxes\Data Management Tools.tbx\CopyFeatures" Date="20140511" Time="120026">CopyFeatures C:/SpatialDATA/Spring2014/Processing.gdb\CAI C:\SpatialDATA\Spring2014\export\Shape\CAI\CAI.shp # 0 0 0</Process></lineage><itemProps><itemName Sync="TRUE">CAI</itemName><imsContentType Sync="TRUE" export="False">002</imsContentType><nativeExtBox><westBL Sync="TRUE">-83.528869</westBL><eastBL Sync="TRUE">-75.357500</eastBL><southBL Sync="TRUE">36.555626</southBL><northBL Sync="TRUE">39.375288</northBL><exTypeCode Sync="TRUE">1</exTypeCode></nativeExtBox><itemLocation><linkage Sync="TRUE">file://\\P028417\SpatialDATA\Spring2014\export\Shape\CAI\CAI.shp</linkage><protocol Sync="TRUE">Local Area Network</protocol></itemLocation><itemSize Sync="TRUE">0.000</itemSize></itemProps><coordRef><type Sync="TRUE">Geographic</type><geogcsn Sync="TRUE">GCS_WGS_1984</geogcsn><csUnits Sync="TRUE">Angular Unit: Degree (0.017453)</csUnits><peXml Sync="TRUE">&lt;GeographicCoordinateSystem xsi:type='typens:GeographicCoordinateSystem' xmlns:xsi='http://www.w3.org/2001/XMLSchema-instance' xmlns:xs='http://www.w3.org/2001/XMLSchema' xmlns:typens='http://www.esri.com/schemas/ArcGIS/10.0'&gt;&lt;WKT&gt;GEOGCS[&amp;quot;GCS_WGS_1984&amp;quot;,DATUM[&amp;quot;D_WGS_1984&amp;quot;,SPHEROID[&amp;quot;WGS_1984&amp;quot;,6378137.0,298.257223563]],PRIMEM[&amp;quot;Greenwich&amp;quot;,0.0],UNIT[&amp;quot;Degree&amp;quot;,0.0174532925199433],AUTHORITY[&amp;quot;EPSG&amp;quot;,4326]]&lt;/WKT&gt;&lt;XOrigin&gt;-399.99999999999989&lt;/XOrigin&gt;&lt;YOrigin&gt;-399.99999999999989&lt;/YOrigin&gt;&lt;XYScale&gt;11258999068426.24&lt;/XYScale&gt;&lt;ZOrigin&gt;-100000&lt;/ZOrigin&gt;&lt;ZScale&gt;10000&lt;/ZScale&gt;&lt;MOrigin&gt;-100000&lt;/MOrigin&gt;&lt;MScale&gt;10000&lt;/MScale&gt;&lt;XYTolerance&gt;8.9831528411952133e-009&lt;/XYTolerance&gt;&lt;ZTolerance&gt;0.001&lt;/ZTolerance&gt;&lt;MTolerance&gt;0.001&lt;/MTolerance&gt;&lt;HighPrecision&gt;true&lt;/HighPrecision&gt;&lt;LeftLongitude&gt;-180&lt;/LeftLongitude&gt;&lt;WKID&gt;4326&lt;/WKID&gt;&lt;/GeographicCoordinateSystem&gt;</peXml></coordRef></DataProperties><scaleRange><minScale>5000000</minScale><maxScale>5000</maxScale></scaleRange><ArcGISFormat>1.0</ArcGISFormat><ArcGISProfile>FGDC</ArcGISProfile></Esri><idinfo><native Sync="TRUE">Microsoft Windows XP Version 5.1 (Build 2600) Service Pack 3; ESRI ArcCatalog 9.3.1.3000</native><descript><langdata Sync="TRUE">en</langdata><abstract>This layer represents the National Telecommunications Information Administration (NTIA) State Broadband Data Development Program (SBDD) Community Anchor Institutions (CAI) which subscribe to broadband. ''Community Anchor Institutions'' consist of schools, libraries, medical and healthcare providers, public safety entities, community colleges and other institutions of higher education, and other community support organizations and entities. These locations may not offer broadband availability to the public (although most libraries and many schools, and community centers do) but rather offer an opportunity for policy makers to understand where community anchor institutions who have broadband access are which can help in identifying challenges and opportunities to reaching national connectivity goals. For additional information visit NOFA (Notice of Funding Availability) website: http://www.ntia.doc.gov/broadbandgrants/nofa.html</abstract><supplinf>REQUIRED. In this section include particular information on the processes and source information used to create this dataset.</supplinf></descript><citation><citeinfo><title Sync="TRUE">BB_Service_CAInstitutions</title><ftname Sync="TRUE">BB_Service_CAInstitutions</ftname><geoform Sync="TRUE">vector digital data</geoform><onlink Sync="TRUE">\\P028402\F$\DATA_MODEL_SPRING_2011\Working_3.gdb</onlink><origin>REQUIRED.</origin><pubdate>REQUIRED.</pubdate><pubtime>REQUIRED.</pubtime><edition>REQUIRED.</edition><othercit>REQUIRED.</othercit></citeinfo></citation><spdom><bounding><westbc Sync="TRUE">REQUIRED: Western-most coordinate of the limit of coverage expressed in longitude.</westbc><eastbc Sync="TRUE">REQUIRED: Eastern-most coordinate of the limit of coverage expressed in longitude.</eastbc><northbc Sync="TRUE">REQUIRED: Northern-most coordinate of the limit of coverage expressed in latitude.</northbc><southbc Sync="TRUE">REQUIRED: Southern-most coordinate of the limit of coverage expressed in latitude.</southbc></bounding></spdom><keywords><theme><themekey>Utilities</themekey><themekey>Communication</themekey><themekey>Broadband</themekey></theme></keywords><accconst>None</accconst><useconst>There are no restrictions on distribution of the data by users.  The user will cite the National Broadband Map as the original source of the data, but will clearly denote cases where the original data have been updated, modified, or in any way altered from the original condition.  

The boundary information in the data are for statistical data collection and tabulation purposes; their depiction and designation for statistical purposes does not constitute a determination of jurisdiction authority or rights of ownership or entitlement and they are not legal land descriptions.  

The Federal Communications Commission (FCC) and the National Telecommunication Administration (NTIA) make no representations or warranties regarding the accuracy of data or maps. The user will not seek to hold the FCC or the NTIA liable under any circumstances for any damages with respect to any claim by the user or any third party on account of or arising from the use of data or maps. This data may not be suitable for high-precision measurement applications such as engineering problems, property transfers or other uses that might require highly accurate measurements of the earth’s surface.</useconst><natvform Sync="TRUE">File Geodatabase Feature Class</natvform><ptcontac><cntinfo><cntperp><cntper>REQUIRED</cntper><cntorg>REQUIRED</cntorg></cntperp><cntpos>REQUIRED</cntpos><cntvoice>REQUIRED</cntvoice><cnttdd>REQUIRED</cnttdd><cntfax>REQUIRED</cntfax><cntemail>REQUIRED</cntemail><cntinst>REQUIRED</cntinst></cntinfo></ptcontac></idinfo><dataIdInfo><envirDesc Sync="TRUE">Microsoft Windows Server 2008 R2 Version 6.1 (Build 7601) Service Pack 1; ESRI ArcGIS 10.0.0.2414</envirDesc><dataLang><languageCode Sync="TRUE" value="eng" country="USA"/><countryCode value="USA" Sync="TRUE"/></dataLang><idCitation xmlns=""><resTitle Sync="TRUE">CAI</resTitle><presForm xmlns=""><PresFormCd value="005" Sync="TRUE"/></presForm><date><pubDate>2014-04-01T00:00:00</pubDate></date><citRespParty xmlns=""><rpIndName>Gerard Bernhardt</rpIndName><rpOrgName>Virginia Information Technology Agency</rpOrgName><rpPosName>GIS Analyst</rpPosName><role><RoleCd value="006"/></role></citRespParty></idCitation><spatRpType><SpatRepTypCd value="001" Sync="TRUE"/></spatRpType><dataExt xmlns=""><geoEle xmlns=""><GeoBndBox esriExtentType="search"><exTypeCode Sync="TRUE">1</exTypeCode><westBL Sync="TRUE">-83.528869</westBL><eastBL Sync="TRUE">-75.357500</eastBL><northBL Sync="TRUE">39.375288</northBL><southBL Sync="TRUE">36.555626</southBL></GeoBndBox></geoEle></dataExt><idPurp>The Virginia Center for Innovative Technology (CIT) was designated by the Governor of Virginia as the primary point of contact for all Commonwealth of Virginia participation in the National Broadband Mapping Project.  CIT works in conjunction with the Virginia Information Technologies Agency’s (VITA) Virginia Geographic Information Network (VGIN) to review, process, normalize and submit the information outlined in the  National Telecommunications and Information Administration’s (NTIA)  Notice of Funding Availability (NOFA) establishing a Virginia iteration of the National Broadband Map.</idPurp><idAbs>&lt;DIV STYLE="text-align:Left;"&gt;&lt;DIV&gt;&lt;DIV&gt;&lt;P&gt;&lt;SPAN&gt;This layer represents the National Telecommunications Information Administration (NTIA) State Broadband Data Development Program (SBDD) Community Anchor Institutions (CAI) which subscribe to broadband. ''Community Anchor Institutions'' consist of schools, libraries, medical and healthcare providers, public safety entities, community colleges and other institutions of higher education, and other community support organizations and entities. These locations may not offer broadband availability to the public (although most libraries and many schools, and community centers do) but rather offer an opportunity for policy makers to understand where community anchor institutions who have broadband access are which can help in identifying challenges and opportunities to reaching national connectivity goals. For additional information visit NOFA (Notice of Funding Availability) website: http://www.ntia.doc.gov/broadbandgrants/nofa.html&lt;/SPAN&gt;&lt;/P&gt;&lt;/DIV&gt;&lt;/DIV&gt;&lt;/DIV&gt;</idAbs><idCredit>Data was processed by VGIN under the direction of CIT.</idCredit><searchKeys><keyword>Utilities</keyword><keyword>Communication</keyword><keyword>Broadband</keyword></searchKeys><resConst><Consts xmlns=""><useLimit>&lt;DIV STYLE="text-align:Left;"&gt;&lt;DIV&gt;&lt;DIV&gt;&lt;P&gt;&lt;SPAN&gt;There are no restrictions on distribution of the data by users. The user will cite the National Broadband Map as the original source of the data, but will clearly denote cases where the original data have been updated, modified, or in any way altered from the original condition. The boundary information in the data are for statistical data collection and tabulation purposes; their depiction and designation for statistical purposes does not constitute a determination of jurisdiction authority or rights of ownership or entitlement and they are not legal land descriptions. The Federal Communications Commission (FCC) and the National Telecommunication Administration (NTIA) make no representations or warranties regarding the accuracy of data or maps. The user will not seek to hold the FCC or the NTIA liable under any circumstances for any damages with respect to any claim by the user or any third party on account of or arising from the use of data or maps. This data may not be suitable for high-precision measurement applications such as engineering problems, property transfers or other uses that might require highly accurate measurements of the earth’s surface.&lt;/SPAN&gt;&lt;/P&gt;&lt;/DIV&gt;&lt;/DIV&gt;&lt;/DIV&gt;</useLimit></Consts></resConst><dataChar><CharSetCd value="004"/></dataChar><idPoC xmlns=""><rpIndName>Gerard Bernhardt</rpIndName><rpOrgName>Virginia Information Technology Agency</rpOrgName><rpPosName>GIS Analyst</rpPosName><role><RoleCd value="006"/></role><displayName>Gerard Bernhardt</displayName></idPoC><resMaint xmlns=""><maintFreq><MaintFreqCd value="007"/></maintFreq><dateNext>2014-04-01T00:00:00</dateNext></resMaint><descKeys><thesaName uuidref="723f6998-058e-11dc-8314-0800200c9a66"></thesaName><keyword Sync="TRUE">002</keyword></descKeys></dataIdInfo><metainfo><langmeta Sync="TRUE">en</langmeta><metstdn Sync="TRUE">FGDC Content Standards for Digital Geospatial Metadata</metstdn><metstdv Sync="TRUE">FGDC-STD-001-1998</metstdv><mettc Sync="TRUE">local time</mettc><metd Sync="TRUE">20110113</metd><metextns><metprof>National Broadband Map Data Transfer Model v 1.0.2</metprof></metextns></metainfo><mdLang><languageCode Sync="TRUE" value="eng"/><countryCode value="USA" Sync="TRUE"/></mdLang><mdStanName Sync="TRUE">ISO 19115 Geographic Information - Metadata</mdStanName><mdStanVer Sync="TRUE">DIS_ESRI1.0</mdStanVer><mdChar><CharSetCd Sync="TRUE" value="004"/></mdChar><mdHrLv><ScopeCd Sync="TRUE" value="005"/></mdHrLv><mdHrLvName Sync="TRUE">dataset</mdHrLvName><distinfo><resdesc Sync="TRUE">Downloadable Data</resdesc></distinfo><distInfo xmlns=""><distFormat xmlns=""><formatName Sync="TRUE">Shapefile</formatName><formatVer>April 2014</formatVer></distFormat><distTranOps><transSize Sync="TRUE">0.000</transSize></distTranOps></distInfo><spdoinfo><direct Sync="TRUE">Vector</direct><ptvctinf><esriterm Name="CAI"><efeatyp Sync="TRUE">Simple</efeatyp><efeageom Sync="TRUE">1</efeageom><esritopo Sync="TRUE">FALSE</esritopo><efeacnt Sync="TRUE">0</efeacnt><spindex Sync="TRUE">FALSE</spindex><linrefer Sync="TRUE">FALSE</linrefer></esriterm></ptvctinf></spdoinfo><spref><horizsys><cordsysn><geogcsn Sync="TRUE">GCS_WGS_1984</geogcsn></cordsysn><geograph><geogunit Sync="TRUE">Decimal degrees</geogunit><latres Sync="TRUE">0.000000</latres><longres Sync="TRUE">0.000000</longres></geograph><geodetic><horizdn Sync="TRUE">D_WGS_1984</horizdn><ellips Sync="TRUE">WGS_1984</ellips><semiaxis Sync="TRUE">6378137.000000</semiaxis><denflat Sync="TRUE">298.257224</denflat></geodetic></horizsys><vertdef><altsys><altenc Sync="TRUE">Explicit elevation coordinate included with horizontal coordinates</altenc><altres Sync="TRUE">0.000100</altres></altsys></vertdef></spref><refSysInfo><RefSystem><refSysID><identCode Sync="TRUE" code="4326">GCS_WGS_1984</identCode><idCodeSpace Sync="TRUE">EPSG</idCodeSpace><idVersion Sync="TRUE">7.4.1</idVersion></refSysID></RefSystem></refSysInfo><spatRepInfo><VectSpatRep><geometObjs Name="BB_Service_CAInstitutions"><geoObjTyp><GeoObjTypCd value="004" Sync="TRUE"/><geoObjCnt Sync="TRUE">0</geoObjCnt></geoObjTyp><geoObjCnt Sync="TRUE">6361</geoObjCnt></geometObjs><topLvl><TopoLevCd value="001" Sync="TRUE"/></topLvl></VectSpatRep></spatRepInfo><eainfo><detailed Name="CAI" xmlns=""><enttyp><enttypl Sync="TRUE">CAI</enttypl><enttypt Sync="TRUE">Feature Class</enttypt><enttypc Sync="TRUE">0</enttypc><enttypd>''Community Anchor Institutions'' consist of schools, libraries, medical and healthcare providers, public safety entities, community colleges and other institutions of higher education, and other community support organizations and entities.</enttypd><enttypds>NTIA</enttypds></enttyp><attr xmlns=""><attrlabl Sync="TRUE">SHAPE</attrlabl><attalias Sync="TRUE">Shape</attalias><attrtype Sync="TRUE">Geometry</attrtype><attwidth Sync="TRUE">0</attwidth><atprecis Sync="TRUE">0</atprecis><attscale Sync="TRUE">0</attscale><attrdef Sync="TRUE">Feature geometry.</attrdef><attrdefs Sync="TRUE">ESRI</attrdefs><attrdomv><udom Sync="TRUE">Coordinates defining the features.</udom></attrdomv></attr><attr xmlns=""><attrlabl Sync="TRUE">ANCHORNAME</attrlabl><attalias Sync="TRUE">ANCHORNAME</attalias><attrtype Sync="TRUE">String</attrtype><attwidth Sync="TRUE">200</attwidth><atprecis Sync="TRUE">0</atprecis><attscale Sync="TRUE">0</attscale><attrdef>Anchor Name </attrdef></attr><attr xmlns=""><attrlabl Sync="TRUE">ADDRESS</attrlabl><attalias Sync="TRUE">ADDRESS</attalias><attrtype Sync="TRUE">String</attrtype><attwidth Sync="TRUE">200</attwidth><atprecis Sync="TRUE">0</atprecis><attscale Sync="TRUE">0</attscale><attrdef>End_User_Address </attrdef></attr><attr xmlns=""><attrlabl Sync="TRUE">BLDGNBR</attrlabl><attalias Sync="TRUE">BLDGNBR</attalias><attrtype Sync="TRUE">String</attrtype><attwidth Sync="TRUE">10</attwidth><atprecis Sync="TRUE">0</atprecis><attscale Sync="TRUE">0</attscale><attrdef>End_User_Building_Number </attrdef></attr><attr xmlns=""><attrlabl Sync="TRUE">PREDIR</attrlabl><attalias Sync="TRUE">PREDIR</attalias><attrtype Sync="TRUE">String</attrtype><attwidth Sync="TRUE">25</attwidth><atprecis Sync="TRUE">0</atprecis><attscale Sync="TRUE">0</attscale><attrdef>End_User_Prefix_Direction </attrdef></attr><attr xmlns=""><attrlabl Sync="TRUE">STREETNAME</attrlabl><attalias Sync="TRUE">STREETNAME</attalias><attrtype Sync="TRUE">String</attrtype><attwidth Sync="TRUE">50</attwidth><atprecis Sync="TRUE">0</atprecis><attscale Sync="TRUE">0</attscale><attrdef>End_User_Street </attrdef></attr><attr xmlns=""><attrlabl Sync="TRUE">STREETTYPE</attrlabl><attalias Sync="TRUE">STREETTYPE</attalias><attrtype Sync="TRUE">String</attrtype><attwidth Sync="TRUE">25</attwidth><atprecis Sync="TRUE">0</atprecis><attscale Sync="TRUE">0</attscale><attrdef>End_User_Street_Type </attrdef></attr><attr xmlns=""><attrlabl Sync="TRUE">SUFFDIR</attrlabl><attalias Sync="TRUE">SUFFDIR</attalias><attrtype Sync="TRUE">String</attrtype><attwidth Sync="TRUE">25</attwidth><atprecis Sync="TRUE">0</atprecis><attscale Sync="TRUE">0</attscale><attrdef>End_User_Suffix_Direction </attrdef></attr><attr xmlns=""><attrlabl Sync="TRUE">CITY</attrlabl><attalias Sync="TRUE">CITY</attalias><attrtype Sync="TRUE">String</attrtype><attwidth Sync="TRUE">50</attwidth><atprecis Sync="TRUE">0</atprecis><attscale Sync="TRUE">0</attscale><attrdef>End_User_City </attrdef></attr><attr xmlns=""><attrlabl Sync="TRUE">STATECODE</attrlabl><attalias Sync="TRUE">STATECODE</attalias><attrtype Sync="TRUE">String</attrtype><attwidth Sync="TRUE">2</attwidth><atprecis Sync="TRUE">0</atprecis><attscale Sync="TRUE">0</attscale><attrdomv><edom><edomv>AS</edomv><edomvd>American Samoa</edomvd><edomvds>State Postal Abbreviation Values</edomvds></edom><edom><edomv>NV</edomv><edomvd>Nevada</edomvd><edomvds>State Postal Abbreviation Values</edomvds></edom><edom><edomv>AZ</edomv><edomvd>Arizona</edomvd><edomvds>State Postal Abbreviation Values</edomvds></edom><edom><edomv>WI</edomv><edomvd>Wisconsin</edomvd><edomvds>State Postal Abbreviation Values</edomvds></edom><edom><edomv>MP</edomv><edomvd>Commonwealth of the Northern Mariana Islands</edomvd><edomvds>State Postal Abbreviation Values</edomvds></edom><edom><edomv>GA</edomv><edomvd>Georgia</edomvd><edomvds>State Postal Abbreviation Values</edomvds></edom><edom><edomv>VI</edomv><edomvd>Virgin Islands of the United States</edomvd><edomvds>State Postal Abbreviation Values</edomvds></edom><edom><edomv>KS</edomv><edomvd>Kansas</edomvd><edomvds>State Postal Abbreviation Values</edomvds></edom><edom><edomv>CT</edomv><edomvd>Connecticut</edomvd><edomvds>State Postal Abbreviation Values</edomvds></edom><edom><edomv>IN</edomv><edomvd>Indiana</edomvd><edomvds>State Postal Abbreviation Values</edomvds></edom><edom><edomv>ME</edomv><edomvd>Maine</edomvd><edomvds>State Postal Abbreviation Values</edomvds></edom><edom><edomv>MA</edomv><edomvd>Massachusetts</edomvd><edomvds>State Postal Abbreviation Values</edomvds></edom><edom><edomv>MT</edomv><edomvd>Montana</edomvd><edomvds>State Postal Abbreviation Values</edomvds></edom><edom><edomv>MD</edomv><edomvd>Maryland</edomvd><edomvds>State Postal Abbreviation Values</edomvds></edom><edom><edomv>AR</edomv><edomvd>Arkansas</edomvd><edomvds>State Postal Abbreviation Values</edomvds></edom><edom><edomv>AL</edomv><edomvd>Alabama</edomvd><edomvds>State Postal Abbreviation Values</edomvds></edom><edom><edomv>VA</edomv><edomvd>Virginia</edomvd><edomvds>State Postal Abbreviation Values</edomvds></edom><edom><edomv>NE</edomv><edomvd>Nebraska</edomvd><edomvds>State Postal Abbreviation Values</edomvds></edom><edom><edomv>GU</edomv><edomvd>Guam</edomvd><edomvds>State Postal Abbreviation Values</edomvds></edom><edom><edomv>KY</edomv><edomvd>Kentucky</edomvd><edomvds>State Postal Abbreviation Values</edomvds></edom><edom><edomv>NY</edomv><edomvd>New York</edomvd><edomvds>State Postal Abbreviation Values</edomvds></edom><edom><edomv>CO</edomv><edomvd>Colorado</edomvd><edomvds>State Postal Abbreviation Values</edomvds></edom><edom><edomv>VT</edomv><edomvd>Vermont</edomvd><edomvds>State Postal Abbreviation Values</edomvds></edom><edom><edomv>SD</edomv><edomvd>South Dakota</edomvd><edomvds>State Postal Abbreviation Values</edomvds></edom><edom><edomv>MI</edomv><edomvd>Michigan</edomvd><edomvds>State Postal Abbreviation Values</edomvds></edom><edom><edomv>MO</edomv><edomvd>Missouri</edomvd><edomvds>State Postal Abbreviation Values</edomvds></edom><edom><edomv>HI</edomv><edomvd>Hawaii</edomvd><edomvds>State Postal Abbreviation Values</edomvds></edom><edom><edomv>PR</edomv><edomvd>Puerto Rico</edomvd><edomvds>State Postal Abbreviation Values</edomvds></edom><edom><edomv>NC</edomv><edomvd>North Carolina</edomvd><edomvds>State Postal Abbreviation Values</edomvds></edom><edom><edomv>RI</edomv><edomvd>Rhode Island</edomvd><edomvds>State Postal Abbreviation Values</edomvds></edom><edom><edomv>ID</edomv><edomvd>Idaho</edomvd><edomvds>State Postal Abbreviation Values</edomvds></edom><edom><edomv>DE</edomv><edomvd>Delaware</edomvd><edomvds>State Postal Abbreviation Values</edomvds></edom><edom><edomv>DC</edomv><edomvd>District of Columbia</edomvd><edomvds>State Postal Abbreviation Values</edomvds></edom><edom><edomv>NH</edomv><edomvd>New Hampshire</edomvd><edomvds>State Postal Abbreviation Values</edomvds></edom><edom><edomv>MN</edomv><edomvd>Minnesota</edomvd><edomvds>State Postal Abbreviation Values</edomvds></edom><edom><edomv>ND</edomv><edomvd>North Dakota</edomvd><edomvds>State Postal Abbreviation Values</edomvds></edom><edom><edomv>OK</edomv><edomvd>Oklahoma</edomvd><edomvds>State Postal Abbreviation Values</edomvds></edom><edom><edomv>AK</edomv><edomvd>Alaska</edomvd><edomvds>State Postal Abbreviation Values</edomvds></edom><edom><edomv>IA</edomv><edomvd>Iowa</edomvd><edomvds>State Postal Abbreviation Values</edomvds></edom><edom><edomv>TN</edomv><edomvd>Tennessee</edomvd><edomvds>State Postal Abbreviation Values</edomvds></edom><edom><edomv>FL</edomv><edomvd>Florida</edomvd><edomvds>State Postal Abbreviation Values</edomvds></edom><edom><edomv>LA</edomv><edomvd>Louisiana</edomvd><edomvds>State Postal Abbreviation Values</edomvds></edom><edom><edomv>NM</edomv><edomvd>New Mexico</edomvd><edomvds>State Postal Abbreviation Values</edomvds></edom><edom><edomv>WY</edomv><edomvd>Wyoming</edomvd><edomvds>State Postal Abbreviation Values</edomvds></edom><edom><edomv>PA</edomv><edomvd>Pennsylvania</edomvd><edomvds>State Postal Abbreviation Values</edomvds></edom><edom><edomv>SC</edomv><edomvd>South Carolina</edomvd><edomvds>State Postal Abbreviation Values</edomvds></edom><edom><edomv>UT</edomv><edomvd>Utah</edomvd><edomvds>State Postal Abbreviation Values</edomvds></edom><edom><edomv>WV</edomv><edomvd>West Virginia</edomvd><edomvds>State Postal Abbreviation Values</edomvds></edom><edom><edomv>WA</edomv><edomvd>Washington</edomvd><edomvds>State Postal Abbreviation Values</edomvds></edom><edom><edomv>MS</edomv><edomvd>Mississippi</edomvd><edomvds>State Postal Abbreviation Values</edomvds></edom><edom><edomv>OR</edomv><edomvd>Oregon</edomvd><edomvds>State Postal Abbreviation Values</edomvds></edom><edom><edomv>IL</edomv><edomvd>Illinois</edomvd><edomvds>State Postal Abbreviation Values</edomvds></edom><edom><edomv>NJ</edomv><edomvd>New Jersey</edomvd><edomvds>State Postal Abbreviation Values</edomvds></edom><edom><edomv>CA</edomv><edomvd>California</edomvd><edomvds>State Postal Abbreviation Values</edomvds></edom><edom><edomv>OH</edomv><edomvd>Ohio</edomvd><edomvds>State Postal Abbreviation Values</edomvds></edom><edom><edomv>TX</edomv><edomvd>Texas</edomvd><edomvds>State Postal Abbreviation Values</edomvds></edom></attrdomv><attrdef>Unique state code </attrdef></attr><attr xmlns=""><attrlabl Sync="TRUE">ZIP5</attrlabl><attalias Sync="TRUE">ZIP5</attalias><attrtype Sync="TRUE">String</attrtype><attwidth Sync="TRUE">5</attwidth><atprecis Sync="TRUE">0</atprecis><attscale Sync="TRUE">0</attscale><attrdef>End_User_Zipcode </attrdef></attr><attr xmlns=""><attrlabl Sync="TRUE">ZIP4</attrlabl><attalias Sync="TRUE">ZIP4</attalias><attrtype Sync="TRUE">String</attrtype><attwidth Sync="TRUE">4</attwidth><atprecis Sync="TRUE">0</atprecis><attscale Sync="TRUE">0</attscale><attrdef>End_User_Zip_Plus4 </attrdef></attr><attr xmlns=""><attrlabl Sync="TRUE">LATITUDE</attrlabl><attalias Sync="TRUE">LATITUDE</attalias><attrtype Sync="TRUE">Double</attrtype><attwidth Sync="TRUE">19</attwidth><atprecis Sync="TRUE">0</atprecis><attscale Sync="TRUE">0</attscale><attrdomv><rdom><rdommin>12</rdommin><rdommax>12</rdommax></rdom></attrdomv><attrdef>Latitude </attrdef></attr><attr><attrlabl Sync="TRUE">FID</attrlabl><attalias Sync="TRUE">FID</attalias><attrtype Sync="TRUE">OID</attrtype><attwidth Sync="TRUE">4</attwidth><atprecis Sync="TRUE">0</atprecis><attscale Sync="TRUE">0</attscale><attrdef Sync="TRUE">Internal feature number.</attrdef><attrdefs Sync="TRUE">ESRI</attrdefs><attrdomv><udom Sync="TRUE">Sequential unique whole numbers that are automatically generated.</udom></attrdomv></attr><attr xmlns=""><attrlabl Sync="TRUE">LONGITUDE</attrlabl><attalias Sync="TRUE">LONGITUDE</attalias><attrtype Sync="TRUE">Double</attrtype><attwidth Sync="TRUE">19</attwidth><atprecis Sync="TRUE">0</atprecis><attscale Sync="TRUE">0</attscale><attrdomv><rdom><rdommin>-65</rdommin><rdommax>-65</rdommax></rdom></attrdomv><attrdef>Longitude </attrdef></attr><attr xmlns=""><attrlabl Sync="TRUE">CAICAT</attrlabl><attalias Sync="TRUE">CAICAT</attalias><attrtype Sync="TRUE">String</attrtype><attwidth Sync="TRUE">2</attwidth><atprecis Sync="TRUE">0</atprecis><attscale Sync="TRUE">0</attscale><attrdomv><edom><edomv>1</edomv><edomvd>School - K through 12</edomvd><edomvds>Community Anchor Institution Codes</edomvds></edom><edom><edomv>2</edomv><edomvd>Library</edomvd><edomvds>Community Anchor Institution Codes</edomvds></edom><edom><edomv>3</edomv><edomvd>Medical/healthcare</edomvd><edomvds>Community Anchor Institution Codes</edomvds></edom><edom><edomv>4</edomv><edomvd>Public safety</edomvd><edomvds>Community Anchor Institution Codes</edomvds></edom><edom><edomv>5</edomv><edomvd>University, college, other post-secondary</edomvd><edomvds>Community Anchor Institution Codes</edomvds></edom><edom><edomv>6</edomv><edomvd>Other community support - government</edomvd><edomvds>Community Anchor Institution Codes</edomvds></edom><edom><edomv>7</edomv><edomvd>Other community support - nongovernmental</edomvd><edomvds>Community Anchor Institution Codes</edomvds></edom></attrdomv><attrdef>Community Anchor Institution category </attrdef></attr><attr xmlns=""><attrlabl Sync="TRUE">BBSERVICE</attrlabl><attalias Sync="TRUE">BBSERVICE</attalias><attrtype Sync="TRUE">String</attrtype><attwidth Sync="TRUE">2</attwidth><atprecis Sync="TRUE">0</atprecis><attscale Sync="TRUE">0</attscale><attrdomv><edom><edomv>Y</edomv><edomvd>Yes</edomvd><edomvds>Yes or No Codes</edomvds></edom><edom><edomv>N</edomv><edomvd>No</edomvd><edomvds>Yes or No Codes</edomvds></edom></attrdomv><attrdef>Broadband Service </attrdef></attr><attr xmlns=""><attrlabl Sync="TRUE">TRANSTECH</attrlabl><attalias Sync="TRUE">TRANSTECH</attalias><attrtype Sync="TRUE">SmallInteger</attrtype><attwidth Sync="TRUE">4</attwidth><atprecis Sync="TRUE">4</atprecis><attscale Sync="TRUE">0</attscale><attrdef>Technology_of_Transmission </attrdef></attr><attr xmlns=""><attrlabl Sync="TRUE">FULLFIPSID</attrlabl><attalias Sync="TRUE">FULLFIPSID</attalias><attrtype Sync="TRUE">String</attrtype><attwidth Sync="TRUE">16</attwidth><atprecis Sync="TRUE">0</atprecis><attscale Sync="TRUE">0</attscale><attrdef>Current block identifier; a concatenation of Census 2000 state Federal Information Processing Standards (FIPS) code, Census 2000 county FIPS code, Census 2000 census tract code, Census 2000 tabulation block number, and current block suffix 1.</attrdef><attrdefs>U.S. Census Bureau</attrdefs></attr><subtype><stname Sync="TRUE">Asymmetric xDSL</stname><stcode Sync="TRUE">10</stcode><stfield><stfldnm Sync="TRUE">STATECODE</stfldnm><stflddd><domname Sync="TRUE">STUSPS</domname><domdesc Sync="TRUE">State Postal Abbreviation Values</domdesc><domtype Sync="TRUE">Coded Value</domtype><mrgtype Sync="TRUE">Default value</mrgtype><splttype Sync="TRUE">Default value</splttype><domowner Sync="TRUE"/><domfldtp Sync="TRUE">String</domfldtp></stflddd></stfield><stfield><stfldnm Sync="TRUE">CAICAT</stfldnm><stflddd><domname Sync="TRUE">Community Anchor Institution</domname><domdesc Sync="TRUE">Community Anchor Institution Codes</domdesc><domtype Sync="TRUE">Coded Value</domtype><mrgtype Sync="TRUE">Default value</mrgtype><splttype Sync="TRUE">Default value</splttype><domowner Sync="TRUE"/><domfldtp Sync="TRUE">String</domfldtp></stflddd></stfield><stfield><stfldnm Sync="TRUE">PublicWifi</stfldnm><stflddd><domname Sync="TRUE">Longitude Range</domname><domdesc Sync="TRUE">Valid range for longitude</domdesc><domtype Sync="TRUE">Range</domtype><mrgtype Sync="TRUE">Default value</mrgtype><splttype Sync="TRUE">Default value</splttype><domowner Sync="TRUE"/><domfldtp Sync="TRUE">Double</domfldtp></stflddd><stflddv Sync="TRUE">U</stflddv></stfield><stfield><stfldnm Sync="TRUE">MAXADDOWN</stfldnm><stflddd><domname Sync="TRUE">AxDSL Down</domname><domdesc Sync="TRUE">Allowable Download Speeds fo AxDSL</domdesc><domtype Sync="TRUE">Coded Value</domtype><mrgtype Sync="TRUE">Default value</mrgtype><splttype Sync="TRUE">Default value</splttype><domowner Sync="TRUE"/><domfldtp Sync="TRUE">String</domfldtp></stflddd></stfield><stfield><stfldnm Sync="TRUE">MAXADUP</stfldnm><stflddd><domname Sync="TRUE">AxDSL Up</domname><domdesc Sync="TRUE">Allowable Upload Speeds for AxDSL</domdesc><domtype Sync="TRUE">Coded Value</domtype><mrgtype Sync="TRUE">Default value</mrgtype><splttype Sync="TRUE">Default value</splttype><domowner Sync="TRUE"/><domfldtp Sync="TRUE">String</domfldtp></stflddd></stfield><stfield><stfldnm Sync="TRUE">MAXADDOWN</stfldnm><stflddd><domname Sync="TRUE">AxDSL Down</domname><domdesc Sync="TRUE">Allowable Download Speeds fo AxDSL</domdesc><domtype Sync="TRUE">Coded Value</domtype><mrgtype Sync="TRUE">Default value</mrgtype><splttype Sync="TRUE">Default value</splttype><domowner Sync="TRUE"/><domfldtp Sync="TRUE">String</domfldtp></stflddd></stfield><stfield><stfldnm Sync="TRUE">MAXADUP</stfldnm><stflddd><domname Sync="TRUE">AxDSL Up</domname><domdesc Sync="TRUE">Allowable Upload Speeds for AxDSL</domdesc><domtype Sync="TRUE">Coded Value</domtype><mrgtype Sync="TRUE">Default value</mrgtype><splttype Sync="TRUE">Default value</splttype><domowner Sync="TRUE"/><domfldtp Sync="TRUE">String</domfldtp></stflddd></stfield></subtype><subtype><stname Sync="TRUE">Symmetric xDSL</stname><stcode Sync="TRUE">20</stcode><stfield><stfldnm Sync="TRUE">STATECODE</stfldnm><stflddd><domname Sync="TRUE">STUSPS</domname><domdesc Sync="TRUE">State Postal Abbreviation Values</domdesc><domtype Sync="TRUE">Coded Value</domtype><mrgtype Sync="TRUE">Default value</mrgtype><splttype Sync="TRUE">Default value</splttype><domowner Sync="TRUE"/><domfldtp Sync="TRUE">String</domfldtp></stflddd></stfield><stfield><stfldnm Sync="TRUE">CAICAT</stfldnm><stflddd><domname Sync="TRUE">Community Anchor Institution</domname><domdesc Sync="TRUE">Community Anchor Institution Codes</domdesc><domtype Sync="TRUE">Coded Value</domtype><mrgtype Sync="TRUE">Default value</mrgtype><splttype Sync="TRUE">Default value</splttype><domowner Sync="TRUE"/><domfldtp Sync="TRUE">String</domfldtp></stflddd></stfield><stfield><stfldnm Sync="TRUE">PublicWifi</stfldnm><stflddd><domname Sync="TRUE">Longitude Range</domname><domdesc Sync="TRUE">Valid range for longitude</domdesc><domtype Sync="TRUE">Range</domtype><mrgtype Sync="TRUE">Default value</mrgtype><splttype Sync="TRUE">Default value</splttype><domowner Sync="TRUE"/><domfldtp Sync="TRUE">Double</domfldtp></stflddd><stflddv Sync="TRUE">U</stflddv></stfield><stfield><stfldnm Sync="TRUE">MAXADDOWN</stfldnm><stflddd><domname Sync="TRUE">Symetric xDSL Down</domname><domdesc Sync="TRUE">Allowable Download Speeds for xDSL</domdesc><domtype Sync="TRUE">Coded Value</domtype><mrgtype Sync="TRUE">Default value</mrgtype><splttype Sync="TRUE">Default value</splttype><domowner Sync="TRUE"/><domfldtp Sync="TRUE">String</domfldtp></stflddd></stfield><stfield><stfldnm Sync="TRUE">MAXADUP</stfldnm><stflddd><domname Sync="TRUE">Symetric xDSL Up</domname><domdesc Sync="TRUE">Allowable Upload Speeds for Symetric xDSL</domdesc><domtype Sync="TRUE">Coded Value</domtype><mrgtype Sync="TRUE">Default value</mrgtype><splttype Sync="TRUE">Default value</splttype><domowner Sync="TRUE"/><domfldtp Sync="TRUE">String</domfldtp></stflddd></stfield><stfield><stfldnm Sync="TRUE">MAXADDOWN</stfldnm><stflddd><domname Sync="TRUE">Symetric xDSL Down</domname><domdesc Sync="TRUE">Allowable Download Speeds for xDSL</domdesc><domtype Sync="TRUE">Coded Value</domtype><mrgtype Sync="TRUE">Default value</mrgtype><splttype Sync="TRUE">Default value</splttype><domowner Sync="TRUE"/><domfldtp Sync="TRUE">String</domfldtp></stflddd></stfield><stfield><stfldnm Sync="TRUE">MAXADUP</stfldnm><stflddd><domname Sync="TRUE">Symetric xDSL Up</domname><domdesc Sync="TRUE">Allowable Upload Speeds for Symetric xDSL</domdesc><domtype Sync="TRUE">Coded Value</domtype><mrgtype Sync="TRUE">Default value</mrgtype><splttype Sync="TRUE">Default value</splttype><domowner Sync="TRUE"/><domfldtp Sync="TRUE">String</domfldtp></stflddd></stfield></subtype><subtype><stname Sync="TRUE">Other Copper Wireline</stname><stcode Sync="TRUE">30</stcode><stfield><stfldnm Sync="TRUE">STATECODE</stfldnm><stflddd><domname Sync="TRUE">STUSPS</domname><domdesc Sync="TRUE">State Postal Abbreviation Values</domdesc><domtype Sync="TRUE">Coded Value</domtype><mrgtype Sync="TRUE">Default value</mrgtype><splttype Sync="TRUE">Default value</splttype><domowner Sync="TRUE"/><domfldtp Sync="TRUE">String</domfldtp></stflddd></stfield><stfield><stfldnm Sync="TRUE">CAICAT</stfldnm><stflddd><domname Sync="TRUE">Community Anchor Institution</domname><domdesc Sync="TRUE">Community Anchor Institution Codes</domdesc><domtype Sync="TRUE">Coded Value</domtype><mrgtype Sync="TRUE">Default value</mrgtype><splttype Sync="TRUE">Default value</splttype><domowner Sync="TRUE"/><domfldtp Sync="TRUE">String</domfldtp></stflddd></stfield><stfield><stfldnm Sync="TRUE">PublicWifi</stfldnm><stflddd><domname Sync="TRUE">Longitude Range</domname><domdesc Sync="TRUE">Valid range for longitude</domdesc><domtype Sync="TRUE">Range</domtype><mrgtype Sync="TRUE">Default value</mrgtype><splttype Sync="TRUE">Default value</splttype><domowner Sync="TRUE"/><domfldtp Sync="TRUE">Double</domfldtp></stflddd><stflddv Sync="TRUE">U</stflddv></stfield><stfield><stfldnm Sync="TRUE">MAXADDOWN</stfldnm><stflddd><domname Sync="TRUE">Other Copper Wireline Down</domname><domdesc Sync="TRUE">Allowable Download Speeds for Copper Wireline</domdesc><domtype Sync="TRUE">Coded Value</domtype><mrgtype Sync="TRUE">Default value</mrgtype><splttype Sync="TRUE">Default value</splttype><domowner Sync="TRUE"/><domfldtp Sync="TRUE">String</domfldtp></stflddd></stfield><stfield><stfldnm Sync="TRUE">MAXADUP</stfldnm><stflddd><domname Sync="TRUE">Other Copper Wireline Up</domname><domdesc Sync="TRUE">Allowable Upload Speeds for Copper  Wireline</domdesc><domtype Sync="TRUE">Coded Value</domtype><mrgtype Sync="TRUE">Default value</mrgtype><splttype Sync="TRUE">Default value</splttype><domowner Sync="TRUE"/><domfldtp Sync="TRUE">String</domfldtp></stflddd></stfield><stfield><stfldnm Sync="TRUE">MAXADDOWN</stfldnm><stflddd><domname Sync="TRUE">Other Copper Wireline Down</domname><domdesc Sync="TRUE">Allowable Download Speeds for Copper Wireline</domdesc><domtype Sync="TRUE">Coded Value</domtype><mrgtype Sync="TRUE">Default value</mrgtype><splttype Sync="TRUE">Default value</splttype><domowner Sync="TRUE"/><domfldtp Sync="TRUE">String</domfldtp></stflddd></stfield><stfield><stfldnm Sync="TRUE">MAXADUP</stfldnm><stflddd><domname Sync="TRUE">Other Copper Wireline Up</domname><domdesc Sync="TRUE">Allowable Upload Speeds for Copper  Wireline</domdesc><domtype Sync="TRUE">Coded Value</domtype><mrgtype Sync="TRUE">Default value</mrgtype><splttype Sync="TRUE">Default value</splttype><domowner Sync="TRUE"/><domfldtp Sync="TRUE">String</domfldtp></stflddd></stfield></subtype><subtype><stname Sync="TRUE">Cable Modem - Other</stname><stcode Sync="TRUE">41</stcode><stfield><stfldnm Sync="TRUE">STATECODE</stfldnm><stflddd><domname Sync="TRUE">STUSPS</domname><domdesc Sync="TRUE">State Postal Abbreviation Values</domdesc><domtype Sync="TRUE">Coded Value</domtype><mrgtype Sync="TRUE">Default value</mrgtype><splttype Sync="TRUE">Default value</splttype><domowner Sync="TRUE"/><domfldtp Sync="TRUE">String</domfldtp></stflddd></stfield><stfield><stfldnm Sync="TRUE">CAICAT</stfldnm><stflddd><domname Sync="TRUE">Community Anchor Institution</domname><domdesc Sync="TRUE">Community Anchor Institution Codes</domdesc><domtype Sync="TRUE">Coded Value</domtype><mrgtype Sync="TRUE">Default value</mrgtype><splttype Sync="TRUE">Default value</splttype><domowner Sync="TRUE"/><domfldtp Sync="TRUE">String</domfldtp></stflddd></stfield><stfield><stfldnm Sync="TRUE">PublicWifi</stfldnm><stflddd><domname Sync="TRUE">Longitude Range</domname><domdesc Sync="TRUE">Valid range for longitude</domdesc><domtype Sync="TRUE">Range</domtype><mrgtype Sync="TRUE">Default value</mrgtype><splttype Sync="TRUE">Default value</splttype><domowner Sync="TRUE"/><domfldtp Sync="TRUE">Double</domfldtp></stflddd><stflddv Sync="TRUE">U</stflddv></stfield><stfield><stfldnm Sync="TRUE">MAXADDOWN</stfldnm><stflddd><domname Sync="TRUE">Cable Modem-Other Down</domname><domdesc Sync="TRUE">Allowable Download Speeds for Cable Modem - Other</domdesc><domtype Sync="TRUE">Coded Value</domtype><mrgtype Sync="TRUE">Default value</mrgtype><splttype Sync="TRUE">Default value</splttype><domowner Sync="TRUE"/><domfldtp Sync="TRUE">String</domfldtp></stflddd></stfield><stfield><stfldnm Sync="TRUE">MAXADUP</stfldnm><stflddd><domname Sync="TRUE">Cable Modem - Other Up</domname><domdesc Sync="TRUE">Allowable Upload Speed for Cable Modem_Other</domdesc><domtype Sync="TRUE">Coded Value</domtype><mrgtype Sync="TRUE">Default value</mrgtype><splttype Sync="TRUE">Default value</splttype><domowner Sync="TRUE"/><domfldtp Sync="TRUE">String</domfldtp></stflddd></stfield><stfield><stfldnm Sync="TRUE">MAXADDOWN</stfldnm><stflddd><domname Sync="TRUE">Cable Modem - DOCSIS 3.0 Down</domname><domdesc Sync="TRUE">Allowable Download Speeds for Cable Model - DOCSIS 3.0</domdesc><domtype Sync="TRUE">Coded Value</domtype><mrgtype Sync="TRUE">Default value</mrgtype><splttype Sync="TRUE">Default value</splttype><domowner Sync="TRUE"/><domfldtp Sync="TRUE">String</domfldtp></stflddd></stfield><stfield><stfldnm Sync="TRUE">MAXADUP</stfldnm><stflddd><domname Sync="TRUE">Cable Modem - DOCSIS 3.0 Up</domname><domdesc Sync="TRUE">Allowable Upload Speeds for Cable Modem - DOCSIS</domdesc><domtype Sync="TRUE">Coded Value</domtype><mrgtype Sync="TRUE">Default value</mrgtype><splttype Sync="TRUE">Default value</splttype><domowner Sync="TRUE"/><domfldtp Sync="TRUE">String</domfldtp></stflddd></stfield></subtype><subtype><stname Sync="TRUE">Optical Carrier/Fiber to the End User</stname><stcode Sync="TRUE">50</stcode><stfield><stfldnm Sync="TRUE">STATECODE</stfldnm><stflddd><domname Sync="TRUE">STUSPS</domname><domdesc Sync="TRUE">State Postal Abbreviation Values</domdesc><domtype Sync="TRUE">Coded Value</domtype><mrgtype Sync="TRUE">Default value</mrgtype><splttype Sync="TRUE">Default value</splttype><domowner Sync="TRUE"/><domfldtp Sync="TRUE">String</domfldtp></stflddd></stfield><stfield><stfldnm Sync="TRUE">CAICAT</stfldnm><stflddd><domname Sync="TRUE">Community Anchor Institution</domname><domdesc Sync="TRUE">Community Anchor Institution Codes</domdesc><domtype Sync="TRUE">Coded Value</domtype><mrgtype Sync="TRUE">Default value</mrgtype><splttype Sync="TRUE">Default value</splttype><domowner Sync="TRUE"/><domfldtp Sync="TRUE">String</domfldtp></stflddd></stfield><stfield><stfldnm Sync="TRUE">PublicWifi</stfldnm><stflddd><domname Sync="TRUE">Longitude Range</domname><domdesc Sync="TRUE">Valid range for longitude</domdesc><domtype Sync="TRUE">Range</domtype><mrgtype Sync="TRUE">Default value</mrgtype><splttype Sync="TRUE">Default value</splttype><domowner Sync="TRUE"/><domfldtp Sync="TRUE">Double</domfldtp></stflddd><stflddv Sync="TRUE">U</stflddv></stfield><stfield><stfldnm Sync="TRUE">MAXADDOWN</stfldnm><stflddd><domname Sync="TRUE">Optical Carrier- Down</domname><domdesc Sync="TRUE">Allowable Download Speeds for Optical</domdesc><domtype Sync="TRUE">Coded Value</domtype><mrgtype Sync="TRUE">Default value</mrgtype><splttype Sync="TRUE">Default value</splttype><domowner Sync="TRUE"/><domfldtp Sync="TRUE">String</domfldtp></stflddd></stfield><stfield><stfldnm Sync="TRUE">MAXADUP</stfldnm><stflddd><domname Sync="TRUE">Optical Carrier - Up</domname><domdesc Sync="TRUE">Allowable Upload Speeds for Optical</domdesc><domtype Sync="TRUE">Coded Value</domtype><mrgtype Sync="TRUE">Default value</mrgtype><splttype Sync="TRUE">Default value</splttype><domowner Sync="TRUE"/><domfldtp Sync="TRUE">String</domfldtp></stflddd></stfield><stfield><stfldnm Sync="TRUE">MAXADDOWN</stfldnm><stflddd><domname Sync="TRUE">Cable Modem-Other Down</domname><domdesc Sync="TRUE">Allowable Download Speeds for Cable Modem - Other</domdesc><domtype Sync="TRUE">Coded Value</domtype><mrgtype Sync="TRUE">Default value</mrgtype><splttype Sync="TRUE">Default value</splttype><domowner Sync="TRUE"/><domfldtp Sync="TRUE">String</domfldtp></stflddd></stfield><stfield><stfldnm Sync="TRUE">MAXADUP</stfldnm><stflddd><domname Sync="TRUE">Cable Modem - Other Up</domname><domdesc Sync="TRUE">Allowable Upload Speed for Cable Modem_Other</domdesc><domtype Sync="TRUE">Coded Value</domtype><mrgtype Sync="TRUE">Default value</mrgtype><splttype Sync="TRUE">Default value</splttype><domowner Sync="TRUE"/><domfldtp Sync="TRUE">String</domfldtp></stflddd></stfield></subtype><subtype><stname Sync="TRUE">Satellite</stname><stcode Sync="TRUE">60</stcode><stfield><stfldnm Sync="TRUE">STATECODE</stfldnm><stflddd><domname Sync="TRUE">STUSPS</domname><domdesc Sync="TRUE">State Postal Abbreviation Values</domdesc><domtype Sync="TRUE">Coded Value</domtype><mrgtype Sync="TRUE">Default value</mrgtype><splttype Sync="TRUE">Default value</splttype><domowner Sync="TRUE"/><domfldtp Sync="TRUE">String</domfldtp></stflddd></stfield><stfield><stfldnm Sync="TRUE">CAICAT</stfldnm><stflddd><domname Sync="TRUE">Community Anchor Institution</domname><domdesc Sync="TRUE">Community Anchor Institution Codes</domdesc><domtype Sync="TRUE">Coded Value</domtype><mrgtype Sync="TRUE">Default value</mrgtype><splttype Sync="TRUE">Default value</splttype><domowner Sync="TRUE"/><domfldtp Sync="TRUE">String</domfldtp></stflddd></stfield><stfield><stfldnm Sync="TRUE">PublicWifi</stfldnm><stflddd><domname Sync="TRUE">Longitude Range</domname><domdesc Sync="TRUE">Valid range for longitude</domdesc><domtype Sync="TRUE">Range</domtype><mrgtype Sync="TRUE">Default value</mrgtype><splttype Sync="TRUE">Default value</splttype><domowner Sync="TRUE"/><domfldtp Sync="TRUE">Double</domfldtp></stflddd><stflddv Sync="TRUE">U</stflddv></stfield><stfield><stfldnm Sync="TRUE">MAXADDOWN</stfldnm><stflddd><domname Sync="TRUE">Satellite Down</domname><domdesc Sync="TRUE">Alowable Download Speeds for Satellite</domdesc><domtype Sync="TRUE">Coded Value</domtype><mrgtype Sync="TRUE">Default value</mrgtype><splttype Sync="TRUE">Default value</splttype><domowner Sync="TRUE"/><domfldtp Sync="TRUE">String</domfldtp></stflddd></stfield><stfield><stfldnm Sync="TRUE">MAXADUP</stfldnm><stflddd><domname Sync="TRUE">Satellite Up</domname><domdesc Sync="TRUE">Allowable Upload Speeds for Satellite</domdesc><domtype Sync="TRUE">Coded Value</domtype><mrgtype Sync="TRUE">Default value</mrgtype><splttype Sync="TRUE">Default value</splttype><domowner Sync="TRUE"/><domfldtp Sync="TRUE">String</domfldtp></stflddd></stfield><stfield><stfldnm Sync="TRUE">MAXADDOWN</stfldnm><stflddd><domname Sync="TRUE">Optical Carrier- Down</domname><domdesc Sync="TRUE">Allowable Download Speeds for Optical</domdesc><domtype Sync="TRUE">Coded Value</domtype><mrgtype Sync="TRUE">Default value</mrgtype><splttype Sync="TRUE">Default value</splttype><domowner Sync="TRUE"/><domfldtp Sync="TRUE">String</domfldtp></stflddd></stfield><stfield><stfldnm Sync="TRUE">MAXADUP</stfldnm><stflddd><domname Sync="TRUE">Optical Carrier - Up</domname><domdesc Sync="TRUE">Allowable Upload Speeds for Optical</domdesc><domtype Sync="TRUE">Coded Value</domtype><mrgtype Sync="TRUE">Default value</mrgtype><splttype Sync="TRUE">Default value</splttype><domowner Sync="TRUE"/><domfldtp Sync="TRUE">String</domfldtp></stflddd></stfield></subtype><subtype><stname Sync="TRUE">Terrestrial Fixed Wireless - Unlicensed</stname><stcode Sync="TRUE">70</stcode><stfield><stfldnm Sync="TRUE">STATECODE</stfldnm><stflddd><domname Sync="TRUE">STUSPS</domname><domdesc Sync="TRUE">State Postal Abbreviation Values</domdesc><domtype Sync="TRUE">Coded Value</domtype><mrgtype Sync="TRUE">Default value</mrgtype><splttype Sync="TRUE">Default value</splttype><domowner Sync="TRUE"/><domfldtp Sync="TRUE">String</domfldtp></stflddd></stfield><stfield><stfldnm Sync="TRUE">CAICAT</stfldnm><stflddd><domname Sync="TRUE">Community Anchor Institution</domname><domdesc Sync="TRUE">Community Anchor Institution Codes</domdesc><domtype Sync="TRUE">Coded Value</domtype><mrgtype Sync="TRUE">Default value</mrgtype><splttype Sync="TRUE">Default value</splttype><domowner Sync="TRUE"/><domfldtp Sync="TRUE">String</domfldtp></stflddd></stfield><stfield><stfldnm Sync="TRUE">PublicWifi</stfldnm><stflddd><domname Sync="TRUE">Longitude Range</domname><domdesc Sync="TRUE">Valid range for longitude</domdesc><domtype Sync="TRUE">Range</domtype><mrgtype Sync="TRUE">Default value</mrgtype><splttype Sync="TRUE">Default value</splttype><domowner Sync="TRUE"/><domfldtp Sync="TRUE">Double</domfldtp></stflddd><stflddv Sync="TRUE">U</stflddv></stfield><stfield><stfldnm Sync="TRUE">MAXADDOWN</stfldnm><stflddd><domname Sync="TRUE">Terrestrial  Fixed Wireless  Unlicensed Down</domname><domdesc Sync="TRUE">Allowable Download Speeds for Terrestial Fixed Wireless Unlicensed</domdesc><domtype Sync="TRUE">Coded Value</domtype><mrgtype Sync="TRUE">Default value</mrgtype><splttype Sync="TRUE">Default value</splttype><domowner Sync="TRUE"/><domfldtp Sync="TRUE">String</domfldtp></stflddd></stfield><stfield><stfldnm Sync="TRUE">MAXADUP</stfldnm><stflddd><domname Sync="TRUE">Terrestrial Fixed Wireless Unlicensed Up</domname><domdesc Sync="TRUE">Allowable Upload Speeds for Terrestrial Fixed Wireless</domdesc><domtype Sync="TRUE">Coded Value</domtype><mrgtype Sync="TRUE">Default value</mrgtype><splttype Sync="TRUE">Default value</splttype><domowner Sync="TRUE"/><domfldtp Sync="TRUE">String</domfldtp></stflddd></stfield><stfield><stfldnm Sync="TRUE">MAXADDOWN</stfldnm><stflddd><domname Sync="TRUE">Satellite Down</domname><domdesc Sync="TRUE">Alowable Download Speeds for Satellite</domdesc><domtype Sync="TRUE">Coded Value</domtype><mrgtype Sync="TRUE">Default value</mrgtype><splttype Sync="TRUE">Default value</splttype><domowner Sync="TRUE"/><domfldtp Sync="TRUE">String</domfldtp></stflddd></stfield><stfield><stfldnm Sync="TRUE">MAXADUP</stfldnm><stflddd><domname Sync="TRUE">Satellite Up</domname><domdesc Sync="TRUE">Allowable Upload Speeds for Satellite</domdesc><domtype Sync="TRUE">Coded Value</domtype><mrgtype Sync="TRUE">Default value</mrgtype><splttype Sync="TRUE">Default value</splttype><domowner Sync="TRUE"/><domfldtp Sync="TRUE">String</domfldtp></stflddd></stfield></subtype><subtype><stname Sync="TRUE">Terrestrial Fixed Wireless - Licensed</stname><stcode Sync="TRUE">71</stcode><stfield><stfldnm Sync="TRUE">STATECODE</stfldnm><stflddd><domname Sync="TRUE">STUSPS</domname><domdesc Sync="TRUE">State Postal Abbreviation Values</domdesc><domtype Sync="TRUE">Coded Value</domtype><mrgtype Sync="TRUE">Default value</mrgtype><splttype Sync="TRUE">Default value</splttype><domowner Sync="TRUE"/><domfldtp Sync="TRUE">String</domfldtp></stflddd></stfield><stfield><stfldnm Sync="TRUE">CAICAT</stfldnm><stflddd><domname Sync="TRUE">Community Anchor Institution</domname><domdesc Sync="TRUE">Community Anchor Institution Codes</domdesc><domtype Sync="TRUE">Coded Value</domtype><mrgtype Sync="TRUE">Default value</mrgtype><splttype Sync="TRUE">Default value</splttype><domowner Sync="TRUE"/><domfldtp Sync="TRUE">String</domfldtp></stflddd></stfield><stfield><stfldnm Sync="TRUE">PublicWifi</stfldnm><stflddd><domname Sync="TRUE">Longitude Range</domname><domdesc Sync="TRUE">Valid range for longitude</domdesc><domtype Sync="TRUE">Range</domtype><mrgtype Sync="TRUE">Default value</mrgtype><splttype Sync="TRUE">Default value</splttype><domowner Sync="TRUE"/><domfldtp Sync="TRUE">Double</domfldtp></stflddd><stflddv Sync="TRUE">U</stflddv></stfield><stfield><stfldnm Sync="TRUE">MAXADDOWN</stfldnm><stflddd><domname Sync="TRUE">Terrestrial Fixed Wireless Licensed Down</domname><domdesc Sync="TRUE">Allowable Download Speeds for Terrestrial Fixed Wireless Licensed</domdesc><domtype Sync="TRUE">Coded Value</domtype><mrgtype Sync="TRUE">Default value</mrgtype><splttype Sync="TRUE">Default value</splttype><domowner Sync="TRUE"/><domfldtp Sync="TRUE">String</domfldtp></stflddd></stfield><stfield><stfldnm Sync="TRUE">MAXADUP</stfldnm><stflddd><domname Sync="TRUE">Terrestrial Fixed Wireless Licensed Up</domname><domdesc Sync="TRUE">Allowable Upload Speeds for Terrestrial Fixed Wireless-Licensed</domdesc><domtype Sync="TRUE">Coded Value</domtype><mrgtype Sync="TRUE">Default value</mrgtype><splttype Sync="TRUE">Default value</splttype><domowner Sync="TRUE"/><domfldtp Sync="TRUE">String</domfldtp></stflddd></stfield><stfield><stfldnm Sync="TRUE">MAXADDOWN</stfldnm><stflddd><domname Sync="TRUE">Terrestrial  Fixed Wireless  Unlicensed Down</domname><domdesc Sync="TRUE">Allowable Download Speeds for Terrestial Fixed Wireless Unlicensed</domdesc><domtype Sync="TRUE">Coded Value</domtype><mrgtype Sync="TRUE">Default value</mrgtype><splttype Sync="TRUE">Default value</splttype><domowner Sync="TRUE"/><domfldtp Sync="TRUE">String</domfldtp></stflddd></stfield><stfield><stfldnm Sync="TRUE">MAXADUP</stfldnm><stflddd><domname Sync="TRUE">Terrestrial Fixed Wireless Unlicensed Up</domname><domdesc Sync="TRUE">Allowable Upload Speeds for Terrestrial Fixed Wireless</domdesc><domtype Sync="TRUE">Coded Value</domtype><mrgtype Sync="TRUE">Default value</mrgtype><splttype Sync="TRUE">Default value</splttype><domowner Sync="TRUE"/><domfldtp Sync="TRUE">String</domfldtp></stflddd></stfield></subtype><attr xmlns=""><attrlabl Sync="TRUE">PublicWifi</attrlabl><attalias Sync="TRUE">PublicWifi</attalias><attrtype Sync="TRUE">String</attrtype><attwidth Sync="TRUE">2</attwidth><atprecis Sync="TRUE">0</atprecis><attscale Sync="TRUE">0</attscale></attr><attr xmlns=""><attrlabl Sync="TRUE">URL</attrlabl><attalias Sync="TRUE">URL</attalias><attrtype Sync="TRUE">String</attrtype><attwidth Sync="TRUE">100</attwidth><atprecis Sync="TRUE">0</atprecis><attscale Sync="TRUE">0</attscale></attr><subtype><stname Sync="TRUE">Terrestrial Mobile Wireless</stname><stcode Sync="TRUE">80</stcode><stfield><stfldnm Sync="TRUE">STATECODE</stfldnm><stflddd><domname Sync="TRUE">STUSPS</domname><domdesc Sync="TRUE">State Postal Abbreviation Values</domdesc><domtype Sync="TRUE">Coded Value</domtype><mrgtype Sync="TRUE">Default value</mrgtype><splttype Sync="TRUE">Default value</splttype><domowner Sync="TRUE"/><domfldtp Sync="TRUE">String</domfldtp></stflddd></stfield><stfield><stfldnm Sync="TRUE">CAICAT</stfldnm><stflddd><domname Sync="TRUE">Community Anchor Institution</domname><domdesc Sync="TRUE">Community Anchor Institution Codes</domdesc><domtype Sync="TRUE">Coded Value</domtype><mrgtype Sync="TRUE">Default value</mrgtype><splttype Sync="TRUE">Default value</splttype><domowner Sync="TRUE"/><domfldtp Sync="TRUE">String</domfldtp></stflddd></stfield><stfield><stfldnm Sync="TRUE">PublicWifi</stfldnm><stflddd><domname Sync="TRUE">Longitude Range</domname><domdesc Sync="TRUE">Valid range for longitude</domdesc><domtype Sync="TRUE">Range</domtype><mrgtype Sync="TRUE">Default value</mrgtype><splttype Sync="TRUE">Default value</splttype><domowner Sync="TRUE"/><domfldtp Sync="TRUE">Double</domfldtp></stflddd><stflddv Sync="TRUE">U</stflddv></stfield><stfield><stfldnm Sync="TRUE">MAXADDOWN</stfldnm><stflddd><domname Sync="TRUE">Terrestrial Mobile Wireless Down</domname><domdesc Sync="TRUE">Allowable Download Speeds for Terrestrial Mobile Wireless</domdesc><domtype Sync="TRUE">Coded Value</domtype><mrgtype Sync="TRUE">Default value</mrgtype><splttype Sync="TRUE">Default value</splttype><domowner Sync="TRUE"/><domfldtp Sync="TRUE">String</domfldtp></stflddd></stfield><stfield><stfldnm Sync="TRUE">MAXADUP</stfldnm><stflddd><domname Sync="TRUE">Terrestrial Mobile Wireless Up</domname><domdesc Sync="TRUE">Allowable Upload Speeds for Terrestrial Mobile Wireless</domdesc><domtype Sync="TRUE">Coded Value</domtype><mrgtype Sync="TRUE">Default value</mrgtype><splttype Sync="TRUE">Default value</splttype><domowner Sync="TRUE"/><domfldtp Sync="TRUE">String</domfldtp></stflddd></stfield><stfield><stfldnm Sync="TRUE">MAXADDOWN</stfldnm><stflddd><domname Sync="TRUE">Terrestrial Fixed Wireless Licensed Down</domname><domdesc Sync="TRUE">Allowable Download Speeds for Terrestrial Fixed Wireless Licensed</domdesc><domtype Sync="TRUE">Coded Value</domtype><mrgtype Sync="TRUE">Default value</mrgtype><splttype Sync="TRUE">Default value</splttype><domowner Sync="TRUE"/><domfldtp Sync="TRUE">String</domfldtp></stflddd></stfield><stfield><stfldnm Sync="TRUE">MAXADUP</stfldnm><stflddd><domname Sync="TRUE">Terrestrial Fixed Wireless Licensed Up</domname><domdesc Sync="TRUE">Allowable Upload Speeds for Terrestrial Fixed Wireless-Licensed</domdesc><domtype Sync="TRUE">Coded Value</domtype><mrgtype Sync="TRUE">Default value</mrgtype><splttype Sync="TRUE">Default value</splttype><domowner Sync="TRUE"/><domfldtp Sync="TRUE">String</domfldtp></stflddd></stfield></subtype><subtype><stname Sync="TRUE">Electric Power Line</stname><stcode Sync="TRUE">90</stcode><stfield><stfldnm Sync="TRUE">STATECODE</stfldnm><stflddd><domname Sync="TRUE">STUSPS</domname><domdesc Sync="TRUE">State Postal Abbreviation Values</domdesc><domtype Sync="TRUE">Coded Value</domtype><mrgtype Sync="TRUE">Default value</mrgtype><splttype Sync="TRUE">Default value</splttype><domowner Sync="TRUE"/><domfldtp Sync="TRUE">String</domfldtp></stflddd></stfield><stfield><stfldnm Sync="TRUE">CAICAT</stfldnm><stflddd><domname Sync="TRUE">Community Anchor Institution</domname><domdesc Sync="TRUE">Community Anchor Institution Codes</domdesc><domtype Sync="TRUE">Coded Value</domtype><mrgtype Sync="TRUE">Default value</mrgtype><splttype Sync="TRUE">Default value</splttype><domowner Sync="TRUE"/><domfldtp Sync="TRUE">String</domfldtp></stflddd></stfield><stfield><stfldnm Sync="TRUE">PublicWifi</stfldnm><stflddd><domname Sync="TRUE">Longitude Range</domname><domdesc Sync="TRUE">Valid range for longitude</domdesc><domtype Sync="TRUE">Range</domtype><mrgtype Sync="TRUE">Default value</mrgtype><splttype Sync="TRUE">Default value</splttype><domowner Sync="TRUE"/><domfldtp Sync="TRUE">Double</domfldtp></stflddd><stflddv Sync="TRUE">U</stflddv></stfield><stfield><stfldnm Sync="TRUE">MAXADDOWN</stfldnm><stflddd><domname Sync="TRUE">Electric Power Line Down</domname><domdesc Sync="TRUE">Allowable Download Speeds for Electric Powerline</domdesc><domtype Sync="TRUE">Coded Value</domtype><mrgtype Sync="TRUE">Default value</mrgtype><splttype Sync="TRUE">Default value</splttype><domowner Sync="TRUE"/><domfldtp Sync="TRUE">String</domfldtp></stflddd></stfield><stfield><stfldnm Sync="TRUE">MAXADUP</stfldnm><stflddd><domname Sync="TRUE">Electric Power Line Up</domname><domdesc Sync="TRUE">Allowable Upload Speeds for Electric Powerline</domdesc><domtype Sync="TRUE">Coded Value</domtype><mrgtype Sync="TRUE">Default value</mrgtype><splttype Sync="TRUE">Default value</splttype><domowner Sync="TRUE"/><domfldtp Sync="TRUE">String</domfldtp></stflddd></stfield><stfield><stfldnm Sync="TRUE">MAXADDOWN</stfldnm><stflddd><domname Sync="TRUE">Terrestrial Mobile Wireless Down</domname><domdesc Sync="TRUE">Allowable Download Speeds for Terrestrial Mobile Wireless</domdesc><domtype Sync="TRUE">Coded Value</domtype><mrgtype Sync="TRUE">Default value</mrgtype><splttype Sync="TRUE">Default value</splttype><domowner Sync="TRUE"/><domfldtp Sync="TRUE">String</domfldtp></stflddd></stfield><stfield><stfldnm Sync="TRUE">MAXADUP</stfldnm><stflddd><domname Sync="TRUE">Terrestrial Mobile Wireless Up</domname><domdesc Sync="TRUE">Allowable Upload Speeds for Terrestrial Mobile Wireless</domdesc><domtype Sync="TRUE">Coded Value</domtype><mrgtype Sync="TRUE">Default value</mrgtype><splttype Sync="TRUE">Default value</splttype><domowner Sync="TRUE"/><domfldtp Sync="TRUE">String</domfldtp></stflddd></stfield></subtype><subtype><stname Sync="TRUE">All Other</stname><stcode Sync="TRUE">0</stcode><stfield><stfldnm Sync="TRUE">STATECODE</stfldnm><stflddd><domname Sync="TRUE">STUSPS</domname><domdesc Sync="TRUE">State Postal Abbreviation Values</domdesc><domtype Sync="TRUE">Coded Value</domtype><mrgtype Sync="TRUE">Default value</mrgtype><splttype Sync="TRUE">Default value</splttype><domowner Sync="TRUE"/><domfldtp Sync="TRUE">String</domfldtp></stflddd></stfield><stfield><stfldnm Sync="TRUE">CAICAT</stfldnm><stflddd><domname Sync="TRUE">Community Anchor Institution</domname><domdesc Sync="TRUE">Community Anchor Institution Codes</domdesc><domtype Sync="TRUE">Coded Value</domtype><mrgtype Sync="TRUE">Default value</mrgtype><splttype Sync="TRUE">Default value</splttype><domowner Sync="TRUE"/><domfldtp Sync="TRUE">String</domfldtp></stflddd></stfield><stfield><stfldnm Sync="TRUE">BBSERVICE</stfldnm><stflddd><domname Sync="TRUE">Yes,No or Unknown</domname><domdesc Sync="TRUE">Select Yes, No or Unknown</domdesc><domtype Sync="TRUE">Coded Value</domtype><mrgtype Sync="TRUE">Default value</mrgtype><splttype Sync="TRUE">Default value</splttype><domowner Sync="TRUE"/><domfldtp Sync="TRUE">String</domfldtp></stflddd></stfield><stfield><stfldnm Sync="TRUE">PublicWifi</stfldnm><stflddd><domname Sync="TRUE">Yes,No or Unknown</domname><domdesc Sync="TRUE">Select Yes, No or Unknown</domdesc><domtype Sync="TRUE">Coded Value</domtype><mrgtype Sync="TRUE">Default value</mrgtype><splttype Sync="TRUE">Default value</splttype><domowner Sync="TRUE"/><domfldtp Sync="TRUE">String</domfldtp></stflddd><stflddv Sync="TRUE">U</stflddv></stfield><stfield><stfldnm Sync="TRUE">SubScrbDown</stfldnm><stflddd><domname Sync="TRUE">All_Speed_Tiers</domname><domdesc Sync="TRUE">All Allowable Speed Tier Codes</domdesc><domtype Sync="TRUE">Coded Value</domtype><mrgtype Sync="TRUE">Default value</mrgtype><splttype Sync="TRUE">Default value</splttype><domowner Sync="TRUE"/><domfldtp Sync="TRUE">String</domfldtp></stflddd><stflddv Sync="TRUE">ZZ</stflddv></stfield><stfield><stfldnm Sync="TRUE">SubSrbUP</stfldnm><stflddd><domname Sync="TRUE">All_Speed_Tiers</domname><domdesc Sync="TRUE">All Allowable Speed Tier Codes</domdesc><domtype Sync="TRUE">Coded Value</domtype><mrgtype Sync="TRUE">Default value</mrgtype><splttype Sync="TRUE">Default value</splttype><domowner Sync="TRUE"/><domfldtp Sync="TRUE">String</domfldtp></stflddd><stflddv Sync="TRUE">ZZ</stflddv></stfield><stfield><stfldnm Sync="TRUE">MAXADUP</stfldnm><stflddd><domname Sync="TRUE">Electric Power Line Up</domname><domdesc Sync="TRUE">Allowable Upload Speeds for Electric Powerline</domdesc><domtype Sync="TRUE">Coded Value</domtype><mrgtype Sync="TRUE">Default value</mrgtype><splttype Sync="TRUE">Default value</splttype><domowner Sync="TRUE"/><domfldtp Sync="TRUE">String</domfldtp></stflddd></stfield></subtype><subtype><stname Sync="TRUE">Cable Modem - DOCSIS 3.0</stname><stcode Sync="TRUE">40</stcode><stfield><stfldnm Sync="TRUE">STATECODE</stfldnm><stflddd><domname Sync="TRUE">STUSPS</domname><domdesc Sync="TRUE">State Postal Abbreviation Values</domdesc><domtype Sync="TRUE">Coded Value</domtype><mrgtype Sync="TRUE">Default value</mrgtype><splttype Sync="TRUE">Default value</splttype><domowner Sync="TRUE"/><domfldtp Sync="TRUE">String</domfldtp></stflddd></stfield><stfield><stfldnm Sync="TRUE">CAICAT</stfldnm><stflddd><domname Sync="TRUE">Community Anchor Institution</domname><domdesc Sync="TRUE">Community Anchor Institution Codes</domdesc><domtype Sync="TRUE">Coded Value</domtype><mrgtype Sync="TRUE">Default value</mrgtype><splttype Sync="TRUE">Default value</splttype><domowner Sync="TRUE"/><domfldtp Sync="TRUE">String</domfldtp></stflddd></stfield><stfield><stfldnm Sync="TRUE">PublicWifi</stfldnm><stflddd><domname Sync="TRUE">Yes,No or Unknown</domname><domdesc Sync="TRUE">Select Yes, No or Unknown</domdesc><domtype Sync="TRUE">Coded Value</domtype><mrgtype Sync="TRUE">Default value</mrgtype><splttype Sync="TRUE">Default value</splttype><domowner Sync="TRUE"/><domfldtp Sync="TRUE">String</domfldtp></stflddd><stflddv Sync="TRUE">U</stflddv></stfield><stfield><stfldnm Sync="TRUE">MAXADDOWN</stfldnm><stflddd><domname Sync="TRUE">Cable Modem - DOCSIS 3.0 Down</domname><domdesc Sync="TRUE">Allowable Download Speeds for Cable Model - DOCSIS 3.0</domdesc><domtype Sync="TRUE">Coded Value</domtype><mrgtype Sync="TRUE">Default value</mrgtype><splttype Sync="TRUE">Default value</splttype><domowner Sync="TRUE"/><domfldtp Sync="TRUE">String</domfldtp></stflddd></stfield><stfield><stfldnm Sync="TRUE">MAXADUP</stfldnm><stflddd><domname Sync="TRUE">Cable Modem - DOCSIS 3.0 Up</domname><domdesc Sync="TRUE">Allowable Upload Speeds for Cable Modem - DOCSIS</domdesc><domtype Sync="TRUE">Coded Value</domtype><mrgtype Sync="TRUE">Default value</mrgtype><splttype Sync="TRUE">Default value</splttype><domowner Sync="TRUE"/><domfldtp Sync="TRUE">String</domfldtp></stflddd></stfield></subtype><attr xmlns=""><attrlabl Sync="TRUE">CAIID</attrlabl><attalias Sync="TRUE">CAIID</attalias><attrtype Sync="TRUE">String</attrtype><attwidth Sync="TRUE">50</attwidth><atprecis Sync="TRUE">0</atprecis><attscale Sync="TRUE">0</attscale></attr><subtype><stname Sync="TRUE">Unknown/Did not provide</stname><stcode Sync="TRUE">-9999</stcode><stfield><stfldnm Sync="TRUE">ANCHORNAME</stfldnm><stflddv Sync="TRUE">N/A</stflddv></stfield><stfield><stfldnm Sync="TRUE">BLDGNBR</stfldnm><stflddv Sync="TRUE">N/A</stflddv></stfield><stfield><stfldnm Sync="TRUE">CITY</stfldnm><stflddv Sync="TRUE">N/A</stflddv></stfield><stfield><stfldnm Sync="TRUE">STATECODE</stfldnm><stflddd><domname Sync="TRUE">STUSPS</domname><domdesc Sync="TRUE">State Postal Abbreviation Values</domdesc><domtype Sync="TRUE">Coded Value</domtype><mrgtype Sync="TRUE">Default value</mrgtype><splttype Sync="TRUE">Default value</splttype><domowner Sync="TRUE"/><domfldtp Sync="TRUE">String</domfldtp></stflddd></stfield><stfield><stfldnm Sync="TRUE">LATITUDE</stfldnm><stflddv Sync="TRUE">-9999</stflddv></stfield><stfield><stfldnm Sync="TRUE">LONGITUDE</stfldnm><stflddv Sync="TRUE">-9999</stflddv></stfield><stfield><stfldnm Sync="TRUE">CAICAT</stfldnm><stflddd><domname Sync="TRUE">Community Anchor Institution</domname><domdesc Sync="TRUE">Community Anchor Institution Codes</domdesc><domtype Sync="TRUE">Coded Value</domtype><mrgtype Sync="TRUE">Default value</mrgtype><splttype Sync="TRUE">Default value</splttype><domowner Sync="TRUE"/><domfldtp Sync="TRUE">String</domfldtp></stflddd></stfield><stfield><stfldnm Sync="TRUE">PublicWifi</stfldnm><stflddv Sync="TRUE">U</stflddv><stflddd><domname Sync="TRUE">Yes,No or Unknown</domname><domdesc Sync="TRUE">Select Yes, No or Unknown</domdesc><domtype Sync="TRUE">Coded Value</domtype><mrgtype Sync="TRUE">Default value</mrgtype><splttype Sync="TRUE">Default value</splttype><domowner Sync="TRUE"/><domfldtp Sync="TRUE">String</domfldtp></stflddd></stfield><stfield><stfldnm Sync="TRUE">MAXADDOWN</stfldnm><stflddv Sync="TRUE">ZZ</stflddv></stfield><stfield><stfldnm Sync="TRUE">MAXADUP</stfldnm><stflddv Sync="TRUE">ZZ</stflddv></stfield></subtype><attr><attrlabl Sync="TRUE">SubScrbDow</attrlabl><attalias Sync="TRUE">SubScrbDow</attalias><attrtype Sync="TRUE">String</attrtype><attwidth Sync="TRUE">2</attwidth><atprecis Sync="TRUE">0</atprecis><attscale Sync="TRUE">0</attscale></attr><attr xmlns=""><attrlabl Sync="TRUE">SubSrbUP</attrlabl><attalias Sync="TRUE">SubSrbUP</attalias><attrtype Sync="TRUE">String</attrtype><attwidth Sync="TRUE">2</attwidth><atprecis Sync="TRUE">0</atprecis><attscale Sync="TRUE">0</attscale></attr><attr><attrlabl Sync="TRUE">SBDD_ID</attrlabl><attalias Sync="TRUE">SBDD_ID</attalias><attrtype Sync="TRUE">String</attrtype><attwidth Sync="TRUE">20</attwidth><atprecis Sync="TRUE">0</atprecis><attscale Sync="TRUE">0</attscale></attr></detailed></eainfo><mdDateSt Sync="TRUE">20140511</mdDateSt><dataqual><lineage><procstep><procdesc Sync="TRUE">Metadata imported.</procdesc><srcused Sync="TRUE">F:\DATA_MODEL_V2A\FINAL\METADATA\cai.xml</srcused><procdate Sync="TRUE">20110113</procdate><proctime Sync="TRUE">10353900</proctime></procstep></lineage></dataqual><mdContact xmlns=""><rpIndName>Gerard Bernhardt</rpIndName><rpOrgName>Virginia Information Technology Agency</rpOrgName><rpPosName>GIS Analyst</rpPosName><role><RoleCd value="006"/></role><displayName>Gerard Bernhardt</displayName></mdContact><dqInfo xmlns=""><dqScope><scpLvl><ScopeCd value="009"/></scpLvl><scpLvlDesc xmlns=""><datasetSet>NTIA Broadband Map</datasetSet></scpLvlDesc></dqScope><dataLineage><statement>Data is collected and processed biannually for inclusion in the NTIA broadband map.</statement></dataLineage></dqInfo></metadata>
