<?xml version="1.0" encoding="ISO-8859-1"?>
<!DOCTYPE metadata SYSTEM "http://www.fgdc.gov/metadata/fgdc-std-001-1998.dtd">
<metadata>
	<idinfo>
		<citation>
			<citeinfo>
				<origin>Sanborn Map Co.</origin>
				<pubdate>February 2007</pubdate>
				<title Sync="TRUE">contours</title>
				<geoform Sync="TRUE">vector digital data</geoform>
				<onlink Sync="TRUE">\\ISLKELLO1\C$\Contours.gdb</onlink>
				<ftname Sync="TRUE">contours</ftname></citeinfo>
		</citation>
		<descript>
			<abstract>These 4' contours were produced as part of the VGIN mapping project executed in 2006 and 2007.  Contours were provided to jurisdictions who chose to use the upgrade option for contour generation.  The contours are provided in Personal Geodatabase format.  Due to size limitations, a jurisdiction may contain more than one GeoDatabase.</abstract>
			<purpose>The aerial photography and creation of the subsequent contour data was executed to capture the existing ground conditions at a specific point in time for the purpose of GIS analysis. A GIS is a system of computer software, hardware, and data that allows a user to manipulate, analyze, and present information that is tied to a spatial location. GIS technology is used in scientific investigations, resource management, development planning, and many other applications that require analysis of spatial data.  VGIN sub-contracted with the Sanborn Map Company to execute a Statewide mapping contract in the years 2006 and 2007.  This contract updated and enhanced the existing 2002 map data.  The Virginia Geographic Information Network (VGIN) is the lead public agency in the Commonwealth for spatial data and GIS. VGIN's mission is to facilitate the cost-effective development and use of spatial data, GIS, and related technologies in organizations throughout the Commonwealth.</purpose>
			<supplinf>The analog aerial photography was collected at 1"=1,200' scale and flown in Spring 2006 and 2007.  The aerial photography was controlled with strategic phot-identifiable ground control points.  The ground control points were referenced to a Statewide adjusted Network in North American Datum 1983; Virginia State Plane North.  The film was scanned at 14 microns and the aerotriangulation was executed using Zeiss ISAT software.  The accuracy of the 1"=1,200' scale aerotriangulation data supports 1"=200' mapping and the generation of the 4' contours. The Digital Terrain Model (DTM) and subsequent Triangular Irregular Network (TIN) used to the interpolate the contours was photogrammetrically stereo-compiled using fully manual methods to collect masspoints and breaklines.  The 4' contour data was initially compiled in tile (5,000' X 5,000') tile format and then were seamlessly merged together into GeoDatabase format for final delivery.</supplinf>
			<langdata Sync="TRUE">en</langdata></descript>
		<timeperd>
			<timeinfo>
				<sngdate>
					<caldate>March-April 2006</caldate>
				</sngdate>
			</timeinfo>
			<current>ground condition</current>
		</timeperd>
		<status>
			<progress>Complete</progress>
			<update>Unknown</update>
		</status>
		<spdom>
			<bounding>
				<westbc Sync="TRUE">-79.540756</westbc>
				<eastbc Sync="TRUE">-78.736239</eastbc>
				<northbc Sync="TRUE">38.485649</northbc>
				<southbc Sync="TRUE">38.165484</southbc>
			</bounding>
			<lboundng><leftbc Sync="TRUE">11184999.999125</leftbc><rightbc Sync="TRUE">11414999.999851</rightbc><bottombc Sync="TRUE">6744999.999998</bottombc><topbc Sync="TRUE">6860000.000105</topbc></lboundng></spdom>
		<keywords>
			<theme>
				<themekey>contours</themekey>
				<themekt>REQUIRED: Reference to a formally registered thesaurus or a similar authoritative source of theme keywords.</themekt></theme>
		</keywords>
		<accconst>Contact VGIN for information about regional and statewide VBMP datasets.  For information about local datasets, contact the appropriate locality.</accconst>
		<useconst>This VBMP data has been developed using procedures designed to produce data to National Standard for Spatial Data Accuracy (NSSDA) and is intended for use at 1" = 100' scale.  It is requested that the Commonwealth of Virginia be cited for any use of the orthophotography as follows:  "Imagery Courtesy of the Commonwealth of Virginia".</useconst>
		<ptcontac>
			<cntinfo>
				<cntperp>
					<cntper>Stu Blankenship</cntper>
					<cntorg>VGIN (Virginia Geographic Information Network)</cntorg>
				</cntperp>
				<cntvoice>(804) 786-8175</cntvoice>
			</cntinfo>
		</ptcontac>
		<native Sync="TRUE">Microsoft Windows XP Version 5.1 (Build 2600) Service Pack 2; ESRI ArcCatalog 9.1.0.722</native>
		<natvform Sync="TRUE">Personal GeoDatabase Feature Class</natvform></idinfo>
	<dataqual>
		<lineage>
			<procstep>
				<procdesc>Dataset copied.</procdesc>
				<srcused>\\Cos-svr-64\MP3\Vgn708\mapping\vgn\contour_pgdb\VGIN_Area1b_Hampton.mdb</srcused>
			</procstep>
			<procstep>
				<procdesc>Metadata imported.</procdesc>
				<srcused>C:\DOCUME~1\TRUDNI~1.SAN\LOCALS~1\Temp\xmlA7E.tmp</srcused>
			</procstep>
			<procstep>
				<procdesc>Metadata imported.</procdesc>
				<srcused>N:\Vgn708\mapping\vgn\contour_pgdb\hampton.xml</srcused>
			</procstep>
			<procstep>
				<procdesc>Metadata imported.</procdesc>
				<srcused>T:\Vgn708\mapping\vgn\contour_pgdb\VGIN_Contours_Metadata.xml</srcused>
			</procstep>
			<procstep><procdesc Sync="TRUE">Metadata imported.</procdesc><srcused Sync="TRUE">T:\Vgn708\mapping\vgn\contour_pgdb\VGIN_4_Foot_Contours.xml</srcused><date Sync="TRUE">20080417</date><time Sync="TRUE">08373300</time></procstep><procstep><procdesc Sync="TRUE">Dataset copied.</procdesc><srcused Sync="TRUE">\\ISLKELLO1\C$\WorkSpace\Augusta_A.mdb</srcused><procdate Sync="TRUE">20120309</procdate><proctime Sync="TRUE">16475800</proctime></procstep></lineage>
	</dataqual>
	<spdoinfo>
		<direct Sync="TRUE">Vector</direct>
		<ptvctinf><esriterm Name="Afton_Contour_clip"><efeatyp Sync="TRUE">Simple</efeatyp><efeageom code="3" Sync="TRUE"></efeageom><esritopo Sync="TRUE">FALSE</esritopo><efeacnt Sync="TRUE">0</efeacnt><spindex Sync="TRUE">TRUE</spindex><linrefer Sync="TRUE">TRUE</linrefer></esriterm></ptvctinf></spdoinfo>
	<spref>
		<horizsys>
			<planar>
				<planci>
					<plance Sync="TRUE">coordinate pair</plance>
					<coordrep>
						<absres Sync="TRUE">0.000512</absres>
						<ordres Sync="TRUE">0.000512</ordres>
					</coordrep>
					<plandu Sync="TRUE">survey feet</plandu>
				</planci>
			</planar>
			<geodetic>
				<horizdn Sync="TRUE">North American Datum of 1983</horizdn>
				<ellips Sync="TRUE">Geodetic Reference System 80</ellips>
				<semiaxis Sync="TRUE">6378137.000000</semiaxis>
				<denflat Sync="TRUE">298.257222</denflat>
			</geodetic>
			<cordsysn><geogcsn Sync="TRUE">GCS_North_American_1983</geogcsn><projcsn Sync="TRUE">NAD_1983_StatePlane_Virginia_North_FIPS_4501_Feet</projcsn></cordsysn></horizsys>
		<vertdef>
			<altsys>
				<altres Sync="TRUE">0.000010</altres>
				<altenc Sync="TRUE">Explicit elevation coordinate included with horizontal coordinates</altenc>
			</altsys>
		</vertdef>
	</spref>
	<eainfo>
		<detailed Name="Afton_Contour_clip">
			<enttyp>
				<enttypl Sync="TRUE">Afton_Contour_clip</enttypl>
				<enttypt Sync="TRUE">Feature Class</enttypt><enttypc Sync="TRUE">0</enttypc></enttyp>
			<attr>
				<attrlabl>OBJECTID</attrlabl>
				<attrdef>Internal feature number.</attrdef>
				<attrdefs>ESRI</attrdefs>
				<attrdomv>
					<udom>Sequential unique whole numbers that are automatically generated.</udom>
				</attrdomv>
				<attalias Sync="TRUE">OBJECTID</attalias><attrtype Sync="TRUE">OID</attrtype><attwidth Sync="TRUE">4</attwidth><atprecis Sync="TRUE">0</atprecis><attscale Sync="TRUE">0</attscale></attr>
			<attr>
				<attrlabl>SHAPE</attrlabl>
				<attrdef>Feature geometry.</attrdef>
				<attrdefs>ESRI</attrdefs>
				<attrdomv>
					<udom>Coordinates defining the features.</udom>
				</attrdomv>
				<attalias Sync="TRUE">SHAPE</attalias><attrtype Sync="TRUE">Geometry</attrtype><attwidth Sync="TRUE">0</attwidth><atprecis Sync="TRUE">0</atprecis><attscale Sync="TRUE">0</attscale></attr>
			<attr>
				<attrlabl>Shape</attrlabl>
				<attrdef>Feature geometry.</attrdef>
				<attrdefs>ESRI</attrdefs>
				<attrdomv>
					<udom>Coordinates defining the features.</udom>
				</attrdomv>
				<attalias Sync="TRUE">TYPE</attalias><attrtype Sync="TRUE">String</attrtype><attwidth Sync="TRUE">50</attwidth><atprecis Sync="TRUE">0</atprecis><attscale Sync="TRUE">0</attscale></attr>
			<attr>
				<attrlabl>TYPE</attrlabl>
				<attrdomv>
					<edom>
						<edomv>INDEX</edomv>
						<edomvd>Every fifth contour line (10' intervals).</edomvd>
					</edom>
					<edom>
						<edomv>INTERMEDIATE</edomv>
						<edomvd>Contour lines at 2' intervals.</edomvd>
					</edom>
					<edom>
						<edomv>INDEX_OBS</edomv>
						<edomvd>Index contours obscured by areas of heavy shadow or vegetation - contours are approximated.</edomvd>
					</edom>
					<edom>
						<edomv>INTER_DEP</edomv>
						<edomvd>Intermediate contours obscured by areas of heavy shadow or vegetation - contours are approximated.</edomvd>
					</edom>
				</attrdomv>
				<attalias Sync="TRUE">ELEV</attalias><attrtype Sync="TRUE">Integer</attrtype><attwidth Sync="TRUE">4</attwidth><atprecis Sync="TRUE">0</atprecis><attscale Sync="TRUE">0</attscale></attr>
			<attr>
				<attrlabl>SHAPE_Length</attrlabl>
				<attrdef>Length of feature in internal units.</attrdef>
				<attrdefs>ESRI</attrdefs>
				<attrdomv>
					<udom>Positive real numbers that are automatically generated.</udom>
				</attrdomv>
				<attalias Sync="TRUE">SHAPE_Length</attalias><attrtype Sync="TRUE">Double</attrtype><attwidth Sync="TRUE">8</attwidth><atprecis Sync="TRUE">0</atprecis><attscale Sync="TRUE">0</attscale></attr>
			<attr>
				<attrlabl>ELEV</attrlabl>
				<attrdomv>
				</attrdomv>
			</attr>
			<attr>
				<attrlabl>Shape_Length</attrlabl>
				<attrdef>Length of feature in internal units.</attrdef>
				<attrdefs>ESRI</attrdefs>
				<attrdomv>
					<udom>Positive real numbers that are automatically generated.</udom>
				</attrdomv>
			</attr>
		</detailed>
	</eainfo>
	<distinfo>
		<resdesc>Downloadable Data</resdesc>
	</distinfo>
	<metainfo>
		<metd Sync="TRUE">20080417</metd>
		<metc>
			<cntinfo>
				<cntperp>
					<cntper>Krysia Sapeta</cntper>
					<cntorg>Sanborn Map Co.</cntorg>
				</cntperp>
				<cntpos>Project Manager</cntpos>
				<cntaddr>
					<addrtype>mailing address</addrtype>
					<address>1935 Jamboree Dr. Suite 100</address>
					<city>Colorado Springs</city>
					<state>Colorado</state>
					<postal>80920</postal>
					<country>USA</country>
				</cntaddr>
				<cntvoice>719-593-0093</cntvoice>
				<hours>M-F 10:00 am EST - 7:00 pm EST</hours>
			</cntinfo>
		</metc>
		<metstdn Sync="TRUE">FGDC Content Standards for Digital Geospatial Metadata</metstdn>
		<metstdv Sync="TRUE">FGDC-STD-001-1998</metstdv>
		<mettc Sync="TRUE">local time</mettc>
		<metextns>
			<onlink>http://www.esri.com/metadata/esriprof80.html</onlink>
			<metprof>ESRI Metadata Profile</metprof>
		</metextns>
		<metextns>
			<onlink>http://www.esri.com/metadata/esriprof80.html</onlink>
			<metprof>ESRI Metadata Profile</metprof>
		</metextns>
		<langmeta Sync="TRUE">en</langmeta></metainfo>
	<Esri><ModDate>20140221</ModDate><ModTime>16414500</ModTime><CreaDate>20140221</CreaDate><CreaTime>16430800</CreaTime><SyncOnce>FALSE</SyncOnce><SyncDate>20140221</SyncDate><SyncTime>16414500</SyncTime><DataProperties><itemProps><itemName Sync="TRUE">Afton_Contour_clip</itemName><imsContentType Sync="TRUE">002</imsContentType><itemLocation><linkage Sync="TRUE">file://\\ACGCGIS2\data\Addressing.mdb</linkage><protocol Sync="TRUE">Local Area Network</protocol></itemLocation></itemProps><coordRef><type Sync="TRUE">Projected</type><geogcsn Sync="TRUE">GCS_North_American_1983</geogcsn><csUnits Sync="TRUE">Linear Unit: Foot_US (0.304801)</csUnits><projcsn Sync="TRUE">NAD_1983_StatePlane_Virginia_North_FIPS_4501_Feet</projcsn><peXml Sync="TRUE">&lt;ProjectedCoordinateSystem xsi:type='typens:ProjectedCoordinateSystem' xmlns:xsi='http://www.w3.org/2001/XMLSchema-instance' xmlns:xs='http://www.w3.org/2001/XMLSchema' xmlns:typens='http://www.esri.com/schemas/ArcGIS/10.1'&gt;&lt;WKT&gt;PROJCS[&amp;quot;NAD_1983_StatePlane_Virginia_North_FIPS_4501_Feet&amp;quot;,GEOGCS[&amp;quot;GCS_North_American_1983&amp;quot;,DATUM[&amp;quot;D_North_American_1983&amp;quot;,SPHEROID[&amp;quot;GRS_1980&amp;quot;,6378137.0,298.257222101]],PRIMEM[&amp;quot;Greenwich&amp;quot;,0.0],UNIT[&amp;quot;Degree&amp;quot;,0.0174532925199433]],PROJECTION[&amp;quot;Lambert_Conformal_Conic&amp;quot;],PARAMETER[&amp;quot;False_Easting&amp;quot;,11482916.66666666],PARAMETER[&amp;quot;False_Northing&amp;quot;,6561666.666666666],PARAMETER[&amp;quot;Central_Meridian&amp;quot;,-78.5],PARAMETER[&amp;quot;Standard_Parallel_1&amp;quot;,38.03333333333333],PARAMETER[&amp;quot;Standard_Parallel_2&amp;quot;,39.2],PARAMETER[&amp;quot;Latitude_Of_Origin&amp;quot;,37.66666666666666],UNIT[&amp;quot;Foot_US&amp;quot;,0.3048006096012192],AUTHORITY[&amp;quot;EPSG&amp;quot;,2283]]&lt;/WKT&gt;&lt;XOrigin&gt;-110512499.99978279&lt;/XOrigin&gt;&lt;YOrigin&gt;-88857999.999951601&lt;/YOrigin&gt;&lt;XYScale&gt;7812.4999927240387&lt;/XYScale&gt;&lt;ZOrigin&gt;4.9406564584124654e-324&lt;/ZOrigin&gt;&lt;ZScale&gt;399999.99999999994&lt;/ZScale&gt;&lt;MOrigin&gt;0&lt;/MOrigin&gt;&lt;MScale&gt;99999.999999999985&lt;/MScale&gt;&lt;XYTolerance&gt;0.0010240000009536748&lt;/XYTolerance&gt;&lt;ZTolerance&gt;2.0000000000000002e-005&lt;/ZTolerance&gt;&lt;MTolerance&gt;2.0000000000000002e-005&lt;/MTolerance&gt;&lt;HighPrecision&gt;true&lt;/HighPrecision&gt;&lt;WKID&gt;102746&lt;/WKID&gt;&lt;LatestWKID&gt;2283&lt;/LatestWKID&gt;&lt;/ProjectedCoordinateSystem&gt;</peXml></coordRef></DataProperties><ArcGISFormat>1.0</ArcGISFormat></Esri><mdDateSt Sync="TRUE">20140221</mdDateSt><dataIdInfo><envirDesc Sync="TRUE">Microsoft Windows 7 Version 6.1 (Build 7601) Service Pack 1; Esri ArcGIS 10.2.0.3348</envirDesc><dataLang><languageCode Sync="TRUE" value="eng"></languageCode><countryCode value="USA" Sync="TRUE"></countryCode></dataLang><idCitation><resTitle Sync="TRUE">Afton_Contour_clip</resTitle><presForm><PresFormCd Sync="TRUE" value="005"></PresFormCd></presForm></idCitation><spatRpType><SpatRepTypCd Sync="TRUE" value="001"></SpatRepTypCd></spatRpType><dataExt><geoEle><GeoBndBox esriExtentType="native"><westBL Sync="TRUE">11184999.999125</westBL><eastBL Sync="TRUE">11414999.999851</eastBL><northBL Sync="TRUE">6860000.000105</northBL><southBL Sync="TRUE">6744999.999998</southBL><exTypeCode Sync="TRUE">1</exTypeCode></GeoBndBox></geoEle></dataExt><geoBox esriExtentType="decdegrees"><westBL Sync="TRUE">-79.540756</westBL><eastBL Sync="TRUE">-78.736239</eastBL><northBL Sync="TRUE">38.485649</northBL><southBL Sync="TRUE">38.165484</southBL><exTypeCode Sync="TRUE">1</exTypeCode></geoBox></dataIdInfo><mdLang><languageCode Sync="TRUE" value="eng"></languageCode><countryCode value="USA" Sync="TRUE"></countryCode></mdLang><mdStanName Sync="TRUE">ISO 19115 Geographic Information - Metadata</mdStanName><mdStanVer Sync="TRUE">DIS_ESRI1.0</mdStanVer><mdChar><CharSetCd Sync="TRUE" value="006"></CharSetCd></mdChar><mdHrLv><ScopeCd Sync="TRUE" value="005"></ScopeCd></mdHrLv><mdHrLvName Sync="TRUE">dataset</mdHrLvName><distInfo><distributor><distorTran><onLineSrc><orDesc Sync="TRUE">002</orDesc><linkage Sync="TRUE">file://\\ISLKELLO1\C$\Contours.gdb</linkage><protocol Sync="TRUE">Local Area Network</protocol></onLineSrc></distorTran><distorFormat><formatName Sync="TRUE">Personal GeoDatabase Feature Class</formatName></distorFormat></distributor><distFormat><formatName Sync="TRUE">Personal GeoDatabase Feature Class</formatName></distFormat></distInfo><refSysInfo><RefSystem><refSysID><identCode Sync="TRUE" code="2283">NAD_1983_StatePlane_Virginia_North_FIPS_4501_Feet</identCode><idCodeSpace Sync="TRUE">EPSG</idCodeSpace><idVersion Sync="TRUE">8.1.1</idVersion></refSysID></RefSystem></refSysInfo><spatRepInfo><VectSpatRep><geometObjs Name="Afton_Contour_clip"><geoObjTyp><GeoObjTypCd value="002" Sync="TRUE"></GeoObjTypCd></geoObjTyp><geoObjCnt Sync="TRUE">0</geoObjCnt></geometObjs><topLvl><TopoLevCd value="001" Sync="TRUE"></TopoLevCd></topLvl></VectSpatRep></spatRepInfo></metadata>
