<?xml version="1.0" encoding="UTF-8"?>
<metadata xml:lang="en"><Esri><CreaDate>20130213</CreaDate><CreaTime>14025000</CreaTime><SyncOnce>TRUE</SyncOnce><DataProperties><lineage><Process Name="Project_1" ToolSource="C:\Program Files\ArcGIS\ArcToolbox\Toolboxes\Data Management Tools.tbx\Project" Date="20060925" Time="122813" export="">Project S_FLD_HAZ_AR "w:\shapefiles\flood plain new\S_FLD_HAZ_AR_Project.shp" PROJCS['NAD_1983_StatePlane_Virginia_North_FIPS_4501_Feet',GEOGCS['GCS_North_American_1983',DATUM['D_North_American_1983',SPHEROID['GRS_1980',6378137.0,298.257222101]],PRIMEM['Greenwich',0.0],UNIT['Degree',0.0174532925199433]],PROJECTION['Lambert_Conformal_Conic'],PARAMETER['False_Easting',11482916.66666666],PARAMETER['False_Northing',6561666.666666666],PARAMETER['Central_Meridian',-78.5],PARAMETER['Standard_Parallel_1',38.03333333333333],PARAMETER['Standard_Parallel_2',39.2],PARAMETER['Latitude_Of_Origin',37.66666666666666],UNIT['Foot_US',0.3048006096012192]] #</Process></lineage></DataProperties><ArcGISProfile>ItemDescription</ArcGISProfile><ArcGISFormat>1.0</ArcGISFormat></Esri><dataIdInfo><idPurp>Revision of 1984 FIRM maps</idPurp><idCitation><resTitle>2007 Flood Plain Map (current)</resTitle></idCitation></dataIdInfo></metadata>
