<?xml version="1.0"?>
<!--<!DOCTYPE metadata SYSTEM "http://www.esri.com/metadata/esriprof80.dtd">-->
<metadata xml:lang="en"><Esri><CreaDate>20050818</CreaDate><CreaTime>11060700</CreaTime><SyncOnce>TRUE</SyncOnce><MetaID>{44943956-7B67-47CB-8287-876473BC9C2A}</MetaID></Esri><idinfo><citation><citeinfo><onlink Sync="TRUE">\\db.cgit.vt.edu\cgitdatawarehouse\VGIN\DTM\TINS\State_Plane_South\735_city_of_poquoson_bare_earth</onlink></citeinfo></citation></idinfo><distInfo><distributor><distorTran><onLineSrc><linkage Sync="TRUE">file://\\db.cgit.vt.edu\cgitdatawarehouse\VGIN\DTM\TINS\State_Plane_South\735_city_of_poquoson_bare_earth</linkage><protocol Sync="TRUE">Local Area Network</protocol></onLineSrc></distorTran></distributor></distInfo><dataqual><lineage><procstep><procdesc Sync="TRUE">Dataset copied.</procdesc><srcused Sync="TRUE">C:\CTins\735_City_of_Poquoson\735_city_of_poquoson_bare_earth</srcused><date Sync="TRUE">20050818</date><time Sync="TRUE">11060800</time></procstep></lineage></dataqual></metadata>
