<?xml version="1.0" encoding="UTF-8"?>
<metadata><idinfo><citation><citeinfo><origin>Van Gosen, Bradley S.</origin><title>Asbestos mines, prospects, and occurrences in the US</title><pubdate>2011</pubdate><serinfo><sername>Open-File Report</sername></serinfo><pubinfo><pubplace>Reston, Virginia</pubplace><publish>U.S. Geological Survey</publish></pubinfo><onlink>http://mrdata.usgs.gov/asbestos/</onlink></citeinfo></citation><descript><abstract>Location and mineralogical characteristics of former mines, prospects, and occurrences of asbestos in the continental US.  No asbestos producing mines are currently active.  Data here are drawn from several previously published reports.</abstract><purpose>Provide general characteristics of historical mines and other
occurrences to support regional mineral resource assessment and
analysis of potential environmental effects.</purpose></descript><timeperd><timeinfo><sngdate><caldate>20010901</caldate></sngdate></timeinfo><current>Completion of web interfaces providing these data to the public;
data come from previously published reports</current></timeperd><status><progress>Complete</progress><update>As needed</update></status><spdom><bounding><westbc>-78.291</westbc><eastbc>-78.291</eastbc><northbc>38.79</northbc><southbc>38.79</southbc></bounding></spdom><accconst>none</accconst><useconst>none</useconst><keywords><theme><themekt>Alexandria Digital Library Feature Type Thesaurus</themekt><themekey>mine sites</themekey><themekey>mineral deposit areas</themekey></theme><place><placekt>Common geographic areas thesaurus</placekt><placekey>fUS01 = Alabama</placekey><placekey>fUS04 = Arizona</placekey><placekey>fUS05 = Arkansas</placekey><placekey>fUS06 = California</placekey><placekey>fUS08 = Colorado</placekey><placekey>fUS09 = Connecticut</placekey><placekey>fUS10 = Delaware</placekey><placekey>fUS12 = Florida</placekey><placekey>fUS13 = Georgia</placekey><placekey>fUS16 = Idaho</placekey><placekey>fUS17 = Illinois</placekey><placekey>fUS18 = Indiana</placekey><placekey>fUS19 = Iowa</placekey><placekey>fUS20 = Kansas</placekey><placekey>fUS21 = Kentucky</placekey><placekey>fUS22 = Louisiana</placekey><placekey>fUS23 = Maine</placekey><placekey>fUS24 = Maryland</placekey><placekey>fUS25 = Massachusetts</placekey><placekey>fUS26 = Michigan</placekey><placekey>fUS27 = Minnesota</placekey><placekey>fUS28 = Mississippi</placekey><placekey>fUS29 = Missouri</placekey><placekey>fUS30 = Montana</placekey><placekey>fUS31 = Nebraska</placekey><placekey>fUS32 = Nevada</placekey><placekey>fUS33 = New Hampshire</placekey><placekey>fUS34 = New Jersey</placekey><placekey>fUS35 = New Mexico</placekey><placekey>fUS36 = New York</placekey><placekey>fUS37 = North Carolina</placekey><placekey>fUS38 = North Dakota</placekey><placekey>fUS39 = Ohio</placekey><placekey>fUS40 = Oklahoma</placekey><placekey>fUS41 = Oregon</placekey><placekey>fUS42 = Pennsylvania</placekey><placekey>fUS44 = Rhode Island</placekey><placekey>fUS45 = South Carolina</placekey><placekey>fUS46 = South Dakota</placekey><placekey>fUS47 = Tennessee</placekey><placekey>fUS48 = Texas</placekey><placekey>fUS49 = Utah</placekey><placekey>fUS50 = Vermont</placekey><placekey>fUS51 = Virginia</placekey><placekey>fUS53 = Washington</placekey><placekey>fUS54 = West Virginia</placekey><placekey>fUS55 = Wisconsin</placekey><placekey>fUS56 = Wyoming</placekey></place><theme><themekt>General glossary for mineral resources spatial data</themekt><themekey>comma-delimited text</themekey><themekey>DBF</themekey><themekey>HTML table</themekey><themekey>KML</themekey><themekey>shapefile</themekey><themekey>tab-delimited text</themekey></theme><theme><themekt>Lithologic classification of geologic map units</themekt><themekey>Serpentinite</themekey></theme><theme><themekt>Mineral Resources Data System commodity types</themekt><themekey>Asbestos</themekey></theme><theme><themekt>USGS Thesaurus</themekt><themekey>economic geology</themekey><themekey>geospatial datasets</themekey><themekey>metamorphic rocks</themekey><themekey>nonmetallic mineral resources</themekey></theme><theme><themekt>NGDA Portfolio Themes</themekt><themekey>Geology</themekey></theme><place><placekt>Augmented FIPS 10-4 and FIPS 6-4</placekt><placekey>f51187 = Warren</placekey></place></keywords><ptcontac><cntinfo><cntperp><cntper>Peter N Schweitzer</cntper><cntorg>USGS ER GD</cntorg></cntperp><cntpos>Geologist</cntpos><cntaddr><addrtype>mailing address</addrtype><address>12201 Sunrise Valley Drive</address><city>Reston</city><state>VA</state><postal>20192-0002</postal><country>USA</country></cntaddr><cntvoice>703-648-6533</cntvoice><cntfax>703-648-6252</cntfax><cntemail>pschweitzer@usgs.gov</cntemail></cntinfo></ptcontac><browse><browsen>http://mrdata.usgs.gov/asbestos/asbestos-us-large.png</browsen><browsed>Distribution of asbestos locations in the continental US., (384 x 256 pixels)</browsed><browset>PNG</browset></browse></idinfo><dataqual><lineage><srcinfo><srccite><citeinfo><origin>Van Gosen, Bradley S.</origin><pubdate>2005</pubdate><title>Reported historic asbestos mines, historic asbestos prospects, and
natural asbestos occurrences in the eastern United States</title><serinfo><sername>Open-File Report</sername><issue>2005-1189</issue></serinfo><pubinfo><publish>U.S. Geological Survey</publish></pubinfo><onlink>http://pubs.usgs.gov/of/2005/1189/</onlink></citeinfo></srccite><srccitea>ofr20051189</srccitea><srccontr>Asbestos and fibrous amphibole occurrences in the eastern US</srccontr></srcinfo><srcinfo><srccite><citeinfo><origin>Van Gosen, Bradley S.</origin><pubdate>2006</pubdate><title>Reported historic asbestos prospects and natural asbestos occurrences in
the central United States</title><serinfo><sername>Open-File Report</sername><issue>2006-1211</issue></serinfo><pubinfo><publish>U.S. Geological Survey</publish></pubinfo><onlink>http://pubs.usgs.gov/of/2006/1211/</onlink></citeinfo></srccite><srccitea>ofr20061211</srccitea><srccontr>Asbestos and fibrous amphibole occurrences in the central states of the US</srccontr></srcinfo><srcinfo><srccite><citeinfo><origin>Van Gosen, Bradley S.</origin><pubdate>2007</pubdate><title>Reported Historic Asbestos Mines, Historic Asbestos Prospects, and
Natural Asbestos Occurrences in the Rocky Mountain States of the United
States (Colorado, Idaho, Montana, New Mexico, and Wyoming)</title><serinfo><sername>Open-File Report</sername><issue>2007-1182</issue></serinfo><pubinfo><publish>U.S. Geological Survey</publish></pubinfo><onlink>http://pubs.usgs.gov/of/2007/1182/</onlink></citeinfo></srccite><srccitea>ofr20071182</srccitea><srccontr>Asbestos and fibrous amphibole occurrences in Colorado, Idaho, Montana, New Mexico, and Wyoming</srccontr></srcinfo><srcinfo><srccite><citeinfo><origin>Van Gosen, Bradley S.</origin><pubdate>2008</pubdate><title>Reported Historic Asbestos Mines, Historic Asbestos Prospects, and
Natural Asbestos Occurrences in the Southwestern United States (Arizona,
Nevada, and Utah)</title><serinfo><sername>Open-File Report</sername><issue>2008-1095</issue></serinfo><pubinfo><publish>U.S. Geological Survey</publish></pubinfo><onlink>http://pubs.usgs.gov/of/2008/1095/</onlink></citeinfo></srccite><srccontr>Asbestos and fibrous amphibole occurrences in Arizona, Nevada, and Utah</srccontr></srcinfo><srcinfo><srccite><citeinfo><origin>Van Gosen, Bradley S.</origin><pubdate>2010</pubdate><title>Reported Historic Asbestos Mines, Historic Asbestos Prospects, and Other
Natural Occurrences of Asbestos in Oregon and Washington</title><serinfo><sername>Open-File Report</sername><issue>2010-1041</issue></serinfo><pubinfo><publish>U.S. Geological Survey</publish></pubinfo><onlink>http://pubs.usgs.gov/of/2010/1041/</onlink></citeinfo></srccite><srccitea>ofr20101041</srccitea><srccontr>Asbestos and fibrous amphibole occurrences in Oregon and Washington</srccontr></srcinfo><srcinfo><srccite><citeinfo><origin>Van Gosen, Bradley S.</origin><origin>Clinkenbeard, John P.</origin><pubdate>2011</pubdate><title>Reported historic asbestos mines, historic asbestos prospects, and other
natural occurrences of asbestos in California</title><serinfo><sername>Open-File Report</sername><issue>2011-1188</issue></serinfo><pubinfo><publish>U.S. Geological Survey</publish></pubinfo><onlink>http://pubs.usgs.gov/of/2011/1188/</onlink></citeinfo></srccite><srccitea>ofr20111188</srccitea><srccontr>Asbestos, fibrous amphiboles and talc deposits of Death Valley in California</srccontr></srcinfo><procstep><procdesc>Data were drawn from the previously published reports, combined,
references linked to the records, and the information stored in a
fully relational database with specialized web interfaces
providing access by maps, geographic and topical browse, web
services, and a variety of download options.</procdesc><procdate>20110901</procdate></procstep></lineage></dataqual><spdoinfo><direct>Point</direct><ptvctinf><sdtsterm><sdtstype>Entity point</sdtstype><ptvctcnt>913</ptvctcnt></sdtsterm></ptvctinf></spdoinfo><spref><horizsys><geograph><geogunit>decimal degrees</geogunit></geograph><geodetic><horizdn>North American Datum of 1927</horizdn><ellips>Clarke 1866</ellips><semiaxis>6378206.4</semiaxis><denflat>294.98</denflat></geodetic></horizsys></spref><eainfo><detailed><enttyp><enttypl>main</enttypl><enttypd>General site characteristics</enttypd></enttyp><attr><attrlabl>rec_id</attrlabl><attrdef>Site number.
Record identifier for a site description, applies only within this
database.
Integer values.
Int of width 4.</attrdef><attrdomv><rdom><rdommin>1</rdommin><rdommax>1109</rdommax><attrmres>1</attrmres></rdom></attrdomv></attr><attr><attrlabl>state</attrlabl><attrdef>State.
US state in which the site occurs.
Textual values of no more than 2 characters.</attrdef></attr><attr><attrlabl>county</attrlabl><attrdef>County.
County in which the site occurs.
Textual values of no more than 32 characters.</attrdef></attr><attr><attrlabl>site_name</attrlabl><attrdef>Historic site name as reported.
Name of the site or mine.
Textual values of no more than 128 characters.</attrdef></attr><attr><attrlabl>devel</attrlabl><attrdef>Development.
Extent of development, may also include feature type.
Textual values of no more than 48 characters.</attrdef><attrdomv><edom><edomv>(no value)</edomv><edomvd>Information not available for this record.
55 records have no value for devel.</edomvd></edom></attrdomv></attr><attr><attrlabl>latitude</attrlabl><attrdef>Latitude.
Geographic latitude in decimal degrees, NAD27.
Real numbers stored in double precision.</attrdef><attrdomv><rdom><rdommin>30.4779</rdommin><rdommax>48.989</rdommax></rdom></attrdomv></attr><attr><attrlabl>longitude</attrlabl><attrdef>Longitude.
Geographic longitude in decimal degrees, NAD27.
Real numbers stored in double precision.</attrdef><attrdomv><rdom><rdommin>-123.7124</rdommin><rdommax>-67.996</rdommax></rdom></attrdomv></attr><attr><attrlabl>oremin</attrlabl><attrdef>Asbestiform mineral(s) reported.
Notes on asbestiform minerals found at the site.
Textual values of no more than 254 characters.</attrdef><attrdomv><edom><edomv>(no value)</edomv><edomvd>Information not available for this record.
55 records have no value for oremin.</edomvd></edom></attrdomv></attr><attr><attrlabl>assocmin</attrlabl><attrdef>Associated minerals reported.
Notes on non-asbestiform minerals found at the site.
Textual values of no more than 200 characters.</attrdef><attrdomv><edom><edomv>(no value)</edomv><edomvd>Information not available for this record.
58 records have no value for assocmin.</edomvd></edom></attrdomv></attr><attr><attrlabl>hostrock</attrlabl><attrdef>Host rock(s) reported.
Types of rock in the deposit or unit hosting asbestiform minerals.
Textual values of no more than 200 characters.</attrdef><attrdomv><edom><edomv>(no value)</edomv><edomvd>Information not available for this record.
55 records have no value for hostrock.</edomvd></edom></attrdomv></attr><attr><attrlabl>source</attrlabl><attrdef>Publication.
USGS identifier of the publication from which this particular
description was drawn.
Textual values of no more than 12 characters.</attrdef><attrdomv><edom><edomv>(no value)</edomv><edomvd>Information not available for this record.
109 records have no value for source.</edomvd></edom></attrdomv></attr></detailed><detailed><enttyp><enttypl>minerals</enttypl><enttypd>Minerals reported at the site</enttypd></enttyp><attr><attrlabl>rec_id</attrlabl><attrdef>Site number.
Record identifier for a site description, applies only within this
database.
Integer values.
Int of width 4.</attrdef><attrdomv><rdom><rdommin>1</rdommin><rdommax>1109</rdommax><attrmres>1</attrmres></rdom></attrdomv></attr><attr><attrlabl>role</attrlabl><attrdef>Role of mineral.
Role of mineral (asbestos or associated).
Textual values of no more than 16 characters.</attrdef></attr><attr><attrlabl>name</attrlabl><attrdef>Mineral name.
Mineral name.
Textual values of no more than 64 characters.</attrdef></attr></detailed><detailed><enttyp><enttypl>reflink</enttypl><enttypd>Links references to site descriptions</enttypd></enttyp><attr><attrlabl>rec_id</attrlabl><attrdef>Site number.
Record identifier for a site description, applies only within this
database.
Integer values.
Int of width 4.</attrdef><attrdomv><rdom><rdommin>1</rdommin><rdommax>1109</rdommax><attrmres>1</attrmres></rdom></attrdomv></attr><attr><attrlabl>citation</attrlabl><attrdef>Short citation.
Short in-text citation, including page number.
Textual values of no more than 100 characters.</attrdef></attr><attr><attrlabl>ref_id</attrlabl><attrdef>Reference number.
Unique identifier for a bibliographic reference within this database.
Integer values.
Int of width 4.</attrdef><attrdomv><edom><edomv>(no value)</edomv><edomvd>Information not available for this record.
7 records have no value for ref_id.</edomvd></edom></attrdomv><attrdomv><rdom><rdommin>1</rdommin><rdommax>615</rdommax><attrmres>1</attrmres></rdom></attrdomv></attr></detailed><detailed><enttyp><enttypl>ref</enttypl><enttypd>Bibliographic references for the site descriptions</enttypd></enttyp><attr><attrlabl>ref_id</attrlabl><attrdef>Reference number.
Unique identifier for a bibliographic reference within this database.
Integer values.
Int of width 4.</attrdef><attrdomv><edom><edomv>(no value)</edomv><edomvd>Information not available for this record.
7 records have no value for ref_id.</edomvd></edom></attrdomv><attrdomv><rdom><rdommin>1</rdommin><rdommax>615</rdommax><attrmres>1</attrmres></rdom></attrdomv></attr><attr><attrlabl>short_ref</attrlabl><attrdef>Short citation.
Short in-text citation, not including page number.
Textual values of no more than 64 characters.</attrdef></attr><attr><attrlabl>reference</attrlabl><attrdef>Bibliographic reference.
Full bibliographic citation as found in USGS report bibliographies.
Textual values of no more than 254 characters.</attrdef></attr><attr><attrlabl>onlink</attrlabl><attrdef>Online linkage.
URL for the report, if online.
Textual values of no more than 128 characters.</attrdef><attrdomv><edom><edomv>(no value)</edomv><edomvd>Information not available for this record.
422 records have no value for onlink.</edomvd></edom></attrdomv></attr><attr><attrlabl>source</attrlabl><attrdef>Publication.
USGS identifier of the publication from which this particular
reference was drawn.
Textual values of no more than 12 characters.</attrdef><attrdomv><edom><edomv>(no value)</edomv><edomvd>Information not available for this record.
109 records have no value for source.</edomvd></edom></attrdomv></attr></detailed></eainfo><distinfo><distrib><cntinfo><cntperp><cntper>Peter N Schweitzer</cntper><cntorg>USGS ER GD</cntorg></cntperp><cntpos>Geologist</cntpos><cntaddr><addrtype>mailing address</addrtype><address>12201 Sunrise Valley Drive</address><city>Reston</city><state>VA</state><postal>20192-0002</postal><country>USA</country></cntaddr><cntvoice>703-648-6533</cntvoice><cntfax>703-648-6252</cntfax><cntemail>pschweitzer@usgs.gov</cntemail></cntinfo></distrib><resdesc>Consolidated asbestos occurrence database</resdesc><distliab>This report is preliminary and has not been reviewed for conformity
with U.S. Geological Survey editorial standards (or with the North
American Stratigraphic Code).  Any use of trade, product, or firm
names is for descriptive purposes only and does not imply endorsement
by the U.S. Government.</distliab><stdorder><digform><digtinfo><formname>WMS</formname><formvern>1.1.1</formvern><formcont>Locations of asbestos mines, prospects and occurrences with mineralogy</formcont></digtinfo><digtopt><onlinopt><computer><networka><networkr>http://mrdata.usgs.gov/services/asbestos?request=GetCapabilities&amp;service=WMS&amp;version=1.1.1</networkr></networka></computer></onlinopt></digtopt></digform><digform><digtinfo><formname>WFS</formname><formvern>1.0.0</formvern><formcont>Location and mineralogy of asbestos mines, prospects, and occurrences in the continental US</formcont></digtinfo><digtopt><onlinopt><computer><networka><networkr>http://mrdata.usgs.gov/wfs/asbestos?request=GetCapabilities&amp;service=WFS&amp;version=1.0.0</networkr></networka></computer></onlinopt></digtopt></digform><digform><digtinfo><formname>Shapefile</formname><formvern>1.0</formvern><formcont>Locations and mineralogy of asbestos and fibrous amphibole deposits</formcont><filedec>unzip</filedec></digtinfo><digtopt><onlinopt><computer><networka><networkr>http://mrdata.usgs.gov/asbestos/asbestos.zip</networkr></networka></computer></onlinopt></digtopt></digform><digform><digtinfo><formname>CSV</formname><formcont>Locations and mineralogy of asbestos and fibrous amphibole deposits
with references</formcont><filedec>unzip</filedec></digtinfo><digtopt><onlinopt><computer><networka><networkr>http://mrdata.usgs.gov/asbestos/asbestos-csv.zip</networkr></networka></computer></onlinopt></digtopt></digform><fees>none</fees></stdorder></distinfo><metainfo><metd>20141205</metd><metc><cntinfo><cntperp><cntper>Peter N Schweitzer</cntper><cntorg>USGS Eastern Mineral and Environmental Resources Science Center</cntorg></cntperp><cntpos>Geologist</cntpos><cntaddr><addrtype>mailing address</addrtype><address>12201 Sunrise Valley Drive</address><city>Reston</city><state>VA</state><postal>20192-0002</postal><country>USA</country></cntaddr><cntvoice>703-648-6533</cntvoice><cntfax>703-648-6252</cntfax><cntemail>pschweitzer@usgs.gov</cntemail></cntinfo></metc><metstdn>Content Standard for Digital Geospatial Metadata</metstdn><metstdv>FGDC-STD-001-1998</metstdv></metainfo></metadata>
