<?xml version="1.0" encoding="UTF-8"?>
<metadata xml:lang="en"><Esri><CreaDate>20121108</CreaDate><CreaTime>09242500</CreaTime><ArcGISFormat>1.0</ArcGISFormat><SyncOnce>TRUE</SyncOnce><DataProperties><lineage><Process ToolSource="C:\Program Files\ArcGIS\Desktop10.0\ArcToolbox\Toolboxes\Data Management Tools.tbx\CalculateField" Date="20110616" Time="103813" Name="" export="">CalculateField "Perennial Stream" NAME "Town Run" VB #</Process><Process ToolSource="C:\Program Files\ArcGIS\Desktop10.0\ArcToolbox\Toolboxes\Data Management Tools.tbx\CalculateField" Date="20110616" Time="103938" Name="" export="">CalculateField "Perennial Stream" NAME " " VB #</Process><Process ToolSource="C:\Program Files\ArcGIS\Desktop10.0\ArcToolbox\Toolboxes\Data Management Tools.tbx\CalculateField" Date="20110616" Time="122006" Name="" export="">CalculateField "Perennial Stream" NAME " " VB #</Process></lineage></DataProperties><ArcGISProfile>ItemDescription</ArcGISProfile></Esri><dataIdInfo><idPurp>Intermittent and perennial streams no ponds</idPurp><searchKeys><keyword>streams water</keyword></searchKeys></dataIdInfo></metadata>
