<?xml version="1.0" encoding="UTF-8"?>
<metadata xml:lang="en"><Esri><CreaDate>20130312</CreaDate><CreaTime>15510300</CreaTime><SyncOnce>FALSE</SyncOnce><DataProperties><lineage><Process Name="Create Feature Class" ToolSource="C:\Program Files\ArcGIS\ArcToolbox\Toolboxes\Data Management Tools.tbx\CreateFeatureclass" Date="20060620" Time="111121">CreateFeatureclass "Database Connections\planning_gis_norfolk.sde\Planning.GISNORFOLK.Planning" plandist # polygon_Layer SAME_AS_TEMPLATE SAME_AS_TEMPLATE "PROJCS['NAD_1983_StatePlane_Virginia_South_FIPS_4502_Feet',GEOGCS['GCS_North_American_1983',DATUM['D_North_American_1983',SPHEROID['GRS_1980',6378137.0,298.257222101]],PRIMEM['Greenwich',0.0],UNIT['Degree',0.0174532925199433]],PROJECTION['Lambert_Conformal_Conic'],PARAMETER['False_Easting',11482916.66666666],PARAMETER['False_Northing',3280833.333333333],PARAMETER['Central_Meridian',-78.5],PARAMETER['Standard_Parallel_1',36.76666666666667],PARAMETER['Standard_Parallel_2',37.96666666666667],PARAMETER['Latitude_Of_Origin',36.33333333333334],UNIT['Foot_US',0.3048006096012192]];12000226.6506568 3355593.65576297 7812.49999272404;0 100000;0 100000" # 0 0 0 "Database Connections\planning_gis_norfolk.sde\Planning.GISNORFOLK.Planning\Planning.GISNORFOLK.plandist"</Process><Process Name="Append" ToolSource="C:\Program Files\ArcGIS\ArcToolbox\Toolboxes\Data Management Tools.tbx\Append" Date="20060620" Time="111122">Append polygon_Layer "Database Connections\planning_gis_norfolk.sde\Planning.GISNORFOLK.Planning\Planning.GISNORFOLK.plandist" TEST "Database Connections\planning_gis_norfolk.sde\Planning.GISNORFOLK.Planning\Planning.GISNORFOLK.plandist"</Process><Process Name="FeatureClassToFeatureClass_9" ToolSource="C:\Program Files\ArcGIS\ArcToolbox\Toolboxes\Conversion Tools.tbx\FeatureClassToFeatureClass" Date="20060620" Time="111123">FeatureClassToFeatureClass X:\Gisdata\maps\planning\SERVICES\plandist\polygon "Database Connections\planning_gis_norfolk.sde\Planning.GISNORFOLK.Planning" plandist # "AREA AREA VISIBLE;PERIMETER PERIMETER VISIBLE;PLANDIST# PLANDIST# VISIBLE;PLANDIST-ID PLANDIST-ID VISIBLE;DISTRICT_NO DISTRICT_NO VISIBLE;TEXT TEXT VISIBLE;DIST_NO DIST_NO VISIBLE;LAREA LAREA VISIBLE;CARE_NAME CARE_NAME VISIBLE;CARE#2 CARE#2 VISIBLE;SYMBOL SYMBOL VISIBLE;TITLE2 TITLE2 VISIBLE;TAG2 TAG2 VISIBLE" SAME_AS_TEMPLATE SAME_AS_TEMPLATE # 0 "Database Connections\planning_gis_norfolk.sde\Planning.GISNORFOLK.Planning\Planning.GISNORFOLK.plandist"</Process><Process ToolSource="C:\Program Files\ArcGIS\Desktop10.0\ArcToolbox\Toolboxes\Conversion Tools.tbx\FeatureClassToFeatureClass" Date="20120110" Time="150323">FeatureClassToFeatureClass "Database Connections\Planning_Production.sde\Planning.GISNORFOLK.Planning\Planning.GISNORFOLK.plandist" C:\Cari_Projects\Misc.gdb test # "PERIMETER "PERIMETER" true true true 8 Double 8 38 ,First,#,Database Connections\Planning_Production.sde\Planning.GISNORFOLK.Planning\Planning.GISNORFOLK.plandist,PERIMETER,-1,-1;PLANDIST_ "PLANDIST_" true true true 4 Long 0 10 ,First,#,Database Connections\Planning_Production.sde\Planning.GISNORFOLK.Planning\Planning.GISNORFOLK.plandist,PLANDIST_,-1,-1;PLANDIST_ID "PLANDIST_ID" true true true 4 Long 0 10 ,First,#,Database Connections\Planning_Production.sde\Planning.GISNORFOLK.Planning\Planning.GISNORFOLK.plandist,PLANDIST_ID,-1,-1;DISTRICT_NO "DISTRICT_NO" true true false 4 Long 0 10 ,First,#,Database Connections\Planning_Production.sde\Planning.GISNORFOLK.Planning\Planning.GISNORFOLK.plandist,DISTRICT_NO,-1,-1;TEXT "TEXT" true true false 30 Text 0 0 ,First,#,Database Connections\Planning_Production.sde\Planning.GISNORFOLK.Planning\Planning.GISNORFOLK.plandist,TEXT,-1,-1;DIST_NO "DIST_NO" true true false 6 Text 0 0 ,First,#,Database Connections\Planning_Production.sde\Planning.GISNORFOLK.Planning\Planning.GISNORFOLK.plandist,DIST_NO,-1,-1;LAREA "LAREA" true true false 8 Double 8 38 ,First,#,Database Connections\Planning_Production.sde\Planning.GISNORFOLK.Planning\Planning.GISNORFOLK.plandist,LAREA,-1,-1;CARE_NAME "CARE_NAME" true true false 60 Text 0 0 ,First,#,Database Connections\Planning_Production.sde\Planning.GISNORFOLK.Planning\Planning.GISNORFOLK.plandist,CARE_NAME,-1,-1;CARE_2 "CARE_2" true true false 2 Short 0 5 ,First,#,Database Connections\Planning_Production.sde\Planning.GISNORFOLK.Planning\Planning.GISNORFOLK.plandist,CARE_2,-1,-1;SYMBOL "SYMBOL" true true false 2 Short 0 5 ,First,#,Database Connections\Planning_Production.sde\Planning.GISNORFOLK.Planning\Planning.GISNORFOLK.plandist,SYMBOL,-1,-1;TITLE2 "TITLE2" true true false 70 Text 0 0 ,First,#,Database Connections\Planning_Production.sde\Planning.GISNORFOLK.Planning\Planning.GISNORFOLK.plandist,TITLE2,-1,-1;TAG2 "TAG2" true true false 120 Text 0 0 ,First,#,Database Connections\Planning_Production.sde\Planning.GISNORFOLK.Planning\Planning.GISNORFOLK.plandist,TAG2,-1,-1;SHAPE_area "SHAPE.area" false false true 0 Double 0 0 ,First,#,Database Connections\Planning_Production.sde\Planning.GISNORFOLK.Planning\Planning.GISNORFOLK.plandist,SHAPE.area,-1,-1;SHAPE_len "SHAPE.len" false false true 0 Double 0 0 ,First,#,Database Connections\Planning_Production.sde\Planning.GISNORFOLK.Planning\Planning.GISNORFOLK.plandist,SHAPE.len,-1,-1" #</Process><Process ToolSource="C:\Program Files\ArcGIS\Desktop10.0\ArcToolbox\Toolboxes\Conversion Tools.tbx\FeatureClassToFeatureClass" Date="20120110" Time="150847">FeatureClassToFeatureClass C:\Cari_Projects\Misc.gdb\test "Database Connections\Planning_Production.sde\Planning.GISNORFOLK.Planning" plandist # "PERIMETER "PERIMETER" true true false 8 Double 0 0 ,First,#,C:\Cari_Projects\Misc.gdb\test,PERIMETER,-1,-1;PLANDIST_ "PLANDIST_" true true false 4 Long 0 0 ,First,#,C:\Cari_Projects\Misc.gdb\test,PLANDIST_,-1,-1;PLANDIST_ID "PLANDIST_ID" true true false 4 Long 0 0 ,First,#,C:\Cari_Projects\Misc.gdb\test,PLANDIST_ID,-1,-1;DISTRICT_NO "DISTRICT_NO" true true false 4 Long 0 0 ,First,#,C:\Cari_Projects\Misc.gdb\test,DISTRICT_NO,-1,-1;TEXT "TEXT" true true false 30 Text 0 0 ,First,#,C:\Cari_Projects\Misc.gdb\test,TEXT,-1,-1;DIST_NO "DIST_NO" true true false 6 Text 0 0 ,First,#,C:\Cari_Projects\Misc.gdb\test,DIST_NO,-1,-1;LAREA "LAREA" true true false 8 Double 0 0 ,First,#,C:\Cari_Projects\Misc.gdb\test,LAREA,-1,-1;CARE_NAME "CARE_NAME" true true false 60 Text 0 0 ,First,#,C:\Cari_Projects\Misc.gdb\test,CARE_NAME,-1,-1;CARE_2 "CARE_2" true true false 2 Short 0 0 ,First,#,C:\Cari_Projects\Misc.gdb\test,CARE_2,-1,-1;SYMBOL "SYMBOL" true true false 2 Short 0 0 ,First,#,C:\Cari_Projects\Misc.gdb\test,SYMBOL,-1,-1;TITLE2 "TITLE2" true true false 70 Text 0 0 ,First,#,C:\Cari_Projects\Misc.gdb\test,TITLE2,-1,-1;TAG2 "TAG2" true true false 120 Text 0 0 ,First,#,C:\Cari_Projects\Misc.gdb\test,TAG2,-1,-1;Shape_Length "Shape_Length" false true true 8 Double 0 0 ,First,#,C:\Cari_Projects\Misc.gdb\test,Shape_Length,-1,-1;Shape_Area "Shape_Area" false true true 8 Double 0 0 ,First,#,C:\Cari_Projects\Misc.gdb\test,Shape_Area,-1,-1" #</Process></lineage><itemProps><itemName Sync="TRUE">Planning.GISNORFOLK.plandist</itemName><imsContentType Sync="TRUE">002</imsContentType><nativeExtBox><westBL Sync="TRUE">12112847.979240</westBL><eastBL Sync="TRUE">12162483.229206</eastBL><southBL Sync="TRUE">3466013.859685</southBL><northBL Sync="TRUE">3520051.358999</northBL><exTypeCode Sync="TRUE">1</exTypeCode></nativeExtBox><itemLocation><linkage Sync="TRUE">Server=gissde; Service=5652; Database=Planning; User=gisnorfolk; Version=sde.DEFAULT</linkage><protocol Sync="TRUE">ArcSDE Connection</protocol></itemLocation></itemProps><coordRef><type Sync="TRUE">Projected</type><geogcsn Sync="TRUE">GCS_North_American_1983</geogcsn><projcsn Sync="TRUE">NAD_1983_StatePlane_Virginia_South_FIPS_4502_Feet</projcsn><peXml Sync="TRUE">&lt;ProjectedCoordinateSystem xsi:type='typens:ProjectedCoordinateSystem' xmlns:xsi='http://www.w3.org/2001/XMLSchema-instance' xmlns:xs='http://www.w3.org/2001/XMLSchema' xmlns:typens='http://www.esri.com/schemas/ArcGIS/10.0'&gt;&lt;WKT&gt;PROJCS[&amp;quot;NAD_1983_StatePlane_Virginia_South_FIPS_4502_Feet&amp;quot;,GEOGCS[&amp;quot;GCS_North_American_1983&amp;quot;,DATUM[&amp;quot;D_North_American_1983&amp;quot;,SPHEROID[&amp;quot;GRS_1980&amp;quot;,6378137.0,298.257222101]],PRIMEM[&amp;quot;Greenwich&amp;quot;,0.0],UNIT[&amp;quot;Degree&amp;quot;,0.0174532925199433]],PROJECTION[&amp;quot;Lambert_Conformal_Conic&amp;quot;],PARAMETER[&amp;quot;False_Easting&amp;quot;,11482916.66666666],PARAMETER[&amp;quot;False_Northing&amp;quot;,3280833.333333333],PARAMETER[&amp;quot;Central_Meridian&amp;quot;,-78.5],PARAMETER[&amp;quot;Standard_Parallel_1&amp;quot;,36.76666666666667],PARAMETER[&amp;quot;Standard_Parallel_2&amp;quot;,37.96666666666667],PARAMETER[&amp;quot;Latitude_Of_Origin&amp;quot;,36.33333333333334],UNIT[&amp;quot;Foot_US&amp;quot;,0.3048006096012192],AUTHORITY[&amp;quot;EPSG&amp;quot;,2284]]&lt;/WKT&gt;&lt;XOrigin&gt;-111140599.99999695&lt;/XOrigin&gt;&lt;YOrigin&gt;-91532099.999925062&lt;/YOrigin&gt;&lt;XYScale&gt;31249.999970896159&lt;/XYScale&gt;&lt;ZOrigin&gt;0&lt;/ZOrigin&gt;&lt;ZScale&gt;1&lt;/ZScale&gt;&lt;MOrigin&gt;0&lt;/MOrigin&gt;&lt;MScale&gt;1&lt;/MScale&gt;&lt;XYTolerance&gt;0.00025600000023841865&lt;/XYTolerance&gt;&lt;ZTolerance&gt;2.0000000000000002e-005&lt;/ZTolerance&gt;&lt;MTolerance&gt;2.0000000000000002e-005&lt;/MTolerance&gt;&lt;HighPrecision&gt;true&lt;/HighPrecision&gt;&lt;WKID&gt;2284&lt;/WKID&gt;&lt;/ProjectedCoordinateSystem&gt;</peXml></coordRef></DataProperties><SyncDate>20120110</SyncDate><SyncTime>15084600</SyncTime><ModDate>20120110</ModDate><ModTime>15084600</ModTime><ArcGISFormat>1.0</ArcGISFormat></Esri><idinfo><native Sync="TRUE">Microsoft Windows XP Version 5.1 (Build 2600) Service Pack 2; ESRI ArcCatalog 9.2.2.1350</native><descript><langdata Sync="TRUE">en</langdata><abstract>Planning Districts as defined by the City of Norfolk.</abstract><purpose>The dataset was developed for use by the Department of Planning and Community Development</purpose><supplinf>See Disclaimer</supplinf></descript><citation><citeinfo><origin>Department of Planning and Community Development</origin><pubdate>Unknown</pubdate><title Sync="TRUE">Planning.GISNORFOLK.plandist</title><ftname Sync="TRUE">Planning.GISNORFOLK.plandist</ftname><geoform Sync="TRUE">vector digital data</geoform><onlink Sync="TRUE">Server=gissde; Service=5652; Database=Planning; User=norfolk\mstrale; Version=sde.DEFAULT</onlink><pubinfo><pubplace>Norfolk, VA</pubplace><publish>City of Norfolk</publish></pubinfo></citeinfo></citation><timeperd><current>publication date</current><timeinfo><sngdate><caldate>unknown</caldate></sngdate></timeinfo></timeperd><status><progress>Complete</progress><update>As needed</update></status><spdom><bounding><westbc Sync="TRUE">-76.347733</westbc><eastbc Sync="TRUE">-76.173663</eastbc><northbc Sync="TRUE">36.970605</northbc><southbc Sync="TRUE">36.818993</southbc></bounding><lboundng><leftbc Sync="TRUE">12112847.979240</leftbc><rightbc Sync="TRUE">12162483.229206</rightbc><bottombc Sync="TRUE">3466013.859685</bottombc><topbc Sync="TRUE">3520051.358999</topbc></lboundng></spdom><keywords><theme><themekt>planning district</themekt><themekey>planning district,community</themekey></theme><place><placekey>Norfolk,Tidewater,Hampton Roads</placekey></place></keywords><accconst>Data will be made available free of charge for all internal purposes and for those companies with contracts in good standing with the City of Norfolk.   Additionally data will be provided to the federal government upon request and to other localities for the purpose of mutual aid response.  All others are required to purchase the data from the City of Norfolk, Department of Planning &amp; Community Development.  757-664-4752</accconst><useconst>Any and all data sets are for graphical representations only and should not be used for legal purposes.  Any determination of topography or contours, or any depiction of physical improvements, property lines or boundaries is for general information only and shall not be used for the design, modification, or construction of improvement to real property or for flood plain determination.</useconst><natvform Sync="TRUE">SDE Feature Class</natvform><ptcontac><cntinfo><cntorgp><cntorg>City of Norfolk</cntorg><cntper>GIS Team</cntper></cntorgp><cntaddr><addrtype>mailing and physical address</addrtype><address>401 Monticello Avenue</address><city>Norfolk</city><state>Virginia</state><postal>23510</postal><country>USA</country></cntaddr><cntvoice>757-664-4500</cntvoice><cntfax>757-664-4567</cntfax><cntemail>gis@norfolk.gov</cntemail><hours>Monday-Friday, 8am to 5pm</hours><cntinst>By phone or e-mail</cntinst></cntinfo></ptcontac><datacred>Data collected and compiled by the Department of Planning and Community Development and maintained as needed by the City of Norfolk.</datacred></idinfo><dataIdInfo><envirDesc Sync="TRUE">Microsoft Windows XP Version 5.1 (Build 2600) Service Pack 3; ESRI ArcGIS 10.0.2.3200</envirDesc><dataLang><languageCode Sync="TRUE" value="en" country="US"/></dataLang><idCitation><resTitle Sync="TRUE">Planning.GISNORFOLK.plandist</resTitle><presForm><PresFormCd Sync="TRUE" value="005"/></presForm></idCitation><spatRpType><SpatRepTypCd Sync="TRUE" value="001"/></spatRpType><dataExt><geoEle><GeoBndBox esriExtentType="search"><westBL Sync="TRUE">-76.347733</westBL><eastBL Sync="TRUE">-76.173663</eastBL><northBL Sync="TRUE">36.970605</northBL><southBL Sync="TRUE">36.818993</southBL><exTypeCode Sync="TRUE">1</exTypeCode></GeoBndBox></geoEle></dataExt><geoBox esriExtentType="decdegrees"><westBL Sync="TRUE">-76.347733</westBL><eastBL Sync="TRUE">-76.173663</eastBL><northBL Sync="TRUE">36.970605</northBL><southBL Sync="TRUE">36.818993</southBL><exTypeCode Sync="TRUE">1</exTypeCode></geoBox><descKeys><thesaName uuidref="723f6998-058e-11dc-8314-0800200c9a66"/><keyword Sync="TRUE">002</keyword></descKeys></dataIdInfo><metainfo><langmeta Sync="TRUE">en</langmeta><metstdn Sync="TRUE">FGDC Content Standards for Digital Geospatial Metadata</metstdn><metstdv Sync="TRUE">FGDC-STD-001-1998</metstdv><mettc Sync="TRUE">local time</mettc><metc><cntinfo><cntaddr><addrtype>mailing and physical address</addrtype><city>Norfolk</city><state>Virginia</state><postal>23510</postal><address>810 Union Street, Suite 508</address><country>USA</country></cntaddr><cntvoice>757-664-4752</cntvoice><cntemail>planning@norfolk.gov</cntemail><hours>Monday-Friday 8am to 5pm</hours><cntinst>phone or e-mail</cntinst><cntorgp><cntorg>City of Norfolk, Department of Planning and Community Development</cntorg></cntorgp></cntinfo></metc><metd Sync="TRUE">20080403</metd><metsi><metsc>Unclassified</metsc></metsi></metainfo><mdLang><languageCode Sync="TRUE" value="en"/></mdLang><mdStanName Sync="TRUE">ISO 19115 Geographic Information - Metadata</mdStanName><mdStanVer Sync="TRUE">DIS_ESRI1.0</mdStanVer><mdChar><CharSetCd Sync="TRUE" value="004"/></mdChar><mdHrLv><ScopeCd Sync="TRUE" value="005"/></mdHrLv><mdHrLvName Sync="TRUE">dataset</mdHrLvName><distinfo><resdesc>downloadable data is standard for internal use.  External use is deliverable by cd or ftp.</resdesc><distrib><cntinfo><cntorgp><cntorg>City of Norfolk</cntorg><cntper>GIS Team</cntper></cntorgp><cntaddr><addrtype>mailing and physical address</addrtype><address>401 Monticello Avenue</address><city>Norfolk</city><state>Virginia</state><postal>23510</postal><country>USA</country></cntaddr><cntvoice>757-664-4500</cntvoice><cntfax>757-664-4567</cntfax><cntemail>gis@norfolk.gov</cntemail><hours>Monday-Friday 8am to 5pm.</hours><cntinst>By phone or e-mail</cntinst></cntinfo></distrib><distliab>The information is believed accurate and reasonable efforts have been made to ensure the accuracy of the data.  However, the City of Norfolk expressly disclaims responsibility for damages or liabilities that may arise from use of this data. This product is the property of the City of Norfolk and its use is thereby restricted.</distliab><stdorder><digform><digtopt><onlinopt><computer><networka><networkr>ftp://remote.norfolk.gov</networkr></networka></computer><accinstr>user name: hap  password:  norfolkftp</accinstr></onlinopt></digtopt></digform><fees>As prices vary per data set please see http://gis.norfolk.gov</fees><ordering>Please contact the City of Norfolk, Department of Planning &amp; Community Development.  757-664-4752</ordering><turnarnd>varies</turnarnd></stdorder><custom>Please contact the City of Norfolk, Department of Planning &amp; Community Development.  757-664-4752</custom></distinfo><distInfo><distributor><distorTran><onLineSrc><orDesc Sync="TRUE">002</orDesc><linkage Sync="TRUE">Server=gissde; Service=5652; Database=Planning; User=norfolk\mstrale; Version=sde.DEFAULT</linkage><protocol Sync="TRUE">ArcSDE Connection</protocol></onLineSrc></distorTran><distorFormat><formatName Sync="TRUE">SDE Feature Class</formatName></distorFormat></distributor><distFormat><formatName Sync="TRUE">SDE Feature Class</formatName></distFormat></distInfo><spdoinfo><direct Sync="TRUE">Vector</direct><ptvctinf><esriterm Name="Planning.GISNORFOLK.plandist"><efeatyp Sync="TRUE">Simple</efeatyp><efeageom Sync="TRUE">4</efeageom><esritopo Sync="TRUE">FALSE</esritopo><efeacnt Sync="TRUE">0</efeacnt><spindex Sync="TRUE">TRUE</spindex><linrefer Sync="TRUE">FALSE</linrefer></esriterm></ptvctinf></spdoinfo><spref><horizsys><cordsysn><geogcsn Sync="TRUE">GCS_North_American_1983</geogcsn><projcsn Sync="TRUE">NAD_1983_StatePlane_Virginia_South_FIPS_4502_Feet</projcsn></cordsysn><planar><planci><plance Sync="TRUE">coordinate pair</plance><plandu Sync="TRUE">survey feet</plandu><coordrep><absres Sync="TRUE">0.000032</absres><ordres Sync="TRUE">0.000032</ordres></coordrep></planci></planar><geodetic><horizdn Sync="TRUE">North American Datum of 1983</horizdn><ellips Sync="TRUE">Geodetic Reference System 80</ellips><semiaxis Sync="TRUE">6378137.000000</semiaxis><denflat Sync="TRUE">298.257222</denflat></geodetic></horizsys><vertdef><altsys><altenc Sync="TRUE">Explicit elevation coordinate included with horizontal coordinates</altenc><altres Sync="TRUE">1.000000</altres></altsys></vertdef></spref><refSysInfo><RefSystem><refSysID><identCode Sync="TRUE" code="2284">NAD_1983_StatePlane_Virginia_South_FIPS_4502_Feet</identCode><idCodeSpace Sync="TRUE">EPSG</idCodeSpace><idVersion Sync="TRUE">7.4.1</idVersion></refSysID></RefSystem></refSysInfo><spatRepInfo><VectSpatRep><topLvl><TopoLevCd Sync="TRUE" value="001"/></topLvl><geometObjs Name="Planning.GISNORFOLK.plandist"><geoObjTyp><GeoObjTypCd Sync="TRUE" value="002"/><geoObjCnt Sync="TRUE">0</geoObjCnt></geoObjTyp><geoObjCnt Sync="TRUE">87</geoObjCnt></geometObjs></VectSpatRep></spatRepInfo><eainfo><detailed Name="Planning.GISNORFOLK.plandist"><enttyp><enttypl Sync="TRUE">Planning.GISNORFOLK.plandist</enttypl><enttypt Sync="TRUE">Feature Class</enttypt><enttypc Sync="TRUE">0</enttypc></enttyp><attr><attrlabl Sync="TRUE">OBJECTID</attrlabl><attalias Sync="TRUE">OBJECTID</attalias><attrtype Sync="TRUE">OID</attrtype><attwidth Sync="TRUE">4</attwidth><atprecis Sync="TRUE">10</atprecis><attscale Sync="TRUE">0</attscale><attrdef Sync="TRUE">Internal feature number.</attrdef><attrdefs Sync="TRUE">ESRI</attrdefs><attrdomv><udom Sync="TRUE">Sequential unique whole numbers that are automatically generated.</udom></attrdomv></attr><attr><attrlabl Sync="TRUE">PERIMETER</attrlabl><attalias Sync="TRUE">PERIMETER</attalias><attrtype Sync="TRUE">Double</attrtype><attwidth Sync="TRUE">8</attwidth><atprecis Sync="TRUE">38</atprecis><attscale Sync="TRUE">8</attscale></attr><attr><attrlabl Sync="TRUE">PLANDIST_</attrlabl><attalias Sync="TRUE">PLANDIST_</attalias><attrtype Sync="TRUE">Integer</attrtype><attwidth Sync="TRUE">4</attwidth><atprecis Sync="TRUE">10</atprecis><attscale Sync="TRUE">0</attscale></attr><attr><attrlabl Sync="TRUE">PLANDIST_ID</attrlabl><attalias Sync="TRUE">PLANDIST_ID</attalias><attrtype Sync="TRUE">Integer</attrtype><attwidth Sync="TRUE">4</attwidth><atprecis Sync="TRUE">10</atprecis><attscale Sync="TRUE">0</attscale></attr><attr><attrlabl Sync="TRUE">DISTRICT_NO</attrlabl><attalias Sync="TRUE">DISTRICT_NO</attalias><attrtype Sync="TRUE">Integer</attrtype><attwidth Sync="TRUE">4</attwidth><atprecis Sync="TRUE">10</atprecis><attscale Sync="TRUE">0</attscale></attr><attr><attrlabl Sync="TRUE">TEXT</attrlabl><attalias Sync="TRUE">TEXT</attalias><attrtype Sync="TRUE">String</attrtype><attwidth Sync="TRUE">30</attwidth><atprecis Sync="TRUE">0</atprecis><attscale Sync="TRUE">0</attscale></attr><attr><attrlabl Sync="TRUE">DIST_NO</attrlabl><attalias Sync="TRUE">DIST_NO</attalias><attrtype Sync="TRUE">String</attrtype><attwidth Sync="TRUE">6</attwidth><atprecis Sync="TRUE">0</atprecis><attscale Sync="TRUE">0</attscale></attr><attr><attrlabl Sync="TRUE">LAREA</attrlabl><attalias Sync="TRUE">LAREA</attalias><attrtype Sync="TRUE">Double</attrtype><attwidth Sync="TRUE">8</attwidth><atprecis Sync="TRUE">38</atprecis><attscale Sync="TRUE">8</attscale></attr><attr><attrlabl Sync="TRUE">CARE_NAME</attrlabl><attalias Sync="TRUE">CARE_NAME</attalias><attrtype Sync="TRUE">String</attrtype><attwidth Sync="TRUE">60</attwidth><atprecis Sync="TRUE">0</atprecis><attscale Sync="TRUE">0</attscale></attr><attr><attrlabl Sync="TRUE">CARE_2</attrlabl><attalias Sync="TRUE">CARE_2</attalias><attrtype Sync="TRUE">SmallInteger</attrtype><attwidth Sync="TRUE">2</attwidth><atprecis Sync="TRUE">5</atprecis><attscale Sync="TRUE">0</attscale></attr><attr><attrlabl Sync="TRUE">SYMBOL</attrlabl><attalias Sync="TRUE">SYMBOL</attalias><attrtype Sync="TRUE">SmallInteger</attrtype><attwidth Sync="TRUE">2</attwidth><atprecis Sync="TRUE">5</atprecis><attscale Sync="TRUE">0</attscale></attr><attr><attrlabl Sync="TRUE">TITLE2</attrlabl><attalias Sync="TRUE">TITLE2</attalias><attrtype Sync="TRUE">String</attrtype><attwidth Sync="TRUE">70</attwidth><atprecis Sync="TRUE">0</atprecis><attscale Sync="TRUE">0</attscale></attr><attr><attrlabl Sync="TRUE">TAG2</attrlabl><attalias Sync="TRUE">TAG2</attalias><attrtype Sync="TRUE">String</attrtype><attwidth Sync="TRUE">120</attwidth><atprecis Sync="TRUE">0</atprecis><attscale Sync="TRUE">0</attscale></attr><attr><attrlabl Sync="TRUE">SHAPE</attrlabl><attalias Sync="TRUE">Shape</attalias><attrtype Sync="TRUE">Geometry</attrtype><attwidth Sync="TRUE">4</attwidth><atprecis Sync="TRUE">0</atprecis><attscale Sync="TRUE">0</attscale><attrdef Sync="TRUE">Feature geometry.</attrdef><attrdefs Sync="TRUE">ESRI</attrdefs><attrdomv><udom Sync="TRUE">Coordinates defining the features.</udom></attrdomv></attr><attr><attrlabl Sync="TRUE">Shape.area</attrlabl><attalias Sync="TRUE">Shape.area</attalias><attrtype Sync="TRUE">Double</attrtype><attwidth Sync="TRUE">0</attwidth><atprecis Sync="TRUE">0</atprecis><attscale Sync="TRUE">0</attscale></attr><attr><attrlabl Sync="TRUE">Shape.len</attrlabl><attalias Sync="TRUE">Shape.len</attalias><attrtype Sync="TRUE">Double</attrtype><attwidth Sync="TRUE">0</attwidth><atprecis Sync="TRUE">0</atprecis><attscale Sync="TRUE">0</attscale></attr></detailed></eainfo><mdDateSt Sync="TRUE">20120110</mdDateSt><dataqual><lineage><procstep><procdesc Sync="TRUE">Dataset copied.</procdesc><srcused Sync="TRUE">Server=gissde; Service=5452; Database=Planning; User=GISNORFOLK; Version=sde.DEFAULT</srcused><date Sync="TRUE">20071109</date><time Sync="TRUE">08150400</time></procstep></lineage></dataqual></metadata>
