<?xml version="1.0" encoding="UTF-8"?>
<?xml-stylesheet type="text/xsl" href="fgdc_classic.xsl"?>
<metadata xmlns:xsi="http://www.w3.org/2001/XMLSchema-instance" xsi:noNamespaceSchemaLocation="http://water.usgs.gov/GIS/metadata/usgswrd/fgdc-std-001-1998.xsd">
	<idinfo>
		<citation>
			<citeinfo>
				<origin>Jennifer L. Krstolic</origin>
				<origin>Donald C. Hayes</origin>
				<origin>Peter M. Ruhl</origin>
				<pubdate>09202010</pubdate>
				<title>Physical Habitat Characteristics on the North Fork Shenandoah River, VA in 2002-2003</title>
				<geoform>vector digital data</geoform>
				<serinfo>
					<sername>Data Series</sername>
					<issue>539</issue>
				</serinfo>
				<pubinfo>
					<pubplace>Reston, VA</pubplace>
					<publish>US Geological Survey</publish>
				</pubinfo>
				<othercit>A summary of the North Fork habitat data were published as part of an SIR 2006-5025.</othercit>
				<onlink>http://water.usgs.gov/lookup/getspatial?DS_539_NF_Shen_Habitat</onlink>
				<lworkcit>
					<citeinfo>
						<origin>Jennifer L. Krstolic</origin>
						<origin>Donald C. Hayes</origin>
						<origin>Peter M. Ruhl</origin>
						<pubdate>10012010</pubdate>
						<title>Physical Habitat Classification and Instream Flow Modeling to Determine Habitat Availability During Low-Flow Periods, North Fork Shenandoah River, Virginia</title>
						<edition>1</edition>
						<geoform>map</geoform>
						<serinfo>
							<sername>Scientific Investigations Report</sername>
							<issue>2006-5025</issue>
						</serinfo>
						<pubinfo>
							<pubplace>Reston</pubplace>
							<publish>U.S. Geological Survey</publish>
						</pubinfo>
						<onlink>http://pubs.usgs.gov/sir/2006/5025/</onlink>
					</citeinfo>
				</lworkcit>
			</citeinfo>
		</citation>
		<descript>
			<abstract>This dataset was collected with a PLGR government-issue GPS, and through manual measurement in the field.  Points were gathered while canoeing along the North Fork Shenandoah River.  Each location marked a change in meso-scale habitat type.  GPS points were supplemented with GIS-derived points in areas where manual measurements were made.  The points were used to generate a line coverage. This coverage represents physical habitat at a meso-scale (width of stream).</abstract>
			<purpose>The purpose of this data set is to provide basic information about physical habitat characteristics on the North Fork Shenandoah River.</purpose>
		</descript>
		<timeperd>
			<timeinfo>
				<rngdates>
					<begdate>05012002</begdate>
					<begtime>0700</begtime>
					<enddate>10312003</enddate>
					<endtime>1700</endtime>
				</rngdates>
			</timeinfo>
			<current>publication date</current>
		</timeperd>
		<status>
			<progress>Complete</progress>
			<update>None planned</update>
		</status>
		<spdom>
			<bounding>
				<westbc>
-78.944783</westbc>
				<eastbc>
-78.186599</eastbc>
				<northbc>
38.998721</northbc>
				<southbc>
38.606925</southbc>
			</bounding>
		</spdom>
		<keywords>
			<theme>
				<themekt>physical habitat</themekt>
				<themekey>Habitat</themekey>
				<themekey>Inland Waters</themekey>
			</theme>
			<place>
				<placekt>Virginia Rivers</placekt>
				<placekey>North Fork Shenandoah River</placekey>
			</place>
			<stratum>
				<stratkt>flow statistic</stratkt>
				<stratkey>low flow</stratkey>
			</stratum>
			<temporal>
				<tempkt>years</tempkt>
				<tempkey>2002-2003</tempkey>
			</temporal>
		</keywords>
		<accconst>none</accconst>
		<useconst>User must give credit to the US Geological Survey, Water Science Center, Virginia.</useconst>
		<ptcontac>
			<cntinfo>
				<cntorgp>
					<cntorg>U.S. Geological Survey</cntorg>
				</cntorgp>
				<cntpos>Ask USGS - Water Webserver Team</cntpos>
				<cntaddr>
					<addrtype>mailing and physical address</addrtype>
					<address>445 National Center</address>
					<city>Reston</city>
					<state>VA</state>
					<postal>20192</postal>
					<country>USA</country>
				</cntaddr>
				<cntvoice>1-888-275-8747 (1-888-ASK-USGS)</cntvoice>
				<cntemail>http://water.usgs.gov/user_feedback_form.html</cntemail>
				<hours>8-4</hours>
			</cntinfo>
		</ptcontac>
		<browse>
			<browsen>http://water.usgs.gov/GIS/browse/DS_539_Shen_Habitat.jpg</browsen>
			<browsed>North and South Fork Shenandoah Rivers habitat and shaded relief</browsed>
			<browset>JPEG</browset>
		</browse>
		<datacred>Any use of trade, product, or firm names is for descriptive purposes only and does not imply endorsement by the U.S. Government.</datacred>
		<native>Microsoft Windows XP Version 5.1 (Build 2600) Service Pack 3; ESRI ArcCatalog 9.3.1.3000</native>
	</idinfo>
	<dataqual>
		<logic>The source of these data are field measurements with GPS, rangefinder, depth finder, or level rod, and visual observation of substrate, vegetation, and cover components.</logic>
		<complete>Data collection is complete.</complete>
		<posacc>
			<horizpa>
				<horizpar>It is believed that these points were collected within 10 - 20 feet of their actual positions.  Resolution should be reasonable at 1:24000 or lower scale.</horizpar>
			</horizpa>
			<vertacc>
				<vertaccr>not reported</vertaccr>
			</vertacc>
		</posacc>
		<lineage>
			<procstep>
				<procdesc>GPS waypoints were ordered from upstream to downstream and coordinates were used to create a line coverage. ArcInfo Workstation and the 'generate' command was used for this step.</procdesc>
				<srcused>not specified</srcused>
				<procdate>2003</procdate>
				<proccont><cntinfo><cntperp><cntper>Jennifer Krstolic</cntper><cntorg>U.S. Geological Survey</cntorg></cntperp><cntpos>GIS Specialist</cntpos><cntaddr><addrtype>mailing and physical address</addrtype><address>1730 E Parham Road</address><city>Richmond</city><state>VA</state><postal>23228</postal></cntaddr><cntvoice>804-261-2635</cntvoice><cntemail>jkrstoli@usgs.gov</cntemail></cntinfo></proccont></procstep>
			<procstep>
				<procdesc>Additional points were added to complete long river bends so that the lines would follow the actual path of the river.</procdesc>
				<srcused>not specified</srcused>
				<procdate>2003</procdate>
			</procstep>
			<procstep>
				<procdesc>The North Fork Coverage was imported to a geodatabase that contains the recently-collected South Fork Shenandoah habitat data.</procdesc>
				<srcused>not specified</srcused>
				<procdate>20100804</procdate>
			</procstep>
		</lineage>
	</dataqual>
	<spdoinfo>
		<direct>Vector</direct>
		<ptvctinf>
			<sdtsterm>
				<sdtstype>String</sdtstype>
				<ptvctcnt>1809</ptvctcnt>
			</sdtsterm>
			<sdtsterm>
				<sdtstype>Point</sdtstype>
				<ptvctcnt>4</ptvctcnt>
			</sdtsterm>
		</ptvctinf>
	</spdoinfo>
	<spref>
		<horizsys>
			<planar>
				<gridsys>
					<gridsysn>Universal Transverse Mercator</gridsysn>
					<utm>
						<utmzone>17</utmzone>
						<transmer>
							<sfctrmer>0.999600</sfctrmer>
							<longcm>-81.000000</longcm>
							<latprjo>0.000000</latprjo>
							<feast>500000.000000</feast>
							<fnorth>0.000000</fnorth>
						</transmer>
					</utm>
				</gridsys>
				<planci>
					<plance>coordinate pair</plance>
					<coordrep>
						<absres>0.010000</absres>
						<ordres>0.010000</ordres>
					</coordrep>
					<plandu>meters</plandu>
				</planci>
			</planar>
			<geodetic>
				<horizdn>North American Datum of 1983</horizdn>
				<ellips>Geodetic Reference System 80</ellips>
				<semiaxis>6378137.000000</semiaxis>
				<denflat>298.257222</denflat>
			</geodetic>
		</horizsys>
		<vertdef>
			<altsys>
				<altdatum>North American Vertical Datum of 1988</altdatum>
				<altres>.1</altres>
				<altunits>meters</altunits>
				<altenc>Explicit elevation coordinate included with horizontal coordinates</altenc>
			</altsys>
		</vertdef>
	</spref>
	<eainfo>
		<detailed>
			<enttyp>
				<enttypl>
DS_539_NF_ShenHabitat</enttypl>
				<enttypd>ESRI feature class</enttypd>
				<enttypds>ESRI</enttypds>
			</enttyp>
			<attr>
				<attrlabl>OBJECTID</attrlabl>
				<attrdef>Internal feature number.</attrdef>
				<attrdefs>ESRI</attrdefs>
				<attrdomv>
					<udom>Sequential unique whole numbers that are automatically generated.</udom>
				</attrdomv>
			</attr>
			<attr>
				<attrlabl>Shape</attrlabl>
				<attrdef>Feature geometry.</attrdef>
				<attrdefs>ESRI</attrdefs>
				<attrdomv>
					<udom>Coordinates defining the features.</udom>
				</attrdomv>
			</attr>
			<attr>
				<attrlabl>LENGTH</attrlabl>
				<attrdef>Length of feature in meters</attrdef>
				<attrdefs>ESRI</attrdefs>
				<attrdomv>
					<udom>Positive real numbers that are automatically generated.</udom>
				</attrdomv>
			</attr>
			<attr>
				<attrlabl>HABITATCODE</attrlabl>
				<attrdef>Numeric code for habitat type</attrdef>
				<attrdefs>DB Administrator</attrdefs>
				<attrdomv>
					<edom>
						<edomv>0</edomv>
						<edomvd>null, non-habitat freature</edomvd>
						<edomvds>DB Administrator</edomvds>
					</edom>
					<edom>
						<edomv>1</edomv>
						<edomvd>Backwater</edomvd>
						<edomvds>DB Administrator</edomvds>
					</edom>
					<edom>
						<edomv>2</edomv>
						<edomvd>Natural Pool</edomvd>
						<edomvds>DB Administrator</edomvds>
					</edom>
					<edom>
						<edomv>3</edomv>
						<edomvd>Artificial Pool</edomvd>
						<edomvds>DB Administrator</edomvds>
					</edom>
					<edom>
						<edomv>4</edomv>
						<edomvd>Particle Riffle</edomvd>
						<edomvds>DB Administrator</edomvds>
					</edom>
					<edom>
						<edomv>5</edomv>
						<edomvd>Bedrock Riffle</edomvd>
						<edomvds>DB Administrator</edomvds>
					</edom>
					<edom>
						<edomv>6</edomv>
						<edomvd>Bedrock Terrace Riffle</edomvd>
						<edomvds>DB Administrator</edomvds>
					</edom>
					<edom>
						<edomv>7</edomv>
						<edomvd>Particle Run</edomvd>
						<edomvds>DB Administrator</edomvds>
					</edom>
					<edom>
						<edomv>8</edomv>
						<edomvd>Bedrock Run</edomvd>
						<edomvds>DB Administrator</edomvds>
					</edom>
					<edom>
						<edomv>9</edomv>
						<edomvd>Pocket Run</edomvd>
						<edomvds>DB Administrator</edomvds>
					</edom>
				</attrdomv>
				<attrmfrq>None planned</attrmfrq>
			</attr>
			<attr>
				<attrlabl>Shape_Length</attrlabl>
				<attrdef>Length of feature in internal units.</attrdef>
				<attrdefs>ESRI</attrdefs>
				<attrdomv>
					<udom>Positive real numbers that are automatically generated.</udom>
				</attrdomv>
			</attr>
			<attr>
				<attrlabl>Habitat_Type</attrlabl>
				<attrdef>Short description of habitat type</attrdef>
				<attrdefs>DB Administrator</attrdefs>
				<attrdomv>
					<edom>
						<edomv>Rif_BR</edomv>
						<edomvd>Bedrock Riffle</edomvd>
						<edomvds>http://pubs.usgs.gov/sir/2006/5025/</edomvds>
					</edom>
					<edom>
						<edomv>Rif_PT</edomv>
						<edomvd>Particle Riffle</edomvd>
						<edomvds>http://pubs.usgs.gov/sir/2006/5025/</edomvds>
					</edom>
					<edom>
						<edomv>Run_BR</edomv>
						<edomvd>Bedrock Run.  Includes Terraces or bedrock 'steps'</edomvd>
						<edomvds>http://pubs.usgs.gov/sir/2006/5025/</edomvds>
					</edom>
					<edom>
						<edomv>Run_PT</edomv>
						<edomvd>Particle Run</edomvd>
						<edomvds>http://pubs.usgs.gov/sir/2006/5025/</edomvds>
					</edom>
					<edom>
						<edomv>BW</edomv>
						<edomvd>Backwater</edomvd>
						<edomvds>http://pubs.usgs.gov/sir/2006/5025/</edomvds>
					</edom>
					<edom>
						<edomv>Pool</edomv>
						<edomvd>Natural Pool</edomvd>
						<edomvds>http://pubs.usgs.gov/sir/2006/5025/</edomvds>
					</edom>
					<edom>
						<edomv>Art_pool</edomv>
						<edomvd>Artificial Pool</edomvd>
						<edomvds>http://pubs.usgs.gov/sir/2006/5025/</edomvds>
					</edom>
					<edom>
						<edomv>Pockets</edomv>
						<edomvd>Run with some deep holes in it</edomvd>
						<edomvds>http://pubs.usgs.gov/sir/2006/5025/</edomvds>
					</edom>
				</attrdomv>
			</attr>
			<attr>
				<attrlabl>UniqueID</attrlabl>
				<attrdef>Unique identifier for each habitat unit</attrdef>
				<attrdefs>DB Administrator</attrdefs>
				<attrdomv>
					<rdom>
						<rdommin>10</rdommin>
						<rdommax>11635</rdommax>
						<attrmres>5 units</attrmres>
					</rdom>
				</attrdomv>
			</attr>
			<attr>
				<attrlabl>Description</attrlabl>
				<attrdef>Field notes from survey; points of interest</attrdef>
				<attrdefs>DB Administrator</attrdefs>
				<attrdomv>
					<udom>Text descriptions</udom>
				</attrdomv>
			</attr>
			<attr>
				<attrlabl>Vegetation</attrlabl>
				<attrdef>Type of vegetation present in each habitat unit.  Listed in order of abundance (Dominant, sub-dominant, present)</attrdef>
				<attrdefs>DB Administrator</attrdefs>
				<attrdomv>
					<edom>
						<edomv>SAV</edomv>
						<edomvd>Submerged Aquatic Vegetation</edomvd>
						<edomvds>http://pubs.usgs.gov/sir/2006/5025/</edomvds>
					</edom>
					<edom>
						<edomv>Algae</edomv>
						<edomvd>Algae covering rocks or floating</edomvd>
						<edomvds>http://pubs.usgs.gov/sir/2006/5025/</edomvds>
					</edom>
					<edom>
						<edomv>EMR</edomv>
						<edomvd>Emergent Aquatic Vegetation</edomvd>
						<edomvds>http://pubs.usgs.gov/sir/2006/5025/</edomvds>
					</edom>
					<edom>
						<edomv>LOG</edomv>
						<edomvd>Coarse woody debris in the river</edomvd>
						<edomvds>DB Administrator</edomvds>
					</edom>
					<edom>
						<edomv>DUCK</edomv>
						<edomvd>duckweed floating on the surface</edomvd>
						<edomvds>DB Administrator</edomvds>
					</edom>
				</attrdomv>
			</attr>
			<attr>
				<attrlabl>Substrate_All</attrlabl>
				<attrdef>Concatanated field showing dominant/sub-dominant/present substrate types</attrdef>
				<attrdefs>DB Administrator</attrdefs>
				<attrdomv>
					<edom>
						<edomv>BLD</edomv>
						<edomvd>Boulder</edomvd>
						<edomvds>http://pubs.usgs.gov/sir/2006/5025/</edomvds>
					</edom>
					<edom>
						<edomv>GR</edomv>
						<edomvd>Gravel</edomvd>
						<edomvds>http://pubs.usgs.gov/sir/2006/5025/</edomvds>
					</edom>
					<edom>
						<edomv>CB</edomv>
						<edomvd>Cobble</edomvd>
						<edomvds>http://pubs.usgs.gov/sir/2006/5025/</edomvds>
					</edom>
					<edom>
						<edomv>SA</edomv>
						<edomvd>Sand</edomvd>
						<edomvds>http://pubs.usgs.gov/sir/2006/5025/</edomvds>
					</edom>
					<edom>
						<edomv>BR</edomv>
						<edomvd>Bedrock</edomvd>
						<edomvds>http://pubs.usgs.gov/sir/2006/5025/</edomvds>
					</edom>
					<edom>
						<edomv>SI</edomv>
						<edomvd>Silt</edomvd>
						<edomvds>http://pubs.usgs.gov/sir/2006/5025/</edomvds>
					</edom>
				</attrdomv>
			</attr>
			<attr>
				<attrlabl>Substrate_1</attrlabl>
				<attrdef>Dominant Substrate type.</attrdef>
				<attrdefs>DB Administrator</attrdefs>
				<attrdomv>
					<edom>
						<edomv>BLD</edomv>
						<edomvd>Boulder</edomvd>
						<edomvds>http://pubs.usgs.gov/sir/2006/5025/</edomvds>
					</edom>
					<edom>
						<edomv>GR</edomv>
						<edomvd>Gravel</edomvd>
						<edomvds>http://pubs.usgs.gov/sir/2006/5025/</edomvds>
					</edom>
					<edom>
						<edomv>CB</edomv>
						<edomvd>Cobble</edomvd>
						<edomvds>http://pubs.usgs.gov/sir/2006/5025/</edomvds>
					</edom>
					<edom>
						<edomv>BR</edomv>
						<edomvd>Bedrock</edomvd>
						<edomvds>http://pubs.usgs.gov/sir/2006/5025/</edomvds>
					</edom>
					<edom>
						<edomv>SA</edomv>
						<edomvd>Sand</edomvd>
						<edomvds>http://pubs.usgs.gov/sir/2006/5025/</edomvds>
					</edom>
					<edom>
						<edomv>SI</edomv>
						<edomvd>Silt</edomvd>
						<edomvds>http://pubs.usgs.gov/sir/2006/5025/</edomvds>
					</edom>
				</attrdomv>
			</attr>
			<attr>
				<attrlabl>Substrate_2</attrlabl>
				<attrdef>Sub-dominant substrate type</attrdef>
				<attrdefs>DB Administrator</attrdefs>
				<attrdomv>
					<edom>
						<edomv>BLD</edomv>
						<edomvd>Boulder</edomvd>
						<edomvds>http://pubs.usgs.gov/sir/2006/5025/</edomvds>
					</edom>
					<edom>
						<edomv>GR</edomv>
						<edomvd>Gravel</edomvd>
						<edomvds>http://pubs.usgs.gov/sir/2006/5025/</edomvds>
					</edom>
					<edom>
						<edomv>CB</edomv>
						<edomvd>Cobble</edomvd>
						<edomvds>http://pubs.usgs.gov/sir/2006/5025/</edomvds>
					</edom>
					<edom>
						<edomv>SA</edomv>
						<edomvd>Sand</edomvd>
						<edomvds>http://pubs.usgs.gov/sir/2006/5025/</edomvds>
					</edom>
					<edom>
						<edomv>BR</edomv>
						<edomvd>Bedrock</edomvd>
						<edomvds>http://pubs.usgs.gov/sir/2006/5025/</edomvds>
					</edom>
					<edom>
						<edomv>SI</edomv>
						<edomvd>Silt</edomvd>
						<edomvds>http://pubs.usgs.gov/sir/2006/5025/</edomvds>
					</edom>
				</attrdomv>
			</attr>
			<attr>
				<attrlabl>Substrate_3</attrlabl>
				<attrdef>Tertiary substrate type</attrdef>
				<attrdefs>DB Administrator</attrdefs>
				<attrdomv>
					<edom>
						<edomv>BLD</edomv>
						<edomvd>Boulder</edomvd>
						<edomvds>http://pubs.usgs.gov/sir/2006/5025/</edomvds>
					</edom>
					<edom>
						<edomv>GR</edomv>
						<edomvd>Gravel</edomvd>
						<edomvds>http://pubs.usgs.gov/sir/2006/5025/</edomvds>
					</edom>
					<edom>
						<edomv>CB</edomv>
						<edomvd>Cobble</edomvd>
						<edomvds>http://pubs.usgs.gov/sir/2006/5025/</edomvds>
					</edom>
					<edom>
						<edomv>SA</edomv>
						<edomvd>Sand</edomvd>
						<edomvds>http://pubs.usgs.gov/sir/2006/5025/</edomvds>
					</edom>
					<edom>
						<edomv>BR</edomv>
						<edomvd>Bedrock</edomvd>
						<edomvds>http://pubs.usgs.gov/sir/2006/5025/</edomvds>
					</edom>
					<edom>
						<edomv>SI</edomv>
						<edomvd>Silt</edomvd>
						<edomvds>http://pubs.usgs.gov/sir/2006/5025/</edomvds>
					</edom>
				</attrdomv>
			</attr>
			<attr>
				<attrlabl>Channel_Width_ft</attrlabl>
				<attrdef>Width measured with a range finder. Converted from meters to feet</attrdef>
				<attrdefs>DB Administrator</attrdefs>
				<attrdomv>
					<rdom>
						<rdommin>0</rdommin>
						<rdommax>295</rdommax>
						<attrunit>Feet</attrunit>
						<attrmres>6 ft</attrmres>
					</rdom>
				</attrdomv>
			</attr>
			<attr>
				<attrlabl>Average_Depth_ft</attrlabl>
				<attrdef>Water depth in feet.</attrdef>
				<attrdefs>DB Administrator</attrdefs>
				<attrdomv>
					<rdom>
						<rdommin>0</rdommin>
						<rdommax>14.77</rdommax>
						<attrunit>Feet</attrunit>
						<attrmres>.25 ft</attrmres>
					</rdom>
				</attrdomv>
			</attr>
			<attr>
				<attrlabl>Max_Depth_ft</attrlabl>
				<attrdef>Maximum water depth within habitat unit, in feet</attrdef>
				<attrdefs>DB Administrator</attrdefs>
				<attrdomv>
					<rdom>
						<rdommin>0</rdommin>
						<rdommax>15</rdommax>
						<attrunit>Feet</attrunit>
						<attrmres>.25 ft</attrmres>
					</rdom>
				</attrdomv>
			</attr>
			<attr>
				<attrlabl>From_pt</attrlabl>
				<attrdef>Unique id of current habitat unit</attrdef>
				<attrdefs>DB Administrator</attrdefs>
				<attrdomv>
					<rdom>
						<rdommin>10</rdommin>
						<rdommax>11635</rdommax>
						<attrmres>5 units</attrmres>
					</rdom>
				</attrdomv>
			</attr>
			<attr>
				<attrlabl>To_pt</attrlabl>
				<attrdef>Downstream habitat unit</attrdef>
				<attrdefs>DB Administrator</attrdefs>
				<attrdomv>
					<rdom>
						<rdommin>10</rdommin>
						<rdommax>11635</rdommax>
						<attrmres>5 units</attrmres>
					</rdom>
				</attrdomv>
			</attr>
		</detailed>
		<overview>
			<eaover>Field values represent measurements that describe width, length, depth, and composition of habitat.</eaover>
			<eadetcit>Many of the descriptions for habitat units and substrates are found in the Scientific Investigations Report http://pubs.usgs.gov/sir/2006/5025/.</eadetcit>
		</overview>
	</eainfo>
	<distinfo>
		<distrib>
			<cntinfo>
				<cntorgp>
					<cntorg>U.S. Geological Survey</cntorg>
				</cntorgp>
				<cntpos>Ask USGS -- Water Webserver Team</cntpos>
				<cntaddr>
					<addrtype>mailing and physical address</addrtype>
					<address>445 National Center</address>
					<city>Reston</city>
					<state>VA</state>
					<postal>20129</postal>
					<country>USA</country>
				</cntaddr>
				<cntvoice>1-888-275-8747 (1-888-ASK-USGS)</cntvoice>
				<cntemail>http://answers.usgs.gov/cgi-bin/gsanswers?pemail=h2oteam&amp;subject=GIS+Dataset+DS_539_NF_ShenHabitat</cntemail>
			</cntinfo>
		</distrib>
		<resdesc>Downloadable Data</resdesc>
		<distliab>Although this data set has been used by the U.S. Geological Survey, U.S. Department of the Interior, no warranty expressed or implied is made by the U.S. Geological Survey as to the accuracy of the data and related materials. The act of distribution shall not constitute any such warranty, and no responsibility is assumed by the U.S. Geological Survey in the use of this data, software, or related materials. Any use of trade, product, or firm names is for descriptive purposes only and does not imply endorsement by the U.S. Government.</distliab>
		<stdorder>
			<digform>
				<digtinfo>
					<formname>Geodatabase</formname>
					<formverd>08102010</formverd>
					<formspec>Geodatabase with Line feature classes for habitat</formspec>
					<formcont>Multiple line feature classes for the North Fork and South Fork Shenandoah Rivers</formcont>
					<filedec>zipped</filedec>
					<transize>0.419</transize>
				</digtinfo>
				<digtopt>
					<onlinopt>
						<computer>
							<networka>
								<networkr>http://water.usgs.gov/GIS/dsdl/DS_539_Shenandoah_Habitat.zip</networkr>
							</networka>
						</computer>
					</onlinopt>
				</digtopt>
			</digform>
			<fees>none. This dataset is provided by USGS as a public service</fees>
		<digform>
			<digtinfo>
				<formspec>ESRI Shapefile</formspec>
				<formcont>Line feature with attributes of the North Fork Shenandoah River</formcont>																	<filedec>zip</filedec>
				<formname>Shapefile</formname>
				<formverd>08102010</formverd>
			</digtinfo>

		<digtopt>
		<onlinopt>
		<computer>
		<networka><networkr>http://water.usgs.gov/GIS/dsdl/DS_539_NF_ShenHab_SHAPE.zip</networkr></networka>
		</computer>
		</onlinopt>
		</digtopt>
		</digform>

		<digform>
		<digtinfo>
		<formname>Shapefile</formname>
		<formverd>08102010</formverd>
		<formcont>Line feature and attributes of the South Fork Shenandoah River</formcont>
		<filedec>zip</filedec>
		<formspec>ESRI shapefile</formspec>
		</digtinfo>
		<digtopt><onlinopt><computer><networka><networkr>http://water.usgs.gov/GIS/dsdl/DS_539_SF_ShenHab_SHAPE.zip</networkr>
		</networka>
		</computer>
		</onlinopt>
	</digtopt>
	</digform>
		</stdorder>
	</distinfo>
	<metainfo>
		<metd>20100930</metd>
		<metrd>20100920</metrd>
		<metc>
			<cntinfo>
				<cntorgp>
					<cntorg>U.S. Geological Survey</cntorg>
					<cntper>Ask USGS -- Water Webserver Team</cntper>
				</cntorgp>
				<cntaddr>
					<addrtype>mailing address</addrtype>
					<address>445 National Center</address>
					<city>Reston</city>
					<state>VA</state>
					<postal>20192</postal>
					<country>USA</country>
				</cntaddr>
				<cntvoice>1-888-275-8747 (1-888-ASK-USGS)</cntvoice>
				<cntemail>http://water.usgs.gov/user_feedback_form.html</cntemail>
				<hours>8:00 - 5:00</hours>
			</cntinfo>
		</metc>
		<metstdn>FGDC Content Standards for Digital Geospatial Metadata</metstdn>
		<metstdv>FGDC-STD-001-1998</metstdv>
	</metainfo>
	<Esri><ModDate>20101018</ModDate><ModTime>10581000</ModTime></Esri><mdDateSt Sync="TRUE">20101018</mdDateSt></metadata>
