<?xml version="1.0" encoding="UTF-8"?>
<metadata xml:lang="en"><Esri><CreaDate>20140304</CreaDate><CreaTime>10593400</CreaTime><ArcGISFormat>1.0</ArcGISFormat><SyncOnce>TRUE</SyncOnce><DataProperties><itemProps><itemLocation><linkage Sync="TRUE">file://\\server\gis\exports\ftp.clarkecounty.gov\0NEW\zoning\zoning</linkage><protocol Sync="TRUE">Local Area Network</protocol></itemLocation></itemProps><copyHistory><copy source="G:\exports\ftp.clarkecounty.gov\0NEW\zoning" dest="\\server\gis\exports\ftp.clarkecounty.gov\0NEW\zoning\zoning" date="20140304" time="10593400"></copy></copyHistory></DataProperties></Esri></metadata>
