<metadata xml:lang="en"><Esri><MetaID>{83964308-0147-4B2F-9FC8-9919A8F595AF}</MetaID><CreaDate>20111117</CreaDate><CreaTime>17295300</CreaTime><SyncOnce>FALSE</SyncOnce><SyncDate>20140404</SyncDate><SyncTime>15535700</SyncTime><ModDate>20140404</ModDate><ModTime>15535700</ModTime><DataProperties><lineage><Process ToolSource="C:\Program Files\ArcGIS\ArcToolbox\Toolboxes\Data Management Tools.tbx\CopyFeatures" Date="20111117" Time="172955" Name="" export="">CopyFeatures "C:\Documents and Settings\GISAdmin\Desktop\Staging.gdb\DC_10_Tract" "Database Connections\MURLOC_DIRECT.sde\VectorGIS_prd.DBO.Demographics\VectorGIS_prd.DBO.DC_10_Tract" # 0 0 0</Process><Process ToolSource="c:\program files (x86)\arcgis\desktop10.0\ArcToolbox\Toolboxes\Conversion Tools.tbx\FeatureClassToFeatureClass" Date="20130410" Time="162314" Name="" export="">FeatureClassToFeatureClass "Database Connections\Sawyer - Reader.sde\VectorGIS_prd.DBO.Demographics\VectorGIS_prd.DBO.DC_10_Tract" "\\Tempest\Shared\GIS\Data\Staging\HUB Zones\HUBZones.gdb" HUBZone # "Tract_ID "Tract_ID" true true false 11 Text 0 0 ,First,#,Database Connections\Sawyer - Reader.sde\VectorGIS_prd.DBO.Demographics\VectorGIS_prd.DBO.DC_10_Tract,Tract_ID,-1,-1;Tract "Tract" true true false 6 Text 0 0 ,First,#,Database Connections\Sawyer - Reader.sde\VectorGIS_prd.DBO.Demographics\VectorGIS_prd.DBO.DC_10_Tract,Tract,-1,-1;Description "Description" true true false 17 Text 0 0 ,First,#,Database Connections\Sawyer - Reader.sde\VectorGIS_prd.DBO.Demographics\VectorGIS_prd.DBO.DC_10_Tract,Description,-1,-1;SHAPE_area "SHAPE_area" false false true 0 Double 0 0 ,First,#,Database Connections\Sawyer - Reader.sde\VectorGIS_prd.DBO.Demographics\VectorGIS_prd.DBO.DC_10_Tract,SHAPE.area,-1,-1;SHAPE_len "SHAPE_len" false false true 0 Double 0 0 ,First,#,Database Connections\Sawyer - Reader.sde\VectorGIS_prd.DBO.Demographics\VectorGIS_prd.DBO.DC_10_Tract,SHAPE.len,-1,-1" #</Process><Process ToolSource="C:\Program Files (x86)\ArcGIS\Desktop10.0\ArcToolbox\Toolboxes\Conversion Tools.tbx\FeatureClassToFeatureClass" Date="20130418" Time="174103">FeatureClassToFeatureClass "\\tempest\shared\GIS\Data\Staging\HUB Zones\HUBZones.gdb\HUBZone" "\\tempest\shared\GIS\System Administration\Admin Tools\Database\Sawyer_Admin.sde\vectorGIS_prd.DBO.EconomicDevelopment" HUBZone # "Tract_ID "Tract_ID" true true false 11 Text 0 0 ,First,#,\\tempest\shared\GIS\Data\Staging\HUB Zones\HUBZones.gdb\HUBZone,Tract_ID,-1,-1;Tract "Tract" true true false 6 Text 0 0 ,First,#,\\tempest\shared\GIS\Data\Staging\HUB Zones\HUBZones.gdb\HUBZone,Tract,-1,-1;Description "Description" true true false 17 Text 0 0 ,First,#,\\tempest\shared\GIS\Data\Staging\HUB Zones\HUBZones.gdb\HUBZone,Description,-1,-1;Shape_Length "Shape_Length" false true true 8 Double 0 0 ,First,#,\\tempest\shared\GIS\Data\Staging\HUB Zones\HUBZones.gdb\HUBZone,Shape_Length,-1,-1;Shape_Area "Shape_Area" false true true 8 Double 0 0 ,First,#,\\tempest\shared\GIS\Data\Staging\HUB Zones\HUBZones.gdb\HUBZone,Shape_Area,-1,-1;Editor "Editor" true true false 50 Text 0 0 ,First,#,\\tempest\shared\GIS\Data\Staging\HUB Zones\HUBZones.gdb\HUBZone,Editor,-1,-1;DateModify "DateModify" true true false 8 Date 0 0 ,First,#,\\tempest\shared\GIS\Data\Staging\HUB Zones\HUBZones.gdb\HUBZone,DateModify,-1,-1" #</Process><Process ToolSource="c:\program files (x86)\arcgis\desktop10.0\ArcToolbox\Toolboxes\Conversion Tools.tbx\FeatureClassToFeatureClass" Date="20130530" Time="100226">FeatureClassToFeatureClass "Database Connections\Sawyer - Reader.sde\vectorGIS_prd.DBO.EconomicDevelopment\vectorGIS_prd.DBO.HUBZone" "\\Tempest\Shared\GIS\Data\Staging\CDBG Zone\CDBG.gdb" CommunityDevelopmentBlockGrant # "Tract_ID "Tract_ID" true true false 11 Text 0 0 ,First,#,Database Connections\Sawyer - Reader.sde\vectorGIS_prd.DBO.EconomicDevelopment\vectorGIS_prd.DBO.HUBZone,Tract_ID,-1,-1;Tract "Tract" true true false 6 Text 0 0 ,First,#,Database Connections\Sawyer - Reader.sde\vectorGIS_prd.DBO.EconomicDevelopment\vectorGIS_prd.DBO.HUBZone,Tract,-1,-1;Description "Description" true true false 17 Text 0 0 ,First,#,Database Connections\Sawyer - Reader.sde\vectorGIS_prd.DBO.EconomicDevelopment\vectorGIS_prd.DBO.HUBZone,Description,-1,-1;Editor "Editor" true true false 50 Text 0 0 ,First,#,Database Connections\Sawyer - Reader.sde\vectorGIS_prd.DBO.EconomicDevelopment\vectorGIS_prd.DBO.HUBZone,Editor,-1,-1;DateModify "DateModify" true true false 36 Date 0 0 ,First,#,Database Connections\Sawyer - Reader.sde\vectorGIS_prd.DBO.EconomicDevelopment\vectorGIS_prd.DBO.HUBZone,DateModify,-1,-1;Shape_area "Shape.area" false false true 0 Double 0 0 ,First,#,Database Connections\Sawyer - Reader.sde\vectorGIS_prd.DBO.EconomicDevelopment\vectorGIS_prd.DBO.HUBZone,Shape.area,-1,-1;Shape_len "Shape.len" false false true 0 Double 0 0 ,First,#,Database Connections\Sawyer - Reader.sde\vectorGIS_prd.DBO.EconomicDevelopment\vectorGIS_prd.DBO.HUBZone,Shape.len,-1,-1" #</Process><Process ToolSource="C:\Program Files (x86)\ArcGIS\Desktop10.0\ArcToolbox\Toolboxes\Conversion Tools.tbx\FeatureClassToFeatureClass" Date="20130530" Time="173909">FeatureClassToFeatureClass "\\tempest\shared\GIS\Data\Staging\CDBG Zone\CDBG.gdb\CommunityDevelopmentBlockGrant" "Database Connections\sawyer superuser.sde\vectorgis_prd.DBO.Planning" CommunityDevelopmentBlockGrant # "Tract_ID "Tract_ID" true true false 11 Text 0 0 ,First,#,\\tempest\shared\GIS\Data\Staging\CDBG Zone\CDBG.gdb\CommunityDevelopmentBlockGrant,Tract_ID,-1,-1;Tract "Tract" true true false 6 Text 0 0 ,First,#,\\tempest\shared\GIS\Data\Staging\CDBG Zone\CDBG.gdb\CommunityDevelopmentBlockGrant,Tract,-1,-1;Description "Description" true true false 17 Text 0 0 ,First,#,\\tempest\shared\GIS\Data\Staging\CDBG Zone\CDBG.gdb\CommunityDevelopmentBlockGrant,Description,-1,-1;Editor "Editor" true true false 50 Text 0 0 ,First,#,\\tempest\shared\GIS\Data\Staging\CDBG Zone\CDBG.gdb\CommunityDevelopmentBlockGrant,Editor,-1,-1;DateModify "DateModify" true true false 8 Date 0 0 ,First,#,\\tempest\shared\GIS\Data\Staging\CDBG Zone\CDBG.gdb\CommunityDevelopmentBlockGrant,DateModify,-1,-1;Shape_Length "Shape_Length" false true true 8 Double 0 0 ,First,#,\\tempest\shared\GIS\Data\Staging\CDBG Zone\CDBG.gdb\CommunityDevelopmentBlockGrant,Shape_Length,-1,-1;Shape_Area "Shape_Area" false true true 8 Double 0 0 ,First,#,\\tempest\shared\GIS\Data\Staging\CDBG Zone\CDBG.gdb\CommunityDevelopmentBlockGrant,Shape_Area,-1,-1" #</Process><Process ToolSource="c:\program files (x86)\arcgis\desktop10.0\ArcToolbox\Toolboxes\Conversion Tools.tbx\FeatureClassToFeatureClass" Date="20130821" Time="121759">FeatureClassToFeatureClass "Database Connections\Sawyer - Reader.sde\vectorgis_prd.DBO.Planning\vectorgis_prd.DBO.CommunityDevelopmentBlockGrant" "\\Tempest\Shared\GIS\Data\Sharing\Data Download Portal\Staging\PlanningGDB\Planning.gdb" CommunityDevelopmentBlockGrant # "Tract_ID "Tract_ID" true true false 11 Text 0 0 ,First,#,Database Connections\Sawyer - Reader.sde\vectorgis_prd.DBO.Planning\vectorgis_prd.DBO.CommunityDevelopmentBlockGrant,Tract_ID,-1,-1;Tract "Tract" true true false 6 Text 0 0 ,First,#,Database Connections\Sawyer - Reader.sde\vectorgis_prd.DBO.Planning\vectorgis_prd.DBO.CommunityDevelopmentBlockGrant,Tract,-1,-1;Description "Description" true true false 17 Text 0 0 ,First,#,Database Connections\Sawyer - Reader.sde\vectorgis_prd.DBO.Planning\vectorgis_prd.DBO.CommunityDevelopmentBlockGrant,Description,-1,-1;Editor "Editor" true true false 50 Text 0 0 ,First,#,Database Connections\Sawyer - Reader.sde\vectorgis_prd.DBO.Planning\vectorgis_prd.DBO.CommunityDevelopmentBlockGrant,Editor,-1,-1;DateModify "DateModify" true true false 36 Date 0 0 ,First,#,Database Connections\Sawyer - Reader.sde\vectorgis_prd.DBO.Planning\vectorgis_prd.DBO.CommunityDevelopmentBlockGrant,DateModify,-1,-1;Shape_area "Shape_area" false false true 0 Double 0 0 ,First,#,Database Connections\Sawyer - Reader.sde\vectorgis_prd.DBO.Planning\vectorgis_prd.DBO.CommunityDevelopmentBlockGrant,Shape.area,-1,-1;Shape_len "Shape_len" false false true 0 Double 0 0 ,First,#,Database Connections\Sawyer - Reader.sde\vectorgis_prd.DBO.Planning\vectorgis_prd.DBO.CommunityDevelopmentBlockGrant,Shape.len,-1,-1" #</Process><Process Name="Block Grant Append" ToolSource="C:\Program Files (x86)\ArcGIS\Desktop10.0\ArcToolbox\Toolboxes\Data Management Tools.tbx\Append" Date="20130821" Time="122642">Append '\\tempest\shared\GIS\Data\Sharing\Data Download Portal\Sawyer Read.sde\vectorgis_prd.DBO.Planning\vectorgis_prd.DBO.CommunityDevelopmentBlockGrant' "\\Tempest\Shared\GIS\Data\Sharing\Data Download Portal\Staging\PlanningGDB\Planning.gdb\CommunityDevelopmentBlockGrant" NO_TEST "Tract_ID "Tract_ID" true true false 11 Text 0 0 ,First,#,\\tempest\shared\GIS\Data\Sharing\Data Download Portal\Sawyer Read.sde\vectorgis_prd.DBO.Planning\vectorgis_prd.DBO.CommunityDevelopmentBlockGrant,Tract_ID,-1,-1;Tract "Tract" true true false 6 Text 0 0 ,First,#,\\tempest\shared\GIS\Data\Sharing\Data Download Portal\Sawyer Read.sde\vectorgis_prd.DBO.Planning\vectorgis_prd.DBO.CommunityDevelopmentBlockGrant,Tract,-1,-1;Description "Description" true true false 17 Text 0 0 ,First,#,\\tempest\shared\GIS\Data\Sharing\Data Download Portal\Sawyer Read.sde\vectorgis_prd.DBO.Planning\vectorgis_prd.DBO.CommunityDevelopmentBlockGrant,Description,-1,-1;Editor "Editor" true true false 50 Text 0 0 ,First,#,\\tempest\shared\GIS\Data\Sharing\Data Download Portal\Sawyer Read.sde\vectorgis_prd.DBO.Planning\vectorgis_prd.DBO.CommunityDevelopmentBlockGrant,Editor,-1,-1;DateModify "DateModify" true true false 8 Date 0 0 ,First,#,\\tempest\shared\GIS\Data\Sharing\Data Download Portal\Sawyer Read.sde\vectorgis_prd.DBO.Planning\vectorgis_prd.DBO.CommunityDevelopmentBlockGrant,DateModify,-1,-1;Shape_Length "Shape_Length" false true true 8 Double 0 0 ,First,#;Shape_Area "Shape_Area" false true true 8 Double 0 0 ,First,#" #</Process><Process Name="Delete Rows (2)" ToolSource="C:\Program Files (x86)\ArcGIS\Desktop10.0\ArcToolbox\Toolboxes\Data Management Tools.tbx\DeleteRows" Date="20130821" Time="124730">DeleteRows "\\tempest\shared\GIS\Data\Sharing\Data Download Portal\Staging\PlanningGDB\Planning.gdb\CommunityDevelopmentBlockGrant"</Process><Process Name="Block Grant Append" ToolSource="C:\Program Files (x86)\ArcGIS\Desktop10.0\ArcToolbox\Toolboxes\Data Management Tools.tbx\Append" Date="20130918" Time="152530">Append '\\tempest\shared\GIS\Data\Sharing\Data Download Portal\Sawyer Read.sde\vectorgis_prd.DBO.Planning\vectorgis_prd.DBO.CommunityDevelopmentBlockGrant' "\\Tempest\Shared\GIS\Data\Sharing\Data Download Portal\Staging\PlanningGDB\Planning.gdb\CommunityDevelopmentBlockGrant" NO_TEST "Tract_ID "Tract_ID" true true false 11 Text 0 0 ,First,#,\\tempest\shared\GIS\Data\Sharing\Data Download Portal\Sawyer Read.sde\vectorgis_prd.DBO.Planning\vectorgis_prd.DBO.CommunityDevelopmentBlockGrant,Tract_ID,-1,-1;Tract "Tract" true true false 6 Text 0 0 ,First,#,\\tempest\shared\GIS\Data\Sharing\Data Download Portal\Sawyer Read.sde\vectorgis_prd.DBO.Planning\vectorgis_prd.DBO.CommunityDevelopmentBlockGrant,Tract,-1,-1;Description "Description" true true false 17 Text 0 0 ,First,#,\\tempest\shared\GIS\Data\Sharing\Data Download Portal\Sawyer Read.sde\vectorgis_prd.DBO.Planning\vectorgis_prd.DBO.CommunityDevelopmentBlockGrant,Description,-1,-1;Editor "Editor" true true false 50 Text 0 0 ,First,#,\\tempest\shared\GIS\Data\Sharing\Data Download Portal\Sawyer Read.sde\vectorgis_prd.DBO.Planning\vectorgis_prd.DBO.CommunityDevelopmentBlockGrant,Editor,-1,-1;DateModify "DateModify" true true false 8 Date 0 0 ,First,#,\\tempest\shared\GIS\Data\Sharing\Data Download Portal\Sawyer Read.sde\vectorgis_prd.DBO.Planning\vectorgis_prd.DBO.CommunityDevelopmentBlockGrant,DateModify,-1,-1;Shape_Length "Shape_Length" false true true 8 Double 0 0 ,First,#;Shape_Area "Shape_Area" false true true 8 Double 0 0 ,First,#" #</Process><Process Name="Delete Rows (2)" ToolSource="C:\Program Files (x86)\ArcGIS\Desktop10.0\ArcToolbox\Toolboxes\Data Management Tools.tbx\DeleteRows" Date="20130918" Time="153644">DeleteRows "\\tempest\shared\GIS\Data\Sharing\Data Download Portal\Staging\PlanningGDB\Planning.gdb\CommunityDevelopmentBlockGrant"</Process><Process Name="Block Grant Append" ToolSource="C:\Program Files (x86)\ArcGIS\Desktop10.0\ArcToolbox\Toolboxes\Data Management Tools.tbx\Append" Date="20140108" Time="132105">Append '\\tempest\shared\GIS\Data\Sharing\Data Download Portal\Sawyer Read.sde\vectorgis_prd.DBO.Planning\vectorgis_prd.DBO.CommunityDevelopmentBlockGrant' "\\Tempest\Shared\GIS\Data\Sharing\Data Download Portal\Staging\PlanningGDB\Planning.gdb\CommunityDevelopmentBlockGrant" NO_TEST "Tract_ID "Tract_ID" true true false 11 Text 0 0 ,First,#,\\tempest\shared\GIS\Data\Sharing\Data Download Portal\Sawyer Read.sde\vectorgis_prd.DBO.Planning\vectorgis_prd.DBO.CommunityDevelopmentBlockGrant,Tract_ID,-1,-1;Tract "Tract" true true false 6 Text 0 0 ,First,#,\\tempest\shared\GIS\Data\Sharing\Data Download Portal\Sawyer Read.sde\vectorgis_prd.DBO.Planning\vectorgis_prd.DBO.CommunityDevelopmentBlockGrant,Tract,-1,-1;Description "Description" true true false 17 Text 0 0 ,First,#,\\tempest\shared\GIS\Data\Sharing\Data Download Portal\Sawyer Read.sde\vectorgis_prd.DBO.Planning\vectorgis_prd.DBO.CommunityDevelopmentBlockGrant,Description,-1,-1;Editor "Editor" true true false 50 Text 0 0 ,First,#,\\tempest\shared\GIS\Data\Sharing\Data Download Portal\Sawyer Read.sde\vectorgis_prd.DBO.Planning\vectorgis_prd.DBO.CommunityDevelopmentBlockGrant,Editor,-1,-1;DateModify "DateModify" true true false 8 Date 0 0 ,First,#,\\tempest\shared\GIS\Data\Sharing\Data Download Portal\Sawyer Read.sde\vectorgis_prd.DBO.Planning\vectorgis_prd.DBO.CommunityDevelopmentBlockGrant,DateModify,-1,-1;Shape_Length "Shape_Length" false true true 8 Double 0 0 ,First,#;Shape_Area "Shape_Area" false true true 8 Double 0 0 ,First,#" #</Process><Process Name="Delete Rows (2)" ToolSource="C:\Program Files (x86)\ArcGIS\Desktop10.0\ArcToolbox\Toolboxes\Data Management Tools.tbx\DeleteRows" Date="20140108" Time="133730">DeleteRows "\\tempest\shared\GIS\Data\Sharing\Data Download Portal\Staging\PlanningGDB\Planning.gdb\CommunityDevelopmentBlockGrant"</Process><Process Name="Block Grant Append" ToolSource="C:\Program Files (x86)\ArcGIS\Desktop10.0\ArcToolbox\Toolboxes\Data Management Tools.tbx\Append" Date="20140131" Time="103315">Append '\\tempest\shared\GIS\Data\Sharing\Data Download Portal\Sawyer Read.sde\vectorgis_prd.DBO.Planning\vectorgis_prd.DBO.CommunityDevelopmentBlockGrant' "\\Tempest\Shared\GIS\Data\Sharing\Data Download Portal\Staging\PlanningGDB\Planning.gdb\CommunityDevelopmentBlockGrant" NO_TEST "Tract_ID "Tract_ID" true true false 11 Text 0 0 ,First,#,\\tempest\shared\GIS\Data\Sharing\Data Download Portal\Sawyer Read.sde\vectorgis_prd.DBO.Planning\vectorgis_prd.DBO.CommunityDevelopmentBlockGrant,Tract_ID,-1,-1;Tract "Tract" true true false 6 Text 0 0 ,First,#,\\tempest\shared\GIS\Data\Sharing\Data Download Portal\Sawyer Read.sde\vectorgis_prd.DBO.Planning\vectorgis_prd.DBO.CommunityDevelopmentBlockGrant,Tract,-1,-1;Description "Description" true true false 17 Text 0 0 ,First,#,\\tempest\shared\GIS\Data\Sharing\Data Download Portal\Sawyer Read.sde\vectorgis_prd.DBO.Planning\vectorgis_prd.DBO.CommunityDevelopmentBlockGrant,Description,-1,-1;Editor "Editor" true true false 50 Text 0 0 ,First,#,\\tempest\shared\GIS\Data\Sharing\Data Download Portal\Sawyer Read.sde\vectorgis_prd.DBO.Planning\vectorgis_prd.DBO.CommunityDevelopmentBlockGrant,Editor,-1,-1;DateModify "DateModify" true true false 8 Date 0 0 ,First,#,\\tempest\shared\GIS\Data\Sharing\Data Download Portal\Sawyer Read.sde\vectorgis_prd.DBO.Planning\vectorgis_prd.DBO.CommunityDevelopmentBlockGrant,DateModify,-1,-1;Shape_Length "Shape_Length" false true true 8 Double 0 0 ,First,#;Shape_Area "Shape_Area" false true true 8 Double 0 0 ,First,#" #</Process><Process Name="Delete Rows (2)" ToolSource="C:\Program Files (x86)\ArcGIS\Desktop10.0\ArcToolbox\Toolboxes\Data Management Tools.tbx\DeleteRows" Date="20140131" Time="104353">DeleteRows "\\tempest\shared\GIS\Data\Sharing\Data Download Portal\Staging\PlanningGDB\Planning.gdb\CommunityDevelopmentBlockGrant"</Process><Process Name="Block Grant Append" ToolSource="C:\Program Files (x86)\ArcGIS\Desktop10.0\ArcToolbox\Toolboxes\Data Management Tools.tbx\Append" Date="20140404" Time="154448">Append '\\tempest\shared\GIS\Data\Sharing\Data Download Portal\Sawyer Read.sde\vectorgis_prd.DBO.Planning\vectorgis_prd.DBO.CommunityDevelopmentBlockGrant' "\\Tempest\Shared\GIS\Data\Sharing\Data Download Portal\Staging\Planning\PlanningGDB\Planning.gdb\CommunityDevelopmentBlockGrant" NO_TEST "Tract_ID "Tract_ID" true true false 11 Text 0 0 ,First,#,\\tempest\shared\GIS\Data\Sharing\Data Download Portal\Sawyer Read.sde\vectorgis_prd.DBO.Planning\vectorgis_prd.DBO.CommunityDevelopmentBlockGrant,Tract_ID,-1,-1;Tract "Tract" true true false 6 Text 0 0 ,First,#,\\tempest\shared\GIS\Data\Sharing\Data Download Portal\Sawyer Read.sde\vectorgis_prd.DBO.Planning\vectorgis_prd.DBO.CommunityDevelopmentBlockGrant,Tract,-1,-1;Description "Description" true true false 17 Text 0 0 ,First,#,\\tempest\shared\GIS\Data\Sharing\Data Download Portal\Sawyer Read.sde\vectorgis_prd.DBO.Planning\vectorgis_prd.DBO.CommunityDevelopmentBlockGrant,Description,-1,-1;Editor "Editor" true true false 50 Text 0 0 ,First,#,\\tempest\shared\GIS\Data\Sharing\Data Download Portal\Sawyer Read.sde\vectorgis_prd.DBO.Planning\vectorgis_prd.DBO.CommunityDevelopmentBlockGrant,Editor,-1,-1;DateModify "DateModify" true true false 8 Date 0 0 ,First,#,\\tempest\shared\GIS\Data\Sharing\Data Download Portal\Sawyer Read.sde\vectorgis_prd.DBO.Planning\vectorgis_prd.DBO.CommunityDevelopmentBlockGrant,DateModify,-1,-1;Shape_Length "Shape_Length" false true true 8 Double 0 0 ,First,#;Shape_Area "Shape_Area" false true true 8 Double 0 0 ,First,#" #</Process><Process ToolSource="C:\Program Files (x86)\ArcGIS\Desktop10.0\ArcToolbox\Toolboxes\Data Management Tools.tbx\CopyFeatures" Date="20140404" Time="155358">CopyFeatures "\\Tempest\Shared\GIS\Data\Sharing\Data Download Portal\Staging\Planning\PlanningGDB\Planning.gdb\CommunityDevelopmentBlockGrant" "\\tempest\shared\GIS\Data\Sharing\Data Download Portal\Staging\Planning\PlanningSHP\CommunityDevelopmentBlockGrant.shp" # 0 0 0</Process></lineage><itemProps><itemName Sync="TRUE">CommunityDevelopmentBlockGrant</itemName><imsContentType Sync="TRUE">002</imsContentType><itemLocation><linkage Sync="TRUE">file://\\tempest\shared\GIS\Data\Sharing\Data Download Portal\Staging\Planning\PlanningSHP\CommunityDevelopmentBlockGrant.shp</linkage><protocol Sync="TRUE">Local Area Network</protocol></itemLocation><itemSize Sync="TRUE">0.000</itemSize></itemProps><coordRef><type Sync="TRUE">Projected</type><geogcsn Sync="TRUE">GCS_North_American_1983</geogcsn><csUnits Sync="TRUE">Linear Unit: Foot_US (0.304801)</csUnits><projcsn Sync="TRUE">NAD_1983_StatePlane_Virginia_South_FIPS_4502_Feet</projcsn><peXml Sync="TRUE">&lt;ProjectedCoordinateSystem xsi:type='typens:ProjectedCoordinateSystem' xmlns:xsi='http://www.w3.org/2001/XMLSchema-instance' xmlns:xs='http://www.w3.org/2001/XMLSchema' xmlns:typens='http://www.esri.com/schemas/ArcGIS/10.0'&gt;&lt;WKT&gt;PROJCS[&amp;quot;NAD_1983_StatePlane_Virginia_South_FIPS_4502_Feet&amp;quot;,GEOGCS[&amp;quot;GCS_North_American_1983&amp;quot;,DATUM[&amp;quot;D_North_American_1983&amp;quot;,SPHEROID[&amp;quot;GRS_1980&amp;quot;,6378137.0,298.257222101]],PRIMEM[&amp;quot;Greenwich&amp;quot;,0.0],UNIT[&amp;quot;Degree&amp;quot;,0.0174532925199433]],PROJECTION[&amp;quot;Lambert_Conformal_Conic&amp;quot;],PARAMETER[&amp;quot;False_Easting&amp;quot;,11482916.66666666],PARAMETER[&amp;quot;False_Northing&amp;quot;,3280833.333333333],PARAMETER[&amp;quot;Central_Meridian&amp;quot;,-78.5],PARAMETER[&amp;quot;Standard_Parallel_1&amp;quot;,36.76666666666667],PARAMETER[&amp;quot;Standard_Parallel_2&amp;quot;,37.96666666666667],PARAMETER[&amp;quot;Latitude_Of_Origin&amp;quot;,36.33333333333334],UNIT[&amp;quot;Foot_US&amp;quot;,0.3048006096012192],AUTHORITY[&amp;quot;EPSG&amp;quot;,2284]]&lt;/WKT&gt;&lt;XOrigin&gt;-111140600&lt;/XOrigin&gt;&lt;YOrigin&gt;-91532100&lt;/YOrigin&gt;&lt;XYScale&gt;36727036.750856541&lt;/XYScale&gt;&lt;ZOrigin&gt;-100000&lt;/ZOrigin&gt;&lt;ZScale&gt;10000&lt;/ZScale&gt;&lt;MOrigin&gt;-100000&lt;/MOrigin&gt;&lt;MScale&gt;10000&lt;/MScale&gt;&lt;XYTolerance&gt;0.0032808333333333335&lt;/XYTolerance&gt;&lt;ZTolerance&gt;0.001&lt;/ZTolerance&gt;&lt;MTolerance&gt;0.001&lt;/MTolerance&gt;&lt;HighPrecision&gt;true&lt;/HighPrecision&gt;&lt;WKID&gt;2284&lt;/WKID&gt;&lt;/ProjectedCoordinateSystem&gt;</peXml></coordRef></DataProperties><ArcGISFormat>1.0</ArcGISFormat><ArcGISProfile>ItemDescription</ArcGISProfile></Esri><idinfo><native Sync="TRUE">Microsoft Windows 2000 Version 5.2 (Build 3790) Service Pack 2; ESRI ArcCatalog 9.3.1.1850</native><descript><langdata Sync="TRUE">en</langdata><abstract>REQUIRED: A brief narrative summary of the data set.</abstract><purpose>REQUIRED: A summary of the intentions with which the data set was developed.</purpose></descript><citation><citeinfo><origin>REQUIRED: The name of an organization or individual that developed the data set.</origin><pubdate>REQUIRED: The date when the data set is published or otherwise made available for release.</pubdate><title Sync="TRUE">VectorGIS_prd.DBO.DC_10_Tract</title><ftname Sync="TRUE">VectorGIS_prd.DBO.DC_10_Tract</ftname><geoform Sync="TRUE">vector digital data</geoform><onlink Sync="TRUE">Server=MURLOC; Service=SDE:SQLSERVER:MURLOC; Database=VectorGIS_prd; User=gisowner; Version=dbo.DEFAULT</onlink></citeinfo></citation><timeperd><current>REQUIRED: The basis on which the time period of content information is determined.</current><timeinfo><sngdate><caldate>REQUIRED: The year (and optionally month, or month and day) for which the data set corresponds to the ground.</caldate></sngdate></timeinfo></timeperd><status><progress>REQUIRED: The state of the data set.</progress><update>REQUIRED: The frequency with which changes and additions are made to the data set after the initial data set is completed.</update></status><spdom><bounding><westbc Sync="TRUE">REQUIRED: Western-most coordinate of the limit of coverage expressed in longitude.</westbc><eastbc Sync="TRUE">REQUIRED: Eastern-most coordinate of the limit of coverage expressed in longitude.</eastbc><northbc Sync="TRUE">REQUIRED: Northern-most coordinate of the limit of coverage expressed in latitude.</northbc><southbc Sync="TRUE">REQUIRED: Southern-most coordinate of the limit of coverage expressed in latitude.</southbc></bounding></spdom><keywords><theme><themekt>REQUIRED: Reference to a formally registered thesaurus or a similar authoritative source of theme keywords.</themekt><themekey>REQUIRED: Common-use word or phrase used to describe the subject of the data set.</themekey></theme></keywords><accconst>REQUIRED: Restrictions and legal prerequisites for accessing the data set.</accconst><useconst>REQUIRED: Restrictions and legal prerequisites for using the data set after access is granted.</useconst><natvform Sync="TRUE">SDE Feature Class</natvform></idinfo><dataIdInfo><envirDesc Sync="TRUE">Microsoft Windows 7 Version 6.1 (Build 7601) Service Pack 1; ESRI ArcGIS 10.0.5.4400</envirDesc><dataLang><languageCode Sync="TRUE" value="eng"/><countryCode value="USA" Sync="TRUE"/></dataLang><idCitation><resTitle Sync="TRUE">CommunityDevelopmentBlockGrant</resTitle><presForm><PresFormCd Sync="TRUE" value="005"/></presForm></idCitation><spatRpType><SpatRepTypCd Sync="TRUE" value="001"/></spatRpType><idPurp>Areas designated as a Historically Underutilized Business (HUB) Zone by the United States Small Business Administration.</idPurp><idCredit>November 5, 2012 - http://www.sba.gov/content/hubzone-maps</idCredit><searchKeys><keyword>HUB Zone</keyword><keyword>Historically Underutilized Business Zone</keyword><keyword>Economic Development</keyword></searchKeys><idAbs>&lt;DIV STYLE="text-align:Left;"&gt;&lt;DIV&gt;&lt;P&gt;&lt;SPAN&gt;The Historically Underutilized Business Zones (HUBZone) program was enacted into law as part of the Small Business Reauthorization Act of 1997 Download Adobe Reader to read this link content. The program falls under the auspices of the U.S. Small Business Administration. The program encourages economic development in historically underutilized business zones - "HUBZones" - through the establishment of preferences.&lt;/SPAN&gt;&lt;/P&gt;&lt;P&gt;&lt;SPAN&gt;SBA's HUBZone program is in line with the efforts of both the Administration and Congress to promote economic development and employment growth in distressed areas by providing access to more federal contracting opportunities.&lt;/SPAN&gt;&lt;/P&gt;&lt;/DIV&gt;&lt;/DIV&gt;</idAbs></dataIdInfo><metainfo><langmeta Sync="TRUE">en</langmeta><metstdn Sync="TRUE">FGDC Content Standards for Digital Geospatial Metadata</metstdn><metstdv Sync="TRUE">FGDC-STD-001-1998</metstdv><mettc Sync="TRUE">local time</mettc><metc><cntinfo><cntorgp><cntper>REQUIRED: The person responsible for the metadata information.</cntper><cntorg>REQUIRED: The organization responsible for the metadata information.</cntorg></cntorgp><cntaddr><addrtype>REQUIRED: The mailing and/or physical address for the organization or individual.</addrtype><city>REQUIRED: The city of the address.</city><state>REQUIRED: The state or province of the address.</state><postal>REQUIRED: The ZIP or other postal code of the address.</postal></cntaddr><cntvoice>REQUIRED: The telephone number by which individuals can speak to the organization or individual.</cntvoice></cntinfo></metc><metd Sync="TRUE">20111117</metd></metainfo><mdLang><languageCode Sync="TRUE" value="eng"/><countryCode value="USA" Sync="TRUE"/></mdLang><mdStanName Sync="TRUE">ISO 19115 Geographic Information - Metadata</mdStanName><mdStanVer Sync="TRUE">DIS_ESRI1.0</mdStanVer><mdChar><CharSetCd Sync="TRUE" value="004"/></mdChar><mdHrLv><ScopeCd Sync="TRUE" value="005"/></mdHrLv><mdHrLvName Sync="TRUE">dataset</mdHrLvName><distinfo><resdesc Sync="TRUE">Downloadable Data</resdesc></distinfo><distInfo><distributor><distorTran><onLineSrc><orDesc Sync="TRUE">002</orDesc><linkage Sync="TRUE">Server=MURLOC; Service=SDE:SQLSERVER:MURLOC; Database=VectorGIS_prd; User=gisowner; Version=dbo.DEFAULT</linkage><protocol Sync="TRUE">ArcSDE Connection</protocol></onLineSrc></distorTran><distorFormat><formatName Sync="TRUE">SDE Feature Class</formatName></distorFormat></distributor><distFormat><formatName Sync="TRUE">Shapefile</formatName></distFormat><distTranOps><transSize Sync="TRUE">0.000</transSize></distTranOps></distInfo><spdoinfo><direct Sync="TRUE">Vector</direct><ptvctinf><esriterm><efeatyp Sync="TRUE">Simple</efeatyp><efeageom code="4" Sync="TRUE"></efeageom><esritopo Sync="TRUE">FALSE</esritopo><efeacnt Sync="TRUE">0</efeacnt><spindex Sync="TRUE">FALSE</spindex><linrefer Sync="TRUE">FALSE</linrefer></esriterm></ptvctinf></spdoinfo><spref><horizsys><cordsysn><geogcsn Sync="TRUE">GCS_North_American_1983</geogcsn><projcsn Sync="TRUE">NAD_1983_StatePlane_Virginia_South_FIPS_4502_Feet</projcsn></cordsysn><planar><planci><plance Sync="TRUE">coordinate pair</plance><plandu Sync="TRUE">survey feet</plandu><coordrep><absres Sync="TRUE">0.000328</absres><ordres Sync="TRUE">0.000328</ordres></coordrep></planci></planar><geodetic><horizdn Sync="TRUE">North American Datum of 1983</horizdn><ellips Sync="TRUE">Geodetic Reference System 80</ellips><semiaxis Sync="TRUE">6378137.000000</semiaxis><denflat Sync="TRUE">298.257222</denflat></geodetic></horizsys><vertdef><altsys><altenc Sync="TRUE">Explicit elevation coordinate included with horizontal coordinates</altenc><altres Sync="TRUE">1.000000</altres></altsys></vertdef></spref><refSysInfo><RefSystem><refSysID><identCode Sync="TRUE" value="2284">NAD_1983_StatePlane_Virginia_South_FIPS_4502_Feet</identCode><idCodeSpace Sync="TRUE">EPSG</idCodeSpace><idVersion Sync="TRUE">7.4.1</idVersion></refSysID></RefSystem></refSysInfo><spatRepInfo><VectSpatRep><geometObjs Name="CommunityDevelopmentBlockGrant"><geoObjTyp><GeoObjTypCd value="002" Sync="TRUE"></GeoObjTypCd></geoObjTyp><geoObjCnt Sync="TRUE">0</geoObjCnt></geometObjs><topLvl><TopoLevCd value="001" Sync="TRUE"></TopoLevCd></topLvl></VectSpatRep></spatRepInfo><eainfo><detailed Name="CommunityDevelopmentBlockGrant"><enttyp><enttypl Sync="TRUE">CommunityDevelopmentBlockGrant</enttypl><enttypt Sync="TRUE">Feature Class</enttypt><enttypc Sync="TRUE">0</enttypc></enttyp><attr><attrlabl Sync="TRUE">FID</attrlabl><attalias Sync="TRUE">FID</attalias><attrtype Sync="TRUE">OID</attrtype><attwidth Sync="TRUE">4</attwidth><atprecis Sync="TRUE">0</atprecis><attscale Sync="TRUE">0</attscale><attrdef Sync="TRUE">Internal feature number.</attrdef><attrdefs Sync="TRUE">ESRI</attrdefs><attrdomv><udom Sync="TRUE">Sequential unique whole numbers that are automatically generated.</udom></attrdomv></attr><attr><attrlabl Sync="TRUE">Tract_ID</attrlabl><attalias Sync="TRUE">Tract_ID</attalias><attrtype Sync="TRUE">String</attrtype><attwidth Sync="TRUE">11</attwidth><atprecis Sync="TRUE">0</atprecis><attscale Sync="TRUE">0</attscale></attr><attr><attrlabl Sync="TRUE">Tract</attrlabl><attalias Sync="TRUE">Tract</attalias><attrtype Sync="TRUE">String</attrtype><attwidth Sync="TRUE">6</attwidth><atprecis Sync="TRUE">0</atprecis><attscale Sync="TRUE">0</attscale></attr><attr><attrlabl Sync="TRUE">Editor</attrlabl><attalias Sync="TRUE">Editor</attalias><attrtype Sync="TRUE">String</attrtype><attwidth Sync="TRUE">50</attwidth><atprecis Sync="TRUE">0</atprecis><attscale Sync="TRUE">0</attscale></attr><attr><attrlabl Sync="TRUE">Descriptio</attrlabl><attalias Sync="TRUE">Descriptio</attalias><attrtype Sync="TRUE">String</attrtype><attwidth Sync="TRUE">17</attwidth><atprecis Sync="TRUE">0</atprecis><attscale Sync="TRUE">0</attscale></attr><attr><attrlabl Sync="TRUE">DateModify</attrlabl><attalias Sync="TRUE">DateModify</attalias><attrtype Sync="TRUE">Date</attrtype><attwidth Sync="TRUE">8</attwidth><atprecis Sync="TRUE">0</atprecis><attscale Sync="TRUE">0</attscale></attr><attr><attrlabl Sync="TRUE">SHAPE</attrlabl><attalias Sync="TRUE">Shape</attalias><attrtype Sync="TRUE">Geometry</attrtype><attwidth Sync="TRUE">0</attwidth><atprecis Sync="TRUE">0</atprecis><attscale Sync="TRUE">0</attscale><attrdef Sync="TRUE">Feature geometry.</attrdef><attrdefs Sync="TRUE">ESRI</attrdefs><attrdomv><udom Sync="TRUE">Coordinates defining the features.</udom></attrdomv></attr><attr><attrlabl Sync="TRUE">Shape_Leng</attrlabl><attalias Sync="TRUE">Shape_Leng</attalias><attrtype Sync="TRUE">Double</attrtype><attwidth Sync="TRUE">19</attwidth><atprecis Sync="TRUE">0</atprecis><attscale Sync="TRUE">0</attscale></attr><attr><attrlabl Sync="TRUE">Shape_Area</attrlabl><attalias Sync="TRUE">Shape_Area</attalias><attrtype Sync="TRUE">Double</attrtype><attwidth Sync="TRUE">19</attwidth><atprecis Sync="TRUE">0</atprecis><attscale Sync="TRUE">0</attscale><attrdef Sync="TRUE">Area of feature in internal units squared.</attrdef><attrdefs Sync="TRUE">ESRI</attrdefs><attrdomv><udom Sync="TRUE">Positive real numbers that are automatically generated.</udom></attrdomv></attr></detailed></eainfo><mdDateSt Sync="TRUE">20140404</mdDateSt></metadata>
