<?xml version="1.0"?>
<!--<!DOCTYPE metadata SYSTEM "http://www.esri.com/metadata/esriprof80.dtd">-->
<metadata xml:lang="en"><Esri><CreaDate>20071129</CreaDate><CreaTime>21274600</CreaTime><SyncOnce>TRUE</SyncOnce><MetaID>{8C4249AA-C089-4A46-AC1B-BCADA8EF0827}</MetaID></Esri><idinfo><citation><citeinfo><onlink Sync="TRUE">\\JKLAPTOP\C$\Documents and Settings\Jacob\Desktop\EPAGIS\VAEGIS\Complete\Geographic\Nutrients\VA_AFOGeoPoint</onlink></citeinfo></citation></idinfo><distInfo><distributor><distorTran><onLineSrc><linkage Sync="TRUE">file://\\JKLAPTOP\C$\Documents and Settings\Jacob\Desktop\EPAGIS\VAEGIS\Complete\Geographic\Nutrients\VA_AFOGeoPoint</linkage><protocol Sync="TRUE">Local Area Network</protocol></onLineSrc></distorTran></distributor></distInfo><dataqual><lineage><procstep><procdesc Sync="TRUE">Dataset copied.</procdesc><srcused Sync="TRUE">C:\Documents and Settings\Jacob\Desktop\EPAGIS\VAEGIS\Nutrients\VA_AFOGeoPoint</srcused><date Sync="TRUE">20071129</date><time Sync="TRUE">21274600</time></procstep></lineage></dataqual></metadata>
