<?xml version="1.0"?>
<!--<!DOCTYPE metadata SYSTEM "http://www.esri.com/metadata/esriprof80.dtd">-->
<metadata xml:lang="en"><Esri><CreaDate>20071129</CreaDate><CreaTime>21274600</CreaTime><SyncOnce>TRUE</SyncOnce><MetaID>{6A4AFA09-6AAB-41DB-B120-BEBD1BD3D024}</MetaID></Esri><idinfo><citation><citeinfo><onlink Sync="TRUE">\\JKLAPTOP\C$\Documents and Settings\Jacob\Desktop\EPAGIS\VAEGIS\Complete\Geographic\Nutrients\VASodGeo</onlink></citeinfo></citation></idinfo><distInfo><distributor><distorTran><onLineSrc><linkage Sync="TRUE">file://\\JKLAPTOP\C$\Documents and Settings\Jacob\Desktop\EPAGIS\VAEGIS\Complete\Geographic\Nutrients\VASodGeo</linkage><protocol Sync="TRUE">Local Area Network</protocol></onLineSrc></distorTran></distributor></distInfo><dataqual><lineage><procstep><procdesc Sync="TRUE">Dataset copied.</procdesc><srcused Sync="TRUE">C:\Documents and Settings\Jacob\Desktop\EPAGIS\VAEGIS\Nutrients\VASodGeo</srcused><date Sync="TRUE">20071129</date><time Sync="TRUE">21274600</time></procstep></lineage></dataqual></metadata>
