<?xml version="1.0" encoding="UTF-8"?>
<metadata><idinfo><citation><citeinfo><origin>Sloan, Jan</origin><origin>Henry, Christopher D.</origin><origin>Hopkins, Melanie</origin><origin>Ludington, Stephen D.</origin><origin>Zartman, Robert E.</origin><origin>Bush, Charles A.</origin><origin>Abston, Carl</origin><title>National Geochronological Database</title><pubdate>2003</pubdate><geoform>relational database</geoform><serinfo><sername>Open-File Report</sername><issue>03-236</issue></serinfo><pubinfo><pubplace>Menlo Park, California</pubplace><publish>U.S. Geological Survey</publish></pubinfo><onlink>http://mrdata.usgs.gov/geochron/</onlink></citeinfo></citation><descript><abstract>Radiometric ages of geological materials by K-Ar, Rb-Sr, Sm-Nd, fission track, and U-Th-Pb dating methods.  A revision of DDS-14 correcting locations and providing the data in more convenient formats.</abstract><purpose>This database is a minor revision of DDS-14, with some corrections.</purpose></descript><timeperd><timeinfo><mdattim><sngdate><caldate>1995</caldate></sngdate><sngdate><caldate>2003</caldate></sngdate></mdattim></timeinfo><current>Publication dates of the initial database (DDS-14) and the revision (OFR 2003-236).</current></timeperd><status><progress>Complete</progress><update>As needed</update></status><spdom><bounding><westbc>-79.896667</westbc><eastbc>-79.896667</eastbc><northbc>36.695</northbc><southbc>36.695</southbc></bounding></spdom><accconst>none</accconst><useconst>none</useconst><keywords><place><placekt>Common geographic areas thesaurus</placekt><placekey>fUS01 = Alabama</placekey><placekey>fUS02 = Alaska</placekey><placekey>fUS04 = Arizona</placekey><placekey>fUS05 = Arkansas</placekey><placekey>fUS06 = California</placekey><placekey>fUS08 = Colorado</placekey><placekey>fUS09 = Connecticut</placekey><placekey>fUS10 = Delaware</placekey><placekey>fUS12 = Florida</placekey><placekey>fUS13 = Georgia</placekey><placekey>fUS16 = Idaho</placekey><placekey>fUS17 = Illinois</placekey><placekey>fUS18 = Indiana</placekey><placekey>fUS19 = Iowa</placekey><placekey>fUS20 = Kansas</placekey><placekey>fUS21 = Kentucky</placekey><placekey>fUS22 = Louisiana</placekey><placekey>fUS23 = Maine</placekey><placekey>fUS24 = Maryland</placekey><placekey>fUS25 = Massachusetts</placekey><placekey>fUS26 = Michigan</placekey><placekey>fUS27 = Minnesota</placekey><placekey>fUS28 = Mississippi</placekey><placekey>fUS29 = Missouri</placekey><placekey>fUS30 = Montana</placekey><placekey>fUS31 = Nebraska</placekey><placekey>fUS32 = Nevada</placekey><placekey>fUS33 = New Hampshire</placekey><placekey>fUS34 = New Jersey</placekey><placekey>fUS35 = New Mexico</placekey><placekey>fUS36 = New York</placekey><placekey>fUS37 = North Carolina</placekey><placekey>fUS38 = North Dakota</placekey><placekey>fUS39 = Ohio</placekey><placekey>fUS40 = Oklahoma</placekey><placekey>fUS41 = Oregon</placekey><placekey>fUS42 = Pennsylvania</placekey><placekey>fUS44 = Rhode Island</placekey><placekey>fUS45 = South Carolina</placekey><placekey>fUS46 = South Dakota</placekey><placekey>fUS47 = Tennessee</placekey><placekey>fUS48 = Texas</placekey><placekey>fUS49 = Utah</placekey><placekey>fUS50 = Vermont</placekey><placekey>fUS51 = Virginia</placekey><placekey>fUS53 = Washington</placekey><placekey>fUS54 = West Virginia</placekey><placekey>fUS55 = Wisconsin</placekey><placekey>fUS56 = Wyoming</placekey></place><theme><themekt>General glossary for mineral resources spatial data</themekt><themekey>comma-delimited text</themekey><themekey>KML</themekey><themekey>shapefile</themekey><themekey>tab-delimited text</themekey></theme><theme><themekt>USGS Thesaurus</themekt><themekey>geochronology</themekey><themekey>geologic history</themekey><themekey>potassium-argon analysis</themekey><themekey>rubidium-strontium analysis</themekey><themekey>uranium-lead analysis</themekey><themekey>uranium-thorium analysis</themekey></theme><theme><themekt>NGDA Portfolio Themes</themekt><themekey>Geology</themekey></theme><place><placekt>Augmented FIPS 10-4 and FIPS 6-4</placekt><placekey>f51089 = Henry</placekey></place></keywords><browse><browsen>http://mrdata.usgs.gov/geochron/ofr-2003-236.png</browsen><browsed>Sample locations in the conterminous United States, (768 x 512 pixels)</browsed><browset>PNG</browset></browse></idinfo><dataqual><lineage><srcinfo><srccite><citeinfo><origin>Zartman, Robert E.</origin><origin>Bush, Charles A.</origin><origin>Abston, C. C.</origin><pubdate>1995</pubdate><title>National geochronological and natural radioelement data bases</title><serinfo><sername>Data Series</sername><issue>14</issue></serinfo><pubinfo><publish>U.S. Geological Survey</publish><pubplace>Denver, Colorado</pubplace></pubinfo></citeinfo></srccite><typesrc>digital files on CD-ROM</typesrc><srctime><timeinfo><sngdate><caldate>1995</caldate></sngdate></timeinfo><srccurr>publication date</srccurr></srctime><srccitea>DDS-14</srccitea><srccontr>Original database used by compilers of OFR-2003-236; corrections
to some of the data are described at
http://geopubs.wr.usgs.gov/open-file/of03-236/</srccontr></srcinfo><procstep><procdesc>Copied information from OFR 2003-236, added documentation,
reformatted, and in some cases eliminated duplication, eliminated
explicit uninformative values (for example "Unk" in many fields).
Created specialized interfaces and report formats as well as web
services and download packages.</procdesc><procdate>20111221</procdate><proccont><cntinfo><cntperp><cntper>Peter N Schweitzer</cntper><cntorg>USGS ER GD</cntorg></cntperp><cntpos>Geologist</cntpos><cntaddr><addrtype>mailing address</addrtype><address>12201 Sunrise Valley Drive</address><city>Reston</city><state>VA</state><postal>20192-0002</postal><country>USA</country></cntaddr><cntvoice>703-648-6533</cntvoice><cntfax>703-648-6252</cntfax><cntemail>pschweitzer@usgs.gov</cntemail></cntinfo></proccont></procstep></lineage></dataqual><spdoinfo><direct>Point</direct><ptvctinf><sdtsterm><sdtstype>Entity point</sdtstype><ptvctcnt>18576</ptvctcnt></sdtsterm></ptvctinf></spdoinfo><spref><horizsys><geograph><geogunit>decimal degrees</geogunit></geograph><geodetic><horizdn>North American Datum of 1927</horizdn><ellips>Clarke 1866</ellips><semiaxis>6378206.4</semiaxis><denflat>294.98</denflat></geodetic></horizsys></spref><eainfo><detailed><enttyp><enttypl>main</enttypl><enttypd>Sample locations and characteristics</enttypd></enttyp><attr><attrlabl>recno</attrlabl><attrdef>Record ID.
Sample identifier, links site description with analytical results.
Integer values.
Int of width 5.</attrdef><attrdomv><rdom><rdommin>1</rdommin><rdommax>18669</rdommax><attrmres>1</attrmres></rdom></attrdomv></attr><attr><attrlabl>longitude</attrlabl><attrdef>Geographic longitude.
Geographic longitude in decimal degrees, NAD27.
Real numbers stored in double precision.</attrdef><attrdomv><edom><edomv>(no value)</edomv><edomvd>Information not available for this record.
28 records have no value for longitude.</edomvd></edom></attrdomv><attrdomv><rdom><rdommin>-179.119444</rdommin><rdommax>-67.021389</rdommax></rdom></attrdomv></attr><attr><attrlabl>latitude</attrlabl><attrdef>Geographic latitude.
Geographic latitide in decimal degrees, NAD27.
Real numbers stored in double precision.</attrdef><attrdomv><edom><edomv>(no value)</edomv><edomvd>Information not available for this record.
28 records have no value for latitude.</edomvd></edom></attrdomv><attrdomv><rdom><rdommin>26.5625</rdommin><rdommax>71</rdommax></rdom></attrdomv></attr><attr><attrlabl>longdeg</attrlabl><attrdef>Longitude degrees.
Degrees of longitude, NAD27.
Integer values.
Int of width 5.</attrdef><attrdomv><edom><edomv>(no value)</edomv><edomvd>Information not available for this record.
28 records have no value for longdeg.</edomvd></edom></attrdomv><attrdomv><rdom><rdommin>67</rdommin><rdommax>179</rdommax><attrmres>1</attrmres></rdom></attrdomv></attr><attr><attrlabl>longmin</attrlabl><attrdef>Longitude minutes.
Minutes of longitude, NAD27.
Integer values.
Int of width 5.</attrdef><attrdomv><edom><edomv>(no value)</edomv><edomvd>Information not available for this record.
30 records have no value for longmin.</edomvd></edom></attrdomv><attrdomv><rdom><rdommin>0</rdommin><rdommax>59</rdommax><attrmres>1</attrmres></rdom></attrdomv></attr><attr><attrlabl>longsec</attrlabl><attrdef>Longitude seconds.
Seconds of longitude, NAD27.
Integer values.
Int of width 5.</attrdef><attrdomv><edom><edomv>(no value)</edomv><edomvd>Information not available for this record.
30 records have no value for longsec.</edomvd></edom></attrdomv><attrdomv><rdom><rdommin>0</rdommin><rdommax>60</rdommax><attrmres>1</attrmres></rdom></attrdomv></attr><attr><attrlabl>west</attrlabl><attrdef>Longitude hemisphere.
Hemisphere of longitude, E or W.
Textual values of no more than 1 characters.</attrdef><attrdomv><edom><edomv>(no value)</edomv><edomvd>Information not available for this record.
29 records have no value for west.</edomvd></edom></attrdomv></attr><attr><attrlabl>latdeg</attrlabl><attrdef>Latitude degrees.
Degrees of latitude, NAD27.
Integer values.
Int of width 5.</attrdef><attrdomv><edom><edomv>(no value)</edomv><edomvd>Information not available for this record.
28 records have no value for latdeg.</edomvd></edom></attrdomv><attrdomv><rdom><rdommin>25</rdommin><rdommax>71</rdommax><attrmres>1</attrmres></rdom></attrdomv></attr><attr><attrlabl>latmin</attrlabl><attrdef>Latitude minutes.
Minutes of latitude, NAD27.
Integer values.
Int of width 5.</attrdef><attrdomv><edom><edomv>(no value)</edomv><edomvd>Information not available for this record.
31 records have no value for latmin.</edomvd></edom></attrdomv><attrdomv><rdom><rdommin>0</rdommin><rdommax>60</rdommax><attrmres>1</attrmres></rdom></attrdomv></attr><attr><attrlabl>latsec</attrlabl><attrdef>Latitude seconds.
Seconds of latitude, NAD27.
Integer values.
Int of width 5.</attrdef><attrdomv><edom><edomv>(no value)</edomv><edomvd>Information not available for this record.
30 records have no value for latsec.</edomvd></edom></attrdomv><attrdomv><rdom><rdommin>0</rdommin><rdommax>60</rdommax><attrmres>1</attrmres></rdom></attrdomv></attr><attr><attrlabl>north</attrlabl><attrdef>Latitude hemisphere.
Hemisphere of latitude, N or S.
Textual values of no more than 1 characters.</attrdef><attrdomv><edom><edomv>(no value)</edomv><edomvd>Information not available for this record.
29 records have no value for north.</edomvd></edom></attrdomv></attr><attr><attrlabl>country</attrlabl><attrdef>Country.
Country of site (US).
Textual values of no more than 2 characters.</attrdef></attr><attr><attrlabl>state</attrlabl><attrdef>State or province.
State two letter postal abbreviation.
Textual values of no more than 2 characters.</attrdef></attr><attr><attrlabl>county</attrlabl><attrdef>County.
County name, occasionally more than one name is given.
Textual values of no more than 35 characters.</attrdef><attrdomv><edom><edomv>(no value)</edomv><edomvd>Information not available for this record.
628 records have no value for county.</edomvd></edom></attrdomv></attr><attr><attrlabl>quadscale</attrlabl><attrdef>Quadrangle map scale.
Map quadrangle scale.
Textual values of no more than 9 characters.</attrdef><attrdomv><edom><edomv>(no value)</edomv><edomvd>Information not available for this record.
63 records have no value for quadscale.</edomvd></edom></attrdomv></attr><attr><attrlabl>quadname</attrlabl><attrdef>Quadrangle map name.
Map quadrangle name.
Textual values of no more than 69 characters.</attrdef><attrdomv><edom><edomv>(no value)</edomv><edomvd>Information not available for this record.
117 records have no value for quadname.</edomvd></edom></attrdomv></attr><attr><attrlabl>sampsour</attrlabl><attrdef>Source of sample.
General type of material sampled or geographic feature from which the
sample was taken.
Textual values of no more than 38 characters.</attrdef><attrdomv><edom><edomv>(no value)</edomv><edomvd>Information not available for this record.
371 records have no value for sampsour.</edomvd></edom></attrdomv></attr><attr><attrlabl>rockname</attrlabl><attrdef>Rock name.
Lithologic terms describing the sample.
Textual values of no more than 35 characters.</attrdef><attrdomv><edom><edomv>(no value)</edomv><edomvd>Information not available for this record.
3 records have no value for rockname.</edomvd></edom></attrdomv></attr><attr><attrlabl>descrip</attrlabl><attrdef>Description.
Further description of the sampled material, often includes a geologic
unit or structural element within the unit.
Textual values of no more than 257 characters.</attrdef><attrdomv><edom><edomv>(no value)</edomv><edomvd>Information not available for this record.
2385 records have no value for descrip.</edomvd></edom></attrdomv></attr><attr><attrlabl>labs</attrlabl><attrdef>Laboratories.
Organizations whose laboratories provided the analyses.
Textual values of no more than 107 characters.</attrdef><attrdomv><edom><edomv>(no value)</edomv><edomvd>Information not available for this record.
729 records have no value for labs.</edomvd></edom></attrdomv></attr><attr><attrlabl>compiled</attrlabl><attrdef>Compiler name.
Name of the person who compiled the data.
Textual values of no more than 17 characters.</attrdef></attr><attr><attrlabl>datecomp</attrlabl><attrdef>Date compiled.
Date record information was compiled, as year and month formatted as
YYYY MM.
Textual values of no more than 6 characters.</attrdef></attr><attr><attrlabl>locprec</attrlabl><attrdef>Precision of location.
Comments on the precision of the location given.
Textual values of no more than 65 characters.</attrdef></attr><attr><attrlabl>loccomm</attrlabl><attrdef>Location comment.
General comments on the location given.
Textual values of no more than 255 characters.</attrdef><attrdomv><edom><edomv>(no value)</edomv><edomvd>Information not available for this record.
2773 records have no value for loccomm.</edomvd></edom></attrdomv></attr><attr><attrlabl>ref</attrlabl><attrdef>Reference.
Primary bibliographic reference in which the dates were published.
Textual values of no more than 469 characters.</attrdef><attrdomv><edom><edomv>(no value)</edomv><edomvd>Information not available for this record.
2 records have no value for ref.</edomvd></edom></attrdomv></attr><attr><attrlabl>ref2</attrlabl><attrdef>Reference addition.
Additional text of the bibliographic reference.
Textual values of no more than 237 characters.</attrdef><attrdomv><edom><edomv>(no value)</edomv><edomvd>Information not available for this record.
17856 records have no value for ref2.</edomvd></edom></attrdomv></attr></detailed><detailed><enttyp><enttypl>FT</enttypl><enttypd>Fission track dating results, observations, and parameters</enttypd></enttyp><attr><attrlabl>recno</attrlabl><attrdef>Record ID.
Sample identifier, a value of main:recno.
Integer values.
Int of width 5.</attrdef><attrdomv><rdom><rdommin>1</rdommin><rdommax>18669</rdommax><attrmres>1</attrmres></rdom></attrdomv></attr><attr><attrlabl>ftrecno</attrlabl><attrdef>Analysis ID.
Sequence number, for this sample, of this analysis.
Integer values.
Int of width 5.</attrdef><attrdomv><rdom><rdommin>1</rdommin><rdommax>5</rdommax><attrmres>1</attrmres></rdom></attrdomv></attr><attr><attrlabl>ftage</attrlabl><attrdef>Calculated age.
Age estimate in millions of years.
Real numbers stored in double precision.</attrdef><attrdomv><edom><edomv>(no value)</edomv><edomvd>Information not available for this record.
21 records have no value for ftage.</edomvd></edom></attrdomv><attrdomv><rdom><rdommin>0.02</rdommin><rdommax>2346</rdommax></rdom></attrdomv></attr><attr><attrlabl>fterr</attrlabl><attrdef>Age uncertainty.
Uncertainty of the age estimate attributable to the analytical method,
in millions of years.
Real numbers stored in double precision.</attrdef><attrdomv><edom><edomv>(no value)</edomv><edomvd>Information not available for this record.
189 records have no value for fterr.</edomvd></edom></attrdomv><attrdomv><rdom><rdommin>0.04</rdommin><rdommax>1000</rdommax></rdom></attrdomv></attr><attr><attrlabl>ftmin</attrlabl><attrdef>Rock or mineral analyzed.
Rock or mineral analyzed.
Textual values of no more than 12 characters.</attrdef><attrdomv><edom><edomv>(no value)</edomv><edomvd>Information not available for this record.
11 records have no value for ftmin.</edomvd></edom></attrdomv></attr><attr><attrlabl>ftlabno</attrlabl><attrdef>Lab sample ID.
Identifier for this analysis assigned by the laboratory.
Textual values of no more than 27 characters.</attrdef><attrdomv><edom><edomv>(no value)</edomv><edomvd>Information not available for this record.
9 records have no value for ftlabno.</edomvd></edom></attrdomv></attr><attr><attrlabl>ftdeccon</attrlabl><attrdef>Decay constants.
Radioactive decay constants used in calculations.
Textual values of no more than 9 characters.</attrdef><attrdomv><edom><edomv>(no value)</edomv><edomvd>Information not available for this record.
547 records have no value for ftdeccon.</edomvd></edom></attrdomv></attr><attr><attrlabl>trackdens</attrlabl><attrdef>Track density.
Track density (count per square cm).
Real numbers stored in double precision.</attrdef><attrdomv><edom><edomv>(no value)</edomv><edomvd>Information not available for this record.
372 records have no value for trackdens.</edomvd></edom></attrdomv><attrdomv><rdom><rdommin>0</rdommin><rdommax>1123</rdommax></rdom></attrdomv></attr><attr><attrlabl>fosstrack</attrlabl><attrdef>Fossil tracks counted.
Fossil track density (count per square cm).
Integer values.
Int of width 5.</attrdef><attrdomv><edom><edomv>(no value)</edomv><edomvd>Information not available for this record.
435 records have no value for fosstrack.</edomvd></edom></attrdomv><attrdomv><rdom><rdommin>1</rdommin><rdommax>4152</rdommax><attrmres>1</attrmres></rdom></attrdomv></attr><attr><attrlabl>indudens</attrlabl><attrdef>Induced track density.
Induced track density (count per square cm).
Real numbers stored in double precision.</attrdef><attrdomv><edom><edomv>(no value)</edomv><edomvd>Information not available for this record.
372 records have no value for indudens.</edomvd></edom></attrdomv><attrdomv><rdom><rdommin>0.0072</rdommin><rdommax>1479</rdommax></rdom></attrdomv></attr><attr><attrlabl>indutrack</attrlabl><attrdef>Induced tracks.
Induced tracks counted.
Integer values.
Int of width 5.</attrdef><attrdomv><edom><edomv>(no value)</edomv><edomvd>Information not available for this record.
437 records have no value for indutrack.</edomvd></edom></attrdomv><attrdomv><rdom><rdommin>1</rdommin><rdommax>10073</rdommax><attrmres>1</attrmres></rdom></attrdomv></attr><attr><attrlabl>ratiotrack</attrlabl><attrdef>Ratio of total to induced tracks.
Ratio of spontaneous to induced tracks.
Real numbers stored in double precision.</attrdef><attrdomv><edom><edomv>(no value)</edomv><edomvd>Information not available for this record.
1277 records have no value for ratiotrack.</edomvd></edom></attrdomv><attrdomv><rdom><rdommin>0.0083</rdommin><rdommax>20.874</rdommax></rdom></attrdomv></attr><attr><attrlabl>neutflux</attrlabl><attrdef>Neutron flux density.
Thermal neutron flux used in irradiation (neutrons per square cm).
Real numbers stored in double precision.</attrdef><attrdomv><edom><edomv>(no value)</edomv><edomvd>Information not available for this record.
293 records have no value for neutflux.</edomvd></edom></attrdomv><attrdomv><rdom><rdommin>0.122</rdommin><rdommax>8.8</rdommax></rdom></attrdomv></attr><attr><attrlabl>ft_u_ppm</attrlabl><attrdef>Uranium concentration.
Total uranium concentration in the sample, in parts per million by
weight.
Textual values of no more than 8 characters.</attrdef><attrdomv><edom><edomv>(no value)</edomv><edomvd>Information not available for this record.
986 records have no value for ft_u_ppm.</edomvd></edom></attrdomv></attr><attr><attrlabl>addref</attrlabl><attrdef>Bibliographic references.
Additional bibliographic reference information for this analysis.
Textual values of no more than 29 characters.</attrdef><attrdomv><edom><edomv>(no value)</edomv><edomvd>Information not available for this record.
1391 records have no value for addref.</edomvd></edom></attrdomv></attr><attr><attrlabl>ftagecom</attrlabl><attrdef>Age comments.
Comments on the age estimate, typically provides context for the age.
Textual values of no more than 134 characters.</attrdef><attrdomv><edom><edomv>(no value)</edomv><edomvd>Information not available for this record.
404 records have no value for ftagecom.</edomvd></edom></attrdomv></attr><attr><attrlabl>ftsampcom</attrlabl><attrdef>Sample comments.
Comments on the sample analyzed.
Textual values of no more than 75 characters.</attrdef><attrdomv><edom><edomv>(no value)</edomv><edomvd>Information not available for this record.
963 records have no value for ftsampcom.</edomvd></edom></attrdomv></attr><attr><attrlabl>ftanalcom</attrlabl><attrdef>Analytical comments.
Comments on the analytic method used.
Textual values of no more than 134 characters.</attrdef><attrdomv><edom><edomv>(no value)</edomv><edomvd>Information not available for this record.
1140 records have no value for ftanalcom.</edomvd></edom></attrdomv></attr><attr><attrlabl>ftothcom</attrlabl><attrdef>Other comments.
Other comments pertinent to this analysis.
Textual values of no more than 255 characters.</attrdef><attrdomv><edom><edomv>(no value)</edomv><edomvd>Information not available for this record.
811 records have no value for ftothcom.</edomvd></edom></attrdomv></attr></detailed><detailed><enttyp><enttypl>K_Ar</enttypl><enttypd>Potassium-Argon and Argon-Argon radiometric age results, observations, and parameters</enttypd></enttyp><attr><attrlabl>recno</attrlabl><attrdef>Record ID.
Sample identifier, a value of main:recno.
Integer values.
Int of width 5.</attrdef><attrdomv><rdom><rdommin>1</rdommin><rdommax>18669</rdommax><attrmres>1</attrmres></rdom></attrdomv></attr><attr><attrlabl>karrecno</attrlabl><attrdef>Analysis ID.
Sequence number, for this sample, of this analysis.
Integer values.
Int of width 5.</attrdef><attrdomv><rdom><rdommin>1</rdommin><rdommax>6</rdommax><attrmres>1</attrmres></rdom></attrdomv></attr><attr><attrlabl>karage</attrlabl><attrdef>Calculated age.
Age estimate in millions of years.
Real numbers stored in double precision.</attrdef><attrdomv><edom><edomv>(no value)</edomv><edomvd>Information not available for this record.
70 records have no value for karage.</edomvd></edom></attrdomv><attrdomv><rdom><rdommin>-0.09</rdommin><rdommax>6882.45</rdommax></rdom></attrdomv></attr><attr><attrlabl>karerr</attrlabl><attrdef>Age uncertainty.
Uncertainty of the age estimate attributable to the analytical method,
in millions of years.
Real numbers stored in double precision.</attrdef><attrdomv><edom><edomv>(no value)</edomv><edomvd>Information not available for this record.
1752 records have no value for karerr.</edomvd></edom></attrdomv><attrdomv><rdom><rdommin>0</rdommin><rdommax>940</rdommax></rdom></attrdomv></attr><attr><attrlabl>karmin</attrlabl><attrdef>Rock or mineral analyzed.
Rock or mineral analyzed.
Textual values of no more than 47 characters.</attrdef><attrdomv><edom><edomv>(no value)</edomv><edomvd>Information not available for this record.
127 records have no value for karmin.</edomvd></edom></attrdomv></attr><attr><attrlabl>karanaltype</attrlabl><attrdef>Type of analysis.
Specific type of analytic method used.
Textual values of no more than 46 characters.</attrdef><attrdomv><edom><edomv>(no value)</edomv><edomvd>Information not available for this record.
83 records have no value for karanaltype.</edomvd></edom></attrdomv></attr><attr><attrlabl>karlabno</attrlabl><attrdef>Lab sample ID.
Identifier for this analysis assigned by the laboratory.
Textual values of no more than 34 characters.</attrdef><attrdomv><edom><edomv>(no value)</edomv><edomvd>Information not available for this record.
10 records have no value for karlabno.</edomvd></edom></attrdomv></attr><attr><attrlabl>kardeccon</attrlabl><attrdef>Decay constants.
Radioactive decay constants used in calculations.
Textual values of no more than 36 characters.</attrdef><attrdomv><edom><edomv>(no value)</edomv><edomvd>Information not available for this record.
5 records have no value for kardeccon.</edomvd></edom></attrdomv></attr><attr><attrlabl>k2opct</attrlabl><attrdef>K2O concentration.
Potash concentration as weight percent of the sample.
Real numbers stored in double precision.</attrdef><attrdomv><edom><edomv>(no value)</edomv><edomvd>Information not available for this record.
2562 records have no value for k2opct.</edomvd></edom></attrdomv><attrdomv><rdom><rdommin>0</rdommin><rdommax>23233</rdommax></rdom></attrdomv></attr><attr><attrlabl>40arrad</attrlabl><attrdef>Radiogenic argon-40 concentration.
Concentration of radiogenic 40Ar.
Real numbers stored in double precision.</attrdef><attrdomv><edom><edomv>(no value)</edomv><edomvd>Information not available for this record.
2622 records have no value for 40arrad.</edomvd></edom></attrdomv><attrdomv><rdom><rdommin>-0.0063</rdommin><rdommax>2453</rdommax></rdom></attrdomv></attr><attr><attrlabl>pctradar</attrlabl><attrdef>Percent radiogenic argon.
Percent of argon that is radiogenic.
Integer values.
Int of width 8.</attrdef><attrdomv><edom><edomv>(no value)</edomv><edomvd>Information not available for this record.
2194 records have no value for pctradar.</edomvd></edom></attrdomv><attrdomv><rdom><rdommin>0</rdommin><rdommax>86868787</rdommax><attrmres>1</attrmres></rdom></attrdomv></attr><attr><attrlabl>sampsuit</attrlabl><attrdef>Sample suite number.
Group identifier of related samples.
Integer values.
Int of width 5.</attrdef><attrdomv><edom><edomv>(no value)</edomv><edomvd>Information not available for this record.
14168 records have no value for sampsuit.</edomvd></edom></attrdomv><attrdomv><rdom><rdommin>7</rdommin><rdommax>641</rdommax><attrmres>1</attrmres></rdom></attrdomv></attr><attr><attrlabl>addref</attrlabl><attrdef>Bibliographic references.
Additional bibliographic reference information for this analysis.
Textual values of no more than 51 characters.</attrdef><attrdomv><edom><edomv>(no value)</edomv><edomvd>Information not available for this record.
1391 records have no value for addref.</edomvd></edom></attrdomv></attr><attr><attrlabl>karcomm</attrlabl><attrdef>Age comments.
Comments on the age estimate, typically provides context for the age.
Textual values of no more than 90 characters.</attrdef><attrdomv><edom><edomv>(no value)</edomv><edomvd>Information not available for this record.
2806 records have no value for karcomm.</edomvd></edom></attrdomv></attr><attr><attrlabl>karsampcom</attrlabl><attrdef>Sample comments.
Comments on the sample analyzed.
Textual values of no more than 162 characters.</attrdef><attrdomv><edom><edomv>(no value)</edomv><edomvd>Information not available for this record.
11619 records have no value for karsampcom.</edomvd></edom></attrdomv></attr><attr><attrlabl>karanalcom</attrlabl><attrdef>Analytical comments.
Comments on the analytic method used.
Textual values of no more than 255 characters.</attrdef><attrdomv><edom><edomv>(no value)</edomv><edomvd>Information not available for this record.
7491 records have no value for karanalcom.</edomvd></edom></attrdomv></attr><attr><attrlabl>karothrcom</attrlabl><attrdef>Other comments.
Other comments pertinent to this analysis.
Textual values of no more than 373 characters.</attrdef><attrdomv><edom><edomv>(no value)</edomv><edomvd>Information not available for this record.
10041 records have no value for karothrcom.</edomvd></edom></attrdomv></attr></detailed><detailed><enttyp><enttypl>Rb_Sr</enttypl><enttypd>Rubidium-Strontium radiometric dating results, observations, and parameters</enttypd></enttyp><attr><attrlabl>recno</attrlabl><attrdef>Record ID.
Sample identifier, a value of main:recno.
Integer values.
Int of width 5.</attrdef><attrdomv><rdom><rdommin>1</rdommin><rdommax>18669</rdommax><attrmres>1</attrmres></rdom></attrdomv></attr><attr><attrlabl>rbsrrecno</attrlabl><attrdef>Analysis ID.
Sequence number, for this sample, of this analysis.
Integer values.
Int of width 5.</attrdef><attrdomv><rdom><rdommin>1</rdommin><rdommax>24</rdommax><attrmres>1</attrmres></rdom></attrdomv></attr><attr><attrlabl>rbsrage</attrlabl><attrdef>Calculated age.
Age estimate in millions of years.
Real numbers stored in double precision.</attrdef><attrdomv><edom><edomv>(no value)</edomv><edomvd>Information not available for this record.
991 records have no value for rbsrage.</edomvd></edom></attrdomv><attrdomv><rdom><rdommin>0.71</rdommin><rdommax>7394.61</rdommax></rdom></attrdomv></attr><attr><attrlabl>rbsrerr</attrlabl><attrdef>Age uncertainty.
Uncertainty of the age estimate attributable to the analytical method,
in millions of years.
Real numbers stored in double precision.</attrdef><attrdomv><edom><edomv>(no value)</edomv><edomvd>Information not available for this record.
2299 records have no value for rbsrerr.</edomvd></edom></attrdomv><attrdomv><rdom><rdommin>0.1</rdommin><rdommax>560</rdommax></rdom></attrdomv></attr><attr><attrlabl>87_86init</attrlabl><attrdef>Initial 87Sr/86Sr.
Initial ratio of 87Sr to 86Sr in the sampled material.
Real numbers stored in double precision.</attrdef><attrdomv><edom><edomv>(no value)</edomv><edomvd>Information not available for this record.
1688 records have no value for 87_86init.</edomvd></edom></attrdomv><attrdomv><rdom><rdommin>0.1037</rdommin><rdommax>124.2</rdommax></rdom></attrdomv></attr><attr><attrlabl>rbsrmin</attrlabl><attrdef>Rock or mineral analyzed.
Rock or mineral analyzed.
Textual values of no more than 46 characters.</attrdef><attrdomv><edom><edomv>(no value)</edomv><edomvd>Information not available for this record.
26 records have no value for rbsrmin.</edomvd></edom></attrdomv></attr><attr><attrlabl>rbsranltyp</attrlabl><attrdef>Type of analysis.
Specific type of analytic method used.
Textual values of no more than 49 characters.</attrdef><attrdomv><edom><edomv>(no value)</edomv><edomvd>Information not available for this record.
923 records have no value for rbsranltyp.</edomvd></edom></attrdomv></attr><attr><attrlabl>rbsrlabno</attrlabl><attrdef>Analysis ID.
Identifier for this analysis assigned by the laboratory.
Textual values of no more than 23 characters.</attrdef><attrdomv><edom><edomv>(no value)</edomv><edomvd>Information not available for this record.
5 records have no value for rbsrlabno.</edomvd></edom></attrdomv></attr><attr><attrlabl>rbsrdeccon</attrlabl><attrdef>Decay constants.
Radioactive decay constants used in calculations.
Textual values of no more than 21 characters.</attrdef><attrdomv><edom><edomv>(no value)</edomv><edomvd>Information not available for this record.
35 records have no value for rbsrdeccon.</edomvd></edom></attrdomv></attr><attr><attrlabl>rb_ppm</attrlabl><attrdef>Rubidium concentration.
Rubidium concentration in parts per million by weight.
Real numbers stored in double precision.</attrdef><attrdomv><edom><edomv>(no value)</edomv><edomvd>Information not available for this record.
444 records have no value for rb_ppm.</edomvd></edom></attrdomv><attrdomv><rdom><rdommin>0</rdommin><rdommax>164165</rdommax></rdom></attrdomv></attr><attr><attrlabl>sr_ppm</attrlabl><attrdef>Strontium concentration.
Strontium concentration in parts per million by weight.
Real numbers stored in double precision.</attrdef><attrdomv><edom><edomv>(no value)</edomv><edomvd>Information not available for this record.
1093 records have no value for sr_ppm.</edomvd></edom></attrdomv><attrdomv><rdom><rdommin>0.1</rdommin><rdommax>21210</rdommax></rdom></attrdomv></attr><attr><attrlabl>87srrad</attrlabl><attrdef>Radiogenic 87Sr.
Radiogenic 87Sr.
Real numbers stored in double precision.</attrdef><attrdomv><edom><edomv>(no value)</edomv><edomvd>Information not available for this record.
6420 records have no value for 87srrad.</edomvd></edom></attrdomv><attrdomv><rdom><rdommin>0.01</rdommin><rdommax>176</rdommax></rdom></attrdomv></attr><attr><attrlabl>87rb_86sr</attrlabl><attrdef>Ratio 87Rb/86Sr.
Ratio of 87Rb to 86Sr counted by mass spectrometry.
Real numbers stored in double precision.</attrdef><attrdomv><edom><edomv>(no value)</edomv><edomvd>Information not available for this record.
1265 records have no value for 87rb_86sr.</edomvd></edom></attrdomv><attrdomv><rdom><rdommin>0</rdommin><rdommax>62166</rdommax></rdom></attrdomv></attr><attr><attrlabl>87sr_86sr</attrlabl><attrdef>Ratio 87Sr/86Sr.
Ratio of 87Sr to 86Sr counted by mass spectrometry.
Real numbers stored in double precision.</attrdef><attrdomv><edom><edomv>(no value)</edomv><edomvd>Information not available for this record.
689 records have no value for 87sr_86sr.</edomvd></edom></attrdomv><attrdomv><rdom><rdommin>0.043</rdommin><rdommax>70758</rdommax></rdom></attrdomv></attr><attr><attrlabl>norm</attrlabl><attrdef>Normal?.
T or N or empty; meaning of this field is not clear.
Textual values of no more than 1 characters.</attrdef><attrdomv><edom><edomv>(no value)</edomv><edomvd>Information not available for this record.
1058 records have no value for norm.</edomvd></edom></attrdomv></attr><attr><attrlabl>sampsuit</attrlabl><attrdef>Sample suite number.
Group identifier of related samples.
Integer values.
Int of width 5.</attrdef><attrdomv><edom><edomv>(no value)</edomv><edomvd>Information not available for this record.
14168 records have no value for sampsuit.</edomvd></edom></attrdomv><attrdomv><rdom><rdommin>7</rdommin><rdommax>641</rdommax><attrmres>1</attrmres></rdom></attrdomv></attr><attr><attrlabl>addref</attrlabl><attrdef>Bibliographic references.
Additional bibliographic reference information for this analysis.
Textual values of no more than 51 characters.</attrdef><attrdomv><edom><edomv>(no value)</edomv><edomvd>Information not available for this record.
1391 records have no value for addref.</edomvd></edom></attrdomv></attr><attr><attrlabl>rbsragecom</attrlabl><attrdef>Age comments.
Comments on the age estimate, typically provides context for the age.
Textual values of no more than 87 characters.</attrdef><attrdomv><edom><edomv>(no value)</edomv><edomvd>Information not available for this record.
2721 records have no value for rbsragecom.</edomvd></edom></attrdomv></attr><attr><attrlabl>rbsrsamcom</attrlabl><attrdef>Sample comments.
Comments on the sample analyzed.
Textual values of no more than 104 characters.</attrdef><attrdomv><edom><edomv>(no value)</edomv><edomvd>Information not available for this record.
6498 records have no value for rbsrsamcom.</edomvd></edom></attrdomv></attr><attr><attrlabl>rbsranlcom</attrlabl><attrdef>Analytical comments.
Comments on the analytic method used.
Textual values of no more than 227 characters.</attrdef><attrdomv><edom><edomv>(no value)</edomv><edomvd>Information not available for this record.
1543 records have no value for rbsranlcom.</edomvd></edom></attrdomv></attr><attr><attrlabl>rbsrothcom</attrlabl><attrdef>Other comments.
Other comments pertinent to this analysis.
Textual values of no more than 211 characters.</attrdef><attrdomv><edom><edomv>(no value)</edomv><edomvd>Information not available for this record.
4255 records have no value for rbsrothcom.</edomvd></edom></attrdomv></attr></detailed><detailed><enttyp><enttypl>Sm_Nd</enttypl><enttypd>Samarium-Neodymium radiometric dating results, observations, and parameters</enttypd></enttyp><attr><attrlabl>recno</attrlabl><attrdef>Record ID.
Sample identifier, a value of main:recno.
Integer values.
Int of width 5.</attrdef><attrdomv><rdom><rdommin>1</rdommin><rdommax>18669</rdommax><attrmres>1</attrmres></rdom></attrdomv></attr><attr><attrlabl>smndrecno</attrlabl><attrdef>Analysis ID.
Sequence number, for this sample, of this analysis.
Integer values.
Int of width 5.</attrdef><attrdomv><rdom><rdommin>1</rdommin><rdommax>3</rdommax><attrmres>1</attrmres></rdom></attrdomv></attr><attr><attrlabl>smndage</attrlabl><attrdef>Calculated age.
Age estimate in millions of years.
Integer values.
Int of width 5.</attrdef><attrdomv><edom><edomv>(no value)</edomv><edomvd>Information not available for this record.
1 records have no value for smndage.</edomvd></edom></attrdomv><attrdomv><rdom><rdommin>178</rdommin><rdommax>575</rdommax><attrmres>1</attrmres></rdom></attrdomv></attr><attr><attrlabl>smnderr</attrlabl><attrdef>Age uncertainty.
Uncertainty of the age estimate attributable to the analytical method,
in millions of years.
Integer values.
Int of width 5.</attrdef><attrdomv><edom><edomv>(no value)</edomv><edomvd>Information not available for this record.
2 records have no value for smnderr.</edomvd></edom></attrdomv><attrdomv><rdom><rdommin>21</rdommin><rdommax>75</rdommax><attrmres>1</attrmres></rdom></attrdomv></attr><attr><attrlabl>smndmin</attrlabl><attrdef>Rock or mineral analyzed.
Rock or mineral analyzed.
Textual values of no more than 21 characters.</attrdef></attr><attr><attrlabl>smndlabno</attrlabl><attrdef>Analysis ID.
Identifier for this analysis assigned by the laboratory.
Textual values of no more than 8 characters.</attrdef></attr><attr><attrlabl>smnddeccon</attrlabl><attrdef>Decay constants.
Radioactive decay constants used in calculations.
Real numbers stored in double precision.</attrdef><attrdomv><rdom><rdommin>0.00000654</rdommin><rdommax>0.00000654</rdommax></rdom></attrdomv></attr><attr><attrlabl>sm_ppm</attrlabl><attrdef>Samarium concentration.
Samarium concentration in parts per million by weight.
Real numbers stored in double precision.</attrdef><attrdomv><edom><edomv>(no value)</edomv><edomvd>Information not available for this record.
27 records have no value for sm_ppm.</edomvd></edom></attrdomv><attrdomv><rdom><rdommin>1.88</rdommin><rdommax>14.81</rdommax></rdom></attrdomv></attr><attr><attrlabl>nd_ppm</attrlabl><attrdef>Neodymium concentration.
Neodymium concentration in parts per million by weight.
Real numbers stored in double precision.</attrdef><attrdomv><rdom><rdommin>0.15</rdommin><rdommax>50.46</rdommax></rdom></attrdomv></attr><attr><attrlabl>143smrad</attrlabl><attrdef>Ratio 147Sm/144Nd.
Ratio of counts of 147Sm to 144Nd in the sample, measured by mass
spectrometry.
Real numbers stored in double precision.</attrdef><attrdomv><rdom><rdommin>0.1074</rdommin><rdommax>0.3809</rdommax></rdom></attrdomv></attr><attr><attrlabl>143ndrat</attrlabl><attrdef>Ratio 143Nd/144Nd.
Ratio of counts of 143Nd to 144Nd in the sample, measured by mass
spectrometry.
Real numbers stored in double precision.</attrdef><attrdomv><rdom><rdommin>0.51079</rdommin><rdommax>0.513212</rdommax></rdom></attrdomv></attr><attr><attrlabl>smndagecom</attrlabl><attrdef>Age comments.
Comments on the age estimate, typically provides context for the age.
Textual values of no more than 40 characters.</attrdef></attr><attr><attrlabl>smndothcom</attrlabl><attrdef>Other comments.
Other comments pertinent to this analysis.
Textual values of no more than 80 characters.</attrdef><attrdomv><edom><edomv>(no value)</edomv><edomvd>Information not available for this record.
32 records have no value for smndothcom.</edomvd></edom></attrdomv></attr></detailed><detailed><enttyp><enttypl>U_Th_Pb</enttypl><enttypd>Radiometric age estimates, observations, and parameters using techniques involving isotopes of uranium, thorium, and lead.</enttypd></enttyp><attr><attrlabl>recno</attrlabl><attrdef>Record ID.
Sample identifier, a value of main:recno.
Integer values.
Int of width 5.</attrdef><attrdomv><rdom><rdommin>1</rdommin><rdommax>18669</rdommax><attrmres>1</attrmres></rdom></attrdomv></attr><attr><attrlabl>upbrecno</attrlabl><attrdef>Analysis ID.
Sequence number, for this sample, of this analysis.
Integer values.
Int of width 5.</attrdef><attrdomv><edom><edomv>(no value)</edomv><edomvd>Information not available for this record.
1 records have no value for upbrecno.</edomvd></edom></attrdomv><attrdomv><rdom><rdommin>1</rdommin><rdommax>33</rdommax><attrmres>1</attrmres></rdom></attrdomv></attr><attr><attrlabl>206_238age</attrlabl><attrdef>Age 206Pb/238U.
Age estimate in millions of years using the 206Pb-238U method.
Real numbers stored in double precision.</attrdef><attrdomv><edom><edomv>(no value)</edomv><edomvd>Information not available for this record.
575 records have no value for 206_238age.</edomvd></edom></attrdomv><attrdomv><rdom><rdommin>0.1</rdommin><rdommax>16300</rdommax></rdom></attrdomv></attr><attr><attrlabl>err206_238</attrlabl><attrdef>Age uncertainty 206Pb/238U.
Uncertainty of the age estimate by the 206Pb-238U method attributable
to the analytical method, in millions of years.
Real numbers stored in double precision.</attrdef><attrdomv><edom><edomv>(no value)</edomv><edomvd>Information not available for this record.
2194 records have no value for err206_238.</edomvd></edom></attrdomv><attrdomv><rdom><rdommin>0</rdommin><rdommax>1285</rdommax></rdom></attrdomv></attr><attr><attrlabl>207_235age</attrlabl><attrdef>Age 207Pb/235U.
Age estimate in millions of years using the 207Pb-235U method.
Real numbers stored in double precision.</attrdef><attrdomv><edom><edomv>(no value)</edomv><edomvd>Information not available for this record.
611 records have no value for 207_235age.</edomvd></edom></attrdomv><attrdomv><rdom><rdommin>-26.6</rdommin><rdommax>4460</rdommax></rdom></attrdomv></attr><attr><attrlabl>err207_235</attrlabl><attrdef>Age uncertainty 207Pb/235U.
Uncertainty of the age estimate by the 207Pb-235U method attributable
to the analytical method, in millions of years.
Real numbers stored in double precision.</attrdef><attrdomv><edom><edomv>(no value)</edomv><edomvd>Information not available for this record.
2186 records have no value for err207_235.</edomvd></edom></attrdomv><attrdomv><rdom><rdommin>-350</rdommin><rdommax>2127</rdommax></rdom></attrdomv></attr><attr><attrlabl>207_206age</attrlabl><attrdef>Age 207Pb/206Pb.
Age estimate in millions of years using the 207Pb-206Pb method.
Real numbers stored in double precision.</attrdef><attrdomv><edom><edomv>(no value)</edomv><edomvd>Information not available for this record.
12 records have no value for 207_206age.</edomvd></edom></attrdomv><attrdomv><rdom><rdommin>-50000</rdommin><rdommax>4792.4</rdommax></rdom></attrdomv></attr><attr><attrlabl>err207_206</attrlabl><attrdef>Age uncertainty 207Pb/206Pb.
Uncertainty of the age estimate by the 207Pb-206Pb method attributable
to the analytical method, in millions of years.
Real numbers stored in double precision.</attrdef><attrdomv><edom><edomv>(no value)</edomv><edomvd>Information not available for this record.
2058 records have no value for err207_206.</edomvd></edom></attrdomv><attrdomv><rdom><rdommin>1</rdommin><rdommax>320</rdommax></rdom></attrdomv></attr><attr><attrlabl>208_232age</attrlabl><attrdef>Age 208Pb/232Th.
Age estimate in millions of years using the 208Pb-232Th method.
Real numbers stored in double precision.</attrdef><attrdomv><edom><edomv>(no value)</edomv><edomvd>Information not available for this record.
1994 records have no value for 208_232age.</edomvd></edom></attrdomv><attrdomv><rdom><rdommin>24.5</rdommin><rdommax>13383</rdommax></rdom></attrdomv></attr><attr><attrlabl>err208_232</attrlabl><attrdef>Age uncertainty 208Pb/232Th.
Uncertainty of the age estimate by the 208Pb-232Th method attributable
to the analytical method, in millions of years.
Real numbers stored in double precision.</attrdef><attrdomv><edom><edomv>(no value)</edomv><edomvd>Information not available for this record.
2421 records have no value for err208_232.</edomvd></edom></attrdomv><attrdomv><rdom><rdommin>1.8</rdommin><rdommax>210</rdommax></rdom></attrdomv></attr><attr><attrlabl>uintcpt</attrlabl><attrdef>Upper intercept.
Upper intercept of the Concordia diagram.
Real numbers stored in double precision.</attrdef><attrdomv><edom><edomv>(no value)</edomv><edomvd>Information not available for this record.
1267 records have no value for uintcpt.</edomvd></edom></attrdomv><attrdomv><rdom><rdommin>14.9</rdommin><rdommax>3900</rdommax></rdom></attrdomv></attr><attr><attrlabl>erruintcpt</attrlabl><attrdef>Upper intercept uncertainty.
Uncertainty in the upper intercept.
Real numbers stored in double precision.</attrdef><attrdomv><edom><edomv>(no value)</edomv><edomvd>Information not available for this record.
1458 records have no value for erruintcpt.</edomvd></edom></attrdomv><attrdomv><rdom><rdommin>1</rdommin><rdommax>550</rdommax></rdom></attrdomv></attr><attr><attrlabl>lintcpt</attrlabl><attrdef>Lower intercept.
Lower intercept of the Concordia diagram.
Textual values of no more than 8 characters.</attrdef><attrdomv><edom><edomv>(no value)</edomv><edomvd>Information not available for this record.
2172 records have no value for lintcpt.</edomvd></edom></attrdomv></attr><attr><attrlabl>errlintcpt</attrlabl><attrdef>Lower intercept uncertainty.
Uncertainty in the lower intercept.
Real numbers stored in double precision.</attrdef><attrdomv><edom><edomv>(no value)</edomv><edomvd>Information not available for this record.
2243 records have no value for errlintcpt.</edomvd></edom></attrdomv><attrdomv><rdom><rdommin>0.8</rdommin><rdommax>900</rdommax></rdom></attrdomv></attr><attr><attrlabl>pbinitrat</attrlabl><attrdef>Initial lead isotopic composition.
Initial ratios of lead isotopes in common lead, in sequence:
206Pb/204Pb, 207Pb/204Pb, 208Pb/204Pb.
Textual values of no more than 24 characters.</attrdef><attrdomv><edom><edomv>(no value)</edomv><edomvd>Information not available for this record.
1253 records have no value for pbinitrat.</edomvd></edom></attrdomv></attr><attr><attrlabl>upbmin</attrlabl><attrdef>Rock or mineral analyzed.
Rock or mineral analyzed.
Textual values of no more than 52 characters.</attrdef><attrdomv><edom><edomv>(no value)</edomv><edomvd>Information not available for this record.
8 records have no value for upbmin.</edomvd></edom></attrdomv></attr><attr><attrlabl>upblabno</attrlabl><attrdef>Analysis ID.
Identifier for this analysis assigned by the laboratory.
Textual values of no more than 26 characters.</attrdef><attrdomv><edom><edomv>(no value)</edomv><edomvd>Information not available for this record.
7 records have no value for upblabno.</edomvd></edom></attrdomv></attr><attr><attrlabl>upbdeccon</attrlabl><attrdef>Decay constants.
Radioactive decay constants used in calculations.
Textual values of no more than 35 characters.</attrdef><attrdomv><edom><edomv>(no value)</edomv><edomvd>Information not available for this record.
5 records have no value for upbdeccon.</edomvd></edom></attrdomv></attr><attr><attrlabl>u_ppm</attrlabl><attrdef>Uranium concentration.
Uranium concentration in parts per million by weight.
Real numbers stored in double precision.</attrdef><attrdomv><edom><edomv>(no value)</edomv><edomvd>Information not available for this record.
409 records have no value for u_ppm.</edomvd></edom></attrdomv><attrdomv><rdom><rdommin>0</rdommin><rdommax>791000</rdommax></rdom></attrdomv></attr><attr><attrlabl>th_ppm</attrlabl><attrdef>Thorium concentration.
Thorium concentration in parts per million by weight.
Real numbers stored in double precision.</attrdef><attrdomv><edom><edomv>(no value)</edomv><edomvd>Information not available for this record.
1894 records have no value for th_ppm.</edomvd></edom></attrdomv><attrdomv><rdom><rdommin>0.1</rdommin><rdommax>414000</rdommax></rdom></attrdomv></attr><attr><attrlabl>pb_ppm</attrlabl><attrdef>Lead concentration.
Lead concentration in parts per million by weight.
Real numbers stored in double precision.</attrdef><attrdomv><edom><edomv>(no value)</edomv><edomvd>Information not available for this record.
431 records have no value for pb_ppm.</edomvd></edom></attrdomv><attrdomv><rdom><rdommin>0.01</rdommin><rdommax>170100</rdommax></rdom></attrdomv></attr><attr><attrlabl>204pb</attrlabl><attrdef>Isotopic concentration 204Pb.
Concentration of 204Pb isotope in the sample.
Real numbers stored in double precision.</attrdef><attrdomv><edom><edomv>(no value)</edomv><edomvd>Information not available for this record.
812 records have no value for 204pb.</edomvd></edom></attrdomv><attrdomv><rdom><rdommin>0</rdommin><rdommax>83.62</rdommax></rdom></attrdomv></attr><attr><attrlabl>206pb</attrlabl><attrdef>Isotopic concentration 206Pb.
Concentration of 206Pb isotope in the sample.
Real numbers stored in double precision.</attrdef><attrdomv><edom><edomv>(no value)</edomv><edomvd>Information not available for this record.
786 records have no value for 206pb.</edomvd></edom></attrdomv><attrdomv><rdom><rdommin>1.228</rdommin><rdommax>95.51</rdommax></rdom></attrdomv></attr><attr><attrlabl>207pb</attrlabl><attrdef>Isotopic concentration 207Pb.
Concentration of 207Pb isotope in the sample.
Real numbers stored in double precision.</attrdef><attrdomv><edom><edomv>(no value)</edomv><edomvd>Information not available for this record.
787 records have no value for 207pb.</edomvd></edom></attrdomv><attrdomv><rdom><rdommin>0.1455</rdommin><rdommax>46.02</rdommax></rdom></attrdomv></attr><attr><attrlabl>208pb</attrlabl><attrdef>Isotopic concentration 208Pb.
Concentration of 208Pb isotope in the sample.
Real numbers stored in double precision.</attrdef><attrdomv><edom><edomv>(no value)</edomv><edomvd>Information not available for this record.
787 records have no value for 208pb.</edomvd></edom></attrdomv><attrdomv><rdom><rdommin>0.053</rdommin><rdommax>1889</rdommax></rdom></attrdomv></attr><attr><attrlabl>sampsuit</attrlabl><attrdef>Sample suite number.
Group identifier of related samples.
Integer values.
Int of width 5.</attrdef><attrdomv><edom><edomv>(no value)</edomv><edomvd>Information not available for this record.
14168 records have no value for sampsuit.</edomvd></edom></attrdomv><attrdomv><rdom><rdommin>7</rdommin><rdommax>641</rdommax><attrmres>1</attrmres></rdom></attrdomv></attr><attr><attrlabl>addref</attrlabl><attrdef>Bibliographic references.
Additional bibliographic reference information for this analysis.
Textual values of no more than 25 characters.</attrdef><attrdomv><edom><edomv>(no value)</edomv><edomvd>Information not available for this record.
1391 records have no value for addref.</edomvd></edom></attrdomv></attr><attr><attrlabl>upbagecom</attrlabl><attrdef>Age comments.
Comments on the age estimate, typically provides context for the age.
Textual values of no more than 84 characters.</attrdef><attrdomv><edom><edomv>(no value)</edomv><edomvd>Information not available for this record.
1661 records have no value for upbagecom.</edomvd></edom></attrdomv></attr><attr><attrlabl>upbsampcom</attrlabl><attrdef>Sample comments.
Comments on the sample analyzed.
Textual values of no more than 224 characters.</attrdef><attrdomv><edom><edomv>(no value)</edomv><edomvd>Information not available for this record.
699 records have no value for upbsampcom.</edomvd></edom></attrdomv></attr><attr><attrlabl>upbanalcom</attrlabl><attrdef>Analytical comments.
Comments on the analytic method used.
Textual values of no more than 199 characters.</attrdef><attrdomv><edom><edomv>(no value)</edomv><edomvd>Information not available for this record.
1294 records have no value for upbanalcom.</edomvd></edom></attrdomv></attr><attr><attrlabl>upbothrcom</attrlabl><attrdef>Other comments.
Other comments pertinent to this analysis.
Textual values of no more than 255 characters.</attrdef><attrdomv><edom><edomv>(no value)</edomv><edomvd>Information not available for this record.
757 records have no value for upbothrcom.</edomvd></edom></attrdomv></attr></detailed><detailed><enttyp><enttypl>datadxny</enttypl><enttypd>Data dictionary, explaining tables and fields</enttypd></enttyp><attr><attrlabl>id</attrlabl><attrdef>Row ID.
Row identifier within datadxny table.
Integer values.
Int of width 0.</attrdef><attrdomv><rdom><rdommin>1</rdommin><rdommax>149</rdommax><attrmres>1</attrmres></rdom></attrdomv></attr><attr><attrlabl>tblorder</attrlabl><attrdef>Table order.
Order in which this table should appear in some presentations.
Integer values.
Int of width 0.</attrdef><attrdomv><rdom><rdommin>1</rdommin><rdommax>7</rdommax><attrmres>1</attrmres></rdom></attrdomv></attr><attr><attrlabl>tblname</attrlabl><attrdef>Table name.
Name of the table.
Textual values of no more than 20 characters.</attrdef></attr><attr><attrlabl>number</attrlabl><attrdef>Field order.
Order in which this field occurs in the RDBMS.
Integer values.
Int of width 0.</attrdef><attrdomv><edom><edomv>(no value)</edomv><edomvd>Information not available for this record.
7 records have no value for number.</edomvd></edom></attrdomv><attrdomv><rdom><rdommin>1</rdommin><rdommax>31</rdommax><attrmres>1</attrmres></rdom></attrdomv></attr><attr><attrlabl>label</attrlabl><attrdef>Field label.
Label of the field in the RDBMS.
Textual values of no more than 32 characters.</attrdef><attrdomv><edom><edomv>(no value)</edomv><edomvd>Information not available for this record.
7 records have no value for label.</edomvd></edom></attrdomv></attr><attr><attrlabl>category</attrlabl><attrdef>Category.
General category of information provided by the contents of the field.
Textual values of no more than 50 characters.</attrdef><attrdomv><edom><edomv>(no value)</edomv><edomvd>Information not available for this record.
7 records have no value for category.</edomvd></edom></attrdomv></attr><attr><attrlabl>short_desc</attrlabl><attrdef>Short description.
Descriptive name of the field used in some presentations, not
constrained by rules affecting the label.
Textual values of no more than 40 characters.</attrdef><attrdomv><edom><edomv>(no value)</edomv><edomvd>Information not available for this record.
7 records have no value for short_desc.</edomvd></edom></attrdomv></attr><attr><attrlabl>description</attrlabl><attrdef>Description.
Longer description of the purpose and contents of the field.
Textual values of no more than 4096 characters.</attrdef></attr><attr><attrlabl>link</attrlabl><attrdef>Link.
URL providing more information about the field.
Textual values of no more than 96 characters.</attrdef><attrdomv><edom><edomv>(no value)</edomv><edomvd>Information not available for this record.
149 records have no value for link.</edomvd></edom></attrdomv></attr><attr><attrlabl>origin</attrlabl><attrdef>Origin.
Abbreviation of an organization, data set, or other entity responsible
for defining the field.
Textual values of no more than 12 characters.</attrdef><attrdomv><edom><edomv>(no value)</edomv><edomvd>Information not available for this record.
149 records have no value for origin.</edomvd></edom></attrdomv></attr><attr><attrlabl>sqltype</attrlabl><attrdef>SQL data type.
Data type of the field as used in the RDBMS.
Textual values of no more than 8 characters.</attrdef><attrdomv><edom><edomv>(no value)</edomv><edomvd>Information not available for this record.
7 records have no value for sqltype.</edomvd></edom></attrdomv></attr><attr><attrlabl>dbftype</attrlabl><attrdef>DBF field type.
Data type of the field when expressed in DBF.
Textual values of no more than 1 characters.</attrdef><attrdomv><edom><edomv>(no value)</edomv><edomvd>Information not available for this record.
7 records have no value for dbftype.</edomvd></edom></attrdomv></attr><attr><attrlabl>width</attrlabl><attrdef>DBF field width.
Field width when expressed in DBF.
Integer values.
Int of width 0.</attrdef><attrdomv><edom><edomv>(no value)</edomv><edomvd>Information not available for this record.
7 records have no value for width.</edomvd></edom></attrdomv><attrdomv><rdom><rdommin>0</rdommin><rdommax>4096</rdommax><attrmres>1</attrmres></rdom></attrdomv></attr><attr><attrlabl>prec</attrlabl><attrdef>DBF field precision.
Precision of the field (places to right of decimal) when expressed in
DBF, only for numeric fields.
Integer values.
Int of width 0.</attrdef><attrdomv><edom><edomv>(no value)</edomv><edomvd>Information not available for this record.
76 records have no value for prec.</edomvd></edom></attrdomv><attrdomv><rdom><rdommin>0</rdommin><rdommax>6</rdommax><attrmres>1</attrmres></rdom></attrdomv></attr><attr><attrlabl>units</attrlabl><attrdef>Units.
Units of measure of the field values.
Textual values of no more than 64 characters.</attrdef><attrdomv><edom><edomv>(no value)</edomv><edomvd>Information not available for this record.
149 records have no value for units.</edomvd></edom></attrdomv></attr></detailed></eainfo><distinfo><distrib><cntinfo><cntperp><cntper>Peter N Schweitzer</cntper><cntorg>USGS ER GD</cntorg></cntperp><cntpos>Geologist</cntpos><cntaddr><addrtype>mailing address</addrtype><address>12201 Sunrise Valley Drive</address><city>Reston</city><state>VA</state><postal>20192-0002</postal><country>USA</country></cntaddr><cntvoice>703-648-6533</cntvoice><cntfax>703-648-6252</cntfax><cntemail>pschweitzer@usgs.gov</cntemail></cntinfo></distrib><resdesc>USGS Open-File Report 2003-236</resdesc><distliab>This report is preliminary and has not been reviewed for conformity
with U.S. Geological Survey (USGS) editorial standards or with the
North American Stratigraphic Code. Any use of trade, firm, or product
names is for descriptive purposes only and does not imply endorsement
by the U.S. Government.</distliab><stdorder><digform><digtinfo><formname>WMS</formname><formvern>1.1.1</formvern><formcont>Sample characteristics and geologic age information</formcont></digtinfo><digtopt><onlinopt><computer><networka><networkr>http://mrdata.usgs.gov/services/geochron?request=GetCapabilities&amp;service=WMS&amp;version=1.1.1</networkr></networka></computer></onlinopt></digtopt></digform><digform><digtinfo><formname>WFS</formname><formvern>1.0.0</formvern><formcont>Sample characteristics and geologic age analyses</formcont></digtinfo><digtopt><onlinopt><computer><networka><networkr>http://mrdata.usgs.gov/wfs/geochron?request=GetCapabilities&amp;service=WFS&amp;version=1.0.0&amp;</networkr></networka></computer></onlinopt></digtopt></digform><digform><digtinfo><formname>Shapefile</formname><formvern>1.0</formvern><formcont>Sample characteristics and geologic age information</formcont></digtinfo><digtopt><onlinopt><computer><networka><networkr>http://mrdata.usgs.gov/geochron/geochron.zip</networkr></networka></computer></onlinopt></digtopt></digform><digform><digtinfo><formname>CSV</formname><formcont>Sample characteristics and geologic age information</formcont></digtinfo><digtopt><onlinopt><computer><networka><networkr>http://mrdata.usgs.gov/geochron/geochron-csv.zip</networkr></networka></computer></onlinopt></digtopt></digform><fees>none</fees></stdorder></distinfo><metainfo><metd>20141205</metd><metc><cntinfo><cntperp><cntper>Schweitzer, Peter, N</cntper><cntorg>Eastern Mineral Resources Team</cntorg></cntperp><cntaddr><addrtype>mailing address</addrtype><address>12201 Sunrise Valley Drive Mail Stop 954</address><city>Reston</city><state>VA</state><postal>20192</postal><country>USA</country></cntaddr><cntvoice>703-648-6533</cntvoice><cntemail>pschweitzer@usgs.gov</cntemail></cntinfo></metc><metstdn>Content Standard for Digital Geospatial Metadata</metstdn><metstdv>FGDC-STD-001-1998</metstdv></metainfo></metadata>
