<?xml version="1.0"?>
<!--<!DOCTYPE metadata SYSTEM "http://www.esri.com/metadata/esriprof80.dtd">-->
<metadata xml:lang="en"><Esri><CreaDate>20120104</CreaDate><CreaTime>12002700</CreaTime><SyncOnce>TRUE</SyncOnce><DataProperties><lineage><Process ToolSource="C:\Program Files\ArcGIS\ArcToolbox\Toolboxes\Data Management Tools.tbx\CopyFeatures" Date="20111227" Time="143617">CopyFeatures quads375 O:\products\naip\final\fy11\shapefiles\naip_va_2011_1m_m4b.shp # 0 0 0</Process></lineage></DataProperties><MetaID>{3A051DC9-DFCD-4D2C-9507-B9E51907C782}</MetaID></Esri><idinfo><citation><citeinfo><onlink Sync="TRUE">\\Utsaltlaked176\sales\NAIP Photo Centers\NAIP11_Photo_Centers\VAshape\naip_va_2011_1m_m4b</onlink></citeinfo></citation></idinfo><distInfo><distributor><distorTran><onLineSrc><linkage Sync="TRUE">file://\\Utsaltlaked176\sales\NAIP Photo Centers\NAIP11_Photo_Centers\VAshape\naip_va_2011_1m_m4b</linkage><protocol Sync="TRUE">Local Area Network</protocol></onLineSrc></distorTran></distributor></distInfo><dataqual><lineage><procstep><procdesc Sync="TRUE">Dataset copied.</procdesc><srcused Sync="TRUE">\\Utsaltlaked176\sales\NAIP QQ Shapefiles IT\NAIP11 QQ Shapefiles IT\naip_va_2011_1m_m4b</srcused><procdate Sync="TRUE">20120104</procdate><proctime Sync="TRUE">12002700</proctime></procstep></lineage></dataqual></metadata>
