<?xml version="1.0"?>
<!--<!DOCTYPE metadata SYSTEM "http://www.esri.com/metadata/esriprof80.dtd">-->
<metadata xml:lang="en"><Esri><CreaDate>20101222</CreaDate><CreaTime>14535200</CreaTime><SyncOnce>FALSE</SyncOnce><DataProperties><lineage><Process Name="AddSubtype_1" ToolSource="C:\Program Files\ArcGIS\ArcToolbox\Toolboxes\Data Management Tools.tbx\AddSubtype" Date="20060831" Time="182834">AddSubtype "Database Connections\gisadmin.citygdb.sde\CityGDB.GISADMIN.Cadastral\CityGDB.GISADMIN.Easements" 51 Floodplain-100yr "Database Connections\gisadmin.citygdb.sde\CityGDB.GISADMIN.Cadastral\CityGDB.GISADMIN.Easements"</Process><Process Name="AddSubtype_1" ToolSource="C:\Program Files\ArcGIS\ArcToolbox\Toolboxes\Data Management Tools.tbx\AddSubtype" Date="20060901" Time="111935">AddSubtype "Database Connections\gisadmin.citygdb.sde\CityGDB.GISADMIN.Cadastral\CityGDB.GISADMIN.Easements" 33 Path-Bike/Pedest "Database Connections\gisadmin.citygdb.sde\CityGDB.GISADMIN.Cadastral\CityGDB.GISADMIN.Easements"</Process><Process ToolSource="C:\Program Files\ArcGIS\ArcToolbox\Toolboxes\Data Management Tools.tbx\CopyFeatures" Date="20061206" Time="143604">CopyFeatures "Database Connections\GISadmin.CityGDB.sde\CityGDB.GISADMIN.Cadastral\CityGDB.GISADMIN.Easements" "Database Connections\GISadmin.CityGDB.sde\CityGDB.GISADMIN.Property\CityGDB.GISADMIN.CityGDB_GISADMIN_Easements" # 0 0 0</Process><Process Name="FeatureClassToFeatureClass_5" ToolSource="C:\Program Files\ArcGIS\ArcToolbox\Toolboxes\Conversion Tools.tbx\FeatureClassToFeatureClass" Date="20090213" Time="152148">FeatureClassToFeatureClass "Database Connections\Assess.CityGDB.sde\citygdb.DBO.Cadastral\citygdb.DBO.Easements" L:\Ted\Mapping\Exports&amp;Updates\WebMap\FY2009\Update0902.mdb Easements # "ID TypeCode true true false 4 Long 0 10 ,First,#,Database Connections\Assess.CityGDB.sde\citygdb.DBO.Cadastral\citygdb.DBO.Easements,ID,-1,-1;WIDTH WIDTH true true false 6 Text 0 0 ,First,#,Database Connections\Assess.CityGDB.sde\citygdb.DBO.Cadastral\citygdb.DBO.Easements,WIDTH,-1,-1;OWNER OWNER true true false 24 Text 0 0 ,First,#,Database Connections\Assess.CityGDB.sde\citygdb.DBO.Cadastral\citygdb.DBO.Easements,OWNER,-1,-1;LASTEDIT LASTEDIT true true false 36 Date 0 0 ,First,#,Database Connections\Assess.CityGDB.sde\citygdb.DBO.Cadastral\citygdb.DBO.Easements,LASTEDIT,-1,-1;SURVDAT SURVDAT true true false 36 Date 0 0 ,First,#,Database Connections\Assess.CityGDB.sde\citygdb.DBO.Cadastral\citygdb.DBO.Easements,SURVDAT,-1,-1;SURVSOURC SURVSOURC true true false 50 Text 0 0 ,First,#,Database Connections\Assess.CityGDB.sde\citygdb.DBO.Cadastral\citygdb.DBO.Easements,SURVSOURC,-1,-1;INSTRNUM INSTRNUM true true false 4 Long 0 10 ,First,#,Database Connections\Assess.CityGDB.sde\citygdb.DBO.Cadastral\citygdb.DBO.Easements,INSTRNUM,-1,-1;DEEDPLATREF DEEDPLATREF true true false 32 Text 0 0 ,First,#,Database Connections\Assess.CityGDB.sde\citygdb.DBO.Cadastral\citygdb.DBO.Easements,DEEDPLATREF,-1,-1;NOTES NOTES true true false 36 Text 0 0 ,First,#,Database Connections\Assess.CityGDB.sde\citygdb.DBO.Cadastral\citygdb.DBO.Easements,NOTES,-1,-1;area area false false true 0 Double 0 0 ,First,#,Database Connections\Assess.CityGDB.sde\citygdb.DBO.Cadastral\citygdb.DBO.Easements,SHAPE.area,-1,-1;len len false false true 0 Double 0 0 ,First,#,Database Connections\Assess.CityGDB.sde\citygdb.DBO.Cadastral\citygdb.DBO.Easements,SHAPE.len,-1,-1" # L:\Ted\Mapping\Exports&amp;Updates\WebMap\FY2009\Update0902.mdb\Easements</Process><Process ToolSource="C:\Program Files\ArcGIS\ArcToolbox\Toolboxes\Conversion Tools.tbx\FeatureClassToFeatureClass" Date="20100121" Time="130121">FeatureClassToFeatureClass L:\Ted\Mapping\Exports&amp;Updates\WebMap\FY2009\Update0902.mdb\Easements "Database Connections\GISadmin.sde\citygdb.DBO.Cadastral" Easements # "ID 'TypeCode' true true false 4 Long 0 0 ,First,#,L:\Ted\Mapping\Exports&amp;Updates\WebMap\FY2009\Update0902.mdb\Easements,ID,-1,-1;WIDTH 'WIDTH' true true false 6 Text 0 0 ,First,#,L:\Ted\Mapping\Exports&amp;Updates\WebMap\FY2009\Update0902.mdb\Easements,WIDTH,-1,-1;OWNER 'OWNER' true true false 24 Text 0 0 ,First,#,L:\Ted\Mapping\Exports&amp;Updates\WebMap\FY2009\Update0902.mdb\Easements,OWNER,-1,-1;LASTEDIT 'LASTEDIT' true true false 8 Date 0 0 ,First,#,L:\Ted\Mapping\Exports&amp;Updates\WebMap\FY2009\Update0902.mdb\Easements,LASTEDIT,-1,-1;SURVDAT 'SURVDAT' true true false 8 Date 0 0 ,First,#,L:\Ted\Mapping\Exports&amp;Updates\WebMap\FY2009\Update0902.mdb\Easements,SURVDAT,-1,-1;SURVSOURC 'SURVSOURC' true true false 50 Text 0 0 ,First,#,L:\Ted\Mapping\Exports&amp;Updates\WebMap\FY2009\Update0902.mdb\Easements,SURVSOURC,-1,-1;INSTRNUM 'INSTRNUM' true true false 4 Long 0 0 ,First,#,L:\Ted\Mapping\Exports&amp;Updates\WebMap\FY2009\Update0902.mdb\Easements,INSTRNUM,-1,-1;DEEDPLATREF 'DEEDPLATREF' true true false 32 Text 0 0 ,First,#,L:\Ted\Mapping\Exports&amp;Updates\WebMap\FY2009\Update0902.mdb\Easements,DEEDPLATREF,-1,-1;NOTES 'NOTES' true true false 36 Text 0 0 ,First,#,L:\Ted\Mapping\Exports&amp;Updates\WebMap\FY2009\Update0902.mdb\Easements,NOTES,-1,-1" # "Database Connections\GISadmin.sde\citygdb.DBO.Cadastral\CityGDB.DBO.Easements"</Process><Process ToolSource="C:\Program Files\ArcGIS\ArcToolbox\Toolboxes\Conversion Tools.tbx\FeatureClassToFeatureClass" Date="20101222" Time="135604">FeatureClassToFeatureClass "Database Connections\GISadmin.sde\citygdb.DBO.Cadastral\CityGDB.DBO.Easements" T:\Assessor\MDBs\CityHoldforCopy.gdb Easements_Copy # "ID 'TypeCode' true true false 4 Long 0 10 ,First,#,Database Connections\GISadmin.sde\citygdb.DBO.Cadastral\CityGDB.DBO.Easements,ID,-1,-1;Width 'Width' true true false 6 Text 0 0 ,First,#,Database Connections\GISadmin.sde\citygdb.DBO.Cadastral\CityGDB.DBO.Easements,WIDTH,-1,-1;Owner 'Owner' true true false 24 Text 0 0 ,First,#,Database Connections\GISadmin.sde\citygdb.DBO.Cadastral\CityGDB.DBO.Easements,OWNER,-1,-1;LastEdit 'LastEdit' true true false 36 Date 0 0 ,First,#,Database Connections\GISadmin.sde\citygdb.DBO.Cadastral\CityGDB.DBO.Easements,LASTEDIT,-1,-1;SurvDate 'SurvDate' true true false 36 Date 0 0 ,First,#,Database Connections\GISadmin.sde\citygdb.DBO.Cadastral\CityGDB.DBO.Easements,SURVDAT,-1,-1;Survey 'Survey' true true false 50 Text 0 0 ,First,#,Database Connections\GISadmin.sde\citygdb.DBO.Cadastral\CityGDB.DBO.Easements,SURVSOURC,-1,-1;InstrNum 'InstrNum' true true false 4 Long 0 10 ,First,#,Database Connections\GISadmin.sde\citygdb.DBO.Cadastral\CityGDB.DBO.Easements,INSTRNUM,-1,-1;DeedPlatRef 'DeedPlatRef' true true false 32 Text 0 0 ,First,#,Database Connections\GISadmin.sde\citygdb.DBO.Cadastral\CityGDB.DBO.Easements,DEEDPLATREF,-1,-1;Notes 'Notes' true true false 36 Text 0 0 ,First,#,Database Connections\GISadmin.sde\citygdb.DBO.Cadastral\CityGDB.DBO.Easements,NOTES,-1,-1;EditBy 'EditBy' true true false 16 Text 0 0 ,First,#,Database Connections\GISadmin.sde\citygdb.DBO.Cadastral\CityGDB.DBO.Easements,EditBy,-1,-1;SourceFile 'SourceFile' true true false 50 Text 0 0 ,First,#,Database Connections\GISadmin.sde\citygdb.DBO.Cadastral\CityGDB.DBO.Easements,SourceDoc,-1,-1;FileDate 'FileDate' true true false 36 Date 0 0 ,First,#,Database Connections\GISadmin.sde\citygdb.DBO.Cadastral\CityGDB.DBO.Easements,SourceDate,-1,-1;RecDate 'RecDate' true true false 36 Date 0 0 ,First,#,Database Connections\GISadmin.sde\citygdb.DBO.Cadastral\CityGDB.DBO.Easements,DocDat,-1,-1;Shape_area 'Shape_area' false false true 0 Double 0 0 ,First,#,Database Connections\GISadmin.sde\citygdb.DBO.Cadastral\CityGDB.DBO.Easements,Shape.area,-1,-1;Shape_len 'Shape_len' false false true 0 Double 0 0 ,First,#,Database Connections\GISadmin.sde\citygdb.DBO.Cadastral\CityGDB.DBO.Easements,Shape.len,-1,-1" # T:\Assessor\MDBs\CityHoldforCopy.gdb\Easements_Copy</Process><Process ToolSource="c:\program files (x86)\arcgis\desktop10.0\ArcToolbox\Toolboxes\Data Management Tools.tbx\CopyFeatures" Date="20131205" Time="101109">CopyFeatures "Database Connections\CityGDB@gissql_DC.sde\citygdb.DBO.Cadastral\CityGDB.DBO.Easements" T:\Assessor\Mapping\Exports&amp;Updates\_ZippedShapes\Easements.shp # 0 0 0</Process></lineage><itemProps><itemName Sync="TRUE">Easements</itemName><imsContentType Sync="TRUE">002</imsContentType><itemSize Sync="TRUE">0.000</itemSize><itemLocation><linkage Sync="TRUE">file://\\cow-fp\gis\Assessor\Mapping\Exports&amp;Updates\_ZippedShapes\Easements.shp</linkage><protocol Sync="TRUE">Local Area Network</protocol></itemLocation></itemProps><coordRef><type Sync="TRUE">Projected</type><geogcsn Sync="TRUE">GCS_North_American_1983</geogcsn><csUnits Sync="TRUE">Linear Unit: Foot_US (0.304801)</csUnits><projcsn Sync="TRUE">NAD_1983_StatePlane_Virginia_South_FIPS_4502_Feet</projcsn><peXml Sync="TRUE">&lt;ProjectedCoordinateSystem xsi:type='typens:ProjectedCoordinateSystem' xmlns:xsi='http://www.w3.org/2001/XMLSchema-instance' xmlns:xs='http://www.w3.org/2001/XMLSchema' xmlns:typens='http://www.esri.com/schemas/ArcGIS/10.0'&gt;&lt;WKT&gt;PROJCS[&amp;quot;NAD_1983_StatePlane_Virginia_South_FIPS_4502_Feet&amp;quot;,GEOGCS[&amp;quot;GCS_North_American_1983&amp;quot;,DATUM[&amp;quot;D_North_American_1983&amp;quot;,SPHEROID[&amp;quot;GRS_1980&amp;quot;,6378137.0,298.257222101]],PRIMEM[&amp;quot;Greenwich&amp;quot;,0.0],UNIT[&amp;quot;Degree&amp;quot;,0.0174532925199433]],PROJECTION[&amp;quot;Lambert_Conformal_Conic&amp;quot;],PARAMETER[&amp;quot;False_Easting&amp;quot;,11482916.66666666],PARAMETER[&amp;quot;False_Northing&amp;quot;,3280833.333333333],PARAMETER[&amp;quot;Central_Meridian&amp;quot;,-78.5],PARAMETER[&amp;quot;Standard_Parallel_1&amp;quot;,36.76666666666667],PARAMETER[&amp;quot;Standard_Parallel_2&amp;quot;,37.96666666666667],PARAMETER[&amp;quot;Latitude_Of_Origin&amp;quot;,36.33333333333334],UNIT[&amp;quot;Foot_US&amp;quot;,0.3048006096012192],AUTHORITY[&amp;quot;EPSG&amp;quot;,2284]]&lt;/WKT&gt;&lt;XOrigin&gt;-111140600&lt;/XOrigin&gt;&lt;YOrigin&gt;-91532100&lt;/YOrigin&gt;&lt;XYScale&gt;36727036.750856541&lt;/XYScale&gt;&lt;ZOrigin&gt;-100000&lt;/ZOrigin&gt;&lt;ZScale&gt;10000&lt;/ZScale&gt;&lt;MOrigin&gt;-100000&lt;/MOrigin&gt;&lt;MScale&gt;10000&lt;/MScale&gt;&lt;XYTolerance&gt;0.0032808333333333335&lt;/XYTolerance&gt;&lt;ZTolerance&gt;0.001&lt;/ZTolerance&gt;&lt;MTolerance&gt;0.001&lt;/MTolerance&gt;&lt;HighPrecision&gt;true&lt;/HighPrecision&gt;&lt;WKID&gt;2284&lt;/WKID&gt;&lt;/ProjectedCoordinateSystem&gt;</peXml></coordRef></DataProperties><SyncDate>20131205</SyncDate><SyncTime>10110800</SyncTime><ModDate>20131205</ModDate><ModTime>10110800</ModTime><MetaID>{B36B255B-14BF-476E-B805-A734DBFE6024}</MetaID></Esri><idinfo><native Sync="TRUE">Microsoft Windows XP Version 5.1 (Build 2600) Service Pack 3; ESRI ArcCatalog 9.3.1.3000</native><descript><langdata Sync="TRUE">en</langdata><abstract>REQUIRED: A brief narrative summary of the data set.</abstract><purpose>REQUIRED: A summary of the intentions with which the data set was developed.</purpose></descript><citation><citeinfo><origin>REQUIRED: The name of an organization or individual that developed the data set.</origin><pubdate>REQUIRED: The date when the data set is published or otherwise made available for release.</pubdate><title Sync="TRUE">Easements_Copy</title><ftname Sync="TRUE">Easements_Copy</ftname><geoform Sync="TRUE">vector digital data</geoform><onlink Sync="TRUE">Server=gissql; Service=5151; Database=CityGDB; User=gisadmin; Version=dbo.DEFAULT</onlink></citeinfo></citation><timeperd><current>REQUIRED: The basis on which the time period of content information is determined.</current><timeinfo><sngdate><caldate>REQUIRED: The year (and optionally month, or month and day) for which the data set corresponds to the ground.</caldate></sngdate></timeinfo></timeperd><status><progress>REQUIRED: The state of the data set.</progress><update>REQUIRED: The frequency with which changes and additions are made to the data set after the initial data set is completed.</update></status><spdom><bounding><westbc Sync="TRUE">REQUIRED: Western-most coordinate of the limit of coverage expressed in longitude.</westbc><eastbc Sync="TRUE">REQUIRED: Eastern-most coordinate of the limit of coverage expressed in longitude.</eastbc><northbc Sync="TRUE">REQUIRED: Northern-most coordinate of the limit of coverage expressed in latitude.</northbc><southbc Sync="TRUE">REQUIRED: Southern-most coordinate of the limit of coverage expressed in latitude.</southbc></bounding></spdom><keywords><theme><themekt>REQUIRED: Reference to a formally registered thesaurus or a similar authoritative source of theme keywords.</themekt><themekey>REQUIRED: Common-use word or phrase used to describe the subject of the data set.</themekey></theme></keywords><accconst>REQUIRED: Restrictions and legal prerequisites for accessing the data set.</accconst><useconst>REQUIRED: Restrictions and legal prerequisites for using the data set after access is granted.</useconst><natvform Sync="TRUE">File Geodatabase Feature Class</natvform></idinfo><dataIdInfo><envirDesc Sync="TRUE">Microsoft Windows 7 Version 6.1 (Build 7601) Service Pack 1; ESRI ArcGIS 10.0.5.4400</envirDesc><dataLang><languageCode Sync="TRUE" value="eng"></languageCode><countryCode value="USA" Sync="TRUE"></countryCode></dataLang><idCitation><resTitle Sync="TRUE">Easements</resTitle><presForm><PresFormCd Sync="TRUE" value="005"></PresFormCd></presForm></idCitation><spatRpType><SpatRepTypCd Sync="TRUE" value="001"></SpatRepTypCd></spatRpType></dataIdInfo><metainfo><langmeta Sync="TRUE">en</langmeta><metstdn Sync="TRUE">FGDC Content Standards for Digital Geospatial Metadata</metstdn><metstdv Sync="TRUE">FGDC-STD-001-1998</metstdv><mettc Sync="TRUE">local time</mettc><metc><cntinfo><cntorgp><cntper>REQUIRED: The person responsible for the metadata information.</cntper><cntorg>REQUIRED: The organization responsible for the metadata information.</cntorg></cntorgp><cntaddr><addrtype>REQUIRED: The mailing and/or physical address for the organization or individual.</addrtype><city>REQUIRED: The city of the address.</city><state>REQUIRED: The state or province of the address.</state><postal>REQUIRED: The ZIP or other postal code of the address.</postal></cntaddr><cntvoice>REQUIRED: The telephone number by which individuals can speak to the organization or individual.</cntvoice></cntinfo></metc><metd Sync="TRUE">20101222</metd></metainfo><mdLang><languageCode Sync="TRUE" value="eng"></languageCode><countryCode value="USA" Sync="TRUE"></countryCode></mdLang><mdStanName Sync="TRUE">ISO 19115 Geographic Information - Metadata</mdStanName><mdStanVer Sync="TRUE">DIS_ESRI1.0</mdStanVer><mdChar><CharSetCd Sync="TRUE" value="004"></CharSetCd></mdChar><mdHrLv><ScopeCd Sync="TRUE" value="005"></ScopeCd></mdHrLv><mdHrLvName Sync="TRUE">dataset</mdHrLvName><distinfo><resdesc Sync="TRUE">Downloadable Data</resdesc></distinfo><distInfo><distributor><distorTran><onLineSrc><orDesc Sync="TRUE">002</orDesc><linkage Sync="TRUE">Server=gissql; Service=5151; Database=CityGDB; User=gisadmin; Version=dbo.DEFAULT</linkage><protocol Sync="TRUE">ArcSDE Connection</protocol></onLineSrc></distorTran><distorFormat><formatName Sync="TRUE">File Geodatabase Feature Class</formatName></distorFormat></distributor><distFormat><formatName Sync="TRUE">Shapefile</formatName></distFormat><distTranOps><transSize Sync="TRUE">0.000</transSize></distTranOps></distInfo><spdoinfo><direct Sync="TRUE">Vector</direct><ptvctinf><esriterm><efeatyp Sync="TRUE">Simple</efeatyp><efeageom code="4" Sync="TRUE"></efeageom><esritopo Sync="TRUE">FALSE</esritopo><efeacnt Sync="TRUE">0</efeacnt><spindex Sync="TRUE">FALSE</spindex><linrefer Sync="TRUE">FALSE</linrefer></esriterm></ptvctinf></spdoinfo><spref><horizsys><cordsysn><geogcsn Sync="TRUE">GCS_North_American_1983</geogcsn><projcsn Sync="TRUE">NAD_1983_StatePlane_Virginia_South_FIPS_4502_Feet</projcsn></cordsysn><planar><planci><plance Sync="TRUE">coordinate pair</plance><plandu Sync="TRUE">survey feet</plandu><coordrep><absres Sync="TRUE">0.000016</absres><ordres Sync="TRUE">0.000016</ordres></coordrep></planci></planar><geodetic><horizdn Sync="TRUE">North American Datum of 1983</horizdn><ellips Sync="TRUE">Geodetic Reference System 80</ellips><semiaxis Sync="TRUE">6378137.000000</semiaxis><denflat Sync="TRUE">298.257222</denflat></geodetic></horizsys><vertdef><altsys><altenc Sync="TRUE">Explicit elevation coordinate included with horizontal coordinates</altenc><altres Sync="TRUE">1.000000</altres></altsys></vertdef></spref><refSysInfo><RefSystem><refSysID><identCode Sync="TRUE" value="2284">NAD_1983_StatePlane_Virginia_South_FIPS_4502_Feet</identCode><idCodeSpace Sync="TRUE">EPSG</idCodeSpace><idVersion Sync="TRUE">7.4.1</idVersion></refSysID></RefSystem></refSysInfo><spatRepInfo><VectSpatRep><geometObjs Name="Easements"><geoObjTyp><GeoObjTypCd value="002" Sync="TRUE"></GeoObjTypCd></geoObjTyp><geoObjCnt Sync="TRUE">0</geoObjCnt></geometObjs><topLvl><TopoLevCd value="001" Sync="TRUE"></TopoLevCd></topLvl></VectSpatRep></spatRepInfo><eainfo><detailed Name="Easements"><attr><attrlabl Sync="TRUE">NOTES</attrlabl><attalias Sync="TRUE">Notes</attalias><attrtype Sync="TRUE">String</attrtype><attwidth Sync="TRUE">36</attwidth><atprecis Sync="TRUE">0</atprecis><attscale Sync="TRUE">0</attscale></attr><enttyp><enttypl Sync="TRUE">Easements</enttypl><enttypt Sync="TRUE">Feature Class</enttypt><enttypc Sync="TRUE">0</enttypc></enttyp><attr><attrlabl Sync="TRUE">ID</attrlabl><attalias Sync="TRUE">ID</attalias><attrtype Sync="TRUE">Double</attrtype><attwidth Sync="TRUE">10</attwidth><atprecis Sync="TRUE">10</atprecis><attscale Sync="TRUE">0</attscale></attr><attr><attrlabl Sync="TRUE">WIDTH</attrlabl><attalias Sync="TRUE">Width</attalias><attrtype Sync="TRUE">String</attrtype><attwidth Sync="TRUE">6</attwidth><atprecis Sync="TRUE">0</atprecis><attscale Sync="TRUE">0</attscale></attr><attr><attrlabl Sync="TRUE">OWNER</attrlabl><attalias Sync="TRUE">Owner</attalias><attrtype Sync="TRUE">String</attrtype><attwidth Sync="TRUE">24</attwidth><atprecis Sync="TRUE">0</atprecis><attscale Sync="TRUE">0</attscale></attr><attr><attrlabl Sync="TRUE">LASTEDIT</attrlabl><attalias Sync="TRUE">LastEdit</attalias><attrtype Sync="TRUE">Date</attrtype><attwidth Sync="TRUE">8</attwidth><atprecis Sync="TRUE">0</atprecis><attscale Sync="TRUE">0</attscale></attr><attr><attrlabl Sync="TRUE">INSTRNUM</attrlabl><attalias Sync="TRUE">InstrNum</attalias><attrtype Sync="TRUE">Double</attrtype><attwidth Sync="TRUE">10</attwidth><atprecis Sync="TRUE">10</atprecis><attscale Sync="TRUE">0</attscale></attr><attr><attrlabl Sync="TRUE">SHAPE</attrlabl><attalias Sync="TRUE">Shape</attalias><attrtype Sync="TRUE">Geometry</attrtype><attwidth Sync="TRUE">0</attwidth><atprecis Sync="TRUE">0</atprecis><attscale Sync="TRUE">0</attscale><attrdef Sync="TRUE">Feature geometry.</attrdef><attrdefs Sync="TRUE">ESRI</attrdefs><attrdomv><udom Sync="TRUE">Coordinates defining the features.</udom></attrdomv></attr><attr><attrlabl Sync="TRUE">Shape</attrlabl><attalias Sync="TRUE">Survey</attalias><attrtype Sync="TRUE">String</attrtype><attwidth Sync="TRUE">50</attwidth><atprecis Sync="TRUE">0</atprecis><attscale Sync="TRUE">0</attscale><attrdef Sync="TRUE">Feature geometry.</attrdef><attrdefs Sync="TRUE">ESRI</attrdefs><attrdomv><udom Sync="TRUE">Coordinates defining the features.</udom></attrdomv></attr><subtype><stname Sync="TRUE">Undefined</stname><stcode Sync="TRUE">0</stcode><stfield><stfldnm Sync="TRUE">ID</stfldnm><stflddv Sync="TRUE">0</stflddv></stfield><stfield><stfldnm Sync="TRUE">EditBy</stfldnm><stflddv Sync="TRUE">Assess</stflddv><stflddd><domname Sync="TRUE">EditBy</domname><domdesc Sync="TRUE">Last Edited By</domdesc><domtype Sync="TRUE">Coded Value</domtype><mrgtype Sync="TRUE">Default value</mrgtype><splttype Sync="TRUE">Duplicate</splttype><domowner Sync="TRUE"></domowner><domfldtp Sync="TRUE">String</domfldtp></stflddd></stfield></subtype><subtype><stname Sync="TRUE">Util-Gen</stname><stcode Sync="TRUE">10</stcode><stfield><stfldnm Sync="TRUE">ID</stfldnm><stflddv Sync="TRUE">0</stflddv></stfield><stfield><stfldnm Sync="TRUE">EditBy</stfldnm><stflddd><domname Sync="TRUE">EditBy</domname><domdesc Sync="TRUE">Last Edited By</domdesc><domtype Sync="TRUE">Coded Value</domtype><mrgtype Sync="TRUE">Default value</mrgtype><splttype Sync="TRUE">Duplicate</splttype><domowner Sync="TRUE"></domowner><domfldtp Sync="TRUE">String</domfldtp></stflddd></stfield></subtype><subtype><stname Sync="TRUE">Util-Comm</stname><stcode Sync="TRUE">11</stcode><stfield><stfldnm Sync="TRUE">ID</stfldnm><stflddv Sync="TRUE">0</stflddv></stfield><stfield><stfldnm Sync="TRUE">EditBy</stfldnm><stflddd><domname Sync="TRUE">EditBy</domname><domdesc Sync="TRUE">Last Edited By</domdesc><domtype Sync="TRUE">Coded Value</domtype><mrgtype Sync="TRUE">Default value</mrgtype><splttype Sync="TRUE">Duplicate</splttype><domowner Sync="TRUE"></domowner><domfldtp Sync="TRUE">String</domfldtp></stflddd></stfield></subtype><subtype><stname Sync="TRUE">Util-Elec</stname><stcode Sync="TRUE">12</stcode><stfield><stfldnm Sync="TRUE">ID</stfldnm><stflddv Sync="TRUE">0</stflddv></stfield><stfield><stfldnm Sync="TRUE">EditBy</stfldnm><stflddd><domname Sync="TRUE">EditBy</domname><domdesc Sync="TRUE">Last Edited By</domdesc><domtype Sync="TRUE">Coded Value</domtype><mrgtype Sync="TRUE">Default value</mrgtype><splttype Sync="TRUE">Duplicate</splttype><domowner Sync="TRUE"></domowner><domfldtp Sync="TRUE">String</domfldtp></stflddd></stfield></subtype><subtype><stname Sync="TRUE">Util-Gas</stname><stcode Sync="TRUE">13</stcode><stfield><stfldnm Sync="TRUE">ID</stfldnm><stflddv Sync="TRUE">0</stflddv></stfield><stfield><stfldnm Sync="TRUE">EditBy</stfldnm><stflddd><domname Sync="TRUE">EditBy</domname><domdesc Sync="TRUE">Last Edited By</domdesc><domtype Sync="TRUE">Coded Value</domtype><mrgtype Sync="TRUE">Default value</mrgtype><splttype Sync="TRUE">Duplicate</splttype><domowner Sync="TRUE"></domowner><domfldtp Sync="TRUE">String</domfldtp></stflddd></stfield></subtype><subtype><stname Sync="TRUE">Util-Water</stname><stcode Sync="TRUE">14</stcode><stfield><stfldnm Sync="TRUE">ID</stfldnm><stflddv Sync="TRUE">0</stflddv></stfield><stfield><stfldnm Sync="TRUE">EditBy</stfldnm><stflddd><domname Sync="TRUE">EditBy</domname><domdesc Sync="TRUE">Last Edited By</domdesc><domtype Sync="TRUE">Coded Value</domtype><mrgtype Sync="TRUE">Default value</mrgtype><splttype Sync="TRUE">Duplicate</splttype><domowner Sync="TRUE"></domowner><domfldtp Sync="TRUE">String</domfldtp></stflddd></stfield></subtype><subtype><stname Sync="TRUE">Util-San</stname><stcode Sync="TRUE">15</stcode><stfield><stfldnm Sync="TRUE">ID</stfldnm><stflddv Sync="TRUE">0</stflddv></stfield><stfield><stfldnm Sync="TRUE">EditBy</stfldnm><stflddd><domname Sync="TRUE">EditBy</domname><domdesc Sync="TRUE">Last Edited By</domdesc><domtype Sync="TRUE">Coded Value</domtype><mrgtype Sync="TRUE">Default value</mrgtype><splttype Sync="TRUE">Duplicate</splttype><domowner Sync="TRUE"></domowner><domfldtp Sync="TRUE">String</domfldtp></stflddd></stfield></subtype><subtype><stname Sync="TRUE">Drainage</stname><stcode Sync="TRUE">20</stcode><stfield><stfldnm Sync="TRUE">ID</stfldnm><stflddv Sync="TRUE">0</stflddv></stfield><stfield><stfldnm Sync="TRUE">EditBy</stfldnm><stflddd><domname Sync="TRUE">EditBy</domname><domdesc Sync="TRUE">Last Edited By</domdesc><domtype Sync="TRUE">Coded Value</domtype><mrgtype Sync="TRUE">Default value</mrgtype><splttype Sync="TRUE">Duplicate</splttype><domowner Sync="TRUE"></domowner><domfldtp Sync="TRUE">String</domfldtp></stflddd></stfield></subtype><subtype><stname Sync="TRUE">BurDrain</stname><stcode Sync="TRUE">22</stcode><stfield><stfldnm Sync="TRUE">ID</stfldnm><stflddv Sync="TRUE">0</stflddv></stfield><stfield><stfldnm Sync="TRUE">EditBy</stfldnm><stflddd><domname Sync="TRUE">EditBy</domname><domdesc Sync="TRUE">Last Edited By</domdesc><domtype Sync="TRUE">Coded Value</domtype><mrgtype Sync="TRUE">Default value</mrgtype><splttype Sync="TRUE">Duplicate</splttype><domowner Sync="TRUE"></domowner><domfldtp Sync="TRUE">String</domfldtp></stflddd></stfield></subtype><subtype><stname Sync="TRUE">Util-Storm</stname><stcode Sync="TRUE">21</stcode><stfield><stfldnm Sync="TRUE">ID</stfldnm><stflddv Sync="TRUE">0</stflddv></stfield><stfield><stfldnm Sync="TRUE">EditBy</stfldnm><stflddv Sync="TRUE">Assess</stflddv><stflddd><domname Sync="TRUE">EditBy</domname><domdesc Sync="TRUE">Last Edited By</domdesc><domtype Sync="TRUE">Coded Value</domtype><mrgtype Sync="TRUE">Default value</mrgtype><splttype Sync="TRUE">Duplicate</splttype><domowner Sync="TRUE"></domowner><domfldtp Sync="TRUE">String</domfldtp></stflddd></stfield></subtype><subtype><stname Sync="TRUE">General</stname><stcode Sync="TRUE">30</stcode><stfield><stfldnm Sync="TRUE">ID</stfldnm><stflddv Sync="TRUE">0</stflddv></stfield><stfield><stfldnm Sync="TRUE">EditBy</stfldnm><stflddd><domname Sync="TRUE">EditBy</domname><domdesc Sync="TRUE">Last Edited By</domdesc><domtype Sync="TRUE">Coded Value</domtype><mrgtype Sync="TRUE">Default value</mrgtype><splttype Sync="TRUE">Duplicate</splttype><domowner Sync="TRUE"></domowner><domfldtp Sync="TRUE">String</domfldtp></stflddd></stfield></subtype><subtype><stname Sync="TRUE">Ingr-Egress</stname><stcode Sync="TRUE">31</stcode><stfield><stfldnm Sync="TRUE">ID</stfldnm><stflddv Sync="TRUE">0</stflddv></stfield><stfield><stfldnm Sync="TRUE">EditBy</stfldnm><stflddd><domname Sync="TRUE">EditBy</domname><domdesc Sync="TRUE">Last Edited By</domdesc><domtype Sync="TRUE">Coded Value</domtype><mrgtype Sync="TRUE">Default value</mrgtype><splttype Sync="TRUE">Duplicate</splttype><domowner Sync="TRUE"></domowner><domfldtp Sync="TRUE">String</domfldtp></stflddd></stfield></subtype><subtype><stname Sync="TRUE">Sidewalk</stname><stcode Sync="TRUE">32</stcode><stfield><stfldnm Sync="TRUE">ID</stfldnm><stflddv Sync="TRUE">0</stflddv></stfield><stfield><stfldnm Sync="TRUE">EditBy</stfldnm><stflddd><domname Sync="TRUE">EditBy</domname><domdesc Sync="TRUE">Last Edited By</domdesc><domtype Sync="TRUE">Coded Value</domtype><mrgtype Sync="TRUE">Default value</mrgtype><splttype Sync="TRUE">Duplicate</splttype><domowner Sync="TRUE"></domowner><domfldtp Sync="TRUE">String</domfldtp></stflddd></stfield></subtype><subtype><stname Sync="TRUE">Archeology</stname><stcode Sync="TRUE">41</stcode><stfield><stfldnm Sync="TRUE">ID</stfldnm><stflddv Sync="TRUE">0</stflddv></stfield><stfield><stfldnm Sync="TRUE">EditBy</stfldnm><stflddd><domname Sync="TRUE">EditBy</domname><domdesc Sync="TRUE">Last Edited By</domdesc><domtype Sync="TRUE">Coded Value</domtype><mrgtype Sync="TRUE">Default value</mrgtype><splttype Sync="TRUE">Duplicate</splttype><domowner Sync="TRUE"></domowner><domfldtp Sync="TRUE">String</domfldtp></stflddd></stfield></subtype><attr><attrlabl Sync="TRUE">Survey</attrlabl><attalias Sync="TRUE">EditBy</attalias><attrtype Sync="TRUE">String</attrtype><attwidth Sync="TRUE">16</attwidth><atprecis Sync="TRUE">0</atprecis><attscale Sync="TRUE">0</attscale></attr><attr><attrlabl Sync="TRUE">SurvDate</attrlabl><attalias Sync="TRUE">SurvDate</attalias><attrtype Sync="TRUE">Date</attrtype><attwidth Sync="TRUE">8</attwidth><atprecis Sync="TRUE">0</atprecis><attscale Sync="TRUE">0</attscale></attr><subtype><stname Sync="TRUE">Conservation</stname><stcode Sync="TRUE">42</stcode><stfield><stfldnm Sync="TRUE">ID</stfldnm><stflddv Sync="TRUE">0</stflddv></stfield><stfield><stfldnm Sync="TRUE">EditBy</stfldnm><stflddd><domname Sync="TRUE">EditBy</domname><domdesc Sync="TRUE">Last Edited By</domdesc><domtype Sync="TRUE">Coded Value</domtype><mrgtype Sync="TRUE">Default value</mrgtype><splttype Sync="TRUE">Duplicate</splttype><domowner Sync="TRUE"></domowner><domfldtp Sync="TRUE">String</domfldtp></stflddd></stfield></subtype><subtype><stname Sync="TRUE">Pedestrian</stname><stcode Sync="TRUE">33</stcode><stfield><stfldnm Sync="TRUE">ID</stfldnm><stflddv Sync="TRUE">0</stflddv></stfield><stfield><stfldnm Sync="TRUE">EditBy</stfldnm><stflddd><domname Sync="TRUE">EditBy</domname><domdesc Sync="TRUE">Last Edited By</domdesc><domtype Sync="TRUE">Coded Value</domtype><mrgtype Sync="TRUE">Default value</mrgtype><splttype Sync="TRUE">Duplicate</splttype><domowner Sync="TRUE"></domowner><domfldtp Sync="TRUE">String</domfldtp></stflddd></stfield></subtype><attr><attrlabl Sync="TRUE">DeedPlatRe</attrlabl><attalias Sync="TRUE">DeedPlatRe</attalias><attrtype Sync="TRUE">String</attrtype><attwidth Sync="TRUE">32</attwidth><atprecis Sync="TRUE">0</atprecis><attscale Sync="TRUE">0</attscale></attr><subtype><stname Sync="TRUE">100-yr Flood</stname><stcode Sync="TRUE">51</stcode><stfield><stfldnm Sync="TRUE">ID</stfldnm><stflddv Sync="TRUE">0</stflddv></stfield><stfield><stfldnm Sync="TRUE">EditBy</stfldnm><stflddd><domname Sync="TRUE">EditBy</domname><domdesc Sync="TRUE">Last Edited By</domdesc><domtype Sync="TRUE">Coded Value</domtype><mrgtype Sync="TRUE">Default value</mrgtype><splttype Sync="TRUE">Duplicate</splttype><domowner Sync="TRUE"></domowner><domfldtp Sync="TRUE">String</domfldtp></stflddd></stfield></subtype><attr><attrlabl Sync="TRUE">EditBy</attrlabl><attalias Sync="TRUE">SourceFile</attalias><attrtype Sync="TRUE">String</attrtype><attwidth Sync="TRUE">50</attwidth><atprecis Sync="TRUE">0</atprecis><attscale Sync="TRUE">0</attscale></attr><attr><attrlabl Sync="TRUE">SourceFile</attrlabl><attalias Sync="TRUE">FileDate</attalias><attrtype Sync="TRUE">Date</attrtype><attwidth Sync="TRUE">8</attwidth><atprecis Sync="TRUE">0</atprecis><attscale Sync="TRUE">0</attscale></attr><attr><attrlabl Sync="TRUE">FileDate</attrlabl><attalias Sync="TRUE">RecDate</attalias><attrtype Sync="TRUE">Date</attrtype><attwidth Sync="TRUE">8</attwidth><atprecis Sync="TRUE">0</atprecis><attscale Sync="TRUE">0</attscale></attr><attr><attrlabl Sync="TRUE">RecDate</attrlabl><attalias Sync="TRUE">Shape_area</attalias><attrtype Sync="TRUE">Double</attrtype><attwidth Sync="TRUE">19</attwidth><atprecis Sync="TRUE">0</atprecis><attscale Sync="TRUE">0</attscale><attrdef Sync="TRUE">Area of feature in internal units squared.</attrdef><attrdefs Sync="TRUE">ESRI</attrdefs><attrdomv><udom Sync="TRUE">Positive real numbers that are automatically generated.</udom></attrdomv></attr><attr><attrlabl Sync="TRUE">Shape_Area</attrlabl><attalias Sync="TRUE">FID</attalias><attrtype Sync="TRUE">OID</attrtype><attwidth Sync="TRUE">4</attwidth><atprecis Sync="TRUE">0</atprecis><attscale Sync="TRUE">0</attscale><attrdef Sync="TRUE">Area of feature in internal units squared.</attrdef><attrdefs Sync="TRUE">ESRI</attrdefs><attrdomv><udom Sync="TRUE">Positive real numbers that are automatically generated.</udom></attrdomv></attr><attr><attrlabl Sync="TRUE">Shape_len</attrlabl><attalias Sync="TRUE">Shape_len</attalias><attrtype Sync="TRUE">Double</attrtype><attwidth Sync="TRUE">19</attwidth><atprecis Sync="TRUE">0</atprecis><attscale Sync="TRUE">0</attscale></attr></detailed></eainfo><mdDateSt Sync="TRUE">20131205</mdDateSt><dataqual><lineage><procstep><procdesc Sync="TRUE">Dataset copied.</procdesc><srcused Sync="TRUE">Server=gissql; Service=5151; Database=citygdb; User=sa; Version=sde.DEFAULT</srcused><date Sync="TRUE">20080715</date><time Sync="TRUE">13462100</time></procstep><procstep><procdesc Sync="TRUE">Dataset copied.</procdesc><srcused Sync="TRUE">Server=gissql; Service=5152; Database=citynew; User=sa; Version=dbo.DEFAULT</srcused><date Sync="TRUE">20080716</date><time Sync="TRUE">15332200</time></procstep><procstep><procdesc Sync="TRUE">Dataset copied.</procdesc><srcused Sync="TRUE">\\cow-fp\gis\Assessor\MDBs\CityHoldforCopy.gdb</srcused><procdate Sync="TRUE">20101222</procdate><proctime Sync="TRUE">14535200</proctime></procstep></lineage></dataqual></metadata>
