<?xml version="1.0" encoding="UTF-8"?>
<metadata xml:lang="en"><Esri><CreaDate>20140404</CreaDate><CreaTime>15513000</CreaTime><ArcGISFormat>1.0</ArcGISFormat><ArcGISstyle>FGDC CSDGM Metadata</ArcGISstyle><SyncOnce>TRUE</SyncOnce><DataProperties><lineage><Process Name="Export to CAD" ToolSource="C:\Program Files (x86)\ArcGIS\Desktop10.0\ArcToolbox\Toolboxes\Conversion Tools.tbx\ExportCAD" Date="20140404" Time="155130">ExportCAD '\\tempest\shared\GIS\Data\Sharing\Data Download Portal\Staging\Planning\PlanningGDB\Planning.gdb\Zoning';'\\tempest\shared\GIS\Data\Sharing\Data Download Portal\Staging\Planning\PlanningGDB\Planning.gdb\StateNationalHistoricDistrict';'\\tempest\shared\GIS\Data\Sharing\Data Download Portal\Staging\Planning\PlanningGDB\Planning.gdb\FutureLandUse';'\\tempest\shared\GIS\Data\Sharing\Data Download Portal\Staging\Planning\PlanningGDB\Planning.gdb\ConditionalUsePermitLabel';'\\tempest\shared\GIS\Data\Sharing\Data Download Portal\Staging\Planning\PlanningGDB\Planning.gdb\ScenicCorridor';'\\tempest\shared\GIS\Data\Sharing\Data Download Portal\Staging\Planning\PlanningGDB\Planning.gdb\Neighborhood';'\\tempest\shared\GIS\Data\Sharing\Data Download Portal\Staging\Planning\PlanningGDB\Planning.gdb\ConditionalUsePermit';'\\tempest\shared\GIS\Data\Sharing\Data Download Portal\Staging\Planning\PlanningGDB\Planning.gdb\LocalHistoricDistrict';'\\Tempest\Shared\GIS\Data\Sharing\Data Download Portal\Staging\Planning\PlanningGDB\Planning.gdb\CommunityDevelopmentBlockGrant';'\\tempest\shared\GIS\Data\Sharing\Data Download Portal\Staging\Planning\PlanningGDB\Planning.gdb\FifthStRevitalization';'\\tempest\shared\GIS\Data\Sharing\Data Download Portal\Staging\Planning\PlanningGDB\Planning.gdb\CommercialCorridor';'\\tempest\shared\GIS\Data\Sharing\Data Download Portal\Staging\Planning\PlanningGDB\Planning.gdb\ClusteredCommercial' DWG_R2000 "\\tempest\shared\GIS\Data\Sharing\Data Download Portal\Staging\Planning\PlanningDWG\Planning.dwg" Ignore_Filenames_in_Tables Overwrite_Existing_Files #</Process></lineage></DataProperties></Esri></metadata>
