<?xml version="1.0"?>
<!--<!DOCTYPE metadata SYSTEM "http://www.esri.com/metadata/esriprof80.dtd">-->
<metadata xml:lang="en"><Esri><MetaID>{2909A596-0402-4EFB-87C0-38B4D5E2C050}</MetaID><CreaDate>20140131</CreaDate><CreaTime>14350100</CreaTime><SyncOnce>FALSE</SyncOnce><SyncDate>20140211</SyncDate><SyncTime>07532300</SyncTime><ModDate>20140211</ModDate><ModTime>07532300</ModTime><DataProperties><lineage><Process ToolSource="C:\Program Files\ArcGIS\ArcToolbox\Toolboxes\Data Management Tools.tbx\CopyFeatures" Date="20140131" Time="143527">CopyFeatures "Database Connections\sde_vector.sde\SDE_VECTOR.DBO.SV_LPST_WILLNEW2" D:\osrr_013114.mdb\SDE_VECTOR_DBO_SV_LPST_WILLNEW2 # 0 0 0</Process><Process ToolSource="c:\program files (x86)\arcgis\desktop10.1\ArcToolbox\Toolboxes\Conversion Tools.tbx\FeatureClassToFeatureClass" Date="20140211" Time="075346">FeatureClassToFeatureClass "C:\My Documents\GIS_Datasets\lpst_02032014\osrr_013114.mdb\SDE_VECTOR_DBO_SV_LPST" "C:\My Documents\GIS_Datasets\lpst_02032014" lpst_02052014.shp # "PCNUM "PCNUM" true false false 9 Text 0 0 ,First,#,C:\My Documents\GIS_Datasets\lpst_02032014\osrr_013114.mdb\SDE_VECTOR_DBO_SV_LPST,PCNUM,-1,-1;RST_ID "RST_ID" true true false 50 Text 0 0 ,First,#,C:\My Documents\GIS_Datasets\lpst_02032014\osrr_013114.mdb\SDE_VECTOR_DBO_SV_LPST,RST_ID,-1,-1;RST_NAME "RST_NAME" true false false 50 Text 0 0 ,First,#,C:\My Documents\GIS_Datasets\lpst_02032014\osrr_013114.mdb\SDE_VECTOR_DBO_SV_LPST,RST_NAME,-1,-1;RST_REC_CO "RST_REC_CO" true false false 4 Text 0 0 ,First,#,C:\My Documents\GIS_Datasets\lpst_02032014\osrr_013114.mdb\SDE_VECTOR_DBO_SV_LPST,RST_REC_CODE,-1,-1;RST_PRIORI "RST_PRIORI" true true false 1 Text 0 0 ,First,#,C:\My Documents\GIS_Datasets\lpst_02032014\osrr_013114.mdb\SDE_VECTOR_DBO_SV_LPST,RST_PRIORITY,-1,-1;RST_STATUS "RST_STATUS" true true false 8 Text 0 0 ,First,#,C:\My Documents\GIS_Datasets\lpst_02032014\osrr_013114.mdb\SDE_VECTOR_DBO_SV_LPST,RST_STATUS_IND,-1,-1;RST_SUSPEC "RST_SUSPEC" true true false 10 Text 0 0 ,First,#,C:\My Documents\GIS_Datasets\lpst_02032014\osrr_013114.mdb\SDE_VECTOR_DBO_SV_LPST,RST_SUSPECT_CONFIRM_IND,-1,-1;NAME "NAME" true true false 2147483647 Text 0 0 ,First,#,C:\My Documents\GIS_Datasets\lpst_02032014\osrr_013114.mdb\SDE_VECTOR_DBO_SV_LPST,NAME,-1,-1;LATITUDE "LATITUDE" true true false 8 Double 0 0 ,First,#,C:\My Documents\GIS_Datasets\lpst_02032014\osrr_013114.mdb\SDE_VECTOR_DBO_SV_LPST,LATITUDE,-1,-1;LONGITUDE "LONGITUDE" true true false 8 Double 0 0 ,First,#,C:\My Documents\GIS_Datasets\lpst_02032014\osrr_013114.mdb\SDE_VECTOR_DBO_SV_LPST,LONGITUDE,-1,-1;LAST_EDIT_ "LAST_EDIT_" true true false 50 Text 0 0 ,First,#,C:\My Documents\GIS_Datasets\lpst_02032014\osrr_013114.mdb\SDE_VECTOR_DBO_SV_LPST,LAST_EDIT_LOGIN,-1,-1;LAST_EDIT1 "LAST_EDIT1" true true false 8 Date 0 0 ,First,#,C:\My Documents\GIS_Datasets\lpst_02032014\osrr_013114.mdb\SDE_VECTOR_DBO_SV_LPST,LAST_EDIT_TIMESTAMP,-1,-1;ACCURACY "ACCURACY" true true false 1 Text 0 0 ,First,#,C:\My Documents\GIS_Datasets\lpst_02032014\osrr_013114.mdb\SDE_VECTOR_DBO_SV_LPST,ACCURACY,-1,-1;FAC_L_ADDR "FAC_L_ADDR" true true false 50 Text 0 0 ,First,#,C:\My Documents\GIS_Datasets\lpst_02032014\osrr_013114.mdb\SDE_VECTOR_DBO_SV_LPST,FAC_L_ADDR_1,-1,-1;FAC_L_CITY "FAC_L_CITY" true true false 40 Text 0 0 ,First,#,C:\My Documents\GIS_Datasets\lpst_02032014\osrr_013114.mdb\SDE_VECTOR_DBO_SV_LPST,FAC_L_CITY,-1,-1;FAC_L_ZIP5 "FAC_L_ZIP5" true true false 5 Text 0 0 ,First,#,C:\My Documents\GIS_Datasets\lpst_02032014\osrr_013114.mdb\SDE_VECTOR_DBO_SV_LPST,FAC_L_ZIP5,-1,-1;DES_FIRST_ "DES_FIRST_" true true false 15 Text 0 0 ,First,#,C:\My Documents\GIS_Datasets\lpst_02032014\osrr_013114.mdb\SDE_VECTOR_DBO_SV_LPST,DES_FIRST_NAME,-1,-1;DES_LAST_N "DES_LAST_N" true true false 20 Text 0 0 ,First,#,C:\My Documents\GIS_Datasets\lpst_02032014\osrr_013114.mdb\SDE_VECTOR_DBO_SV_LPST,DES_LAST_NAME,-1,-1;RST_FED_RE "RST_FED_RE" true false false 1 Text 0 0 ,First,#,C:\My Documents\GIS_Datasets\lpst_02032014\osrr_013114.mdb\SDE_VECTOR_DBO_SV_LPST,RST_FED_REG_TANK,-1,-1" #</Process></lineage><itemProps><itemName Sync="TRUE">lpst_02052014</itemName><imsContentType Sync="TRUE">002</imsContentType><itemSize Sync="TRUE">0.000</itemSize><itemLocation><linkage Sync="TRUE">file://\\NG00157721\C$\My Documents\GIS_Datasets\lpst_02032014\lpst_02052014.shp</linkage><protocol Sync="TRUE">Local Area Network</protocol></itemLocation></itemProps><coordRef><type Sync="TRUE">Projected</type><geogcsn Sync="TRUE">GCS_North_American_1983</geogcsn><csUnits Sync="TRUE">Linear Unit: Meter (1.000000)</csUnits><projcsn Sync="TRUE">Lambert_Conformal_Conic_Virginia</projcsn><peXml Sync="TRUE">&lt;ProjectedCoordinateSystem xsi:type='typens:ProjectedCoordinateSystem' xmlns:xsi='http://www.w3.org/2001/XMLSchema-instance' xmlns:xs='http://www.w3.org/2001/XMLSchema' xmlns:typens='http://www.esri.com/schemas/ArcGIS/10.1'&gt;&lt;WKT&gt;PROJCS[&amp;quot;Lambert_Conformal_Conic_Virginia&amp;quot;,GEOGCS[&amp;quot;GCS_North_American_1983&amp;quot;,DATUM[&amp;quot;D_North_American_1983&amp;quot;,SPHEROID[&amp;quot;GRS_1980&amp;quot;,6378137.0,298.257222101]],PRIMEM[&amp;quot;Greenwich&amp;quot;,0.0],UNIT[&amp;quot;Degree&amp;quot;,0.0174532925199433]],PROJECTION[&amp;quot;Lambert_Conformal_Conic&amp;quot;],PARAMETER[&amp;quot;False_Easting&amp;quot;,0.0],PARAMETER[&amp;quot;False_Northing&amp;quot;,0.0],PARAMETER[&amp;quot;Central_Meridian&amp;quot;,-79.5],PARAMETER[&amp;quot;Standard_Parallel_1&amp;quot;,37.0],PARAMETER[&amp;quot;Standard_Parallel_2&amp;quot;,39.5],PARAMETER[&amp;quot;Latitude_Of_Origin&amp;quot;,36.0],UNIT[&amp;quot;Meter&amp;quot;,1.0]]&lt;/WKT&gt;&lt;XOrigin&gt;-37232800&lt;/XOrigin&gt;&lt;YOrigin&gt;-28884600&lt;/YOrigin&gt;&lt;XYScale&gt;120957855.10008635&lt;/XYScale&gt;&lt;ZOrigin&gt;-100000&lt;/ZOrigin&gt;&lt;ZScale&gt;10000&lt;/ZScale&gt;&lt;MOrigin&gt;-100000&lt;/MOrigin&gt;&lt;MScale&gt;10000&lt;/MScale&gt;&lt;XYTolerance&gt;0.001&lt;/XYTolerance&gt;&lt;ZTolerance&gt;0.001&lt;/ZTolerance&gt;&lt;MTolerance&gt;0.001&lt;/MTolerance&gt;&lt;HighPrecision&gt;true&lt;/HighPrecision&gt;&lt;/ProjectedCoordinateSystem&gt;</peXml></coordRef></DataProperties></Esri><idinfo><native Sync="TRUE">Microsoft Windows 2000 Version 5.2 (Build 3790) Service Pack 2; ESRI ArcCatalog 9.1.0.780</native><descript><langdata Sync="TRUE">en</langdata><abstract>REQUIRED: A brief narrative summary of the data set.</abstract><purpose>REQUIRED: A summary of the intentions with which the data set was developed.</purpose></descript><citation><citeinfo><origin>REQUIRED: The name of an organization or individual that developed the data set.</origin><pubdate>REQUIRED: The date when the data set is published or otherwise made available for release.</pubdate><title Sync="TRUE">SDE_VECTOR_DBO_SV_LPST_WILLNEW2</title><ftname Sync="TRUE">SDE_VECTOR_DBO_SV_LPST_WILLNEW2</ftname><geoform Sync="TRUE">vector digital data</geoform><onlink Sync="TRUE">\\THETIS\D$\osrr_013114.mdb</onlink></citeinfo></citation><timeperd><current>REQUIRED: The basis on which the time period of content information is determined.</current><timeinfo><sngdate><caldate>REQUIRED: The year (and optionally month, or month and day) for which the data set corresponds to the ground.</caldate></sngdate></timeinfo></timeperd><status><progress>REQUIRED: The state of the data set.</progress><update>REQUIRED: The frequency with which changes and additions are made to the data set after the initial data set is completed.</update></status><spdom><bounding><westbc Sync="TRUE">REQUIRED: Western-most coordinate of the limit of coverage expressed in longitude.</westbc><eastbc Sync="TRUE">REQUIRED: Eastern-most coordinate of the limit of coverage expressed in longitude.</eastbc><northbc Sync="TRUE">REQUIRED: Northern-most coordinate of the limit of coverage expressed in latitude.</northbc><southbc Sync="TRUE">REQUIRED: Southern-most coordinate of the limit of coverage expressed in latitude.</southbc></bounding></spdom><keywords><theme><themekt>REQUIRED: Reference to a formally registered thesaurus or a similar authoritative source of theme keywords.</themekt><themekey>REQUIRED: Common-use word or phrase used to describe the subject of the data set.</themekey></theme></keywords><accconst>REQUIRED: Restrictions and legal prerequisites for accessing the data set.</accconst><useconst>REQUIRED: Restrictions and legal prerequisites for using the data set after access is granted.</useconst><natvform Sync="TRUE">Personal GeoDatabase Feature Class</natvform></idinfo><dataIdInfo><envirDesc Sync="TRUE">Microsoft Windows 7 Version 6.1 (Build 7601) Service Pack 1; Esri ArcGIS 10.1.0.3035</envirDesc><dataLang><languageCode Sync="TRUE" value="eng"></languageCode><countryCode value="USA" Sync="TRUE"></countryCode></dataLang><idCitation><resTitle Sync="TRUE">lpst_02052014</resTitle><presForm><PresFormCd Sync="TRUE" value="005"></PresFormCd></presForm></idCitation><spatRpType><SpatRepTypCd Sync="TRUE" value="001"></SpatRepTypCd></spatRpType></dataIdInfo><metainfo><langmeta Sync="TRUE">en</langmeta><metstdn Sync="TRUE">FGDC Content Standards for Digital Geospatial Metadata</metstdn><metstdv Sync="TRUE">FGDC-STD-001-1998</metstdv><mettc Sync="TRUE">local time</mettc><metc><cntinfo><cntorgp><cntper>REQUIRED: The person responsible for the metadata information.</cntper><cntorg>REQUIRED: The organization responsible for the metadata information.</cntorg></cntorgp><cntaddr><addrtype>REQUIRED: The mailing and/or physical address for the organization or individual.</addrtype><city>REQUIRED: The city of the address.</city><state>REQUIRED: The state or province of the address.</state><postal>REQUIRED: The ZIP or other postal code of the address.</postal></cntaddr><cntvoice>REQUIRED: The telephone number by which individuals can speak to the organization or individual.</cntvoice></cntinfo></metc><metd Sync="TRUE">20140131</metd></metainfo><mdLang><languageCode Sync="TRUE" value="eng"></languageCode><countryCode value="USA" Sync="TRUE"></countryCode></mdLang><mdStanName Sync="TRUE">ISO 19115 Geographic Information - Metadata</mdStanName><mdStanVer Sync="TRUE">DIS_ESRI1.0</mdStanVer><mdChar><CharSetCd Sync="TRUE" value="004"></CharSetCd></mdChar><mdHrLv><ScopeCd Sync="TRUE" value="005"></ScopeCd></mdHrLv><mdHrLvName Sync="TRUE">dataset</mdHrLvName><distinfo><resdesc Sync="TRUE">Downloadable Data</resdesc></distinfo><distInfo><distributor><distorTran><onLineSrc><orDesc Sync="TRUE">002</orDesc><linkage Sync="TRUE">file://\\THETIS\D$\osrr_013114.mdb</linkage><protocol Sync="TRUE">Local Area Network</protocol></onLineSrc></distorTran><distorFormat><formatName Sync="TRUE">Personal GeoDatabase Feature Class</formatName></distorFormat></distributor><distFormat><formatName Sync="TRUE">Shapefile</formatName></distFormat><distTranOps><transSize Sync="TRUE">0.000</transSize></distTranOps></distInfo><spdoinfo><direct Sync="TRUE">Vector</direct><ptvctinf><esriterm Name="lpst_02052014"><efeatyp Sync="TRUE">Simple</efeatyp><efeageom code="1" Sync="TRUE"></efeageom><esritopo Sync="TRUE">FALSE</esritopo><efeacnt Sync="TRUE">0</efeacnt><spindex Sync="TRUE">FALSE</spindex><linrefer Sync="TRUE">FALSE</linrefer></esriterm></ptvctinf></spdoinfo><spref><horizsys><cordsysn><geogcsn Sync="TRUE">GCS_North_American_1983</geogcsn><projcsn Sync="TRUE">Lambert_Conformal_Conic_Virginia</projcsn></cordsysn><planar><planci><plance Sync="TRUE">coordinate pair</plance><plandu Sync="TRUE">meters</plandu><coordrep><absres Sync="TRUE">0.000358</absres><ordres Sync="TRUE">0.000358</ordres></coordrep></planci></planar><geodetic><horizdn Sync="TRUE">North American Datum of 1983</horizdn><ellips Sync="TRUE">Geodetic Reference System 80</ellips><semiaxis Sync="TRUE">6378137.000000</semiaxis><denflat Sync="TRUE">298.257222</denflat></geodetic></horizsys><vertdef><altsys><altenc Sync="TRUE">Explicit elevation coordinate included with horizontal coordinates</altenc><altres Sync="TRUE">1.000000</altres></altsys></vertdef></spref><refSysInfo><RefSystem><refSysID><identCode Sync="TRUE" value="0">Lambert_Conformal_Conic_Virginia</identCode></refSysID></RefSystem></refSysInfo><spatRepInfo><VectSpatRep><geometObjs Name="lpst_02052014"><geoObjTyp><GeoObjTypCd value="004" Sync="TRUE"></GeoObjTypCd></geoObjTyp><geoObjCnt Sync="TRUE">0</geoObjCnt></geometObjs><topLvl><TopoLevCd value="001" Sync="TRUE"></TopoLevCd></topLvl></VectSpatRep></spatRepInfo><eainfo><detailed Name="lpst_02052014"><enttyp><enttypl Sync="TRUE">lpst_02052014</enttypl><enttypt Sync="TRUE">Feature Class</enttypt><enttypc Sync="TRUE">0</enttypc></enttyp><attr><attrlabl Sync="TRUE">FID</attrlabl><attalias Sync="TRUE">FID</attalias><attrtype Sync="TRUE">OID</attrtype><attwidth Sync="TRUE">4</attwidth><atprecis Sync="TRUE">0</atprecis><attscale Sync="TRUE">0</attscale><attrdef Sync="TRUE">Internal feature number.</attrdef><attrdefs Sync="TRUE">Esri</attrdefs><attrdomv><udom Sync="TRUE">Sequential unique whole numbers that are automatically generated.</udom></attrdomv></attr><attr><attrlabl Sync="TRUE">SHAPE</attrlabl><attalias Sync="TRUE">Shape</attalias><attrtype Sync="TRUE">Geometry</attrtype><attwidth Sync="TRUE">0</attwidth><atprecis Sync="TRUE">0</atprecis><attscale Sync="TRUE">0</attscale><attrdef Sync="TRUE">Feature geometry.</attrdef><attrdefs Sync="TRUE">ESRI</attrdefs><attrdomv><udom Sync="TRUE">Coordinates defining the features.</udom></attrdomv></attr><attr><attrlabl Sync="TRUE">PCNUM</attrlabl><attalias Sync="TRUE">PCNUM</attalias><attrtype Sync="TRUE">String</attrtype><attwidth Sync="TRUE">9</attwidth><atprecis Sync="TRUE">0</atprecis><attscale Sync="TRUE">0</attscale></attr><attr><attrlabl Sync="TRUE">RST_ID</attrlabl><attalias Sync="TRUE">RST_ID</attalias><attrtype Sync="TRUE">String</attrtype><attwidth Sync="TRUE">50</attwidth><atprecis Sync="TRUE">0</atprecis><attscale Sync="TRUE">0</attscale></attr><attr><attrlabl Sync="TRUE">RST_NAME</attrlabl><attalias Sync="TRUE">RST_NAME</attalias><attrtype Sync="TRUE">String</attrtype><attwidth Sync="TRUE">50</attwidth><atprecis Sync="TRUE">0</atprecis><attscale Sync="TRUE">0</attscale></attr><attr><attrlabl Sync="TRUE">RST_REC_CO</attrlabl><attalias Sync="TRUE">RST_REC_CO</attalias><attrtype Sync="TRUE">String</attrtype><attwidth Sync="TRUE">4</attwidth><atprecis Sync="TRUE">0</atprecis><attscale Sync="TRUE">0</attscale></attr><attr><attrlabl Sync="TRUE">RST_PRIORI</attrlabl><attalias Sync="TRUE">RST_PRIORI</attalias><attrtype Sync="TRUE">String</attrtype><attwidth Sync="TRUE">1</attwidth><atprecis Sync="TRUE">0</atprecis><attscale Sync="TRUE">0</attscale></attr><attr><attrlabl Sync="TRUE">RST_STATUS</attrlabl><attalias Sync="TRUE">RST_STATUS</attalias><attrtype Sync="TRUE">String</attrtype><attwidth Sync="TRUE">8</attwidth><atprecis Sync="TRUE">0</atprecis><attscale Sync="TRUE">0</attscale></attr><attr><attrlabl Sync="TRUE">RST_SUSPEC</attrlabl><attalias Sync="TRUE">RST_SUSPEC</attalias><attrtype Sync="TRUE">String</attrtype><attwidth Sync="TRUE">10</attwidth><atprecis Sync="TRUE">0</atprecis><attscale Sync="TRUE">0</attscale></attr><attr><attrlabl Sync="TRUE">NAME</attrlabl><attalias Sync="TRUE">NAME</attalias><attrtype Sync="TRUE">String</attrtype><attwidth Sync="TRUE">254</attwidth><atprecis Sync="TRUE">0</atprecis><attscale Sync="TRUE">0</attscale></attr><attr><attrlabl Sync="TRUE">LATITUDE</attrlabl><attalias Sync="TRUE">LATITUDE</attalias><attrtype Sync="TRUE">Double</attrtype><attwidth Sync="TRUE">19</attwidth><atprecis Sync="TRUE">0</atprecis><attscale Sync="TRUE">0</attscale></attr><attr><attrlabl Sync="TRUE">LONGITUDE</attrlabl><attalias Sync="TRUE">LONGITUDE</attalias><attrtype Sync="TRUE">Double</attrtype><attwidth Sync="TRUE">19</attwidth><atprecis Sync="TRUE">0</atprecis><attscale Sync="TRUE">0</attscale></attr><attr><attrlabl Sync="TRUE">LAST_EDIT_</attrlabl><attalias Sync="TRUE">LAST_EDIT_</attalias><attrtype Sync="TRUE">String</attrtype><attwidth Sync="TRUE">50</attwidth><atprecis Sync="TRUE">0</atprecis><attscale Sync="TRUE">0</attscale></attr><attr><attrlabl Sync="TRUE">LAST_EDIT1</attrlabl><attalias Sync="TRUE">LAST_EDIT1</attalias><attrtype Sync="TRUE">Date</attrtype><attwidth Sync="TRUE">8</attwidth><atprecis Sync="TRUE">0</atprecis><attscale Sync="TRUE">0</attscale></attr><attr><attrlabl Sync="TRUE">ACCURACY</attrlabl><attalias Sync="TRUE">ACCURACY</attalias><attrtype Sync="TRUE">String</attrtype><attwidth Sync="TRUE">1</attwidth><atprecis Sync="TRUE">0</atprecis><attscale Sync="TRUE">0</attscale></attr><attr><attrlabl Sync="TRUE">FAC_L_ADDR</attrlabl><attalias Sync="TRUE">FAC_L_ADDR</attalias><attrtype Sync="TRUE">String</attrtype><attwidth Sync="TRUE">50</attwidth><atprecis Sync="TRUE">0</atprecis><attscale Sync="TRUE">0</attscale></attr><attr><attrlabl Sync="TRUE">FAC_L_CITY</attrlabl><attalias Sync="TRUE">FAC_L_CITY</attalias><attrtype Sync="TRUE">String</attrtype><attwidth Sync="TRUE">40</attwidth><atprecis Sync="TRUE">0</atprecis><attscale Sync="TRUE">0</attscale></attr><attr><attrlabl Sync="TRUE">FAC_L_ZIP5</attrlabl><attalias Sync="TRUE">FAC_L_ZIP5</attalias><attrtype Sync="TRUE">String</attrtype><attwidth Sync="TRUE">5</attwidth><atprecis Sync="TRUE">0</atprecis><attscale Sync="TRUE">0</attscale></attr><attr><attrlabl Sync="TRUE">DES_FIRST_</attrlabl><attalias Sync="TRUE">DES_FIRST_</attalias><attrtype Sync="TRUE">String</attrtype><attwidth Sync="TRUE">15</attwidth><atprecis Sync="TRUE">0</atprecis><attscale Sync="TRUE">0</attscale></attr><attr><attrlabl Sync="TRUE">DES_LAST_N</attrlabl><attalias Sync="TRUE">DES_LAST_N</attalias><attrtype Sync="TRUE">String</attrtype><attwidth Sync="TRUE">20</attwidth><atprecis Sync="TRUE">0</atprecis><attscale Sync="TRUE">0</attscale></attr><attr><attrlabl Sync="TRUE">RST_FED_RE</attrlabl><attalias Sync="TRUE">RST_FED_RE</attalias><attrtype Sync="TRUE">String</attrtype><attwidth Sync="TRUE">1</attwidth><atprecis Sync="TRUE">0</atprecis><attscale Sync="TRUE">0</attscale></attr></detailed></eainfo><mdDateSt Sync="TRUE">20140211</mdDateSt></metadata>
