<?xml version="1.0" encoding="UTF-8"?>
<metadata xml:lang="en"><Esri><CreaDate>20140404</CreaDate><CreaTime>11190400</CreaTime><ArcGISFormat>1.0</ArcGISFormat><ArcGISstyle>FGDC CSDGM Metadata</ArcGISstyle><SyncOnce>TRUE</SyncOnce><DataProperties><lineage><Process Name="Export to CAD" ToolSource="C:\Program Files (x86)\ArcGIS\Desktop10.0\ArcToolbox\Toolboxes\Conversion Tools.tbx\ExportCAD" Date="20140404" Time="111904">ExportCAD '\\tempest\shared\GIS\Data\Sharing\Data Download Portal\Staging\Administrative\AdministrativeGDB\Administrative.gdb\CorporateLimit';'\\tempest\shared\GIS\Data\Sharing\Data Download Portal\Staging\Administrative\AdministrativeGDB\Administrative.gdb\EnterpriseZone';'\\tempest\shared\GIS\Data\Sharing\Data Download Portal\Staging\Administrative\AdministrativeGDB\Administrative.gdb\PollingPlace';'\\tempest\shared\GIS\Data\Sharing\Data Download Portal\Staging\Administrative\AdministrativeGDB\Administrative.gdb\VotingPrecinct';'\\tempest\shared\GIS\Data\Sharing\Data Download Portal\Staging\Administrative\AdministrativeGDB\Administrative.gdb\Ward' DWG_R2000 "\\tempest\shared\GIS\Data\Sharing\Data Download Portal\Staging\Administrative\AdministrativeDWG\Administrative.dwg" Ignore_Filenames_in_Tables Overwrite_Existing_Files #</Process></lineage></DataProperties></Esri></metadata>
