<?xml version="1.0" encoding="ISO-8859-1"?>
<metadata>
	<idinfo>
		<citation>
			<citeinfo>
				<origin>VA Department of Game and Inland Fisheries</origin>
				<origin>VA Department of Conservation and Recreation Division of Natural Heritage</origin>
				<origin>Virginia Commonwealth University Center for Environmental Studies</origin>
				<pubdate>2009</pubdate>
				<title Sync="TRUE">pca</title>
				<geoform Sync="TRUE">vector digital data</geoform>
				<onlink Sync="TRUE">\\gis\share\data\projects\PWCA\Final_Products\GIS_data\PriorityConservationAreas\shapefile\pca.shp</onlink>
				<ftname Sync="TRUE">pca</ftname></citeinfo>
		</citation>
		<descript>
			<abstract>The Priority Conservation Area (PCA) dataset delineates priorty conservation areas ranked by level of importance based on VA DGIF Priority Wildlife Diversity Conservation Areas, VA Dept of Conservation and Recreation Division of Natural Heritage Conservation Sites Layer (CSL) and Natural Lands Network (NLN), and VCU Center for Environmental Studies aquatic resource integrity layer.  Priority Conservation Areas are defined as lands and surface waters indentified as important for conservation of Virginia's wildlife, plants, and natural communities.  The identified lands/waters can be used to prioritize areas for preservation, protection or specific management action.</abstract>
			<purpose>This dataset was developed to synthesize important natural resource information in one geospatial layer for natural resource management, land use management and awareness.</purpose>
			<supplinf>This dataset is intended to guide conservation planning and efforts.  This dataset is not intended to replace on the ground surveys or consultations with biologists as appropriate.</supplinf>
			<langdata Sync="TRUE">en</langdata></descript>
		<timeperd>
			<timeinfo>
				<mdattim>
					<sngdate>
						<caldate>2001</caldate>
					</sngdate>
					<sngdate>
						<caldate>2008</caldate>
					</sngdate>
					<sngdate>
						<caldate>2009</caldate>
					</sngdate>
				</mdattim>
			</timeinfo>
			<current>ground condition</current>
		</timeperd>
		<status>
			<progress>Complete</progress>
			<update>None planned</update>
		</status>
		<spdom>
			<bounding>
				<westbc Sync="TRUE">-78.009543</westbc>
				<eastbc Sync="TRUE">-75.179381</eastbc>
				<northbc Sync="TRUE">39.073899</northbc>
				<southbc Sync="TRUE">36.487584</southbc>
			</bounding>
			<lboundng><leftbc Sync="TRUE">133459.643082</leftbc><rightbc Sync="TRUE">374059.643082</rightbc><bottombc Sync="TRUE">62563.557146</bottombc><topbc Sync="TRUE">342263.557146</topbc></lboundng></spdom>
		<keywords>
			<theme>
				<themekt>REQUIRED: Reference to a formally registered thesaurus or a similar authoritative source of theme keywords.</themekt>
				<themekey>Conservation</themekey>
				<themekey>Geographic Information Systems (GIS)</themekey>
				<themekey>Blue-infrastructure</themekey>
				<themekey>Green-infrastructure</themekey>
			</theme>
			<place>
				<placekey>Virginia</placekey>
				<placekey>USA</placekey>
			</place>
		</keywords>
		<accconst>NA</accconst>
		<useconst>None of the contributors of data to the PCA shall be held liable for any improper or incorrect use or application of the data provided, and assume no responsibility for the use or application of the data or information derived from interpretation of the data. In no event shall the collaborators be liable for any direct, indirect, or incidental damages arising from the use or application of these data. This disclaimer of liability applies to any damages or injury, including but not limited to those caused by any failure of performance, error, omission, defect, delay in operation or transmission, computer virus, alteration, use, application, analysis, or interpretation of data.</useconst>
		<ptcontac>
			<cntinfo>
				<cntorgp>
					<cntorg>VA Department of Game and Inland Fisheries</cntorg>
					<cntper>Dave Morton</cntper>
				</cntorgp>
				<cntpos>GIS Coordinator</cntpos>
				<cntaddr>
					<addrtype>mailing and physical address</addrtype>
					<address>4010 West Broad Street</address>
					<city>Richmond</city>
					<state>VA</state>
					<postal>23230</postal>
					<country>US</country>
				</cntaddr>
				<cntvoice>(804) 367-6772</cntvoice>
				<cntfax>(804) 367-2427</cntfax>
				<cntemail>dave.morton@dgif.virginia.gov</cntemail>
				<hours>M-F 8-5 EST</hours>
			</cntinfo>
		</ptcontac>
		<datacred>Virginia Commonwealth University Center for Environmental Studies, Virginia Department of Game and Inland Fisheries, Virginia Department of Conservation and Recreation Division of Natural Heritage.  This project was funded in part, by the Virginia Coastal Zone Management Program at the Department of Environmental Quality through Grant #FY08 NAO8NOS4190466, Task 11.02 of the U.S. Department of Commerce, National Oceanic and Atmospheric Administration, under the Coastal Zone Management Act of 1972, as amended.</datacred>
		<secinfo>
			<secclass>Unclassified</secclass>
		</secinfo>
		<native Sync="TRUE">Microsoft Windows XP Version 5.1 (Build 2600) Service Pack 2; ESRI ArcCatalog 9.2.6.1500</native>
		<crossref>
			<citeinfo>
				<origin>Virginia Department of Game and Inland Fisheries</origin>
				<title>Virginia Priority Wildlife Diversity Conservation Area</title>
				<onlink>http://bewildvirginia.org/wildlifeplan/</onlink>
			</citeinfo>
		</crossref>
		<crossref>
			<citeinfo>
				<origin>Virginia Department of Conservation and Recreation Division of Natural Heritage</origin>
				<title>Virginia Biodiversity Assessment</title>
				<onlink>http://www.dcr.virginia.gov/natural_heritage/vclna.shtml</onlink>
			</citeinfo>
		</crossref>
		<crossref>
			<citeinfo>
				<origin>Virginia Commonwealth University Center for Environmental Studies</origin>
				<title>INSTAR</title>
				<onlink>http://instar.vcu.edu/</onlink>
			</citeinfo>
		</crossref>
		<crossref>
			<citeinfo>
				<origin>Virginia Commonwealth University Center for Environmental Studies</origin>
				<title>Modified Index of Biotic Diversity</title>
				<onlink>http://instar.vcu.edu/</onlink>
			</citeinfo>
		</crossref>
		<crossref>
			<citeinfo>
				<origin>Virginia Department of Conservation and Recreation Division of Natural Heritage</origin>
				<origin>Virginia Commonwealth University Center for Environmental Studies</origin>
				<title>Virginia Vulnerability Model</title>
				<onlink>http://www.dcr.virginia.gov/natural_heritage/vclnavulnerable.shtml</onlink>
			</citeinfo>
		</crossref>
		<natvform Sync="TRUE">Shapefile</natvform></idinfo>
	<dataqual>
		<attracc>
			<attraccr>Data are as accurate as input datasets at the time of creation.  Data were reviewed by biologists internally at respective agencies.</attraccr>
		</attracc>
		<logic>These data are as consistent as the input datasets.</logic>
		<complete>No warranty, expressed or implied, is made regarding the accuracy, adequacy, completeness, reliability, or usefulness of any data provided. These data are provided on an "as is" basis. All warranties of any kind, express or implied, including but not limited to fitness for a particular use, freedom from computer viruses, and non-infringement of proprietary rights, are disclaimed. Data are added and changed periodically, and data may become out-of-date quickly. It is recommended that the user not let a significant period of time elapse between obtaining and using the data. Data was comprised using the most current listings of public lakes from http://www.dgif.virginia.gov/fishing/waterbodies/ . These listings are subject to frequent and unanounced changes, which may affect lake status.</complete>
		<lineage>
			<procstep>
				<procdesc>Priority Wildlife Diversity Conservation Areas were developed by the VA Department of Game and Inland Fisheries. Data from habitat maps, Colonial Waterbird surveys, DCR's VCLNA, USGS National Hydrography Dataset, USFWS National Wetlands Inventory, Audubon's Important Bird Areas, and other datsets were compiled using input from DGIF biologists and guidance from the Wildlfie Action Plan.  Data was created in GRID format and ranks were associated with the data from a scale of 1 (low priority) to 5 (high priority).</procdesc>
				<procdate>20090805</procdate>
				<proctime>14081900</proctime>
				<proccont>
					<cntinfo>
						<cntperp>
							<cntper>Dave Morton</cntper>
							<cntorg>Virignia Department of Game and Inland Fisheries</cntorg>
						</cntperp>
						<cntpos>GIS Coordinator</cntpos>
						<cntaddr>
							<addrtype>mailing and physical address</addrtype>
							<address>4010 West Broad St.</address>
							<city>Richmond</city>
							<state>VA</state>
							<postal>23230</postal>
							<country>USA</country>
						</cntaddr>
						<cntvoice>(804) 367 - 6772</cntvoice>
						<cntfax>(804) 367 - 2427</cntfax>
						<cntemail>dave.morton@dgif.virginia.gov</cntemail>
						<hours>M - F 8 - 5 EST</hours>
					</cntinfo>
				</proccont>
			</procstep>
			<procstep>
				<procdesc>The CSL delineates known habitats of rare plants and animals, and exemplary natural communities, as well as surrounding habitat necessary to maintain these resources.  In the CSL source dataset, each Virginia Natural Heritage Conservation Site is assigned a biodiversity significance rank (b-rank) based upon the rarity, viability, and diversity of the resources it contains, ranging from a high of 1 to a low of 5.  For the PCA analysis, b-ranks were transposed so that highest b-rank Virginia Natural Heritage Conservation Sites (rank 1, Outstanding Biodiversity Significance) maintained a high priority PCA analysis ranking of 5.  The NLN is a spatial subset of lands ranked and summarized in the Virginia Natural  Landscape Assessment (VaNLA), consisting of all ecological cores in the two highest categories of the VaNLA, outstanding and very high ecological integrity rankings.  In addition to the top two rank classes of cores, the NLN includes landscape corridors and nodes that connect highest ranking cores.  For the PCA analysis, NLN Ecological Integrity Scores were transposed so that highest ranked lands (rank 1, Outstanding Ecological Integrity) maintained a high priority PCA analysis ranking of 5.</procdesc>
				<proccont>
					<cntinfo>
						<cntperp>
							<cntper>Joseph Weber</cntper>
							<cntorg>VA Department of Conservation and Recreation Division of Natural Heritage</cntorg>
						</cntperp>
						<cntpos>Conservation Biologist</cntpos>
						<cntaddr>
							<addrtype>mailing and physical address</addrtype>
							<address>217 Governor Street</address>
							<city>Richmond</city>
							<state>VA</state>
							<postal>23219</postal>
							<country>USA</country>
						</cntaddr>
						<cntvoice>(804) 371-2545</cntvoice>
						<cntemail>joseph.weber@dcr.virginia.gov</cntemail>
						<hours>M - F 8 -5 EST</hours>
					</cntinfo>
				</proccont>
			</procstep>
			<procstep>
				<procdesc>The aquatic resource integruty layer was developed by VCU Center for Environmental Studies using INSTAR stream reaches and a modified index of biotic integrity.  The National Hydrography Dataset (high resolution) was assigned a watershed integrity value based on the mIBI.  INSTAR reaches were buffered based on stream order and assigned a rank based on the INSTAR VSS score.  The datasets were mosaiced together to create a blue infrastructure layer with ranks of 2(low integrity) - 5 (high integrity).</procdesc>
				<proccont>
					<cntinfo>
						<cntperp>
							<cntper>William Shuart</cntper>
							<cntorg>Virginia Commonwealth University Center for Environmental Studies</cntorg>
						</cntperp>
						<cntpos>Instructor</cntpos>
						<cntaddr>
							<addrtype>mailing and physical address</addrtype>
							<address>1000 W. Cary St.</address>
							<address>P.O. Box 843050</address>
							<city>Richmond</city>
							<state>VA</state>
							<postal>23284</postal>
							<country>USA</country>
						</cntaddr>
						<cntvoice>(804) 828 - 7202</cntvoice>
						<cntfax>(804) 828-1622</cntfax>
						<cntemail>wshuart@vcu.edu</cntemail>
						<hours>M - F 8 - 5 EST</hours>
					</cntinfo>
				</proccont>
			</procstep>
			<procstep>
				<procdesc>Input datasets were combined using the majority tool.  A majority filter was run on the final dataset to smooth the data.  A final dataset called pca was generated.</procdesc>
				<proccont>
					<cntinfo>
						<cntperp>
							<cntper>Jennifer Ciminelli</cntper>
							<cntorg>VCU Center for Environmental Studies</cntorg>
						</cntperp>
						<cntpos>Environmental Specialist</cntpos>
						<cntaddr>
							<addrtype>mailing and physical address</addrtype>
							<address>1000 W. Cary St.</address>
							<address>P.O. Box 843050</address>
							<city>Richmond</city>
							<state>VA</state>
							<postal>23284</postal>
							<country>USA</country>
						</cntaddr>
						<cntvoice>(804) 827-0110</cntvoice>
						<cntfax>(804) 828-1622</cntfax>
						<cntemail>s2jmcimi@vcu.edu</cntemail>
						<hours>M - F 8 - 5 EST</hours>
					</cntinfo>
				</proccont>
			</procstep>
			<procstep>
				<procdesc>The PCA was overlaid with the VCLNA Composite Vulnerability Model.  Zonal statistics was used to calculate a mean threat value which was assigned to the pca attribute table, called threat.</procdesc>
				<proccont>
					<cntinfo>
						<cntperp>
							<cntper>Jennifer Ciminelli</cntper>
							<cntorg>Virginia Commonwealth University Center for Environmental Studies</cntorg>
						</cntperp>
						<cntpos>Environmental Specialist</cntpos>
						<cntaddr>
							<addrtype>mailing and physical address</addrtype>
							<address>1000 W. Cary St.</address>
							<address>P.O. Box 843050</address>
							<city>Richmond</city>
							<state>VA</state>
							<postal>23284</postal>
							<country>USA</country>
						</cntaddr>
						<cntvoice>(804) 827-0110</cntvoice>
						<cntfax>(804) 828-1622</cntfax>
						<cntemail>s2jmcimi@vcu.edu</cntemail>
						<hours>M-F 8 - 5 EST</hours>
					</cntinfo>
				</proccont>
			</procstep>
			<procstep>
				<procdesc>Metadata imported.</procdesc>
				<procdate>20090821</procdate>
				<proctime>10385000</proctime>
			</procstep>
			<procstep><procdesc Sync="TRUE">Metadata imported.</procdesc><procdate Sync="TRUE">20090828</procdate><proctime Sync="TRUE">15582600</proctime></procstep></lineage>
	</dataqual>
	<spdoinfo>
		<direct Sync="TRUE">Vector</direct>
		<ptvctinf>
			<sdtsterm Name="pca">
				<sdtstype Sync="TRUE">G-polygon</sdtstype>
				<ptvctcnt Sync="TRUE">74518</ptvctcnt>
			</sdtsterm>
			<esriterm Name="pca"><efeatyp Sync="TRUE">Simple</efeatyp><efeageom Sync="TRUE">Polygon</efeageom><esritopo Sync="TRUE">FALSE</esritopo><efeacnt Sync="TRUE">74518</efeacnt><spindex Sync="TRUE">FALSE</spindex><linrefer Sync="TRUE">FALSE</linrefer></esriterm></ptvctinf>
	</spdoinfo>
	<spref>
		<horizsys>
			<planar>
				<planci>
					<plance Sync="TRUE">coordinate pair</plance>
					<coordrep>
						<absres Sync="TRUE">0.000000</absres>
						<ordres Sync="TRUE">0.000000</ordres>
					</coordrep>
					<plandu Sync="TRUE">meters</plandu>
				</planci>
				<mapproj><mapprojn Sync="TRUE">Lambert Conformal Conic</mapprojn><lambertc><stdparll Sync="TRUE">37.000000</stdparll><stdparll Sync="TRUE">39.500000</stdparll><longcm Sync="TRUE">-79.500000</longcm><latprjo Sync="TRUE">36.000000</latprjo><feast Sync="TRUE">0.000000</feast><fnorth Sync="TRUE">0.000000</fnorth></lambertc></mapproj></planar>
			<geodetic>
				<horizdn Sync="TRUE">North American Datum of 1983</horizdn>
				<ellips Sync="TRUE">Geodetic Reference System 80</ellips>
				<semiaxis Sync="TRUE">6378137.000000</semiaxis>
				<denflat Sync="TRUE">298.257222</denflat>
			</geodetic>
			<cordsysn><geogcsn Sync="TRUE">GCS_North_American_1983</geogcsn><projcsn Sync="TRUE">NAD_1983_Lambert_Conformal_Conic</projcsn></cordsysn></horizsys>
	</spref>
	<eainfo>
		<detailed Name="pca">
			<enttyp>
				<enttypl Sync="TRUE">pca</enttypl>
				<enttypt Sync="TRUE">Feature Class</enttypt><enttypc Sync="TRUE">74518</enttypc></enttyp>
			<attr><attrlabl Sync="TRUE">FID</attrlabl><attalias Sync="TRUE">FID</attalias><attrtype Sync="TRUE">OID</attrtype><attwidth Sync="TRUE">4</attwidth><atprecis Sync="TRUE">0</atprecis><attscale Sync="TRUE">0</attscale><attrdef Sync="TRUE">Internal feature number.</attrdef><attrdefs Sync="TRUE">ESRI</attrdefs><attrdomv><udom Sync="TRUE">Sequential unique whole numbers that are automatically generated.</udom></attrdomv></attr><attr><attrlabl Sync="TRUE">Shape</attrlabl><attalias Sync="TRUE">Shape</attalias><attrtype Sync="TRUE">Geometry</attrtype><attwidth Sync="TRUE">0</attwidth><atprecis Sync="TRUE">0</atprecis><attscale Sync="TRUE">0</attscale><attrdef Sync="TRUE">Feature geometry.</attrdef><attrdefs Sync="TRUE">ESRI</attrdefs><attrdomv><udom Sync="TRUE">Coordinates defining the features.</udom></attrdomv></attr><attr><attrlabl Sync="TRUE">PCA_Rank</attrlabl><attalias Sync="TRUE">PCA_Rank</attalias><attrtype Sync="TRUE">Number</attrtype><attwidth Sync="TRUE">4</attwidth><attrdef>PCA rank</attrdef><attrdomv><rdom><rdommin>1</rdommin><rdommax>5</rdommax></rdom></attrdomv></attr><attr><attrlabl Sync="TRUE">PolyID</attrlabl><attalias Sync="TRUE">PolyID</attalias><attrtype Sync="TRUE">Number</attrtype><attwidth Sync="TRUE">9</attwidth></attr><attr><attrlabl Sync="TRUE">Threat</attrlabl><attalias Sync="TRUE">Threat</attalias><attrtype Sync="TRUE">Number</attrtype><attwidth Sync="TRUE">4</attwidth><attrdef>Predicted growth threat based on the Vulnerability Model.</attrdef><attrdomv><rdom><rdommin>1</rdommin><rdommax>8</rdommax></rdom></attrdomv></attr></detailed>
	</eainfo>
	<distinfo>
		<distrib>
			<cntinfo>
				<cntorgp>
					<cntorg>VA Department of Game and Inland Fisheries</cntorg>
					<cntper>Dave Morton</cntper>
				</cntorgp>
				<cntpos>GIS Coordinator</cntpos>
				<cntaddr>
					<addrtype>mailing and physical address</addrtype>
					<address>4010 West Broad Street</address>
					<city>Richmond</city>
					<state>VA</state>
					<postal>23230</postal>
					<country>USA</country>
				</cntaddr>
				<cntvoice>(804) 367-6772</cntvoice>
				<cntfax>(804)367-2427</cntfax>
				<cntemail>dave.morton@dgif.virginia.gov</cntemail>
				<hours>M-F 8-5 EST</hours>
			</cntinfo>
		</distrib>
		<resdesc>Priority Conservation Area</resdesc>
		<stdorder>
			<digform>
				<digtinfo>
					<transize Sync="TRUE">22.910</transize>
					<dssize Sync="TRUE">22.910</dssize></digtinfo>
			</digform>
			<fees>NA</fees>
		</stdorder>
		<distliab>No warranty, expressed or implied, is made regarding the accuracy, adequacy, completeness, reliability, or usefulness of any data provided. These data are provided on an "as is" basis. All warranties of any kind, express or implied, including but not limited to fitness for a particular use, freedom from computer viruses, and non-infringement of proprietary rights, are disclaimed. Data are added and changed periodically, and data may become out-of-date quickly. It is required that the user request an update every 6 months.</distliab></distinfo>
	<distinfo>
		<distrib>
			<cntinfo>
				<cntorgp>
					<cntorg>VA Department of Game and Inland Fisheries</cntorg>
					<cntper>Dave Morton</cntper>
				</cntorgp>
				<cntpos>GIS Coordinator</cntpos>
				<cntaddr>
					<addrtype>mailing and physical address</addrtype>
					<address>4010 West Broad Street</address>
					<city>Richmond</city>
					<state>VA</state>
					<postal>23230</postal>
					<country>USA</country>
				</cntaddr>
				<cntvoice>(804) 367-6772</cntvoice>
				<cntfax>(804) 367-2427</cntfax>
				<cntemail>dave.morton@dgif.virginia.gov</cntemail>
				<hours>M-F 8-5 EST</hours>
			</cntinfo>
		</distrib>
		<resdesc>Priority Wildlife Diversity Conservation Area</resdesc>
		<stdorder>
			<digform>
				<digtinfo><dssize Sync="TRUE">22.910</dssize></digtinfo>
			</digform>
		</stdorder>
	</distinfo>
	<distinfo>
		<distrib>
			<cntinfo>
				<cntorgp>
					<cntorg>VA Department of Conservation and Recreation Division of Natural Heritage</cntorg>
					<cntper>Jason Bulluck</cntper>
				</cntorgp>
				<cntpos>Information Manager</cntpos>
				<cntaddr>
					<addrtype>mailing and physical address</addrtype>
					<address>217 Governor Street</address>
					<city>Richmond</city>
					<state>VA</state>
					<postal>23219</postal>
					<country>USA</country>
				</cntaddr>
				<cntvoice>(804) 786-8377</cntvoice>
				<cntfax>(804) 371-2674</cntfax>
				<cntemail>jason.bulluck@dcr.virginia.gov</cntemail>
				<hours>M - F 8 - 5 EST</hours>
			</cntinfo>
		</distrib>
		<resdesc>Virginia Natural Heritage Conservation Sites and Natural Lands Network</resdesc>
		<stdorder>
			<digform>
				<digtinfo><dssize Sync="TRUE">22.910</dssize></digtinfo>
			</digform>
		</stdorder>
	</distinfo>
	<distinfo>
		<distrib>
			<cntinfo>
				<cntorgp>
					<cntorg>Virginia Commonwealth University Center for Environmental Studies</cntorg>
					<cntper>Will Shuart</cntper>
				</cntorgp>
				<cntpos>Environmental Technology Coordinator</cntpos>
				<cntaddr>
					<addrtype>mailing and physical address</addrtype>
					<address>1000 W. Cary St</address>
					<address>P.O. 843050</address>
					<city>Richmond</city>
					<state>VA</state>
					<postal>23284</postal>
					<country>USA</country>
				</cntaddr>
				<cntvoice>(804) 827-0150</cntvoice>
				<cntfax>(804) 828-1622</cntfax>
				<cntemail>wshuart@vcu.edu</cntemail>
				<hours>M - F 8 - 5 EST</hours>
			</cntinfo>
		</distrib>
		<resdesc>Aquatic Resource Integrity Layer</resdesc>
		<stdorder>
			<digform>
				<digtinfo><dssize Sync="TRUE">22.910</dssize></digtinfo>
			</digform>
		</stdorder>
	</distinfo>
	<metainfo>
		<metd Sync="TRUE">20090916</metd>
		<metc>
			<cntinfo>
				<cntorgp>
					<cntorg>Virginia Commonwealth University Center for Environmental Studies</cntorg>
					<cntper>Jennifer Ciminelli</cntper>
				</cntorgp>
				<cntpos>Environmental Specialist</cntpos>
				<cntaddr>
					<addrtype>mailing and physical address</addrtype>
					<address>1000 W. Cary St.</address>
					<address>P.O. Box 843050</address>
					<city>Richmond</city>
					<state>VA</state>
					<postal>23284</postal>
					<country>USA</country>
				</cntaddr>
				<cntvoice>(804) 827-0110</cntvoice>
				<cntfax>(804) 828-1622</cntfax>
				<cntemail>s2jmcimi@vcu.edu</cntemail>
				<hours>M - F 8 - 5 EST</hours>
			</cntinfo>
		</metc>
		<metstdn Sync="TRUE">FGDC Content Standards for Digital Geospatial Metadata</metstdn>
		<metstdv Sync="TRUE">FGDC-STD-001-1998</metstdv>
		<mettc Sync="TRUE">local time</mettc>
		<metextns>
			<onlink>http://www.esri.com/metadata/esriprof80.html</onlink>
			<metprof>ESRI Metadata Profile</metprof>
		</metextns>
		<metextns>
			<onlink>http://www.esri.com/metadata/esriprof80.html</onlink>
			<metprof>ESRI Metadata Profile</metprof>
		</metextns>
		<metextns>
			<onlink>http://www.esri.com/metadata/esriprof80.html</onlink>
			<metprof>ESRI Metadata Profile</metprof>
		</metextns>
		<langmeta Sync="TRUE">en</langmeta><metextns><onlink Sync="TRUE">http://www.esri.com/metadata/esriprof80.html</onlink><metprof Sync="TRUE">ESRI Metadata Profile</metprof></metextns></metainfo>
	<Esri><CreaDate>20090828</CreaDate><CreaTime>15582600</CreaTime><SyncOnce>FALSE</SyncOnce><ModDate>20090916</ModDate><ModTime>14513000</ModTime><SyncDate>20090916</SyncDate><SyncTime>14513000</SyncTime><MetaID>{0325DCD4-34B2-4345-A2EF-C0C3D7E942E7}</MetaID></Esri><mdDateSt Sync="TRUE">20090916</mdDateSt><dataIdInfo><envirDesc Sync="TRUE">Microsoft Windows XP Version 5.1 (Build 2600) Service Pack 2; ESRI ArcCatalog 9.2.6.1500</envirDesc><dataLang><languageCode Sync="TRUE" value="en"></languageCode></dataLang><idCitation><resTitle Sync="TRUE">pca</resTitle><presForm><PresFormCd Sync="TRUE" value="005"></PresFormCd></presForm></idCitation><spatRpType><SpatRepTypCd Sync="TRUE" value="001"></SpatRepTypCd></spatRpType><dataExt><geoEle><GeoBndBox esriExtentType="native"><westBL Sync="TRUE">133459.643082</westBL><eastBL Sync="TRUE">374059.643082</eastBL><northBL Sync="TRUE">342263.557146</northBL><southBL Sync="TRUE">62563.557146</southBL><exTypeCode Sync="TRUE">1</exTypeCode></GeoBndBox></geoEle></dataExt><geoBox esriExtentType="decdegrees"><westBL Sync="TRUE">-78.009543</westBL><eastBL Sync="TRUE">-75.179381</eastBL><northBL Sync="TRUE">39.073899</northBL><southBL Sync="TRUE">36.487584</southBL><exTypeCode Sync="TRUE">1</exTypeCode></geoBox></dataIdInfo><mdLang><languageCode Sync="TRUE" value="en"></languageCode></mdLang><mdStanName Sync="TRUE">ISO 19115 Geographic Information - Metadata</mdStanName><mdStanVer Sync="TRUE">DIS_ESRI1.0</mdStanVer><mdChar><CharSetCd Sync="TRUE" value="004"></CharSetCd></mdChar><mdHrLv><ScopeCd Sync="TRUE" value="005"></ScopeCd></mdHrLv><mdHrLvName Sync="TRUE">dataset</mdHrLvName><distInfo><distributor><distorTran><onLineSrc><linkage Sync="TRUE">file://\\gis\share\data\projects\PWCA\Final_Products\GIS_data\PriorityConservationAreas\shapefile\pca.shp</linkage><protocol Sync="TRUE">Local Area Network</protocol><orDesc Sync="TRUE">002</orDesc></onLineSrc><transSize Sync="TRUE">22.910</transSize></distorTran><distorFormat><formatName Sync="TRUE">Shapefile</formatName></distorFormat></distributor></distInfo><refSysInfo><RefSystem><refSysID><identCode Sync="TRUE">NAD_1983_Lambert_Conformal_Conic</identCode></refSysID></RefSystem></refSysInfo><spatRepInfo><GridSpatRep><numDims Sync="TRUE">2</numDims><cellGeo><CellGeoCd Sync="TRUE" value="002"></CellGeoCd></cellGeo><tranParaAv Sync="TRUE">1</tranParaAv><axDimProps><Dimen><dimName><DimNameTypCd Sync="TRUE" value="002"></DimNameTypCd></dimName><dimSize Sync="TRUE">2423</dimSize><dimResol><value Sync="TRUE">100</value><uom><UomLength><uomName Sync="TRUE">Meter</uomName><conversionToISOstandardUnit Sync="TRUE">1 Meter = 1 Meter(s)</conversionToISOstandardUnit></UomLength></uom></dimResol></Dimen><Dimen><dimName><DimNameTypCd Sync="TRUE" value="001"></DimNameTypCd></dimName><dimSize Sync="TRUE">2810</dimSize><dimResol><value Sync="TRUE">100</value><uom><UomLength><uomName Sync="TRUE">Meter</uomName><conversionToISOstandardUnit Sync="TRUE">1 Meter = 1 Meter(s)</conversionToISOstandardUnit></UomLength></uom></dimResol></Dimen></axDimProps></GridSpatRep><VectSpatRep><topLvl><TopoLevCd Sync="TRUE" value="001"></TopoLevCd></topLvl><geometObjs Name="pca"><geoObjTyp><GeoObjTypCd Sync="TRUE" value="001"></GeoObjTypCd></geoObjTyp><geoObjCnt Sync="TRUE">74518</geoObjCnt></geometObjs></VectSpatRep></spatRepInfo></metadata>
