<?xml version="1.0" encoding="ISO-8859-1"?>
<!DOCTYPE metadata SYSTEM "http://www.fgdc.gov/metadata/fgdc-std-001-1998.dtd">
<metadata>
	<idinfo>
		<citation>
			<citeinfo>
				<origin>Daniel H. Doctor</origin>
				<origin>Randall C. Orndorff</origin>
				<origin>Ronald  A. Parker</origin>
				<origin>David J. Weary</origin>
				<origin>John E. Repetski</origin>
				<pubdate>2010</pubdate>
				<title>Geologic Map of the White Hall Quadrangle, Frederick County, Virginia, and Berkeley County, West Virginia: TensionGashPoints</title>
				<geoform>vector digital data</geoform>
				<serinfo>
					<sername>U.S. Geological Survey Open File Report</sername>
					<issue>2010-1265</issue>
				</serinfo>
				<pubinfo>
					<pubplace>online only</pubplace>
					<publish>U.S. Geological Survey</publish>
				</pubinfo>
				<onlink>http://pubs.usgs.gov/of/2010/1265</onlink>
				<ftname Sync="TRUE">TensionGashPoints</ftname></citeinfo>
		</citation>
		<descript>
			<abstract>This data set is part of the digital geodatabase of the geologic map of the White Hall quadrangle.  The data provide a digital representation of geologic information collected through field mapping at a scale of 1:24,000.</abstract>
			<purpose>This map was produced to provide basic geologic information for land-use planning and groundwater studies at a scale of 1:24,000 or smaller. These data will be incorporated into a 3-dimensional model of the hydrogeologic framework of the lower Shenandoah Valley.</purpose>
			<supplinf>Production of this map was funded by the National Cooperative Geologic Mapping Program of the United States Geological Survey.</supplinf>
			<langdata Sync="TRUE">en</langdata></descript>
		<timeperd>
			<timeinfo>
				<rngdates>
					<begdate>1992</begdate>
					<enddate>2010</enddate>
				</rngdates>
			</timeinfo>
			<current>ground condition</current>
		</timeperd>
		<status>
			<progress>Complete</progress>
			<update>As needed</update>
		</status>
		<spdom>
			<bounding>
				<westbc>
-78.252266</westbc>
				<eastbc>
-78.120563</eastbc>
				<northbc>
39.376734</northbc>
				<southbc>
39.248050</southbc>
			</bounding>
			<lboundng><leftbc Sync="TRUE">744135.090100</leftbc><rightbc Sync="TRUE">747448.686800</rightbc><bottombc Sync="TRUE">4348499.956800</bottombc><topbc Sync="TRUE">4356324.576100</topbc></lboundng></spdom>
		<keywords>
			<theme>
				<themekt>http://www.usgs.gov/science/about/term-simple.php</themekt>
				<themekey>tension gash</themekey>
				<themekey>geologic structure</themekey>
				<themekey>azimuth</themekey>
				<themekey>inclination</themekey>
				<themekey>bedrock</themekey>
			</theme>
			<place>
				<placekt>none</placekt>
				<placekey>Frederick County</placekey>
				<placekey>Virginia</placekey>
				<placekey>Berkeley County</placekey>
				<placekey>West Virginia</placekey>
				<placekey>United States</placekey>
			</place>
		</keywords>
		<accconst>None</accconst>
		<useconst>These data are meant for use at a scale of 1:24,000. There are no additional use constraints if properly cited. Although all data have been used by the USGS, no warranty, expressed or implied, is made by the USGS as to the accuracy of the data and related materials. Any use of trade, product, or firm names is for descriptive purposes only and does not imply endorsement by the U.S. Government.</useconst>
		<ptcontac>
			<cntinfo>
				<cntperp>
					<cntper>Daniel H. Doctor</cntper>
					<cntorg>U.S. Geological Survey</cntorg>
				</cntperp>
				<cntpos>Research Geologist</cntpos>
				<cntaddr>
					<addrtype>mailing address</addrtype>
					<address>12201 Sunrise Valley Drive, MS9 26A</address>
					<city>Reston</city>
					<state>Virginia</state>
					<postal>20192</postal>
					<country>USA</country>
				</cntaddr>
				<cntvoice>703-648-6027</cntvoice>
				<cntemail>dhdoctor@usgs.gov</cntemail>
			</cntinfo>
		</ptcontac>
		<datacred>Daniel H. Doctor, U.S. Geological Survey, Reston, Virginia</datacred>
		<secinfo>
			<secsys>none</secsys>
			<secclass>Unclassified</secclass>
			<sechandl>none</sechandl>
		</secinfo>
		<native>Microsoft Windows XP Version 5.1 (Build 2600) Service Pack 3; ESRI ArcCatalog 9.3.1.1850</native>
		<natvform Sync="TRUE">Shapefile</natvform></idinfo>
	<dataqual>
		<attracc>
			<attraccr>All point, line and polygon attributes were checked for correct values against original field data by the geologists.</attraccr>
		</attracc>
		<logic>Bedrock map unit polygons were generated from the contact lines feature class, and are therefore topologically coincident with their outlining contacts. Similarly, fault line features were generated from the contact lines where faults are coincident with contacts, and the geometry is topologically clean. These data are believed to be logically consistent, though no rigorous formal tests were performed.</logic>
		<complete>The data are complete at a resolution of 1:24,000</complete>
		<posacc>
			<horizpa>
				<horizpar>The orginally created data points (stations DrWH, WWH, and OWH) were collected with the aid of a Trimble GeoXm GPS reciever with an accuracy rating of within 3 m (10 feet).  Digitized geologic data points (stations PWH and WVGS) were obtained from 1:24,000 scale paper or mylar maps; positional accuracy of the digitized data points is not better than 50 m (150 feet), and may be poorer.</horizpar>
			</horizpa>
			<vertacc>
			</vertacc>
		</posacc>
		<lineage>
			<srcinfo>
				<srccite>
					<citeinfo>
						<origin>Peter Lessing</origin>
						<origin>Stuart L. Dean</origin>
						<origin>Byron R. Kulander</origin>
						<pubdate>1994</pubdate>
						<pubtime>Unknown</pubtime>
						<title>Geology of the White Hall Quadrangle, Berkeley County, West Virginia</title>
						<geoform>map</geoform>
						<serinfo>
							<sername>Open-File report</sername>
							<issue>OF-9406</issue>
						</serinfo>
						<pubinfo>
							<pubplace>Morgantown, West Virginia</pubplace>
							<publish>West Virginia Geological and Economic Survey</publish>
						</pubinfo>
					</citeinfo>
				</srccite>
				<srcscale>24000</srcscale>
				<typesrc>paper</typesrc>
				<srctime>
					<timeinfo>
						<sngdate>
							<caldate>1994</caldate>
							<time>unknown</time>
						</sngdate>
					</timeinfo>
					<srccurr>publication date</srccurr>
				</srctime>
				<srccitea>WVGS</srccitea>
				<srccontr>Geologic map data obtained from the West Virginia Geological and Economic Survey (WVGS) for the West Virginia portion of the White Hall quadrangle</srccontr>
			</srcinfo>
			<srcinfo>
				<srccite>
					<citeinfo>
						<origin>Ronald A. Parker</origin>
						<pubdate>Unpublished Material</pubdate>
						<title>Parker greenline</title>
						<geoform>map</geoform>
					</citeinfo>
				</srccite>
				<srcscale>24000</srcscale>
				<typesrc>transparency</typesrc>
				<srctime>
					<timeinfo>
						<rngdates>
							<begdate>1992</begdate>
							<enddate>1994</enddate>
						</rngdates>
					</timeinfo>
					<srccurr>ground condition</srccurr>
				</srctime>
				<srccitea>PWH</srccitea>
				<srccontr>Reconnaissance geologic mapping conducted by Ronald A. Parker, digitized from a mylar greenline transparency of an unpublished USGS map</srccontr>
			</srcinfo>
			<procstep>
				<procdesc>ORIGINAL DATA CREATION: 
All original structural measurements were made in the field with a Brunton geologic transit compass read to the nearest degree. Geologic data was captured in the field as point locations with a Trimble GeoXM GPS-enabled handheld computer running ArcPad 6.0 GIS software. Root mean square (RMS) horizontal error was required to be less than 3 meters (10 ft) at ground level.  A digital geographic base layer was created by georegistering then rectifying a digital raster Tagged Image File (TIF) of the USGS 7.5 minute quadrangle. The raster base map was re-projected to North American Datum 1983 geographic coordinate system, UTM Zone 17 projection. The geologic point data acquired in the field were added to an ArcMap project file, and shapefiles created over the base map. The feature classes were then exported as shapefiles for digital distribution.</procdesc>
				<procdate>Unknown</procdate>
			</procstep>
			<procstep>
				<procdesc>DIGITIZATION OF OTHER DATA:
The paper map of the West Virginia portion of the quadrangle and the mylar greenline reconnaissance map of the entire quadrangle were scanned into digital raster form, imported into the ArcMap project, overlain on the topographic base map, georeferenced, and rectified.  Point data were then digitized in ArcMap.</procdesc>
				<procdate>Unknown</procdate>
			</procstep>
		</lineage>
	</dataqual>
	<spdoinfo>
		<direct>Vector</direct>
		<ptvctinf>
			<sdtsterm Name="TensionGashPoints">
				<sdtstype>Entity point</sdtstype>
				<ptvctcnt>602</ptvctcnt>
			</sdtsterm>
			<esriterm Name="TensionGashPoints"><efeatyp Sync="TRUE">Simple</efeatyp><efeageom Sync="TRUE">Point</efeageom><esritopo Sync="TRUE">FALSE</esritopo><efeacnt Sync="TRUE">0</efeacnt><spindex Sync="TRUE">FALSE</spindex><linrefer Sync="TRUE">FALSE</linrefer></esriterm></ptvctinf>
	</spdoinfo>
	<spref>
		<horizsys>
			<planar>
				<planci>
					<plance>coordinate pair</plance>
					<coordrep>
						<absres>0.000100</absres>
						<ordres>0.000100</ordres>
					</coordrep>
					<plandu>meters</plandu>
				</planci>
				<mapproj><mapprojn Sync="TRUE">Transverse Mercator</mapprojn><transmer><sfctrmer Sync="TRUE">0.999600</sfctrmer><longcm Sync="TRUE">-81.000000</longcm><latprjo Sync="TRUE">0.000000</latprjo><feast Sync="TRUE">500000.000000</feast><fnorth Sync="TRUE">0.000000</fnorth></transmer></mapproj></planar>
			<geodetic>
				<horizdn>North American Datum of 1983</horizdn>
				<ellips>Geodetic Reference System 80</ellips>
				<semiaxis>6378137.000000</semiaxis>
				<denflat>298.257222</denflat>
			</geodetic>
			<cordsysn><geogcsn Sync="TRUE">GCS_North_American_1983</geogcsn><projcsn Sync="TRUE">North_American_1983_UTM_Zone_17N</projcsn></cordsysn></horizsys>
		<vertdef>
			<altsys>
				<altres>0.000100</altres>
				<altenc>Explicit elevation coordinate included with horizontal coordinates</altenc>
			</altsys>
		</vertdef>
	</spref>
	<eainfo>
		<detailed Name="TensionGashPoints">
			<enttyp>
				<enttypl>TensionGashPoints</enttypl>
				<enttypd>Structural data points indicating orientation of tension gashes in rock strata</enttypd>
				<enttypds>original</enttypds>
				<enttypt Sync="TRUE">Feature Class</enttypt><enttypc Sync="TRUE">0</enttypc></enttyp>
			<attr><attrlabl Sync="TRUE">FID</attrlabl><attalias Sync="TRUE">FID</attalias><attrtype Sync="TRUE">OID</attrtype><attwidth Sync="TRUE">4</attwidth><atprecis Sync="TRUE">0</atprecis><attscale Sync="TRUE">0</attscale><attrdef Sync="TRUE">Internal feature number.</attrdef><attrdefs Sync="TRUE">ESRI</attrdefs><attrdomv><udom Sync="TRUE">Sequential unique whole numbers that are automatically generated.</udom></attrdomv></attr><attr><attrlabl Sync="TRUE">Shape</attrlabl><attalias Sync="TRUE">Shape</attalias><attrtype Sync="TRUE">Geometry</attrtype><attwidth Sync="TRUE">0</attwidth><atprecis Sync="TRUE">0</atprecis><attscale Sync="TRUE">0</attscale><attrdef Sync="TRUE">Feature geometry.</attrdef><attrdefs Sync="TRUE">ESRI</attrdefs><attrdomv><udom Sync="TRUE">Coordinates defining the features.</udom></attrdomv></attr><attr>
				<attrlabl>Station</attrlabl>
				<attrdef>Station ID number of data point location</attrdef>
				<attrdefs>original data</attrdefs>
				<attrdomv>
					<edom>
						<edomv>DrWH-###</edomv>
						<edomvd>Data obtained by D.H. Doctor</edomvd>
						<edomvds>original data</edomvds>
					</edom>
					<edom>
						<edomv>OWH-###</edomv>
						<edomvd>Data obtained by R.C. Orndorff</edomvd>
						<edomvds>original data</edomvds>
					</edom>
					<edom>
						<edomv>WWH-###</edomv>
						<edomvd>Data obtained by D.J. Weary</edomvd>
						<edomvds>original data</edomvds>
					</edom>
					<edom>
						<edomv>PWH-###</edomv>
						<edomvd>Data obtained by R.A. Parker</edomvd>
						<edomvds>original data, digitized from paper field sheet</edomvds>
					</edom>
					<edom>
						<edomv>WVGS</edomv>
						<edomvd>Data obtained from digitization of published map</edomvd>
						<edomvds>Lessing, P., Dean, S.L., and Kulander, B.R., 1994. Geology of the White Hall quadrangle, Berkeley County, West Virginia: West Virginia Geological and Economic Survey Open File Report OF-9406, 10p., with 1 map sheet, scale 1:24,000.</edomvds>
					</edom>
					<edom>
						<edomv>PWH-mylar</edomv>
						<edomvd>Data obtained by R.A. Parker, digitized from mylar sheet</edomvd>
						<edomvds>original data</edomvds>
					</edom>
				</attrdomv>
				<attrmfrq>Unknown</attrmfrq>
				<attalias Sync="TRUE">Station</attalias><attrtype Sync="TRUE">String</attrtype><attwidth Sync="TRUE">10</attwidth></attr>
			<attr>
				<attrlabl>MapUnit</attrlabl>
				<attrdef>Abbreviation for bedrock unit as shown on map.</attrdef>
				<attrdefs>USGS Suggestions to Authors, 7th ed. (STA7): http://www.nwrc.usgs.gov/lib/lib_sta.htm</attrdefs>
				<attrdomv>
					<edom>
						<edomv>Dh</edomv>
						<edomvd>Hampshire Formation</edomvd>
						<edomvds>USGS Geologic Names Lexicon: http://ngmdb.usgs.gov/Geolex/geolex_home.html</edomvds>
					</edom>
					<edom>
						<edomv>Df</edomv>
						<edomvd>Foreknobs Formation</edomvd>
						<edomvds>USGS Geologic Names Lexicon: http://ngmdb.usgs.gov/Geolex/geolex_home.html</edomvds>
					</edom>
					<edom>
						<edomv>Dfu</edomv>
						<edomvd>Foreknobs Formation, upper ridge-forming unit</edomvd>
						<edomvds>original, informal unit designation</edomvds>
					</edom>
					<edom>
						<edomv>Dfl</edomv>
						<edomvd>Foreknobs Formation, lower ridge-forming unit</edomvd>
						<edomvds>original, informal unit designation</edomvds>
					</edom>
					<edom>
						<edomv>Db</edomv>
						<edomvd>Brallier Formation</edomvd>
						<edomvds>USGS Geologic Names Lexicon: http://ngmdb.usgs.gov/Geolex/geolex_home.html</edomvds>
					</edom>
					<edom>
						<edomv>Dm</edomv>
						<edomvd>Mahantango Formation</edomvd>
						<edomvds>USGS Geologic Names Lexicon: http://ngmdb.usgs.gov/Geolex/geolex_home.html</edomvds>
					</edom>
					<edom>
						<edomv>Dmc</edomv>
						<edomvd>Mahantango Formation, Clearville Siltstone Member</edomvd>
						<edomvds>USGS Geologic Names Lexicon: http://ngmdb.usgs.gov/Geolex/geolex_home.html</edomvds>
					</edom>
					<edom>
						<edomv>Dmch</edomv>
						<edomvd>Mahantango Formation, Chaneysville Siltstone Member</edomvd>
						<edomvds>USGS Geologic Names Lexicon: http://ngmdb.usgs.gov/Geolex/geolex_home.html</edomvds>
					</edom>
					<edom>
						<edomv>Dmn</edomv>
						<edomvd>Marcellus Shale and Needmore Shale, undivided</edomvd>
						<edomvds>USGS Geologic Names Lexicon: http://ngmdb.usgs.gov/Geolex/geolex_home.html</edomvds>
					</edom>
					<edom>
						<edomv>DSls</edomv>
						<edomvd>Oriskany Sandstone, Helderberg Group, and Tonoloway Limestone, undivided</edomvd>
						<edomvds>USGS Geologic Names Lexicon: http://ngmdb.usgs.gov/Geolex/geolex_home.html</edomvds>
					</edom>
					<edom>
						<edomv>Swbm</edomv>
						<edomvd>Wills Creek Formation, Bloomsburg Formation, and McKenzie Formation, undivided</edomvd>
						<edomvds>USGS Geologic Names Lexicon: http://ngmdb.usgs.gov/Geolex/geolex_home.html</edomvds>
					</edom>
					<edom>
						<edomv>Skr</edomv>
						<edomvd>Keefer Sandstone and Rose Hill Formation, undivided</edomvd>
						<edomvds>USGS Geologic Names Lexicon: http://ngmdb.usgs.gov/Geolex/geolex_home.html</edomvds>
					</edom>
					<edom>
						<edomv>St</edomv>
						<edomvd>Tuscarora Quartzite</edomvd>
						<edomvds>USGS Geologic Names Lexicon: http://ngmdb.usgs.gov/Geolex/geolex_home.html</edomvds>
					</edom>
					<edom>
						<edomv>Ojo</edomv>
						<edomvd>Juniata Formation and Oswego Sandstone, undivided</edomvd>
						<edomvds>USGS Geologic Names Lexicon: http://ngmdb.usgs.gov/Geolex/geolex_home.html</edomvds>
					</edom>
					<edom>
						<edomv>Om</edomv>
						<edomvd>Martinsburg Formation</edomvd>
						<edomvds>USGS Geologic Names Lexicon: http://ngmdb.usgs.gov/Geolex/geolex_home.html</edomvds>
					</edom>
					<edom>
						<edomv>Oc</edomv>
						<edomvd>Chambersburg Formation</edomvd>
						<edomvds>USGS Geologic Names Lexicon: http://ngmdb.usgs.gov/Geolex/geolex_home.html</edomvds>
					</edom>
					<edom>
						<edomv>On</edomv>
						<edomvd>New Market Limestone</edomvd>
						<edomvds>USGS Geologic Names Lexicon: http://ngmdb.usgs.gov/Geolex/geolex_home.html</edomvds>
					</edom>
					<edom>
						<edomv>Op</edomv>
						<edomvd>Pinesburg Station Dolomite</edomvd>
						<edomvds>USGS Geologic Names Lexicon: http://ngmdb.usgs.gov/Geolex/geolex_home.html</edomvds>
					</edom>
					<edom>
						<edomv>Or</edomv>
						<edomvd>Rockdale Run Formation</edomvd>
						<edomvds>USGS Geologic Names Lexicon: http://ngmdb.usgs.gov/Geolex/geolex_home.html</edomvds>
					</edom>
					<edom>
						<edomv>Os</edomv>
						<edomvd>Stonehenge Limestone</edomvd>
						<edomvds>USGS Geologic Names Lexicon: http://ngmdb.usgs.gov/Geolex/geolex_home.html</edomvds>
					</edom>
					<edom>
						<edomv>OCc</edomv>
						<edomvd>Conococheague Limestone</edomvd>
						<edomvds>USGS Geologic Names Lexicon: http://ngmdb.usgs.gov/Geolex/geolex_home.html</edomvds>
					</edom>
					<edom>
						<edomv>Ce</edomv>
						<edomvd>Elbrook Formation</edomvd>
						<edomvds>USGS Geologic Names Lexicon: http://ngmdb.usgs.gov/Geolex/geolex_home.html</edomvds>
					</edom>
				</attrdomv>
				<attalias Sync="TRUE">MapUnit</attalias><attrtype Sync="TRUE">String</attrtype><attwidth Sync="TRUE">30</attwidth></attr>
			<attr><attrlabl Sync="TRUE">TensionGas</attrlabl><attalias Sync="TRUE">TensionGas</attalias><attrtype Sync="TRUE">Number</attrtype><attwidth Sync="TRUE">9</attwidth></attr><attr><attrlabl Sync="TRUE">TensionG_1</attrlabl><attalias Sync="TRUE">TensionG_1</attalias><attrtype Sync="TRUE">Number</attrtype><attwidth Sync="TRUE">9</attwidth></attr><attr><attrlabl Sync="TRUE">TensionG_2</attrlabl><attalias Sync="TRUE">TensionG_2</attalias><attrtype Sync="TRUE">String</attrtype><attwidth Sync="TRUE">100</attwidth></attr><attr>
				<attrlabl>FGDCRefNo</attrlabl>
				<attrdef>Reference number for symbology on map</attrdef>
				<attrdefs>FGDC Digitial Cartographic Standard for Geologic Map Symbolization, 2006, Document Number FGDC-013-2006</attrdefs>
				<attalias Sync="TRUE">FGDCRefNo</attalias><attrtype Sync="TRUE">String</attrtype><attwidth Sync="TRUE">16</attwidth></attr>
			<attr><attrlabl Sync="TRUE">SymbolRota</attrlabl><attalias Sync="TRUE">SymbolRota</attalias><attrtype Sync="TRUE">String</attrtype><attwidth Sync="TRUE">254</attwidth></attr><attr><attrlabl Sync="TRUE">SymbolRo_1</attrlabl><attalias Sync="TRUE">SymbolRo_1</attalias><attrtype Sync="TRUE">Float</attrtype><attwidth Sync="TRUE">13</attwidth><atnumdec Sync="TRUE">11</atnumdec></attr><attr>
				<attrlabl>RuleID</attrlabl>
				<attrdef>Rule ID number for symbolization using ESRI representation classes</attrdef>
				<attalias Sync="TRUE">RuleID</attalias><attrtype Sync="TRUE">Number</attrtype><attwidth Sync="TRUE">9</attwidth></attr>
		</detailed>
	</eainfo>
	<distinfo>
		<distrib>
			<cntinfo>
				<cntperp>
					<cntper>Daniel H. Doctor</cntper>
					<cntorg>U.S. Geological Survey</cntorg>
				</cntperp>
				<cntpos>Research Geologist</cntpos>
				<cntaddr>
					<addrtype>mailing address</addrtype>
					<address>12201 Sunrise Valley Drive, MS 926A</address>
					<city>Reston</city>
					<state>Virginia</state>
					<postal>20192</postal>
					<country>USA</country>
				</cntaddr>
				<cntvoice>703-648-6027</cntvoice>
				<cntemail>dhdoctor@usgs.gov</cntemail>
				<cntinst>email preferred.</cntinst>
			</cntinfo>
		</distrib>
		<resdesc>Downloadable Data</resdesc>
		<distliab>Although all data and software released have been used by the USGS, no warranty, expressed or implied, is made by the USGS as to the accuracy of the data and related materials and (or) the functioning of the software.</distliab>
		<stdorder>
			<digform>
				<digtinfo>
					<transize>0.015</transize>
					<dssize Sync="TRUE">0.000</dssize></digtinfo>
				<digtopt>
					<onlinopt>
						<computer>
							<networka>
								<networkr>http://pubs.usgs.gov/of/2010/1265</networkr>
							</networka>
						</computer>
					</onlinopt>
				</digtopt>
			</digform>
		</stdorder>
		<custom>These data are availble at no charge over the internet at: &lt;http://pubs.usgs.gov/&gt;. CD versions may be requested by emailing dhdoctor@usgs.gov.</custom>
	</distinfo>
	<metainfo>
		<metd>20101108</metd>
		<metc>
			<cntinfo>
				<cntperp>
					<cntper>Daniel H. Doctor</cntper>
					<cntorg>U.S. Geological Survey</cntorg>
				</cntperp>
				<cntpos>Research Geologist</cntpos>
				<cntaddr>
					<addrtype>mailing address</addrtype>
					<address>12201 Sunrise Valley Drive, MS 926A</address>
					<city>Reston</city>
					<state>Virginia</state>
					<postal>20192</postal>
					<country>USA</country>
				</cntaddr>
				<cntvoice>703-648-6027</cntvoice>
				<cntemail>dhdoctor@usgs.gov</cntemail>
				<cntinst>email preferred.</cntinst>
			</cntinfo>
		</metc>
		<metstdn>FGDC Content Standards for Digital Geospatial Metadata</metstdn>
		<metstdv>FGDC-STD-001-1998</metstdv>
		<mettc>local time</mettc>
		<metsi>
			<metsc>Unclassified</metsc>
		</metsi>
		<langmeta Sync="TRUE">en</langmeta><metextns><onlink Sync="TRUE">http://www.esri.com/metadata/esriprof80.html</onlink><metprof Sync="TRUE">ESRI Metadata Profile</metprof></metextns></metainfo>
	<Esri><MetaID>{C3185795-9B7D-486D-8F3B-DF37B65DD6F0}</MetaID><CreaDate>20101108</CreaDate><CreaTime>12303900</CreaTime><SyncOnce>FALSE</SyncOnce><SyncDate>20101108</SyncDate><SyncTime>19042400</SyncTime><ModDate>20101108</ModDate><ModTime>19042400</ModTime><DataProperties><lineage><Process ToolSource="C:\Program Files\ArcGIS\ArcToolbox\Toolboxes\Data Management Tools.tbx\CopyFeatures" Date="20101108" Time="190424">CopyFeatures C:\ARC_FILES\VA_Mapping\White_Hall\WhiteHall_OPEN-FILE\WhiteHall_GIS_data\WhiteHallGeologicMap.mdb\BedrockGeologicMap\TensionGashPoints C:\ARC_FILES\VA_Mapping\White_Hall\WhiteHall_OPEN-FILE\WhiteHall_GIS_data\WhiteHall_shapefiles\TensionGashPoints.shp # 0 0 0</Process></lineage></DataProperties></Esri><dataIdInfo><envirDesc Sync="TRUE">Microsoft Windows XP Version 5.1 (Build 2600) Service Pack 3; ESRI ArcCatalog 9.3.1.1850</envirDesc><dataLang><languageCode Sync="TRUE" value="en"></languageCode></dataLang><idCitation><resTitle Sync="TRUE">TensionGashPoints</resTitle><presForm><PresFormCd Sync="TRUE" value="005"></PresFormCd></presForm></idCitation><spatRpType><SpatRepTypCd Sync="TRUE" value="001"></SpatRepTypCd></spatRpType><dataExt><geoEle><GeoBndBox esriExtentType="native"><westBL Sync="TRUE">744135.0901</westBL><eastBL Sync="TRUE">747448.6868</eastBL><northBL Sync="TRUE">4356324.5761</northBL><southBL Sync="TRUE">4348499.9568</southBL><exTypeCode Sync="TRUE">1</exTypeCode></GeoBndBox></geoEle></dataExt><geoBox esriExtentType="decdegrees"><westBL Sync="TRUE">-78.170808</westBL><eastBL Sync="TRUE">-78.129577</eastBL><northBL Sync="TRUE">39.321903</northBL><southBL Sync="TRUE">39.250544</southBL><exTypeCode Sync="TRUE">1</exTypeCode></geoBox></dataIdInfo><mdLang><languageCode Sync="TRUE" value="en"></languageCode></mdLang><mdStanName Sync="TRUE">ISO 19115 Geographic Information - Metadata</mdStanName><mdStanVer Sync="TRUE">DIS_ESRI1.0</mdStanVer><mdChar><CharSetCd Sync="TRUE" value="004"></CharSetCd></mdChar><mdHrLv><ScopeCd Sync="TRUE" value="005"></ScopeCd></mdHrLv><mdHrLvName Sync="TRUE">dataset</mdHrLvName><distInfo><distributor><distorTran><onLineSrc><orDesc Sync="TRUE">002</orDesc><linkage Sync="TRUE">file://\\IGSAAAHMWSG534\C$\ARC_FILES\VA_Mapping\White_Hall\WhiteHall_OPEN-FILE\WhiteHall_GIS_data\WhiteHall_shapefiles\TensionGashPoints.shp</linkage><protocol Sync="TRUE">Local Area Network</protocol></onLineSrc><transSize Sync="TRUE">0.000</transSize></distorTran><distorFormat><formatName Sync="TRUE">Shapefile</formatName></distorFormat></distributor></distInfo><refSysInfo><RefSystem><refSysID><identCode Sync="TRUE">North_American_1983_UTM_Zone_17N</identCode></refSysID></RefSystem></refSysInfo><spatRepInfo><VectSpatRep><topLvl><TopoLevCd Sync="TRUE" value="001"></TopoLevCd></topLvl><geometObjs Name="TensionGashPoints"><geoObjTyp><GeoObjTypCd Sync="TRUE" value="004"></GeoObjTypCd></geoObjTyp><geoObjCnt Sync="TRUE">0</geoObjCnt></geometObjs></VectSpatRep></spatRepInfo><mdDateSt Sync="TRUE">20101108</mdDateSt></metadata>
