<?xml version="1.0" encoding="ISO-8859-1"?>
<!DOCTYPE metadata SYSTEM "http://www.fgdc.gov/metadata/fgdc-std-001-1998.dtd">
<metadata>
	<idinfo>
		<citation>
			<citeinfo>
				<origin>County of Albemarle</origin>
				<pubdate>Unknown</pubdate>
				<title>Railroad Bed Edges</title>
				<geoform Sync="TRUE">vector digital data</geoform>
				<pubinfo>
					<pubplace>Charlottesville, VA</pubplace>
					<publish>County of Albemarle - Office of Geographic Data Services</publish>
				</pubinfo>
				<onlink Sync="TRUE">\\COB_Planning\Mapping\OOMGAIR\Planimetrics\Railroad_Edges.shp</onlink>
				<ftname Sync="TRUE">Railroad_Edges</ftname></citeinfo>
		</citation>
		<descript>
			<purpose>The purpose of this file is to allow users to be able to display, analyze, query, etc. the County's railroad edge of bed information in a GIS, CAD, or other digital environment.</purpose>
			<langdata Sync="TRUE">en</langdata><abstract>This file represents Albemarle County's digital railroad edge of bed layer.  This digital railroad edge of bed layer is continually updated on a daily basis by County staff from the Office of Geographic Data Services (GDS).  Location data for railroad edges are received by GDS staff (from various sources, such as updated orthos, GPS, plats, etc.) and incorporated into this layer.

The information contained in this file is NOT to be construed or used as a "legal description".  Any errors or omissions should be reported to GDS for correction.</abstract></descript>
		<timeperd>
			<timeinfo>
				<sngdate>
					<caldate>unknown</caldate>
				</sngdate>
			</timeinfo>
			<current>ground condition</current>
		</timeperd>
		<status>
			<progress>In work</progress>
			<update>Continually</update>
		</status>
		<spdom>
			<bounding>
				<westbc>
-78.875967</westbc>
				<eastbc>
-78.207063</eastbc>
				<northbc>
38.291412</northbc>
				<southbc>
37.708387</southbc>
			</bounding>
			<lboundng><leftbc Sync="TRUE">11381093.750000</leftbc><rightbc Sync="TRUE">11567666.650000</rightbc><bottombc Sync="TRUE">3789868.180000</bottombc><topbc Sync="TRUE">3951030.260000</topbc></lboundng><minalti Sync="TRUE">0.000000</minalti><maxalti Sync="TRUE">0.000000</maxalti></spdom>
		<keywords>
			<theme>
				<themekt>None</themekt>
				<themekey>Planimetrics</themekey>
				<themekey>Railroad Edge of Bed</themekey></theme>
			<place>
				<placekt>None</placekt>
				<placekey>Albemarle County</placekey>
				<placekey>County of Albemarle</placekey>
			</place>
		</keywords>
		<useconst>No warranty, expressed or implied, is made by GDS as to the accuracy of the data</useconst>
		<ptcontac>
			<cntinfo>
				<cntorgp>
					<cntorg>County of Albemarle/Office of Geographic Data Services</cntorg>
					<cntper>Damon Pettitt</cntper>
				</cntorgp>
				<cntpos>GIS Coordinator</cntpos>
				<cntaddr>
					<addrtype>mailing and physical address</addrtype>
					<address>401 McIntire Rd</address>
					<city>Charlottesville</city>
					<state>VA</state>
					<postal>22902-4569</postal>
					<country>USA</country>
				</cntaddr>
				<cntvoice>434-296-5823</cntvoice>
				<cntfax>434-296-4012</cntfax>
				<cntemail>dpettitt@albemarle.org</cntemail>
				<hours>8:00 A.M. - 5:00 P.M.</hours>
			</cntinfo>
		</ptcontac>
		<native Sync="TRUE">Microsoft Windows XP Version 5.1 (Build 2600) Service Pack 3; ESRI ArcCatalog 9.3.1.3000</native>
		<natvform Sync="TRUE">Shapefile</natvform></idinfo>
	<dataqual>
		<logic>This dataset should not contain any logical inconsistencies pertaining to topology.</logic>
		<complete>Base data was derived from ...</complete>
		<posacc>
			<horizpa>
				<qhorizpa>
					<horizpav>0</horizpav>
					<horizpae>Not Available</horizpae></qhorizpa>
				<horizpar>Not Available</horizpar></horizpa>
			<vertacc>
				<vertaccr>Not Available</vertaccr>
				<qvertpa>
					<vertaccv>0</vertaccv>
					<vertacce>Not Available</vertacce>
				</qvertpa>
			</vertacc>
		</posacc>
	</dataqual>
	<spdoinfo>
		<direct Sync="TRUE">Vector</direct>
		<ptvctinf>
			<sdtsterm Name="Railroad_Edges">
				<sdtstype Sync="TRUE">String</sdtstype>
				<ptvctcnt Sync="TRUE">660</ptvctcnt>
			</sdtsterm>
			<esriterm Name="Railroad_Edges"><efeatyp Sync="TRUE">Simple</efeatyp><efeageom Sync="TRUE">Polyline</efeageom><esritopo Sync="TRUE">FALSE</esritopo><efeacnt Sync="TRUE">660</efeacnt><spindex Sync="TRUE">TRUE</spindex><linrefer Sync="TRUE">FALSE</linrefer></esriterm><esriterm Name="Polyline"><efeatyp Sync="TRUE">Simple</efeatyp><efeageom Sync="TRUE">Polyline</efeageom><esritopo Sync="TRUE">FALSE</esritopo><efeacnt Sync="TRUE">139</efeacnt><spindex Sync="TRUE">FALSE</spindex><linrefer Sync="TRUE">FALSE</linrefer></esriterm><sdtsterm Name="Polyline"><sdtstype Sync="TRUE">String</sdtstype><ptvctcnt Sync="TRUE">139</ptvctcnt></sdtsterm><esriterm Name="Polygon"><efeatyp Sync="TRUE">Simple</efeatyp><efeageom Sync="TRUE">Polygon</efeageom><esritopo Sync="TRUE">FALSE</esritopo><efeacnt Sync="TRUE">139</efeacnt><spindex Sync="TRUE">FALSE</spindex><linrefer Sync="TRUE">FALSE</linrefer></esriterm><sdtsterm Name="Polygon"><sdtstype Sync="TRUE">G-polygon</sdtstype><ptvctcnt Sync="TRUE">139</ptvctcnt></sdtsterm><esriterm Name="Annotation"><efeatyp Sync="TRUE"></efeatyp><efeageom Sync="TRUE">Point</efeageom><esritopo Sync="TRUE">FALSE</esritopo><efeacnt Sync="TRUE">139</efeacnt><spindex Sync="TRUE">FALSE</spindex><linrefer Sync="TRUE">FALSE</linrefer></esriterm><sdtsterm Name="Annotation"><sdtstype Sync="TRUE">Entity point</sdtstype><ptvctcnt Sync="TRUE">139</ptvctcnt></sdtsterm></ptvctinf>
	</spdoinfo>
	<spref>
		<horizsys>
			<planar>
				<planci>
					<plance>row and column</plance>
					<coordrep>
						<absres>2.000000</absres>
						<ordres>2.000000</ordres>
					</coordrep>
					<plandu>survey feet</plandu>
				</planci>
				<mapproj><mapprojn Sync="TRUE">Lambert Conformal Conic</mapprojn><lambertc><stdparll Sync="TRUE">36.766667</stdparll><stdparll Sync="TRUE">37.966667</stdparll><longcm Sync="TRUE">-78.500000</longcm><latprjo Sync="TRUE">36.333333</latprjo><feast Sync="TRUE">11482916.666667</feast><fnorth Sync="TRUE">3280833.333333</fnorth></lambertc></mapproj></planar>
			<geodetic>
				<horizdn>North American Datum of 1983</horizdn>
				<ellips>Geodetic Reference System 80</ellips>
				<semiaxis>6378137.000000</semiaxis>
				<denflat>298.257222</denflat>
			</geodetic>
			<cordsysn><geogcsn Sync="TRUE">GCS_North_American_1983</geogcsn><projcsn Sync="TRUE">NAD_1983_StatePlane_Virginia_South_FIPS_4502_Feet</projcsn></cordsysn></horizsys>
		<vertdef><altsys><altenc Sync="TRUE">Explicit elevation coordinate included with horizontal coordinates</altenc><altres Sync="TRUE">1.000000</altres></altsys></vertdef></spref>
	<eainfo>
		<detailed Name="Railroad_Edges">
			<attr><attrlabl Sync="TRUE">SHAPE</attrlabl><attalias Sync="TRUE">UPDATED</attalias><attrtype Sync="TRUE">Date</attrtype><attwidth Sync="TRUE">8</attwidth><atprecis Sync="TRUE">0</atprecis><attscale Sync="TRUE">0</attscale><attrdefs Sync="TRUE">ESRI</attrdefs><attrdomv><udom Sync="TRUE">Coordinates defining the features.</udom></attrdomv><attrdef Sync="TRUE">Feature geometry.</attrdef></attr><enttyp>
				<enttypl Sync="TRUE">Railroad_Edges</enttypl>
				<enttypt Sync="TRUE">Feature Class</enttypt><enttypc Sync="TRUE">660</enttypc></enttyp>
			<attr>
				<attrlabl Sync="TRUE">UPDATED</attrlabl>
				<attalias Sync="TRUE">UPDATED_BY</attalias><attrtype Sync="TRUE">Date</attrtype><attwidth Sync="TRUE">8</attwidth><attrdef>Date the feature was updated</attrdef><attrdefs Sync="TRUE">ESRI</attrdefs><attrdomv><udom Sync="TRUE">Coordinates defining the features.</udom></attrdomv></attr>
			<attr>
				<attrlabl Sync="TRUE">UPDATED_BY</attrlabl>
				<attalias Sync="TRUE">NEW_2000</attalias><attrtype Sync="TRUE">String</attrtype><attwidth Sync="TRUE">10</attwidth><attrdef>County staff person who did the parcel boundary updating.  If a '+' appears after the person's name it means that an automated process (e.g. topology validation) has updated this record, but because we want to preserve the name of the staff person that did the actual updating, as opposed to the name of the automatic user (e.g. ALBEMARLE), a '+' will appear.</attrdef></attr>
			<attr><attrlabl Sync="TRUE">NEW_2000</attrlabl><attalias Sync="TRUE">COGO</attalias><attrtype Sync="TRUE">String</attrtype><attwidth Sync="TRUE">3</attwidth><attrdef>A "YES" indicates that the feature is new since the Y2000 orthos</attrdef></attr><attr><attrlabl Sync="TRUE">COGO</attrlabl><attalias Sync="TRUE">GPS</attalias><attrtype Sync="TRUE">String</attrtype><attwidth Sync="TRUE">3</attwidth><attrdef>YES/NO field indicating whether or not a feature was inputted using COGO (Coordinate Geometry)</attrdef></attr><attr><attrlabl Sync="TRUE">GPS</attrlabl><attalias Sync="TRUE">FID</attalias><attrtype Sync="TRUE">String</attrtype><attwidth Sync="TRUE">3</attwidth><attrdef>YES/NO field indicating whether or not a feature was inputted using GPS</attrdef><attrdefs Sync="TRUE">ESRI</attrdefs><attrdomv><udom Sync="TRUE">Sequential unique whole numbers that are automatically generated.</udom></attrdomv></attr><attr><attrlabl Sync="TRUE">FID</attrlabl><attalias Sync="TRUE">CREATED</attalias><attrtype Sync="TRUE">Date</attrtype><attwidth Sync="TRUE">8</attwidth><attrdef Sync="TRUE">Internal feature number.</attrdef><attrdefs Sync="TRUE">ESRI</attrdefs><attrdomv><udom Sync="TRUE">Sequential unique whole numbers that are automatically generated.</udom></attrdomv><atprecis Sync="TRUE">0</atprecis><attscale Sync="TRUE">0</attscale></attr><attr><attrlabl Sync="TRUE">CREATED</attrlabl><attalias Sync="TRUE">Shape</attalias><attrtype Sync="TRUE">Date</attrtype><attwidth Sync="TRUE">8</attwidth><attrdef>Date the feature was created</attrdef><attrdefs Sync="TRUE">ESRI</attrdefs><attrdomv><udom Sync="TRUE">Coordinates defining the features.</udom></attrdomv></attr><attr><attrlabl Sync="TRUE">Shape</attrlabl><attalias Sync="TRUE">SHAPE_len</attalias><attrtype Sync="TRUE">Double</attrtype><attwidth Sync="TRUE">19</attwidth><attrdef Sync="TRUE">Feature geometry.</attrdef><attrdefs Sync="TRUE">ESRI</attrdefs><attrdomv><udom Sync="TRUE">Coordinates defining the features.</udom></attrdomv><atprecis Sync="TRUE">0</atprecis><attscale Sync="TRUE">0</attscale></attr><attr><attrlabl Sync="TRUE">SHAPE_len</attrlabl><attalias Sync="TRUE">SHAPE_len</attalias><attrtype Sync="TRUE">Float</attrtype><attwidth Sync="TRUE">19</attwidth><atnumdec Sync="TRUE">11</atnumdec></attr></detailed>
		<detailed Name="Polyline"><enttyp><enttypl Sync="TRUE">Polyline</enttypl><enttypt Sync="TRUE">Feature Class</enttypt><enttypc Sync="TRUE">139</enttypc></enttyp><attr><attrlabl Sync="TRUE">FID</attrlabl><attalias Sync="TRUE">FID</attalias><attrtype Sync="TRUE">OID</attrtype><attwidth Sync="TRUE">4</attwidth><atprecis Sync="TRUE">0</atprecis><attscale Sync="TRUE">0</attscale><attrdef Sync="TRUE">Internal feature number.</attrdef><attrdefs Sync="TRUE">ESRI</attrdefs><attrdomv><udom Sync="TRUE">Sequential unique whole numbers that are automatically generated.</udom></attrdomv></attr><attr><attrlabl Sync="TRUE">Shape</attrlabl><attalias Sync="TRUE">Shape</attalias><attrtype Sync="TRUE">Date</attrtype><attwidth Sync="TRUE">8</attwidth><attrdef Sync="TRUE">Feature geometry.</attrdef><attrdefs Sync="TRUE">ESRI</attrdefs><attrdomv><udom Sync="TRUE">Coordinates defining the features.</udom></attrdomv></attr><attr><attrlabl Sync="TRUE">Entity</attrlabl><attalias Sync="TRUE">Entity</attalias><attrtype Sync="TRUE">String</attrtype><attwidth Sync="TRUE">10</attwidth></attr><attr><attrlabl Sync="TRUE">Layer</attrlabl><attalias Sync="TRUE">Layer</attalias><attrtype Sync="TRUE">String</attrtype><attwidth Sync="TRUE">3</attwidth></attr><attr><attrlabl Sync="TRUE">Level</attrlabl><attalias Sync="TRUE">Level</attalias><attrtype Sync="TRUE">String</attrtype><attwidth Sync="TRUE">3</attwidth></attr><attr><attrlabl Sync="TRUE">Color</attrlabl><attalias Sync="TRUE">Color</attalias><attrtype Sync="TRUE">String</attrtype><attwidth Sync="TRUE">3</attwidth></attr><attr><attrlabl Sync="TRUE">Linetype</attrlabl><attalias Sync="TRUE">Linetype</attalias><attrtype Sync="TRUE">String</attrtype><attwidth Sync="TRUE">3</attwidth></attr><attr><attrlabl Sync="TRUE">Text</attrlabl><attalias Sync="TRUE">Text</attalias><attrtype Sync="TRUE">Date</attrtype><attwidth Sync="TRUE">8</attwidth></attr><attr><atnumdec Sync="TRUE">11</atnumdec></attr><attr><atnumdec Sync="TRUE">11</atnumdec></attr></detailed><detailed Name="Polygon"><enttyp><enttypl Sync="TRUE">Polygon</enttypl><enttypt Sync="TRUE">Feature Class</enttypt><enttypc Sync="TRUE">139</enttypc></enttyp><attr><attrlabl Sync="TRUE">FID</attrlabl><attalias Sync="TRUE">FID</attalias><attrtype Sync="TRUE">OID</attrtype><attwidth Sync="TRUE">4</attwidth><atprecis Sync="TRUE">0</atprecis><attscale Sync="TRUE">0</attscale><attrdef Sync="TRUE">Internal feature number.</attrdef><attrdefs Sync="TRUE">ESRI</attrdefs><attrdomv><udom Sync="TRUE">Sequential unique whole numbers that are automatically generated.</udom></attrdomv></attr><attr><attrlabl Sync="TRUE">Shape</attrlabl><attalias Sync="TRUE">Shape</attalias><attrtype Sync="TRUE">Date</attrtype><attwidth Sync="TRUE">8</attwidth><attrdef Sync="TRUE">Feature geometry.</attrdef><attrdefs Sync="TRUE">ESRI</attrdefs><attrdomv><udom Sync="TRUE">Coordinates defining the features.</udom></attrdomv></attr><attr><attrlabl Sync="TRUE">Entity</attrlabl><attalias Sync="TRUE">Entity</attalias><attrtype Sync="TRUE">String</attrtype><attwidth Sync="TRUE">10</attwidth></attr><attr><attrlabl Sync="TRUE">Layer</attrlabl><attalias Sync="TRUE">Layer</attalias><attrtype Sync="TRUE">String</attrtype><attwidth Sync="TRUE">3</attwidth></attr><attr><attrlabl Sync="TRUE">Level</attrlabl><attalias Sync="TRUE">Level</attalias><attrtype Sync="TRUE">String</attrtype><attwidth Sync="TRUE">3</attwidth></attr><attr><attrlabl Sync="TRUE">Color</attrlabl><attalias Sync="TRUE">Color</attalias><attrtype Sync="TRUE">String</attrtype><attwidth Sync="TRUE">3</attwidth></attr><attr><attrlabl Sync="TRUE">Linetype</attrlabl><attalias Sync="TRUE">Linetype</attalias><attrtype Sync="TRUE">String</attrtype><attwidth Sync="TRUE">3</attwidth></attr><attr><attrlabl Sync="TRUE">Text</attrlabl><attalias Sync="TRUE">Text</attalias><attrtype Sync="TRUE">Date</attrtype><attwidth Sync="TRUE">8</attwidth></attr><attr><atnumdec Sync="TRUE">11</atnumdec></attr><attr><atnumdec Sync="TRUE">11</atnumdec></attr></detailed><detailed Name="Annotation"><enttyp><enttypl Sync="TRUE">Annotation</enttypl><enttypt Sync="TRUE">Feature Class</enttypt><enttypc Sync="TRUE">139</enttypc></enttyp><attr><attrlabl Sync="TRUE">FID</attrlabl><attalias Sync="TRUE">FID</attalias><attrtype Sync="TRUE">OID</attrtype><attwidth Sync="TRUE">4</attwidth><atprecis Sync="TRUE">0</atprecis><attscale Sync="TRUE">0</attscale><attrdef Sync="TRUE">Internal feature number.</attrdef><attrdefs Sync="TRUE">ESRI</attrdefs><attrdomv><udom Sync="TRUE">Sequential unique whole numbers that are automatically generated.</udom></attrdomv></attr><attr><attrlabl Sync="TRUE">Shape</attrlabl><attalias Sync="TRUE">Shape</attalias><attrtype Sync="TRUE">Date</attrtype><attwidth Sync="TRUE">8</attwidth><attrdef Sync="TRUE">Feature geometry.</attrdef><attrdefs Sync="TRUE">ESRI</attrdefs><attrdomv><udom Sync="TRUE">Coordinates defining the features.</udom></attrdomv></attr><attr><attrlabl Sync="TRUE">Entity</attrlabl><attalias Sync="TRUE">Entity</attalias><attrtype Sync="TRUE">String</attrtype><attwidth Sync="TRUE">10</attwidth></attr><attr><attrlabl Sync="TRUE">Layer</attrlabl><attalias Sync="TRUE">Layer</attalias><attrtype Sync="TRUE">String</attrtype><attwidth Sync="TRUE">3</attwidth></attr><attr><attrlabl Sync="TRUE">Level</attrlabl><attalias Sync="TRUE">Level</attalias><attrtype Sync="TRUE">String</attrtype><attwidth Sync="TRUE">3</attwidth></attr><attr><attrlabl Sync="TRUE">Color</attrlabl><attalias Sync="TRUE">Color</attalias><attrtype Sync="TRUE">String</attrtype><attwidth Sync="TRUE">3</attwidth></attr><attr><attrlabl Sync="TRUE">Style</attrlabl><attalias Sync="TRUE">Style</attalias><attrtype Sync="TRUE">String</attrtype><attwidth Sync="TRUE">3</attwidth></attr><attr><attrlabl Sync="TRUE">FontId</attrlabl><attalias Sync="TRUE">FontId</attalias><attrtype Sync="TRUE">Date</attrtype><attwidth Sync="TRUE">8</attwidth></attr><attr><attrlabl Sync="TRUE">Text</attrlabl><attalias Sync="TRUE">Text</attalias><attrtype Sync="TRUE">Float</attrtype><attwidth Sync="TRUE">19</attwidth><atnumdec Sync="TRUE">11</atnumdec></attr><attr><attrlabl Sync="TRUE">Height</attrlabl><attalias Sync="TRUE">Height</attalias><attrtype Sync="TRUE">Float</attrtype><attwidth Sync="TRUE">19</attwidth><atnumdec Sync="TRUE">11</atnumdec></attr><attr><attrlabl Sync="TRUE">Angle</attrlabl><attalias Sync="TRUE">Angle</attalias><attrtype Sync="TRUE">Double</attrtype><attwidth Sync="TRUE">8</attwidth><atprecis Sync="TRUE">0</atprecis><attscale Sync="TRUE">0</attscale></attr></detailed></eainfo>
	<distinfo>
		<distrib>
			<cntinfo>
				<cntperp>
					<cntper>Damon Pettitt</cntper>
					<cntorg>County of Albemarle/Department of Planning and Community Development/Office of Geographic Data Services</cntorg>
				</cntperp>
				<cntpos>GIS Coordinator</cntpos>
				<cntaddr>
					<addrtype>mailing and physical address</addrtype>
					<address>401 McIntire Rd</address>
					<city>Charlottesville</city>
					<state>VA</state>
					<postal>22902-4569</postal>
					<country>USA</country>
				</cntaddr>
				<cntvoice>434-296-5823</cntvoice>
				<cntfax>434-296-4012</cntfax>
				<cntemail>dpettitt@albemarle.org</cntemail>
			</cntinfo>
		</distrib>
		<distliab>The information depicted in this GIS layer is the result of analyses performed on a variety of sources.  The accuracy of the information presented is limited to the collective accuracy of the sources on the date of the analysis.  The information is believed accurate and reasonable efforts have been made to ensure the accuracy of the data.  However, the County of Albemarle expressly disclaims responsibility for damages or liability that may arise from use of this data.  This product is the property of the County of Albemarle and its use is thereby restricted.</distliab>
		<stdorder>
			<digform>
				<digtinfo>
					<transize Sync="TRUE">0.280</transize>
					<dssize Sync="TRUE">0.280</dssize></digtinfo>
				<digtopt>
					<onlinopt>
						<computer>
							<networka>
								<networkr>Not Available</networkr>
							</networka>
						</computer>
					</onlinopt>
				</digtopt>
			</digform>
			<fees>N/A</fees>
			<ordering>N/A</ordering>
			<turnarnd>N/A</turnarnd>
		</stdorder>
		<resdesc Sync="TRUE">Downloadable Data</resdesc></distinfo>
	<metainfo>
		<metd Sync="TRUE">20091117</metd>
		<metc>
			<cntinfo>
				<cntorgp>
					<cntorg>County of Albemarle/Department of Planning and Community Development/Office of Geographic Data Services</cntorg>
					<cntper>Damon Pettitt</cntper>
				</cntorgp>
				<cntpos>GIS Coordinator</cntpos>
				<cntaddr>
					<addrtype>mailing and physical address</addrtype>
					<address>401 McIntire Rd</address>
					<city>Charlottesville</city>
					<state>VA</state>
					<postal>22902-4596</postal>
					<country>USA</country>
				</cntaddr>
				<cntvoice>434-296-5823</cntvoice>
				<cntfax>434-296-4012</cntfax>
				<cntemail>dpettitt@albemarle.org</cntemail>
				<hours>8:00 A.M. - 5:00 P.M.</hours>
			</cntinfo>
		</metc>
		<metstdn Sync="TRUE">FGDC Content Standards for Digital Geospatial Metadata</metstdn>
		<metstdv Sync="TRUE">FGDC-STD-001-1998</metstdv>
		<mettc Sync="TRUE">local time</mettc>
		<metextns>
			<onlink>http://www.esri.com/metadata/esriprof80.html</onlink>
			<metprof>ESRI Metadata Profile</metprof>
		</metextns>
		<metextns>
			<onlink>http://www.esri.com/metadata/esriprof80.html</onlink>
			<metprof>ESRI Metadata Profile</metprof>
		</metextns>
		<metextns>
			<onlink>http://www.esri.com/metadata/esriprof80.html</onlink>
			<metprof>ESRI Metadata Profile</metprof>
		</metextns>
		<metextns>
			<onlink>http://www.esri.com/metadata/esriprof80.html</onlink>
			<metprof>ESRI Metadata Profile</metprof>
		</metextns>
		<langmeta Sync="TRUE">en</langmeta><metextns><onlink Sync="TRUE">http://www.esri.com/metadata/esriprof80.html</onlink><metprof Sync="TRUE">ESRI Metadata Profile</metprof></metextns></metainfo>
	<Esri><CreaDate>20040503</CreaDate><CreaTime>10201300</CreaTime><SyncOnce>FALSE</SyncOnce><SyncDate>20091117</SyncDate><SyncTime>12230300</SyncTime><ModDate>20091117</ModDate><ModTime>12231000</ModTime><MetaID>{BA3DD9EF-A70F-40AB-BBDE-512A824259CD}</MetaID><DataProperties><lineage/></DataProperties></Esri><dataIdInfo><envirDesc Sync="TRUE">Microsoft Windows XP Version 5.1 (Build 2600) Service Pack 3; ESRI ArcCatalog 9.3.1.3000</envirDesc><dataLang><languageCode Sync="TRUE" value="en"></languageCode></dataLang><idCitation><resTitle Sync="TRUE">Railroad_Edges</resTitle><presForm><PresFormCd Sync="TRUE" value="005"></PresFormCd></presForm></idCitation><spatRpType><SpatRepTypCd Sync="TRUE" value="001"></SpatRepTypCd></spatRpType><dataExt><geoEle><GeoBndBox esriExtentType="native"><westBL Sync="TRUE">11381093.75</westBL><eastBL Sync="TRUE">11567666.65</eastBL><northBL Sync="TRUE">3951030.26</northBL><southBL Sync="TRUE">3789868.18</southBL><exTypeCode Sync="TRUE">1</exTypeCode></GeoBndBox></geoEle></dataExt><geoBox esriExtentType="decdegrees"><westBL Sync="TRUE">-78.854172</westBL><eastBL Sync="TRUE">-78.205213</eastBL><northBL Sync="TRUE">38.173971</northBL><southBL Sync="TRUE">37.730889</southBL><exTypeCode Sync="TRUE">1</exTypeCode></geoBox></dataIdInfo><mdLang><languageCode Sync="TRUE" value="en"></languageCode></mdLang><mdStanName Sync="TRUE">ISO 19115 Geographic Information - Metadata</mdStanName><mdStanVer Sync="TRUE">DIS_ESRI1.0</mdStanVer><mdChar><CharSetCd Sync="TRUE" value="004"></CharSetCd></mdChar><mdHrLv><ScopeCd Sync="TRUE" value="005"></ScopeCd></mdHrLv><mdHrLvName Sync="TRUE">dataset</mdHrLvName><distInfo><distributor><distorTran><onLineSrc><orDesc Sync="TRUE">002</orDesc><linkage Sync="TRUE">file://\\COB_Planning\Mapping\OOMGAIR\Planimetrics\Railroad_Edges.shp</linkage><protocol Sync="TRUE">Local Area Network</protocol></onLineSrc><transSize Sync="TRUE">0.280</transSize></distorTran><distorFormat><formatName Sync="TRUE">Shapefile</formatName></distorFormat></distributor></distInfo><spatRepInfo><VectSpatRep><topLvl><TopoLevCd Sync="TRUE" value="001"></TopoLevCd></topLvl><geometObjs Name="Railroad_Edges"><geoObjTyp><GeoObjTypCd Sync="TRUE" value="001"></GeoObjTypCd></geoObjTyp><geoObjCnt Sync="TRUE">660</geoObjCnt></geometObjs></VectSpatRep></spatRepInfo><mdDateSt Sync="TRUE">20091117</mdDateSt><refSysInfo><RefSystem><refSysID><identCode Sync="TRUE">NAD_1983_StatePlane_Virginia_South_FIPS_4502_Feet</identCode></refSysID></RefSystem></refSysInfo></metadata>
