<?xml version="1.0"?>
<!--<!DOCTYPE metadata SYSTEM "http://www.esri.com/metadata/esriprof80.dtd">-->
<metadata xml:lang="en"><Esri><CreaDate>20060809</CreaDate><CreaTime>14175600</CreaTime><SyncOnce>FALSE</SyncOnce><SyncDate>20070606</SyncDate><SyncTime>14384100</SyncTime><ModDate>20070606</ModDate><ModTime>14392700</ModTime><MetaID>{EB8172EE-3292-47FC-8525-8A8D08BE909C}</MetaID></Esri><idinfo><native Sync="TRUE">Microsoft Windows XP Version 5.1 (Build 2600) Service Pack 2; ESRI ArcCatalog 9.2.2.1350</native><descript><langdata>English</langdata><abstract>The High School Boundaries feature class delineates the areas of attendance for each of the 3 public high schools in Bedford County, VA.</abstract><purpose>The purpose of the High School Boundaries feature class is to provide a geographic representation of the public high school attendance zones for Bedford County, VA.</purpose><supplinf>Original boundaries drawn on hard-copy 911 maps by the Bedford County School Board Transportation Department.  The Transportation Department provided the GIS Department with individual hard-copy 911 maps delineating the school boundaries.  The GIS Department converted these lines to digital format using AutoCAD Map.  GIS Staff then created .shp file and added attributes.  July, 2003.</supplinf></descript><citation><citeinfo><origin>Bedford County, VA Geographic Information Systems Department</origin><pubdate>1/31/2007</pubdate><title Sync="TRUE">high_school_boundaries</title><ftname Sync="TRUE">high_school_boundaries</ftname><geoform Sync="TRUE">vector digital data</geoform><onlink Sync="TRUE">\\Bedfordnas1\GIS\Bedford_Schools\School_Boundaries\high_school_boundaries.shp</onlink></citeinfo></citation><timeperd><current>ground condition</current><timeinfo><sngdate><caldate>1/31/2007</caldate></sngdate></timeinfo></timeperd><status><progress>Complete</progress><update>As needed</update></status><spdom><bounding><westbc Sync="TRUE">-79.864343</westbc><eastbc Sync="TRUE">-79.181266</eastbc><northbc Sync="TRUE">37.620020</northbc><southbc Sync="TRUE">37.002144</southbc></bounding><lboundng><leftbc Sync="TRUE">11087743.507159</leftbc><rightbc Sync="TRUE">11283994.221009</rightbc><bottombc Sync="TRUE">3527171.876811</bottombc><topbc Sync="TRUE">3750031.610841</topbc></lboundng></spdom><keywords><theme><themekt>Attendance Zones</themekt><themekey>High School Boundaries</themekey></theme><theme><themekt>High Schools</themekt></theme></keywords><accconst>Bedford County provides this information in good faith with no warranty and does not accept any liability arising from incorrect, imcomplete or misleading information or improper use.</accconst><useconst>The information presented by Bedford County is intended to serve only as a reference for the locations of High School Attendance Zones within Bedford County, VA and the City of Bedford, VA.  Bedford County takes no legal responsibility for its accuracy.  Users are encouraged to submit comments regarding the information to the Bedford County GIS Department.</useconst><natvform Sync="TRUE">Shapefile</natvform><ptcontac><cntinfo><cntperp><cntper>Carl J. Levandoski</cntper><cntorg>Bedford County, VA Administration</cntorg></cntperp><cntpos>GIS Coordinator</cntpos><cntaddr><addrtype>mailing and physical address</addrtype><address>122 East Main St., Suite G-04</address><city>Bedford</city><state>VA</state><postal>24523</postal><country>USA</country></cntaddr><cntvoice>540.587.5677</cntvoice><cntfax>540.586.2059</cntfax><cntemail>c.levandoski@co.bedford.va.us</cntemail><hours>8:30 AM - 5:00 PM Eastern (Mon.- Fri.)</hours></cntinfo></ptcontac></idinfo><dataIdInfo><envirDesc Sync="TRUE">Microsoft Windows XP Version 5.1 (Build 2600) Service Pack 2; ESRI ArcCatalog 9.2.2.1350</envirDesc><dataLang><languageCode Sync="TRUE" value="en"></languageCode></dataLang><idCitation><resTitle Sync="TRUE">high_school_boundaries</resTitle><presForm><PresFormCd Sync="TRUE" value="005"></PresFormCd></presForm></idCitation><spatRpType><SpatRepTypCd Sync="TRUE" value="001"></SpatRepTypCd></spatRpType><dataExt><geoEle><GeoBndBox esriExtentType="native"><westBL Sync="TRUE">11087743.507159</westBL><eastBL Sync="TRUE">11283994.221009</eastBL><northBL Sync="TRUE">3750031.610841</northBL><southBL Sync="TRUE">3527171.876811</southBL><exTypeCode Sync="TRUE">1</exTypeCode></GeoBndBox></geoEle></dataExt><geoBox esriExtentType="decdegrees"><westBL Sync="TRUE">-79.864343</westBL><eastBL Sync="TRUE">-79.181266</eastBL><northBL Sync="TRUE">37.62002</northBL><southBL Sync="TRUE">37.002144</southBL><exTypeCode Sync="TRUE">1</exTypeCode></geoBox></dataIdInfo><metainfo><langmeta Sync="TRUE">en</langmeta><metstdn Sync="TRUE">FGDC Content Standards for Digital Geospatial Metadata</metstdn><metstdv Sync="TRUE">FGDC-STD-001-1998</metstdv><mettc Sync="TRUE">local time</mettc><metc><cntinfo><cntaddr><addrtype>mailing and physical address</addrtype><city>Bedford</city><state>VA</state><postal>24523</postal><address>122 East Main St., Suite G-04</address><country>USA</country></cntaddr><cntvoice>540.587.5677</cntvoice><cntperp><cntper>Carl J. Levandoski</cntper><cntorg>Bedford County, VA Administration</cntorg></cntperp><cntpos>GIS Coordinator</cntpos><cntfax>540.586.2059</cntfax><cntemail>c.levandoski@co.bedford.va.us</cntemail><hours>8:30 AM - 5:00 PM Eastern (Mon.- Fri.)</hours></cntinfo></metc><metd Sync="TRUE">20070606</metd><metextns><onlink Sync="TRUE">http://www.esri.com/metadata/esriprof80.html</onlink><metprof Sync="TRUE">ESRI Metadata Profile</metprof></metextns></metainfo><mdLang><languageCode Sync="TRUE" value="en"></languageCode></mdLang><mdStanName Sync="TRUE">ISO 19115 Geographic Information - Metadata</mdStanName><mdStanVer Sync="TRUE">DIS_ESRI1.0</mdStanVer><mdChar><CharSetCd Sync="TRUE" value="004"></CharSetCd></mdChar><mdHrLv><ScopeCd Sync="TRUE" value="005"></ScopeCd></mdHrLv><mdHrLvName Sync="TRUE">dataset</mdHrLvName><distinfo><resdesc Sync="TRUE">Downloadable Data</resdesc><stdorder><digform><digtinfo><transize Sync="TRUE">0.220</transize><dssize Sync="TRUE">0.220</dssize></digtinfo></digform></stdorder></distinfo><distInfo><distributor><distorTran><onLineSrc><orDesc Sync="TRUE">002</orDesc><linkage Sync="TRUE">file://\\Bedfordnas1\GIS\Bedford_Schools\School_Boundaries\high_school_boundaries.shp</linkage><protocol Sync="TRUE">Local Area Network</protocol></onLineSrc><transSize Sync="TRUE">0.220</transSize></distorTran><distorFormat><formatName Sync="TRUE">Shapefile</formatName></distorFormat></distributor></distInfo><spdoinfo><direct Sync="TRUE">Vector</direct><ptvctinf><esriterm Name="high_school_boundaries"><efeatyp Sync="TRUE">Simple</efeatyp><efeageom Sync="TRUE">Polygon</efeageom><esritopo Sync="TRUE">FALSE</esritopo><efeacnt Sync="TRUE">3</efeacnt><spindex Sync="TRUE">TRUE</spindex><linrefer Sync="TRUE">FALSE</linrefer></esriterm><sdtsterm Name="high_school_boundaries"><sdtstype Sync="TRUE">G-polygon</sdtstype><ptvctcnt Sync="TRUE">3</ptvctcnt></sdtsterm></ptvctinf></spdoinfo><spatRepInfo><VectSpatRep><topLvl><TopoLevCd Sync="TRUE" value="001"></TopoLevCd></topLvl><geometObjs Name="high_school_boundaries"><geoObjTyp><GeoObjTypCd Sync="TRUE" value="001"></GeoObjTypCd></geoObjTyp><geoObjCnt Sync="TRUE">3</geoObjCnt></geometObjs></VectSpatRep></spatRepInfo><eainfo><detailed Name="high_school_boundaries"><enttyp><enttypl Sync="TRUE">high_school_boundaries</enttypl><enttypt Sync="TRUE">Feature Class</enttypt><enttypc Sync="TRUE">3</enttypc></enttyp><attr><attrlabl Sync="TRUE">FID</attrlabl><attalias Sync="TRUE">FID</attalias><attrtype Sync="TRUE">OID</attrtype><attwidth Sync="TRUE">4</attwidth><atprecis Sync="TRUE">0</atprecis><attscale Sync="TRUE">0</attscale><attrdef Sync="TRUE">Internal feature number.</attrdef><attrdefs Sync="TRUE">ESRI</attrdefs><attrdomv><udom Sync="TRUE">Sequential unique whole numbers that are automatically generated.</udom></attrdomv></attr><attr><attrlabl Sync="TRUE">Shape</attrlabl><attalias Sync="TRUE">Shape</attalias><attrtype Sync="TRUE">Geometry</attrtype><attwidth Sync="TRUE">0</attwidth><atprecis Sync="TRUE">0</atprecis><attscale Sync="TRUE">0</attscale><attrdef Sync="TRUE">Feature geometry.</attrdef><attrdefs Sync="TRUE">ESRI</attrdefs><attrdomv><udom Sync="TRUE">Coordinates defining the features.</udom></attrdomv></attr><attr><attrlabl Sync="TRUE">ID</attrlabl><attalias Sync="TRUE">ID</attalias><attrtype Sync="TRUE">Number</attrtype><attwidth Sync="TRUE">11</attwidth></attr><attr><attrlabl Sync="TRUE">AREA</attrlabl><attalias Sync="TRUE">AREA</attalias><attrtype Sync="TRUE">Number</attrtype><attwidth Sync="TRUE">31</attwidth><atnumdec Sync="TRUE">15</atnumdec></attr><attr><attrlabl Sync="TRUE">PERIMETER</attrlabl><attalias Sync="TRUE">PERIMETER</attalias><attrtype Sync="TRUE">Number</attrtype><attwidth Sync="TRUE">31</attwidth><atnumdec Sync="TRUE">15</atnumdec></attr><attr><attrlabl Sync="TRUE">HIGH_SCHOO</attrlabl><attalias Sync="TRUE">HIGH_SCHOO</attalias><attrtype Sync="TRUE">String</attrtype><attwidth Sync="TRUE">40</attwidth></attr><attr><attrlabl Sync="TRUE">GRADES</attrlabl><attalias Sync="TRUE">GRADES</attalias><attrtype Sync="TRUE">String</attrtype><attwidth Sync="TRUE">16</attwidth></attr><attr><attrlabl Sync="TRUE">FULL_ADDRE</attrlabl><attalias Sync="TRUE">FULL_ADDRE</attalias><attrtype Sync="TRUE">String</attrtype><attwidth Sync="TRUE">40</attwidth></attr><attr><attrlabl Sync="TRUE">CITY</attrlabl><attalias Sync="TRUE">CITY</attalias><attrtype Sync="TRUE">String</attrtype><attwidth Sync="TRUE">16</attwidth></attr><attr><attrlabl Sync="TRUE">STATE</attrlabl><attalias Sync="TRUE">STATE</attalias><attrtype Sync="TRUE">String</attrtype><attwidth Sync="TRUE">5</attwidth></attr><attr><attrlabl Sync="TRUE">ZIP</attrlabl><attalias Sync="TRUE">ZIP</attalias><attrtype Sync="TRUE">Number</attrtype><attwidth Sync="TRUE">8</attwidth></attr><attr><attrlabl Sync="TRUE">URL</attrlabl><attalias Sync="TRUE">URL</attalias><attrtype Sync="TRUE">String</attrtype><attwidth Sync="TRUE">40</attwidth></attr></detailed></eainfo><mdDateSt Sync="TRUE">20070606</mdDateSt><dataqual><lineage><procstep><procdesc Sync="TRUE">Dataset copied.</procdesc><srcused Sync="TRUE">X:\Bedford_Schools\High_School_Boundaries\high_school_boundaries</srcused><date Sync="TRUE">20060809</date><time Sync="TRUE">14175600</time></procstep></lineage></dataqual><spref><horizsys><cordsysn><geogcsn Sync="TRUE">GCS_North_American_1983</geogcsn><projcsn Sync="TRUE">NAD_1983_StatePlane_Virginia_South_FIPS_4502_Feet</projcsn></cordsysn><planar><planci><plance Sync="TRUE">coordinate pair</plance><plandu Sync="TRUE">survey feet</plandu><coordrep><absres Sync="TRUE">0.000000</absres><ordres Sync="TRUE">0.000000</ordres></coordrep></planci><mapproj><mapprojn Sync="TRUE">Lambert Conformal Conic</mapprojn><lambertc><stdparll Sync="TRUE">36.766667</stdparll><stdparll Sync="TRUE">37.966667</stdparll><longcm Sync="TRUE">-78.500000</longcm><latprjo Sync="TRUE">36.333333</latprjo><feast Sync="TRUE">11482916.666667</feast><fnorth Sync="TRUE">3280833.333333</fnorth></lambertc></mapproj></planar><geodetic><horizdn Sync="TRUE">North American Datum of 1983</horizdn><ellips Sync="TRUE">Geodetic Reference System 80</ellips><semiaxis Sync="TRUE">6378137.000000</semiaxis><denflat Sync="TRUE">298.257222</denflat></geodetic></horizsys></spref><refSysInfo><RefSystem><refSysID><identCode Sync="TRUE">NAD_1983_StatePlane_Virginia_South_FIPS_4502_Feet</identCode></refSysID></RefSystem></refSysInfo></metadata>
