<metadata><idinfo><citation><citeinfo><origin>City of Lynchburg, Virginia</origin><title Sync="TRUE">vectorgis_prd.DBO.SchoolZoneElem</title><geoform Sync="TRUE">vector digital data</geoform><onlink Sync="TRUE">Server=Murloc; Service=sde:sqlserver:murloc; Database=vectorgis_prd; Version=dbo.DEFAULT</onlink><ftname Sync="TRUE">vectorgis_prd.DBO.SchoolZoneElem</ftname></citeinfo></citation><descript><abstract>Location and boundaries of elementary school zone boundaries.</abstract><purpose>The purpose of this data set is to show the location and boundaries of elementary school zone boundaries.</purpose><langdata Sync="TRUE">en</langdata></descript><timeperd><timeinfo><sngdate/></timeinfo></timeperd><status><progress>In work</progress><update>Continually</update></status><spdom><bounding><westbc Sync="TRUE">-79.271723</westbc><eastbc Sync="TRUE">-79.084610</eastbc><northbc Sync="TRUE">37.469969</northbc><southbc Sync="TRUE">37.332256</southbc></bounding><lboundng><leftbc Sync="TRUE">11258954.297000</leftbc><rightbc Sync="TRUE">11312950.000000</rightbc><bottombc Sync="TRUE">3645444.312500</bottombc><topbc Sync="TRUE">3695199.625000</topbc></lboundng></spdom><keywords><theme><themekt>Elementary School Boundary</themekt><themekey>Elementary School Zone</themekey></theme></keywords><accconst>Users of this data agree to the use constraints described in this metadata document.</accconst><useconst>Pursuant to Section 54.1-402, paragraph C of the Code of Virginia, which is quoted below, this data may not be used for purposes listed in said paragraph C, since the data was not created, nor is it maintained under the supervision of a licensed land surveyor.</useconst><ptcontac><cntinfo><cntorgp><cntorg>City of Lynchburg</cntorg><cntper>Allison Johnson</cntper></cntorgp><cntpos>GIS Department</cntpos><cntaddr><address>900 Church St</address><city>Lynchburg</city><state>VA</state><postal>24504</postal><country>USA</country></cntaddr><cntvoice>434.455.3940</cntvoice><cntfax>434.847.1436</cntfax><cntemail>Allison.Johnson@lynchburgva.gov</cntemail></cntinfo></ptcontac><native Sync="TRUE">Microsoft Windows XP Version 5.1 (Build 2600) Service Pack 3; ESRI ArcCatalog 9.3.0.1770</native><natvform Sync="TRUE">SDE Feature Class</natvform></idinfo><dataqual><lineage><srcinfo><srccite><citeinfo><origin>City of Lynchburg Department of GIS</origin><title>Department of GIS</title></citeinfo></srccite></srcinfo><procstep><procdesc>Original GIS vector data was being maintained in GeoMedia. The GIS vector was then exported to AutoCAD (.dwg) format and/or ESRI shapefile (.shp) format then loaded into ESRI Geodatabase format.</procdesc></procstep><procstep><procdesc Sync="TRUE">Metadata imported.</procdesc><srcused Sync="TRUE">T:\Shared\Worldview\Metadata\SchoolZoneElem.xml</srcused><procdate Sync="TRUE">20090323</procdate><proctime Sync="TRUE">09163000</proctime></procstep></lineage></dataqual><spdoinfo><direct Sync="TRUE">Vector</direct><ptvctinf><esriterm><efeatyp Sync="TRUE">Simple</efeatyp><efeageom code="4" Sync="TRUE"></efeageom><esritopo Sync="TRUE">FALSE</esritopo><efeacnt Sync="TRUE">0</efeacnt><spindex Sync="TRUE">FALSE</spindex><linrefer Sync="TRUE">TRUE</linrefer></esriterm></ptvctinf></spdoinfo><spref><horizsys><planar><planci><plance Sync="TRUE">coordinate pair</plance><coordrep><absres Sync="TRUE">0.000500</absres><ordres Sync="TRUE">0.000500</ordres></coordrep><plandu Sync="TRUE">survey feet</plandu></planci></planar><geodetic><horizdn Sync="TRUE">North American Datum of 1983</horizdn><ellips Sync="TRUE">Geodetic Reference System 80</ellips><semiaxis Sync="TRUE">6378137.000000</semiaxis><denflat Sync="TRUE">298.257222</denflat></geodetic><cordsysn><geogcsn Sync="TRUE">GCS_North_American_1983</geogcsn><projcsn Sync="TRUE">NAD_1983_StatePlane_Virginia_South_FIPS_4502_Feet</projcsn></cordsysn></horizsys><vertdef><altsys><altres Sync="TRUE">0.000100</altres><altenc Sync="TRUE">Explicit elevation coordinate included with horizontal coordinates</altenc></altsys></vertdef></spref><eainfo><detailed Name="SchoolZone_Elementary"><enttyp><enttypl Sync="TRUE">SchoolZone_Elementary</enttypl><enttypt Sync="TRUE">Feature Class</enttypt><enttypc Sync="TRUE">0</enttypc></enttyp><attr><attrlabl Sync="TRUE">FID</attrlabl><attalias Sync="TRUE">FID</attalias><attrtype Sync="TRUE">OID</attrtype><attwidth Sync="TRUE">4</attwidth><atprecis Sync="TRUE">0</atprecis><attscale Sync="TRUE">0</attscale><attrdef Sync="TRUE">Internal feature number.</attrdef><attrdefs Sync="TRUE">ESRI</attrdefs><attrdomv><udom Sync="TRUE">Sequential unique whole numbers that are automatically generated.</udom></attrdomv></attr><attr><attrlabl Sync="TRUE">Slzne_ID</attrlabl><attalias Sync="TRUE">Slzne_ID</attalias><attrtype Sync="TRUE">Integer</attrtype><attwidth Sync="TRUE">9</attwidth><atprecis Sync="TRUE">9</atprecis><attscale Sync="TRUE">0</attscale></attr><attr><attrlabl Sync="TRUE">District</attrlabl><attalias Sync="TRUE">District</attalias><attrtype Sync="TRUE">String</attrtype><attwidth Sync="TRUE">50</attwidth><atprecis Sync="TRUE">0</atprecis><attscale Sync="TRUE">0</attscale></attr><attr><attrlabl>Editor</attrlabl><attalias Sync="TRUE">Editor</attalias><attrtype Sync="TRUE">String</attrtype><attwidth Sync="TRUE">50</attwidth><atprecis Sync="TRUE">0</atprecis><attscale Sync="TRUE">0</attscale></attr><attr><attrlabl>DateModify</attrlabl><attalias Sync="TRUE">DateModify</attalias><attrtype Sync="TRUE">Date</attrtype><attwidth Sync="TRUE">8</attwidth><atprecis Sync="TRUE">0</atprecis><attscale Sync="TRUE">0</attscale></attr><attr><attrlabl>Shape</attrlabl><attrdef>Feature geometry.</attrdef><attrdefs>ESRI</attrdefs><attrdomv><udom>Coordinates defining the features.</udom></attrdomv><attalias Sync="TRUE">Shape</attalias><attrtype Sync="TRUE">Geometry</attrtype><attwidth Sync="TRUE">0</attwidth><atprecis Sync="TRUE">0</atprecis><attscale Sync="TRUE">0</attscale></attr><attr><attrlabl Sync="TRUE">Shape_Leng</attrlabl><attalias Sync="TRUE">Shape_Leng</attalias><attrtype Sync="TRUE">Double</attrtype><attwidth Sync="TRUE">19</attwidth><atprecis Sync="TRUE">0</atprecis><attscale Sync="TRUE">0</attscale></attr><attr><attrlabl Sync="TRUE">Shape_Area</attrlabl><attalias Sync="TRUE">Shape_Area</attalias><attrtype Sync="TRUE">Double</attrtype><attwidth Sync="TRUE">19</attwidth><atprecis Sync="TRUE">0</atprecis><attscale Sync="TRUE">0</attscale><attrdef Sync="TRUE">Area of feature in internal units squared.</attrdef><attrdefs Sync="TRUE">ESRI</attrdefs><attrdomv><udom Sync="TRUE">Positive real numbers that are automatically generated.</udom></attrdomv></attr></detailed></eainfo><distinfo><distrib><cntinfo><cntorgp><cntorg>City of Lynchburg</cntorg><cntper>Allison Johnson</cntper></cntorgp><cntpos>GIS Department</cntpos><cntaddr><addrtype>mailing and physical address</addrtype><address>900 Church St</address><city>Lynchburg</city><state>VA</state><postal>24504</postal><country>USA</country></cntaddr><cntvoice>434.455.3940</cntvoice><cntfax>434.847.1436</cntfax><cntemail>Allison.Johnson@lynchburgva.gov</cntemail></cntinfo></distrib><resdesc>Downloadable Data</resdesc><distliab>Although these data have been processed successfully on a computer system, no warranty expressed or implied is made regarding the use of the data on any other system, nor does the act of distribution constitute any such warranty.</distliab><stdorder/></distinfo><metainfo><metd Sync="TRUE">20090323</metd><metc><cntinfo><cntorgp><cntorg>City of Lynchburg</cntorg><cntper>Allison Johnson</cntper></cntorgp><cntpos>GIS Department</cntpos><cntaddr><addrtype>mailing and physical address</addrtype><address>900 Church St</address><city>Lynchburg</city><state>VA</state><postal>24504</postal><country>USA</country></cntaddr><cntvoice>434.455.3940</cntvoice><cntfax>434.847.1436</cntfax><cntemail>Allison.Johnson@lynchburgva.gov</cntemail></cntinfo></metc><metstdn Sync="TRUE">FGDC Content Standards for Digital Geospatial Metadata</metstdn><metstdv Sync="TRUE">FGDC-STD-001-1998</metstdv><mettc Sync="TRUE">local time</mettc><metextns><onlink>http://www.esri.com/metadata/esriprof80.html</onlink><metprof>ESRI Metadata Profile</metprof></metextns><metextns><onlink>http://www.esri.com/metadata/esriprof80.html</onlink><metprof>ESRI Metadata Profile</metprof></metextns><metextns><onlink>http://www.esri.com/metadata/esriprof80.html</onlink><metprof>ESRI Metadata Profile</metprof></metextns><metextns><onlink>http://www.esri.com/metadata/esriprof80.html</onlink><metprof>ESRI Metadata Profile</metprof></metextns><metextns><onlink>http://www.esri.com/metadata/esriprof80.html</onlink><metprof>ESRI Metadata Profile</metprof></metextns><metextns><onlink>http://www.esri.com/metadata/esriprof80.html</onlink><metprof>ESRI Metadata Profile</metprof></metextns><langmeta Sync="TRUE">en</langmeta></metainfo><Esri><CreaDate>20090323</CreaDate><CreaTime>09163000</CreaTime><SyncOnce>FALSE</SyncOnce><SyncDate>20140404</SyncDate><SyncTime>11570300</SyncTime><ModDate>20140404</ModDate><ModTime>11570300</ModTime><MetaID>{E896FEFF-9295-46EA-B887-54755574F04D}</MetaID><DataProperties><itemProps><itemName Sync="TRUE">SchoolZone_Elementary</itemName><imsContentType Sync="TRUE">002</imsContentType><itemLocation><linkage Sync="TRUE">file://\\Tempest\Shared\GIS\Data\Sharing\Data Download Portal\Staging\Education\EducationSHP\SchoolZone_Elementary.shp</linkage><protocol Sync="TRUE">Local Area Network</protocol></itemLocation><itemSize Sync="TRUE">0.000</itemSize></itemProps><coordRef><type Sync="TRUE">Projected</type><geogcsn Sync="TRUE">GCS_North_American_1983</geogcsn><csUnits Sync="TRUE">Linear Unit: Foot_US (0.304801)</csUnits><projcsn Sync="TRUE">NAD_1983_StatePlane_Virginia_South_FIPS_4502_Feet</projcsn><peXml Sync="TRUE">&lt;ProjectedCoordinateSystem xsi:type='typens:ProjectedCoordinateSystem' xmlns:xsi='http://www.w3.org/2001/XMLSchema-instance' xmlns:xs='http://www.w3.org/2001/XMLSchema' xmlns:typens='http://www.esri.com/schemas/ArcGIS/10.0'&gt;&lt;WKT&gt;PROJCS[&amp;quot;NAD_1983_StatePlane_Virginia_South_FIPS_4502_Feet&amp;quot;,GEOGCS[&amp;quot;GCS_North_American_1983&amp;quot;,DATUM[&amp;quot;D_North_American_1983&amp;quot;,SPHEROID[&amp;quot;GRS_1980&amp;quot;,6378137.0,298.257222101]],PRIMEM[&amp;quot;Greenwich&amp;quot;,0.0],UNIT[&amp;quot;Degree&amp;quot;,0.0174532925199433]],PROJECTION[&amp;quot;Lambert_Conformal_Conic&amp;quot;],PARAMETER[&amp;quot;False_Easting&amp;quot;,11482916.66666666],PARAMETER[&amp;quot;False_Northing&amp;quot;,3280833.333333333],PARAMETER[&amp;quot;Central_Meridian&amp;quot;,-78.5],PARAMETER[&amp;quot;Standard_Parallel_1&amp;quot;,36.76666666666667],PARAMETER[&amp;quot;Standard_Parallel_2&amp;quot;,37.96666666666667],PARAMETER[&amp;quot;Latitude_Of_Origin&amp;quot;,36.33333333333334],UNIT[&amp;quot;Foot_US&amp;quot;,0.3048006096012192],AUTHORITY[&amp;quot;EPSG&amp;quot;,2284]]&lt;/WKT&gt;&lt;XOrigin&gt;-111140600&lt;/XOrigin&gt;&lt;YOrigin&gt;-91532100&lt;/YOrigin&gt;&lt;XYScale&gt;36727036.750856541&lt;/XYScale&gt;&lt;ZOrigin&gt;-100000&lt;/ZOrigin&gt;&lt;ZScale&gt;10000&lt;/ZScale&gt;&lt;MOrigin&gt;-100000&lt;/MOrigin&gt;&lt;MScale&gt;10000&lt;/MScale&gt;&lt;XYTolerance&gt;0.0032808333333333335&lt;/XYTolerance&gt;&lt;ZTolerance&gt;0.001&lt;/ZTolerance&gt;&lt;MTolerance&gt;0.001&lt;/MTolerance&gt;&lt;HighPrecision&gt;true&lt;/HighPrecision&gt;&lt;WKID&gt;2284&lt;/WKID&gt;&lt;/ProjectedCoordinateSystem&gt;</peXml></coordRef><lineage><Process ToolSource="c:\program files (x86)\arcgis\desktop10.0\ArcToolbox\Toolboxes\Data Management Tools.tbx\CopyFeatures" Date="20130918" Time="100255">CopyFeatures "\\Tempest\Shared\GIS\Data\Sharing\Data Download Portal\Sawyer Read.sde\vectorgis_prd.DBO.Assessor\vectorgis_prd.DBO.SchoolZoneElem" "\\Tempest\Shared\GIS\Data\Sharing\Data Download Portal\Staging\EducationGDB\Education.gdb\SchoolZoneElem" # 0 0 0</Process><Process ToolSource="c:\program files (x86)\arcgis\desktop10.0\ArcToolbox\Toolboxes\Data Management Tools.tbx\DeleteFeatures" Date="20130918" Time="101856">DeleteFeatures "\\Tempest\Shared\GIS\Data\Sharing\Data Download Portal\Staging\EducationGDB\Education.gdb\SchoolZone_Elementary"</Process><Process Name="SchoolZone_Elementary Append" ToolSource="C:\Program Files (x86)\ArcGIS\Desktop10.0\ArcToolbox\Toolboxes\Data Management Tools.tbx\Append" Date="20130918" Time="105813">Append '\\Tempest\Shared\GIS\Data\Sharing\Data Download Portal\Sawyer Read.sde\vectorgis_prd.DBO.Assessor\vectorgis_prd.DBO.SchoolZoneElem' "\\Tempest\Shared\GIS\Data\Sharing\Data Download Portal\Staging\EducationGDB\Education.gdb\SchoolZone_Elementary" TEST # #</Process><Process Name="SchoolZone_Elementary Append" ToolSource="C:\Program Files (x86)\ArcGIS\Desktop10.0\ArcToolbox\Toolboxes\Data Management Tools.tbx\Append" Date="20130918" Time="110153">Append '\\Tempest\Shared\GIS\Data\Sharing\Data Download Portal\Sawyer Read.sde\vectorgis_prd.DBO.Assessor\vectorgis_prd.DBO.SchoolZoneElem' "\\Tempest\Shared\GIS\Data\Sharing\Data Download Portal\Staging\EducationGDB\Education.gdb\SchoolZone_Elementary" TEST # #</Process><Process Name="Delete Rows" ToolSource="C:\Program Files (x86)\ArcGIS\Desktop10.0\ArcToolbox\Toolboxes\Data Management Tools.tbx\DeleteRows" Date="20130918" Time="110424">DeleteRows "\\Tempest\Shared\GIS\Data\Sharing\Data Download Portal\Staging\EducationGDB\Education.gdb\SchoolZone_Elementary"</Process><Process Name="SchoolZone_Elementary Append" ToolSource="C:\Program Files (x86)\ArcGIS\Desktop10.0\ArcToolbox\Toolboxes\Data Management Tools.tbx\Append" Date="20130918" Time="112419">Append '\\Tempest\Shared\GIS\Data\Sharing\Data Download Portal\Sawyer Read.sde\vectorgis_prd.DBO.Assessor\vectorgis_prd.DBO.SchoolZoneElem' "\\Tempest\Shared\GIS\Data\Sharing\Data Download Portal\Staging\EducationGDB\Education.gdb\SchoolZone_Elementary" TEST # #</Process><Process Name="Delete Rows" ToolSource="C:\Program Files (x86)\ArcGIS\Desktop10.0\ArcToolbox\Toolboxes\Data Management Tools.tbx\DeleteRows" Date="20130918" Time="112630">DeleteRows "\\Tempest\Shared\GIS\Data\Sharing\Data Download Portal\Staging\EducationGDB\Education.gdb\SchoolZone_Elementary"</Process><Process Name="SchoolZone_Elementary Append" ToolSource="C:\Program Files (x86)\ArcGIS\Desktop10.0\ArcToolbox\Toolboxes\Data Management Tools.tbx\Append" Date="20130918" Time="122831">Append '\\Tempest\Shared\GIS\Data\Sharing\Data Download Portal\Sawyer Read.sde\vectorgis_prd.DBO.Assessor\vectorgis_prd.DBO.SchoolZoneElem' "\\Tempest\Shared\GIS\Data\Sharing\Data Download Portal\Staging\EducationGDB\Education.gdb\SchoolZone_Elementary" TEST # #</Process><Process Name="Delete Rows" ToolSource="C:\Program Files (x86)\ArcGIS\Desktop10.0\ArcToolbox\Toolboxes\Data Management Tools.tbx\DeleteRows" Date="20130918" Time="123033">DeleteRows "\\Tempest\Shared\GIS\Data\Sharing\Data Download Portal\Staging\EducationGDB\Education.gdb\SchoolZone_Elementary"</Process><Process Name="SchoolZone_Elementary Append" ToolSource="C:\Program Files (x86)\ArcGIS\Desktop10.0\ArcToolbox\Toolboxes\Data Management Tools.tbx\Append" Date="20140108" Time="153628">Append '\\Tempest\Shared\GIS\Data\Sharing\Data Download Portal\Sawyer Read.sde\vectorgis_prd.DBO.Assessor\vectorgis_prd.DBO.SchoolZoneElem' "\\Tempest\Shared\GIS\Data\Sharing\Data Download Portal\Staging\EducationGDB\Education.gdb\SchoolZone_Elementary" TEST # #</Process><Process Name="Delete Rows" ToolSource="C:\Program Files (x86)\ArcGIS\Desktop10.0\ArcToolbox\Toolboxes\Data Management Tools.tbx\DeleteRows" Date="20140108" Time="154310">DeleteRows "\\Tempest\Shared\GIS\Data\Sharing\Data Download Portal\Staging\EducationGDB\Education.gdb\SchoolZone_Elementary"</Process><Process Name="SchoolZone_Elementary Append" ToolSource="C:\Program Files (x86)\ArcGIS\Desktop10.0\ArcToolbox\Toolboxes\Data Management Tools.tbx\Append" Date="20140130" Time="165401">Append '\\Tempest\Shared\GIS\Data\Sharing\Data Download Portal\Sawyer Read.sde\vectorgis_prd.DBO.Assessor\vectorgis_prd.DBO.SchoolZoneElem' "\\Tempest\Shared\GIS\Data\Sharing\Data Download Portal\Staging\EducationGDB\Education.gdb\SchoolZone_Elementary" TEST # #</Process><Process Name="SchoolZone_Elementary Append" ToolSource="C:\Program Files (x86)\ArcGIS\Desktop10.0\ArcToolbox\Toolboxes\Data Management Tools.tbx\Append" Date="20140130" Time="165608">Append '\\Tempest\Shared\GIS\Data\Sharing\Data Download Portal\Sawyer Read.sde\vectorgis_prd.DBO.Assessor\vectorgis_prd.DBO.SchoolZoneElem' "\\Tempest\Shared\GIS\Data\Sharing\Data Download Portal\Staging\EducationGDB\Education.gdb\SchoolZone_Elementary" TEST # #</Process><Process Name="SchoolZone_Elementary Append" ToolSource="C:\Program Files (x86)\ArcGIS\Desktop10.0\ArcToolbox\Toolboxes\Data Management Tools.tbx\Append" Date="20140130" Time="165845">Append '\\Tempest\Shared\GIS\Data\Sharing\Data Download Portal\Sawyer Read.sde\vectorgis_prd.DBO.Assessor\vectorgis_prd.DBO.SchoolZoneElem' "\\Tempest\Shared\GIS\Data\Sharing\Data Download Portal\Staging\EducationGDB\Education.gdb\SchoolZone_Elementary" TEST # #</Process><Process Name="Delete Rows" ToolSource="C:\Program Files (x86)\ArcGIS\Desktop10.0\ArcToolbox\Toolboxes\Data Management Tools.tbx\DeleteRows" Date="20140130" Time="170159">DeleteRows "\\Tempest\Shared\GIS\Data\Sharing\Data Download Portal\Staging\EducationGDB\Education.gdb\SchoolZone_Elementary"</Process><Process Name="SchoolZone_Elementary Append" ToolSource="C:\Program Files (x86)\ArcGIS\Desktop10.0\ArcToolbox\Toolboxes\Data Management Tools.tbx\Append" Date="20140131" Time="110447">Append '\\Tempest\Shared\GIS\Data\Sharing\Data Download Portal\Sawyer Read.sde\vectorgis_prd.DBO.Assessor\vectorgis_prd.DBO.SchoolZoneElem' "\\Tempest\Shared\GIS\Data\Sharing\Data Download Portal\Staging\EducationGDB\Education.gdb\SchoolZone_Elementary" TEST # #</Process><Process Name="Delete Rows" ToolSource="C:\Program Files (x86)\ArcGIS\Desktop10.0\ArcToolbox\Toolboxes\Data Management Tools.tbx\DeleteRows" Date="20140131" Time="110800">DeleteRows "\\Tempest\Shared\GIS\Data\Sharing\Data Download Portal\Staging\EducationGDB\Education.gdb\SchoolZone_Elementary"</Process><Process Name="SchoolZone_Elementary Append" ToolSource="C:\Program Files (x86)\ArcGIS\Desktop10.0\ArcToolbox\Toolboxes\Data Management Tools.tbx\Append" Date="20140404" Time="112153">Append '\\Tempest\Shared\GIS\Data\Sharing\Data Download Portal\Sawyer Read.sde\vectorgis_prd.DBO.Assessor\vectorgis_prd.DBO.SchoolZoneElem' "\\Tempest\Shared\GIS\Data\Sharing\Data Download Portal\Staging\Education\EducationGDB\Education.gdb\SchoolZone_Elementary" TEST # #</Process><Process Name="SchoolZone_Elementary Append" ToolSource="C:\Program Files (x86)\ArcGIS\Desktop10.0\ArcToolbox\Toolboxes\Data Management Tools.tbx\Append" Date="20140404" Time="113009">Append '\\Tempest\Shared\GIS\Data\Sharing\Data Download Portal\Sawyer Read.sde\vectorgis_prd.DBO.Assessor\vectorgis_prd.DBO.SchoolZoneElem' "\\Tempest\Shared\GIS\Data\Sharing\Data Download Portal\Staging\Education\EducationGDB\Education.gdb\SchoolZone_Elementary" TEST # #</Process><Process Name="Delete Rows" ToolSource="C:\Program Files (x86)\ArcGIS\Desktop10.0\ArcToolbox\Toolboxes\Data Management Tools.tbx\DeleteRows" Date="20140404" Time="113618">DeleteRows "\\Tempest\Shared\GIS\Data\Sharing\Data Download Portal\Staging\Education\EducationGDB\Education.gdb\SchoolZone_Elementary"</Process><Process Name="SchoolZone_Elementary Append" ToolSource="C:\Program Files (x86)\ArcGIS\Desktop10.0\ArcToolbox\Toolboxes\Data Management Tools.tbx\Append" Date="20140404" Time="115517">Append '\\Tempest\Shared\GIS\Data\Sharing\Data Download Portal\Sawyer Read.sde\vectorgis_prd.DBO.Assessor\vectorgis_prd.DBO.SchoolZoneElem' "\\Tempest\Shared\GIS\Data\Sharing\Data Download Portal\Staging\Education\EducationGDB\Education.gdb\SchoolZone_Elementary" TEST # #</Process><Process ToolSource="C:\Program Files (x86)\ArcGIS\Desktop10.0\ArcToolbox\Toolboxes\Data Management Tools.tbx\CopyFeatures" Date="20140404" Time="115704">CopyFeatures "\\Tempest\Shared\GIS\Data\Sharing\Data Download Portal\Staging\Education\EducationGDB\Education.gdb\SchoolZone_Elementary" "\\Tempest\Shared\GIS\Data\Sharing\Data Download Portal\Staging\Education\EducationSHP\SchoolZone_Elementary.shp" # 0 0 0</Process></lineage></DataProperties></Esri><dataIdInfo><envirDesc Sync="TRUE">Microsoft Windows 7 Version 6.1 (Build 7601) Service Pack 1; ESRI ArcGIS 10.0.5.4400</envirDesc><dataLang><languageCode Sync="TRUE" value="eng"/><countryCode value="USA" Sync="TRUE"></countryCode></dataLang><idCitation><resTitle Sync="TRUE">SchoolZone_Elementary</resTitle><presForm><PresFormCd Sync="TRUE" value="005"/></presForm></idCitation><spatRpType><SpatRepTypCd Sync="TRUE" value="001"/></spatRpType><dataExt><geoEle><GeoBndBox esriExtentType="native"><westBL Sync="TRUE">11258954.297</westBL><eastBL Sync="TRUE">11312950</eastBL><northBL Sync="TRUE">3695199.625</northBL><southBL Sync="TRUE">3645444.3125</southBL><exTypeCode Sync="TRUE">1</exTypeCode></GeoBndBox></geoEle></dataExt><geoBox esriExtentType="decdegrees"><westBL Sync="TRUE">-79.271723</westBL><eastBL Sync="TRUE">-79.08461</eastBL><northBL Sync="TRUE">37.469969</northBL><southBL Sync="TRUE">37.332256</southBL><exTypeCode Sync="TRUE">1</exTypeCode></geoBox></dataIdInfo><mdLang><languageCode Sync="TRUE" value="eng"/><countryCode value="USA" Sync="TRUE"></countryCode></mdLang><mdStanName Sync="TRUE">ISO 19115 Geographic Information - Metadata</mdStanName><mdStanVer Sync="TRUE">DIS_ESRI1.0</mdStanVer><mdChar><CharSetCd Sync="TRUE" value="004"/></mdChar><mdHrLv><ScopeCd Sync="TRUE" value="005"/></mdHrLv><mdHrLvName Sync="TRUE">dataset</mdHrLvName><distInfo><distributor><distorTran><onLineSrc><orDesc Sync="TRUE">002</orDesc><linkage Sync="TRUE">Server=Murloc; Service=sde:sqlserver:murloc; Database=vectorgis_prd; Version=dbo.DEFAULT</linkage><protocol Sync="TRUE">ArcSDE Connection</protocol></onLineSrc></distorTran><distorFormat><formatName Sync="TRUE">SDE Feature Class</formatName></distorFormat></distributor><distFormat><formatName Sync="TRUE">Shapefile</formatName></distFormat><distTranOps><transSize Sync="TRUE">0.000</transSize></distTranOps></distInfo><refSysInfo><RefSystem><refSysID><identCode Sync="TRUE" value="2284">NAD_1983_StatePlane_Virginia_South_FIPS_4502_Feet</identCode><idCodeSpace Sync="TRUE">EPSG</idCodeSpace><idVersion Sync="TRUE">7.4.1</idVersion></refSysID></RefSystem></refSysInfo><spatRepInfo><VectSpatRep><geometObjs Name="SchoolZone_Elementary"><geoObjTyp><GeoObjTypCd value="002" Sync="TRUE"></GeoObjTypCd></geoObjTyp><geoObjCnt Sync="TRUE">0</geoObjCnt></geometObjs><topLvl><TopoLevCd value="001" Sync="TRUE"></TopoLevCd></topLvl></VectSpatRep></spatRepInfo><mdDateSt Sync="TRUE">20140404</mdDateSt></metadata>
