<metadata xml:lang="en"><Esri><CreaDate>20140130</CreaDate><CreaTime>16435000</CreaTime><ArcGISFormat>1.0</ArcGISFormat><SyncOnce>FALSE</SyncOnce><DataProperties><itemProps><itemName Sync="TRUE">SchoolLocation_Elementary</itemName><imsContentType Sync="TRUE">002</imsContentType><itemLocation><linkage Sync="TRUE">file://\\Tempest\Shared\GIS\Data\Sharing\Data Download Portal\Staging\Education\EducationSHP\SchoolLocation_Elementary.shp</linkage><protocol Sync="TRUE">Local Area Network</protocol></itemLocation><itemSize Sync="TRUE">0.000</itemSize></itemProps><coordRef><type Sync="TRUE">Projected</type><geogcsn Sync="TRUE">GCS_North_American_1983</geogcsn><csUnits Sync="TRUE">Linear Unit: Foot_US (0.304801)</csUnits><projcsn Sync="TRUE">NAD_1983_StatePlane_Virginia_South_FIPS_4502_Feet</projcsn><peXml Sync="TRUE">&lt;ProjectedCoordinateSystem xsi:type='typens:ProjectedCoordinateSystem' xmlns:xsi='http://www.w3.org/2001/XMLSchema-instance' xmlns:xs='http://www.w3.org/2001/XMLSchema' xmlns:typens='http://www.esri.com/schemas/ArcGIS/10.0'&gt;&lt;WKT&gt;PROJCS[&amp;quot;NAD_1983_StatePlane_Virginia_South_FIPS_4502_Feet&amp;quot;,GEOGCS[&amp;quot;GCS_North_American_1983&amp;quot;,DATUM[&amp;quot;D_North_American_1983&amp;quot;,SPHEROID[&amp;quot;GRS_1980&amp;quot;,6378137.0,298.257222101]],PRIMEM[&amp;quot;Greenwich&amp;quot;,0.0],UNIT[&amp;quot;Degree&amp;quot;,0.0174532925199433]],PROJECTION[&amp;quot;Lambert_Conformal_Conic&amp;quot;],PARAMETER[&amp;quot;False_Easting&amp;quot;,11482916.66666666],PARAMETER[&amp;quot;False_Northing&amp;quot;,3280833.333333333],PARAMETER[&amp;quot;Central_Meridian&amp;quot;,-78.5],PARAMETER[&amp;quot;Standard_Parallel_1&amp;quot;,36.76666666666667],PARAMETER[&amp;quot;Standard_Parallel_2&amp;quot;,37.96666666666667],PARAMETER[&amp;quot;Latitude_Of_Origin&amp;quot;,36.33333333333334],UNIT[&amp;quot;Foot_US&amp;quot;,0.3048006096012192],AUTHORITY[&amp;quot;EPSG&amp;quot;,2284]]&lt;/WKT&gt;&lt;XOrigin&gt;-111140600&lt;/XOrigin&gt;&lt;YOrigin&gt;-91532100&lt;/YOrigin&gt;&lt;XYScale&gt;36727036.750856541&lt;/XYScale&gt;&lt;ZOrigin&gt;-100000&lt;/ZOrigin&gt;&lt;ZScale&gt;10000&lt;/ZScale&gt;&lt;MOrigin&gt;-100000&lt;/MOrigin&gt;&lt;MScale&gt;10000&lt;/MScale&gt;&lt;XYTolerance&gt;0.0032808333333333335&lt;/XYTolerance&gt;&lt;ZTolerance&gt;0.001&lt;/ZTolerance&gt;&lt;MTolerance&gt;0.001&lt;/MTolerance&gt;&lt;HighPrecision&gt;true&lt;/HighPrecision&gt;&lt;WKID&gt;2284&lt;/WKID&gt;&lt;/ProjectedCoordinateSystem&gt;</peXml></coordRef><lineage><Process ToolSource="c:\program files (x86)\arcgis\desktop10.0\ArcToolbox\Toolboxes\Conversion Tools.tbx\FeatureClassToFeatureClass" Date="20120726" Time="125156">FeatureClassToFeatureClass "\\Tempest\Shared\GIS\Working\Other Projects\POI FC\POI.gdb\PointsOfInterest" "\\Tempest\Shared\GIS\System Administration\Database Changes\Staging.gdb" PointsOfInterest # "Type "Type" true true false 4 Long 0 0 ,First,#,\\Tempest\Shared\GIS\Working\Other Projects\POI FC\POI.gdb\PointsOfInterest,Type,-1,-1;Name "Name" true true false 100 Text 0 0 ,First,#,\\Tempest\Shared\GIS\Working\Other Projects\POI FC\POI.gdb\PointsOfInterest,Name,-1,-1;Address "Address" true true false 50 Text 0 0 ,First,#,\\Tempest\Shared\GIS\Working\Other Projects\POI FC\POI.gdb\PointsOfInterest,Address,-1,-1" #</Process><Process ToolSource="C:\Program Files (x86)\ArcGIS\Desktop10.0\ArcToolbox\Toolboxes\Data Management Tools.tbx\CalculateField" Date="20120726" Time="163603">CalculateField PointOfInterest Type [Type_2] VB #</Process><Process ToolSource="C:\Program Files (x86)\ArcGIS\Desktop10.0\ArcToolbox\Toolboxes\Data Management Tools.tbx\CalculateField" Date="20120727" Time="114828">CalculateField PointOfInterest Link "http://" VB #</Process><Process ToolSource="C:\Program Files (x86)\ArcGIS\Desktop10.0\ArcToolbox\Toolboxes\Data Management Tools.tbx\ChangePrivileges" Date="20120802" Time="174152">ChangePrivileges 'Database Connections\Sawyer - Owner.sde\vectorgis_prd.DBO.PointOfInterest' GISDept_Editors GRANT GRANT</Process><Process ToolSource="c:\program files (x86)\arcgis\desktop10.0\ArcToolbox\Toolboxes\Conversion Tools.tbx\FeatureClassToFeatureClass" Date="20121129" Time="174827">FeatureClassToFeatureClass "Database Connections\sawyer superuser.sde\vectorgis_prd.DBO.PointOfInterest_1" "Database Connections\sawyer superuser.sde\vectorGIS_prd.DBO.Reference" PointOfInterest # "Name "Name" true true false 100 Text 0 0 ,First,#,Database Connections\sawyer superuser.sde\vectorgis_prd.DBO.PointOfInterest_1,Name,-1,-1;Address "Address" true true false 50 Text 0 0 ,First,#,Database Connections\sawyer superuser.sde\vectorgis_prd.DBO.PointOfInterest_1,Address,-1,-1;Type "Type" true true false 50 Text 0 0 ,First,#,Database Connections\sawyer superuser.sde\vectorgis_prd.DBO.PointOfInterest_1,Type,-1,-1;Editor "Editor" true true false 50 Text 0 0 ,First,#,Database Connections\sawyer superuser.sde\vectorgis_prd.DBO.PointOfInterest_1,Editor,-1,-1;DateModify "Date Modified" true true false 36 Date 0 0 ,First,#,Database Connections\sawyer superuser.sde\vectorgis_prd.DBO.PointOfInterest_1,DateModify,-1,-1;Link "Link" true true false 200 Text 0 0 ,First,#,Database Connections\sawyer superuser.sde\vectorgis_prd.DBO.PointOfInterest_1,Link,-1,-1" #</Process><Process ToolSource="C:\Program Files (x86)\ArcGIS\Desktop10.0\ArcToolbox\Toolboxes\Data Management Tools.tbx\CalculateField" Date="20130904" Time="142553">CalculateField vectorGIS_prd.DBO.PointOfInterest Link "http://www.lynchburgva.gov/" VB #</Process><Process ToolSource="C:\Program Files (x86)\ArcGIS\Desktop10.0\ArcToolbox\Toolboxes\Data Management Tools.tbx\CalculateField" Date="20140116" Time="151748">CalculateField School_Public Type Replace([Type], "Education - Public ","") VB #</Process><Process ToolSource="C:\Program Files (x86)\ArcGIS\Desktop10.0\ArcToolbox\Toolboxes\Data Management Tools.tbx\CalculateField" Date="20140116" Time="152219">CalculateField School_Public Creator [Editor] VB #</Process><Process ToolSource="C:\Program Files (x86)\ArcGIS\Desktop10.0\ArcToolbox\Toolboxes\Data Management Tools.tbx\CalculateField" Date="20140116" Time="152231">CalculateField School_Public DateCreated [DateModify] VB #</Process><Process ToolSource="c:\program files (x86)\arcgis\desktop10.0\ArcToolbox\Toolboxes\Data Management Tools.tbx\CopyFeatures" Date="20140123" Time="175112">CopyFeatures \\Tempest\Shared\GIS\Data\Staging\Education\Education.gdb\School_Public "\\Tempest\Shared\GIS\System Administration\Admin Tools\Database\Sawyer_Admin.sde\vectorGIS_prd.DBO.Education\vectorGIS_prd.DBO.School_Public" # 0 0 0</Process><Process ToolSource="C:\Program Files (x86)\ArcGIS\Desktop10.0\ArcToolbox\Toolboxes\Conversion Tools.tbx\FeatureClassToFeatureClass" Date="20140130" Time="164236">FeatureClassToFeatureClass "\\Tempest\Shared\GIS\Data\Sharing\Data Download Portal\Sawyer Read.sde\vectorGIS_prd.DBO.Education\vectorGIS_prd.DBO.School_Public" "\\Tempest\Shared\GIS\Data\Sharing\Data Download Portal\Staging\EducationGDB\Education.gdb" Pub # "Name "Name" true true false 100 Text 0 0 ,First,#,\\Tempest\Shared\GIS\Data\Sharing\Data Download Portal\Sawyer Read.sde\vectorGIS_prd.DBO.Education\vectorGIS_prd.DBO.School_Public,Name,-1,-1;Address "Address" true true false 50 Text 0 0 ,First,#,\\Tempest\Shared\GIS\Data\Sharing\Data Download Portal\Sawyer Read.sde\vectorGIS_prd.DBO.Education\vectorGIS_prd.DBO.School_Public,Address,-1,-1;Type "Type" true true false 50 Text 0 0 ,First,#,\\Tempest\Shared\GIS\Data\Sharing\Data Download Portal\Sawyer Read.sde\vectorGIS_prd.DBO.Education\vectorGIS_prd.DBO.School_Public,Type,-1,-1;Editor "Editor" true true false 50 Text 0 0 ,First,#,\\Tempest\Shared\GIS\Data\Sharing\Data Download Portal\Sawyer Read.sde\vectorGIS_prd.DBO.Education\vectorGIS_prd.DBO.School_Public,Editor,-1,-1;DateModify "Date Modified" true true false 36 Date 0 0 ,First,#,\\Tempest\Shared\GIS\Data\Sharing\Data Download Portal\Sawyer Read.sde\vectorGIS_prd.DBO.Education\vectorGIS_prd.DBO.School_Public,DateModify,-1,-1;Link "Link" true true false 200 Text 0 0 ,First,#,\\Tempest\Shared\GIS\Data\Sharing\Data Download Portal\Sawyer Read.sde\vectorGIS_prd.DBO.Education\vectorGIS_prd.DBO.School_Public,Link,-1,-1;Creator "Creator" true true false 50 Text 0 0 ,First,#,\\Tempest\Shared\GIS\Data\Sharing\Data Download Portal\Sawyer Read.sde\vectorGIS_prd.DBO.Education\vectorGIS_prd.DBO.School_Public,Creator,-1,-1;DateCreated "DateCreated" true true false 36 Date 0 0 ,First,#,\\Tempest\Shared\GIS\Data\Sharing\Data Download Portal\Sawyer Read.sde\vectorGIS_prd.DBO.Education\vectorGIS_prd.DBO.School_Public,DateCreated,-1,-1" #</Process><Process Name="SchoolLocation_Elementary Append" ToolSource="C:\Program Files (x86)\ArcGIS\Desktop10.0\ArcToolbox\Toolboxes\Data Management Tools.tbx\Append" Date="20140130" Time="165338">Append in_memory\SchoolLocation_Elementary "\\Tempest\Shared\GIS\Data\Sharing\Data Download Portal\Staging\EducationGDB\Education.gdb\SchoolLocation_Elementary" NO_TEST "Name "Name" true true false 100 Text 0 0 ,First,#,in_memory\SchoolLocation_Elementary,Name,-1,-1,in_memory\SchoolLocation_Elementary,Name,-1,-1;Address "Address" true true false 50 Text 0 0 ,First,#,in_memory\SchoolLocation_Elementary,Address,-1,-1,in_memory\SchoolLocation_Elementary,Address,-1,-1;Type "Type" true true false 50 Text 0 0 ,First,#,in_memory\SchoolLocation_Elementary,Type,-1,-1,in_memory\SchoolLocation_Elementary,Type,-1,-1;Editor "Editor" true true false 50 Text 0 0 ,First,#,in_memory\SchoolLocation_Elementary,Editor,-1,-1,in_memory\SchoolLocation_Elementary,Editor,-1,-1;DateModify "Date Modified" true true false 8 Date 0 0 ,First,#,in_memory\SchoolLocation_Elementary,DateModify,-1,-1,in_memory\SchoolLocation_Elementary,DateModify,-1,-1;Link "Link" true true false 200 Text 0 0 ,First,#,in_memory\SchoolLocation_Elementary,Link,-1,-1,in_memory\SchoolLocation_Elementary,Link,-1,-1" #</Process><Process Name="SchoolLocation_Elementary Append" ToolSource="C:\Program Files (x86)\ArcGIS\Desktop10.0\ArcToolbox\Toolboxes\Data Management Tools.tbx\Append" Date="20140130" Time="165545">Append in_memory\SchoolLocation_Elementary "\\Tempest\Shared\GIS\Data\Sharing\Data Download Portal\Staging\EducationGDB\Education.gdb\SchoolLocation_Elementary" NO_TEST "Name "Name" true true false 100 Text 0 0 ,First,#,in_memory\SchoolLocation_Elementary,Name,-1,-1,in_memory\SchoolLocation_Elementary,Name,-1,-1;Address "Address" true true false 50 Text 0 0 ,First,#,in_memory\SchoolLocation_Elementary,Address,-1,-1,in_memory\SchoolLocation_Elementary,Address,-1,-1;Type "Type" true true false 50 Text 0 0 ,First,#,in_memory\SchoolLocation_Elementary,Type,-1,-1,in_memory\SchoolLocation_Elementary,Type,-1,-1;Editor "Editor" true true false 50 Text 0 0 ,First,#,in_memory\SchoolLocation_Elementary,Editor,-1,-1,in_memory\SchoolLocation_Elementary,Editor,-1,-1;DateModify "Date Modified" true true false 8 Date 0 0 ,First,#,in_memory\SchoolLocation_Elementary,DateModify,-1,-1,in_memory\SchoolLocation_Elementary,DateModify,-1,-1;Link "Link" true true false 200 Text 0 0 ,First,#,in_memory\SchoolLocation_Elementary,Link,-1,-1,in_memory\SchoolLocation_Elementary,Link,-1,-1" #</Process><Process Name="SchoolLocation_Elementary Append" ToolSource="C:\Program Files (x86)\ArcGIS\Desktop10.0\ArcToolbox\Toolboxes\Data Management Tools.tbx\Append" Date="20140130" Time="165710">Append in_memory\SchoolLocation_Elementary "\\Tempest\Shared\GIS\Data\Sharing\Data Download Portal\Staging\EducationGDB\Education.gdb\SchoolLocation_Elementary" NO_TEST "Name "Name" true true false 100 Text 0 0 ,First,#,in_memory\SchoolLocation_Elementary,Name,-1,-1,in_memory\SchoolLocation_Elementary,Name,-1,-1;Address "Address" true true false 50 Text 0 0 ,First,#,in_memory\SchoolLocation_Elementary,Address,-1,-1,in_memory\SchoolLocation_Elementary,Address,-1,-1;Type "Type" true true false 50 Text 0 0 ,First,#,in_memory\SchoolLocation_Elementary,Type,-1,-1,in_memory\SchoolLocation_Elementary,Type,-1,-1;Editor "Editor" true true false 50 Text 0 0 ,First,#,in_memory\SchoolLocation_Elementary,Editor,-1,-1,in_memory\SchoolLocation_Elementary,Editor,-1,-1;DateModify "Date Modified" true true false 8 Date 0 0 ,First,#,in_memory\SchoolLocation_Elementary,DateModify,-1,-1,in_memory\SchoolLocation_Elementary,DateModify,-1,-1;Link "Link" true true false 200 Text 0 0 ,First,#,in_memory\SchoolLocation_Elementary,Link,-1,-1,in_memory\SchoolLocation_Elementary,Link,-1,-1" #</Process><Process Name="SchoolLocation_Elementary Append" ToolSource="C:\Program Files (x86)\ArcGIS\Desktop10.0\ArcToolbox\Toolboxes\Data Management Tools.tbx\Append" Date="20140130" Time="165822">Append in_memory\SchoolLocation_Elementary "\\Tempest\Shared\GIS\Data\Sharing\Data Download Portal\Staging\EducationGDB\Education.gdb\SchoolLocation_Elementary" NO_TEST "Name "Name" true true false 100 Text 0 0 ,First,#,in_memory\SchoolLocation_Elementary,Name,-1,-1;Address "Address" true true false 50 Text 0 0 ,First,#,in_memory\SchoolLocation_Elementary,Address,-1,-1;Type "Type" true true false 50 Text 0 0 ,First,#,in_memory\SchoolLocation_Elementary,Type,-1,-1;Editor "Editor" true true false 50 Text 0 0 ,First,#,in_memory\SchoolLocation_Elementary,Editor,-1,-1;DateModify "Date Modified" true true false 8 Date 0 0 ,First,#,in_memory\SchoolLocation_Elementary,DateModify,-1,-1;Link "Link" true true false 200 Text 0 0 ,First,#,in_memory\SchoolLocation_Elementary,Link,-1,-1" #</Process><Process Name="Delete Rows" ToolSource="C:\Program Files (x86)\ArcGIS\Desktop10.0\ArcToolbox\Toolboxes\Data Management Tools.tbx\DeleteRows" Date="20140130" Time="170153">DeleteRows "\\Tempest\Shared\GIS\Data\Sharing\Data Download Portal\Staging\EducationGDB\Education.gdb\SchoolLocation_Elementary"</Process><Process Name="SchoolLocation_Elementary Append" ToolSource="C:\Program Files (x86)\ArcGIS\Desktop10.0\ArcToolbox\Toolboxes\Data Management Tools.tbx\Append" Date="20140131" Time="110426">Append in_memory\SchoolLocation_Elementary "\\Tempest\Shared\GIS\Data\Sharing\Data Download Portal\Staging\EducationGDB\Education.gdb\SchoolLocation_Elementary" NO_TEST "Name "Name" true true false 100 Text 0 0 ,First,#,in_memory\SchoolLocation_Elementary,Name,-1,-1;Address "Address" true true false 50 Text 0 0 ,First,#,in_memory\SchoolLocation_Elementary,Address,-1,-1;Type "Type" true true false 50 Text 0 0 ,First,#,in_memory\SchoolLocation_Elementary,Type,-1,-1;Editor "Editor" true true false 50 Text 0 0 ,First,#,in_memory\SchoolLocation_Elementary,Editor,-1,-1;DateModify "Date Modified" true true false 8 Date 0 0 ,First,#,in_memory\SchoolLocation_Elementary,DateModify,-1,-1;Link "Link" true true false 200 Text 0 0 ,First,#,in_memory\SchoolLocation_Elementary,Link,-1,-1" #</Process><Process Name="Delete Rows" ToolSource="C:\Program Files (x86)\ArcGIS\Desktop10.0\ArcToolbox\Toolboxes\Data Management Tools.tbx\DeleteRows" Date="20140131" Time="110742">DeleteRows "\\Tempest\Shared\GIS\Data\Sharing\Data Download Portal\Staging\EducationGDB\Education.gdb\SchoolLocation_Elementary"</Process><Process Name="SchoolLocation_Elementary Append" ToolSource="C:\Program Files (x86)\ArcGIS\Desktop10.0\ArcToolbox\Toolboxes\Data Management Tools.tbx\Append" Date="20140404" Time="112219">Append in_memory\SchoolLocation_Elementary "\\Tempest\Shared\GIS\Data\Sharing\Data Download Portal\Staging\Education\EducationGDB\Education.gdb\SchoolLocation_Elementary" NO_TEST "Name "Name" true true false 100 Text 0 0 ,First,#,in_memory\SchoolLocation_Elementary,Name,-1,-1;Address "Address" true true false 50 Text 0 0 ,First,#,in_memory\SchoolLocation_Elementary,Address,-1,-1;Type "Type" true true false 50 Text 0 0 ,First,#,in_memory\SchoolLocation_Elementary,Type,-1,-1;Editor "Editor" true true false 50 Text 0 0 ,First,#,in_memory\SchoolLocation_Elementary,Editor,-1,-1;DateModify "Date Modified" true true false 8 Date 0 0 ,First,#,in_memory\SchoolLocation_Elementary,DateModify,-1,-1;Link "Link" true true false 200 Text 0 0 ,First,#,in_memory\SchoolLocation_Elementary,Link,-1,-1;Creator "Creator" true true false 50 Text 0 0 ,First,#,in_memory\SchoolLocation_Elementary,Creator,-1,-1;DateCreated "DateCreated" true true false 8 Date 0 0 ,First,#,in_memory\SchoolLocation_Elementary,DateCreated,-1,-1" #</Process><Process Name="SchoolLocation_Elementary Append" ToolSource="C:\Program Files (x86)\ArcGIS\Desktop10.0\ArcToolbox\Toolboxes\Data Management Tools.tbx\Append" Date="20140404" Time="113034">Append in_memory\SchoolLocation_Elementary "\\Tempest\Shared\GIS\Data\Sharing\Data Download Portal\Staging\Education\EducationGDB\Education.gdb\SchoolLocation_Elementary" NO_TEST "Name "Name" true true false 100 Text 0 0 ,First,#,in_memory\SchoolLocation_Elementary,Name,-1,-1;Address "Address" true true false 50 Text 0 0 ,First,#,in_memory\SchoolLocation_Elementary,Address,-1,-1;Type "Type" true true false 50 Text 0 0 ,First,#,in_memory\SchoolLocation_Elementary,Type,-1,-1;Editor "Editor" true true false 50 Text 0 0 ,First,#,in_memory\SchoolLocation_Elementary,Editor,-1,-1;DateModify "Date Modified" true true false 8 Date 0 0 ,First,#,in_memory\SchoolLocation_Elementary,DateModify,-1,-1;Link "Link" true true false 200 Text 0 0 ,First,#,in_memory\SchoolLocation_Elementary,Link,-1,-1;Creator "Creator" true true false 50 Text 0 0 ,First,#,in_memory\SchoolLocation_Elementary,Creator,-1,-1;DateCreated "DateCreated" true true false 8 Date 0 0 ,First,#,in_memory\SchoolLocation_Elementary,DateCreated,-1,-1" #</Process><Process Name="Delete Rows" ToolSource="C:\Program Files (x86)\ArcGIS\Desktop10.0\ArcToolbox\Toolboxes\Data Management Tools.tbx\DeleteRows" Date="20140404" Time="113552">DeleteRows "\\Tempest\Shared\GIS\Data\Sharing\Data Download Portal\Staging\Education\EducationGDB\Education.gdb\SchoolLocation_Elementary"</Process><Process Name="SchoolLocation_Elementary Append" ToolSource="C:\Program Files (x86)\ArcGIS\Desktop10.0\ArcToolbox\Toolboxes\Data Management Tools.tbx\Append" Date="20140404" Time="115543">Append in_memory\SchoolLocation_Elementary "\\Tempest\Shared\GIS\Data\Sharing\Data Download Portal\Staging\Education\EducationGDB\Education.gdb\SchoolLocation_Elementary" NO_TEST "Name "Name" true true false 100 Text 0 0 ,First,#,in_memory\SchoolLocation_Elementary,Name,-1,-1;Address "Address" true true false 50 Text 0 0 ,First,#,in_memory\SchoolLocation_Elementary,Address,-1,-1;Type "Type" true true false 50 Text 0 0 ,First,#,in_memory\SchoolLocation_Elementary,Type,-1,-1;Editor "Editor" true true false 50 Text 0 0 ,First,#,in_memory\SchoolLocation_Elementary,Editor,-1,-1;DateModify "Date Modified" true true false 8 Date 0 0 ,First,#,in_memory\SchoolLocation_Elementary,DateModify,-1,-1;Link "Link" true true false 200 Text 0 0 ,First,#,in_memory\SchoolLocation_Elementary,Link,-1,-1;Creator "Creator" true true false 50 Text 0 0 ,First,#,in_memory\SchoolLocation_Elementary,Creator,-1,-1;DateCreated "DateCreated" true true false 8 Date 0 0 ,First,#,in_memory\SchoolLocation_Elementary,DateCreated,-1,-1" #</Process><Process ToolSource="C:\Program Files (x86)\ArcGIS\Desktop10.0\ArcToolbox\Toolboxes\Data Management Tools.tbx\CopyFeatures" Date="20140404" Time="115745">CopyFeatures "\\Tempest\Shared\GIS\Data\Sharing\Data Download Portal\Staging\Education\EducationGDB\Education.gdb\SchoolLocation_Elementary" "\\Tempest\Shared\GIS\Data\Sharing\Data Download Portal\Staging\Education\EducationSHP\SchoolLocation_Elementary.shp" # 0 0 0</Process></lineage></DataProperties><SyncDate>20140404</SyncDate><SyncTime>11574400</SyncTime><ModDate>20140404</ModDate><ModTime>11574400</ModTime><ArcGISstyle>FGDC CSDGM Metadata</ArcGISstyle></Esri><dataIdInfo><envirDesc Sync="TRUE">Microsoft Windows 7 Version 6.1 (Build 7601) Service Pack 1; ESRI ArcGIS 10.0.5.4400</envirDesc><dataLang><languageCode value="eng" Sync="TRUE"/><countryCode value="USA" Sync="TRUE"/></dataLang><idCitation><resTitle Sync="TRUE">SchoolLocation_Elementary</resTitle><presForm><PresFormCd value="005" Sync="TRUE"/></presForm></idCitation><spatRpType><SpatRepTypCd value="001" Sync="TRUE"/></spatRpType></dataIdInfo><mdLang><languageCode value="eng" Sync="TRUE"/><countryCode value="USA" Sync="TRUE"/></mdLang><distInfo><distFormat><formatName Sync="TRUE">Shapefile</formatName></distFormat><distTranOps><transSize Sync="TRUE">0.000</transSize></distTranOps></distInfo><mdHrLv><ScopeCd value="005" Sync="TRUE"/></mdHrLv><mdHrLvName Sync="TRUE">dataset</mdHrLvName><refSysInfo><RefSystem><refSysID><identCode code="2284" Sync="TRUE" value="2284"/><idCodeSpace Sync="TRUE">EPSG</idCodeSpace><idVersion Sync="TRUE">7.4.1</idVersion></refSysID></RefSystem></refSysInfo><spatRepInfo><VectSpatRep><geometObjs Name="SchoolLocation_Elementary"><geoObjTyp><GeoObjTypCd value="004" Sync="TRUE"></GeoObjTypCd></geoObjTyp><geoObjCnt Sync="TRUE">0</geoObjCnt></geometObjs><topLvl><TopoLevCd value="001" Sync="TRUE"></TopoLevCd></topLvl></VectSpatRep></spatRepInfo><spdoinfo><ptvctinf><esriterm><efeatyp Sync="TRUE">Simple</efeatyp><efeageom code="1" Sync="TRUE"></efeageom><esritopo Sync="TRUE">FALSE</esritopo><efeacnt Sync="TRUE">0</efeacnt><spindex Sync="TRUE">FALSE</spindex><linrefer Sync="TRUE">FALSE</linrefer></esriterm></ptvctinf></spdoinfo><eainfo><detailed Name="SchoolLocation_Elementary"><enttyp><enttypl Sync="TRUE">SchoolLocation_Elementary</enttypl><enttypt Sync="TRUE">Feature Class</enttypt><enttypc Sync="TRUE">0</enttypc></enttyp><attr><attrlabl Sync="TRUE">Shape</attrlabl><attalias Sync="TRUE">Shape</attalias><attrtype Sync="TRUE">Geometry</attrtype><attwidth Sync="TRUE">0</attwidth><atprecis Sync="TRUE">0</atprecis><attscale Sync="TRUE">0</attscale><attrdef Sync="TRUE">Feature geometry.</attrdef><attrdefs Sync="TRUE">ESRI</attrdefs><attrdomv><udom Sync="TRUE">Coordinates defining the features.</udom></attrdomv></attr><attr><attrlabl Sync="TRUE">Type</attrlabl><attalias Sync="TRUE">Type</attalias><attrtype Sync="TRUE">String</attrtype><attwidth Sync="TRUE">50</attwidth><atprecis Sync="TRUE">0</atprecis><attscale Sync="TRUE">0</attscale></attr><attr><attrlabl Sync="TRUE">Name</attrlabl><attalias Sync="TRUE">Name</attalias><attrtype Sync="TRUE">String</attrtype><attwidth Sync="TRUE">100</attwidth><atprecis Sync="TRUE">0</atprecis><attscale Sync="TRUE">0</attscale></attr><attr><attrlabl Sync="TRUE">Address</attrlabl><attalias Sync="TRUE">Address</attalias><attrtype Sync="TRUE">String</attrtype><attwidth Sync="TRUE">50</attwidth><atprecis Sync="TRUE">0</atprecis><attscale Sync="TRUE">0</attscale></attr><subtype><stname Sync="TRUE">City School</stname><stcode Sync="TRUE">2</stcode></subtype><subtype><stname Sync="TRUE">Hospital</stname><stcode Sync="TRUE">4</stcode></subtype><subtype><stname Sync="TRUE">Care Facility</stname><stcode Sync="TRUE">5</stcode></subtype><subtype><stname Sync="TRUE">Museum</stname><stcode Sync="TRUE">6</stcode></subtype><subtype><stname Sync="TRUE">Historical Site</stname><stcode Sync="TRUE">7</stcode></subtype><subtype><stname Sync="TRUE">Library</stname><stcode Sync="TRUE">8</stcode></subtype><subtype><stname Sync="TRUE">Fire Station</stname><stcode Sync="TRUE">9</stcode></subtype><subtype><stname Sync="TRUE">Police Station</stname><stcode Sync="TRUE">10</stcode></subtype><subtype><stname Sync="TRUE">Local Government</stname><stcode Sync="TRUE">1</stcode></subtype><subtype><stname Sync="TRUE">Higher Education</stname><stcode Sync="TRUE">3</stcode></subtype><subtype><stname Sync="TRUE">Transportation</stname><stcode Sync="TRUE">11</stcode></subtype><attr><attrlabl Sync="TRUE">FID</attrlabl><attalias Sync="TRUE">FID</attalias><attrtype Sync="TRUE">OID</attrtype><attwidth Sync="TRUE">4</attwidth><atprecis Sync="TRUE">0</atprecis><attscale Sync="TRUE">0</attscale><attrdef Sync="TRUE">Internal feature number.</attrdef><attrdefs Sync="TRUE">ESRI</attrdefs><attrdomv><udom Sync="TRUE">Sequential unique whole numbers that are automatically generated.</udom></attrdomv></attr><subtype><stname Sync="TRUE">Courthouse</stname><stcode Sync="TRUE">12</stcode></subtype><subtype><stname Sync="TRUE">Post Office</stname><stcode Sync="TRUE">13</stcode></subtype><subtype><stname Sync="TRUE">Other</stname><stcode Sync="TRUE">14</stcode></subtype><attr><attrlabl Sync="TRUE">Editor</attrlabl><attalias Sync="TRUE">Editor</attalias><attrtype Sync="TRUE">String</attrtype><attwidth Sync="TRUE">50</attwidth><atprecis Sync="TRUE">0</atprecis><attscale Sync="TRUE">0</attscale></attr><attr><attrlabl Sync="TRUE">DateModify</attrlabl><attalias Sync="TRUE">DateModify</attalias><attrtype Sync="TRUE">Date</attrtype><attwidth Sync="TRUE">8</attwidth><atprecis Sync="TRUE">0</atprecis><attscale Sync="TRUE">0</attscale></attr><attr><attrlabl Sync="TRUE">Link</attrlabl><attalias Sync="TRUE">Link</attalias><attrtype Sync="TRUE">String</attrtype><attwidth Sync="TRUE">200</attwidth><atprecis Sync="TRUE">0</atprecis><attscale Sync="TRUE">0</attscale></attr><attr><attrlabl Sync="TRUE">Creator</attrlabl><attalias Sync="TRUE">Creator</attalias><attrtype Sync="TRUE">String</attrtype><attwidth Sync="TRUE">50</attwidth><atprecis Sync="TRUE">0</atprecis><attscale Sync="TRUE">0</attscale></attr><subtype><stname Sync="TRUE">Correctional Facility</stname><stcode Sync="TRUE">15</stcode></subtype><attr><attrlabl Sync="TRUE">DateCreate</attrlabl><attalias Sync="TRUE">DateCreate</attalias><attrtype Sync="TRUE">Date</attrtype><attwidth Sync="TRUE">8</attwidth><atprecis Sync="TRUE">0</atprecis><attscale Sync="TRUE">0</attscale></attr></detailed></eainfo><mdDateSt Sync="TRUE">20140404</mdDateSt></metadata>
