<?xml version="1.0" encoding="ISO-8859-1"?>
<metadata>
	<idinfo>
		<citation>
			<citeinfo>
				<origin>City of Waynesboro - Department of Public Works</origin>
				<pubdate>Unpublished Material</pubdate>
				<title Sync="TRUE">swGravityMain</title>
				<geoform Sync="TRUE">vector digital data</geoform>
				<onlink Sync="TRUE">\\WAY318\C$\Documents and Settings\chrisg\Desktop\ENG_GIS\WAYNESBORO_UTILITIES\Waynesboro_Utilities.mdb</onlink>
				<ftname Sync="TRUE">swGravityMain</ftname></citeinfo>
		</citation>
		<descript>
			<abstract>Location of stormwater gravity linear features.</abstract>
			<purpose>The purpose of this data set is to show the locations of the stormwater gravity linear features.</purpose>
			<langdata Sync="TRUE">en</langdata></descript>
		<timeperd>
			<timeinfo>
				<sngdate>
					<caldate>unknown</caldate>
				</sngdate>
			</timeinfo>
			<current>publication date</current>
		</timeperd>
		<status>
			<progress>In work</progress>
			<update>Daily</update>
		</status>
		<spdom>
			<bounding>
				<westbc Sync="TRUE">-78.952215</westbc>
				<eastbc Sync="TRUE">-78.858574</eastbc>
				<northbc Sync="TRUE">38.097644</northbc>
				<southbc Sync="TRUE">38.035936</southbc>
			</bounding>
			<lboundng><leftbc Sync="TRUE">11352778.985107</leftbc><rightbc Sync="TRUE">11379639.909485</rightbc><bottombc Sync="TRUE">6696462.168884</bottombc><topbc Sync="TRUE">6718815.713684</topbc></lboundng></spdom>
		<keywords>
			<theme>
				<themekt>swGravityMain</themekt>
				<themekey>Stormwater Gravity Main</themekey>
			</theme>
		</keywords>
		<accconst>Users of this data agree to the use constraints described in this metadata document.</accconst>
		<useconst>Pursuant to Section 54.1-402, paragraph C of the Code of Virginia, which is quoted below, this data may not be used for purposes listed in said paragraph C, since the data was not created, nor is it maintained under the supervision of a licensed land surveyor.</useconst>
		<ptcontac>
			<cntinfo>
				<cntorgp>
					<cntorg>City of Waynesboro</cntorg>
					<cntper>Chris Garrison</cntper>
				</cntorgp>
				<cntpos>Department of Public Works / Engineering Assistant</cntpos>
				<cntaddr>
					<address>941 Fir Street</address>
					<city>Waynesboro</city>
					<state>VA</state>
					<postal>22980</postal>
					<country>USA</country>
				</cntaddr>
				<cntvoice>(540) 942-6624</cntvoice>
				<cntfax>(540) 942-6723</cntfax>
				<cntemail>garrisonca@ci.waynesboro.va.us</cntemail>
			</cntinfo>
		</ptcontac>
		<native Sync="TRUE">Microsoft Windows XP Version 5.1 (Build 2600) Service Pack 2; ESRI ArcCatalog 9.3.1.1850</native>
		<natvform Sync="TRUE">Personal GeoDatabase Feature Class</natvform></idinfo>
	<spdoinfo>
		<direct Sync="TRUE">Vector</direct>
		<ptvctinf><esriterm Name="StormWaterGravityMain"><efeatyp Sync="TRUE">Simple</efeatyp><efeageom code="3" Sync="TRUE"></efeageom><esritopo Sync="TRUE">FALSE</esritopo><efeacnt Sync="TRUE">0</efeacnt><spindex Sync="TRUE">FALSE</spindex><linrefer Sync="TRUE">TRUE</linrefer></esriterm></ptvctinf></spdoinfo>
	<spref>
		<horizsys>
			<planar>
				<planci>
					<plance Sync="TRUE">coordinate pair</plance>
					<coordrep>
						<absres Sync="TRUE">0.000100</absres>
						<ordres Sync="TRUE">0.000100</ordres>
					</coordrep>
					<plandu Sync="TRUE">survey feet</plandu>
				</planci>
			</planar>
			<geodetic>
				<horizdn Sync="TRUE">North American Datum of 1983</horizdn>
				<ellips Sync="TRUE">Geodetic Reference System 80</ellips>
				<semiaxis Sync="TRUE">6378137.000000</semiaxis>
				<denflat Sync="TRUE">298.257222</denflat>
			</geodetic>
			<cordsysn><geogcsn Sync="TRUE">GCS_North_American_1983</geogcsn><projcsn Sync="TRUE">NAD_1983_StatePlane_Virginia_North_FIPS_4501_Feet</projcsn></cordsysn></horizsys>
		<vertdef>
			<altsys>
				<altres Sync="TRUE">0.000010</altres>
				<altenc Sync="TRUE">Explicit elevation coordinate included with horizontal coordinates</altenc>
			</altsys>
		</vertdef>
	</spref>
	<eainfo>
		<detailed Name="StormWaterGravityMain">
			<enttyp>
				<enttypl Sync="TRUE">StormWaterGravityMain</enttypl>
				<enttypt Sync="TRUE">Feature Class</enttypt><enttypc Sync="TRUE">0</enttypc></enttyp>
			<attr>
				<attrlabl>Enabled</attrlabl>
				<attalias Sync="TRUE">Enabled</attalias><attrtype Sync="TRUE">SmallInteger</attrtype><attwidth Sync="TRUE">4</attwidth><atprecis Sync="TRUE">4</atprecis><attscale Sync="TRUE">0</attscale></attr>
			<attr>
				<attrlabl>FacilityID</attrlabl>
				<attalias Sync="TRUE">FacilityID</attalias><attrtype Sync="TRUE">String</attrtype><attwidth Sync="TRUE">20</attwidth><atprecis Sync="TRUE">0</atprecis><attscale Sync="TRUE">0</attscale></attr>
			<attr>
				<attrlabl>Material</attrlabl>
				<attalias Sync="TRUE">Material</attalias><attrtype Sync="TRUE">String</attrtype><attwidth Sync="TRUE">254</attwidth><atprecis Sync="TRUE">0</atprecis><attscale Sync="TRUE">0</attscale></attr>
			<attr>
				<attrlabl>Slope</attrlabl>
				<attalias Sync="TRUE">Slope</attalias><attrtype Sync="TRUE">Double</attrtype><attwidth Sync="TRUE">19</attwidth><atprecis Sync="TRUE">0</atprecis><attscale Sync="TRUE">0</attscale></attr>
			<attr><attrlabl Sync="TRUE">FID</attrlabl><attalias Sync="TRUE">FID</attalias><attrtype Sync="TRUE">OID</attrtype><attwidth Sync="TRUE">4</attwidth><atprecis Sync="TRUE">0</atprecis><attscale Sync="TRUE">0</attscale><attrdef Sync="TRUE">Internal feature number.</attrdef><attrdefs Sync="TRUE">Esri</attrdefs><attrdomv><udom Sync="TRUE">Sequential unique whole numbers that are automatically generated.</udom></attrdomv></attr><attr>
				<attrlabl>SubtypeCD</attrlabl>
				<attalias Sync="TRUE">SubtypeCD</attalias><attrtype Sync="TRUE">Integer</attrtype><attwidth Sync="TRUE">9</attwidth><atprecis Sync="TRUE">9</atprecis><attscale Sync="TRUE">0</attscale></attr>
			<attr>
				<attrlabl>SourceDoc1</attrlabl>
				<attalias Sync="TRUE">SourceDoc1</attalias><attrtype Sync="TRUE">String</attrtype><attwidth Sync="TRUE">50</attwidth><atprecis Sync="TRUE">0</atprecis><attscale Sync="TRUE">0</attscale></attr>
			<attr>
				<attrlabl>SourceDoc2</attrlabl>
				<attalias Sync="TRUE">SourceDoc2</attalias><attrtype Sync="TRUE">String</attrtype><attwidth Sync="TRUE">50</attwidth><atprecis Sync="TRUE">0</atprecis><attscale Sync="TRUE">0</attscale></attr>
			<attr><attrlabl Sync="TRUE">Inspection</attrlabl><attalias Sync="TRUE">Inspection</attalias><attrtype Sync="TRUE">Date</attrtype><attwidth Sync="TRUE">8</attwidth><atprecis Sync="TRUE">0</atprecis><attscale Sync="TRUE">0</attscale></attr><attr><attrlabl Sync="TRUE">AsbuiltNum</attrlabl><attalias Sync="TRUE">AsbuiltNum</attalias><attrtype Sync="TRUE">String</attrtype><attwidth Sync="TRUE">254</attwidth><atprecis Sync="TRUE">0</atprecis><attscale Sync="TRUE">0</attscale></attr><attr><attrlabl Sync="TRUE">InstallDat</attrlabl><attalias Sync="TRUE">InstallDat</attalias><attrtype Sync="TRUE">Date</attrtype><attwidth Sync="TRUE">8</attwidth><atprecis Sync="TRUE">0</atprecis><attscale Sync="TRUE">0</attscale></attr><attr><attrlabl Sync="TRUE">InstallYea</attrlabl><attalias Sync="TRUE">InstallYea</attalias><attrtype Sync="TRUE">String</attrtype><attwidth Sync="TRUE">10</attwidth><atprecis Sync="TRUE">0</atprecis><attscale Sync="TRUE">0</attscale></attr><attr><attrlabl Sync="TRUE">LifecycleS</attrlabl><attalias Sync="TRUE">LifecycleS</attalias><attrtype Sync="TRUE">String</attrtype><attwidth Sync="TRUE">20</attwidth><atprecis Sync="TRUE">0</atprecis><attscale Sync="TRUE">0</attscale></attr><attr><attrlabl Sync="TRUE">Ownership</attrlabl><attalias Sync="TRUE">Ownership</attalias><attrtype Sync="TRUE">String</attrtype><attwidth Sync="TRUE">50</attwidth><atprecis Sync="TRUE">0</atprecis><attscale Sync="TRUE">0</attscale></attr><attr>
				<attrlabl>SourceDoc3</attrlabl>
				<attalias Sync="TRUE">SourceDoc3</attalias><attrtype Sync="TRUE">String</attrtype><attwidth Sync="TRUE">50</attwidth><atprecis Sync="TRUE">0</atprecis><attscale Sync="TRUE">0</attscale></attr>
			<attr><attrlabl Sync="TRUE">Measuremen</attrlabl><attalias Sync="TRUE">Measuremen</attalias><attrtype Sync="TRUE">Double</attrtype><attwidth Sync="TRUE">19</attwidth><atprecis Sync="TRUE">0</atprecis><attscale Sync="TRUE">0</attscale></attr><attr><attrlabl Sync="TRUE">Measurem_1</attrlabl><attalias Sync="TRUE">Measurem_1</attalias><attrtype Sync="TRUE">Double</attrtype><attwidth Sync="TRUE">19</attwidth><atprecis Sync="TRUE">0</atprecis><attscale Sync="TRUE">0</attscale></attr><attr><attrlabl Sync="TRUE">CrossSecti</attrlabl><attalias Sync="TRUE">CrossSecti</attalias><attrtype Sync="TRUE">String</attrtype><attwidth Sync="TRUE">254</attwidth><atprecis Sync="TRUE">0</atprecis><attscale Sync="TRUE">0</attscale></attr><attr><attrlabl Sync="TRUE">UpstreamIn</attrlabl><attalias Sync="TRUE">UpstreamIn</attalias><attrtype Sync="TRUE">Double</attrtype><attwidth Sync="TRUE">19</attwidth><atprecis Sync="TRUE">0</atprecis><attscale Sync="TRUE">0</attscale></attr><attr><attrlabl Sync="TRUE">Downstream</attrlabl><attalias Sync="TRUE">Downstream</attalias><attrtype Sync="TRUE">Double</attrtype><attwidth Sync="TRUE">19</attwidth><atprecis Sync="TRUE">0</atprecis><attscale Sync="TRUE">0</attscale></attr><attr>
				<attrlabl>Comments</attrlabl>
				<attalias Sync="TRUE">Comments</attalias><attrtype Sync="TRUE">String</attrtype><attwidth Sync="TRUE">150</attwidth><atprecis Sync="TRUE">0</atprecis><attscale Sync="TRUE">0</attscale></attr>
			<attr>
				<attrlabl>Editor</attrlabl>
				<attalias Sync="TRUE">Editor</attalias><attrtype Sync="TRUE">String</attrtype><attwidth Sync="TRUE">50</attwidth><atprecis Sync="TRUE">0</atprecis><attscale Sync="TRUE">0</attscale></attr>
			<attr>
				<attrlabl>DateModify</attrlabl>
				<attalias Sync="TRUE">DateModify</attalias><attrtype Sync="TRUE">Date</attrtype><attwidth Sync="TRUE">8</attwidth><atprecis Sync="TRUE">0</atprecis><attscale Sync="TRUE">0</attscale></attr>
			<attr>
				<attrlabl>Shape</attrlabl>
				<attrdef>Feature geometry.</attrdef>
				<attrdefs>ESRI</attrdefs>
				<attrdomv>
					<udom>Coordinates defining the features.</udom>
				</attrdomv>
				<attalias Sync="TRUE">Shape</attalias><attrtype Sync="TRUE">Geometry</attrtype><attwidth Sync="TRUE">0</attwidth><atprecis Sync="TRUE">0</atprecis><attscale Sync="TRUE">0</attscale></attr>
			<subtype><stname Sync="TRUE">Collector</stname><stcode Sync="TRUE">1</stcode><stfield><stfldnm Sync="TRUE">Enabled</stfldnm><stflddv Sync="TRUE">1</stflddv><stflddd><domname Sync="TRUE">EnabledDomain</domname><domdesc Sync="TRUE">Used by geometric network.</domdesc><domtype Sync="TRUE">Coded Value</domtype><mrgtype Sync="TRUE">Default value</mrgtype><splttype Sync="TRUE">Default value</splttype><domowner Sync="TRUE"></domowner><domfldtp Sync="TRUE">SmallInteger</domfldtp></stflddd></stfield><stfield><stfldnm Sync="TRUE">LifecycleStatus</stfldnm><stflddv Sync="TRUE">Active</stflddv><stflddd><domname Sync="TRUE">swDomainLifecycleStatus</domname><domdesc Sync="TRUE">Stormwater lifecycle values.</domdesc><domtype Sync="TRUE">Coded Value</domtype><mrgtype Sync="TRUE">Default value</mrgtype><splttype Sync="TRUE">Duplicate</splttype><domowner Sync="TRUE"></domowner><domfldtp Sync="TRUE">String</domfldtp></stflddd></stfield><stfield><stfldnm Sync="TRUE">Material</stfldnm><stflddv Sync="TRUE">CONC</stflddv><stflddd><domname Sync="TRUE">swDomainStormwaterLineMaterial</domname><domdesc Sync="TRUE">Stormwater main material values.</domdesc><domtype Sync="TRUE">Coded Value</domtype><mrgtype Sync="TRUE">Default value</mrgtype><splttype Sync="TRUE">Duplicate</splttype><domowner Sync="TRUE"></domowner><domfldtp Sync="TRUE">String</domfldtp></stflddd></stfield><stfield><stfldnm Sync="TRUE">Measurement1</stfldnm><stflddd><domname Sync="TRUE">swDomainMainDiameter</domname><domdesc Sync="TRUE">Stormwater main diameter values.</domdesc><domtype Sync="TRUE">Coded Value</domtype><mrgtype Sync="TRUE">Default value</mrgtype><splttype Sync="TRUE">Duplicate</splttype><domowner Sync="TRUE"></domowner><domfldtp Sync="TRUE">Double</domfldtp></stflddd></stfield><stfield><stfldnm Sync="TRUE">Measurement2</stfldnm><stflddd><domname Sync="TRUE">swDomainMainDiameter</domname><domdesc Sync="TRUE">Stormwater main diameter values.</domdesc><domtype Sync="TRUE">Coded Value</domtype><mrgtype Sync="TRUE">Default value</mrgtype><splttype Sync="TRUE">Duplicate</splttype><domowner Sync="TRUE"></domowner><domfldtp Sync="TRUE">Double</domfldtp></stflddd></stfield><stfield><stfldnm Sync="TRUE">CrossSectionShape</stfldnm><stflddv Sync="TRUE">Circular</stflddv><stflddd><domname Sync="TRUE">swDomainGravityMainShapes</domname><domdesc Sync="TRUE">Stormwater pipe/main shape values.</domdesc><domtype Sync="TRUE">Coded Value</domtype><mrgtype Sync="TRUE">Default value</mrgtype><splttype Sync="TRUE">Duplicate</splttype><domowner Sync="TRUE"></domowner><domfldtp Sync="TRUE">String</domfldtp></stflddd></stfield><stfield><stfldnm Sync="TRUE">SubtypeCD</stfldnm><stflddv Sync="TRUE">1</stflddv></stfield></subtype><subtype><stname Sync="TRUE">Culvert</stname><stcode Sync="TRUE">2</stcode><stfield><stfldnm Sync="TRUE">Enabled</stfldnm><stflddv Sync="TRUE">1</stflddv><stflddd><domname Sync="TRUE">EnabledDomain</domname><domdesc Sync="TRUE">Used by geometric network.</domdesc><domtype Sync="TRUE">Coded Value</domtype><mrgtype Sync="TRUE">Default value</mrgtype><splttype Sync="TRUE">Default value</splttype><domowner Sync="TRUE"></domowner><domfldtp Sync="TRUE">SmallInteger</domfldtp></stflddd></stfield><stfield><stfldnm Sync="TRUE">LifecycleStatus</stfldnm><stflddv Sync="TRUE">Active</stflddv><stflddd><domname Sync="TRUE">swDomainLifecycleStatus</domname><domdesc Sync="TRUE">Stormwater lifecycle values.</domdesc><domtype Sync="TRUE">Coded Value</domtype><mrgtype Sync="TRUE">Default value</mrgtype><splttype Sync="TRUE">Duplicate</splttype><domowner Sync="TRUE"></domowner><domfldtp Sync="TRUE">String</domfldtp></stflddd></stfield><stfield><stfldnm Sync="TRUE">Material</stfldnm><stflddv Sync="TRUE">CONC</stflddv><stflddd><domname Sync="TRUE">swDomainStormwaterLineMaterial</domname><domdesc Sync="TRUE">Stormwater main material values.</domdesc><domtype Sync="TRUE">Coded Value</domtype><mrgtype Sync="TRUE">Default value</mrgtype><splttype Sync="TRUE">Duplicate</splttype><domowner Sync="TRUE"></domowner><domfldtp Sync="TRUE">String</domfldtp></stflddd></stfield><stfield><stfldnm Sync="TRUE">Measurement1</stfldnm><stflddd><domname Sync="TRUE">swDomainMainDiameter</domname><domdesc Sync="TRUE">Stormwater main diameter values.</domdesc><domtype Sync="TRUE">Coded Value</domtype><mrgtype Sync="TRUE">Default value</mrgtype><splttype Sync="TRUE">Duplicate</splttype><domowner Sync="TRUE"></domowner><domfldtp Sync="TRUE">Double</domfldtp></stflddd></stfield><stfield><stfldnm Sync="TRUE">Measurement2</stfldnm><stflddd><domname Sync="TRUE">swDomainMainDiameter</domname><domdesc Sync="TRUE">Stormwater main diameter values.</domdesc><domtype Sync="TRUE">Coded Value</domtype><mrgtype Sync="TRUE">Default value</mrgtype><splttype Sync="TRUE">Duplicate</splttype><domowner Sync="TRUE"></domowner><domfldtp Sync="TRUE">Double</domfldtp></stflddd></stfield><stfield><stfldnm Sync="TRUE">CrossSectionShape</stfldnm><stflddd><domname Sync="TRUE">swDomainGravityMainShapes</domname><domdesc Sync="TRUE">Stormwater pipe/main shape values.</domdesc><domtype Sync="TRUE">Coded Value</domtype><mrgtype Sync="TRUE">Default value</mrgtype><splttype Sync="TRUE">Duplicate</splttype><domowner Sync="TRUE"></domowner><domfldtp Sync="TRUE">String</domfldtp></stflddd></stfield><stfield><stfldnm Sync="TRUE">SubtypeCD</stfldnm><stflddv Sync="TRUE">2</stflddv></stfield></subtype><attr><attrlabl Sync="TRUE">Cartegraph</attrlabl><attalias Sync="TRUE">Cartegraph</attalias><attrtype Sync="TRUE">String</attrtype><attwidth Sync="TRUE">150</attwidth><atprecis Sync="TRUE">0</atprecis><attscale Sync="TRUE">0</attscale></attr><subtype><stname Sync="TRUE">Channel</stname><stcode Sync="TRUE">3</stcode><stfield><stfldnm Sync="TRUE">Enabled</stfldnm><stflddv Sync="TRUE">1</stflddv><stflddd><domname Sync="TRUE">EnabledDomain</domname><domdesc Sync="TRUE">Used by geometric network.</domdesc><domtype Sync="TRUE">Coded Value</domtype><mrgtype Sync="TRUE">Default value</mrgtype><splttype Sync="TRUE">Default value</splttype><domowner Sync="TRUE"></domowner><domfldtp Sync="TRUE">SmallInteger</domfldtp></stflddd></stfield><stfield><stfldnm Sync="TRUE">LifecycleStatus</stfldnm><stflddv Sync="TRUE">Active</stflddv><stflddd><domname Sync="TRUE">swDomainLifecycleStatus</domname><domdesc Sync="TRUE">Stormwater lifecycle values.</domdesc><domtype Sync="TRUE">Coded Value</domtype><mrgtype Sync="TRUE">Default value</mrgtype><splttype Sync="TRUE">Duplicate</splttype><domowner Sync="TRUE"></domowner><domfldtp Sync="TRUE">String</domfldtp></stflddd></stfield><stfield><stfldnm Sync="TRUE">Material</stfldnm><stflddv Sync="TRUE">GRASS</stflddv><stflddd><domname Sync="TRUE">swDomainStormwaterLineMaterial</domname><domdesc Sync="TRUE">Stormwater main material values.</domdesc><domtype Sync="TRUE">Coded Value</domtype><mrgtype Sync="TRUE">Default value</mrgtype><splttype Sync="TRUE">Duplicate</splttype><domowner Sync="TRUE"></domowner><domfldtp Sync="TRUE">String</domfldtp></stflddd></stfield><stfield><stfldnm Sync="TRUE">Measurement1</stfldnm><stflddd><domname Sync="TRUE">swDomainMainDiameter</domname><domdesc Sync="TRUE">Stormwater main diameter values.</domdesc><domtype Sync="TRUE">Coded Value</domtype><mrgtype Sync="TRUE">Default value</mrgtype><splttype Sync="TRUE">Duplicate</splttype><domowner Sync="TRUE"></domowner><domfldtp Sync="TRUE">Double</domfldtp></stflddd></stfield><stfield><stfldnm Sync="TRUE">Measurement2</stfldnm><stflddd><domname Sync="TRUE">swDomainMainDiameter</domname><domdesc Sync="TRUE">Stormwater main diameter values.</domdesc><domtype Sync="TRUE">Coded Value</domtype><mrgtype Sync="TRUE">Default value</mrgtype><splttype Sync="TRUE">Duplicate</splttype><domowner Sync="TRUE"></domowner><domfldtp Sync="TRUE">Double</domfldtp></stflddd></stfield><stfield><stfldnm Sync="TRUE">CrossSectionShape</stfldnm><stflddd><domname Sync="TRUE">swDomainGravityMainShapes</domname><domdesc Sync="TRUE">Stormwater pipe/main shape values.</domdesc><domtype Sync="TRUE">Coded Value</domtype><mrgtype Sync="TRUE">Default value</mrgtype><splttype Sync="TRUE">Duplicate</splttype><domowner Sync="TRUE"></domowner><domfldtp Sync="TRUE">String</domfldtp></stflddd></stfield><stfield><stfldnm Sync="TRUE">SubtypeCD</stfldnm><stflddv Sync="TRUE">1</stflddv></stfield></subtype><subtype><stname Sync="TRUE">Curb and Gutter</stname><stcode Sync="TRUE">4</stcode><stfield><stfldnm Sync="TRUE">Enabled</stfldnm><stflddv Sync="TRUE">1</stflddv><stflddd><domname Sync="TRUE">EnabledDomain</domname><domdesc Sync="TRUE">Used by geometric network.</domdesc><domtype Sync="TRUE">Coded Value</domtype><mrgtype Sync="TRUE">Default value</mrgtype><splttype Sync="TRUE">Default value</splttype><domowner Sync="TRUE"></domowner><domfldtp Sync="TRUE">SmallInteger</domfldtp></stflddd></stfield><stfield><stfldnm Sync="TRUE">LifecycleStatus</stfldnm><stflddv Sync="TRUE">Active</stflddv><stflddd><domname Sync="TRUE">swDomainLifecycleStatus</domname><domdesc Sync="TRUE">Stormwater lifecycle values.</domdesc><domtype Sync="TRUE">Coded Value</domtype><mrgtype Sync="TRUE">Default value</mrgtype><splttype Sync="TRUE">Duplicate</splttype><domowner Sync="TRUE"></domowner><domfldtp Sync="TRUE">String</domfldtp></stflddd></stfield><stfield><stfldnm Sync="TRUE">Material</stfldnm><stflddv Sync="TRUE">CONC</stflddv><stflddd><domname Sync="TRUE">swDomainStormwaterLineMaterial</domname><domdesc Sync="TRUE">Stormwater main material values.</domdesc><domtype Sync="TRUE">Coded Value</domtype><mrgtype Sync="TRUE">Default value</mrgtype><splttype Sync="TRUE">Duplicate</splttype><domowner Sync="TRUE"></domowner><domfldtp Sync="TRUE">String</domfldtp></stflddd></stfield><stfield><stfldnm Sync="TRUE">Measurement1</stfldnm><stflddd><domname Sync="TRUE">swDomainMainDiameter</domname><domdesc Sync="TRUE">Stormwater main diameter values.</domdesc><domtype Sync="TRUE">Coded Value</domtype><mrgtype Sync="TRUE">Default value</mrgtype><splttype Sync="TRUE">Duplicate</splttype><domowner Sync="TRUE"></domowner><domfldtp Sync="TRUE">Double</domfldtp></stflddd></stfield><stfield><stfldnm Sync="TRUE">Measurement2</stfldnm><stflddd><domname Sync="TRUE">swDomainMainDiameter</domname><domdesc Sync="TRUE">Stormwater main diameter values.</domdesc><domtype Sync="TRUE">Coded Value</domtype><mrgtype Sync="TRUE">Default value</mrgtype><splttype Sync="TRUE">Duplicate</splttype><domowner Sync="TRUE"></domowner><domfldtp Sync="TRUE">Double</domfldtp></stflddd></stfield><stfield><stfldnm Sync="TRUE">CrossSectionShape</stfldnm><stflddd><domname Sync="TRUE">swDomainGravityMainShapes</domname><domdesc Sync="TRUE">Stormwater pipe/main shape values.</domdesc><domtype Sync="TRUE">Coded Value</domtype><mrgtype Sync="TRUE">Default value</mrgtype><splttype Sync="TRUE">Duplicate</splttype><domowner Sync="TRUE"></domowner><domfldtp Sync="TRUE">String</domfldtp></stflddd></stfield><stfield><stfldnm Sync="TRUE">SubtypeCD</stfldnm><stflddv Sync="TRUE">1</stflddv></stfield></subtype><attr><attrlabl Sync="TRUE">Shape_Leng</attrlabl><attalias Sync="TRUE">Shape_Leng</attalias><attrtype Sync="TRUE">Double</attrtype><attwidth Sync="TRUE">19</attwidth><atprecis Sync="TRUE">0</atprecis><attscale Sync="TRUE">0</attscale></attr></detailed>
	</eainfo>
	<distinfo>
		<distrib>
			<cntinfo>
				<cntorgp>
					<cntorg>City of Waynesboro</cntorg>
					<cntper>Chris Garrison</cntper>
				</cntorgp>
				<cntpos>Department of Public Works / Engineering Assistant</cntpos>
				<cntaddr>
					<addrtype>mailing and physical address</addrtype>
					<address>941 Fir Street</address>
					<city>Waynesboro</city>
					<state>VA</state>
					<postal>22980</postal>
					<country>USA</country>
				</cntaddr>
				<cntvoice>(540) 942-6624</cntvoice>
				<cntfax>(540) 942-6723</cntfax>
				<cntemail>garrisonca@ci.waynesboro.va.us</cntemail>
			</cntinfo>
		</distrib>
		<resdesc>Downloadable Data</resdesc>
		<distliab>Although these data have been processed successfully on a computer system, no warranty expressed or implied is made regarding the use of the data on any other system, nor does the act of distribution constitute any such warranty.</distliab>
		<stdorder></stdorder>
	</distinfo>
	<metainfo>
		<metd Sync="TRUE">20090528</metd>
		<metc>
			<cntinfo>
				<cntorgp>
					<cntorg>City of Waynesboro</cntorg>
					<cntper>Chris Garrison</cntper>
				</cntorgp>
				<cntpos>Department of Public Works / Engineering Assistant</cntpos>
				<cntaddr>
					<addrtype>mailing and physical address</addrtype>
					<address>941 Fir Street</address>
					<city>Waynesboro</city>
					<state>VA</state>
					<postal>22980</postal>
					<country>USA</country>
				</cntaddr>
				<cntvoice>(540) 942-6624</cntvoice>
				<cntfax>(540) 942-6723</cntfax>
				<cntemail>garrisonca@ci.waynesboro.va.us</cntemail>
			</cntinfo>
		</metc>
		<metstdn Sync="TRUE">FGDC Content Standards for Digital Geospatial Metadata</metstdn>
		<metstdv Sync="TRUE">FGDC-STD-001-1998</metstdv>
		<mettc Sync="TRUE">local time</mettc>
		<metextns>
			<onlink>http://www.esri.com/metadata/esriprof80.html</onlink>
			<metprof>ESRI Metadata Profile</metprof>
		</metextns>
		<langmeta Sync="TRUE">en</langmeta></metainfo>
	<Esri><MetaID>{30BE641D-96B0-46AD-86CB-0A8FE1E626CA}</MetaID><CreaDate>20090528</CreaDate><CreaTime>09341000</CreaTime><SyncOnce>FALSE</SyncOnce><SyncDate>20140117</SyncDate><SyncTime>14340000</SyncTime><ModDate>20140117</ModDate><ModTime>14340000</ModTime><DataProperties><itemProps><itemName Sync="TRUE">StormWaterGravityMain</itemName><imsContentType Sync="TRUE">002</imsContentType><itemSize Sync="TRUE">0.000</itemSize><itemLocation><linkage Sync="TRUE">file://\\YA-PL002\C$\IT\CivicPlusCityWebsite\GisDataDownloadApp\Shp\StormWaterGravityMain.shp</linkage><protocol Sync="TRUE">Local Area Network</protocol></itemLocation></itemProps><coordRef><type Sync="TRUE">Projected</type><geogcsn Sync="TRUE">GCS_North_American_1983</geogcsn><csUnits Sync="TRUE">Linear Unit: Foot_US (0.304801)</csUnits><projcsn Sync="TRUE">NAD_1983_StatePlane_Virginia_North_FIPS_4501_Feet</projcsn><peXml Sync="TRUE">&lt;ProjectedCoordinateSystem xsi:type='typens:ProjectedCoordinateSystem' xmlns:xsi='http://www.w3.org/2001/XMLSchema-instance' xmlns:xs='http://www.w3.org/2001/XMLSchema' xmlns:typens='http://www.esri.com/schemas/ArcGIS/10.1'&gt;&lt;WKT&gt;PROJCS[&amp;quot;NAD_1983_StatePlane_Virginia_North_FIPS_4501_Feet&amp;quot;,GEOGCS[&amp;quot;GCS_North_American_1983&amp;quot;,DATUM[&amp;quot;D_North_American_1983&amp;quot;,SPHEROID[&amp;quot;GRS_1980&amp;quot;,6378137.0,298.257222101]],PRIMEM[&amp;quot;Greenwich&amp;quot;,0.0],UNIT[&amp;quot;Degree&amp;quot;,0.0174532925199433]],PROJECTION[&amp;quot;Lambert_Conformal_Conic&amp;quot;],PARAMETER[&amp;quot;False_Easting&amp;quot;,11482916.66666666],PARAMETER[&amp;quot;False_Northing&amp;quot;,6561666.666666666],PARAMETER[&amp;quot;Central_Meridian&amp;quot;,-78.5],PARAMETER[&amp;quot;Standard_Parallel_1&amp;quot;,38.03333333333333],PARAMETER[&amp;quot;Standard_Parallel_2&amp;quot;,39.2],PARAMETER[&amp;quot;Latitude_Of_Origin&amp;quot;,37.66666666666666],UNIT[&amp;quot;Foot_US&amp;quot;,0.3048006096012192],AUTHORITY[&amp;quot;EPSG&amp;quot;,2283]],VERTCS[&amp;quot;NAVD_1988&amp;quot;,VDATUM[&amp;quot;North_American_Vertical_Datum_1988&amp;quot;],PARAMETER[&amp;quot;Vertical_Shift&amp;quot;,0.0],PARAMETER[&amp;quot;Direction&amp;quot;,1.0],UNIT[&amp;quot;Foot_US&amp;quot;,0.3048006096012192]]&lt;/WKT&gt;&lt;XOrigin&gt;-110512500&lt;/XOrigin&gt;&lt;YOrigin&gt;-88858000&lt;/YOrigin&gt;&lt;XYScale&gt;36916142.964165002&lt;/XYScale&gt;&lt;ZOrigin&gt;-100000&lt;/ZOrigin&gt;&lt;ZScale&gt;3048.0060960121923&lt;/ZScale&gt;&lt;MOrigin&gt;-100000&lt;/MOrigin&gt;&lt;MScale&gt;10000&lt;/MScale&gt;&lt;XYTolerance&gt;0.0032808333333333331&lt;/XYTolerance&gt;&lt;ZTolerance&gt;0.0032808333333333331&lt;/ZTolerance&gt;&lt;MTolerance&gt;0.001&lt;/MTolerance&gt;&lt;HighPrecision&gt;true&lt;/HighPrecision&gt;&lt;WKID&gt;102746&lt;/WKID&gt;&lt;LatestWKID&gt;2283&lt;/LatestWKID&gt;&lt;/ProjectedCoordinateSystem&gt;</peXml></coordRef><lineage><Process ToolSource="c:\program files (x86)\arcgis\desktop10.1\ArcToolbox\Toolboxes\Conversion Tools.tbx\FeatureClassToFeatureClass" Date="20140117" Time="143400">FeatureClassToFeatureClass "Y:\Map Layers\2_Waynesboro Coverage\WaynesboroUtilities\Waynesboro_Utilities.mdb\Stormwater_Collection\swGravityMain" C:\IT\CivicPlusCityWebsite\GisDataDownloadApp\Shp StormWaterGravityMain.shp # "Enabled "Enabled" true true true 2 Short 0 0 ,First,#,Y:\Map Layers\2_Waynesboro Coverage\WaynesboroUtilities\Waynesboro_Utilities.mdb\Stormwater_Collection\swGravityMain,Enabled,-1,-1;FacilityID "FacilityID" true true false 20 Text 0 0 ,First,#,Y:\Map Layers\2_Waynesboro Coverage\WaynesboroUtilities\Waynesboro_Utilities.mdb\Stormwater_Collection\swGravityMain,FacilityID,-1,-1;Inspection "Inspection" true true false 8 Date 0 0 ,First,#,Y:\Map Layers\2_Waynesboro Coverage\WaynesboroUtilities\Waynesboro_Utilities.mdb\Stormwater_Collection\swGravityMain,InspectionDate,-1,-1;AsbuiltNum "AsbuiltNum" true true false 255 Text 0 0 ,First,#,Y:\Map Layers\2_Waynesboro Coverage\WaynesboroUtilities\Waynesboro_Utilities.mdb\Stormwater_Collection\swGravityMain,AsbuiltNumber,-1,-1;InstallDat "InstallDat" true true false 8 Date 0 0 ,First,#,Y:\Map Layers\2_Waynesboro Coverage\WaynesboroUtilities\Waynesboro_Utilities.mdb\Stormwater_Collection\swGravityMain,InstallDate,-1,-1;InstallYea "InstallYea" true true false 10 Text 0 0 ,First,#,Y:\Map Layers\2_Waynesboro Coverage\WaynesboroUtilities\Waynesboro_Utilities.mdb\Stormwater_Collection\swGravityMain,InstallYear,-1,-1;LifecycleS "LifecycleStatus" true true false 20 Text 0 0 ,First,#,Y:\Map Layers\2_Waynesboro Coverage\WaynesboroUtilities\Waynesboro_Utilities.mdb\Stormwater_Collection\swGravityMain,LifecycleStatus,-1,-1;Ownership "Ownership" true true false 50 Text 0 0 ,First,#,Y:\Map Layers\2_Waynesboro Coverage\WaynesboroUtilities\Waynesboro_Utilities.mdb\Stormwater_Collection\swGravityMain,Ownership,-1,-1;Material "Material" true true false 255 Text 0 0 ,First,#,Y:\Map Layers\2_Waynesboro Coverage\WaynesboroUtilities\Waynesboro_Utilities.mdb\Stormwater_Collection\swGravityMain,Material,-1,-1;Measuremen "Measurement1" true true false 8 Double 0 0 ,First,#,Y:\Map Layers\2_Waynesboro Coverage\WaynesboroUtilities\Waynesboro_Utilities.mdb\Stormwater_Collection\swGravityMain,Measurement1,-1,-1;Measurem_1 "Measurement2" true true false 8 Double 0 0 ,First,#,Y:\Map Layers\2_Waynesboro Coverage\WaynesboroUtilities\Waynesboro_Utilities.mdb\Stormwater_Collection\swGravityMain,Measurement2,-1,-1;CrossSecti "CrossSectionShape" true true false 255 Text 0 0 ,First,#,Y:\Map Layers\2_Waynesboro Coverage\WaynesboroUtilities\Waynesboro_Utilities.mdb\Stormwater_Collection\swGravityMain,CrossSectionShape,-1,-1;UpstreamIn "UpstreamIn" true true false 8 Double 0 0 ,First,#,Y:\Map Layers\2_Waynesboro Coverage\WaynesboroUtilities\Waynesboro_Utilities.mdb\Stormwater_Collection\swGravityMain,UpstreamInvert_OUT,-1,-1;Downstream "Downstream" true true false 8 Double 0 0 ,First,#,Y:\Map Layers\2_Waynesboro Coverage\WaynesboroUtilities\Waynesboro_Utilities.mdb\Stormwater_Collection\swGravityMain,DownstreamInvert_IN,-1,-1;Slope "Slope" true true false 8 Double 0 0 ,First,#,Y:\Map Layers\2_Waynesboro Coverage\WaynesboroUtilities\Waynesboro_Utilities.mdb\Stormwater_Collection\swGravityMain,Slope,-1,-1;SubtypeCD "SubtypeCD" true true false 4 Long 0 0 ,First,#,Y:\Map Layers\2_Waynesboro Coverage\WaynesboroUtilities\Waynesboro_Utilities.mdb\Stormwater_Collection\swGravityMain,SubtypeCD,-1,-1;SourceDoc1 "SourceDoc1" true true false 50 Text 0 0 ,First,#,Y:\Map Layers\2_Waynesboro Coverage\WaynesboroUtilities\Waynesboro_Utilities.mdb\Stormwater_Collection\swGravityMain,SourceDoc1,-1,-1;SourceDoc2 "SourceDoc2" true true false 50 Text 0 0 ,First,#,Y:\Map Layers\2_Waynesboro Coverage\WaynesboroUtilities\Waynesboro_Utilities.mdb\Stormwater_Collection\swGravityMain,SourceDoc2,-1,-1;SourceDoc3 "SourceDoc3" true true false 50 Text 0 0 ,First,#,Y:\Map Layers\2_Waynesboro Coverage\WaynesboroUtilities\Waynesboro_Utilities.mdb\Stormwater_Collection\swGravityMain,SourceDoc3,-1,-1;Comments "Comments" true true false 150 Text 0 0 ,First,#,Y:\Map Layers\2_Waynesboro Coverage\WaynesboroUtilities\Waynesboro_Utilities.mdb\Stormwater_Collection\swGravityMain,Comments,-1,-1;Cartegraph "Cartegraph" true true false 150 Text 0 0 ,First,#,Y:\Map Layers\2_Waynesboro Coverage\WaynesboroUtilities\Waynesboro_Utilities.mdb\Stormwater_Collection\swGravityMain,Cartegraph_Comments,-1,-1;Editor "Editor" true true false 50 Text 0 0 ,First,#,Y:\Map Layers\2_Waynesboro Coverage\WaynesboroUtilities\Waynesboro_Utilities.mdb\Stormwater_Collection\swGravityMain,Editor,-1,-1;DateModify "DateModify" true true false 8 Date 0 0 ,First,#,Y:\Map Layers\2_Waynesboro Coverage\WaynesboroUtilities\Waynesboro_Utilities.mdb\Stormwater_Collection\swGravityMain,DateModify,-1,-1;Shape_Leng "Shape_Length" false true true 8 Double 0 0 ,First,#,Y:\Map Layers\2_Waynesboro Coverage\WaynesboroUtilities\Waynesboro_Utilities.mdb\Stormwater_Collection\swGravityMain,Shape_Length,-1,-1" #</Process></lineage></DataProperties></Esri><dataqual><lineage><procstep><procdesc Sync="TRUE">Metadata imported.</procdesc><srcused Sync="TRUE">C:\DOCUME~1\chrisg\LOCALS~1\Temp\xml345.tmp</srcused><procdate Sync="TRUE">20090528</procdate><proctime Sync="TRUE">09341000</proctime></procstep></lineage></dataqual><dataIdInfo><envirDesc Sync="TRUE">Microsoft Windows 7 Version 6.1 (Build 7601) Service Pack 1; Esri ArcGIS 10.1.1.3143</envirDesc><dataLang><languageCode Sync="TRUE" value="eng"></languageCode><countryCode value="USA" Sync="TRUE"></countryCode></dataLang><idCitation><resTitle Sync="TRUE">StormWaterGravityMain</resTitle><presForm><PresFormCd Sync="TRUE" value="005"></PresFormCd></presForm></idCitation><spatRpType><SpatRepTypCd Sync="TRUE" value="001"></SpatRepTypCd></spatRpType><dataExt><geoEle><GeoBndBox esriExtentType="native"><westBL Sync="TRUE">11352778.985107</westBL><eastBL Sync="TRUE">11379639.909485</eastBL><northBL Sync="TRUE">6718815.713684</northBL><southBL Sync="TRUE">6696462.168884</southBL><exTypeCode Sync="TRUE">1</exTypeCode></GeoBndBox></geoEle></dataExt><geoBox esriExtentType="decdegrees"><westBL Sync="TRUE">-78.952215</westBL><eastBL Sync="TRUE">-78.858574</eastBL><northBL Sync="TRUE">38.097644</northBL><southBL Sync="TRUE">38.035936</southBL><exTypeCode Sync="TRUE">1</exTypeCode></geoBox></dataIdInfo><mdLang><languageCode Sync="TRUE" value="eng"></languageCode><countryCode value="USA" Sync="TRUE"></countryCode></mdLang><mdStanName Sync="TRUE">ISO 19115 Geographic Information - Metadata</mdStanName><mdStanVer Sync="TRUE">DIS_ESRI1.0</mdStanVer><mdChar><CharSetCd Sync="TRUE" value="006"></CharSetCd></mdChar><mdHrLv><ScopeCd Sync="TRUE" value="005"></ScopeCd></mdHrLv><mdHrLvName Sync="TRUE">dataset</mdHrLvName><distInfo><distributor><distorTran><onLineSrc><orDesc Sync="TRUE">002</orDesc><linkage Sync="TRUE">file://\\WAY318\C$\Documents and Settings\chrisg\Desktop\ENG_GIS\WAYNESBORO_UTILITIES\Waynesboro_Utilities.mdb</linkage><protocol Sync="TRUE">Local Area Network</protocol></onLineSrc></distorTran><distorFormat><formatName Sync="TRUE">Personal GeoDatabase Feature Class</formatName></distorFormat></distributor><distFormat><formatName Sync="TRUE">Shapefile</formatName></distFormat><distTranOps><transSize Sync="TRUE">0.000</transSize></distTranOps></distInfo><refSysInfo><RefSystem><refSysID><identCode Sync="TRUE" code="2283">NAD_1983_StatePlane_Virginia_North_FIPS_4501_Feet</identCode><idCodeSpace Sync="TRUE">EPSG</idCodeSpace><idVersion Sync="TRUE">7.11.2</idVersion></refSysID></RefSystem></refSysInfo><spatRepInfo><VectSpatRep><geometObjs Name="StormWaterGravityMain"><geoObjTyp><GeoObjTypCd value="002" Sync="TRUE"></GeoObjTypCd></geoObjTyp><geoObjCnt Sync="TRUE">0</geoObjCnt></geometObjs><topLvl><TopoLevCd value="001" Sync="TRUE"></TopoLevCd></topLvl></VectSpatRep></spatRepInfo><mdDateSt Sync="TRUE">20140117</mdDateSt></metadata>
