X,Y,OBJECTID,UNITID,NORTHING,EASTING,COMPKEY,COMPTYPE,IT_NAME
-75.976712769072876,36.857594922715506,1,ST0028,3481573.86958,12221071.7152,1737471,16,ST22007
-75.976428348080901,36.856639954471248,2,ST0027,3481228.52845,12221164.1922,1737472,16,ST22006
-75.976138759979378,36.855656764099407,3,ST0026,3480872.95663,12221258.4572,1737473,16,ST22005
-75.975857112086643,36.854707517687068,4,ST0025,3480529.67692,12221350.0717,1737474,16,ST22004
-75.975569131969493,36.853688382358555,5,ST0024,3480161.01054,12221444.2207,1737475,16,ST22003
-75.975276233576196,36.852639239473469,6,ST0023,3479781.46182,12221540.1025,1737476,16,ST22002
-75.974928860445701,36.851410074686676,7,ST0022,3479336.81983,12221653.6731,1737477,16,ST22001
-75.974641802000022,36.850391593384771,8,ST0021,3478968.38537,12221747.5532,1737478,16,ST2002
-75.974369624147059,36.84940510293594,9,ST0020,3478611.478,12221836.7716,1737479,16,ST2001
-75.972231786484414,36.841797155184572,10,ST0013,3475859.27417,12222536.2453,1737480,16,ST1003
-75.971971926330625,36.84074028169595,11,ST0012,3475476.65669,12222622.5648,1737481,16,ST1002
-75.971747740971651,36.839782212777727,12,ST0011,3475129.72007,12222697.4868,1737482,16,ST1001
-75.970511406714138,36.834921453798032,13,ST0006,3473370.31813,12223106.5714,1737483,16,S0003
-75.979624134348541,36.868213021108929,14,ST0039,3485415.6289,12220117.0372,1737484,16,ST32008
-75.979359962281379,36.867205216159654,15,ST0038,3485050.89629,12220204.0842,1737485,16,ST32007
-75.979111022048158,36.866281323986193,16,ST0037,3484716.58535,12220285.8632,1737486,16,ST32006
-75.9788498782018,36.86529906762064,17,ST0036,3484361.12806,12220371.78,1737487,16,ST32005
-75.97857558032473,36.864354011711583,18,ST0035,3484019.31309,12220461.184,1737488,16,ST32004
-75.978323944247322,36.863420279658293,19,ST0034,3483681.44283,12220543.8525,1737489,16,ST32003
-75.9780556776591,36.862428798365123,20,ST0033,3483322.68464,12220631.948,1737490,16,ST32002
-75.977779981105144,36.861439636491923,21,ST0032,3482964.82878,12220722.1961,1737491,16,ST32001
-75.977521081250387,36.860403506445031,22,ST0031,3482589.74791,12220807.9906,1737492,16,ST22010
-75.977273651085156,36.859500449813851,23,ST0030,3482263.01017,12220889.1383,1737493,16,ST22009
-75.97699442415211,36.858545761257496,24,ST0029,3481917.72965,12220980.0893,1737494,16,ST22008
-75.971507518888302,36.838808908207312,25,ST0010,0,0,1737495,16, 
-75.971278164623172,36.837848509409874,26,ST0009,0,0,1737496,16, 
-75.971025291565667,36.836835609948551,27,ST0008,0,0,1737497,16, 
-75.970775235624856,36.835898616233429,28,ST0007,0,0,1737498,16, 
-75.970235499056102,36.833932185461613,29,ST0005,0,0,1737499,16, 
-75.969994896985369,36.833032600212164,30,ST0004,0,0,1737500,16, 
-75.969725379043879,36.83203937303513,31,ST0003,0,0,1737501,16, 
-75.969262608332031,36.830382269093391,32,ST0001,0,0,1737502,16, 
-75.969453183224616,36.831073277307951,33,ST0002,0,0,1737503,16, 
-75.972587301046318,36.84306851103802,34,ST0014,0,0,1737504,16, 
-75.973012045173917,36.844588830919179,35,ST0015,0,0,1737505,16, 
-75.973282698585862,36.845550590022413,36,ST0016,0,0,1737506,16, 
-75.973561683872063,36.846529699945755,37,ST0017,0,0,1737507,16, 
-75.973899082109639,36.847733307914048,38,ST0018,0,0,1737508,16, 
-75.974103947401744,36.848478992834572,39,ST0019,0,0,1737509,16, 
-75.970741362850475,36.835734051289322,40,J0090,3473664.26348,12223031.3713,1736442,16,POINT00015
-75.970725258752339,36.8356741607749,41,J0089,3473642.59236,12223036.6668,1736443,16,POINT00014
-75.970708859108512,36.835611523730556,42,J0088,3473619.92387,12223042.0755,1736444,16,POINT00013
-75.970692330107298,36.835551009049773,43,J0087,3473598.02893,12223047.5013,1736445,16,POINT00012
-75.970675757986939,36.835487127357361,44,J0086,3473574.90893,12223052.9725,1736446,16,POINT00011
-75.970661499926734,36.835427045401985,45,J0085,3473553.15348,12223057.7297,1736447,16,POINT00010
-75.970642935343093,36.835362815621238,46,J0084,3473529.92245,12223063.7873,1736448,16,POINT00008
-75.970629457020564,36.835305247113595,47,J0083,3473509.07588,12223068.2921,1736449,16,POINT00007
-75.970612651338243,36.835245073705039,48,J0082,3473487.30711,12223073.7955,1736450,16,POINT00006
-75.970595134190191,36.835182894298612,49,J0081,3473464.81407,12223079.5267,1736451,16,POINT00005
-75.970576018939241,36.835120059851633,50,J0080,3473442.09516,12223085.7318,1736452,16,POINT00004
-75.970559351597487,36.835057958712532,51,J0079,3473419.62374,12223091.2136,1736453,16,POINT00003
-75.970547430953687,36.834994217528639,52,J0078,3473396.51856,12223095.3228,1736454,16,POINT00002
-75.970528535789981,36.834928712631054,53,J0077,3473372.82591,12223101.4896,1736455,16,POINT00001
-75.971013132868279,36.836724878043505,54,J0106,3474022.7482,12222942.2019,1736456,16,POINT00031
-75.970995948096927,36.836660570985437,55,J0105,3473999.47826,12222947.8563,1736457,16,POINT00030
-75.970975875241876,36.836596473811248,56,J0104,3473976.30714,12222954.3538,1736458,16,POINT00029
-75.970962047474742,36.836538221057452,57,J0103,3473955.21419,12222958.9673,1736459,16,POINT00028
-75.970946068242455,36.836477058602078,58,J0102,3473933.07906,12222964.2384,1736460,16,POINT00027
-75.970930505828477,36.836413943383072,59,J0101,3473910.23018,12222969.4066,1736461,16,POINT00026
-75.970912714694236,36.836353913202302,60,J0100,3473888.52143,12222975.1969,1736462,16,POINT00025
-75.970895161613626,36.836291342859738,61,J0099,3473865.88609,12222980.9422,1736463,16,POINT00024
-75.970880851451142,36.836232805161956,62,J0098,3473844.69332,12222985.6997,1736464,16,POINT00023
-75.970863399880116,36.836169214502739,63,J0097,3473821.68607,12222991.4252,1736465,16,POINT00022
-75.970845259301242,36.836105416008245,64,J0096,3473798.60847,12222997.3545,1736466,16,POINT00021
-75.97082955854674,36.836046742282747,65,J0095,3473777.3771,12223002.52,1736467,16,POINT00020
-75.970809182959499,36.835981410120702,66,J0094,3473753.75901,12223009.1179,1736468,16,POINT00019
-75.970795583364378,36.835922825452577,67,J0093,3473732.54356,12223013.6678,1736469,16,POINT00018
-75.970776299230167,36.835860884577038,68,J0092,3473710.15104,12223019.9135,1736470,16,POINT00017
-75.970760122368532,36.835798781163454,69,J0091,3473687.67499,12223025.2519,1736471,16,POINT00016
-75.971227828424603,36.837592329275274,70,J0121,3474336.77777,12222870.9342,1736472,16,POINT00047
-75.971211762954056,36.837534267084557,71,J0120,3474315.77185,12222876.2005,1736473,16,POINT00046
-75.971195641787915,36.837464676371674,72,J0119,3474290.57019,12222881.5951,1736474,16,POINT00045
-75.971182128431138,36.837403126419879,73,J0118,3474268.27492,12222886.1487,1736475,16,POINT00044
-75.971169039079129,36.837343982053234,74,J0117,3474246.8515,12222890.5545,1736476,16,POINT00043
-75.971153657226509,36.837286736411251,75,J0116,3474226.13733,12222895.6128,1736477,16,POINT00042
-75.971141724006259,36.837218051362171,76,J0115,3474201.23276,12222899.7736,1736478,16,POINT00041
-75.971127322215636,36.837156176241905,77,J0114,3474178.82581,12222904.5902,1736479,16,POINT00040
-75.971110604568196,36.837092725828747,78,J0113,3474155.86393,12222910.0996,1736480,16,POINT00039
-75.971105697970145,36.837062345418872,79,J0112,3474144.84532,12222911.8314,1736481,16,POINT00038
-75.97108604013674,36.837029629810772,80,J0111,3474133.09241,12222917.901,1736482,16,POINT00037
-75.97108402880886,36.836972549294799,81,J0110,3474112.33362,12222919.0461,1736483,16,POINT00036
-75.971068240019434,36.836915163177181,82,J0109,3474091.57135,12222924.2246,1736484,16,POINT00035
-75.97104858308434,36.836810811468339,83,J0108,3474053.74634,12222930.9929,1736485,16,POINT00033
-75.971031796266644,36.836784550608165,84,J0107,3474044.32007,12222936.1599,1736486,16,POINT00032
-75.971470330432155,36.838584015542374,85,J0137,3474695.80536,12222790.3224,1736487,16,POINT00063
-75.971452042529634,36.838525952666593,86,J0136,3474674.81641,12222796.2384,1736488,16,POINT00062
-75.97143949126847,36.83846345743347,87,J0135,3474652.16931,12222800.5196,1736489,16,POINT00061
-75.971421859136072,36.838402175015261,88,J0134,3474630.0037,12222806.2752,1736490,16,POINT00060
-75.971410434362298,36.838339320206586,89,J0133,3474607.21688,12222810.2304,1736491,16,POINT00059
-75.971395989452532,36.838276836324198,90,J0132,3474584.5888,12222815.0653,1736492,16,POINT00058
-75.971379149634203,36.838214031020001,91,J0131,3474561.86255,12222820.604,1736493,16,POINT00057
-75.971364212447625,36.838151686511758,92,J0130,3474539.28921,12222825.5818,1736494,16,POINT00056
-75.97134570445786,36.838094373173902,93,J0129,3474518.57479,12222831.5549,1736495,16,POINT00055
-75.971329667733386,36.838038062730952,94,J0128,3474498.206,12222836.7955,1736496,16,POINT00054
-75.971323896057669,36.837963217652685,95,J0127,3474471.01117,12222839.2138,1736497,16,POINT00053
-75.971305001792331,36.837901714115063,96,J0126,3474448.77468,12222845.341,1736498,16,POINT00052
-75.971287795461393,36.837839229156145,97,J0125,3474426.16788,12222850.9839,1736499,16,POINT00051
-75.971270926896963,36.837776356629895,98,J0124,3474403.41752,12222856.5318,1736500,16,POINT00050
-75.971255805555785,36.837714622876476,99,J0123,3474381.06768,12222861.5572,1736501,16,POINT00049
-75.97123724276878,36.837652199594956,100,J0122,3474358.49396,12222867.5964,1736502,16,POINT00048
-75.972452462125545,36.842547038916059,101,J0201,3476130.46858,12222464.3829,1736503,16,POINT00079
-75.972435751664648,36.842489075382943,102,J0200,3476109.50336,12222469.8359,1736504,16,POINT00078
-75.972418812133341,36.842430071542381,103,J0199,3476088.16129,12222475.3663,1736505,16,POINT00077
-75.972402336132674,36.842366573024087,104,J0198,3476065.1799,12222480.805,1736506,16,POINT00076
-75.972384914206089,36.842302187315873,105,J0197,3476041.8829,12222486.5288,1736507,16,POINT00075
-75.972366799678369,36.842237982000491,106,J0196,3476018.65719,12222492.4537,1736508,16,POINT00074
-75.972348334807705,36.842177638631483,107,J0195,3475996.83959,12222498.4432,1736509,16,POINT00073
-75.97233148420959,36.842116705705784,108,J0194,3475974.79475,12222503.9663,1736510,16,POINT00072
-75.972314106300416,36.842055602348914,109,J0193,3475952.69201,12222509.6454,1736511,16,POINT00071
-75.972296643051294,36.841996255970464,110,J0192,3475931.22956,12222515.3325,1736512,16,POINT00070
-75.972282244853915,36.841932146013967,111,J0191,3475908.00921,12222520.1691,1736513,16,POINT00069
-75.972265658360527,36.841868748449357,112,J0190,3475885.06529,12222525.6392,1736514,16,POINT00068
-75.972248259790121,36.84180506614117,113,J0189,3475862.02432,12222531.3495,1736515,16,POINT00067
-75.971517030250553,36.838767936982833,114,J0140,3474762.3783,12222774.8676,1736516,16,POINT00066
-75.971500485079616,36.838709621896754,115,J0139,3474741.28402,12222780.2763,1736517,16,POINT00065
-75.971482664301021,36.838649415938136,116,J0138,3474719.51153,12222786.0765,1736518,16,POINT00064
-75.972747019707214,36.843594324633024,117,J0218,3476509.32528,12222368.0108,1736519,16,POINT00096
-75.97271222885459,36.843472044028346,118,J0216,3476465.09332,12222379.3797,1736520,16,POINT00094
-75.972694762910507,36.843412535558635,119,J0215,3476443.57168,12222385.0687,1736521,16,POINT00093
-75.972661526143298,36.843285092224562,120,J0213,3476397.44857,12222396.0334,1736522,16,POINT00091
-75.972644074572287,36.843223329129323,121,J0212,3476375.10631,12222401.7403,1736523,16,POINT00090
-75.972627433281659,36.843164353892583,122,J0211,3476353.77239,12222407.1828,1736524,16,POINT00089
-75.972609508298447,36.843100111918027,123,J0210,3476330.53163,12222413.0525,1736525,16,POINT00088
-75.972590922155248,36.84304087059148,124,J0209,3476309.11607,12222419.0666,1736526,16,POINT00087
-75.972573220852595,36.842979756470541,125,J0208,3476287.01204,12222424.8404,1736527,16,POINT00086
-75.972557252400037,36.842917771705643,126,J0207,3476264.57746,12222430.1158,1736528,16,POINT00085
-75.972538709375982,36.842858198103031,127,J0206,3476243.0407,12222436.1205,1736529,16,POINT00084
-75.972521299127422,36.842793702815968,128,J0205,3476219.70361,12222441.8421,1736530,16,POINT00083
-75.972502951936121,36.842734372826456,129,J0204,3476198.25394,12222447.7873,1736531,16,POINT00082
-75.972488254599725,36.842669304465055,130,J0203,3476174.68724,12222452.7209,1736532,16,POINT00081
-75.972468838413178,36.842607548780471,131,J0202,3476152.36306,12222459.0026,1736533,16,POINT00080
-75.973024837183559,36.844583783590629,132,J0234,3476867.26706,12222277.1015,1736534,16,POINT00112
-75.973009549654051,36.844519826770444,133,J0233,3476844.10952,12222282.1968,1736535,16,POINT00111
-75.97298945703605,36.844460288922733,134,J0232,3476822.59769,12222288.6543,1736536,16,POINT00110
-75.972970457667813,36.844398610887033,135,J0231,3476800.29856,12222294.813,1736537,16,POINT00109
-75.97295351005171,36.844335237652921,136,J0230,3476777.3663,12222300.3881,1736538,16,POINT00108
-75.972941985564916,36.844270864385756,137,J0229,3476754.02764,12222304.3865,1736539,16,POINT00107
-75.972922164238142,36.844210011487412,138,J0228,3476732.03526,12222310.7777,1736540,16,POINT00106
-75.97290369846921,36.844149141287097,139,J0227,3476710.0259,12222316.7724,1736541,16,POINT00105
-75.972885667484775,36.844088269600604,140,J0226,3476688.01268,12222322.6399,1736542,16,POINT00104
-75.972870751857783,36.84402544390764,141,J0225,3476665.26366,12222327.6154,1736543,16,POINT00103
-75.972852422632783,36.843964446315894,142,J0224,3476643.20711,12222333.5714,1736544,16,POINT00102
-75.972836407467852,36.843901806715373,143,J0223,3476620.53451,12222338.8665,1736545,16,POINT00101
-75.972817163757895,36.843840676747909,144,J0222,3476598.43674,12222345.0916,1736546,16,POINT00100
-75.972800516179007,36.843780895383929,145,J0221,3476576.80941,12222350.5437,1736547,16,POINT00099
-75.972781497047833,36.843719433188625,146,J0220,3476554.58885,12222356.7063,1736548,16,POINT00098
-75.972765074047814,36.843656502233401,147,J0219,3476531.81369,12222362.1236,1736549,16,POINT00097
-75.973300521161121,36.845569958836059,148,J0250,3477224.03071,12222186.8507,1736550,16,POINT00128
-75.973286857785652,36.845500516336102,149,J0249,3477198.86398,12222191.524,1736551,16,POINT00127
-75.973268802546741,36.845443179750433,150,J0248,3477178.1373,12222197.3641,1736552,16,POINT00126
-75.973251712098431,36.845380707423232,151,J0247,3477155.5341,12222202.9718,1736553,16,POINT00125
-75.973233835624313,36.845317478779677,152,J0246,3477132.66192,12222208.8171,1736554,16,POINT00124
-75.973216932923918,36.845255950244457,153,J0245,3477110.40065,12222214.3608,1736555,16,POINT00123
-75.97319863064827,36.845194175082376,154,J0244,3477088.06065,12222220.3164,1736556,16,POINT00122
-75.97318230197142,36.845133942597734,155,J0243,3477066.26669,12222225.6798,1736557,16,POINT00121
-75.973162795953314,36.845070049499775,156,J0242,3477043.16527,12222232.0082,1736558,16,POINT00120
-75.973148064480995,36.845013502647291,157,J0241,3477022.70007,12222236.8682,1736559,16,POINT00119
-75.973129685848605,36.844948383746583,158,J0240,3476999.14366,12222242.8788,1736560,16,POINT00118
-75.973113501800412,36.844890624041007,159,J0239,3476978.24844,12222248.1759,1736561,16,POINT00117
-75.973095954109667,36.844825133370577,160,J0238,3476954.55032,12222253.9468,1736562,16,POINT00116
-75.973078669625252,36.844765949453745,161,J0237,3476933.14542,12222259.5795,1736563,16,POINT00115
-75.97306187562107,36.844708344890428,162,J0236,3476912.3116,12222265.0535,1736564,16,POINT00114
-75.973040121119823,36.844642471614492,163,J0235,3476888.50715,12222272.0588,1736565,16,POINT00113
-75.97358142165551,36.846552463742867,164,J0266,3477579.41803,12222095.1114,1736566,16,POINT00144
-75.973562628899757,36.846490911040902,165,J0265,3477557.16299,12222101.2081,1736567,16,POINT00143
-75.97354426733537,36.846428162084862,166,J0264,3477534.46887,12222107.1905,1736568,16,POINT00142
-75.973526734017611,36.846369916100933,167,J0263,3477513.40734,12222112.8867,1736569,16,POINT00141
-75.973511665677051,36.84630973414481,168,J0262,3477491.62181,12222117.8806,1736570,16,POINT00140
-75.97349413415597,36.846244910367723,169,J0261,3477468.16617,12222123.6404,1736571,16,POINT00139
-75.97347769768119,36.846187731773973,170,J0260,3477447.48439,12222129.0052,1736572,16,POINT00138
-75.97345998020883,36.846123640427919,171,J0259,3477424.29685,12222134.8122,1736573,16,POINT00137
-75.973440809262357,36.846064614231189,172,J0258,3477402.9641,12222140.9951,1736574,16,POINT00136
-75.973421910505479,36.846003255233235,173,J0257,3477380.7803,12222147.1209,1736575,16,POINT00135
-75.973404857786392,36.845940175193341,174,J0256,3477357.95554,12222152.7236,1736576,16,POINT00134
-75.973390025702713,36.845878397708397,175,J0255,3477335.5876,12222157.6641,1736577,16,POINT00133
-75.973372242653397,36.845811534825614,176,J0254,3477311.3918,12222163.5172,1736578,16,POINT00132
-75.973353113029418,36.845755165365766,177,J0253,3477291.02575,12222169.6622,1736579,16,POINT00131
-75.973335305725556,36.845689980240799,178,J0252,3477267.44078,12222175.5062,1736580,16,POINT00130
-75.973321663909601,36.84562942465061,179,J0251,3477245.50815,12222180.0867,1736581,16,POINT00129
-75.973852380494662,36.847544953245389,180,J0282,3477938.51753,12222006.1852,1736582,16,POINT00160
-75.973833074800837,36.847482236065446,181,J0281,3477915.84258,12222012.4433,1736583,16,POINT00159
-75.973815961894715,36.847422292928712,182,J0280,3477894.15985,12222018.0328,1736584,16,POINT00158
-75.973798468102842,36.847360586371167,183,J0279,3477871.83837,12222023.7509,1736585,16,POINT00157
-75.973784079786967,36.847299503019606,184,J0278,3477849.71958,12222028.5546,1736586,16,POINT00156
-75.973764760618479,36.847241437415832,185,J0277,3477828.73769,12222034.7712,1736587,16,POINT00155
-75.973747553389231,36.847178468383817,186,J0276,3477805.95455,12222040.418,1736588,16,POINT00154
-75.973733298922269,36.847112784860109,187,J0275,3477782.1602,12222045.2274,1736589,16,POINT00153
-75.973717150806721,36.847050981724585,188,J0274,3477759.79325,12222050.5529,1736590,16,POINT00152
-75.973701203015466,36.846990056995445,189,J0273,3477737.74416,12222055.8112,1736591,16,POINT00151
-75.973681412231443,36.846922698346738,190,J0272,3477713.38375,12222062.2564,1736592,16,POINT00150
-75.973665995344547,36.846856173526618,191,J0271,3477689.29234,12222067.4141,1736593,16,POINT00149
-75.973644922664633,36.846799968739148,192,J0270,3477669.0014,12222074.1255,1736594,16,POINT00148
-75.973625879278899,36.846741771202765,193,J0269,3477647.96929,12222080.2628,1736595,16,POINT00147
-75.973610747157977,36.8466822652777,194,J0268,3477626.43044,12222085.2688,1736596,16,POINT00146
-75.973591574414854,36.846614580709193,195,J0267,3477601.94629,12222091.5364,1736597,16,POINT00145
-75.974112547872267,36.848467708987741,196,J0297,3478272.32178,12221921.0967,1736598,16,POINT00175
-75.974093853931237,36.848403618115221,197,J0296,3478249.14194,12221927.189,1736599,16,POINT00174
-75.974081250567792,36.8483420654658,198,J0295,3478226.83824,12221931.4752,1736600,16,POINT00173
-75.974060510264536,36.848281637775706,199,J0294,3478205.00756,12221938.1303,1736601,16,POINT00172
-75.974042971556884,36.848219153390602,200,J0293,3478182.40344,12221943.8691,1736602,16,POINT00171
-75.974028903939541,36.848159368980106,201,J0292,3478160.75493,12221948.5662,1736603,16,POINT00170
-75.974010324084546,36.848098331554695,202,J0291,3478138.68539,12221954.5955,1736604,16,POINT00169
-75.97399349863926,36.8480376297872,203,J0290,3478116.72438,12221960.1082,1736605,16,POINT00168
-75.973976507005673,36.84797396339944,204,J0289,3478093.68597,12221965.6984,1736606,16,POINT00167
-75.973957826539305,36.847912205529312,205,J0288,3478071.35519,12221971.7643,1736607,16,POINT00166
-75.973941063976156,36.847850277958401,206,J0287,3478048.94747,12221977.2705,1736608,16,POINT00165
-75.973923734575976,36.847791100696327,207,J0286,3478027.54544,12221982.9158,1736609,16,POINT00164
-75.973907446323224,36.847727055263675,208,J0285,3478004.36327,12221988.3042,1736610,16,POINT00163
-75.973889175488679,36.847665093756333,209,J0284,3477981.95507,12221994.2522,1736611,16,POINT00162
-75.973870482445932,36.847606906942531,210,J0283,3477960.92422,12222000.2869,1736612,16,POINT00161
-75.972676866673396,36.843349625917853,211,J0214,3476420.81565,12222390.9168,1736613,16,POINT00092
-75.972729940038704,36.843531380634595,212,J0217,3476486.55039,12222373.6204,1736614,16,POINT0095
-75.979235616581434,36.866714253604215,213,J0593,3484873.17897,12220245.219,1736615,16,J32103
-75.979219128004402,36.866652898245093,214,J0592,3484850.97725,12220250.6374,1736616,16,J32102
-75.979202945752846,36.866590150747136,215,J0591,3484828.26631,12220255.9795,1736617,16,J32101
-75.979183543041046,36.866520164612737,216,J0590,3484802.94621,12220262.3338,1736618,16,J32100
-75.979170132990433,36.866452297096622,217,J0589,3484778.35,12220266.915,1736619,16,J32099
-75.979154852647497,36.866390279618088,218,J0588,3484755.89801,12220271.9864,1736620,16,J32098
-75.979136808188386,36.866328778824226,219,J0587,3484733.65523,12220277.861,1736621,16,J32097
-75.97912132482611,36.866265515043295,220,J0586,3484710.75121,12220283.0039,1736622,16,J32096
-75.979102035302049,36.866205621133055,221,J0585,3484689.10308,12220289.227,1736623,16,J32095
-75.979086834010801,36.86614867379474,222,J0584,3484668.49561,12220294.2259,1736624,16,J32094
-75.979072089962045,36.866087051348245,223,J0583,3484646.18296,12220299.1367,1736625,16,J32093
-75.979054902495747,36.866024414063581,224,J0582,3484623.51996,12220304.7719,1736626,16,J32092
-75.979034134344658,36.865964433721722,225,J0581,3484601.85206,12220311.4282,1736627,16,J32091
-75.979016421363909,36.865903052606392,226,J0580,3484579.65055,12220317.205,1736628,16,J32090
-75.978999740547366,36.865841983353349,227,J0579,3484557.55439,12220322.6767,1736629,16,J32089
-75.978982640217666,36.865780564048897,228,J0578,3484535.33404,12220328.2746,1736630,16,J32088
-75.974496563283225,36.849821886668501,229,J0319,3478762.17473,12221795.5833,1736631,16,JN2022
-75.974478100209168,36.849756137844594,230,J0318,3478738.38984,12221801.6238,1736632,16,JN2021
-75.974462789323468,36.849696409268056,231,J0317,3478716.77101,12221806.6839,1736633,16,JN2020
-75.974447318537642,36.849631229659792,232,J0316,3478693.16974,12221811.8438,1736634,16,JN2019
-75.974429436673617,36.849574368451819,233,J0315,3478672.61493,12221817.6281,1736635,16,JN2018
-75.974413835632049,36.849521259566728,234,J0314,3478653.40789,12221822.7088,1736636,16,JN2017
-75.974396799082683,36.849451981676658,235,J0313,3478628.32718,12221828.3666,1736637,16,JN2016
-75.974376131542982,36.849395096613442,236,J0312,3478607.78537,12221834.9659,1736638,16,JN2015
-75.974359147095853,36.849331597409453,237,J0311,3478584.80753,12221840.5522,1736639,16,JN2014
-75.974341883272743,36.849270756446117,238,J0310,3478562.79926,12221846.1943,1736640,16,JN2013
-75.974330445922561,36.849201908199518,239,J0309,3478537.83109,12221850.2104,1736641,16,JN2012
-75.974304718172789,36.849145624625571,240,J0308,3478517.54784,12221858.2838,1736642,16,JN2011
-75.974300348767272,36.849067793540492,241,J0307,3478489.25514,12221860.3199,1736643,16,JN2010
-75.974277717510347,36.849010686067274,242,J0306,3478468.64783,12221867.4959,1736644,16,JN2009
-75.974261479563225,36.848943746850139,243,J0305,3478444.41195,12221872.8973,1736645,16,JN2008
-75.974245068241302,36.848886041920117,244,J0304,3478423.53858,12221878.2597,1736646,16,JN2007
-75.979517155777955,36.867759782400633,245,J0610,3485251.5057,12220152.7259,1736647,16,J32120
-75.979500417469296,36.867697563317641,246,J0609,3485228.99163,12220158.2254,1736648,16,J32119
-75.979484128318276,36.867636081543004,247,J0608,3485206.74209,12220163.5865,1736649,16,J32118
-75.979470884456049,36.867559361670899,248,J0607,3485178.92309,12220168.2049,1736650,16,J32117
-75.97945402577308,36.867496683191476,249,J0606,3485156.24254,12220173.7442,1736651,16,J32116
-75.979437118581131,36.867433358571382,250,J0605,3485133.32723,12220179.3038,1736652,16,J32115
-75.979421806797077,36.867375363600011,251,J0604,3485112.33914,12220184.3451,1736653,16,J32114
-75.979404035425858,36.867312739588975,252,J0603,3485089.6857,12220190.1508,1736654,16,J32113
-75.979387050978744,36.867249068414118,253,J0602,3485066.64498,12220195.7364,1736655,16,J32112
-75.979370857947472,36.867189730094168,254,J0601,3485045.1748,12220201.0486,1736656,16,J32111
-75.979354260674285,36.867131255579388,255,J0600,3485024.02231,12220206.4703,1736657,16,J32110
-75.979318191518956,36.867009019091441,256,J0598,3484979.81539,12220218.2063,1736658,16,J32108
-75.979299602680825,36.866950246186121,257,J0597,3484958.56999,12220224.2137,1736659,16,J32107
-75.979280920417821,36.866894023114135,258,J0596,3484938.25332,12220230.2232,1736660,16,J32106
-75.979265456818553,36.866829834858613,259,J0595,3484915.01226,12220235.3693,1736661,16,J32105
-75.979249185633819,36.86676182891194,260,J0594,3484890.38827,12220240.7887,1736662,16,J32104
-75.974774960172894,36.850806849972457,261,J0335,3479118.47774,12221704.5615,1736663,16,J22007
-75.974760220615721,36.850741904212583,262,J0334,3479094.95577,12221709.5052,1736664,16,J22006
-75.974742067460483,36.850679897705696,263,J0333,3479072.53027,12221715.4187,1736665,16,J22005
-75.974726540080781,36.850617334052473,264,J0332,3479049.8816,12221720.5695,1736666,16,J22004
-75.974708760624651,36.85055556897273,265,J0331,3479027.54105,12221726.3714,1736667,16,J22003
-75.974689652560258,36.850494690885213,266,J0330,3479005.53369,12221732.5532,1736668,16,J22002
-75.974671865019332,36.850433053659089,267,J0329,3478983.23968,12221738.3563,1736669,16,J22001
-75.974653831339964,36.850373869051303,268,J0328,3478961.84055,12221744.2074,1736670,16,JN2031
-75.974634999956692,36.850312269107313,269,J0327,3478939.56821,12221750.3153,1736671,16,JN2030
-75.974619417779778,36.850250242843344,270,J0326,3478917.11552,12221755.4771,1736672,16,JN2029
-75.974601350862784,36.850187733470165,271,J0325,3478894.50635,12221761.3703,1736673,16,JN2028
-75.974584513739401,36.850126967228455,272,J0324,3478872.52186,12221766.8868,1736674,16,JN2027
-75.974565084976462,36.850067839890741,273,J0323,3478851.15424,12221773.1456,1736675,16,JN2026
-75.974544810000452,36.850002163881129,274,J0322,3478827.40984,12221779.7156,1736676,16,JN2025
-75.974529830593099,36.849942480783731,275,J0321,3478805.80526,12221784.6783,1736677,16,JN2024
-75.974511577724854,36.849882072329578,276,J0320,3478783.96223,12221790.6053,1736678,16,JN2023
-75.979631782604869,36.868186824934469,277,J0617,3485406.03492,12220115.0554,1736679,16,J32127
-75.979616981063927,36.868120254658869,278,J0616,3485381.92188,12220120.0307,1736680,16,J32126
-75.979599905887014,36.868058312557245,279,J0615,3485359.51112,12220125.626,1736681,16,J32125
-75.979580875077744,36.86799395639239,280,J0614,3485336.23706,12220131.8165,1736682,16,J32124
-75.979564388297291,36.86793310513044,281,J0613,3485314.21858,12220137.2292,1736683,16,J32123
-75.979549441229267,36.867871375603748,282,J0612,3485291.86859,12220142.2001,1736684,16,J32122
-75.979531328498197,36.86781882777845,283,J0611,3485272.88488,12220148.0074,1736685,16,J32121
-75.975051767044576,36.851783360890373,284,J0351,3479471.71728,12221614.0892,1736686,16,J22023
-75.9750363052419,36.851725035602776,285,J0350,3479450.61051,12221619.1798,1736687,16,J22022
-75.975018920146169,36.851659680174642,286,J0349,3479426.96007,12221624.9009,1736688,16,J22021
-75.975003175374184,36.851600981722868,287,J0348,3479405.71985,12221630.0776,1736689,16,J22020
-75.974976459477645,36.851537302488374,288,J0347,3479382.75244,12221638.512,1736690,16,J22019
-75.974968028788751,36.851484325074274,289,J0346,3479363.53713,12221641.4938,1736691,16,J22018
-75.974951798926483,36.851423841643019,290,J0345,3479341.65082,12221646.8297,1736692,16,J22017
-75.974932002752539,36.851356576753957,291,J0344,3479317.32451,12221653.2748,1736693,16,J22016
-75.974913015960695,36.85129719734006,292,J0343,3479295.86157,12221659.4066,1736694,16,J22015
-75.974896429467307,36.851237064548677,293,J0342,3479274.10571,12221664.8434,1736695,16,J22014
-75.974879274340338,36.851175131044975,294,J0341,3479251.69902,12221670.4644,1736696,16,J22013
-75.974858872701901,36.851110025299235,295,J0340,3479228.16319,12221677.0656,1736697,16,J22012
-75.974842989589376,36.851050534275359,296,J0339,3479206.63535,12221682.2905,1736698,16,J22011
-75.974825948548457,36.85099095766428,297,J0338,3479185.0855,12221687.8549,1736699,16,J22010
-75.974808171787259,36.850929235297507,298,J0337,3479162.7605,12221693.6556,1736700,16,J22009
-75.974790480366039,36.850869257484121,299,J0336,3479141.06978,12221699.4143,1736701,16,J22008
-75.975347212161722,36.85283972952633,300,J0368,3479853.87568,12221517.3904,1736702,16,J22040
-75.975330082187597,36.852777675122887,301,J0367,3479831.42484,12221523.0047,1736703,16,J22039
-75.975315510615346,36.852717117239443,302,J0366,3479809.49837,12221527.8562,1736704,16,J22038
-75.975293062614725,36.852655524215301,303,J0365,3479787.25714,12221535.0217,1736705,16,J22037
-75.975278490144177,36.852590180364977,304,J0364,3479763.58891,12221539.9201,1736706,16,J22036
-75.975261043963044,36.852530639457008,305,J0363,3479742.05521,12221545.6025,1736707,16,J22035
-75.975242820739183,36.852468074443109,306,J0362,3479719.42685,12221551.5417,1736708,16,J22034
-75.975224119611596,36.85240864773202,307,J0361,3479697.94475,12221557.5901,1736709,16,J22033
-75.975206788414795,36.852348761650298,308,J0360,3479676.2845,12221563.2423,1736710,16,J22032
-75.975171219621146,36.852222952709077,309,J0358,3479630.77391,12221574.8707,1736711,16,J22030
-75.975150764982146,36.852159749132113,310,J0357,3479607.93071,12221581.4689,1736712,16,J22029
-75.975128831716177,36.852093865743157,311,J0356,3479584.12394,12221588.5254,1736713,16,J22028
-75.975122416846716,36.852040384821812,312,J0355,3479564.70939,12221590.9226,1736714,16,J22027
-75.975098957343064,36.851970216439085,313,J0354,3479539.35494,12221598.4674,1736715,16,J22026
-75.975082343001901,36.851911130781055,314,J0353,3479517.98039,12221603.9023,1736716,16,J22025
-75.975070447510859,36.851846220462818,315,J0352,3479494.44905,12221608.0135,1736717,16,J22024
-75.975615092474385,36.853820095296065,316,J0384,3480208.58848,12221429.4959,1736718,16,J22056
-75.975596053580247,36.853756303620294,317,J0383,3480185.52017,12221435.6853,1736719,16,J22055
-75.975589380894306,36.853700819116135,318,J0382,3480165.3787,12221438.1771,1736720,16,J22054
-75.975571134314251,36.853640999458143,319,J0381,3480143.74962,12221444.0963,1736721,16,J22053
-75.975555307795602,36.853577867496547,320,J0380,3480120.89634,12221449.3398,1736722,16,J22052
-75.975538079905064,36.853517448976639,321,J0379,3480099.04162,12221454.9668,1736723,16,J22051
-75.975519926749797,36.853454632469322,322,J0378,3480076.32109,12221460.8878,1736724,16,J22050
-75.975503958297324,36.853394291483177,323,J0377,3480054.48484,12221466.1457,1736725,16,J22049
-75.975484388498856,36.853331668952777,324,J0376,3480031.84623,12221472.4793,1736726,16,J22048
-75.975467914294853,36.85327173327763,325,J0375,3480010.16107,12221477.8812,1736727,16,J22047
-75.975451078069824,36.853209066799423,326,J0374,3479987.48502,12221483.4156,1736728,16,J22046
-75.975429911965094,36.853139964046917,327,J0373,3479962.50045,12221490.2791,1736729,16,J22045
-75.975417554740062,36.853088438302706,328,J0372,3479943.84403,12221494.395,1736730,16,J22044
-75.975398830256282,36.853026075731208,329,J0371,3479921.29331,12221500.4786,1736731,16,J22043
-75.97538198325141,36.852963176156699,330,J0370,3479898.53258,12221506.0185,1736732,16,J22042
-75.975365307824816,36.852902399901396,331,J0369,3479876.54345,12221511.4876,1736733,16,J22041
-75.975944864913473,36.854830011055498,332,J0400,3480573.57259,12221323.2136,1736734,16,J22072
-75.975865751184742,36.854737861616108,333,J0399,3480540.65308,12221347.2496,1736735,16,J22071
-75.975866733941686,36.854687049275086,334,J0398,3480522.15198,12221347.4566,1736736,16,J22070
-75.975849527610734,36.854624761325042,335,J0397,3480499.61669,12221353.0956,1736737,16,J22069
-75.975832665334522,36.854562594800854,336,J0396,3480477.1228,12221358.6324,1736738,16,J22068
-75.975819170842328,36.854497008189682,337,J0395,3480453.35775,12221363.2177,1736739,16,J22067
-75.975797309441575,36.854440844240649,338,J0394,3480433.0876,12221370.1585,1736740,16,J22066
-75.975775638483626,36.854377816446636,339,J0393,3480410.31776,12221377.1103,1736741,16,J22065
-75.97576329203838,36.854318123826971,340,J0392,3480388.68918,12221381.3025,1736742,16,J22064
-75.97574629591324,36.854257856840071,341,J0391,3480366.88744,12221386.8599,1736743,16,J22063
-75.975733456292872,36.85419298157931,342,J0390,3480343.37626,12221391.247,1736744,16,J22062
-75.975709291611707,36.854133679842754,343,J0389,3480321.9823,12221398.8917,1736745,16,J22061
-75.975683085958224,36.85406562665694,344,J0388,3480297.41896,12221407.2189,1736746,16,J22060
-75.975661898293964,36.854004056283465,345,J0387,3480275.17597,12221414.0153,1736747,16,J22059
-75.97563768151052,36.853938888973538,346,J0386,3480251.64751,12221421.7326,1736748,16,J22058
-75.975649301218738,36.853893295328405,347,J0385,3480234.96252,12221418.7777,1736749,16,J22057
-75.976194481578133,36.855795682338893,348,J0416,3480923.0807,12221240.8079,1736750,16,J22088
-75.976175192952383,36.85573307687033,349,J0415,3480900.44596,12221247.0587,1736751,16,J22087
-75.976157096390949,36.855672195718199,350,J0414,3480878.42966,12221252.944,1736752,16,J22086
-75.976138972880079,36.855611099600274,351,J0413,3480856.33518,12221258.8394,1736753,16,J22085
-75.976120849369252,36.855550573431849,352,J0412,3480834.44791,12221264.7292,1736754,16,J22084
-75.976102840842728,36.855489266611976,353,J0411,3480812.27585,12221270.5927,1736755,16,J22083
-75.976084222360171,36.855426140489762,354,J0410,3480789.44655,12221276.6526,1736756,16,J22082
-75.976065364027392,36.855366059823886,355,J0409,3480767.72732,12221282.753,1736757,16,J22081
-75.976050049548462,36.855301248038536,356,J0408,3480744.25854,12221287.8629,1736758,16,J22080
-75.976033880771666,36.855240725218664,357,J0407,3480722.35766,12221293.181,1736759,16,J22079
-75.976015700666935,36.855179080318663,358,J0406,3480700.0637,12221299.0983,1736760,16,J22078
-75.975995891018258,36.855110284114524,359,J0405,3480675.1801,12221305.5617,1736761,16,J22077
-75.975977310264952,36.855052005930467,360,J0404,3480654.11485,12221311.5632,1736762,16,J22076
-75.975958134826897,36.854990933037037,361,J0403,3480632.03696,12221317.7661,1736763,16,J22075
-75.975917786995893,36.854916399257,362,J0402,3480605.22559,12221330.2926,1736764,16,J22074
-75.975924564784677,36.854879137730734,363,J0401,3480591.61115,12221328.6729,1736765,16,J22073
-75.976515650851738,36.856845370577574,364,J0433,3481302.60797,12221136.6597,1736766,16,J22105
-75.976486660420917,36.856780179814137,365,J0432,3481279.10809,12221145.773,1736767,16,J22104
-75.976469120814983,36.85671851674882,366,J0431,3481256.80274,12221151.5027,1736768,16,J22103
-75.976449805239795,36.85665585812783,367,J0430,3481234.14896,12221157.7617,1736769,16,J22102
-75.976432706706632,36.856597985075069,368,J0429,3481213.21936,12221163.3259,1736770,16,J22101
-75.976416531641661,36.85653944854657,369,J0428,3481192.04119,12221168.6261,1736771,16,J22100
-75.97639744334019,36.856476146472147,370,J0427,3481169.15153,12221174.8251,1736772,16,J22099
-75.97637906291115,36.856414724671211,371,J0426,3481146.94047,12221180.7986,1736773,16,J22098
-75.976341149514553,36.856289500321296,372,J0424,3481101.66105,12221193.1056,1736774,16,J22096
-75.976321657869548,36.856227713229799,373,J0423,3481079.32568,12221199.4079,1736775,16,J22095
-75.97630374456449,36.856166243070902,374,J0422,3481057.09337,12221205.2451,1736776,16,J22094
-75.976286564284678,36.856104012391249,375,J0421,3481034.57876,12221210.8755,1736777,16,J22093
-75.97626714270821,36.85604236459357,376,J0420,3481012.29349,12221217.1558,1736778,16,J22092
-75.97624897248491,36.855980820250984,377,J0419,3480990.03619,12221223.069,1736779,16,J22091
-75.976230585767723,36.855919573435244,378,J0418,3480967.88897,12221229.0428,1736780,16,J22090
-75.97621155226345,36.855856446949566,379,J0417,3480945.06269,12221235.2239,1736781,16,J22089
-75.976795997983956,36.857825025863683,380,J0449,3481656.96601,12221045.1346,1736782,16,J22121
-75.976781972587389,36.857765893698918,381,J0448,3481635.55428,12221049.8118,1736783,16,J22120
-75.97676280343758,36.857705348392535,382,J0447,3481613.66842,12221056.0071,1736784,16,J22119
-75.976743160875571,36.857639696913935,383,J0446,3481589.92776,12221062.3909,1736785,16,J22118
-75.976725503590345,36.857580649420413,384,J0445,3481568.57531,12221068.1295,1736786,16,J22117
-75.976706912057253,36.857520277190517,385,J0444,3481546.74771,12221074.1544,1736787,16,J22116
-75.976687723144437,36.857457757949334,386,J0443,3481524.1437,12221080.3748,1736788,16,J22115
-75.976671142939239,36.857396022834934,387,J0442,3481501.80454,12221085.8249,1736789,16,J22114
-75.976652792154638,36.857335015785083,388,J0441,3481479.74434,12221091.7854,1736790,16,J22113
-75.976633029218348,36.857272476985521,389,J0440,3481457.13756,12221098.174,1736791,16,J22112
-75.976617237733976,36.857213880596753,390,J0439,3481435.93457,12221103.3628,1736792,16,J22111
-75.976598983069138,36.857150349792526,391,J0438,3481412.95493,12221109.3199,1736793,16,J22110
-75.976580445434905,36.857089308764209,392,J0437,3481390.88372,12221115.3356,1736794,16,J22109
-75.976562781861475,36.857028008928729,393,J0436,3481368.71149,12221121.0981,1736795,16,J22108
-75.976544636791019,36.856964105645154,394,J0435,3481345.59542,12221127.0269,1736796,16,J22107
-75.976526724384314,36.856904236789198,395,J0434,3481323.94588,12221132.8482,1736797,16,J22106
-75.977086448468114,36.858800887214393,396,J0465,3482009.86439,12220950.6935,1736798,16,J22137
-75.977071021699786,36.858742972660458,397,J0464,3481988.90677,12220955.7687,1736799,16,J22136
-75.977053801894087,36.858686729174259,398,J0463,3481968.5714,12220961.3519,1736800,16,J22135
-75.977035609212948,36.858623103280806,399,J0462,3481945.55664,12220967.2918,1736801,16,J22134
-75.977018630155797,36.858561400733052,400,J0461,3481923.23246,12220972.8578,1736802,16,J22133
-75.97699821773756,36.858501569784956,401,J0460,3481901.61636,12220979.4097,1736803,16,J22132
-75.976979850783252,36.858440198487529,402,J0459,3481879.42343,12220985.3786,1736804,16,J22131
-75.976963298425858,36.858380281193313,403,J0458,3481857.7457,12220990.8024,1736805,16,J22130
-75.976942306594296,36.858314848079111,404,J0457,3481834.09519,12220997.5784,1736806,16,J22129
-75.976925078703758,36.85825440239681,405,J0456,3481812.23026,12221003.2051,1736807,16,J22128
-75.976904573759072,36.858192495422962,406,J0455,3481789.85925,12221009.8044,1736808,16,J22127
-75.976885484559318,36.858129367939448,407,J0454,3481767.03297,12221016.0015,1736809,16,J22126
-75.976872823703701,36.858071877665864,408,J0453,3481746.20806,12221020.2636,1736810,16,J22125
-75.976852744560475,36.858010755434343,409,J0452,3481724.1194,12221026.7309,1736811,16,J22124
-75.976836147287273,36.857950034224729,410,J0451,3481702.14936,12221032.1759,1736812,16,J22123
-75.976812947396724,36.857886519845316,411,J0450,3481679.21448,12221039.5789,1736813,16,J22122
-75.977371414737533,36.859791029833374,412,J0481,3482368.00387,12220857.7195,1736814,16,J22153
-75.977351427222459,36.859727217266077,413,J0480,3482344.93524,12220864.1858,1736815,16,J22152
-75.977328914543122,36.859664828486132,414,J0479,3482322.40467,12220871.3767,1736816,16,J22151
-75.977316223144783,36.859605413120185,415,J0478,3482300.87925,12220875.6666,1736817,16,J22150
-75.97730209983186,36.859540022742443,416,J0477,3482277.19052,12220880.433,1736818,16,J22149
-75.977285590593581,36.859483056061293,417,J0476,3482256.5863,12220885.8156,1736819,16,J22148
-75.977270140469003,36.859424211242143,418,J0475,3482235.29025,12220890.9066,1736820,16,J22147
-75.977255693762601,36.859365019939467,419,J0474,3482213.86016,12220895.7076,1736821,16,J22146
-75.977238038274024,36.859302961489782,420,J0473,3482191.4118,12220901.4747,1736822,16,J22145
-75.977220681924436,36.859241805742876,421,J0472,3482169.28959,12220907.1457,1736823,16,J22144
-75.977207061668082,36.859179962819013,422,J0471,3482146.88793,12220911.7307,1736824,16,J22143
-75.977182984123488,36.859115998084413,423,J0470,3482123.79593,12220919.3949,1736825,16,J22142
-75.977164748323219,36.859054400154015,424,J0469,3482101.51972,12220925.3272,1736826,16,J22141
-75.977144671874981,36.858993369990223,425,J0468,3482079.46423,12220931.7927,1736827,16,J22140
-75.977125175738323,36.858932028556559,426,J0467,3482057.29113,12220938.0913,1736828,16,J22139
-75.977106419813495,36.858868941215547,427,J0466,3482034.47705,12220944.1905,1736829,16,J22138
-75.977626080832337,36.860773534532399,428,J0497,3482723.60055,12220773.6835,1736830,16,J32007
-75.977609979429175,36.860712291557384,429,J0496,3482701.43686,12220778.9882,1736831,16,J32006
-75.97759865436845,36.860652438574867,430,J0495,3482679.74154,12220782.8825,1736832,16,J32005
-75.977580440127724,36.860591293251368,431,J0494,3482657.62981,12220788.8039,1736833,16,J32004
-75.977564630677008,36.860527487820953,432,J0493,3482634.53119,12220794.0483,1736834,16,J32003
-75.977547530347252,36.860465205349321,433,J0492,3482611.99674,12220799.6551,1736835,16,J32002
-75.977533928057255,36.860401701685063,434,J0491,3482588.99056,12220804.2509,1736836,16,J32001
-75.977515978819554,36.8603520596278,435,J0490,3482571.06332,12220809.9833,1736837,16,J22162
-75.977503149080675,36.860293165884443,436,J0489,3482549.72917,12220814.3082,1736838,16,J22161
-75.977485191758134,36.860232151803501,437,J0488,3482527.66297,12220820.1534,1736839,16,J22160
-75.977468104004828,36.860164934196597,438,J0487,3482503.33236,12220825.8047,1736840,16,J22159
-75.977451997211759,36.860102352431859,439,J0486,3482480.68129,12220831.1242,1736841,16,J22158
-75.977439134235198,36.860044691143621,440,J0485,3482459.79573,12220835.447,1736842,16,J22157
-75.977418825123266,36.859977390716082,441,J0484,3482435.46025,12220842.0412,1736843,16,J22156
-75.977403674137719,36.859916136321893,442,J0483,3482413.28487,12220847.0679,1736844,16,J22155
-75.977389076514314,36.859854238600235,443,J0482,3482390.87106,12220851.9393,1736845,16,J22154
-75.977884067998787,36.861760779553428,444,J0513,3483080.89708,12220688.632,1736846,16,J32023
-75.977863599885026,36.861696368491835,445,J0512,3483057.61426,12220695.2444,1736847,16,J32022
-75.977847639517407,36.861634687831085,446,J0511,3483035.29003,12220700.5119,1736848,16,J32021
-75.977839694817007,36.861578403349135,447,J0510,3483014.86704,12220703.3828,1736849,16,J32020
-75.977822229771277,36.861516114546681,448,J0509,3482992.3332,12220709.0963,1736850,16,J32019
-75.977801726623255,36.861453750226758,449,J0508,3482969.79555,12220715.6992,1736851,16,J32018
-75.977784890398169,36.861391570569928,450,J0507,3482947.29667,12220721.2277,1736852,16,J32017
-75.977765330481191,36.861329537484181,451,J0506,3482924.8724,12220727.5514,1736853,16,J32016
-75.977754641427609,36.861271195762633,452,J0505,3482903.72219,12220731.2449,1736854,16,J32015
-75.977740013261538,36.86121005596533,453,J0504,3482881.58441,12220736.1175,1736855,16,J32014
-75.977724752681453,36.861147275966992,454,J0503,3482858.85442,12220741.1913,1736856,16,J32013
-75.977703531779511,36.861087100613105,455,J0502,3482837.11927,12220747.9828,1736857,16,J32012
-75.977686469178991,36.861023385438635,456,J0501,3482814.06325,12220753.5924,1736858,16,J32011
-75.977673821798135,36.86095537216778,457,J0500,3482789.40816,12220757.9527,1736859,16,J32010
-75.977660132371525,36.860898223982552,458,J0499,3482768.71587,12220762.5121,1736860,16,J32009
-75.977642346627192,36.860834162937884,459,J0498,3482745.5395,12220768.3369,1736861,16,J32008
-75.970346286483462,36.834250729188938,460,J0066,3473127.49994,12223161.4209,1736862,16,J0067
-75.970335118627858,36.834181737281654,461,J0065,3473102.4777,12223165.3612,1736863,16,J0066
-75.970319646045382,36.834115778725412,462,J0064,3473078.59316,12223170.5313,1736864,16,J0065
-75.970291776712031,36.834066991013174,463,J0063,3473061.05527,12223179.1606,1736865,16,J0064
-75.970278879599491,36.834005078832412,464,J0062,3473038.62319,12223183.5377,1736866,16,J0063
-75.978161538725459,36.862756313748321,465,J0529,3483441.05813,12220597.8042,1736867,16,J32039
-75.978140068990186,36.862694655504789,466,J0528,3483418.78519,12220604.6824,1736868,16,J32038
-75.978127507847532,36.862633323510522,467,J0527,3483396.56127,12220608.9524,1736869,16,J32037
-75.978107711673601,36.862570160165667,468,J0526,3483373.72722,12220615.3561,1736870,16,J32036
-75.978096400087566,36.862509201088102,469,J0525,3483351.62929,12220619.257,1736871,16,J32035
-75.978078481392615,36.862446172760386,470,J0524,3483328.82988,12220625.1101,1736872,16,J32034
-75.978048782190967,36.862377091296061,471,J0523,3483303.91941,12220634.4676,1736873,16,J32033
-75.978032680787791,36.862315763359376,472,J0522,3483281.72457,12220639.7728,1736874,16,J32032
-75.97801673209824,36.862254125603279,473,J0521,3483259.41592,12220645.0365,1736875,16,J32031
-75.977999707227013,36.862194148051508,474,J0520,3483237.71986,12220650.5986,1736876,16,J32030
-75.977984214881602,36.862132181021252,475,J0519,3483215.28759,12220655.732,1736877,16,J32029
-75.977966631258226,36.862069750362473,476,J0518,3483192.70306,12220661.4815,1736878,16,J32028
-75.977950489430938,36.862006989757298,477,J0517,3483169.98724,12220666.8126,1736879,16,J32027
-75.977934681776873,36.861947778893288,478,J0516,3483148.56079,12220672.0114,1736880,16,J32026
-75.977918238115549,36.861884911816276,479,J0515,3483125.80852,12220677.4317,1736881,16,J32025
-75.977900667068639,36.86182154373391,480,J0514,3483102.88263,12220683.1867,1736882,16,J32024
-75.9716058628523,36.839146835856312,481,J0146,3474899.58405,12222745.1863,1736883,16,JN1006
-75.971592427648915,36.839085180854859,482,J0145,3474877.24952,12222749.7176,1736884,16,JN1005
-75.971578428303559,36.839022192884059,483,J0144,3474854.43453,12222754.4271,1736885,16,JN1004
-75.97156298177228,36.838960295498289,484,J0143,3474832.02786,12222759.5494,1736886,16,JN1003
-75.971550037048999,36.838896463384728,485,J0142,3474808.89748,12222763.9584,1736887,16,JN1002
-75.971532647461743,36.838832806640298,486,J0141,3474785.86541,12222769.6662,1736888,16,JN1001
-75.970508576122683,36.834873503494237,487,J0076,3473352.88862,12223107.8674,1736889,16,J0077
-75.970502313068508,36.834812088782854,488,J0075,3473330.58566,12223110.2988,1736890,16,J0076
-75.97048433508472,36.834751847401961,489,J0074,3473308.80149,12223116.1457,1736891,16,J0075
-75.970471515227288,36.834692050305343,490,J0073,3473287.13866,12223120.4797,1736892,16,J0074
-75.970456098340406,36.834631442148087,491,J0072,3473265.20104,12223125.5811,1736893,16,J0073
-75.970434264787443,36.834563685080504,492,J0071,3473240.71188,12223132.6296,1736894,16,J0072
-75.970418018755538,36.834501942982257,493,J0070,3473218.36794,12223137.9848,1736895,16,J0071
-75.970402193135186,36.8344424749856,494,J0069,3473196.84838,12223143.1947,1736896,16,J0070
-75.970382609861957,36.834378441380402,495,J0068,3473173.69659,12223149.5484,1736897,16,J0069
-75.970365332564086,36.834315182070391,496,J0067,3473150.80866,12223155.2201,1736898,16,J0068
-75.978427118452672,36.863751511553978,497,J0545,3483801.19005,12220510.459,1736899,16,J32055
-75.978411726718605,36.863688364226277,498,J0544,3483778.32761,12220515.5742,1736900,16,J32054
-75.978395436669217,36.863628307304658,499,J0543,3483756.59684,12220520.9222,1736901,16,J32053
-75.978376662778103,36.863559114790007,500,J0542,3483731.56057,12220527.0852,1736902,16,J32052
-75.978367505352097,36.863524815696692,501,J0541,3483719.14876,12220530.0969,1736903,16,J32051
-75.978344595617401,36.863443200136153,502,J0540,3483689.6235,12220537.5903,1736904,16,J32050
-75.978323972095112,36.863371191533972,503,J0539,3483663.57675,12220544.3216,1736905,16,J32049
-75.9783115591745,36.863325604953019,504,J0538,3483647.08231,12220548.3951,1736906,16,J32048
-75.978292957759962,36.863254873396066,505,J0537,3483621.4846,12220554.5228,1736907,16,J32047
-75.97827774658721,36.863194836976525,506,J0536,3483599.75286,12220559.5551,1736908,16,J32046
-75.978259972521045,36.863126177356556,507,J0535,3483574.90279,12220565.4206,1736909,16,J32045
-75.978244219664191,36.863065307843463,508,J0534,3483552.87211,12220570.6195,1736910,16,J32044
-75.978227183114811,36.863003286897033,509,J0533,3483530.4324,12220576.2049,1736911,16,J32043
-75.978212031230939,36.862940575212669,510,J0532,3483507.72661,12220581.2458,1736912,16,J32042
-75.978193747819958,36.862879298038443,511,J0531,3483485.5673,12220587.1886,1736913,16,J32041
-75.978180222784999,36.862818664787056,512,J0530,3483463.60505,12220591.7336,1736914,16,J32040
-75.971841526883992,36.840138151847235,513,J0162,3475258.53059,12222666.581,1736915,16,JN1022
-75.971827212229911,36.840074683058909,514,J0161,3475235.54326,12222671.3873,1736916,16,JN1021
-75.9718129990855,36.840013390428787,515,J0160,3475213.34673,12222676.1429,1736917,16,JN1020
-75.971799101249729,36.839954337947418,516,J0159,3475191.96328,12222680.784,1736918,16,JN1019
-75.971785538485548,36.839889671980629,517,J0158,3475168.53405,12222685.3822,1736919,16,JN1018
-75.971768901686474,36.839818035883852,518,J0157,3475142.59233,12222690.9473,1736920,16,JN1017
-75.971751998087768,36.839762063171797,519,J0156,3475122.35316,12222696.438,1736921,16,JN1016
-75.971737744519174,36.839701723600577,520,J0155,3475100.50408,12222701.1958,1736922,16,JN1015
-75.971723945498127,36.839640415574003,521,J0154,3475078.29904,12222705.8304,1736923,16,JN1014
-75.971709334400003,36.839578107456262,522,J0153,3475055.73602,12222710.7121,1736924,16,JN1013
-75.971695584786247,36.839517731074146,523,J0152,3475033.86972,12222715.3231,1736925,16,JN1012
-75.971679186040774,36.839454879339023,524,J0151,3475011.123,12222720.7331,1736926,16,JN1011
-75.971664486907798,36.839392984460197,525,J0150,3474988.71119,12222725.6366,1736927,16,JN1010
-75.971651690406546,36.839331779713348,526,J0149,3474966.53585,12222729.9768,1736928,16,JN1009
-75.971635212609314,36.839269431083579,527,J0148,3474943.97308,12222735.4049,1736929,16,JN1008
-75.971620760513005,36.839208841651228,528,J0147,3474922.03453,12222740.2235,1736930,16,JN1007
-75.97869659237665,36.864733670665963,529,J0561,3484156.54648,12220422.1039,1736931,16,J32071
-75.978677928080003,36.864669285827354,530,J0560,3484133.25905,12220428.1879,1736932,16,J32070
-75.97866089422557,36.864609455349097,531,J0559,3484111.61648,12220433.751,1736933,16,J32069
-75.978644321206929,36.864546382756863,532,J0558,3484088.7905,12220439.2109,1736934,16,J32068
-75.978628651893388,36.864485797544113,533,J0557,3484066.8625,12220444.3824,1736935,16,J32067
-75.978610302007084,36.864424677567705,534,J0556,3484044.761,12220450.3428,1736936,16,J32066
-75.978594864458955,36.86436231777752,535,J0555,3484022.18559,12220455.4637,1736937,16,J32065
-75.978576357367459,36.864308846159176,536,J0554,3484002.86876,12220461.3959,1736938,16,J32064
-75.978561277348746,36.864247807254984,537,J0553,3483980.77134,12220466.3995,1736939,16,J32063
-75.978543277805443,36.864172993582635,538,J0552,3483953.68311,12220472.3907,1736940,16,J32062
-75.978526852110463,36.864116675753714,539,J0551,3483933.31419,12220477.7419,1736941,16,J32061
-75.978505023947363,36.864049782825766,540,J0550,3483909.13879,12220484.7759,1736942,16,J32060
-75.978494236079115,36.864006964392829,541,J0549,3483893.63912,12220488.347,1736943,16,J32059
-75.978477872367918,36.863932287757919,542,J0548,3483866.58791,12220493.8584,1736944,16,J32058
-75.978461333485185,36.863872675908816,543,J0547,3483845.02118,12220499.2748,1736945,16,J32057
-75.978443990610316,36.863810648430622,544,J0546,3483822.5816,12220504.9497,1736946,16,J32056
-75.972080194881926,36.84112415005751,545,J0178,3475615.51877,12222587.1509,1736947,16,JN1038
-75.972065762548567,36.84106324504927,546,J0177,3475593.46513,12222591.9665,1736948,16,JN1037
-75.97205111012795,36.841001253698472,547,J0176,3475571.01806,12222596.857,1736949,16,JN1036
-75.972038166303051,36.840934877576423,548,J0175,3475546.96167,12222601.2904,1736950,16,JN1035
-75.972022704500361,36.840875490787489,549,J0174,3475525.46861,12222606.3926,1736951,16,JN1034
-75.972008820139351,36.840809025409534,550,J0173,3475501.38705,12222611.102,1736952,16,JN1033
-75.97199592033185,36.840746537793486,551,J0172,3475478.74548,12222615.4848,1736953,16,JN1032
-75.971975825018973,36.840695740596523,552,J0171,3475460.41523,12222621.8584,1736954,16,JN1031
-75.971959966160924,36.84063285244541,553,J0170,3475437.65085,12222627.1109,1736955,16,JN1030
-75.971946526465942,36.840570543698419,554,J0169,3475415.07864,12222631.6497,1736956,16,JN1029
-75.971931347632591,36.840508963175388,555,J0168,3475392.78531,12222636.6905,1736957,16,JN1028
-75.971915918169287,36.840446135260628,556,J0167,3475370.03965,12222641.8165,1736958,16,JN1027
-75.97190144361511,36.840386569797509,557,J0166,3475348.47394,12222646.6316,1736959,16,JN1026
-75.97188730592913,36.840324623909758,558,J0165,3475326.03919,12222651.3712,1736960,16,JN1025
-75.971871721057283,36.840265190635272,559,J0164,3475304.53041,12222656.5098,1736961,16,JN1024
-75.971856339204663,36.840206304421535,560,J0163,3475283.21897,12222661.5836,1736962,16,JN1023
-75.978966075283822,36.865721021198766,561,J0577,3484513.79239,12220333.6976,1736963,16,J32087
-75.978948504236826,36.865657606707941,562,J0576,3484490.84982,12220339.4525,1736964,16,J32086
-75.978933119689273,36.865594164135416,563,J0575,3484467.87967,12220344.5681,1736965,16,J32085
-75.978919885708549,36.865528232675203,564,J0574,3484443.98704,12220349.0793,1736966,16,J32084
-75.978901737044836,36.86546681814955,565,J0573,3484421.7766,12220354.9836,1736967,16,J32083
-75.978887788903393,36.865404034461427,566,J0572,3484399.03518,12220359.6731,1736968,16,J32082
-75.978868105018918,36.865341809866528,567,J0571,3484376.54205,12220366.0341,1736969,16,J32081
-75.978847753686154,36.865288280000648,568,J0570,3484357.21843,12220372.5062,1736970,16,J32080
-75.978829278934001,36.865225808798755,569,J0569,3484334.62619,12220378.5162,1736971,16,J32079
-75.978810840114505,36.865165525977325,570,J0568,3484312.82981,12220384.4946,1736972,16,J32078
-75.978796043963456,36.865105886342327,571,J0567,3484291.2392,12220389.4014,1736973,16,J32077
-75.978781227151117,36.865046416273628,572,J0566,3484269.7106,12220394.3127,1736974,16,J32076
-75.978760938700489,36.864985206908344,573,J0565,3484247.59172,12220400.8407,1736975,16,J32075
-75.978748798867684,36.864913163105747,574,J0564,3484221.4659,12220405.0915,1736976,16,J32074
-75.978728598451895,36.864856183899988,575,J0563,3484200.88571,12220411.5529,1736977,16,J32073
-75.978712934528332,36.864794178781246,576,J0562,3484178.44097,12220416.7364,1736978,16,J32072
-75.974223065805077,36.848829638065567,577,J0303,3478403.18227,12221885.2448,1736979,16,JN2006
-75.974199297280933,36.848768301414495,578,J0302,3478381.04458,12221892.7944,1736980,16,JN2005
-75.974189502949429,36.848706788595486,579,J0301,3478358.73337,12221896.2587,1736981,16,JN2004
-75.974171229419937,36.848643229873964,580,J0300,3478335.74389,12221902.2226,1736982,16,JN2003
-75.974154145259817,36.84858467431426,581,J0299,3478314.56623,12221907.7901,1736983,16,JN2002
-75.974137025167124,36.848522460465617,582,J0298,3478292.05715,12221913.4039,1736984,16,JN2001
-75.972228801382741,36.841751881405465,583,J0188,3475842.81979,12222537.56,1736985,16,JN1048
-75.97221453523774,36.841688010643608,584,J0187,3475819.68569,12222542.356,1736986,16,JN1047
-75.972197639723845,36.841628892595956,585,J0186,3475798.3018,12222547.8746,1736987,16,JN1046
-75.972184806391724,36.841565225185271,586,J0185,3475775.23011,12222552.2492,1736988,16,JN1045
-75.972168988856154,36.841504644042047,587,J0184,3475753.30553,12222557.467,1736989,16,JN1044
-75.97215608096387,36.841438376913878,588,J0183,3475729.28831,12222561.8888,1736990,16,JN1043
-75.972140699111264,36.84137711485252,589,J0182,3475707.11224,12222566.9856,1736991,16,JN1042
-75.972125329835052,36.841315599681764,590,J0181,3475684.84392,12222572.0813,1736992,16,JN1041
-75.972109576978198,36.841250214506665,591,J0180,3475661.17033,12222577.3268,1736993,16,JN1040
-75.972094863472179,36.841189311036658,592,J0179,3475639.11933,12222582.2247,1736994,16,JN1039
-75.970246245601842,36.833885415839632,593,J0060,3472995.32739,12223194.2523,1731207,16, 
-75.969369033540374,36.830673665868865,594,J0008,3471833.2784,12223482.2301,1731208,16, 
-75.969503219385913,36.831169383255407,595,J0016,3472012.64411,12223438.1341,1731209,16, 
-75.969488210334163,36.83110662028939,596,J0015,3471989.91907,12223443.1378,1731210,16, 
-75.969472956042296,36.831049955259601,597,J0014,3471969.4151,12223448.1535,1731211,16, 
-75.969452694541104,36.830980970531805,598,J0013,3471944.46691,12223454.7546,1731212,16, 
-75.969436408085016,36.830919131350299,599,J0012,3471922.08805,12223460.1229,1731213,16, 
-75.969419595216124,36.830857811969722,600,J0011,3471899.90246,12223465.6404,1731214,16, 
-75.969402678142686,36.830796504044415,601,J0010,3471877.72182,12223471.1881,1731215,16, 
-75.969385408031371,36.830735286666524,602,J0009,3471855.57715,12223476.8381,1731216,16, 
-75.969352698575207,36.830611248345534,603,J0007,3471810.68954,12223487.6185,1731217,16, 
-75.969335730297857,36.830550055266201,604,J0006,3471788.55113,12223493.1799,1731218,16, 
-75.969317741534283,36.830489285642201,605,J0005,3471766.5749,12223499.036,1731219,16, 
-75.969300849613674,36.830427221728023,606,J0004,3471744.11901,12223504.5837,1731220,16, 
-75.96928625468523,36.830369381310007,607,J0003,3471723.18221,12223509.4184,1731221,16, 
-75.969269762514955,36.830308656122035,608,J0002,3471701.21057,12223514.8362,1731222,16, 
-75.969251576122005,36.830247154338892,609,J0001,3471678.96948,12223520.7571,1731223,16, 
-75.969782486743114,36.832162015604929,610,J0032,3472371.72602,12223346.7441,1731224,16, 
-75.969764478216646,36.832099106775701,611,J0031,3472348.97125,12223352.6264,1731225,16, 
-75.969749332620921,36.832035588894854,612,J0030,3472325.97257,12223357.6774,1731226,16, 
-75.96972185046144,36.831974407020851,613,J0029,3472303.9206,12223366.3147,1731227,16, 
-75.969706530592617,36.831912102005298,614,J0028,3472281.36466,12223371.4047,1731228,16, 
-75.969690113880773,36.831848463175483,615,J0027,3472258.33176,12223376.8285,1731229,16, 
-75.969671205242392,36.831786568612387,616,J0026,3472235.95353,12223382.9646,1731230,16, 
-75.969657146608199,36.831724098790289,617,J0025,3472213.32762,12223387.6873,1731231,16, 
-75.969636466491991,36.831663815431853,618,J0024,3472191.54952,12223394.3256,1731232,16, 
-75.969621606560594,36.831602325523292,619,J0023,3472169.28648,12223399.2732,1731233,16, 
-75.969602119407099,36.831541829960194,620,J0022,3472147.42178,12223405.5649,1731234,16, 
-75.969588687797042,36.831479048605381,621,J0021,3472124.67748,12223410.107,1731235,16, 
-75.969568530500311,36.831417652739205,622,J0020,3472102.49033,12223416.6035,1731236,16, 
-75.969553887961212,36.831355452246349,623,J0019,3472079.96705,12223421.4944,1731237,16, 
-75.969538623787869,36.831293343017741,624,J0018,3472057.48201,12223426.5663,1731238,16, 
-75.96952057663384,36.83123162991658,625,J0017,3472035.16285,12223432.4486,1731239,16, 
-75.97004592578503,36.833146271692513,626,J0048,3472727.8838,12223260.0686,1731240,16, 
-75.970027204894564,36.833083522571407,627,J0047,3472705.19288,12223266.1579,1731241,16, 
-75.970009519761547,36.833021060279457,628,J0046,3472682.59808,12223271.9412,1731242,16, 
-75.969994257384869,36.832958898478225,629,J0045,3472660.09388,12223277.0128,1731243,16, 
-75.969975443069515,36.832896983243558,630,J0044,3472637.70701,12223283.1213,1731244,16, 
-75.969962660941391,36.83283528294001,631,J0043,3472615.35124,12223287.4628,1731245,16, 
-75.969943354349269,36.832774732269797,632,J0042,3472593.46482,12223293.702,1731246,16, 
-75.969926124662138,36.832712738514886,633,J0041,3472571.03722,12223299.3474,1731247,16, 
-75.969911555784833,36.832650672090381,634,J0040,3472548.56205,12223304.2154,1731248,16, 
-75.969894026060388,36.832590981201704,635,J0039,3472526.97482,12223309.9262,1731249,16, 
-75.969876251994151,36.832529470468238,636,J0038,3472504.72731,12223315.7264,1731250,16, 
-75.969862614669864,36.832467386639031,637,J0037,3472482.23858,12223320.322,1731251,16, 
-75.969850641923742,36.832405395511117,638,J0036,3472459.77057,12223324.4296,1731252,16, 
-75.969832784314207,36.83234206913987,639,J0035,3472436.86269,12223330.2719,1731253,16, 
-75.969814135288942,36.832284597581605,640,J0034,3472416.09195,12223336.2888,1731254,16, 
-75.969797706899016,36.832223034114428,641,J0033,3472393.81446,12223341.6959,1731255,16, 
-75.970262735077185,36.833944647002454,642,J0061,3473016.75546,12223188.8504,1731256,16, 
-75.970231276075936,36.833823919807863,643,J0059,3472973.06305,12223199.2316,1731257,16, 
-75.970212405166777,36.833761590414952,644,J0058,3472950.52599,12223205.3607,1731258,16, 
-75.970197519184168,36.833701438080823,645,J0057,3472928.75005,12223210.3024,1731259,16, 
-75.970180417956129,36.833639584561567,646,J0056,3472906.37227,12223215.9088,1731260,16, 
-75.970160698139026,36.833576630931965,647,J0055,3472883.61466,12223222.2922,1731261,16, 
-75.970148462186515,36.833516234713322,648,J0054,3472861.72912,12223226.4612,1731262,16, 
-75.970132890789387,36.833454512620392,649,J0053,3472839.38733,12223231.6191,1731263,16, 
-75.970113850996967,36.83339171989337,650,J0052,3472816.68283,12223237.8019,1731264,16, 
-75.970093004692444,36.833329359950369,651,J0051,3472794.15034,12223244.509,1731265,16, 
-75.970076140619625,36.833267400437762,652,J0050,3472771.73197,12223250.0471,1731266,16, 
-75.97006062042648,36.833206654542344,653,J0049,3472749.74521,12223255.1804,1731267,16, 
-75.976359559587991,36.856352719890737,654,J0425,3481124.52608,12221187.1061,1737320,16,J0425
-75.975189268571839,36.852285473356837,655,J0359,3479653.38732,12221568.983,1737321,16,J0359
-75.979335688904087,36.867072019220345,656,J0599,3485002.60801,12220212.4773,1737322,16,J0599
