<?xml version="1.0"?>
<!--<!DOCTYPE metadata SYSTEM "http://www.esri.com/metadata/esriprof80.dtd">-->
<metadata xml:lang="en"><Esri><MetaID>{8FA8E2E3-B248-4E20-8624-194FF84C064F}</MetaID><CreaDate>20050225</CreaDate><CreaTime>20450900</CreaTime><SyncOnce>TRUE</SyncOnce></Esri><idinfo><citation><citeinfo><onlink Sync="TRUE">\\ROLAND-1O3NBZJF\h\gis_ims_data\shapefile\vpdes\vpdes</onlink></citeinfo></citation></idinfo><distInfo><distributor><distorTran><onLineSrc><linkage Sync="TRUE">file://\\ROLAND-1O3NBZJF\h\gis_ims_data\shapefile\vpdes\vpdes</linkage><protocol Sync="TRUE">Local Area Network</protocol></onLineSrc></distorTran></distributor></distInfo><dataqual><lineage><procstep><procdesc Sync="TRUE">Dataset moved.</procdesc><srcused Sync="TRUE">H:\gis_data\ims\deqdataviewer\vpdes</srcused><date Sync="TRUE">20050225</date><time Sync="TRUE">20450900</time></procstep></lineage></dataqual></metadata>
