<metadata xml:lang="en"><Esri><CreaDate>20130627</CreaDate><CreaTime>09561900</CreaTime><SyncOnce>FALSE</SyncOnce><SyncDate>20140305</SyncDate><SyncTime>08595500</SyncTime><ModDate>20140305</ModDate><ModTime>08595500</ModTime><DataProperties><lineage><Process ToolSource="C:\Program Files\ArcGIS\Desktop10.0\ArcToolbox\Toolboxes\Data Management Tools.tbx\CalculateField" Date="20100805" Time="100425">CalculateField Building Building_ID [OBJECTID] VB #</Process><Process ToolSource="C:\Program Files\ArcGIS\Desktop10.0\ArcToolbox\Toolboxes\Data Management Tools.tbx\CopyFeatures" Date="20101207" Time="132746">CopyFeatures \\cos-svr-7\vol1\Proj_Management\312010212.VGIN.2010\Client_Supplied_Data\Falls_Church\FCData\FCUpdate.gdb\Building\Building \\cos-svr-7\vol1\Proj_Management\312010212.VGIN.2010\Client_Supplied_Data\Falls_Church\FCData\Falls_Church_Shell.gdb\buildings\Building # 0 0 0</Process><Process ToolSource="C:\Program Files\ArcGIS\ArcToolbox\Toolboxes\Analysis Tools.tbx\Clip" Date="20101223" Time="101008">Clip Building Pilot D:\12.22\sy_Falls_Church_NewPreExisting.gdb\buildings\Building_Clip #</Process><Process ToolSource="C:\Program Files\ArcGIS\ArcToolbox\Toolboxes\Analysis Tools.tbx\SpatialJoin" Date="20101223" Time="103317">SpatialJoin Building_Clip Building_Clip_FeatureToPoint D:\12.22\sy_Falls_Church_NewPreExisting.gdb\buildings\Building_Clip_SpatialJoin JOIN_ONE_TO_ONE KEEP_ALL "Building_ID 'Building_ID' true true false 4 Long 0 0 ,First,#,D:\12.22\sy_Falls_Church_NewPreExisting.gdb\buildings\Building_Clip,Building_ID,-1,-1;DLG 'DLG' true true false 8 Text 0 0 ,First,#,D:\12.22\sy_Falls_Church_NewPreExisting.gdb\buildings\Building_Clip,DLG,-1,-1;Certification_Date 'Certification_Date' true true false 8 Date 0 0 ,First,#,D:\12.22\sy_Falls_Church_NewPreExisting.gdb\buildings\Building_Clip,Certification_Date,-1,-1;Real_Property_Code 'Real_Property_Code' true true false 8 Text 0 0 ,First,#,D:\12.22\sy_Falls_Church_NewPreExisting.gdb\buildings\Building_Clip,Real_Property_Code,-1,-1;Historical_ID 'Historical_ID' true true false 4 Long 0 0 ,First,#,D:\12.22\sy_Falls_Church_NewPreExisting.gdb\buildings\Building_Clip,Historical_ID,-1,-1;Building_Name 'Building_Name' true true false 50 Text 0 0 ,First,#,D:\12.22\sy_Falls_Church_NewPreExisting.gdb\buildings\Building_Clip,Building_Name,-1,-1;Building_Type 'Building_Type' true true false 2 Text 0 0 ,First,#,D:\12.22\sy_Falls_Church_NewPreExisting.gdb\buildings\Building_Clip,Building_Type,-1,-1;DATE_ 'DATE_' true true false 10 Text 0 0 ,First,#,D:\12.22\sy_Falls_Church_NewPreExisting.gdb\buildings\Building_Clip,DATE_,-1,-1;SHAPE_Length 'SHAPE_Length' false true true 8 Double 0 0 ,First,#,D:\12.22\sy_Falls_Church_NewPreExisting.gdb\buildings\Building_Clip,SHAPE_Length,-1,-1;SHAPE_Area 'SHAPE_Area' false true true 8 Double 0 0 ,First,#,D:\12.22\sy_Falls_Church_NewPreExisting.gdb\buildings\Building_Clip,SHAPE_Area,-1,-1;Building_ID_1 'Building_ID_1' true true false 4 Long 0 0 ,First,#,D:\12.22\连接Falls_Church_NewPreExisting.gdb\buildings\Building_Clip_FeatureToPoint,Building_ID,-1,-1;DLG_1 'DLG' true true false 8 Text 0 0 ,First,#,D:\12.22\连接Falls_Church_NewPreExisting.gdb\buildings\Building_Clip_FeatureToPoint,DLG,-1,-1;Certification_Date_1 'Certification_Date_1' true true false 8 Date 0 0 ,First,#,D:\12.22\连接Falls_Church_NewPreExisting.gdb\buildings\Building_Clip_FeatureToPoint,Certification_Date,-1,-1;Real_Property_Code_1 'Real_Property_Code_1' true true false 8 Text 0 0 ,First,#,D:\12.22\连接Falls_Church_NewPreExisting.gdb\buildings\Building_Clip_FeatureToPoint,Real_Property_Code,-1,-1;Historical_ID_1 'Historical_ID_1' true true false 4 Long 0 0 ,First,#,D:\12.22\连接Falls_Church_NewPreExisting.gdb\buildings\Building_Clip_FeatureToPoint,Historical_ID,-1,-1;Building_Name_1 'Building_Name_1' true true false 50 Text 0 0 ,First,#,D:\12.22\连接Falls_Church_NewPreExisting.gdb\buildings\Building_Clip_FeatureToPoint,Building_Name,-1,-1;Building_Type_1 'Building_Type' true true false 2 Text 0 0 ,First,#,D:\12.22\连接Falls_Church_NewPreExisting.gdb\buildings\Building_Clip_FeatureToPoint,Building_Type,-1,-1;DATE1 'DATE1' true true false 10 Text 0 0 ,First,#,D:\12.22\连接Falls_Church_NewPreExisting.gdb\buildings\Building_Clip_FeatureToPoint,DATE_,-1,-1" INTERSECTS "0 Feet" #</Process><Process ToolSource="C:\Program Files\ArcGIS\ArcToolbox\Toolboxes\Data Management Tools.tbx\DeleteField" Date="20101223" Time="103742">DeleteField Building_Clip_SpatialJoin Building_ID_1;DLG_1;Certification_Date_1;Real_Property_Code_1;Historical_ID_1;Building_Name_1;Building_Type_1;DATE1 Building_Clip_SpatialJoin</Process><Process ToolSource="C:\Program Files\ArcGIS\ArcToolbox\Toolboxes\Analysis Tools.tbx\SpatialJoin" Date="20110213" Time="213401">SpatialJoin Building Building_FeatureToPoint D:\2.12\Falls_Church_pilot_02122011.gdb\buildings\Building_SpatialJoin JOIN_ONE_TO_ONE KEEP_ALL "Building_ID 'Building_ID' true true false 4 Long 0 0 ,First,#,D:\2.12\Falls_Church_pilot_02122011.gdb\buildings\Building,Building_ID,-1,-1;DLG 'DLG' true true false 8 Text 0 0 ,First,#,D:\2.12\Falls_Church_pilot_02122011.gdb\buildings\Building,DLG,-1,-1;Certification_Date 'Certification_Date' true true false 8 Date 0 0 ,First,#,D:\2.12\Falls_Church_pilot_02122011.gdb\buildings\Building,Certification_Date,-1,-1;Real_Property_Code 'Real_Property_Code' true true false 8 Text 0 0 ,First,#,D:\2.12\Falls_Church_pilot_02122011.gdb\buildings\Building,Real_Property_Code,-1,-1;Historical_ID 'Historical_ID' true true false 4 Long 0 0 ,First,#,D:\2.12\Falls_Church_pilot_02122011.gdb\buildings\Building,Historical_ID,-1,-1;Building_Name 'Building_Name' true true false 50 Text 0 0 ,First,#,D:\2.12\Falls_Church_pilot_02122011.gdb\buildings\Building,Building_Name,-1,-1;Building_Type 'Building_Type' true true false 2 Text 0 0 ,First,#,D:\2.12\Falls_Church_pilot_02122011.gdb\buildings\Building,Building_Type,-1,-1;DATE_ 'DATE_' true true false 10 Text 0 0 ,First,#,D:\2.12\Falls_Church_pilot_02122011.gdb\buildings\Building,DATE_,-1,-1;SHAPE_Length 'SHAPE_Length' false true true 8 Double 0 0 ,First,#,D:\2.12\Falls_Church_pilot_02122011.gdb\buildings\Building,SHAPE_Length,-1,-1;SHAPE_Area 'SHAPE_Area' false true true 8 Double 0 0 ,First,#,D:\2.12\Falls_Church_pilot_02122011.gdb\buildings\Building,SHAPE_Area,-1,-1;Building_ID_1 'Building_ID_1' true true false 4 Long 0 0 ,First,#,D:\2.12\Falls_Church_NewPreExisting.gdb\buildings\Building_FeatureToPoint,Building_ID,-1,-1;DLG_1 'DLG' true true false 8 Text 0 0 ,First,#,D:\2.12\Falls_Church_NewPreExisting.gdb\buildings\Building_FeatureToPoint,DLG,-1,-1;Certification_Date_1 'Certification_Date_1' true true false 8 Date 0 0 ,First,#,D:\2.12\Falls_Church_NewPreExisting.gdb\buildings\Building_FeatureToPoint,Certification_Date,-1,-1;Real_Property_Code_1 'Real_Property_Code_1' true true false 8 Text 0 0 ,First,#,D:\2.12\Falls_Church_NewPreExisting.gdb\buildings\Building_FeatureToPoint,Real_Property_Code,-1,-1;Historical_ID_1 'Historical_ID_1' true true false 4 Long 0 0 ,First,#,D:\2.12\Falls_Church_NewPreExisting.gdb\buildings\Building_FeatureToPoint,Historical_ID,-1,-1;Building_Name_1 'Building_Name_1' true true false 50 Text 0 0 ,First,#,D:\2.12\Falls_Church_NewPreExisting.gdb\buildings\Building_FeatureToPoint,Building_Name,-1,-1;Building_Type_1 'Building_Type' true true false 2 Text 0 0 ,First,#,D:\2.12\Falls_Church_NewPreExisting.gdb\buildings\Building_FeatureToPoint,Building_Type,-1,-1;DATE1 'DATE1' true true false 10 Text 0 0 ,First,#,D:\2.12\Falls_Church_NewPreExisting.gdb\buildings\Building_FeatureToPoint,DATE_,-1,-1;ORIG_FID 'ORIG_FID' true true false 4 Long 0 0 ,First,#,D:\2.12\Falls_Church_NewPreExisting.gdb\buildings\Building_FeatureToPoint,ORIG_FID,-1,-1" INTERSECTS "0 Feet" #</Process><Process ToolSource="C:\Program Files\ArcGIS\ArcToolbox\Toolboxes\Data Management Tools.tbx\DeleteField" Date="20110213" Time="213730">DeleteField Building_SpatialJoin Building_ID_1;DLG_1;Certification_Date_1;Real_Property_Code_1;Historical_ID_1;Building_Name_1;Building_Type_1;DATE1;ORIG_FID Building_SpatialJoin</Process><Process ToolSource="C:\Program Files\ArcGIS\Desktop10.0\ArcToolbox\Toolboxes\Conversion Tools.tbx\FeatureClassToFeatureClass" Date="20130211" Time="162103">FeatureClassToFeatureClass \\cfcnetapp02\mviverito$\Geodatabase\FallsChurch.gdb\buildings\Building \\cfcnetapp02\mviverito$\Geodatabase\FallsChurch.gdb\FacilitiesStreets Buildings # "Building_ID "Building_ID" true true false 4 Long 0 0 ,First,#,\\cfcnetapp02\mviverito$\Geodatabase\FallsChurch.gdb\buildings\Building,Building_ID,-1,-1;DLG "DLG" true true false 8 Text 0 0 ,First,#,\\cfcnetapp02\mviverito$\Geodatabase\FallsChurch.gdb\buildings\Building,DLG,-1,-1;Certification_Date "Certification_Date" true true false 8 Date 0 0 ,First,#,\\cfcnetapp02\mviverito$\Geodatabase\FallsChurch.gdb\buildings\Building,Certification_Date,-1,-1;Real_Property_Code "Real_Property_Code" true true false 8 Text 0 0 ,First,#,\\cfcnetapp02\mviverito$\Geodatabase\FallsChurch.gdb\buildings\Building,Real_Property_Code,-1,-1;Historical_ID "Historical_ID" true true false 4 Long 0 0 ,First,#,\\cfcnetapp02\mviverito$\Geodatabase\FallsChurch.gdb\buildings\Building,Historical_ID,-1,-1;Building_Name "Building_Name" true true false 50 Text 0 0 ,First,#,\\cfcnetapp02\mviverito$\Geodatabase\FallsChurch.gdb\buildings\Building,Building_Name,-1,-1;Building_Type "Building_Type" true true false 2 Text 0 0 ,First,#,\\cfcnetapp02\mviverito$\Geodatabase\FallsChurch.gdb\buildings\Building,Building_Type,-1,-1;DATE_ "DATE_" true true false 10 Text 0 0 ,First,#,\\cfcnetapp02\mviverito$\Geodatabase\FallsChurch.gdb\buildings\Building,DATE_,-1,-1;SHAPE_Length "SHAPE_Length" false true true 8 Double 0 0 ,First,#,\\cfcnetapp02\mviverito$\Geodatabase\FallsChurch.gdb\buildings\Building,SHAPE_Length,-1,-1;SHAPE_Area "SHAPE_Area" false true true 8 Double 0 0 ,First,#,\\cfcnetapp02\mviverito$\Geodatabase\FallsChurch.gdb\buildings\Building,SHAPE_Area,-1,-1" #</Process><Process ToolSource="c:\program files (x86)\arcgis\desktop10.2\ArcToolbox\Toolboxes\Data Management Tools.tbx\CopyFeatures" Date="20140305" Time="085957">CopyFeatures P:\GIS\Data\Database\FallsChurchGIS.gdb\FacilitiesStreets\Building P:\GIS\Data\Public_Export\All\2014_January_PublicAccess\Building.shp # 0 0 0</Process></lineage><itemProps><itemLocation><linkage Sync="TRUE">file://\\cfcnetapp02\Public$\GIS\Data\Public_Export\All\2014_January_PublicAccess\Building.shp</linkage><protocol Sync="TRUE">Local Area Network</protocol></itemLocation><itemName Sync="TRUE">Building</itemName><imsContentType Sync="TRUE">002</imsContentType><nativeExtBox><westBL Sync="TRUE">11854322.336919</westBL><eastBL Sync="TRUE">11867429.282221</eastBL><southBL Sync="TRUE">7002741.868025</southBL><northBL Sync="TRUE">7013949.699053</northBL><exTypeCode Sync="TRUE">1</exTypeCode></nativeExtBox><itemSize Sync="TRUE">0.000</itemSize></itemProps><coordRef><type Sync="TRUE">Projected</type><geogcsn Sync="TRUE">GCS_North_American_1983</geogcsn><projcsn Sync="TRUE">NAD_1983_StatePlane_Virginia_North_FIPS_4501_Feet</projcsn><peXml Sync="TRUE">&lt;ProjectedCoordinateSystem xsi:type='typens:ProjectedCoordinateSystem' xmlns:xsi='http://www.w3.org/2001/XMLSchema-instance' xmlns:xs='http://www.w3.org/2001/XMLSchema' xmlns:typens='http://www.esri.com/schemas/ArcGIS/10.1'&gt;&lt;WKT&gt;PROJCS[&amp;quot;NAD_1983_StatePlane_Virginia_North_FIPS_4501_Feet&amp;quot;,GEOGCS[&amp;quot;GCS_North_American_1983&amp;quot;,DATUM[&amp;quot;D_North_American_1983&amp;quot;,SPHEROID[&amp;quot;GRS_1980&amp;quot;,6378137.0,298.257222101]],PRIMEM[&amp;quot;Greenwich&amp;quot;,0.0],UNIT[&amp;quot;Degree&amp;quot;,0.0174532925199433]],PROJECTION[&amp;quot;Lambert_Conformal_Conic&amp;quot;],PARAMETER[&amp;quot;False_Easting&amp;quot;,11482916.66666666],PARAMETER[&amp;quot;False_Northing&amp;quot;,6561666.666666666],PARAMETER[&amp;quot;Central_Meridian&amp;quot;,-78.5],PARAMETER[&amp;quot;Standard_Parallel_1&amp;quot;,38.03333333333333],PARAMETER[&amp;quot;Standard_Parallel_2&amp;quot;,39.2],PARAMETER[&amp;quot;Latitude_Of_Origin&amp;quot;,37.66666666666666],UNIT[&amp;quot;Foot_US&amp;quot;,0.3048006096012192],AUTHORITY[&amp;quot;EPSG&amp;quot;,2283]]&lt;/WKT&gt;&lt;XOrigin&gt;-110512500&lt;/XOrigin&gt;&lt;YOrigin&gt;-88858000&lt;/YOrigin&gt;&lt;XYScale&gt;36916142.964165002&lt;/XYScale&gt;&lt;ZOrigin&gt;-100000&lt;/ZOrigin&gt;&lt;ZScale&gt;10000&lt;/ZScale&gt;&lt;MOrigin&gt;-100000&lt;/MOrigin&gt;&lt;MScale&gt;10000&lt;/MScale&gt;&lt;XYTolerance&gt;0.0032808333333333331&lt;/XYTolerance&gt;&lt;ZTolerance&gt;0.001&lt;/ZTolerance&gt;&lt;MTolerance&gt;0.001&lt;/MTolerance&gt;&lt;HighPrecision&gt;true&lt;/HighPrecision&gt;&lt;WKID&gt;102746&lt;/WKID&gt;&lt;LatestWKID&gt;2283&lt;/LatestWKID&gt;&lt;/ProjectedCoordinateSystem&gt;</peXml><csUnits Sync="TRUE">Linear Unit: Foot_US (0.304801)</csUnits></coordRef></DataProperties><ArcGISFormat>1.0</ArcGISFormat><ArcGISstyle>Item Description</ArcGISstyle></Esri><idinfo><native Sync="TRUE">Microsoft Windows XP Version 5.1 (Build 2600) Service Pack 3; ESRI ArcCatalog 9.3.1.4000</native><descript><langdata Sync="TRUE">en</langdata><abstract>These features were updated using March 2009 imagery </abstract><purpose>REQUIRED: A summary of the intentions with which the data set was developed.</purpose></descript><citation><citeinfo><origin>REQUIRED: The name of an organization or individual that developed the data set.</origin><pubdate>REQUIRED: The date when the data set is published or otherwise made available for release.</pubdate><title Sync="TRUE">Building</title><ftname Sync="TRUE">Building</ftname><geoform Sync="TRUE">vector digital data</geoform><onlink Sync="TRUE">\\Cos-svr-81\vol1\0212_VGIN2010\Mapping\Delivery\Falls_Church_ClientCorrections_04_20_2011\Falls_Church.gdb</onlink></citeinfo></citation><timeperd><current>REQUIRED: The basis on which the time period of content information is determined.</current><timeinfo><sngdate><caldate>REQUIRED: The year (and optionally month, or month and day) for which the data set corresponds to the ground.</caldate></sngdate></timeinfo></timeperd><status><progress>REQUIRED: The state of the data set.</progress><update>REQUIRED: The frequency with which changes and additions are made to the data set after the initial data set is completed.</update></status><spdom><bounding><westbc Sync="TRUE">-77.195459</westbc><eastbc Sync="TRUE">-77.148849</eastbc><northbc Sync="TRUE">38.901363</northbc><southbc Sync="TRUE">38.870072</southbc></bounding><lboundng><leftbc Sync="TRUE">11854322.336919</leftbc><rightbc Sync="TRUE">11867429.282221</rightbc><bottombc Sync="TRUE">7002741.868025</bottombc><topbc Sync="TRUE">7013949.699053</topbc></lboundng><minalti Sync="TRUE">0.000000</minalti><maxalti Sync="TRUE">470.162300</maxalti></spdom><keywords><theme><themekt>REQUIRED: Reference to a formally registered thesaurus or a similar authoritative source of theme keywords.</themekt><themekey>buildings</themekey><themekey>structures</themekey></theme><place><placekey>Falls Church</placekey></place></keywords><accconst>REQUIRED: Restrictions and legal prerequisites for accessing the data set.</accconst><useconst>REQUIRED: Restrictions and legal prerequisites for using the data set after access is granted.</useconst><natvform Sync="TRUE">File Geodatabase Feature Class</natvform></idinfo><dataIdInfo><envirDesc Sync="TRUE">Microsoft Windows 7 Version 6.1 (Build 7601) Service Pack 1; Esri ArcGIS 10.2.0.3348</envirDesc><dataLang><languageCode Sync="TRUE" value="eng" country="US"></languageCode><countryCode value="USA" Sync="TRUE"></countryCode></dataLang><idCitation><resTitle Sync="TRUE">Building</resTitle><presForm><PresFormCd Sync="TRUE" value="005"></PresFormCd></presForm></idCitation><spatRpType><SpatRepTypCd Sync="TRUE" value="001"></SpatRepTypCd></spatRpType><dataExt><geoEle><GeoBndBox esriExtentType="search"><westBL Sync="TRUE">-77.195459</westBL><eastBL Sync="TRUE">-77.148849</eastBL><northBL Sync="TRUE">38.901363</northBL><southBL Sync="TRUE">38.870072</southBL><exTypeCode Sync="TRUE">1</exTypeCode></GeoBndBox></geoEle><vertEle><vertMinVal Sync="TRUE">0.000000</vertMinVal><vertMaxVal Sync="TRUE">470.162300</vertMaxVal></vertEle></dataExt><geoBox esriExtentType="decdegrees"><westBL Sync="TRUE">-77.195459</westBL><eastBL Sync="TRUE">-77.148849</eastBL><northBL Sync="TRUE">38.901363</northBL><southBL Sync="TRUE">38.870072</southBL><exTypeCode Sync="TRUE">1</exTypeCode></geoBox><descKeys><thesaName uuidref="723f6998-058e-11dc-8314-0800200c9a66"></thesaName><keyword Sync="TRUE">002</keyword></descKeys></dataIdInfo><metainfo><langmeta Sync="TRUE">en</langmeta><metstdn Sync="TRUE">FGDC Content Standards for Digital Geospatial Metadata</metstdn><metstdv Sync="TRUE">FGDC-STD-001-1998</metstdv><mettc Sync="TRUE">local time</mettc><metc><cntinfo><cntorgp><cntper>REQUIRED: The person responsible for the metadata information.</cntper><cntorg>REQUIRED: The organization responsible for the metadata information.</cntorg></cntorgp><cntaddr><addrtype>REQUIRED: The mailing and/or physical address for the organization or individual.</addrtype><city>REQUIRED: The city of the address.</city><state>REQUIRED: The state or province of the address.</state><postal>REQUIRED: The ZIP or other postal code of the address.</postal></cntaddr><cntvoice>REQUIRED: The telephone number by which individuals can speak to the organization or individual.</cntvoice></cntinfo></metc><metd Sync="TRUE">20110420</metd></metainfo><mdLang><languageCode Sync="TRUE" value="eng"></languageCode><countryCode value="USA" Sync="TRUE"></countryCode></mdLang><mdStanName Sync="TRUE">ISO 19115 Geographic Information - Metadata</mdStanName><mdStanVer Sync="TRUE">DIS_ESRI1.0</mdStanVer><mdChar><CharSetCd Sync="TRUE" value="004"></CharSetCd></mdChar><mdHrLv><ScopeCd Sync="TRUE" value="005"></ScopeCd></mdHrLv><mdHrLvName Sync="TRUE">dataset</mdHrLvName><distinfo><resdesc Sync="TRUE">Downloadable Data</resdesc></distinfo><distInfo><distributor><distorTran><onLineSrc><orDesc Sync="TRUE">002</orDesc><linkage Sync="TRUE">file://\\Cos-svr-81\vol1\0212_VGIN2010\Mapping\Delivery\Falls_Church_ClientCorrections_04_20_2011\Falls_Church.gdb</linkage><protocol Sync="TRUE">Local Area Network</protocol></onLineSrc></distorTran><distorFormat><formatName Sync="TRUE">File Geodatabase Feature Class</formatName></distorFormat></distributor><distFormat><formatName Sync="TRUE">Shapefile</formatName></distFormat><distTranOps><transSize Sync="TRUE">0.000</transSize></distTranOps></distInfo><spdoinfo><direct Sync="TRUE">Vector</direct><ptvctinf><esriterm Name="Building"><efeatyp Sync="TRUE">Simple</efeatyp><efeageom code="4" Sync="TRUE"></efeageom><esritopo Sync="TRUE">FALSE</esritopo><efeacnt Sync="TRUE">0</efeacnt><spindex Sync="TRUE">FALSE</spindex><linrefer Sync="TRUE">TRUE</linrefer></esriterm></ptvctinf></spdoinfo><spref><horizsys><cordsysn><geogcsn Sync="TRUE">GCS_North_American_1983</geogcsn><projcsn Sync="TRUE">NAD_1983_StatePlane_Virginia_North_FIPS_4501_Feet</projcsn></cordsysn><planar><planci><plance Sync="TRUE">coordinate pair</plance><plandu Sync="TRUE">survey feet</plandu><coordrep><absres Sync="TRUE">0.000488</absres><ordres Sync="TRUE">0.000488</ordres></coordrep></planci></planar><geodetic><horizdn Sync="TRUE">North American Datum of 1983</horizdn><ellips Sync="TRUE">Geodetic Reference System 80</ellips><semiaxis Sync="TRUE">6378137.000000</semiaxis><denflat Sync="TRUE">298.257222</denflat></geodetic></horizsys><vertdef><altsys><altenc Sync="TRUE">Explicit elevation coordinate included with horizontal coordinates</altenc><altres Sync="TRUE">0.000100</altres></altsys></vertdef></spref><refSysInfo><RefSystem><refSysID><identCode Sync="TRUE" code="2283">NAD_1983_StatePlane_Virginia_North_FIPS_4501_Feet</identCode><idCodeSpace Sync="TRUE">EPSG</idCodeSpace><idVersion Sync="TRUE">8.1.1</idVersion></refSysID></RefSystem></refSysInfo><spatRepInfo><VectSpatRep><geometObjs Name="Building"><geoObjTyp><GeoObjTypCd value="002" Sync="TRUE"></GeoObjTypCd></geoObjTyp><geoObjCnt Sync="TRUE">0</geoObjCnt></geometObjs><topLvl><TopoLevCd value="001" Sync="TRUE"></TopoLevCd></topLvl></VectSpatRep></spatRepInfo><eainfo><detailed Name="Building"><enttyp><enttypl Sync="TRUE">Building</enttypl><enttypt Sync="TRUE">Feature Class</enttypt><enttypc Sync="TRUE">0</enttypc></enttyp><attr><attrlabl Sync="TRUE">FID</attrlabl><attalias Sync="TRUE">FID</attalias><attrtype Sync="TRUE">OID</attrtype><attwidth Sync="TRUE">4</attwidth><atprecis Sync="TRUE">0</atprecis><attscale Sync="TRUE">0</attscale><attrdef Sync="TRUE">Internal feature number.</attrdef><attrdefs Sync="TRUE">Esri</attrdefs><attrdomv><udom Sync="TRUE">Sequential unique whole numbers that are automatically generated.</udom></attrdomv></attr><attr><attrlabl Sync="TRUE">SHAPE</attrlabl><attalias Sync="TRUE">Shape</attalias><attrtype Sync="TRUE">Geometry</attrtype><attwidth Sync="TRUE">0</attwidth><atprecis Sync="TRUE">0</atprecis><attscale Sync="TRUE">0</attscale><attrdef Sync="TRUE">Feature geometry.</attrdef><attrdefs Sync="TRUE">ESRI</attrdefs><attrdomv><udom Sync="TRUE">Coordinates defining the features.</udom></attrdomv></attr><attr><attrlabl Sync="TRUE">Building_I</attrlabl><attalias Sync="TRUE">Building_I</attalias><attrtype Sync="TRUE">Integer</attrtype><attwidth Sync="TRUE">9</attwidth><atprecis Sync="TRUE">9</atprecis><attscale Sync="TRUE">0</attscale></attr><attr><attrlabl Sync="TRUE">SHAPE_Area</attrlabl><attalias Sync="TRUE">Shape_Area</attalias><attrtype Sync="TRUE">Double</attrtype><attwidth Sync="TRUE">19</attwidth><atprecis Sync="TRUE">0</atprecis><attscale Sync="TRUE">0</attscale><attrdef Sync="TRUE">Area of feature in internal units squared.</attrdef><attrdefs Sync="TRUE">ESRI</attrdefs><attrdomv><udom Sync="TRUE">Positive real numbers that are automatically generated.</udom></attrdomv></attr><attr><attrlabl Sync="TRUE">Certificat</attrlabl><attalias Sync="TRUE">Certificat</attalias><attrtype Sync="TRUE">Date</attrtype><attwidth Sync="TRUE">8</attwidth><atprecis Sync="TRUE">0</atprecis><attscale Sync="TRUE">0</attscale></attr><attr><attrlabl Sync="TRUE">Real_Prope</attrlabl><attalias Sync="TRUE">Real_Prope</attalias><attrtype Sync="TRUE">String</attrtype><attwidth Sync="TRUE">8</attwidth><atprecis Sync="TRUE">0</atprecis><attscale Sync="TRUE">0</attscale></attr><attr><attrlabl Sync="TRUE">Historical</attrlabl><attalias Sync="TRUE">Historical</attalias><attrtype Sync="TRUE">Integer</attrtype><attwidth Sync="TRUE">9</attwidth><atprecis Sync="TRUE">9</atprecis><attscale Sync="TRUE">0</attscale></attr><attr><attrlabl Sync="TRUE">Building_N</attrlabl><attalias Sync="TRUE">Building_N</attalias><attrtype Sync="TRUE">String</attrtype><attwidth Sync="TRUE">50</attwidth><atprecis Sync="TRUE">0</atprecis><attscale Sync="TRUE">0</attscale></attr><attr><attrlabl Sync="TRUE">Building_T</attrlabl><attalias Sync="TRUE">Building_T</attalias><attrtype Sync="TRUE">String</attrtype><attwidth Sync="TRUE">2</attwidth><atprecis Sync="TRUE">0</atprecis><attscale Sync="TRUE">0</attscale></attr><attr><attrlabl Sync="TRUE">DLG</attrlabl><attalias Sync="TRUE">DLG</attalias><attrtype Sync="TRUE">String</attrtype><attwidth Sync="TRUE">8</attwidth><atprecis Sync="TRUE">0</atprecis><attscale Sync="TRUE">0</attscale></attr><attr><attrlabl Sync="TRUE">Shape_Leng</attrlabl><attalias Sync="TRUE">Shape_Leng</attalias><attrtype Sync="TRUE">Double</attrtype><attwidth Sync="TRUE">19</attwidth><atprecis Sync="TRUE">0</atprecis><attscale Sync="TRUE">0</attscale></attr><attr><attrlabl Sync="TRUE">DATE_</attrlabl><attalias Sync="TRUE">DATE_</attalias><attrtype Sync="TRUE">String</attrtype><attwidth Sync="TRUE">10</attwidth><atprecis Sync="TRUE">0</atprecis><attscale Sync="TRUE">0</attscale></attr></detailed></eainfo><mdDateSt Sync="TRUE">20140305</mdDateSt><dataqual><lineage><procstep><procdesc Sync="TRUE">Dataset copied.</procdesc><srcused Sync="TRUE">\\10.68.1.102\geospace\gis\geodata\Falls_Church_Geodatabase.mdb</srcused><procdate Sync="TRUE">20090716</procdate><proctime Sync="TRUE">15552600</proctime></procstep><procstep><procdesc Sync="TRUE">Dataset copied.</procdesc><srcused Sync="TRUE">\\10.68.1.102\geospace\gis\geodata\FallsChurch.gdb</srcused><procdate Sync="TRUE">20090811</procdate><proctime Sync="TRUE">14582500</proctime></procstep></lineage></dataqual></metadata>
