<metadata xml:lang="en"><Esri><CreaDate>20130627</CreaDate><CreaTime>09555500</CreaTime><ArcGISFormat>1.0</ArcGISFormat><ArcGISstyle>FGDC CSDGM Metadata</ArcGISstyle><SyncOnce>FALSE</SyncOnce><DataProperties><lineage><Process ToolSource="C:\Program Files (x86)\ArcGIS\Desktop10.0\ArcToolbox\Toolboxes\3D Analyst Tools.tbx\SurfaceContour" Date="20130306" Time="095457">SurfaceContour CFC_TIN C:\Users\apeters\Desktop\VA\FALLSCHURCH\Dewb_Contours\contours1.shp 2 0 Contour 0 # Index_Cont 1 0</Process><Process Name="Smooth Line" ToolSource="C:\Program Files (x86)\ArcGIS\Desktop10.0\ArcToolbox\Toolboxes\Data Management Tools.tbx\SmoothLine" Date="20130306" Time="100504">SmoothLine contours1 C:\Users\apeters\Desktop\Scratch\Scratch_Database.gdb\ConSm1 PAEK "0.5 Feet" FIXED_CLOSED_ENDPOINT NO_CHECK</Process><Process Name="Simplify Line" ToolSource="C:\Program Files (x86)\ArcGIS\Desktop10.0\ArcToolbox\Toolboxes\Data Management Tools.tbx\SimplifyLine" Date="20130306" Time="100523">SimplifyLine C:\Users\apeters\Desktop\Scratch\Scratch_Database.gdb\ConSm1 C:\Users\apeters\Desktop\Scratch\Scratch_Database.gdb\ConSm_1_Simplify1 POINT_REMOVE "0.1 Feet" FLAG_ERRORS KEEP_COLLAPSED_POINTS NO_CHECK</Process><Process Name="Smooth Line (2)" ToolSource="C:\Program Files (x86)\ArcGIS\Desktop10.0\ArcToolbox\Toolboxes\Data Management Tools.tbx\SmoothLine" Date="20130306" Time="100608">SmoothLine C:\Users\apeters\Desktop\Scratch\Scratch_Database.gdb\ConSm_1_Simplify1 C:\Users\apeters\Desktop\Scratch\Scratch_Database.gdb\ConSm_1_Simplify1_SmoothLine PAEK "1 Feet" FIXED_CLOSED_ENDPOINT NO_CHECK</Process><Process Name="Simplify Line (2)" ToolSource="C:\Program Files (x86)\ArcGIS\Desktop10.0\ArcToolbox\Toolboxes\Data Management Tools.tbx\SimplifyLine" Date="20130306" Time="100626">SimplifyLine C:\Users\apeters\Desktop\Scratch\Scratch_Database.gdb\ConSm_1_Simplify1_SmoothLine C:\Users\apeters\Desktop\Scratch\Scratch_Database.gdb\ConSm_1_Simplify1_SmoothLine1 POINT_REMOVE "0.1 Feet" FLAG_ERRORS KEEP_COLLAPSED_POINTS NO_CHECK</Process><Process Name="Smooth Line (3)" ToolSource="C:\Program Files (x86)\ArcGIS\Desktop10.0\ArcToolbox\Toolboxes\Data Management Tools.tbx\SmoothLine" Date="20130306" Time="100655">SmoothLine C:\Users\apeters\Desktop\Scratch\Scratch_Database.gdb\ConSm_1_Simplify1_SmoothLine1 C:\Users\apeters\Desktop\Scratch\Scratch_Database.gdb\ConSm_1_Simplify1_SmoothLine2 PAEK "2 Feet" FIXED_CLOSED_ENDPOINT NO_CHECK</Process><Process Name="Simplify Line (3)" ToolSource="C:\Program Files (x86)\ArcGIS\Desktop10.0\ArcToolbox\Toolboxes\Data Management Tools.tbx\SimplifyLine" Date="20130306" Time="100710">SimplifyLine C:\Users\apeters\Desktop\Scratch\Scratch_Database.gdb\ConSm_1_Simplify1_SmoothLine2 C:\Users\apeters\Desktop\VA\FALLSCHURCH\Dewb_Contours\contours1_smooth.shp POINT_REMOVE "0.1 Feet" FLAG_ERRORS KEEP_COLLAPSED_POINTS NO_CHECK</Process><Process ToolSource="C:\Program Files (x86)\ArcGIS\Desktop10.0\ArcToolbox\Toolboxes\Data Management Tools.tbx\Merge" Date="20130509" Time="084315">Merge contours1_smooth;Contour_Line C:\Users\apeters\Desktop\VA\FALLSCHURCH\Dewb_Contours\Contour_Line.shp "Id "Id" true true false 9 Long 0 9 ,First,#,contours1_smooth,Id,-1,-1;Contour "Contour" true true false 9 Long 0 9 ,First,#,contours1_smooth,Contour,-1,-1;Shape_Leng "Shape_Leng" true true false 19 Double 0 0 ,First,#,contours1_smooth,Shape_Leng,-1,-1,Contour_Line,Shape_Leng,-1,-1;FNODE_ "FNODE_" true true false 9 Long 0 9 ,First,#,Contour_Line,FNODE_,-1,-1;TNODE_ "TNODE_" true true false 9 Long 0 9 ,First,#,Contour_Line,TNODE_,-1,-1;LPOLY_ "LPOLY_" true true false 9 Long 0 9 ,First,#,Contour_Line,LPOLY_,-1,-1;RPOLY_ "RPOLY_" true true false 9 Long 0 9 ,First,#,Contour_Line,RPOLY_,-1,-1;LENGTH "LENGTH" true true false 19 Double 0 0 ,First,#,Contour_Line,LENGTH,-1,-1;CONTOUR_ "CONTOUR_" true true false 9 Long 0 9 ,First,#,Contour_Line,CONTOUR_,-1,-1;CONTOUR_ID "CONTOUR_ID" true true false 9 Long 0 9 ,First,#,Contour_Line,CONTOUR_ID,-1,-1;DLG "DLG" true true false 8 Text 0 0 ,First,#,Contour_Line,DLG,-1,-1;LOCK__ID "LOCK__ID" true true false 9 Long 0 9 ,First,#,Contour_Line,LOCK__ID,-1,-1;PHASE__ID "PHASE__ID" true true false 4 Short 0 4 ,First,#,Contour_Line,PHASE__ID,-1,-1;OBJECT__ID "OBJECT__ID" true true false 9 Long 0 9 ,First,#,Contour_Line,OBJECT__ID,-1,-1;CREATE__ID "CREATE__ID" true true false 9 Long 0 9 ,First,#,Contour_Line,CREATE__ID,-1,-1;TYPE "TYPE" true true false 32 Text 0 0 ,First,#,Contour_Line,TYPE,-1,-1"</Process><Process ToolSource="C:\Program Files (x86)\ArcGIS\Desktop10.0\ArcToolbox\Toolboxes\Data Management Tools.tbx\CalculateField" Date="20130509" Time="085928">CalculateField Contour_Line LENGTH [Shape_Leng] VB #</Process><Process ToolSource="C:\Program Files (x86)\ArcGIS\Desktop10.0\ArcToolbox\Toolboxes\Data Management Tools.tbx\CalculateField" Date="20130509" Time="090318">CalculateField Contour_Line TYPE "Index Contour" VB #</Process><Process ToolSource="C:\Program Files (x86)\ArcGIS\Desktop10.0\ArcToolbox\Toolboxes\Data Management Tools.tbx\CalculateField" Date="20130509" Time="090336">CalculateField Contour_Line TYPE "Inter. Contour" VB #</Process><Process ToolSource="C:\Program Files (x86)\ArcGIS\Desktop10.0\ArcToolbox\Toolboxes\Data Management Tools.tbx\CalculateField" Date="20130509" Time="152129">CalculateField Contour_Line_DEWB CONTOUR_ [FID]+1 VB #</Process><Process ToolSource="C:\Program Files\ArcGIS\Desktop10.0\ArcToolbox\Toolboxes\Conversion Tools.tbx\FeatureClassToFeatureClass" Date="20130624" Time="092602">FeatureClassToFeatureClass P:\GIS\Data\temp\Contours_From_Dewberry\Contours_Final\Contour_Line.shp P:\GIS\Data\Database\FallsChurch.gdb\Elevation ContourLines # "Id "Id" true true false 9 Long 0 9 ,First,#,P:\GIS\Data\temp\Contours_From_Dewberry\Contours_Final\Contour_Line.shp,Id,-1,-1;Contour "Contour" true true false 9 Long 0 9 ,First,#,P:\GIS\Data\temp\Contours_From_Dewberry\Contours_Final\Contour_Line.shp,Contour,-1,-1;Shape_Leng "Shape_Leng" true true false 19 Double 0 0 ,First,#,P:\GIS\Data\temp\Contours_From_Dewberry\Contours_Final\Contour_Line.shp,Shape_Leng,-1,-1;FNODE_ "FNODE_" true true false 9 Long 0 9 ,First,#,P:\GIS\Data\temp\Contours_From_Dewberry\Contours_Final\Contour_Line.shp,FNODE_,-1,-1;TNODE_ "TNODE_" true true false 9 Long 0 9 ,First,#,P:\GIS\Data\temp\Contours_From_Dewberry\Contours_Final\Contour_Line.shp,TNODE_,-1,-1;LPOLY_ "LPOLY_" true true false 9 Long 0 9 ,First,#,P:\GIS\Data\temp\Contours_From_Dewberry\Contours_Final\Contour_Line.shp,LPOLY_,-1,-1;RPOLY_ "RPOLY_" true true false 9 Long 0 9 ,First,#,P:\GIS\Data\temp\Contours_From_Dewberry\Contours_Final\Contour_Line.shp,RPOLY_,-1,-1;LENGTH "LENGTH" true true false 19 Double 0 0 ,First,#,P:\GIS\Data\temp\Contours_From_Dewberry\Contours_Final\Contour_Line.shp,LENGTH,-1,-1;CONTOUR_ "CONTOUR_" true true false 9 Long 0 9 ,First,#,P:\GIS\Data\temp\Contours_From_Dewberry\Contours_Final\Contour_Line.shp,CONTOUR_,-1,-1;CONTOUR_ID "CONTOUR_ID" true true false 9 Long 0 9 ,First,#,P:\GIS\Data\temp\Contours_From_Dewberry\Contours_Final\Contour_Line.shp,CONTOUR_ID,-1,-1;DLG "DLG" true true false 8 Text 0 0 ,First,#,P:\GIS\Data\temp\Contours_From_Dewberry\Contours_Final\Contour_Line.shp,DLG,-1,-1;LOCK__ID "LOCK__ID" true true false 9 Long 0 9 ,First,#,P:\GIS\Data\temp\Contours_From_Dewberry\Contours_Final\Contour_Line.shp,LOCK__ID,-1,-1;PHASE__ID "PHASE__ID" true true false 4 Short 0 4 ,First,#,P:\GIS\Data\temp\Contours_From_Dewberry\Contours_Final\Contour_Line.shp,PHASE__ID,-1,-1;OBJECT__ID "OBJECT__ID" true true false 9 Long 0 9 ,First,#,P:\GIS\Data\temp\Contours_From_Dewberry\Contours_Final\Contour_Line.shp,OBJECT__ID,-1,-1;CREATE__ID "CREATE__ID" true true false 9 Long 0 9 ,First,#,P:\GIS\Data\temp\Contours_From_Dewberry\Contours_Final\Contour_Line.shp,CREATE__ID,-1,-1;TYPE "TYPE" true true false 32 Text 0 0 ,First,#,P:\GIS\Data\temp\Contours_From_Dewberry\Contours_Final\Contour_Line.shp,TYPE,-1,-1" #</Process><Process ToolSource="c:\program files (x86)\arcgis\desktop10.2\ArcToolbox\Toolboxes\Data Management Tools.tbx\CopyFeatures" Date="20140305" Time="085948">CopyFeatures P:\GIS\Data\Database\FallsChurchGIS.gdb\Elevation\ContourLines P:\GIS\Data\Public_Export\All\2014_January_PublicAccess\ContourLines.shp # 0 0 0</Process></lineage><itemProps><itemName Sync="TRUE">ContourLines</itemName><imsContentType Sync="TRUE">002</imsContentType><itemLocation><linkage Sync="TRUE">file://\\cfcnetapp02\Public$\GIS\Data\Public_Export\All\2014_January_PublicAccess\ContourLines.shp</linkage><protocol Sync="TRUE">Local Area Network</protocol></itemLocation><itemSize Sync="TRUE">0.000</itemSize></itemProps><coordRef><type Sync="TRUE">Projected</type><geogcsn Sync="TRUE">GCS_North_American_1983</geogcsn><projcsn Sync="TRUE">NAD_1983_StatePlane_Virginia_North_FIPS_4501_Feet</projcsn><peXml Sync="TRUE">&lt;ProjectedCoordinateSystem xsi:type='typens:ProjectedCoordinateSystem' xmlns:xsi='http://www.w3.org/2001/XMLSchema-instance' xmlns:xs='http://www.w3.org/2001/XMLSchema' xmlns:typens='http://www.esri.com/schemas/ArcGIS/10.1'&gt;&lt;WKT&gt;PROJCS[&amp;quot;NAD_1983_StatePlane_Virginia_North_FIPS_4501_Feet&amp;quot;,GEOGCS[&amp;quot;GCS_North_American_1983&amp;quot;,DATUM[&amp;quot;D_North_American_1983&amp;quot;,SPHEROID[&amp;quot;GRS_1980&amp;quot;,6378137.0,298.257222101]],PRIMEM[&amp;quot;Greenwich&amp;quot;,0.0],UNIT[&amp;quot;Degree&amp;quot;,0.0174532925199433]],PROJECTION[&amp;quot;Lambert_Conformal_Conic&amp;quot;],PARAMETER[&amp;quot;False_Easting&amp;quot;,11482916.66666666],PARAMETER[&amp;quot;False_Northing&amp;quot;,6561666.666666666],PARAMETER[&amp;quot;Central_Meridian&amp;quot;,-78.5],PARAMETER[&amp;quot;Standard_Parallel_1&amp;quot;,38.03333333333333],PARAMETER[&amp;quot;Standard_Parallel_2&amp;quot;,39.2],PARAMETER[&amp;quot;Latitude_Of_Origin&amp;quot;,37.66666666666666],UNIT[&amp;quot;Foot_US&amp;quot;,0.3048006096012192],AUTHORITY[&amp;quot;EPSG&amp;quot;,2283]]&lt;/WKT&gt;&lt;XOrigin&gt;-110512500&lt;/XOrigin&gt;&lt;YOrigin&gt;-88858000&lt;/YOrigin&gt;&lt;XYScale&gt;36916142.964165002&lt;/XYScale&gt;&lt;ZOrigin&gt;-100000&lt;/ZOrigin&gt;&lt;ZScale&gt;10000&lt;/ZScale&gt;&lt;MOrigin&gt;-100000&lt;/MOrigin&gt;&lt;MScale&gt;10000&lt;/MScale&gt;&lt;XYTolerance&gt;0.0032808333333333331&lt;/XYTolerance&gt;&lt;ZTolerance&gt;0.001&lt;/ZTolerance&gt;&lt;MTolerance&gt;0.001&lt;/MTolerance&gt;&lt;HighPrecision&gt;true&lt;/HighPrecision&gt;&lt;WKID&gt;102746&lt;/WKID&gt;&lt;LatestWKID&gt;2283&lt;/LatestWKID&gt;&lt;/ProjectedCoordinateSystem&gt;</peXml><csUnits Sync="TRUE">Linear Unit: Foot_US (0.304801)</csUnits></coordRef></DataProperties><SyncDate>20140305</SyncDate><SyncTime>08594500</SyncTime><ModDate>20140305</ModDate><ModTime>08594500</ModTime></Esri><dataIdInfo><envirDesc Sync="TRUE">Microsoft Windows 7 Version 6.1 (Build 7601) Service Pack 1; Esri ArcGIS 10.2.0.3348</envirDesc><dataLang><languageCode value="en" country="US"></languageCode><countryCode value="USA" Sync="TRUE"></countryCode></dataLang><idCitation><resTitle Sync="TRUE">ContourLines</resTitle><presForm><PresFormCd value="005"></PresFormCd></presForm></idCitation><descKeys><thesaName uuidref="723f6998-058e-11dc-8314-0800200c9a66"></thesaName><keyword Sync="TRUE">002</keyword></descKeys><spatRpType><SpatRepTypCd value="001"></SpatRepTypCd></spatRpType></dataIdInfo><mdLang><languageCode value="en"></languageCode><countryCode value="USA" Sync="TRUE"></countryCode></mdLang><distInfo><distFormat><formatName Sync="TRUE">Shapefile</formatName></distFormat><distTranOps><transSize Sync="TRUE">0.000</transSize></distTranOps></distInfo><mdHrLv><ScopeCd value="005"></ScopeCd></mdHrLv><mdHrLvName Sync="TRUE">dataset</mdHrLvName><refSysInfo><RefSystem><refSysID><identCode code="2283"></identCode><idCodeSpace Sync="TRUE">EPSG</idCodeSpace><idVersion Sync="TRUE">8.1.1</idVersion></refSysID></RefSystem></refSysInfo><spdoinfo><ptvctinf><esriterm Name="ContourLines"><efeatyp Sync="TRUE">Simple</efeatyp><efeageom code="3" Sync="TRUE"></efeageom><esritopo Sync="TRUE">FALSE</esritopo><efeacnt Sync="TRUE">0</efeacnt><spindex Sync="TRUE">FALSE</spindex><linrefer Sync="TRUE">FALSE</linrefer></esriterm></ptvctinf></spdoinfo><spatRepInfo><VectSpatRep><geometObjs Name="ContourLines"><geoObjTyp><GeoObjTypCd value="002" Sync="TRUE"></GeoObjTypCd></geoObjTyp><geoObjCnt Sync="TRUE">0</geoObjCnt></geometObjs><topLvl><TopoLevCd value="001" Sync="TRUE"></TopoLevCd></topLvl></VectSpatRep></spatRepInfo><eainfo><detailed Name="ContourLines"><enttyp><enttypl Sync="TRUE">ContourLines</enttypl><enttypt Sync="TRUE">Feature Class</enttypt><enttypc Sync="TRUE">0</enttypc></enttyp><attr><attrlabl Sync="TRUE">FID</attrlabl><attalias Sync="TRUE">FID</attalias><attrtype Sync="TRUE">OID</attrtype><attwidth Sync="TRUE">4</attwidth><atprecis Sync="TRUE">0</atprecis><attscale Sync="TRUE">0</attscale><attrdef Sync="TRUE">Internal feature number.</attrdef><attrdefs Sync="TRUE">Esri</attrdefs><attrdomv><udom Sync="TRUE">Sequential unique whole numbers that are automatically generated.</udom></attrdomv></attr><attr><attrlabl Sync="TRUE">Shape</attrlabl><attalias Sync="TRUE">Shape</attalias><attrtype Sync="TRUE">Geometry</attrtype><attwidth Sync="TRUE">0</attwidth><atprecis Sync="TRUE">0</atprecis><attscale Sync="TRUE">0</attscale><attrdef Sync="TRUE">Feature geometry.</attrdef><attrdefs Sync="TRUE">ESRI</attrdefs><attrdomv><udom Sync="TRUE">Coordinates defining the features.</udom></attrdomv></attr><attr><attrlabl Sync="TRUE">Id</attrlabl><attalias Sync="TRUE">Id</attalias><attrtype Sync="TRUE">Integer</attrtype><attwidth Sync="TRUE">9</attwidth><atprecis Sync="TRUE">9</atprecis><attscale Sync="TRUE">0</attscale></attr><attr><attrlabl Sync="TRUE">Contour</attrlabl><attalias Sync="TRUE">Contour</attalias><attrtype Sync="TRUE">Integer</attrtype><attwidth Sync="TRUE">9</attwidth><atprecis Sync="TRUE">9</atprecis><attscale Sync="TRUE">0</attscale></attr><attr><attrlabl Sync="TRUE">Shape_Leng</attrlabl><attalias Sync="TRUE">Shape_Leng</attalias><attrtype Sync="TRUE">Double</attrtype><attwidth Sync="TRUE">19</attwidth><atprecis Sync="TRUE">0</atprecis><attscale Sync="TRUE">0</attscale></attr><attr><attrlabl Sync="TRUE">FNODE_</attrlabl><attalias Sync="TRUE">FNODE_</attalias><attrtype Sync="TRUE">Integer</attrtype><attwidth Sync="TRUE">9</attwidth><atprecis Sync="TRUE">9</atprecis><attscale Sync="TRUE">0</attscale></attr><attr><attrlabl Sync="TRUE">TNODE_</attrlabl><attalias Sync="TRUE">TNODE_</attalias><attrtype Sync="TRUE">Integer</attrtype><attwidth Sync="TRUE">9</attwidth><atprecis Sync="TRUE">9</atprecis><attscale Sync="TRUE">0</attscale></attr><attr><attrlabl Sync="TRUE">LPOLY_</attrlabl><attalias Sync="TRUE">LPOLY_</attalias><attrtype Sync="TRUE">Integer</attrtype><attwidth Sync="TRUE">9</attwidth><atprecis Sync="TRUE">9</atprecis><attscale Sync="TRUE">0</attscale></attr><attr><attrlabl Sync="TRUE">RPOLY_</attrlabl><attalias Sync="TRUE">RPOLY_</attalias><attrtype Sync="TRUE">Integer</attrtype><attwidth Sync="TRUE">9</attwidth><atprecis Sync="TRUE">9</atprecis><attscale Sync="TRUE">0</attscale></attr><attr><attrlabl Sync="TRUE">LENGTH</attrlabl><attalias Sync="TRUE">LENGTH</attalias><attrtype Sync="TRUE">Double</attrtype><attwidth Sync="TRUE">19</attwidth><atprecis Sync="TRUE">0</atprecis><attscale Sync="TRUE">0</attscale></attr><attr><attrlabl Sync="TRUE">CONTOUR_</attrlabl><attalias Sync="TRUE">CONTOUR_</attalias><attrtype Sync="TRUE">Integer</attrtype><attwidth Sync="TRUE">9</attwidth><atprecis Sync="TRUE">9</atprecis><attscale Sync="TRUE">0</attscale></attr><attr><attrlabl Sync="TRUE">CONTOUR_ID</attrlabl><attalias Sync="TRUE">CONTOUR_ID</attalias><attrtype Sync="TRUE">Integer</attrtype><attwidth Sync="TRUE">9</attwidth><atprecis Sync="TRUE">9</atprecis><attscale Sync="TRUE">0</attscale></attr><attr><attrlabl Sync="TRUE">DLG</attrlabl><attalias Sync="TRUE">DLG</attalias><attrtype Sync="TRUE">String</attrtype><attwidth Sync="TRUE">8</attwidth><atprecis Sync="TRUE">0</atprecis><attscale Sync="TRUE">0</attscale></attr><attr><attrlabl Sync="TRUE">LOCK__ID</attrlabl><attalias Sync="TRUE">LOCK__ID</attalias><attrtype Sync="TRUE">Integer</attrtype><attwidth Sync="TRUE">9</attwidth><atprecis Sync="TRUE">9</atprecis><attscale Sync="TRUE">0</attscale></attr><attr><attrlabl Sync="TRUE">PHASE__ID</attrlabl><attalias Sync="TRUE">PHASE__ID</attalias><attrtype Sync="TRUE">SmallInteger</attrtype><attwidth Sync="TRUE">4</attwidth><atprecis Sync="TRUE">4</atprecis><attscale Sync="TRUE">0</attscale></attr><attr><attrlabl Sync="TRUE">OBJECT__ID</attrlabl><attalias Sync="TRUE">OBJECT__ID</attalias><attrtype Sync="TRUE">Integer</attrtype><attwidth Sync="TRUE">9</attwidth><atprecis Sync="TRUE">9</atprecis><attscale Sync="TRUE">0</attscale></attr><attr><attrlabl Sync="TRUE">CREATE__ID</attrlabl><attalias Sync="TRUE">CREATE__ID</attalias><attrtype Sync="TRUE">Integer</attrtype><attwidth Sync="TRUE">9</attwidth><atprecis Sync="TRUE">9</atprecis><attscale Sync="TRUE">0</attscale></attr><attr><attrlabl Sync="TRUE">TYPE</attrlabl><attalias Sync="TRUE">TYPE</attalias><attrtype Sync="TRUE">String</attrtype><attwidth Sync="TRUE">32</attwidth><atprecis Sync="TRUE">0</atprecis><attscale Sync="TRUE">0</attscale></attr><attr><attrlabl Sync="TRUE">Shape_Le_1</attrlabl><attalias Sync="TRUE">Shape_Le_1</attalias><attrtype Sync="TRUE">Double</attrtype><attwidth Sync="TRUE">19</attwidth><atprecis Sync="TRUE">0</atprecis><attscale Sync="TRUE">0</attscale></attr></detailed></eainfo><mdDateSt Sync="TRUE">20140305</mdDateSt></metadata>
