<metadata xml:lang="en"><Esri><CreaDate>20130627</CreaDate><CreaTime>09593000</CreaTime><SyncOnce>FALSE</SyncOnce><SyncDate>20140305</SyncDate><SyncTime>08594100</SyncTime><ModDate>20140305</ModDate><ModTime>08594100</ModTime><DataProperties><lineage><Process ToolSource="D:\Program Files\ArcGIS\ArcToolbox\Toolboxes\Linear Referencing Tools.tbx\CalibrateRoutes" Date="20111221" Time="212356">CalibrateRoutes P:\2011_010_Fall_Church_Stormwater_General_Engineering\TO_02_Storm_Sewer_Data_Recon_Mgt\GIS\Database\Storm_Sewer_Network.gdb\Network\Pipes PIPE_ID P:\2011_010_Fall_Church_Stormwater_General_Engineering\TO_02_Storm_Sewer_Data_Recon_Mgt\GIS\Shapefiles\XYmeasureCalibrationPoints.shp Pipe_ID M P:\2011_010_Fall_Church_Stormwater_General_Engineering\TO_02_Storm_Sewer_Data_Recon_Mgt\GIS\Database\Storm_Sewer_Network.gdb\Network\Pipes2 DISTANCE "0 Unknown" BETWEEN BEFORE AFTER IGNORE KEEP INDEX</Process><Process ToolSource="C:\Program Files\ArcGIS\ArcToolbox\Toolboxes\Linear Referencing Tools.tbx\CreateRoutes" Date="20111222" Time="144130">CreateRoutes P:\2011_010_Fall_Church_Stormwater_General_Engineering\TO_02_Storm_Sewer_Data_Recon_Mgt\GIS\Database\Storm_Sewer_Network.gdb\Network\Pipes PIPE_ID P:\2011_010_Fall_Church_Stormwater_General_Engineering\TO_02_Storm_Sewer_Data_Recon_Mgt\GIS\Database\Storm_Sewer_Network.gdb\Network\Pipes_CreateRoutes1 TWO_FIELDS Mfrom Mto UPPER_LEFT 1 0 IGNORE INDEX</Process><Process ToolSource="C:\Program Files\ArcGIS\Desktop10.0\ArcToolbox\Toolboxes\Conversion Tools.tbx\FeatureClassToFeatureClass" Date="20130219" Time="104747">FeatureClassToFeatureClass "P:\GIS\Data\Project\Storm Sewer\Storm_Sewer_Network.gdb\Network\Pipes" \\cfcnetapp02\mviverito$\Geodatabase\FallsChurch.gdb\Stormwater StormPipes # "PIPE_ID "PIPE_ID" true true false 11 Text 0 0 ,First,#,P:\GIS\Data\Project\Storm Sewer\Storm_Sewer_Network.gdb\Network\Pipes,PIPE_ID,-1,-1;Shape_Length "Shape_Length" false true true 8 Double 0 0 ,First,#,P:\GIS\Data\Project\Storm Sewer\Storm_Sewer_Network.gdb\Network\Pipes,Shape_Length,-1,-1;OLD_PIPE "OLD_PIPE" true true false 20 Text 0 0 ,First,#,P:\GIS\Data\Project\Storm Sewer\Storm_Sewer_Network.gdb\Network\Pipes,OLD_PIPE,-1,-1;FROM_STRUC "FROM_STRUC" true true false 5 Text 0 0 ,First,#,P:\GIS\Data\Project\Storm Sewer\Storm_Sewer_Network.gdb\Network\Pipes,FROM_STRUC,-1,-1;TO_STRUC "TO_STRUC" true true false 5 Text 0 0 ,First,#,P:\GIS\Data\Project\Storm Sewer\Storm_Sewer_Network.gdb\Network\Pipes,TO_STRUC,-1,-1;MATERIAL "MATERIAL" true true false 25 Text 0 0 ,First,#,P:\GIS\Data\Project\Storm Sewer\Storm_Sewer_Network.gdb\Network\Pipes,MATERIAL,-1,-1;PIPE_SHAPE "PIPE_SHAPE" true true false 20 Text 0 0 ,First,#,P:\GIS\Data\Project\Storm Sewer\Storm_Sewer_Network.gdb\Network\Pipes,PIPE_SHAPE,-1,-1;NUMBARRELS "NUMBARRELS" true true false 2 Short 0 0 ,First,#,P:\GIS\Data\Project\Storm Sewer\Storm_Sewer_Network.gdb\Network\Pipes,NUMBARRELS,-1,-1;HEIGHT "HEIGHT" true true false 2 Short 0 0 ,First,#,P:\GIS\Data\Project\Storm Sewer\Storm_Sewer_Network.gdb\Network\Pipes,HEIGHT,-1,-1;WIDTH "WIDTH" true true false 2 Short 0 0 ,First,#,P:\GIS\Data\Project\Storm Sewer\Storm_Sewer_Network.gdb\Network\Pipes,WIDTH,-1,-1;INVERT_UP "INVERT_UP" true true false 8 Double 0 0 ,First,#,P:\GIS\Data\Project\Storm Sewer\Storm_Sewer_Network.gdb\Network\Pipes,INVERT_UP,-1,-1;INVERT_DWN "INVERT_DWN" true true false 8 Double 0 0 ,First,#,P:\GIS\Data\Project\Storm Sewer\Storm_Sewer_Network.gdb\Network\Pipes,INVERT_DWN,-1,-1;SLOPE "SLOPE" true true false 8 Double 0 0 ,First,#,P:\GIS\Data\Project\Storm Sewer\Storm_Sewer_Network.gdb\Network\Pipes,SLOPE,-1,-1;LENGTHSURV "LENGTHSURV" true true false 2 Short 0 0 ,First,#,P:\GIS\Data\Project\Storm Sewer\Storm_Sewer_Network.gdb\Network\Pipes,LENGTHSURV,-1,-1;NOTES "NOTES" true true false 50 Text 0 0 ,First,#,P:\GIS\Data\Project\Storm Sewer\Storm_Sewer_Network.gdb\Network\Pipes,NOTES,-1,-1;NeedsCheck "NeedsCheck" true true false 50 Text 0 0 ,First,#,P:\GIS\Data\Project\Storm Sewer\Storm_Sewer_Network.gdb\Network\Pipes,NeedsCheck,-1,-1" #</Process><Process ToolSource="c:\program files (x86)\arcgis\desktop10.2\ArcToolbox\Toolboxes\Data Management Tools.tbx\CopyFeatures" Date="20140305" Time="085941">CopyFeatures P:\GIS\Data\Database\FallsChurchGIS.gdb\Stormwater\StormPipes P:\GIS\Data\Public_Export\All\2014_January_PublicAccess\StormPipes.shp # 0 0 0</Process></lineage><itemProps><itemName Sync="TRUE">StormPipes</itemName><imsContentType Sync="TRUE">002</imsContentType><itemLocation><linkage Sync="TRUE">file://\\cfcnetapp02\Public$\GIS\Data\Public_Export\All\2014_January_PublicAccess\StormPipes.shp</linkage><protocol Sync="TRUE">Local Area Network</protocol></itemLocation><itemSize Sync="TRUE">0.000</itemSize></itemProps><coordRef><type Sync="TRUE">Projected</type><geogcsn Sync="TRUE">GCS_North_American_1983</geogcsn><projcsn Sync="TRUE">NAD_1983_StatePlane_Virginia_North_FIPS_4501_Feet</projcsn><peXml Sync="TRUE">&lt;ProjectedCoordinateSystem xsi:type='typens:ProjectedCoordinateSystem' xmlns:xsi='http://www.w3.org/2001/XMLSchema-instance' xmlns:xs='http://www.w3.org/2001/XMLSchema' xmlns:typens='http://www.esri.com/schemas/ArcGIS/10.1'&gt;&lt;WKT&gt;PROJCS[&amp;quot;NAD_1983_StatePlane_Virginia_North_FIPS_4501_Feet&amp;quot;,GEOGCS[&amp;quot;GCS_North_American_1983&amp;quot;,DATUM[&amp;quot;D_North_American_1983&amp;quot;,SPHEROID[&amp;quot;GRS_1980&amp;quot;,6378137.0,298.257222101]],PRIMEM[&amp;quot;Greenwich&amp;quot;,0.0],UNIT[&amp;quot;Degree&amp;quot;,0.0174532925199433]],PROJECTION[&amp;quot;Lambert_Conformal_Conic&amp;quot;],PARAMETER[&amp;quot;False_Easting&amp;quot;,11482916.66666666],PARAMETER[&amp;quot;False_Northing&amp;quot;,6561666.666666666],PARAMETER[&amp;quot;Central_Meridian&amp;quot;,-78.5],PARAMETER[&amp;quot;Standard_Parallel_1&amp;quot;,38.03333333333333],PARAMETER[&amp;quot;Standard_Parallel_2&amp;quot;,39.2],PARAMETER[&amp;quot;Latitude_Of_Origin&amp;quot;,37.66666666666666],UNIT[&amp;quot;Foot_US&amp;quot;,0.3048006096012192],AUTHORITY[&amp;quot;EPSG&amp;quot;,2283]]&lt;/WKT&gt;&lt;XOrigin&gt;-110512500&lt;/XOrigin&gt;&lt;YOrigin&gt;-88858000&lt;/YOrigin&gt;&lt;XYScale&gt;36916142.964165002&lt;/XYScale&gt;&lt;ZOrigin&gt;-100000&lt;/ZOrigin&gt;&lt;ZScale&gt;10000&lt;/ZScale&gt;&lt;MOrigin&gt;-100000&lt;/MOrigin&gt;&lt;MScale&gt;10000&lt;/MScale&gt;&lt;XYTolerance&gt;0.0032808333333333331&lt;/XYTolerance&gt;&lt;ZTolerance&gt;0.001&lt;/ZTolerance&gt;&lt;MTolerance&gt;0.001&lt;/MTolerance&gt;&lt;HighPrecision&gt;true&lt;/HighPrecision&gt;&lt;WKID&gt;102746&lt;/WKID&gt;&lt;LatestWKID&gt;2283&lt;/LatestWKID&gt;&lt;/ProjectedCoordinateSystem&gt;</peXml><csUnits Sync="TRUE">Linear Unit: Foot_US (0.304801)</csUnits></coordRef></DataProperties><ArcGISFormat>1.0</ArcGISFormat></Esri><idinfo><native Sync="TRUE">Microsoft Windows XP Version 5.1 (Build 2600) Service Pack 3; ESRI ArcCatalog 9.3.1.3000</native><descript><langdata Sync="TRUE">en</langdata><abstract>REQUIRED: A brief narrative summary of the data set.</abstract><purpose>REQUIRED: A summary of the intentions with which the data set was developed.</purpose></descript><citation><citeinfo><origin>REQUIRED: The name of an organization or individual that developed the data set.</origin><pubdate>REQUIRED: The date when the data set is published or otherwise made available for release.</pubdate><title Sync="TRUE">Pipes_CreateRoutes1</title><ftname Sync="TRUE">Pipes_CreateRoutes1</ftname><geoform Sync="TRUE">vector digital data</geoform><onlink Sync="TRUE">\\GKYDC02\Projects\2011_010_Fall_Church_Stormwater_General_Engineering\TO_02_Storm_Sewer_Data_Recon_Mgt\GIS\Database\Storm_Sewer_Network.gdb</onlink></citeinfo></citation><timeperd><current>REQUIRED: The basis on which the time period of content information is determined.</current><timeinfo><sngdate><caldate>REQUIRED: The year (and optionally month, or month and day) for which the data set corresponds to the ground.</caldate></sngdate></timeinfo></timeperd><status><progress>REQUIRED: The state of the data set.</progress><update>REQUIRED: The frequency with which changes and additions are made to the data set after the initial data set is completed.</update></status><spdom><bounding><westbc Sync="TRUE">REQUIRED: Western-most coordinate of the limit of coverage expressed in longitude.</westbc><eastbc Sync="TRUE">REQUIRED: Eastern-most coordinate of the limit of coverage expressed in longitude.</eastbc><northbc Sync="TRUE">REQUIRED: Northern-most coordinate of the limit of coverage expressed in latitude.</northbc><southbc Sync="TRUE">REQUIRED: Southern-most coordinate of the limit of coverage expressed in latitude.</southbc></bounding></spdom><keywords><theme><themekt>REQUIRED: Reference to a formally registered thesaurus or a similar authoritative source of theme keywords.</themekt><themekey>REQUIRED: Common-use word or phrase used to describe the subject of the data set.</themekey></theme></keywords><accconst>REQUIRED: Restrictions and legal prerequisites for accessing the data set.</accconst><useconst>REQUIRED: Restrictions and legal prerequisites for using the data set after access is granted.</useconst><natvform Sync="TRUE">File Geodatabase Feature Class</natvform></idinfo><dataIdInfo><envirDesc Sync="TRUE">Microsoft Windows 7 Version 6.1 (Build 7601) Service Pack 1; Esri ArcGIS 10.2.0.3348</envirDesc><dataLang><languageCode Sync="TRUE" value="eng" country="US"></languageCode><countryCode value="USA" Sync="TRUE"></countryCode></dataLang><idCitation><resTitle Sync="TRUE">StormPipes</resTitle><presForm><PresFormCd value="005"></PresFormCd></presForm></idCitation><descKeys><thesaName uuidref="723f6998-058e-11dc-8314-0800200c9a66"></thesaName><keyword Sync="TRUE">002</keyword></descKeys><spatRpType><SpatRepTypCd value="001"></SpatRepTypCd></spatRpType></dataIdInfo><metainfo><langmeta Sync="TRUE">en</langmeta><metstdn Sync="TRUE">FGDC Content Standards for Digital Geospatial Metadata</metstdn><metstdv Sync="TRUE">FGDC-STD-001-1998</metstdv><mettc Sync="TRUE">local time</mettc><metc><cntinfo><cntorgp><cntper>REQUIRED: The person responsible for the metadata information.</cntper><cntorg>REQUIRED: The organization responsible for the metadata information.</cntorg></cntorgp><cntaddr><addrtype>REQUIRED: The mailing and/or physical address for the organization or individual.</addrtype><city>REQUIRED: The city of the address.</city><state>REQUIRED: The state or province of the address.</state><postal>REQUIRED: The ZIP or other postal code of the address.</postal></cntaddr><cntvoice>REQUIRED: The telephone number by which individuals can speak to the organization or individual.</cntvoice></cntinfo></metc><metd Sync="TRUE">20111222</metd></metainfo><mdLang><languageCode Sync="TRUE" value="eng"></languageCode><countryCode value="USA" Sync="TRUE"></countryCode></mdLang><mdStanName Sync="TRUE">ISO 19115 Geographic Information - Metadata</mdStanName><mdStanVer Sync="TRUE">DIS_ESRI1.0</mdStanVer><mdChar><CharSetCd Sync="TRUE" value="004"></CharSetCd></mdChar><mdHrLv><ScopeCd Sync="TRUE" value="005"></ScopeCd></mdHrLv><mdHrLvName Sync="TRUE">dataset</mdHrLvName><distinfo><resdesc Sync="TRUE">Downloadable Data</resdesc></distinfo><distInfo><distributor><distorTran><onLineSrc><orDesc Sync="TRUE">002</orDesc><linkage Sync="TRUE">file://\\GKYDC02\Projects\2011_010_Fall_Church_Stormwater_General_Engineering\TO_02_Storm_Sewer_Data_Recon_Mgt\GIS\Database\Storm_Sewer_Network.gdb</linkage><protocol Sync="TRUE">Local Area Network</protocol></onLineSrc></distorTran><distorFormat><formatName Sync="TRUE">File Geodatabase Feature Class</formatName></distorFormat></distributor><distFormat><formatName Sync="TRUE">Shapefile</formatName></distFormat><distTranOps><transSize Sync="TRUE">0.000</transSize></distTranOps></distInfo><spdoinfo><direct Sync="TRUE">Vector</direct><ptvctinf><esriterm Name="StormPipes"><efeatyp Sync="TRUE">Simple</efeatyp><efeageom code="3" Sync="TRUE"></efeageom><esritopo Sync="TRUE">FALSE</esritopo><efeacnt Sync="TRUE">0</efeacnt><spindex Sync="TRUE">FALSE</spindex><linrefer Sync="TRUE">TRUE</linrefer></esriterm></ptvctinf></spdoinfo><spref><horizsys><cordsysn><geogcsn Sync="TRUE">GCS_North_American_1983</geogcsn><projcsn Sync="TRUE">NAD_1983_StatePlane_Virginia_North_FIPS_4501_Feet</projcsn></cordsysn><planar><planci><plance Sync="TRUE">coordinate pair</plance><plandu Sync="TRUE">survey feet</plandu><coordrep><absres Sync="TRUE">0.000328</absres><ordres Sync="TRUE">0.000328</ordres></coordrep></planci></planar><geodetic><horizdn Sync="TRUE">North American Datum of 1983</horizdn><ellips Sync="TRUE">Geodetic Reference System 80</ellips><semiaxis Sync="TRUE">6378137.000000</semiaxis><denflat Sync="TRUE">298.257222</denflat></geodetic></horizsys><vertdef><altsys><altenc Sync="TRUE">Explicit elevation coordinate included with horizontal coordinates</altenc><altres Sync="TRUE">0.000328</altres></altsys></vertdef></spref><refSysInfo><RefSystem><refSysID><identCode Sync="TRUE" code="2283">NAD_1983_StatePlane_Virginia_North_FIPS_4501_Feet</identCode><idCodeSpace Sync="TRUE">EPSG</idCodeSpace><idVersion Sync="TRUE">8.1.1</idVersion></refSysID></RefSystem></refSysInfo><spatRepInfo><VectSpatRep><geometObjs Name="StormPipes"><geoObjTyp><GeoObjTypCd value="002" Sync="TRUE"></GeoObjTypCd></geoObjTyp><geoObjCnt Sync="TRUE">0</geoObjCnt></geometObjs><topLvl><TopoLevCd value="001" Sync="TRUE"></TopoLevCd></topLvl></VectSpatRep></spatRepInfo><eainfo><detailed Name="StormPipes"><enttyp><enttypl Sync="TRUE">StormPipes</enttypl><enttypt Sync="TRUE">Feature Class</enttypt><enttypc Sync="TRUE">0</enttypc></enttyp><attr><attrlabl Sync="TRUE">FID</attrlabl><attalias Sync="TRUE">FID</attalias><attrtype Sync="TRUE">OID</attrtype><attwidth Sync="TRUE">4</attwidth><atprecis Sync="TRUE">0</atprecis><attscale Sync="TRUE">0</attscale><attrdef Sync="TRUE">Internal feature number.</attrdef><attrdefs Sync="TRUE">Esri</attrdefs><attrdomv><udom Sync="TRUE">Sequential unique whole numbers that are automatically generated.</udom></attrdomv></attr><attr><attrlabl Sync="TRUE">SHAPE</attrlabl><attalias Sync="TRUE">Shape</attalias><attrtype Sync="TRUE">Geometry</attrtype><attwidth Sync="TRUE">0</attwidth><atprecis Sync="TRUE">0</atprecis><attscale Sync="TRUE">0</attscale><attrdef Sync="TRUE">Feature geometry.</attrdef><attrdefs Sync="TRUE">ESRI</attrdefs><attrdomv><udom Sync="TRUE">Coordinates defining the features.</udom></attrdomv></attr><attr><attrlabl Sync="TRUE">PIPE_ID</attrlabl><attalias Sync="TRUE">PIPE_ID</attalias><attrtype Sync="TRUE">String</attrtype><attwidth Sync="TRUE">11</attwidth><atprecis Sync="TRUE">0</atprecis><attscale Sync="TRUE">0</attscale></attr><attr><attrlabl Sync="TRUE">OLD_PIPE</attrlabl><attalias Sync="TRUE">OLD_PIPE</attalias><attrtype Sync="TRUE">String</attrtype><attwidth Sync="TRUE">20</attwidth><atprecis Sync="TRUE">0</atprecis><attscale Sync="TRUE">0</attscale></attr><attr><attrlabl Sync="TRUE">FROM_STRUC</attrlabl><attalias Sync="TRUE">FROM_STRUC</attalias><attrtype Sync="TRUE">String</attrtype><attwidth Sync="TRUE">5</attwidth><atprecis Sync="TRUE">0</atprecis><attscale Sync="TRUE">0</attscale></attr><attr><attrlabl Sync="TRUE">TO_STRUC</attrlabl><attalias Sync="TRUE">TO_STRUC</attalias><attrtype Sync="TRUE">String</attrtype><attwidth Sync="TRUE">5</attwidth><atprecis Sync="TRUE">0</atprecis><attscale Sync="TRUE">0</attscale></attr><attr><attrlabl Sync="TRUE">MATERIAL</attrlabl><attalias Sync="TRUE">MATERIAL</attalias><attrtype Sync="TRUE">String</attrtype><attwidth Sync="TRUE">25</attwidth><atprecis Sync="TRUE">0</atprecis><attscale Sync="TRUE">0</attscale></attr><attr><attrlabl Sync="TRUE">PIPE_SHAPE</attrlabl><attalias Sync="TRUE">PIPE_SHAPE</attalias><attrtype Sync="TRUE">String</attrtype><attwidth Sync="TRUE">20</attwidth><atprecis Sync="TRUE">0</atprecis><attscale Sync="TRUE">0</attscale></attr><attr><attrlabl Sync="TRUE">NUMBARRELS</attrlabl><attalias Sync="TRUE">NUMBARRELS</attalias><attrtype Sync="TRUE">SmallInteger</attrtype><attwidth Sync="TRUE">4</attwidth><atprecis Sync="TRUE">4</atprecis><attscale Sync="TRUE">0</attscale></attr><attr><attrlabl Sync="TRUE">HEIGHT</attrlabl><attalias Sync="TRUE">HEIGHT</attalias><attrtype Sync="TRUE">SmallInteger</attrtype><attwidth Sync="TRUE">4</attwidth><atprecis Sync="TRUE">4</atprecis><attscale Sync="TRUE">0</attscale></attr><attr><attrlabl Sync="TRUE">WIDTH</attrlabl><attalias Sync="TRUE">WIDTH</attalias><attrtype Sync="TRUE">SmallInteger</attrtype><attwidth Sync="TRUE">4</attwidth><atprecis Sync="TRUE">4</atprecis><attscale Sync="TRUE">0</attscale></attr><attr><attrlabl Sync="TRUE">INVERT_UP</attrlabl><attalias Sync="TRUE">INVERT_UP</attalias><attrtype Sync="TRUE">Double</attrtype><attwidth Sync="TRUE">19</attwidth><atprecis Sync="TRUE">0</atprecis><attscale Sync="TRUE">0</attscale></attr><attr><attrlabl Sync="TRUE">INVERT_DWN</attrlabl><attalias Sync="TRUE">INVERT_DWN</attalias><attrtype Sync="TRUE">Double</attrtype><attwidth Sync="TRUE">19</attwidth><atprecis Sync="TRUE">0</atprecis><attscale Sync="TRUE">0</attscale></attr><attr><attrlabl Sync="TRUE">SLOPE</attrlabl><attalias Sync="TRUE">SLOPE</attalias><attrtype Sync="TRUE">Double</attrtype><attwidth Sync="TRUE">19</attwidth><atprecis Sync="TRUE">0</atprecis><attscale Sync="TRUE">0</attscale></attr><attr><attrlabl Sync="TRUE">LENGTHSURV</attrlabl><attalias Sync="TRUE">LENGTHSURV</attalias><attrtype Sync="TRUE">SmallInteger</attrtype><attwidth Sync="TRUE">4</attwidth><atprecis Sync="TRUE">4</atprecis><attscale Sync="TRUE">0</attscale></attr><attr><attrlabl Sync="TRUE">NOTES</attrlabl><attalias Sync="TRUE">NOTES</attalias><attrtype Sync="TRUE">String</attrtype><attwidth Sync="TRUE">50</attwidth><atprecis Sync="TRUE">0</atprecis><attscale Sync="TRUE">0</attscale></attr><attr><attrlabl Sync="TRUE">NeedsCheck</attrlabl><attalias Sync="TRUE">NeedsCheck</attalias><attrtype Sync="TRUE">String</attrtype><attwidth Sync="TRUE">50</attwidth><atprecis Sync="TRUE">0</atprecis><attscale Sync="TRUE">0</attscale></attr><attr><attrlabl Sync="TRUE">Enabled</attrlabl><attalias Sync="TRUE">Enabled</attalias><attrtype Sync="TRUE">SmallInteger</attrtype><attwidth Sync="TRUE">4</attwidth><atprecis Sync="TRUE">4</atprecis><attscale Sync="TRUE">0</attscale></attr><attr><attrlabl Sync="TRUE">Shape_Leng</attrlabl><attalias Sync="TRUE">Shape_Leng</attalias><attrtype Sync="TRUE">Double</attrtype><attwidth Sync="TRUE">19</attwidth><atprecis Sync="TRUE">0</atprecis><attscale Sync="TRUE">0</attscale></attr></detailed></eainfo><mdDateSt Sync="TRUE">20140305</mdDateSt></metadata>
