<?xml version="1.0" encoding="ISO-8859-1"?>
<!DOCTYPE metadata SYSTEM "http://www.fgdc.gov/metadata/fgdc-std-001-1998.dtd">
<metadata>
	<idinfo>
		<citation>
			<citeinfo>
				<origin>Daniel H. Doctor</origin>
				<origin>Randall C. Orndorff</origin>
				<origin>Ronald  A. Parker</origin>
				<origin>David J. Weary</origin>
				<origin>John E. Repetski</origin>
				<pubdate>2010</pubdate>
				<title>Geologic Map of the White Hall Quadrangle, Frederick County, Virginia, and Berkeley County, West Virginia: BrecciaPolys</title>
				<geoform Sync="TRUE">vector digital data</geoform>
				<serinfo>
					<sername>U.S. Geological Survey Open File Report</sername>
					<issue>2010-1265</issue>
				</serinfo>
				<pubinfo>
					<pubplace>online only</pubplace>
					<publish>U.S. Geological Survey</publish>
				</pubinfo>
				<onlink>http://pubs.usgs.gov/of/2010/1265</onlink>
				<ftname Sync="TRUE">BrecciaPolys</ftname></citeinfo>
		</citation>
		<descript>
			<abstract>This data set is part of the digital geodatabase of the geologic map of the White Hall quadrangle.  The data provide a digital representation of geologic information collected through field mapping at a scale of 1:24,000.</abstract>
			<purpose>This map was produced to provide basic geologic information for land-use planning and groundwater studies at a scale of 1:24,000 or smaller. These data will be incorporated into a 3-dimensional model of the hydrogeologic framework of the lower Shenandoah Valley.</purpose>
			<supplinf>Production of this map was funded by the National Cooperative Geologic Mapping Program of the United States Geological Survey.</supplinf>
			<langdata Sync="TRUE">en</langdata></descript>
		<timeperd>
			<timeinfo>
				<rngdates>
					<begdate>1992</begdate>
					<enddate>2010</enddate>
				</rngdates>
			</timeinfo>
			<current>ground condition</current>
		</timeperd>
		<status>
			<progress>Complete</progress>
			<update>As needed</update>
		</status>
		<spdom>
			<bounding>
				<westbc Sync="TRUE">-78.158189</westbc>
				<eastbc Sync="TRUE">-78.132892</eastbc>
				<northbc Sync="TRUE">39.311065</northbc>
				<southbc Sync="TRUE">39.258655</southbc>
			</bounding>
			<lboundng><leftbc Sync="TRUE">745197.228200</leftbc><rightbc Sync="TRUE">747199.747100</rightbc><bottombc Sync="TRUE">4349393.366600</bottombc><topbc Sync="TRUE">4355153.686400</topbc></lboundng></spdom>
		<keywords>
			<theme>
				<themekt>http://www.usgs.gov/science/about/term-simple.php</themekt>
				<themekey>bedrock</themekey>
				<themekey>geologic unit</themekey>
				<themekey>breccia</themekey>
			</theme>
			<place>
				<placekt>none</placekt>
				<placekey>Frederick County</placekey>
				<placekey>Virginia</placekey>
				<placekey>Berkeley County</placekey>
				<placekey>West Virginia</placekey>
				<placekey>United States</placekey>
			</place>
		</keywords>
		<accconst>None</accconst>
		<useconst>These data are meant for use at a scale of 1:24,000. There are no additional use constraints if properly cited. Although all data have been used by the USGS, no warranty, expressed or implied, is made by the USGS as to the accuracy of the data and related materials. Any use of trade, product, or firm names is for descriptive purposes only and does not imply endorsement by the U.S. Government.</useconst>
		<ptcontac>
			<cntinfo>
				<cntperp>
					<cntper>Daniel H. Doctor</cntper>
					<cntorg>U.S. Geological Survey</cntorg>
				</cntperp>
				<cntpos>Research Geologist</cntpos>
				<cntaddr>
					<addrtype>mailing address</addrtype>
					<address>12201 Sunrise Valley Drive, MS9 26A</address>
					<city>Reston</city>
					<state>Virginia</state>
					<postal>20192</postal>
					<country>USA</country>
				</cntaddr>
				<cntvoice>703-648-6027</cntvoice>
				<cntemail>dhdoctor@usgs.gov</cntemail>
			</cntinfo>
		</ptcontac>
		<datacred>Daniel H. Doctor, U.S. Geological Survey, Reston, Virginia</datacred>
		<secinfo>
			<secsys>none</secsys>
			<secclass>Unclassified</secclass>
			<sechandl>none</sechandl>
		</secinfo>
		<native Sync="TRUE">Microsoft Windows XP Version 5.1 (Build 2600) Service Pack 3; ESRI ArcCatalog 9.3.1.1850</native>
		<natvform Sync="TRUE">Shapefile</natvform></idinfo>
	<dataqual>
		<attracc>
			<attraccr>All point, line and polygon attributes were checked for correct values against original field data by the geologists.</attraccr>
		</attracc>
		<logic>Bedrock map unit polygons were generated from the contact lines feature class, and are therefore topologically coincident with their outlining contacts. Similarly, fault line features were generated from the contact lines where faults are coincident with contacts, and the geometry is topologically clean. These data are believed to be logically consistent, though no rigorous formal tests were performed.</logic>
		<complete>The data are complete at a resolution of 1:24,000</complete>
		<posacc>
			<horizpa>
				<horizpar>The orginally created data points (stations DrWH, WWH, and OWH) were collected with the aid of a Trimble GeoXm GPS reciever with an accuracy rating of within 3 m (10 feet).  Digitized geologic data points (stations PWH and WVGS) were obtained from 1:24,000 scale paper or mylar maps; positional accuracy of the digitized data points is not better than 50 m (150 feet), and may be poorer.</horizpar>
			</horizpa>
			<vertacc>
			</vertacc>
		</posacc>
		<lineage>
			<srcinfo>
				<srccite>
					<citeinfo>
						<origin>Peter Lessing</origin>
						<origin>Stuart L. Dean</origin>
						<origin>Byron R. Kulander</origin>
						<pubdate>1994</pubdate>
						<pubtime>Unknown</pubtime>
						<title>Geology of the White Hall Quadrangle, Berkeley County, West Virginia</title>
						<geoform>map</geoform>
						<serinfo>
							<sername>Open-File report</sername>
							<issue>OF-9406</issue>
						</serinfo>
						<pubinfo>
							<pubplace>Morgantown, West Virginia</pubplace>
							<publish>West Virginia Geological and Economic Survey</publish>
						</pubinfo>
					</citeinfo>
				</srccite>
				<srcscale>24000</srcscale>
				<typesrc>paper</typesrc>
				<srctime>
					<timeinfo>
						<sngdate>
							<caldate>1994</caldate>
							<time>unknown</time>
						</sngdate>
					</timeinfo>
					<srccurr>publication date</srccurr>
				</srctime>
				<srccitea>WVGS</srccitea>
				<srccontr>Geologic map data obtained from the West Virginia Geological and Economic Survey (WVGS) for the West Virginia portion of the White Hall quadrangle</srccontr>
			</srcinfo>
			<srcinfo>
				<srccite>
					<citeinfo>
						<origin>Ronald A. Parker</origin>
						<pubdate>Unpublished Material</pubdate>
						<title>Parker greenline</title>
						<geoform>map</geoform>
					</citeinfo>
				</srccite>
				<srcscale>24000</srcscale>
				<typesrc>transparency</typesrc>
				<srctime>
					<timeinfo>
						<rngdates>
							<begdate>1992</begdate>
							<enddate>1994</enddate>
						</rngdates>
					</timeinfo>
					<srccurr>ground condition</srccurr>
				</srctime>
				<srccitea>PWH</srccitea>
				<srccontr>Reconnaissance geologic mapping conducted by Ronald A. Parker, digitized from a mylar greenline transparency of an unpublished USGS map</srccontr>
			</srcinfo>
			<procstep>
				<procdesc>ORIGINAL DATA CREATION: 
All original structural measurements were made in the field with a Brunton geologic transit compass read to the nearest degree. Geologic data was captured in the field as point locations with a Trimble GeoXM GPS-enabled handheld computer running ArcPad 6.0 GIS software. Root mean square (RMS) horizontal error was required to be less than 3 meters (10 ft) at ground level.  A digital geographic base layer was created by georegistering then rectifying a digital raster Tagged Image File (TIF) of the USGS 7.5 minute quadrangle. The raster base map was re-projected to North American Datum 1983 geographic coordinate system, UTM Zone 17 projection. The geologic point data acquired in the field were added to an ArcMap project file, and shapefiles created over the base map. The feature classes were then exported as shapefiles for digital distribution.</procdesc>
				<procdate>Unknown</procdate>
			</procstep>
			<procstep>
				<procdesc>DIGITIZATION OF OTHER DATA:
The paper map of the West Virginia portion of the quadrangle and the mylar greenline reconnaissance map of the entire quadrangle were scanned into digital raster form, imported into the ArcMap project, overlain on the topographic base map, georeferenced, and rectified.  Point data were then digitized in ArcMap.</procdesc>
				<procdate>Unknown</procdate>
			</procstep>
			<procstep><procdesc Sync="TRUE">Dataset copied.</procdesc><srcused Sync="TRUE">\\IGSAAAHMWSG534\C$\ARC_FILES\VA_Mapping\White_Hall\WhiteHall_OPEN-FILE\WhiteHall_GIS_data\WhiteHallVA1.5.mdb</srcused><procdate Sync="TRUE">20101105</procdate><proctime Sync="TRUE">11570900</proctime></procstep></lineage>
	</dataqual>
	<spdoinfo>
		<direct Sync="TRUE">Vector</direct>
		<ptvctinf>
			<sdtsterm Name="BrecciaPolys">
				<sdtstype Sync="TRUE">G-polygon</sdtstype>
				<ptvctcnt Sync="TRUE">0</ptvctcnt>
			</sdtsterm>
			<esriterm Name="BrecciaPolys"><efeatyp Sync="TRUE">Simple</efeatyp><efeageom Sync="TRUE">Polygon</efeageom><esritopo Sync="TRUE">FALSE</esritopo><efeacnt Sync="TRUE">0</efeacnt><spindex Sync="TRUE">FALSE</spindex><linrefer Sync="TRUE">FALSE</linrefer></esriterm></ptvctinf>
	</spdoinfo>
	<spref>
		<horizsys>
			<planar>
				<planci>
					<plance Sync="TRUE">coordinate pair</plance>
					<coordrep>
						<absres Sync="TRUE">0.000000</absres>
						<ordres Sync="TRUE">0.000000</ordres>
					</coordrep>
					<plandu Sync="TRUE">meters</plandu>
				</planci>
				<mapproj><mapprojn Sync="TRUE">Transverse Mercator</mapprojn><transmer><sfctrmer Sync="TRUE">0.999600</sfctrmer><longcm Sync="TRUE">-81.000000</longcm><latprjo Sync="TRUE">0.000000</latprjo><feast Sync="TRUE">500000.000000</feast><fnorth Sync="TRUE">0.000000</fnorth></transmer></mapproj></planar>
			<geodetic>
				<horizdn Sync="TRUE">North American Datum of 1983</horizdn>
				<ellips Sync="TRUE">Geodetic Reference System 80</ellips>
				<semiaxis Sync="TRUE">6378137.000000</semiaxis>
				<denflat Sync="TRUE">298.257222</denflat>
			</geodetic>
			<cordsysn><geogcsn Sync="TRUE">GCS_North_American_1983</geogcsn><projcsn Sync="TRUE">North_American_1983_UTM_Zone_17N</projcsn></cordsysn></horizsys>
		<vertdef>
			<altsys>
				<altres Sync="TRUE">0.000100</altres>
				<altenc Sync="TRUE">Explicit elevation coordinate included with horizontal coordinates</altenc>
			</altsys>
		</vertdef>
	</spref>
	<eainfo>
		<detailed Name="BrecciaPolys">
			<enttyp>
				<enttypl Sync="TRUE">BrecciaPolys</enttypl>
				<enttypd>Map overlay polygons</enttypd>
				<enttypds>original</enttypds>
				<enttypt Sync="TRUE">Feature Class</enttypt><enttypc Sync="TRUE">0</enttypc></enttyp>
			<attr><attrlabl Sync="TRUE">FID</attrlabl><attalias Sync="TRUE">FID</attalias><attrtype Sync="TRUE">OID</attrtype><attwidth Sync="TRUE">4</attwidth><atprecis Sync="TRUE">0</atprecis><attscale Sync="TRUE">0</attscale><attrdef Sync="TRUE">Internal feature number.</attrdef><attrdefs Sync="TRUE">ESRI</attrdefs><attrdomv><udom Sync="TRUE">Sequential unique whole numbers that are automatically generated.</udom></attrdomv></attr><attr>
				<attrlabl>Shape</attrlabl>
				<attrdef>Feature geometry.</attrdef>
				<attrdefs>ESRI</attrdefs>
				<attrdomv>
					<udom>Coordinates defining the features.</udom>
				</attrdomv>
				<attalias Sync="TRUE">Shape</attalias><attrtype Sync="TRUE">Geometry</attrtype><attwidth Sync="TRUE">0</attwidth><atprecis Sync="TRUE">0</atprecis><attscale Sync="TRUE">0</attscale></attr>
			<attr>
				<attrlabl>Notes</attrlabl>
				<attrdef>Notes on breccia unit.</attrdef>
				<attrdefs>original information</attrdefs>
				<attrdomv>
					<udom>Textual notations</udom>
				</attrdomv>
				<attalias Sync="TRUE">Notes</attalias><attrtype Sync="TRUE">String</attrtype><attwidth Sync="TRUE">150</attwidth></attr>
			<attr><attrlabl Sync="TRUE">Shape_Leng</attrlabl><attalias Sync="TRUE">Shape_Leng</attalias><attrtype Sync="TRUE">Float</attrtype><attwidth Sync="TRUE">19</attwidth><atnumdec Sync="TRUE">11</atnumdec></attr><attr>
				<attrlabl>Shape_Area</attrlabl>
				<attrdef>Area of feature in internal units squared.</attrdef>
				<attrdefs>ESRI</attrdefs>
				<attrdomv>
					<udom>Positive real numbers that are automatically generated.</udom>
				</attrdomv>
				<attalias Sync="TRUE">Shape_Area</attalias><attrtype Sync="TRUE">Float</attrtype><attwidth Sync="TRUE">19</attwidth><atnumdec Sync="TRUE">11</atnumdec></attr>
		</detailed>
	</eainfo>
	<distinfo>
		<distrib>
			<cntinfo>
				<cntperp>
					<cntper>Daniel H. Doctor</cntper>
					<cntorg>U.S. Geological Survey</cntorg>
				</cntperp>
				<cntpos>Research Geologist</cntpos>
				<cntaddr>
					<addrtype>mailing address</addrtype>
					<address>12201 Sunrise Valley Drive, MS 926A</address>
					<city>Reston</city>
					<state>Virginia</state>
					<postal>20192</postal>
					<country>USA</country>
				</cntaddr>
				<cntvoice>703-648-6027</cntvoice>
				<cntemail>dhdoctor@usgs.gov</cntemail>
				<cntinst>email preferred.</cntinst>
			</cntinfo>
		</distrib>
		<resdesc>Downloadable Data</resdesc>
		<distliab>Although all data and software released have been used by the USGS, no warranty, expressed or implied, is made by the USGS as to the accuracy of the data and related materials and (or) the functioning of the software.</distliab>
		<stdorder>
			<digform>
				<digtinfo>
					<transize>0.015</transize>
					<dssize Sync="TRUE">0.000</dssize></digtinfo>
				<digtopt>
					<onlinopt>
						<computer>
							<networka>
								<networkr>http://pubs.usgs.gov/of/2010/1265</networkr>
							</networka>
						</computer>
					</onlinopt>
				</digtopt>
			</digform>
		</stdorder>
		<custom>These data are availble at no charge over the internet at: &lt;http://pubs.usgs.gov/&gt;. CD versions may be requested by emailing dhdoctor@usgs.gov.</custom>
	</distinfo>
	<metainfo>
		<metd Sync="TRUE">20101108</metd>
		<metc>
			<cntinfo>
				<cntperp>
					<cntper>Daniel H. Doctor</cntper>
					<cntorg>U.S. Geological Survey</cntorg>
				</cntperp>
				<cntpos>Research Geologist</cntpos>
				<cntaddr>
					<addrtype>mailing address</addrtype>
					<address>12201 Sunrise Valley Drive, MS 926A</address>
					<city>Reston</city>
					<state>Virginia</state>
					<postal>20192</postal>
					<country>USA</country>
				</cntaddr>
				<cntvoice>703-648-6027</cntvoice>
				<cntemail>dhdoctor@usgs.gov</cntemail>
				<cntinst>email preferred.</cntinst>
			</cntinfo>
		</metc>
		<metstdn Sync="TRUE">FGDC Content Standards for Digital Geospatial Metadata</metstdn>
		<metstdv Sync="TRUE">FGDC-STD-001-1998</metstdv>
		<mettc Sync="TRUE">local time</mettc>
		<metsi>
			<metsc>Unclassified</metsc>
		</metsi>
		<metextns>
		</metextns>
		<metextns>
		</metextns>
		<metextns>
			<onlink>http://www.esri.com/metadata/esriprof80.html</onlink>
			<metprof>ESRI Metadata Profile</metprof>
		</metextns>
		<langmeta Sync="TRUE">en</langmeta><metextns><onlink Sync="TRUE">http://www.esri.com/metadata/esriprof80.html</onlink><metprof Sync="TRUE">ESRI Metadata Profile</metprof></metextns></metainfo>
	<Esri><ModDate>20101108</ModDate><ModTime>19043100</ModTime><CreaDate>20101105</CreaDate><CreaTime>11570900</CreaTime><SyncOnce>FALSE</SyncOnce><SyncDate>20101108</SyncDate><SyncTime>19043100</SyncTime><MetaID>{52E2010A-78BA-4E42-90D2-99F552CAB2A2}</MetaID><DataProperties><lineage><Process ToolSource="C:\Program Files\ArcGIS\ArcToolbox\Toolboxes\Data Management Tools.tbx\CopyFeatures" Date="20101108" Time="190432">CopyFeatures C:\ARC_FILES\VA_Mapping\White_Hall\WhiteHall_OPEN-FILE\WhiteHall_GIS_data\WhiteHallGeologicMap.mdb\BedrockGeologicMap\BrecciaPolys C:\ARC_FILES\VA_Mapping\White_Hall\WhiteHall_OPEN-FILE\WhiteHall_GIS_data\WhiteHall_shapefiles\BrecciaPolys.shp # 0 0 0</Process></lineage></DataProperties></Esri><mdDateSt Sync="TRUE">20101108</mdDateSt><dataIdInfo><envirDesc Sync="TRUE">Microsoft Windows XP Version 5.1 (Build 2600) Service Pack 3; ESRI ArcCatalog 9.3.1.1850</envirDesc><dataLang><languageCode Sync="TRUE" value="en"></languageCode></dataLang><idCitation><resTitle Sync="TRUE">BrecciaPolys</resTitle><presForm><PresFormCd Sync="TRUE" value="005"></PresFormCd></presForm></idCitation><spatRpType><SpatRepTypCd Sync="TRUE" value="001"></SpatRepTypCd></spatRpType><dataExt><geoEle><GeoBndBox esriExtentType="native"><westBL Sync="TRUE">745197.2282</westBL><eastBL Sync="TRUE">747199.7471</eastBL><northBL Sync="TRUE">4355153.6864</northBL><southBL Sync="TRUE">4349393.3666</southBL><exTypeCode Sync="TRUE">1</exTypeCode></GeoBndBox></geoEle></dataExt><geoBox esriExtentType="decdegrees"><westBL Sync="TRUE">-78.158189</westBL><eastBL Sync="TRUE">-78.132892</eastBL><northBL Sync="TRUE">39.311065</northBL><southBL Sync="TRUE">39.258655</southBL><exTypeCode Sync="TRUE">1</exTypeCode></geoBox></dataIdInfo><mdLang><languageCode Sync="TRUE" value="en"></languageCode></mdLang><mdStanName Sync="TRUE">ISO 19115 Geographic Information - Metadata</mdStanName><mdStanVer Sync="TRUE">DIS_ESRI1.0</mdStanVer><mdChar><CharSetCd Sync="TRUE" value="004"></CharSetCd></mdChar><mdHrLv><ScopeCd Sync="TRUE" value="005"></ScopeCd></mdHrLv><mdHrLvName Sync="TRUE">dataset</mdHrLvName><distInfo><distributor><distorTran><onLineSrc><orDesc Sync="TRUE">002</orDesc><linkage Sync="TRUE">file://\\IGSAAAHMWSG534\C$\ARC_FILES\VA_Mapping\White_Hall\WhiteHall_OPEN-FILE\WhiteHall_GIS_data\WhiteHall_shapefiles\BrecciaPolys.shp</linkage><protocol Sync="TRUE">Local Area Network</protocol></onLineSrc><transSize Sync="TRUE">0.000</transSize></distorTran><distorFormat><formatName Sync="TRUE">Shapefile</formatName></distorFormat></distributor></distInfo><refSysInfo><RefSystem><refSysID><identCode Sync="TRUE">North_American_1983_UTM_Zone_17N</identCode></refSysID></RefSystem></refSysInfo><spatRepInfo><VectSpatRep><topLvl><TopoLevCd Sync="TRUE" value="001"></TopoLevCd></topLvl><geometObjs Name="BrecciaPolys"><geoObjTyp><GeoObjTypCd Sync="TRUE" value="001"></GeoObjTypCd></geoObjTyp><geoObjCnt Sync="TRUE">0</geoObjCnt></geometObjs></VectSpatRep></spatRepInfo></metadata>
