<metadata>
	<idinfo>
		<citation>
			<citeinfo>
				<origin>Fairfax County Government</origin>
				<pubdate>1/1/1996</pubdate>
				<title Sync="TRUE">MSWMGR.REFUSE_FACILITY_LOCATIONS</title>
				<geoform Sync="TRUE">vector digital data</geoform>
				<pubinfo>
					<pubplace>Fairfax County, Virginia, USA</pubplace>
					<publish>Fairfax County Government</publish>
				</pubinfo>
				<onlink Sync="TRUE">Server=s70uxgc33; Service=5154; User=stulad; Version=SDE.DEFAULT</onlink>
				<ftname Sync="TRUE">MSWMGR.REFUSE_FACILITY_LOCATIONS</ftname></citeinfo>
		</citation>
		<descript>
			<abstract>Geographic points showing Fairfax County Refuse, Recycling and Leaf collection locations.</abstract>
			<purpose>To indicate locations that Fairfax County provides Refuse, Recycling and Vacuum Leaf Collection drop off sites..</purpose>
			<supplinf>Locations of Disposal Facilities, Recycling Centers, Solid Waste Recycling and Reduction Center and Mulch Distribution Centers are located on the Refuse Collection Facility Layer.</supplinf>
			<langdata Sync="TRUE">en</langdata></descript>
		<timeperd>
			<timeinfo>
				<sngdate>
					<caldate>6/3/2007</caldate>
				</sngdate>
			</timeinfo>
			<current>publication date</current>
		</timeperd>
		<status>
			<progress>Complete</progress>
			<update>As needed</update>
		</status>
		<spdom>
			<bounding>
				<westbc Sync="TRUE">-77.399951</westbc>
				<eastbc Sync="TRUE">-77.062076</eastbc>
				<northbc Sync="TRUE">38.977148</northbc>
				<southbc Sync="TRUE">38.691268</southbc>
			</bounding>
			<dsgpoly>
				<dsgpolyo>
					<grngpoin>
						<gringlat>39.0804078</gringlat>
						<gringlon>-77.54533008</gringlon>
					</grngpoin>
					<grngpoin>
						<gringlat>38.61389198</gringlat>
						<gringlon>-77.54533008</gringlon>
					</grngpoin>
					<grngpoin>
						<gringlat>38.61389198</gringlat>
						<gringlon>-77.03408065</gringlon>
					</grngpoin>
					<grngpoin>
						<gringlat>39.0804078</gringlat>
						<gringlon>-77.03408065</gringlon>
					</grngpoin>
					<grngpoin>
						<gringlat>39.0804078</gringlat>
						<gringlon>-77.54533008</gringlon>
					</grngpoin>
				</dsgpolyo>
			</dsgpoly>
			<lboundng><leftbc Sync="TRUE">11796873.118000</leftbc><rightbc Sync="TRUE">11891706.686000</rightbc><bottombc Sync="TRUE">6937983.435000</bottombc><topbc Sync="TRUE">7040799.697000</topbc></lboundng></spdom>
		<keywords>
			<theme>
				<themekt>None</themekt>
				<themekey>Recycling</themekey>
				<themekey>Refuse</themekey>
				<themekey>Leaf Collection</themekey>
			</theme>
			<place>
				<placekt>None</placekt>
				<placekey>Fairfax County, Virginia, USA</placekey>
			</place>
		</keywords>
		<accconst>Because the Boundaries of the Small and Local Sanitary Districts are legal and used for tax purposes, access to revise the data sets should be restricted to the Division of Solid Waste Collection and Recycling personnel  or authorized GIS personnel only.</accconst>
		<useconst>None, data is public information. Acknowledgement of the Fairfax County GIS branch and Fairfax County DPWES Solid Waste Collection and Recycling Division would be appreciated in products derived from these data.</useconst>
		<ptcontac>
			<cntinfo>
				<cntorgp>
					<cntorg>Department of Public Works (DPW)</cntorg>
				</cntorgp>
				<cntpos>Petition Coordinator</cntpos>
				<cntaddr>
					<addrtype>mailing and physical address</addrtype>
					<address>12000 Government Center Pw. Suite 466</address>
					<city>Fairfax</city>
					<state>VA</state>
					<postal>22035-0060</postal>
					<country>USA</country>
				</cntaddr>
				<cntvoice>(703)-324-5040</cntvoice>
				<cnttdd>711</cnttdd>
				<cntfax>(703)-324-3939</cntfax>
				<cntemail>Terry.Czarny@co.fairfax.va.us</cntemail>
				<hours>8:00am - 4:30pm Monday - Friday EST</hours>
			</cntinfo>
		</ptcontac>
		<datacred>Fairfax County Solid Waste Collection and Recycling for the Sanitary Districts showing Fairfax County Refuse and Leaf Collection areas, ASI for conversion process, Fairfax County GIS and Mapping Services and Engineering Systems for reviewing the data.</datacred>
		<native Sync="TRUE">Microsoft Windows XP Version 5.1 (Build 2600) Service Pack 2; ESRI ArcCatalog 9.1.0.780</native>
		<natvform Sync="TRUE">SDE Feature Class</natvform></idinfo>
	<dataqual>
		<attracc>
			<attraccr>Any error is reviewed and investigated by agency staff within 24 hours. Necessary revisions are referred to the Fairfax County Department of Tax Administration so they can revise the Fairfax County Land Master Files.</attraccr>
			<qattracc>
				<attracce>All Fairfax County Refuse and Leaf Collection Sanitary District Numbers are created by the Fairfax County Department of Tax Administration. Values have been deemed accurate.</attracce>
			</qattracc>
		</attracc>
		<logic>This layer as been built and has polygon, arc, and region topology. Collection areas  in one region subclass, Collection days are in another region subclass, and Refuse type is in another region subclass.. Refuse collection area text is stored in one annotation subclass and refuse collection day text is stored in another subclass. Refuse type text is stored in another annotation subclass. The Refuse collection area attribute table contains a collection area identifier. The Refuse collection day attribute table contains the collection day. The Refuse collection type attribute table contains the collection type.</logic>
		<complete>Due to the continuous updates/revisions the Department of Tax Administration make to the Fairfax County Land Master Files, the accuracy is deemed 99.9% accurate.</complete>
		<posacc>
			<horizpa>
				<horizpar>The horizontal accuracy varies throughout the data set.  This is due to the variety of sources for information.  There is a field called source which indicates the origin.</horizpar>
			</horizpa>
		</posacc>
		<lineage>
			<srcinfo>
				<srccite>
					<citeinfo>
						<origin>Fairfax County Government</origin>
						<pubdate>1/1/1996</pubdate>
						<title>Fairfax County Refuse Collection Areas</title>
						<geoform>map</geoform>
						<pubinfo>
							<pubplace>Fairfax County, Virginia, USA</pubplace>
							<publish>Fairfax County Government</publish>
						</pubinfo>
					</citeinfo>
				</srccite>
				<srcscale>48000</srcscale>
				<typesrc>stable-base material</typesrc>
				<srctime>
					<timeinfo>
						<sngdate>
							<caldate>1995</caldate>
						</sngdate>
					</timeinfo>
					<srccurr>publication date</srccurr>
				</srctime>
				<srccitea>Refuse collection wall map</srccitea>
				<srccontr>This source contains the collection area boundaries, collection day boundaries, and the collection type areas. It also contains the text for the collection area, collection day, and collection type</srccontr>
			</srcinfo>
			<srcinfo>
				<srccitea>Refuse collection coverage</srccitea>
			</srcinfo>
			<procstep>
				<procdesc>Started with data that was used in previous years for wall map production.  Some facilities were slightly repositioned and some were removed based on Terry Czarny's request.  The FACILITY_TYPE field name and attributes were changed in an effort to make them more self explanatory.
Process was completed in May 2007

Old process:
Digitized Refuse collection areas. The areas were then separated by day and type. The area day and type text was captured. The solid waste facility locations were also captured.</procdesc>
				<srcused>Refuse collection wall map</srcused>
				<procdate>1995</procdate>
				<srcprod>Refuse collection coverage</srcprod>
				<proccont>
					<cntinfo>
						<cntorgp>
							<cntorg>Fairfax County GIS and Mapping Services</cntorg>
						</cntorgp>
						<cntpos>Database Administrator</cntpos>
						<cntaddr>
							<addrtype>mailing and physical address</addrtype>
							<address>12000 Government Center Pw. Suite 117</address>
							<city>Fairfax</city>
							<state>VA</state>
							<postal>22035</postal>
							<country>USA</country>
						</cntaddr>
						<cntvoice>(703)-324-2712</cntvoice>
						<cnttdd>711</cnttdd>
						<cntfax>(703)-324-3937</cntfax>
						<cntemail>gis.helpq@fairfaxcounty.gov</cntemail>
						<hours>Monday 8:00am - 4:15pm / Tuesday 9:00am - 4:15pm / Wednesday - Friday 8:00am - 4:15pm (EST)</hours>
					</cntinfo>
				</proccont>
			</procstep>
			<procstep>
				<procdesc>Metadata imported.</procdesc>
				<srcused>C:\DOCUME~1\stulad\LOCALS~1\Temp\xml1D96.tmp</srcused>
			</procstep>
			<procstep>
				<procdesc>Metadata imported.</procdesc>
				<srcused>C:\DOCUME~1\stulad\LOCALS~1\Temp\xml1DAE.tmp</srcused>
			</procstep>
			<procstep>
				<procdesc>Dataset copied.</procdesc>
				<srcused>Server=s70uxgc33; Service=5154; User=mswmgr; Version=SDE.DEFAULT</srcused>
			</procstep>
			<procstep><procdesc Sync="TRUE">Metadata imported.</procdesc><srcused Sync="TRUE">M:\DOCUME~1\gthoma\LOCALS~1\Temp\2\xml10F.tmp</srcused><date Sync="TRUE">20070606</date><time Sync="TRUE">09160600</time></procstep></lineage>
	</dataqual>
	<spdoinfo>
		<indspref>Sanitary Districts, Solid Waste Facilities</indspref>
		<direct Sync="TRUE">Vector</direct>
		<ptvctinf><esriterm Name="REFUSE_FACILITY_LOCATIONS"><efeatyp Sync="TRUE">Simple</efeatyp><efeageom code="1" Sync="TRUE"></efeageom><esritopo Sync="TRUE">FALSE</esritopo><efeacnt Sync="TRUE">0</efeacnt><spindex Sync="TRUE">FALSE</spindex><linrefer Sync="TRUE">FALSE</linrefer></esriterm></ptvctinf></spdoinfo>
	<spref>
		<horizsys>
			<planar>
				<planci>
					<plance Sync="TRUE">coordinate pair</plance>
					<coordrep>
						<absres Sync="TRUE">0.001000</absres>
						<ordres Sync="TRUE">0.001000</ordres>
					</coordrep>
					<plandu Sync="TRUE">survey feet</plandu>
				</planci>
			</planar>
			<geodetic>
				<horizdn Sync="TRUE">North American Datum of 1983</horizdn>
				<ellips Sync="TRUE">Geodetic Reference System 80</ellips>
				<semiaxis Sync="TRUE">6378137.000000</semiaxis>
				<denflat Sync="TRUE">298.257222</denflat>
			</geodetic>
			<cordsysn><geogcsn Sync="TRUE">GCS_North_American_1983</geogcsn><projcsn Sync="TRUE">NAD_1983_StatePlane_Virginia_North_FIPS_4501_Feet</projcsn></cordsysn></horizsys>
		<vertdef>
			<altsys>
				<altdatum>National Geodetic Vertical Datum of 1929</altdatum>
				<altres Sync="TRUE">1.000000</altres>
				<altunits>feet</altunits>
				<altenc Sync="TRUE">Explicit elevation coordinate included with horizontal coordinates</altenc>
			</altsys>
		</vertdef>
	</spref>
	<eainfo>
		<detailed Name="REFUSE_FACILITY_LOCATIONS">
			<attr>
				<attrlabl>SHAPE</attrlabl>
				<attrdef>Feature geometry.</attrdef>
				<attrdefs>ESRI</attrdefs>
				<attrdomv>
					<udom>Coordinates defining the features.</udom>
				</attrdomv>
				<attalias Sync="TRUE">Shape</attalias><attrtype Sync="TRUE">Geometry</attrtype><attwidth Sync="TRUE">0</attwidth><atprecis Sync="TRUE">0</atprecis><attscale Sync="TRUE">0</attscale></attr>
			<attr><attrlabl Sync="TRUE">FID</attrlabl><attalias Sync="TRUE">FID</attalias><attrtype Sync="TRUE">OID</attrtype><attwidth Sync="TRUE">4</attwidth><atprecis Sync="TRUE">0</atprecis><attscale Sync="TRUE">0</attscale><attrdef Sync="TRUE">Internal feature number.</attrdef><attrdefs Sync="TRUE">Esri</attrdefs><attrdomv><udom Sync="TRUE">Sequential unique whole numbers that are automatically generated.</udom></attrdomv></attr><enttyp>
				<enttypl Sync="TRUE">REFUSE_FACILITY_LOCATIONS</enttypl>
				<enttypd>Region attribute table</enttypd>
				<enttypt Sync="TRUE">Feature Class</enttypt><enttypc Sync="TRUE">0</enttypc></enttyp>
			<attr><attrlabl Sync="TRUE">FACILITY_I</attrlabl><attalias Sync="TRUE">FACILITY_I</attalias><attrtype Sync="TRUE">String</attrtype><attwidth Sync="TRUE">9</attwidth><atprecis Sync="TRUE">0</atprecis><attscale Sync="TRUE">0</attscale></attr><attr><attrlabl Sync="TRUE">DRAW_SYMBO</attrlabl><attalias Sync="TRUE">DRAW_SYMBO</attalias><attrtype Sync="TRUE">Double</attrtype><attwidth Sync="TRUE">10</attwidth><atprecis Sync="TRUE">10</atprecis><attscale Sync="TRUE">0</attscale></attr><attr><attrlabl Sync="TRUE">FACILITY_T</attrlabl><attalias Sync="TRUE">FACILITY_T</attalias><attrtype Sync="TRUE">String</attrtype><attwidth Sync="TRUE">50</attwidth><atprecis Sync="TRUE">0</atprecis><attscale Sync="TRUE">0</attscale></attr></detailed>
		<detailed>
			<enttyp>
				<enttypl>MSWMGR.REFUSE_PICKUP_DAY_AREAS</enttypl>
				<enttypd>Polygon Areas</enttypd>
			</enttyp>
			<attr>
				<attrlabl>rfsa-day</attrlabl>
				<attrdef>Text 2</attrdef>
				<attrdomv>
					<edom>
						<edomv>M</edomv>
						<edomvd>Monday</edomvd>
					</edom>
					<edom>
						<edomv>T</edomv>
						<edomvd>Tuesday</edomvd>
					</edom>
					<edom>
						<edomv>W</edomv>
						<edomvd>Wednesday</edomvd>
					</edom>
					<edom>
						<edomv>TH</edomv>
						<edomvd>Thursday</edomvd>
					</edom>
					<edom>
						<edomv>F</edomv>
						<edomvd>Friday</edomvd>
					</edom>
				</attrdomv>
			</attr>
		</detailed>
		<detailed>
			<enttyp>
				<enttypl>MSWMGR.REFUSE_TYPE_AREAS</enttypl>
				<enttypd>Polygon Areas</enttypd>
			</enttyp>
			<attr>
				<attrlabl>rfsa-type</attrlabl>
				<attrdef>Text 6</attrdef>
				<attrdomv>
					<edom>
						<edomv>REFUSE</edomv>
						<edomvd>Refuse only pickup</edomvd>
					</edom>
					<edom>
						<edomv>LEAF</edomv>
						<edomvd>Leaf only pickup</edomvd>
					</edom>
					<edom>
						<edomv>BOTH</edomv>
						<edomvd>Refuse and Leaf pickup</edomvd>
					</edom>
				</attrdomv>
			</attr>
		</detailed>
		<detailed>
			<enttyp>
				<enttypl>MSWMGR.REFUSE_TEXT</enttypl>
				<enttypd>annotation</enttypd>
			</enttyp>
		</detailed>
		<detailed>
			<enttyp>
				<enttypl>MSWMGR.REFUSE_EDGES</enttypl>
				<enttypd>arcs</enttypd>
			</enttyp>
			<attr>
				<attrlabl>REFARCSYM</attrlabl>
				<attrdef>number</attrdef>
				<attrdomv>
					<edom>
						<edomv>322</edomv>
						<edomvd>refuse area boundaries</edomvd>
					</edom>
				</attrdomv>
			</attr>
		</detailed>
		<detailed>
			<enttyp>
				<enttypl>MSWMGR.REFUSE_FACILITY_LOCATIONS</enttypl>
				<enttypd>point</enttypd>
			</enttyp>
			<attr>
				<attrlabl>RFS_IDENT</attrlabl>
				<attrdef>number</attrdef>
				<attrdomv>
					<edom>
						<edomv>0</edomv>
					</edom>
					<edom>
						<edomv>1</edomv>
					</edom>
					<edom>
						<edomv>2</edomv>
					</edom>
					<edom>
						<edomv>3</edomv>
					</edom>
					<edom>
						<edomv>4</edomv>
					</edom>
				</attrdomv>
			</attr>
			<attr>
				<attrlabl>RFS_TYPE</attrlabl>
				<attrdef>text</attrdef>
				<attrdomv>
					<edom>
						<edomv>CD</edomv>
						<edomvd>collection depot</edomvd>
					</edom>
					<edom>
						<edomv>DF</edomv>
						<edomvd>disposal facilities</edomvd>
					</edom>
					<edom>
						<edomv>MD</edomv>
						<edomvd>mulch distribution centers</edomvd>
					</edom>
					<edom>
						<edomv>RC</edomv>
						<edomvd>recycling centers</edomvd>
					</edom>
					<edom>
						<edomv>RR</edomv>
						<edomvd>solid waste reduction and recycling center</edomvd>
					</edom>
				</attrdomv>
			</attr>
			<attr>
				<attrlabl>RFSLOCSYM</attrlabl>
				<attrdef>number</attrdef>
				<attrdomv>
					<edom>
						<edomv>100</edomv>
						<edomvd>mulch distribution centers symbol</edomvd>
					</edom>
					<edom>
						<edomv>101</edomv>
						<edomvd>disposal facilities symbol</edomvd>
					</edom>
					<edom>
						<edomv>102</edomv>
						<edomvd>solid waste reduction and recycling center symbol</edomvd>
					</edom>
					<edom>
						<edomv>138</edomv>
						<edomvd>recycling center symbol</edomvd>
					</edom>
					<edom>
						<edomv>150</edomv>
						<edomvd>collection depot symbol</edomvd>
					</edom>
				</attrdomv>
			</attr>
		</detailed>
		<overview>
			<eaover>Refuse collection area which includes collection area identifier. The Refuse collection day which includes the day. The Refuse collection which includes the type.</eaover>
		</overview>
	</eainfo>
	<distinfo>
		<distrib>
			<cntinfo>
				<cntorgp>
					<cntorg>Fairfax County GIS and Mapping Services</cntorg>
				</cntorgp>
				<cntpos>Database Administrator</cntpos>
				<cntaddr>
					<addrtype>mailing and physical address</addrtype>
					<address>12000 Government Center Pw. Suite 117</address>
					<city>Fairfax</city>
					<state>VA</state>
					<postal>22035</postal>
					<country>USA</country>
				</cntaddr>
				<cntvoice>(703)-324-2712</cntvoice>
				<cnttdd>711</cnttdd>
				<cntfax>(703)-324-3937</cntfax>
				<cntemail>gis.helpq@fairfaxcounty.gov</cntemail>
				<hours>Monday 8:00am - 4:15pm / Tuesday 9:00am - 4:15pm / Wednesday - Friday 8:00am - 4:15pm (EST)</hours>
			</cntinfo>
		</distrib>
		<resdesc>Fairfax County Refuse Collection Areas</resdesc>
		<distliab>User must assume responsibility to determine the usability of this data for their purpose. A signed copy of the license agreement must be on file with the Fairfax County GIS and Mapping Services Office.</distliab>
		<stdorder>
			<digform>
				<digtinfo>
					<formname>ArcInfo coverage</formname>
					<formvern>8.0</formvern>
					<filedec>No compression</filedec>
				</digtinfo>
			</digform>
			<digform>
				<digtinfo>
					<formname>ArcView Shapefile</formname>
					<formvern>8.0</formvern>
					<filedec>No compression</filedec>
				</digtinfo>
			</digform>
			<fees>
Wall Map Data

This data set includes over 30 layers of attributed vector map data that were derived primarily from the Fairfax County 1"= 2000' and 1"= 4000' Wall Map Series.

The GIS Wall Map CD in Coverage format sells for $25.
The GIS Wall Map CD in Shapefile format sells for $25.

A hard copy of our *wall maps are available at the Fairfax County Government Publications Center located at the Fairfax County Government Center Building - 12000 Government Center Pw.- Fairfax - VA. - Suite 156 - Phone # 703-324-2974 or 703-324-2975. Prices range from $1.50 to $15.00.

* Some of our hard copy maps are not for sale to the public or may be out of stock. Contact the Fairfax County Publication Center on the availabilty of which maps can be purchased.
</fees>
			<ordering>CD data can be requested by mail, fax, or in person. Orders will not be processed until payment is received. Acceptable forms of payment include: cash, check, or money order ( credit cards are not accecpted). The order form and license agreement can be downloaded/printed from the Fairfax County GSI Web page (http://www.fairfaxcounty.gov/maps/forms.htm) and sent to GIS and Mapping Services-12000 Government Center Pw.-Suite 117-Fairfax-VA-22035-0010. Any questions about the GIS Wall Map CD should be directed to the GIS and Mapping Services @ (703)-324-2712.</ordering>
			<turnarnd>Five (5) working days.</turnarnd>
		</stdorder>
	</distinfo>
	<metainfo>
		<metd Sync="TRUE">20070613</metd>
		<metrd>20040714</metrd>
		<metfrd>20050101</metfrd>
		<metc>
			<cntinfo>
				<cntorgp>
					<cntorg>Fairfax County GIS and Mapping Services</cntorg>
					<cntper>REQUIRED: The person responsible for the metadata information.</cntper>
				</cntorgp>
				<cntpos>Database Administrator</cntpos>
				<cntaddr>
					<addrtype>mailing and physical address</addrtype>
					<address>12000 Government Center Pw. Suite 117</address>
					<city>Fairfax</city>
					<state>VA</state>
					<postal>22035</postal>
					<country>USA</country>
				</cntaddr>
				<cntvoice>(703)-324-2712</cntvoice>
				<cnttdd>711</cnttdd>
				<cntfax>(703)-324-3937</cntfax>
				<cntemail>gis.helpq@fairfaxcounty.gov</cntemail>
				<hours>Monday 8:00am - 4:15pm / Tuesday 9:00am - 4:15pm / Wednesday - Friday 8:00am - 4:15pm (EST)</hours>
			</cntinfo>
		</metc>
		<metstdn Sync="TRUE">FGDC Content Standards for Digital Geospatial Metadata</metstdn>
		<metstdv Sync="TRUE">FGDC-STD-001-1998</metstdv>
		<mettc Sync="TRUE">local time</mettc>
		<metextns>
			<onlink>http://www.esri.com/metadata/esriprof80.html</onlink>
			<metprof>ESRI Metadata Profile</metprof>
		</metextns>
		<metextns>
			<onlink>http://www.esri.com/metadata/esriprof80.html</onlink>
			<metprof>ESRI Metadata Profile</metprof>
		</metextns>
		<langmeta Sync="TRUE">en</langmeta></metainfo>
	<Esri><MetaID>{D0F88736-14A0-4C9E-9239-6623777ADCBA}</MetaID><CreaDate>20070606</CreaDate><CreaTime>09160600</CreaTime><SyncOnce>FALSE</SyncOnce><SyncDate>20140505</SyncDate><SyncTime>09370900</SyncTime><ModDate>20140505</ModDate><ModTime>09370900</ModTime><DataProperties><itemProps><itemName Sync="TRUE">REFUSE_FACILITY_LOCATIONS</itemName><imsContentType Sync="TRUE">002</imsContentType><itemSize Sync="TRUE">0.000</itemSize><itemLocation><linkage Sync="TRUE">file://\\ffx\ffxdfs\home03\s\swoiak\Free_Layers\refuse\REFUSE_FACILITY_LOCATIONS</linkage><protocol Sync="TRUE">Local Area Network</protocol></itemLocation></itemProps><coordRef><type Sync="TRUE">Projected</type><geogcsn Sync="TRUE">GCS_North_American_1983</geogcsn><csUnits Sync="TRUE">Linear Unit: Foot_US (0.304801)</csUnits><projcsn Sync="TRUE">NAD_1983_StatePlane_Virginia_North_FIPS_4501_Feet</projcsn><peXml Sync="TRUE">&lt;ProjectedCoordinateSystem xsi:type='typens:ProjectedCoordinateSystem' xmlns:xsi='http://www.w3.org/2001/XMLSchema-instance' xmlns:xs='http://www.w3.org/2001/XMLSchema' xmlns:typens='http://www.esri.com/schemas/ArcGIS/10.1'&gt;&lt;WKT&gt;PROJCS[&amp;quot;NAD_1983_StatePlane_Virginia_North_FIPS_4501_Feet&amp;quot;,GEOGCS[&amp;quot;GCS_North_American_1983&amp;quot;,DATUM[&amp;quot;D_North_American_1983&amp;quot;,SPHEROID[&amp;quot;GRS_1980&amp;quot;,6378137.0,298.257222101]],PRIMEM[&amp;quot;Greenwich&amp;quot;,0.0],UNIT[&amp;quot;Degree&amp;quot;,0.0174532925199433]],PROJECTION[&amp;quot;Lambert_Conformal_Conic&amp;quot;],PARAMETER[&amp;quot;False_Easting&amp;quot;,11482916.66666666],PARAMETER[&amp;quot;False_Northing&amp;quot;,6561666.666666666],PARAMETER[&amp;quot;Central_Meridian&amp;quot;,-78.5],PARAMETER[&amp;quot;Standard_Parallel_1&amp;quot;,38.03333333333333],PARAMETER[&amp;quot;Standard_Parallel_2&amp;quot;,39.2],PARAMETER[&amp;quot;Latitude_Of_Origin&amp;quot;,37.66666666666666],UNIT[&amp;quot;Foot_US&amp;quot;,0.3048006096012192],AUTHORITY[&amp;quot;EPSG&amp;quot;,2283]]&lt;/WKT&gt;&lt;XOrigin&gt;-110512500&lt;/XOrigin&gt;&lt;YOrigin&gt;-88858000&lt;/YOrigin&gt;&lt;XYScale&gt;36916142.964165002&lt;/XYScale&gt;&lt;ZOrigin&gt;-100000&lt;/ZOrigin&gt;&lt;ZScale&gt;10000&lt;/ZScale&gt;&lt;MOrigin&gt;-100000&lt;/MOrigin&gt;&lt;MScale&gt;10000&lt;/MScale&gt;&lt;XYTolerance&gt;0.0032808333333333331&lt;/XYTolerance&gt;&lt;ZTolerance&gt;0.001&lt;/ZTolerance&gt;&lt;MTolerance&gt;0.001&lt;/MTolerance&gt;&lt;HighPrecision&gt;true&lt;/HighPrecision&gt;&lt;WKID&gt;102746&lt;/WKID&gt;&lt;LatestWKID&gt;2283&lt;/LatestWKID&gt;&lt;/ProjectedCoordinateSystem&gt;</peXml></coordRef><lineage><Process ToolSource="c:\program files\arcgis\desktop10.1\ArcToolbox\Toolboxes\Data Management Tools.tbx\CopyFeatures" Date="20140505" Time="093712">CopyFeatures "Database Connections\Connection to ffxsde.sde\MSWMGR.REFUSE\MSWMGR.REFUSE_FACILITY_LOCATIONS" "G:\distribution\countywide_prop_topo\Extract Model\May14_All_County\Free_Layers\REFUSE_FACILITY_LOCATIONS.shp" # 0 0 0</Process></lineage><copyHistory><copy source="H:\Free_Layers\REFUSE_FACILITY_LOCATIONS" dest="\\ffx\ffxdfs\home03\s\swoiak\Free_Layers\refuse\REFUSE_FACILITY_LOCATIONS" date="20140519" time="15101100"></copy></copyHistory></DataProperties></Esri><dataIdInfo><envirDesc Sync="TRUE">Microsoft Windows 7 Version 6.1 (Build 7601) Service Pack 1; Esri ArcGIS 10.1.1.3143</envirDesc><dataLang><languageCode Sync="TRUE" value="eng"></languageCode><countryCode value="USA" Sync="TRUE"></countryCode></dataLang><idCitation><resTitle Sync="TRUE">REFUSE_FACILITY_LOCATIONS</resTitle><presForm><PresFormCd Sync="TRUE" value="005"></PresFormCd></presForm></idCitation><spatRpType><SpatRepTypCd Sync="TRUE" value="001"></SpatRepTypCd></spatRpType><dataExt><geoEle><GeoBndBox esriExtentType="native"><westBL Sync="TRUE">11796873.118</westBL><eastBL Sync="TRUE">11891706.686</eastBL><northBL Sync="TRUE">7040799.697</northBL><southBL Sync="TRUE">6937983.435</southBL><exTypeCode Sync="TRUE">1</exTypeCode></GeoBndBox></geoEle></dataExt><geoBox esriExtentType="decdegrees"><westBL Sync="TRUE">-77.399951</westBL><eastBL Sync="TRUE">-77.062076</eastBL><northBL Sync="TRUE">38.977148</northBL><southBL Sync="TRUE">38.691268</southBL><exTypeCode Sync="TRUE">1</exTypeCode></geoBox></dataIdInfo><mdLang><languageCode Sync="TRUE" value="eng"></languageCode><countryCode value="USA" Sync="TRUE"></countryCode></mdLang><mdStanName Sync="TRUE">ISO 19115 Geographic Information - Metadata</mdStanName><mdStanVer Sync="TRUE">DIS_ESRI1.0</mdStanVer><mdChar><CharSetCd Sync="TRUE" value="004"></CharSetCd></mdChar><mdHrLv><ScopeCd Sync="TRUE" value="005"></ScopeCd></mdHrLv><mdHrLvName Sync="TRUE">dataset</mdHrLvName><distInfo><distributor><distorTran><onLineSrc><orDesc Sync="TRUE">002</orDesc><linkage Sync="TRUE">Server=s70uxgc33; Service=5154; User=stulad; Version=SDE.DEFAULT</linkage><protocol Sync="TRUE">ArcSDE Connection</protocol></onLineSrc></distorTran><distorFormat><formatName Sync="TRUE">SDE Feature Class</formatName></distorFormat></distributor><distFormat><formatName Sync="TRUE">Shapefile</formatName></distFormat><distTranOps><transSize Sync="TRUE">0.000</transSize></distTranOps></distInfo><refSysInfo><RefSystem><refSysID><identCode Sync="TRUE" code="2283">NAD_1983_StatePlane_Virginia_North_FIPS_4501_Feet</identCode><idCodeSpace Sync="TRUE">EPSG</idCodeSpace><idVersion Sync="TRUE">7.11.2</idVersion></refSysID></RefSystem></refSysInfo><spatRepInfo><VectSpatRep><geometObjs Name="REFUSE_FACILITY_LOCATIONS"><geoObjTyp><GeoObjTypCd value="004" Sync="TRUE"></GeoObjTypCd></geoObjTyp><geoObjCnt Sync="TRUE">0</geoObjCnt></geometObjs><topLvl><TopoLevCd value="001" Sync="TRUE"></TopoLevCd></topLvl></VectSpatRep></spatRepInfo><mdDateSt Sync="TRUE">20140505</mdDateSt></metadata>
