<metadata>
	<idinfo>
		<citation>
			<citeinfo>
				<origin>Fairfax County Government</origin>
				<pubdate>REQUIRED: The date when the data set is published or otherwise made available for release.</pubdate>
				<title Sync="TRUE">REGMGR.VA_DELEGATE_DISTRICTS</title>
				<geoform Sync="TRUE">vector digital data</geoform>
				<pubinfo>
					<pubplace>Fairfax County, Virginia, USA</pubplace>
					<publish>Fairfax County Government</publish>
				</pubinfo>
				<onlink Sync="TRUE">Server=s70uxgc33; Service=5154; User=regmgr; Version=SDE.DEFAULT</onlink>
				<ftname Sync="TRUE">REGMGR.VA_DELEGATE_DISTRICTS</ftname></citeinfo>
		</citation>
		<descript>
			<abstract>This layer has voting precincts, and election boundaries for all federal, state, and local elections.</abstract>
			<purpose>To provide precinct and election district information for use by citizens, political parties, candidates for office and the press. Map data is essential for conduct of elections.</purpose>
			<supplinf>
Virginia code requires the election boundaries map be posted in each polling place on election day. Due to the complexity of the boundaries, all four districts will not appear on the map every year. In even-numbered years, the Congressional representatives are elected, so the map is printed with the Congressional district layer. In odd-numbered years, the state and county officials are elected, so the maps are printed with layers for those districts. The State Senators serve a four-year term, so the Senate district layer is only printed on the map every four years.

In April of 2001, the General Assembly adopted the new State Senate and House of Delegate Districts. These districts were precleared by the Justice Department July 2001.

In June of 2001, the Fairfax County Board of Supervisors adopted the new Supervisor Districts. These districts were precleared by the Justice Department  August 2001.

In July of 2001, the General Assembly adopted the new Congressional Districts. These districts were precleaned by the Justice Department October 2001.

In 2001, 14 new precincts were established in response to the redistricting and several polling places were relocated. In a normal year, precinct boundaries and polling places do not change unless there is population growth in an area and/or a new facility becomes available or an existing facility can no longer be used.

In 2002, 1 new precinct was created as a result of population growth and 1 polling place was temporarily relocated due to facility renovation.

In 2003, 5 new precincts were established as a result of population growth.
</supplinf>
			<langdata Sync="TRUE">en</langdata></descript>
		<timeperd>
			<timeinfo>
				<mdattim>
					<sngdate>
						<caldate>2001</caldate>
					</sngdate>
					<sngdate>
						<caldate>2002</caldate>
					</sngdate>
				</mdattim>
				<sngdate><caldate>REQUIRED: The year (and optionally month, or month and day) for which the data set corresponds to the ground.</caldate></sngdate></timeinfo>
			<current>publication date</current>
		</timeperd>
		<status>
			<progress>Complete</progress>
			<update>As needed</update>
		</status>
		<spdom>
			<bounding>
				<westbc Sync="TRUE">-77.540165</westbc>
				<eastbc Sync="TRUE">-77.034766</eastbc>
				<northbc Sync="TRUE">39.059546</northbc>
				<southbc Sync="TRUE">38.601552</southbc>
			</bounding>
			<dsgpoly>
				<dsgpolyo>
					<grngpoin>
						<gringlat>39.0804078</gringlat>
						<gringlon>-77.54533008</gringlon>
					</grngpoin>
					<grngpoin>
						<gringlat>38.61389198</gringlat>
						<gringlon>-77.54533008</gringlon>
					</grngpoin>
					<grngpoin>
						<gringlat>38.61389198</gringlat>
						<gringlon>-77.03408065</gringlon>
					</grngpoin>
					<grngpoin>
						<gringlat>39.0804078</gringlat>
						<gringlon>-77.03408065</gringlon>
					</grngpoin>
					<grngpoin>
						<gringlat>39.0804078</gringlat>
						<gringlon>-77.54533008</gringlon>
					</grngpoin>
				</dsgpolyo>
			</dsgpoly>
			<lboundng><leftbc Sync="TRUE">11757193.000000</leftbc><rightbc Sync="TRUE">11899000.000000</rightbc><bottombc Sync="TRUE">6905421.000000</bottombc><topbc Sync="TRUE">7070364.500000</topbc></lboundng></spdom>
		<keywords>
			<theme>
				<themekt>None</themekt>
				<themekey>election boundaries</themekey>
				<themekey>precincts</themekey>
				<themekey>voting boundaries</themekey>
			</theme>
			<place>
				<placekt>None</placekt>
				<placekey>Fairfax County, Virginia, USA</placekey>
			</place>
		</keywords>
		<accconst>None</accconst>
		<useconst>Not for use at scales greater then 1:=24000. Acknowledgement of the Fairfax County GIS branch would be appreciated in products derived from these data.</useconst>
		<ptcontac>
			<cntinfo>
				<cntorgp>
					<cntorg>Fairfax County Electoral Board</cntorg>
				</cntorgp>
				<cntpos>Secretary of the Electoral Board</cntpos>
				<cntaddr>
					<addrtype>mailing and physical address</addrtype>
					<address>12000 Government Center Pw. Suite 323</address>
					<city>Fairfax</city>
					<state>VA</state>
					<postal>22035-0081</postal>
					<country>USA</country>
				</cntaddr>
				<cntvoice>(703)-324-4735</cntvoice>
				<cnttdd>711</cnttdd>
				<cntfax>(703)-324-4706</cntfax>
				<cntemail>elect@fairfaxcounty.gov</cntemail>
				<hours>8:00am - 4:30pm Monday - Friday EST</hours>
			</cntinfo>
		</ptcontac>
		<datacred>ASI for conversion process, Fairfax County GIS and Mapping Services and Engineering Systems for reviewing the data, and various Fairfax County Agencies</datacred>
		<native Sync="TRUE">Microsoft Windows XP Version 5.1 (Build 2600) Service Pack 2; ESRI ArcCatalog 9.1.0.780</native>
		<natvform Sync="TRUE">SDE Feature Class</natvform></idinfo>
	<dataqual>
		<attracc>
			<attraccr>Attribute accuracy is tested by comparison with hardcopy sources. Reported errors are verified and updated.</attraccr>
		</attracc>
		<logic>Various Arc/Info commands have been used to determine the logical consistency of the data. Once the layer was created, the build command was used to create the polygon topology. If lines were found that did not intersect, they were manually broken to create a node. Dangling arcs were removed if found. Attributes were inspected using the frequency command to ensure valid values.Region, polygon, and arc-node topology exists</logic>
		<complete>Data set is complete.</complete>
		<posacc>
			<horizpa>
				<horizpar>Horizontal positional accuracy for the digital data is tested by visual comparison of the source with the hard copy.</horizpar>
			</horizpa>
		</posacc>
		<lineage>
			<srcinfo>
				<srccitea>ELECT SOURCE</srccitea>
				<srccontr>Election Districts</srccontr>
			</srcinfo>
			<srcinfo>
				<srccitea>ELECT MAP 95</srccitea>
				<srccontr>Election Districts</srccontr>
			</srcinfo>
			<srcinfo>
				<srccitea>ELECT DATA</srccitea>
			</srcinfo>
			<procstep>
				<procdesc>Step1 - The four election districts, Congressional Districts, State Senate Districts, House of Delegates Districts and Supervisors Districts, are reapportioned every 10 years in the year following the federal census as mandated by the United States Constitution. The Virginia General Assembly draws the boundaries for the Congressional, State Senate and the House of Delegates Districts in accordance with mandates of the Virginia Constitution and Virginia Election Law. The Fairfax County Board of Supervisors draws the boundaries for the County Supervisor Districts in accordance with Virginia Code. Following adoption, the new districts are submitted to the U.S.Department of Justice for preclearance under the requirements of the Voting Rights Act. The boundaries of the precincts and the locations of polling places are set by the Fairfax County Board of Supervisors as prescribed by the Virginia Election Law, following public hearings and recommendations from the Electoral Board. Precinct boundaries may be adjusted within an election district to accommodate population growth and to meet the needs of communities. Polling place locations are established for each precinct in convenient, handicapped accessible public  facilities. Changes in precinct boundaries and polling place locations are also submitted to the U.S. Department of Justice for preclearance under the requirements of the Voting Rights Act.</procdesc>
				<srcused>ELECT SOURCE</srcused>
				<procdate>Unknown</procdate>
				<srcprod>ELECT MAP 95</srcprod>
				<proccont>
					<cntinfo>
						<cntorgp>
							<cntorg>Fairfax County Electoral Board</cntorg>
						</cntorgp>
						<cntpos>Secretary of the Electoral Board</cntpos>
						<cntaddr>
							<addrtype>mailing and physical address</addrtype>
							<address>12000 Government Center Pw. Suite 323</address>
							<city>Fairfax</city>
							<state>VA</state>
							<postal>22035-0081</postal>
							<country>USA</country>
						</cntaddr>
						<cntvoice>(703)-324-4735</cntvoice>
						<cnttdd>711</cnttdd>
						<cntfax>(703)-324-4706</cntfax>
						<cntemail>elect@fairfaxcounty.gov</cntemail>
						<hours>8:00am - 4:30pm Monday - Friday EST</hours>
					</cntinfo>
				</proccont>
			</procstep>
			<procstep>
				<procdesc>Digitize election boundaries and boundary names from wall map.</procdesc>
				<srcused>ELECT MAP 95</srcused>
				<procdate>1995</procdate>
				<srcprod>ELECT DATA</srcprod>
				<proccont>
					<cntinfo>
						<cntorgp>
							<cntorg>Fairfax County GIS and Mapping Services</cntorg>
						</cntorgp>
						<cntpos>Database Administrator</cntpos>
						<cntaddr>
							<addrtype>mailing and physical address</addrtype>
							<address>12000 Government Center Pw. Suite 117</address>
							<city>Fairfax</city>
							<state>VA</state>
							<postal>22035</postal>
							<country>USA</country>
						</cntaddr>
						<cntvoice>(703)-324-2712</cntvoice>
						<cnttdd>711</cnttdd>
						<cntfax>(703)-324-3937</cntfax>
						<cntemail>gis.helpq@fairfaxcounty.gov</cntemail>
						<hours>Monday 8:00am - 4:15pm / Tuesday 9:00am - 4:15pm / Wednesday - Friday 8:00am - 4:15pm (EST)</hours>
					</cntinfo>
				</proccont>
			</procstep>
			<procstep>
				<procdesc>Metadata imported.</procdesc>
				<srcused>C:\DOCUME~1\gthoma\LOCALS~1\Temp\xml380.tmp</srcused>
			</procstep>
			<procstep>
				<procdesc>Dataset copied.</procdesc>
				<srcused>Server=s70uxgc33; Service=5154; User=regmgr; Version=SDE.DEFAULT</srcused>
			</procstep>
			<procstep>
				<procdesc>Dataset copied.</procdesc>
				<srcused>\\s70ntgc09\gis\pub\gis\stulad\SDE_backup.mdb</srcused>
			</procstep>
			<procstep><procdesc Sync="TRUE">Metadata imported.</procdesc><srcused Sync="TRUE">C:\DOCUME~1\stulad\LOCALS~1\Temp\xml3072.tmp</srcused><date Sync="TRUE">20061130</date><time Sync="TRUE">16520300</time></procstep></lineage>
	</dataqual>
	<spdoinfo>
		<indspref>Election Boundaries</indspref>
		<direct Sync="TRUE">Vector</direct>
		<ptvctinf><esriterm Name="VA_DELEGATE_DISTRICTS"><efeatyp Sync="TRUE">Simple</efeatyp><efeageom code="4" Sync="TRUE"></efeageom><esritopo Sync="TRUE">FALSE</esritopo><efeacnt Sync="TRUE">0</efeacnt><spindex Sync="TRUE">FALSE</spindex><linrefer Sync="TRUE">FALSE</linrefer></esriterm></ptvctinf></spdoinfo>
	<spref>
		<horizsys>
			<planar>
				<planci>
					<plance Sync="TRUE">coordinate pair</plance>
					<coordrep>
						<absres Sync="TRUE">0.001000</absres>
						<ordres Sync="TRUE">0.001000</ordres>
					</coordrep>
					<plandu Sync="TRUE">survey feet</plandu>
				</planci>
			</planar>
			<geodetic>
				<horizdn Sync="TRUE">North American Datum of 1983</horizdn>
				<ellips Sync="TRUE">Geodetic Reference System 80</ellips>
				<semiaxis Sync="TRUE">6378137.000000</semiaxis>
				<denflat Sync="TRUE">298.257222</denflat>
			</geodetic>
			<cordsysn><geogcsn Sync="TRUE">GCS_North_American_1983</geogcsn><projcsn Sync="TRUE">NAD_1983_StatePlane_Virginia_North_FIPS_4501_Feet</projcsn></cordsysn></horizsys>
		<vertdef>
			<altsys>
				<altdatum>National Geodetic Vertical Datum of 1929</altdatum>
				<altres Sync="TRUE">1.000000</altres>
				<altunits>feet</altunits>
				<altenc Sync="TRUE">Explicit elevation coordinate included with horizontal coordinates</altenc>
			</altsys>
		</vertdef>
	</spref>
	<eainfo>
		<detailed Name="VA_DELEGATE_DISTRICTS">
			<enttyp>
				<enttypl Sync="TRUE">VA_DELEGATE_DISTRICTS</enttypl>
				<enttypd>Voting-Districts:Annotation</enttypd>
				<enttypt Sync="TRUE">Feature Class</enttypt><enttypc Sync="TRUE">0</enttypc></enttyp>
			<attr><attrlabl Sync="TRUE">FID</attrlabl><attalias Sync="TRUE">FID</attalias><attrtype Sync="TRUE">OID</attrtype><attwidth Sync="TRUE">4</attwidth><atprecis Sync="TRUE">0</atprecis><attscale Sync="TRUE">0</attscale><attrdef Sync="TRUE">Internal feature number.</attrdef><attrdefs Sync="TRUE">Esri</attrdefs><attrdomv><udom Sync="TRUE">Sequential unique whole numbers that are automatically generated.</udom></attrdomv></attr><attr>
				<attrlabl>SHAPE</attrlabl>
				<attrdef>Feature geometry.</attrdef>
				<attrdefs>ESRI</attrdefs>
				<attrdomv>
					<udom>Coordinates defining the features.</udom>
				</attrdomv>
				<attalias Sync="TRUE">Shape</attalias><attrtype Sync="TRUE">Geometry</attrtype><attwidth Sync="TRUE">0</attwidth><atprecis Sync="TRUE">0</atprecis><attscale Sync="TRUE">0</attscale></attr>
			<attr><attrlabl Sync="TRUE">DISTRICT</attrlabl><attalias Sync="TRUE">DISTRICT</attalias><attrtype Sync="TRUE">Double</attrtype><attwidth Sync="TRUE">10</attwidth><atprecis Sync="TRUE">10</atprecis><attscale Sync="TRUE">0</attscale></attr><attr><attrlabl Sync="TRUE">WEB_ADDRES</attrlabl><attalias Sync="TRUE">WEB_ADDRES</attalias><attrtype Sync="TRUE">String</attrtype><attwidth Sync="TRUE">254</attwidth><atprecis Sync="TRUE">0</atprecis><attscale Sync="TRUE">0</attscale></attr><attr><attrlabl Sync="TRUE">NAME</attrlabl><attalias Sync="TRUE">NAME</attalias><attrtype Sync="TRUE">String</attrtype><attwidth Sync="TRUE">50</attwidth><atprecis Sync="TRUE">0</atprecis><attscale Sync="TRUE">0</attscale></attr><attr><attrlabl Sync="TRUE">SHAPE_AREA</attrlabl><attalias Sync="TRUE">SHAPE_AREA</attalias><attrtype Sync="TRUE">Double</attrtype><attwidth Sync="TRUE">19</attwidth><atprecis Sync="TRUE">0</atprecis><attscale Sync="TRUE">0</attscale><attrdef Sync="TRUE">Area of feature in internal units squared.</attrdef><attrdefs Sync="TRUE">Esri</attrdefs><attrdomv><udom Sync="TRUE">Positive real numbers that are automatically generated.</udom></attrdomv></attr><attr><attrlabl Sync="TRUE">SHAPE_LEN</attrlabl><attalias Sync="TRUE">SHAPE_LEN</attalias><attrtype Sync="TRUE">Double</attrtype><attwidth Sync="TRUE">19</attwidth><atprecis Sync="TRUE">0</atprecis><attscale Sync="TRUE">0</attscale></attr></detailed>
		<overview>
			<eaover>The features are congressional, house of delegates, and senate election boundaries and voting precincts. Each voting district has unique identifier associated with it.</eaover>
		</overview>
	</eainfo>
	<distinfo>
		<distrib>
			<cntinfo>
				<cntorgp>
					<cntorg>Fairfax County GIS and Mapping Services</cntorg>
				</cntorgp>
				<cntpos>Database Administrator</cntpos>
				<cntaddr>
					<addrtype>mailing and physical address</addrtype>
					<address>12000 Government Center Pw. Suite 117</address>
					<city>Fairfax</city>
					<state>VA</state>
					<postal>22035</postal>
					<country>USA</country>
				</cntaddr>
				<cntvoice>(703)-324-2712</cntvoice>
				<cnttdd>711</cnttdd>
				<cntfax>(703)-324-3937</cntfax>
				<cntemail>gis.helpq@fairfaxcounty.gov</cntemail>
				<hours>Monday 8:00am - 4:15pm / Tuesday 9:00am - 4:15pm / Wednesday - Friday 8:00am - 4:15pm (EST)</hours>
			</cntinfo>
		</distrib>
		<resdesc>Downloadable Data</resdesc>
		<distliab>User must assume responsibility to determine the usability of this data for their purpose. A signed copy of the license agreement must be on file with the Fairfax County GIS and Mapping Services Office.</distliab>
		<stdorder>
			<digform>
				<digtinfo>
					<formname>ArcInfo coverage</formname>
					<formvern>8.0</formvern>
					<filedec>No compression</filedec>
				</digtinfo>
			</digform>
			<digform>
				<digtinfo>
					<formname>ArcView Shapefile</formname>
					<formvern>8.0</formvern>
					<filedec>No compression</filedec>
				</digtinfo>
			</digform>
			<fees>
Wall Map Data

This data set includes over 30 layers of attributed vector map data that were derived primarily from the Fairfax County 1"= 2000' and 1"= 4000' Wall Map Series.

The GIS Wall Map CD in Coverage format sells for $25.
The GIS Wall Map CD in Shapefile format sells for $25.

A hard copy of our *wall maps are available at the Fairfax County Government Publications Center located at the Fairfax County Government Center Building - 12000 Government Center Pw.- Fairfax - VA. - Suite 156 - Phone # 703-324-2974 or 703-324-2975. Prices range from $1.50 to $15.00.

* Some of our hard copy maps are not for sale to the public or may be out of stock. Contact the Fairfax County Publication Center on the availabilty of which maps can be purchased.
</fees>
			<ordering>CD data can be requested by mail, fax, or in person. Orders will not be processed until payment is received. Acceptable forms of payment include: cash, check, or money order ( credit cards are not accecpted). The order form and license agreement can be downloaded/printed from the Fairfax County GSI Web page (http://www.fairfaxcounty.gov/maps/forms.htm) and sent to GIS and Mapping Services-12000 Government Center Pw.-Suite 117-Fairfax-VA-22035-0010. Any questions about the GIS Wall Map CD should be directed to the GIS and Mapping Services @ (703)-324-2712.</ordering>
			<turnarnd>Five (5) working days.</turnarnd>
		</stdorder>
	</distinfo>
	<metainfo>
		<metd Sync="TRUE">20061201</metd>
		<metrd>20040714</metrd>
		<metfrd>20050101</metfrd>
		<metc>
			<cntinfo>
				<cntorgp>
					<cntorg>Fairfax County GIS and Mapping Services</cntorg>
					<cntper>REQUIRED: The person responsible for the metadata information.</cntper>
				</cntorgp>
				<cntpos>Database Administrator</cntpos>
				<cntaddr>
					<addrtype>mailing and physical address</addrtype>
					<address>12000 Government Center Pw. Suite 117</address>
					<city>Fairfax</city>
					<state>VA</state>
					<postal>22035</postal>
					<country>USA</country>
				</cntaddr>
				<cntvoice>(703)-324-2712</cntvoice>
				<cnttdd>711</cnttdd>
				<cntfax>(703)-324-3937</cntfax>
				<cntemail>gis.helpq@fairfaxcounty.gov</cntemail>
				<hours>Monday 8:00am - 4:15pm / Tuesday 9:00am - 4:15pm / Wednesday - Friday 8:00am - 4:15pm (EST)</hours>
			</cntinfo>
		</metc>
		<metstdn Sync="TRUE">FGDC Content Standards for Digital Geospatial Metadata</metstdn>
		<metstdv Sync="TRUE">FGDC-STD-001-1998</metstdv>
		<mettc Sync="TRUE">local time</mettc>
		<metextns>
			<onlink>http://www.esri.com/metadata/esriprof80.html</onlink>
			<metprof>ESRI Metadata Profile</metprof>
		</metextns>
		<langmeta Sync="TRUE">en</langmeta></metainfo>
	<Esri><MetaID>{3D2A41AB-227F-436A-8568-1777D7B49B46}</MetaID><CreaDate>20061130</CreaDate><CreaTime>16520300</CreaTime><SyncOnce>FALSE</SyncOnce><SyncDate>20140505</SyncDate><SyncTime>09450900</SyncTime><ModDate>20140505</ModDate><ModTime>09450900</ModTime><DataProperties><itemProps><itemName Sync="TRUE">VA_DELEGATE_DISTRICTS</itemName><imsContentType Sync="TRUE">002</imsContentType><itemSize Sync="TRUE">0.000</itemSize><itemLocation><linkage Sync="TRUE">file://\\ffx\ffxdfs\home03\s\swoiak\Free_Layers\electoral\VA_DELEGATE_DISTRICTS</linkage><protocol Sync="TRUE">Local Area Network</protocol></itemLocation></itemProps><coordRef><type Sync="TRUE">Projected</type><geogcsn Sync="TRUE">GCS_North_American_1983</geogcsn><csUnits Sync="TRUE">Linear Unit: Foot_US (0.304801)</csUnits><projcsn Sync="TRUE">NAD_1983_StatePlane_Virginia_North_FIPS_4501_Feet</projcsn><peXml Sync="TRUE">&lt;ProjectedCoordinateSystem xsi:type='typens:ProjectedCoordinateSystem' xmlns:xsi='http://www.w3.org/2001/XMLSchema-instance' xmlns:xs='http://www.w3.org/2001/XMLSchema' xmlns:typens='http://www.esri.com/schemas/ArcGIS/10.1'&gt;&lt;WKT&gt;PROJCS[&amp;quot;NAD_1983_StatePlane_Virginia_North_FIPS_4501_Feet&amp;quot;,GEOGCS[&amp;quot;GCS_North_American_1983&amp;quot;,DATUM[&amp;quot;D_North_American_1983&amp;quot;,SPHEROID[&amp;quot;GRS_1980&amp;quot;,6378137.0,298.257222101]],PRIMEM[&amp;quot;Greenwich&amp;quot;,0.0],UNIT[&amp;quot;Degree&amp;quot;,0.0174532925199433]],PROJECTION[&amp;quot;Lambert_Conformal_Conic&amp;quot;],PARAMETER[&amp;quot;False_Easting&amp;quot;,11482916.66666666],PARAMETER[&amp;quot;False_Northing&amp;quot;,6561666.666666666],PARAMETER[&amp;quot;Central_Meridian&amp;quot;,-78.5],PARAMETER[&amp;quot;Standard_Parallel_1&amp;quot;,38.03333333333333],PARAMETER[&amp;quot;Standard_Parallel_2&amp;quot;,39.2],PARAMETER[&amp;quot;Latitude_Of_Origin&amp;quot;,37.66666666666666],UNIT[&amp;quot;Foot_US&amp;quot;,0.3048006096012192],AUTHORITY[&amp;quot;EPSG&amp;quot;,2283]]&lt;/WKT&gt;&lt;XOrigin&gt;-110512500&lt;/XOrigin&gt;&lt;YOrigin&gt;-88858000&lt;/YOrigin&gt;&lt;XYScale&gt;36916142.964165002&lt;/XYScale&gt;&lt;ZOrigin&gt;-100000&lt;/ZOrigin&gt;&lt;ZScale&gt;10000&lt;/ZScale&gt;&lt;MOrigin&gt;-100000&lt;/MOrigin&gt;&lt;MScale&gt;10000&lt;/MScale&gt;&lt;XYTolerance&gt;0.0032808333333333331&lt;/XYTolerance&gt;&lt;ZTolerance&gt;0.001&lt;/ZTolerance&gt;&lt;MTolerance&gt;0.001&lt;/MTolerance&gt;&lt;HighPrecision&gt;true&lt;/HighPrecision&gt;&lt;WKID&gt;102746&lt;/WKID&gt;&lt;LatestWKID&gt;2283&lt;/LatestWKID&gt;&lt;/ProjectedCoordinateSystem&gt;</peXml></coordRef><lineage><Process ToolSource="c:\program files\arcgis\desktop10.1\ArcToolbox\Toolboxes\Data Management Tools.tbx\CopyFeatures" Date="20140505" Time="094514">CopyFeatures "Database Connections\Connection to ffxsde.sde\REGMGR.ELECTORAL\REGMGR.VA_DELEGATE_DISTRICTS" "G:\distribution\countywide_prop_topo\Extract Model\May14_All_County\Free_Layers\VA_DELEGATE_DISTRICTS.shp" # 0 0 0</Process></lineage><copyHistory><copy source="H:\Free_Layers\VA_DELEGATE_DISTRICTS" dest="\\ffx\ffxdfs\home03\s\swoiak\Free_Layers\electoral\VA_DELEGATE_DISTRICTS" date="20140519" time="15080600"></copy></copyHistory></DataProperties></Esri><dataIdInfo><envirDesc Sync="TRUE">Microsoft Windows 7 Version 6.1 (Build 7601) Service Pack 1; Esri ArcGIS 10.1.1.3143</envirDesc><dataLang><languageCode Sync="TRUE" value="eng"></languageCode><countryCode value="USA" Sync="TRUE"></countryCode></dataLang><idCitation><resTitle Sync="TRUE">VA_DELEGATE_DISTRICTS</resTitle><presForm><PresFormCd Sync="TRUE" value="005"></PresFormCd></presForm></idCitation><spatRpType><SpatRepTypCd Sync="TRUE" value="001"></SpatRepTypCd></spatRpType><dataExt><geoEle><GeoBndBox esriExtentType="native"><westBL Sync="TRUE">11757193</westBL><eastBL Sync="TRUE">11899000</eastBL><northBL Sync="TRUE">7070364.5</northBL><southBL Sync="TRUE">6905421</southBL><exTypeCode Sync="TRUE">1</exTypeCode></GeoBndBox></geoEle></dataExt><geoBox esriExtentType="decdegrees"><westBL Sync="TRUE">-77.540165</westBL><eastBL Sync="TRUE">-77.034766</eastBL><northBL Sync="TRUE">39.059546</northBL><southBL Sync="TRUE">38.601552</southBL><exTypeCode Sync="TRUE">1</exTypeCode></geoBox></dataIdInfo><mdLang><languageCode Sync="TRUE" value="eng"></languageCode><countryCode value="USA" Sync="TRUE"></countryCode></mdLang><mdStanName Sync="TRUE">ISO 19115 Geographic Information - Metadata</mdStanName><mdStanVer Sync="TRUE">DIS_ESRI1.0</mdStanVer><mdChar><CharSetCd Sync="TRUE" value="004"></CharSetCd></mdChar><mdHrLv><ScopeCd Sync="TRUE" value="005"></ScopeCd></mdHrLv><mdHrLvName Sync="TRUE">dataset</mdHrLvName><distInfo><distributor><distorTran><onLineSrc><orDesc Sync="TRUE">002</orDesc><linkage Sync="TRUE">Server=s70uxgc33; Service=5154; User=regmgr; Version=SDE.DEFAULT</linkage><protocol Sync="TRUE">ArcSDE Connection</protocol></onLineSrc></distorTran><distorFormat><formatName Sync="TRUE">SDE Feature Class</formatName></distorFormat></distributor><distFormat><formatName Sync="TRUE">Shapefile</formatName></distFormat><distTranOps><transSize Sync="TRUE">0.000</transSize></distTranOps></distInfo><refSysInfo><RefSystem><refSysID><identCode Sync="TRUE" code="2283">NAD_1983_StatePlane_Virginia_North_FIPS_4501_Feet</identCode><idCodeSpace Sync="TRUE">EPSG</idCodeSpace><idVersion Sync="TRUE">7.11.2</idVersion></refSysID></RefSystem></refSysInfo><spatRepInfo><VectSpatRep><geometObjs Name="VA_DELEGATE_DISTRICTS"><geoObjTyp><GeoObjTypCd value="002" Sync="TRUE"></GeoObjTypCd></geoObjTyp><geoObjCnt Sync="TRUE">0</geoObjCnt></geometObjs><topLvl><TopoLevCd value="001" Sync="TRUE"></TopoLevCd></topLvl></VectSpatRep></spatRepInfo><mdDateSt Sync="TRUE">20140505</mdDateSt></metadata>
