<metadata>
	<idinfo>
		<citation>
			<citeinfo>
				<origin>Fairfax County Government</origin>
				<title Sync="TRUE">REGMGR.VOTING_LOCATIONS</title>
				<pubinfo>
					<pubplace>Fairfax County, Virginia, USA</pubplace>
					<publish>Fairfax County Government</publish>
				</pubinfo>
				<pubdate>REQUIRED: The date when the data set is published or otherwise made available for release.</pubdate><ftname Sync="TRUE">REGMGR.VOTING_LOCATIONS</ftname><geoform Sync="TRUE">vector digital data</geoform><onlink Sync="TRUE">Server=ffxsde; Service=pgis; User=gthoma; Version=SDE.DEFAULT</onlink></citeinfo>
		</citation>
		<descript>
			<abstract>This layer has voting precincts, and election boundaries for all federal, state, and local elections.</abstract>
			<purpose>To provide precinct and election district information for use by citizens, political parties, candidates for office and the press. Map data is essential for conduct of elections.</purpose>
			<supplinf>
Virginia code requires the election boundaries map be posted in each polling place on election day. Due to the complexity of the boundaries, all four districts will not appear on the map every year. In even-numbered years, the Congressional representatives are elected, so the map is printed with the Congressional district layer. In odd-numbered years, the state and county officials are elected, so the maps are printed with layers for those districts. The State Senators serve a four-year term, so the Senate district layer is only printed on the map every four years.

In April of 2001, the General Assembly adopted the new State Senate and House of Delegate Districts. These districts were precleared by the Justice Department July 2001.

In June of 2001, the Fairfax County Board of Supervisors adopted the new Supervisor Districts. These districts were precleared by the Justice Department  August 2001.

In July of 2001, the General Assembly adopted the new Congressional Districts. These districts were precleaned by the Justice Department October 2001.

In 2001, 14 new precincts were established in response to the redistricting and several polling places were relocated. In a normal year, precinct boundaries and polling places do not change unless there is population growth in an area and/or a new facility becomes available or an existing facility can no longer be used.

In 2002, 1 new precinct was created as a result of population growth and 1 polling place was temporarily relocated due to facility renovation.

In 2003, 5 new precincts were established as a result of population growth.
</supplinf>
			<langdata Sync="TRUE">en</langdata></descript>
		<timeperd>
			<timeinfo>
				<mdattim>
					<sngdate>
						<caldate>2001</caldate>
					</sngdate>
					<sngdate>
						<caldate>2002</caldate>
					</sngdate>
				</mdattim>
				<sngdate><caldate>REQUIRED: The year (and optionally month, or month and day) for which the data set corresponds to the ground.</caldate></sngdate></timeinfo>
			<current>publication date</current>
		</timeperd>
		<status>
			<progress>Complete</progress>
			<update>As needed</update>
		</status>
		<spdom>
			<bounding>
				<westbc Sync="TRUE">-77.488213</westbc>
				<eastbc Sync="TRUE">-77.050836</eastbc>
				<northbc Sync="TRUE">39.003275</northbc>
				<southbc Sync="TRUE">38.683063</southbc>
			</bounding>
			<dsgpoly>
				<dsgpolyo>
					<grngpoin>
						<gringlat>39.0804078</gringlat>
						<gringlon>-77.54533008</gringlon>
					</grngpoin>
					<grngpoin>
						<gringlat>38.61389198</gringlat>
						<gringlon>-77.54533008</gringlon>
					</grngpoin>
					<grngpoin>
						<gringlat>38.61389198</gringlat>
						<gringlon>-77.03408065</gringlon>
					</grngpoin>
					<grngpoin>
						<gringlat>39.0804078</gringlat>
						<gringlon>-77.03408065</gringlon>
					</grngpoin>
					<grngpoin>
						<gringlat>39.0804078</gringlat>
						<gringlon>-77.54533008</gringlon>
					</grngpoin>
				</dsgpolyo>
			</dsgpoly>
			<lboundng><leftbc Sync="TRUE">11771713.029000</leftbc><rightbc Sync="TRUE">11894757.103500</rightbc><bottombc Sync="TRUE">6935042.695000</bottombc><topbc Sync="TRUE">7050025.285000</topbc></lboundng></spdom>
		<keywords>
			<theme>
				<themekt>None</themekt>
				<themekey>election boundaries</themekey>
				<themekey>precincts</themekey>
				<themekey>voting boundaries</themekey>
			</theme>
			<place>
				<placekt>None</placekt>
				<placekey>Fairfax County, Virginia, USA</placekey>
			</place>
		</keywords>
		<accconst>None</accconst>
		<useconst>Not for use at scales greater then 1:=24000. Acknowledgement of the Fairfax County GIS branch would be appreciated in products derived from these data.</useconst>
		<ptcontac>
			<cntinfo>
				<cntorgp>
					<cntorg>Fairfax County Electoral Board</cntorg>
				</cntorgp>
				<cntpos>Secretary of the Electoral Board</cntpos>
				<cntaddr>
					<addrtype>mailing and physical address</addrtype>
					<address>12000 Government Center Pw. Suite 323</address>
					<city>Fairfax</city>
					<state>VA</state>
					<postal>22035-0081</postal>
					<country>USA</country>
				</cntaddr>
				<cntvoice>(703)-324-4735</cntvoice>
				<cnttdd>711</cnttdd>
				<cntfax>(703)-324-4706</cntfax>
				<cntemail>elect@fairfaxcounty.gov</cntemail>
				<hours>8:00am - 4:30pm Monday - Friday EST</hours>
			</cntinfo>
		</ptcontac>
		<datacred>ASI for conversion process, Fairfax County GIS and Mapping Services and Engineering Systems for reviewing the data, and various Fairfax County Agencies</datacred>
		<native Sync="TRUE">Microsoft Windows Vista Version 6.1 (Build 7600) ; ESRI ArcCatalog 9.3.1.1850</native>
		<natvform Sync="TRUE">SDE Feature Class</natvform></idinfo>
	<dataqual>
		<attracc>
			<attraccr>Attribute accuracy is tested by comparison with hardcopy sources. Reported errors are verified and updated.</attraccr>
		</attracc>
		<logic>Various Arc/Info commands have been used to determine the logical consistency of the data. Once the layer was created, the build command was used to create the polygon topology. If lines were found that did not intersect, they were manually broken to create a node. Dangling arcs were removed if found. Attributes were inspected using the frequency command to ensure valid values.Region, polygon, and arc-node topology exists</logic>
		<complete>Data set is complete.</complete>
		<posacc>
			<horizpa>
				<horizpar>Horizontal positional accuracy for the digital data is tested by visual comparison of the source with the hard copy.</horizpar>
			</horizpa>
		</posacc>
		<lineage>
			<srcinfo>
				<srccitea>ELECT SOURCE</srccitea>
				<srccontr>Election Districts</srccontr>
			</srcinfo>
			<srcinfo>
				<srccitea>ELECT MAP 95</srccitea>
				<srccontr>Election Districts</srccontr>
			</srcinfo>
			<srcinfo>
				<srccitea>ELECT DATA</srccitea>
			</srcinfo>
			<procstep>
				<procdesc>Step1 - The four election districts, Congressional Districts, State Senate Districts, House of Delegates Districts and Supervisors Districts, are reapportioned every 10 years in the year following the federal census as mandated by the United States Constitution. The Virginia General Assembly draws the boundaries for the Congressional, State Senate and the House of Delegates Districts in accordance with mandates of the Virginia Constitution and Virginia Election Law. The Fairfax County Board of Supervisors draws the boundaries for the County Supervisor Districts in accordance with Virginia Code. Following adoption, the new districts are submitted to the U.S.Department of Justice for preclearance under the requirements of the Voting Rights Act. The boundaries of the precincts and the locations of polling places are set by the Fairfax County Board of Supervisors as prescribed by the Virginia Election Law, following public hearings and recommendations from the Electoral Board. Precinct boundaries may be adjusted within an election district to accommodate population growth and to meet the needs of communities. Polling place locations are established for each precinct in convenient, handicapped accessible public  facilities. Changes in precinct boundaries and polling place locations are also submitted to the U.S. Department of Justice for preclearance under the requirements of the Voting Rights Act.</procdesc>
				<srcused>ELECT SOURCE</srcused>
				<procdate>Unknown</procdate>
				<srcprod>ELECT MAP 95</srcprod>
				<proccont>
					<cntinfo>
						<cntorgp>
							<cntorg>Fairfax County Electoral Board</cntorg>
						</cntorgp>
						<cntpos>Secretary of the Electoral Board</cntpos>
						<cntaddr>
							<addrtype>mailing and physical address</addrtype>
							<address>12000 Government Center Pw. Suite 323</address>
							<city>Fairfax</city>
							<state>VA</state>
							<postal>22035-0081</postal>
							<country>USA</country>
						</cntaddr>
						<cntvoice>(703)-324-4735</cntvoice>
						<cnttdd>711</cnttdd>
						<cntfax>(703)-324-4706</cntfax>
						<cntemail>elect@fairfaxcounty.gov</cntemail>
						<hours>8:00am - 4:30pm Monday - Friday EST</hours>
					</cntinfo>
				</proccont>
			</procstep>
			<procstep>
				<procdesc>Digitize election boundaries and boundary names from wall map.</procdesc>
				<srcused>ELECT MAP 95</srcused>
				<procdate>1995</procdate>
				<srcprod>ELECT DATA</srcprod>
				<proccont>
					<cntinfo>
						<cntorgp>
							<cntorg>Fairfax County GIS and Mapping Services</cntorg>
						</cntorgp>
						<cntpos>Database Administrator</cntpos>
						<cntaddr>
							<addrtype>mailing and physical address</addrtype>
							<address>12000 Government Center Pw. Suite 117</address>
							<city>Fairfax</city>
							<state>VA</state>
							<postal>22035</postal>
							<country>USA</country>
						</cntaddr>
						<cntvoice>(703)-324-2712</cntvoice>
						<cnttdd>711</cnttdd>
						<cntfax>(703)-324-3937</cntfax>
						<cntemail>gis.helpq@fairfaxcounty.gov</cntemail>
						<hours>Monday 8:00am - 4:15pm / Tuesday 9:00am - 4:15pm / Wednesday - Friday 8:00am - 4:15pm (EST)</hours>
					</cntinfo>
				</proccont>
			</procstep>
			<procstep><procdesc Sync="TRUE">Metadata imported.</procdesc><srcused Sync="TRUE">C:\DOCUME~1\stulad\LOCALS~1\Temp\xml927.tmp</srcused><date Sync="TRUE">20061201</date><time Sync="TRUE">09372900</time></procstep><procstep><procdesc Sync="TRUE">Dataset copied.</procdesc><srcused Sync="TRUE">Server=ffxdsde; Service=5155; User=gthoma; Version=SDE.DEFAULT</srcused><procdate Sync="TRUE">20110804</procdate><proctime Sync="TRUE">22015400</proctime></procstep></lineage>
	</dataqual>
	<spdoinfo>
		<indspref>Election Boundaries</indspref>
		<direct Sync="TRUE">Vector</direct>
		<ptvctinf><esriterm Name="VOTING_LOCATIONS"><efeatyp Sync="TRUE">Simple</efeatyp><efeageom code="1" Sync="TRUE"></efeageom><esritopo Sync="TRUE">FALSE</esritopo><efeacnt Sync="TRUE">0</efeacnt><spindex Sync="TRUE">FALSE</spindex><linrefer Sync="TRUE">FALSE</linrefer></esriterm></ptvctinf></spdoinfo>
	<spref>
		<horizsys>
			<planar>
				<planci>
					<plance Sync="TRUE">coordinate pair</plance>
					<coordrep>
						<absres Sync="TRUE">0.000250</absres>
						<ordres Sync="TRUE">0.000250</ordres>
					</coordrep>
					<plandu Sync="TRUE">survey feet</plandu></planci>
			</planar>
			<geodetic>
				<horizdn Sync="TRUE">North American Datum of 1983</horizdn>
				<ellips Sync="TRUE">Geodetic Reference System 80</ellips>
				<semiaxis Sync="TRUE">6378137.000000</semiaxis>
				<denflat Sync="TRUE">298.257222</denflat>
			</geodetic>
			<cordsysn><geogcsn Sync="TRUE">GCS_North_American_1983</geogcsn><projcsn Sync="TRUE">NAD_1983_StatePlane_Virginia_North_FIPS_4501_Feet</projcsn></cordsysn></horizsys>
		<vertdef>
			<altsys>
				<altdatum>National Geodetic Vertical Datum of 1929</altdatum>
				<altunits>feet</altunits>
				<altenc Sync="TRUE">Explicit elevation coordinate included with horizontal coordinates</altenc>
				<altres Sync="TRUE">1.000000</altres></altsys>
		</vertdef>
	</spref>
	<eainfo>
		<detailed Name="VOTING_LOCATIONS">
			<enttyp>
				<enttypl Sync="TRUE">VOTING_LOCATIONS</enttypl>
				<enttypd>Voting-Districts:Lines</enttypd>
				<enttypt Sync="TRUE">Feature Class</enttypt><enttypc Sync="TRUE">0</enttypc></enttyp>
			<attr><attrlabl Sync="TRUE">FID</attrlabl><attalias Sync="TRUE">FID</attalias><attrtype Sync="TRUE">OID</attrtype><attwidth Sync="TRUE">4</attwidth><atprecis Sync="TRUE">0</atprecis><attscale Sync="TRUE">0</attscale><attrdef Sync="TRUE">Internal feature number.</attrdef><attrdefs Sync="TRUE">Esri</attrdefs><attrdomv><udom Sync="TRUE">Sequential unique whole numbers that are automatically generated.</udom></attrdomv></attr><attr><attrlabl Sync="TRUE">TYPE</attrlabl><attalias Sync="TRUE">TYPE</attalias><attrtype Sync="TRUE">String</attrtype><attwidth Sync="TRUE">10</attwidth><atprecis Sync="TRUE">0</atprecis><attscale Sync="TRUE">0</attscale></attr><attr><attrlabl Sync="TRUE">PREC_IDENT</attrlabl><attalias Sync="TRUE">PREC_IDENT</attalias><attrtype Sync="TRUE">Double</attrtype><attwidth Sync="TRUE">19</attwidth><atprecis Sync="TRUE">18</atprecis><attscale Sync="TRUE">8</attscale></attr><attr><attrlabl Sync="TRUE">DESCRIPTIO</attrlabl><attalias Sync="TRUE">DESCRIPTIO</attalias><attrtype Sync="TRUE">String</attrtype><attwidth Sync="TRUE">50</attwidth><atprecis Sync="TRUE">0</atprecis><attscale Sync="TRUE">0</attscale></attr><attr><attrlabl Sync="TRUE">JURISDICTI</attrlabl><attalias Sync="TRUE">JURISDICTI</attalias><attrtype Sync="TRUE">String</attrtype><attwidth Sync="TRUE">50</attwidth><atprecis Sync="TRUE">0</atprecis><attscale Sync="TRUE">0</attscale></attr><attr><attrlabl Sync="TRUE">WEB_ADDRES</attrlabl><attalias Sync="TRUE">WEB_ADDRES</attalias><attrtype Sync="TRUE">String</attrtype><attwidth Sync="TRUE">50</attwidth><atprecis Sync="TRUE">0</atprecis><attscale Sync="TRUE">0</attscale></attr><attr><attrlabl Sync="TRUE">STREET_NUM</attrlabl><attalias Sync="TRUE">STREET_NUM</attalias><attrtype Sync="TRUE">String</attrtype><attwidth Sync="TRUE">20</attwidth><atprecis Sync="TRUE">0</atprecis><attscale Sync="TRUE">0</attscale></attr><attr><attrlabl Sync="TRUE">STREET_NAM</attrlabl><attalias Sync="TRUE">STREET_NAM</attalias><attrtype Sync="TRUE">String</attrtype><attwidth Sync="TRUE">50</attwidth><atprecis Sync="TRUE">0</atprecis><attscale Sync="TRUE">0</attscale></attr><attr><attrlabl Sync="TRUE">PRECINCT</attrlabl><attalias Sync="TRUE">PRECINCT</attalias><attrtype Sync="TRUE">String</attrtype><attwidth Sync="TRUE">50</attwidth><atprecis Sync="TRUE">0</atprecis><attscale Sync="TRUE">0</attscale></attr><attr><attrlabl Sync="TRUE">PREC_IDE_1</attrlabl><attalias Sync="TRUE">PREC_IDE_1</attalias><attrtype Sync="TRUE">Double</attrtype><attwidth Sync="TRUE">19</attwidth><atprecis Sync="TRUE">18</atprecis><attscale Sync="TRUE">8</attscale></attr><attr><attrlabl Sync="TRUE">DISTRICT</attrlabl><attalias Sync="TRUE">DISTRICT</attalias><attrtype Sync="TRUE">String</attrtype><attwidth Sync="TRUE">50</attwidth><atprecis Sync="TRUE">0</atprecis><attscale Sync="TRUE">0</attscale></attr><attr><attrlabl Sync="TRUE">SHAPE</attrlabl><attalias Sync="TRUE">Shape</attalias><attrtype Sync="TRUE">Geometry</attrtype><attwidth Sync="TRUE">0</attwidth><atprecis Sync="TRUE">0</atprecis><attscale Sync="TRUE">0</attscale><attrdef Sync="TRUE">Feature geometry.</attrdef><attrdefs Sync="TRUE">ESRI</attrdefs><attrdomv><udom Sync="TRUE">Coordinates defining the features.</udom></attrdomv></attr><attr><attrlabl Sync="TRUE">ID</attrlabl><attalias Sync="TRUE">ID</attalias><attrtype Sync="TRUE">String</attrtype><attwidth Sync="TRUE">15</attwidth><atprecis Sync="TRUE">0</atprecis><attscale Sync="TRUE">0</attscale></attr><attr><attrlabl Sync="TRUE">CITY</attrlabl><attalias Sync="TRUE">CITY</attalias><attrtype Sync="TRUE">String</attrtype><attwidth Sync="TRUE">50</attwidth><atprecis Sync="TRUE">0</atprecis><attscale Sync="TRUE">0</attscale></attr></detailed>
		<detailed>
			<enttyp>
				<enttypl>GISMGR.VOTE_CONGRESSIONAL_POLY.SHAPE</enttypl>
				<enttypd>Voting-Congressional Districts:Polygons</enttypd>
			</enttyp>
			<attr>
				<attrlabl>cong-ident</attrlabl>
				<attrdef>Integer 2</attrdef>
				<attrdefs>Fairfax County GIS</attrdefs>
				<attrdomv>
					<rdom>
						<rdommin>8</rdommin>
						<rdommax>11</rdommax>
					</rdom>
				</attrdomv>
				<attrmfrq>None planned</attrmfrq>
			</attr>
			<attr>
				<attrlabl>congsym</attrlabl>
				<attrdef>Integer 4</attrdef>
				<attrdefs>Fairfax County GIS</attrdefs>
				<attrmfrq>None planned</attrmfrq>
			</attr>
		</detailed>
		<detailed>
			<enttyp>
				<enttypl>GISMGR.VOTE_DELEGATE_POLY.SHAPE</enttypl>
				<enttypd>Voting-House of Delegates Districts:Polygons</enttypd>
			</enttyp>
			<attr>
				<attrlabl>del-ident</attrlabl>
				<attrdef>Integer 2</attrdef>
				<attrdefs>Fairfax County GIS</attrdefs>
				<attrdomv>
					<rdom>
						<rdommin>32</rdommin>
						<rdommax>67</rdommax>
					</rdom>
				</attrdomv>
				<attrmfrq>None planned</attrmfrq>
			</attr>
			<attr>
				<attrlabl>delsym</attrlabl>
				<attrdef>number</attrdef>
			</attr>
		</detailed>
		<detailed>
			<enttyp>
				<enttypl>GISMGR.VOTE_PRECINCT_POLY.SHAPE</enttypl>
				<enttypd>Voting-Precincts:Polygons</enttypd>
			</enttyp>
			<attr>
				<attrlabl>prec-ident</attrlabl>
				<attrdef>Integer 3</attrdef>
				<attrdefs>Fairfax County GIS</attrdefs>
				<attrdomv>
					<rdom>
						<rdommin>100</rdommin>
						<rdommax>999</rdommax>
					</rdom>
				</attrdomv>
				<attrmfrq>None planned</attrmfrq>
			</attr>
			<attr>
				<attrlabl>prec-name</attrlabl>
				<attrdef>Text 30</attrdef>
				<attrdefs>Fairfax County GIS</attrdefs>
				<attrdomv>
					<udom>name of the precinct</udom>
				</attrdomv>
				<attrmfrq>None planned</attrmfrq>
			</attr>
		</detailed>
		<detailed>
			<enttyp>
				<enttypl>GISMGR.VOTE_SENATE_POLY.SHAPE</enttypl>
				<enttypd>Voting-Senate Districts:Polygons</enttypd>
			</enttyp>
			<attr>
				<attrlabl>sen-ident</attrlabl>
				<attrdef>Integer 2</attrdef>
				<attrdefs>Fairfax County GIS</attrdefs>
				<attrdomv>
					<rdom>
						<rdommin>30</rdommin>
						<rdommax>37</rdommax>
					</rdom>
				</attrdomv>
				<attrmfrq>None planned</attrmfrq>
			</attr>
		</detailed>
		<detailed>
			<enttyp>
				<enttypl>GISMGR.VOTE_CONGRESSIONAL_ANNO.SHAPE</enttypl>
				<enttypd>Voting-Congressional Districts:Annotation</enttypd>
			</enttyp>
		</detailed>
		<detailed>
			<enttyp>
				<enttypl>GISMGR.VOTE_DELEGATE_ANNO.SHAPE</enttypl>
				<enttypd>Voting-House of Delegates Districts:Annotation</enttypd>
			</enttyp>
		</detailed>
		<detailed>
			<enttyp>
				<enttypl>GISMGR.VOTE_ANNO.SHAPE</enttypl>
				<enttypd>Voting-Precincts:Annotation</enttypd>
			</enttyp>
		</detailed>
		<detailed>
			<enttyp>
				<enttypl>GISMGR.VOTE_SENATE_ANNO.SHAPE</enttypl>
				<enttypd>Voting-Senate Districts:Annotation</enttypd>
			</enttyp>
		</detailed>
		<overview>
			<eaover>The features are congressional, house of delegates, and senate election boundaries and voting precincts. Each voting district has unique identifier associated with it.</eaover>
		</overview>
	</eainfo>
	<distinfo>
		<distrib>
			<cntinfo>
				<cntorgp>
					<cntorg>Fairfax County GIS and Mapping Services</cntorg>
				</cntorgp>
				<cntpos>Database Administrator</cntpos>
				<cntaddr>
					<addrtype>mailing and physical address</addrtype>
					<address>12000 Government Center Pw. Suite 117</address>
					<city>Fairfax</city>
					<state>VA</state>
					<postal>22035</postal>
					<country>USA</country>
				</cntaddr>
				<cntvoice>(703)-324-2712</cntvoice>
				<cnttdd>711</cnttdd>
				<cntfax>(703)-324-3937</cntfax>
				<cntemail>gis.helpq@fairfaxcounty.gov</cntemail>
				<hours>Monday 8:00am - 4:15pm / Tuesday 9:00am - 4:15pm / Wednesday - Friday 8:00am - 4:15pm (EST)</hours>
			</cntinfo>
		</distrib>
		<distliab>User must assume responsibility to determine the usability of this data for their purpose. A signed copy of the license agreement must be on file with the Fairfax County GIS and Mapping Services Office.</distliab>
		<stdorder>
			<digform>
				<digtinfo>
					<formname>ArcInfo coverage</formname>
					<formvern>8.0</formvern>
					<filedec>No compression</filedec>
				</digtinfo>
			</digform>
			<digform>
				<digtinfo>
					<formname>ArcView Shapefile</formname>
					<formvern>8.0</formvern>
					<filedec>No compression</filedec>
				</digtinfo>
			</digform>
			<fees>
Wall Map Data

This data set includes over 30 layers of attributed vector map data that were derived primarily from the Fairfax County 1"= 2000' and 1"= 4000' Wall Map Series.

The GIS Wall Map CD in Coverage format sells for $25.
The GIS Wall Map CD in Shapefile format sells for $25.

A hard copy of our *wall maps are available at the Fairfax County Government Publications Center located at the Fairfax County Government Center Building - 12000 Government Center Pw.- Fairfax - VA. - Suite 156 - Phone # 703-324-2974 or 703-324-2975. Prices range from $1.50 to $15.00.

* Some of our hard copy maps are not for sale to the public or may be out of stock. Contact the Fairfax County Publication Center on the availabilty of which maps can be purchased.
</fees>
			<ordering>CD data can be requested by mail, fax, or in person. Orders will not be processed until payment is received. Acceptable forms of payment include: cash, check, or money order ( credit cards are not accecpted). The order form and license agreement can be downloaded/printed from the Fairfax County GSI Web page (http://www.fairfaxcounty.gov/maps/forms.htm) and sent to GIS and Mapping Services-12000 Government Center Pw.-Suite 117-Fairfax-VA-22035-0010. Any questions about the GIS Wall Map CD should be directed to the GIS and Mapping Services @ (703)-324-2712.</ordering>
			<turnarnd>Five (5) working days.</turnarnd>
		</stdorder>
		<resdesc Sync="TRUE">Downloadable Data</resdesc></distinfo>
	<metainfo>
		<metd Sync="TRUE">20110906</metd>
		<metrd>20040714</metrd>
		<metfrd>20050101</metfrd>
		<metc>
			<cntinfo>
				<cntorgp>
					<cntorg>Fairfax County GIS and Mapping Services</cntorg>
					<cntper>REQUIRED: The person responsible for the metadata information.</cntper></cntorgp>
				<cntpos>Database Administrator</cntpos>
				<cntaddr>
					<addrtype>mailing and physical address</addrtype>
					<address>12000 Government Center Pw. Suite 117</address>
					<city>Fairfax</city>
					<state>VA</state>
					<postal>22035</postal>
					<country>USA</country>
				</cntaddr>
				<cntvoice>(703)-324-2712</cntvoice>
				<cnttdd>711</cnttdd>
				<cntfax>(703)-324-3937</cntfax>
				<cntemail>gis.helpq@fairfaxcounty.gov</cntemail>
				<hours>Monday 8:00am - 4:15pm / Tuesday 9:00am - 4:15pm / Wednesday - Friday 8:00am - 4:15pm (EST)</hours>
			</cntinfo>
		</metc>
		<metstdn Sync="TRUE">FGDC Content Standards for Digital Geospatial Metadata</metstdn>
		<metstdv Sync="TRUE">FGDC-STD-001-1998</metstdv>
		<mettc Sync="TRUE">local time</mettc>
		<langmeta Sync="TRUE">en</langmeta></metainfo>
	<Esri><CreaDate>20110804</CreaDate><CreaTime>22015400</CreaTime><SyncOnce>FALSE</SyncOnce><SyncDate>20140505</SyncDate><SyncTime>09443900</SyncTime><ModDate>20140505</ModDate><ModTime>09443900</ModTime><DataProperties><itemProps><itemName Sync="TRUE">VOTING_LOCATIONS</itemName><imsContentType Sync="TRUE">002</imsContentType><itemLocation><linkage Sync="TRUE">file://\\ffx\ffxdfs\home03\s\swoiak\Free_Layers\electoral\VOTING_LOCATIONS</linkage><protocol Sync="TRUE">Local Area Network</protocol></itemLocation><itemSize Sync="TRUE">0.000</itemSize></itemProps><coordRef><type Sync="TRUE">Projected</type><geogcsn Sync="TRUE">GCS_North_American_1983</geogcsn><projcsn Sync="TRUE">NAD_1983_StatePlane_Virginia_North_FIPS_4501_Feet</projcsn><peXml Sync="TRUE">&lt;ProjectedCoordinateSystem xsi:type='typens:ProjectedCoordinateSystem' xmlns:xsi='http://www.w3.org/2001/XMLSchema-instance' xmlns:xs='http://www.w3.org/2001/XMLSchema' xmlns:typens='http://www.esri.com/schemas/ArcGIS/10.1'&gt;&lt;WKT&gt;PROJCS[&amp;quot;NAD_1983_StatePlane_Virginia_North_FIPS_4501_Feet&amp;quot;,GEOGCS[&amp;quot;GCS_North_American_1983&amp;quot;,DATUM[&amp;quot;D_North_American_1983&amp;quot;,SPHEROID[&amp;quot;GRS_1980&amp;quot;,6378137.0,298.257222101]],PRIMEM[&amp;quot;Greenwich&amp;quot;,0.0],UNIT[&amp;quot;Degree&amp;quot;,0.0174532925199433]],PROJECTION[&amp;quot;Lambert_Conformal_Conic&amp;quot;],PARAMETER[&amp;quot;False_Easting&amp;quot;,11482916.66666666],PARAMETER[&amp;quot;False_Northing&amp;quot;,6561666.666666666],PARAMETER[&amp;quot;Central_Meridian&amp;quot;,-78.5],PARAMETER[&amp;quot;Standard_Parallel_1&amp;quot;,38.03333333333333],PARAMETER[&amp;quot;Standard_Parallel_2&amp;quot;,39.2],PARAMETER[&amp;quot;Latitude_Of_Origin&amp;quot;,37.66666666666666],UNIT[&amp;quot;Foot_US&amp;quot;,0.3048006096012192],AUTHORITY[&amp;quot;EPSG&amp;quot;,2283]]&lt;/WKT&gt;&lt;XOrigin&gt;-110512500&lt;/XOrigin&gt;&lt;YOrigin&gt;-88858000&lt;/YOrigin&gt;&lt;XYScale&gt;36916142.964165002&lt;/XYScale&gt;&lt;ZOrigin&gt;-100000&lt;/ZOrigin&gt;&lt;ZScale&gt;10000&lt;/ZScale&gt;&lt;MOrigin&gt;-100000&lt;/MOrigin&gt;&lt;MScale&gt;10000&lt;/MScale&gt;&lt;XYTolerance&gt;0.0032808333333333331&lt;/XYTolerance&gt;&lt;ZTolerance&gt;0.001&lt;/ZTolerance&gt;&lt;MTolerance&gt;0.001&lt;/MTolerance&gt;&lt;HighPrecision&gt;true&lt;/HighPrecision&gt;&lt;WKID&gt;102746&lt;/WKID&gt;&lt;LatestWKID&gt;2283&lt;/LatestWKID&gt;&lt;/ProjectedCoordinateSystem&gt;</peXml><csUnits Sync="TRUE">Linear Unit: Foot_US (0.304801)</csUnits></coordRef><lineage><Process ToolSource="C:\Program Files\ArcGIS\Desktop10.0\ArcToolbox\Toolboxes\Conversion Tools.tbx\FeatureClassToFeatureClass" Date="20110803" Time="163222">FeatureClassToFeatureClass "Database Connections\Connection to ffxsde.sde\REGMGR.ELECTORAL\REGMGR.VOTING_LOCATIONS" G:\projects\gis\11Apr_Jun\2311_1sw\Precincts.mdb PollingPlaceExport # "TYPE "PFAC_TYPE" true true false 10 Text 0 0 ,First,#,Database Connections\Connection to ffxsde.sde\REGMGR.ELECTORAL\REGMGR.VOTING_LOCATIONS,TYPE,-1,-1;DESCRIPTION "PFAC_DESC" true true false 50 Text 0 0 ,First,#,Database Connections\Connection to ffxsde.sde\REGMGR.ELECTORAL\REGMGR.VOTING_LOCATIONS,DESCRIPTION,-1,-1;JURISDICTION "PFAC_JURIS" true true false 50 Text 0 0 ,First,#,Database Connections\Connection to ffxsde.sde\REGMGR.ELECTORAL\REGMGR.VOTING_LOCATIONS,JURISDICTION,-1,-1;WEB_ADDRESS "WEB_ADDRESS" true true false 50 Text 0 0 ,First,#,Database Connections\Connection to ffxsde.sde\REGMGR.ELECTORAL\REGMGR.VOTING_LOCATIONS,WEB_ADDRESS,-1,-1;STREET_NUMBER "STREET_NUMBER" true true false 20 Text 0 0 ,First,#,Database Connections\Connection to ffxsde.sde\REGMGR.ELECTORAL\REGMGR.VOTING_LOCATIONS,STREET_NUMBER,-1,-1;STREET_NAME "STREET_NAME" true true false 50 Text 0 0 ,First,#,Database Connections\Connection to ffxsde.sde\REGMGR.ELECTORAL\REGMGR.VOTING_LOCATIONS,STREET_NAME,-1,-1;PREC_IDENT "PREC_IDENT" true true false 8 Double 8 38 ,First,#,Database Connections\Connection to ffxsde.sde\REGMGR.ELECTORAL\REGMGR.VOTING_LOCATIONS,PREC_IDENT,-1,-1;PREC_IDENT2 "PREC_IDENT2" true true false 8 Double 8 38 ,First,#,Database Connections\Connection to ffxsde.sde\REGMGR.ELECTORAL\REGMGR.VOTING_LOCATIONS,PREC_IDENT2,-1,-1;PRECINCT "PRECINCT" true true false 50 Text 0 0 ,First,#,Database Connections\Connection to ffxsde.sde\REGMGR.ELECTORAL\REGMGR.VOTING_LOCATIONS,PRECINCT,-1,-1" #</Process><Process ToolSource="C:\Program Files\ArcGIS\Desktop10.0\ArcToolbox\Toolboxes\Data Management Tools.tbx\CalculateField" Date="20110803" Time="164358">CalculateField PollingPlaceExport TYPE "POLL" VB #</Process><Process ToolSource="C:\Program Files\ArcGIS\Desktop10.0\ArcToolbox\Toolboxes\Data Management Tools.tbx\CalculateField" Date="20110803" Time="164442">CalculateField PollingPlaceExport JURISDICTION "COUNTY OF FAIRFAX" VB #</Process><Process ToolSource="E:\Program Files\ArcGIS\ArcToolbox\Toolboxes\Conversion Tools.tbx\FeatureClassToFeatureClass" Date="20110804" Time="000734">FeatureClassToFeatureClass "G:\projects\gis\11Jul_Sept\Greg Update\Supervisor_Precinct_Updates.mdb\PollingPlaces_Sandy_1" "Database Connections\Connection to ffxdsde.sde\REGMGR.ELECTORAL" VOTING_LOC_092011 # "TYPE 'PFAC_TYPE' true true false 10 Text 0 0 ,First,#,G:\projects\gis\11Jul_Sept\Greg Update\Supervisor_Precinct_Updates.mdb\PollingPlaces_Sandy_1,TYPE,-1,-1;DESCRIPTION 'PFAC_DESC' true true false 50 Text 0 0 ,First,#,G:\projects\gis\11Jul_Sept\Greg Update\Supervisor_Precinct_Updates.mdb\PollingPlaces_Sandy_1,DESCRIPTION,-1,-1;JURISDICTION 'PFAC_JURIS' true true false 50 Text 0 0 ,First,#,G:\projects\gis\11Jul_Sept\Greg Update\Supervisor_Precinct_Updates.mdb\PollingPlaces_Sandy_1,JURISDICTION,-1,-1;WEB_ADDRESS 'WEB_ADDRESS' true true false 50 Text 0 0 ,First,#,G:\projects\gis\11Jul_Sept\Greg Update\Supervisor_Precinct_Updates.mdb\PollingPlaces_Sandy_1,WEB_ADDRESS,-1,-1;STREET_NUMBER 'STREET_NUMBER' true true false 20 Text 0 0 ,First,#,G:\projects\gis\11Jul_Sept\Greg Update\Supervisor_Precinct_Updates.mdb\PollingPlaces_Sandy_1,STREET_NUMBER,-1,-1;STREET_NAME 'STREET_NAME' true true false 50 Text 0 0 ,First,#,G:\projects\gis\11Jul_Sept\Greg Update\Supervisor_Precinct_Updates.mdb\PollingPlaces_Sandy_1,STREET_NAME,-1,-1;PREC_IDENT 'PREC_IDENT' true true false 8 Double 0 0 ,First,#,G:\projects\gis\11Jul_Sept\Greg Update\Supervisor_Precinct_Updates.mdb\PollingPlaces_Sandy_1,PREC_IDENT,-1,-1;PREC_IDENT2 'PREC_IDENT2' true true false 8 Double 0 0 ,First,#,G:\projects\gis\11Jul_Sept\Greg Update\Supervisor_Precinct_Updates.mdb\PollingPlaces_Sandy_1,PREC_IDENT2,-1,-1;PRECINCT 'PRECINCT' true true false 50 Text 0 0 ,First,#,G:\projects\gis\11Jul_Sept\Greg Update\Supervisor_Precinct_Updates.mdb\PollingPlaces_Sandy_1,PRECINCT,-1,-1;DISTRICT 'DISTRICT' true true false 50 Text 0 0 ,First,#,G:\projects\gis\11Jul_Sept\Greg Update\Supervisor_Precinct_Updates.mdb\PollingPlaces_Sandy_1,DISTRICT,-1,-1" # "Database Connections\Connection to ffxdsde.sde\REGMGR.ELECTORAL\REGMGR.VOTING_LOC_092011"</Process><Process ToolSource="c:\program files\arcgis\desktop10.1\ArcToolbox\Toolboxes\Data Management Tools.tbx\CopyFeatures" Date="20140505" Time="094442">CopyFeatures "Database Connections\Connection to ffxsde.sde\REGMGR.ELECTORAL\REGMGR.VOTING_LOCATIONS" "G:\distribution\countywide_prop_topo\Extract Model\May14_All_County\Free_Layers\VOTING_LOCATIONS.shp" # 0 0 0</Process></lineage><copyHistory><copy source="H:\Free_Layers\VOTING_LOCATIONS" dest="\\ffx\ffxdfs\home03\s\swoiak\Free_Layers\electoral\VOTING_LOCATIONS" date="20140519" time="15082100"></copy></copyHistory></DataProperties><ArcGISFormat>1.0</ArcGISFormat><MetaID>{DEB02EC1-FF6A-46B3-AC86-AAF47E577561}</MetaID></Esri><dataIdInfo><envirDesc Sync="TRUE">Microsoft Windows 7 Version 6.1 (Build 7601) Service Pack 1; Esri ArcGIS 10.1.1.3143</envirDesc><dataLang><languageCode Sync="TRUE" value="eng" country="USA"></languageCode><countryCode value="USA" Sync="TRUE"></countryCode></dataLang><idCitation><resTitle Sync="TRUE">VOTING_LOCATIONS</resTitle><presForm><PresFormCd Sync="TRUE" value="005"></PresFormCd></presForm></idCitation><spatRpType><SpatRepTypCd Sync="TRUE" value="001"></SpatRepTypCd></spatRpType><dataExt><geoEle><GeoBndBox esriExtentType="native"><westBL Sync="TRUE">11771713.029</westBL><eastBL Sync="TRUE">11894757.1035</eastBL><northBL Sync="TRUE">7050025.285</northBL><southBL Sync="TRUE">6935042.695</southBL><exTypeCode Sync="TRUE">1</exTypeCode></GeoBndBox></geoEle></dataExt><geoBox esriExtentType="decdegrees"><westBL Sync="TRUE">-77.488213</westBL><eastBL Sync="TRUE">-77.050836</eastBL><northBL Sync="TRUE">39.003275</northBL><southBL Sync="TRUE">38.683063</southBL><exTypeCode Sync="TRUE">1</exTypeCode></geoBox><descKeys><thesaName uuidref="723f6998-058e-11dc-8314-0800200c9a66"></thesaName><keyword Sync="TRUE">002</keyword></descKeys></dataIdInfo><mdLang><languageCode Sync="TRUE" value="eng"></languageCode><countryCode value="USA" Sync="TRUE"></countryCode></mdLang><mdStanName Sync="TRUE">ISO 19115 Geographic Information - Metadata</mdStanName><mdStanVer Sync="TRUE">DIS_ESRI1.0</mdStanVer><mdChar><CharSetCd Sync="TRUE" value="004"></CharSetCd></mdChar><mdHrLv><ScopeCd Sync="TRUE" value="005"></ScopeCd></mdHrLv><mdHrLvName Sync="TRUE">dataset</mdHrLvName><distInfo><distributor><distorTran><onLineSrc><orDesc Sync="TRUE">002</orDesc><linkage Sync="TRUE">Server=ffxsde; Service=pgis; User=gthoma; Version=SDE.DEFAULT</linkage><protocol Sync="TRUE">ArcSDE Connection</protocol></onLineSrc></distorTran><distorFormat><formatName Sync="TRUE">SDE Feature Class</formatName></distorFormat></distributor><distFormat><formatName Sync="TRUE">Shapefile</formatName></distFormat><distTranOps><transSize Sync="TRUE">0.000</transSize></distTranOps></distInfo><refSysInfo><RefSystem><refSysID><identCode Sync="TRUE" code="2283">NAD_1983_StatePlane_Virginia_North_FIPS_4501_Feet</identCode><idCodeSpace Sync="TRUE">EPSG</idCodeSpace><idVersion Sync="TRUE">7.11.2</idVersion></refSysID></RefSystem></refSysInfo><spatRepInfo><VectSpatRep><geometObjs Name="VOTING_LOCATIONS"><geoObjTyp><GeoObjTypCd value="004" Sync="TRUE"></GeoObjTypCd></geoObjTyp><geoObjCnt Sync="TRUE">0</geoObjCnt></geometObjs><topLvl><TopoLevCd value="001" Sync="TRUE"></TopoLevCd></topLvl></VectSpatRep></spatRepInfo><mdDateSt Sync="TRUE">20140505</mdDateSt></metadata>
