<?xml version="1.0"?>
<!--<!DOCTYPE metadata SYSTEM "http://www.esri.com/metadata/esriprof80.dtd">-->
<metadata xml:lang="en"><Esri><CreaDate>20040927</CreaDate><CreaTime>11141300</CreaTime><SyncOnce>TRUE</SyncOnce><MetaID>{42308BE5-3E6E-4BC9-8CBF-5569E92395E9}</MetaID></Esri><idinfo><citation><citeinfo><onlink Sync="TRUE">\\acgcgis1\GIS_D\Aerial_images_1991\2638.bil</onlink></citeinfo></citation></idinfo><distInfo><distributor><distorTran><onLineSrc><linkage Sync="TRUE">file://\\acgcgis1\GIS_D\Aerial_images_1991\2638.bil</linkage><protocol Sync="TRUE">Local Area Network</protocol></onLineSrc></distorTran></distributor></distInfo><dataqual><lineage><procstep><procdesc Sync="TRUE">Dataset copied.</procdesc><srcused Sync="TRUE">J:\ArcInfo\Images\Aerial_Photo\2638.bil</srcused><date Sync="TRUE">20040927</date><time Sync="TRUE">11141300</time></procstep></lineage></dataqual></metadata>
