<?xml version="1.0"?>
<!--<!DOCTYPE metadata SYSTEM "http://www.esri.com/metadata/esriprof80.dtd">-->
<metadata xml:lang="en"><Esri><CreaDate>20040927</CreaDate><CreaTime>11151600</CreaTime><SyncOnce>TRUE</SyncOnce><MetaID>{05846206-E9F1-4340-8DF4-6DA7FD79416D}</MetaID></Esri><idinfo><citation><citeinfo><onlink Sync="TRUE">\\acgcgis1\GIS_D\Aerial_images_1991\2648.bil</onlink></citeinfo></citation></idinfo><distInfo><distributor><distorTran><onLineSrc><linkage Sync="TRUE">file://\\acgcgis1\GIS_D\Aerial_images_1991\2648.bil</linkage><protocol Sync="TRUE">Local Area Network</protocol></onLineSrc></distorTran></distributor></distInfo><dataqual><lineage><procstep><procdesc Sync="TRUE">Dataset copied.</procdesc><srcused Sync="TRUE">J:\ArcInfo\Images\Aerial_Photo\2648.bil</srcused><date Sync="TRUE">20040927</date><time Sync="TRUE">11151600</time></procstep></lineage></dataqual></metadata>
