<?xml version="1.0" encoding="UTF-8"?>
<metadata xml:lang="en"><Esri><CreaDate>20140404</CreaDate><CreaTime>16404500</CreaTime><ArcGISFormat>1.0</ArcGISFormat><ArcGISstyle>FGDC CSDGM Metadata</ArcGISstyle><SyncOnce>TRUE</SyncOnce><DataProperties><lineage><Process Name="Export to CAD" ToolSource="C:\Program Files (x86)\ArcGIS\Desktop10.0\ArcToolbox\Toolboxes\Conversion Tools.tbx\ExportCAD" Date="20140404" Time="164045">ExportCAD '\\tempest\shared\GIS\Data\Sharing\Data Download Portal\Staging\Recreation\RecreationGDB\Recreation.gdb\Trail';'\\tempest\shared\GIS\Data\Sharing\Data Download Portal\Staging\Recreation\RecreationGDB\Recreation.gdb\Park';'\\tempest\shared\GIS\Data\Sharing\Data Download Portal\Staging\Recreation\RecreationGDB\Recreation.gdb\RecreationAccess' DWG_R2000 "\\tempest\shared\GIS\Data\Sharing\Data Download Portal\Staging\Recreation\RecreationDWG\Recreation.dwg" Ignore_Filenames_in_Tables Overwrite_Existing_Files #</Process></lineage></DataProperties></Esri></metadata>
