<metadata xml:lang="en">
	<idinfo>
		<native>Microsoft Windows XP Version 5.1 (Build 2600) Service Pack 3; ESRI ArcCatalog 9.3.1.1850</native>
		<descript>
			<abstract>Sandy ocean beaches are a popular recreational destination, often surrounded by communities containing valuable real estate.  Development is on the rise despite the fact that coastal infrastructure is subjected to flooding and erosion.  As a result, there is an increased demand for accurate information regarding past and present shoreline changes.  To meet these national needs, the Coastal and Marine Geology Program of the U.S. Geological Survey (USGS) is compiling existing reliable historical shoreline data along open-ocean sandy shores of the conterminous United States and parts of Alaska and Hawaii under the National Assessment of Shoreline Change project.  

There is no widely accepted standard for analyzing shoreline change.  Existing shoreline data measurements and rate calculation methods vary from study to study and prevent combining results into state-wide or regional assessments.  The impetus behind the National Assessment project was to develop a standardized method of measuring changes in shoreline position that is consistent from coast to coast.  The goal was to facilitate the process of periodically and systematically updating the results in an internally consistent manner.</abstract>
			<purpose>This dataset includes a reference baseline used by the Digital Shoreline Analysis System (DSAS) to calculate rate-of-change statistics for the Delmarva South/Southern Virginia region from Wallops Island, Virginia to the Virginia/North Carolina border.  This baseline layer serves as the starting point for all transects cast by the DSAS application.  The transects intersect each shoreline and establish measurement points used to calculate shoreline-change rates.

Rates of long-term and short-term shoreline change were generated in a GIS using the DSAS version 4.1- An ArcGIS extension for calculating shoreline change: U.S. Geological Survey Open-File Report 2008-1278, Thieler, E.R., Himmelstoss, E.A., Zichichi, J.L., and Ergul, Ayhan.</purpose>
			<langdata Sync="TRUE">en</langdata></descript>
		<citation>
			<citeinfo>
				<title>DelmarvaS_SVA_baseline.shp - Offshore baseline for the Delmarva South/Southern Virginia region generated to calculate shoreline change rates from Wallops Island, Virginia to the Virginia/North Carolina border.</title>
				<geoform>vector digital data</geoform>
				<pubdate>2010</pubdate>
				<serinfo>
					<sername>Open-File Report</sername>
					<issue>2010-1119</issue>
				</serinfo>
				<pubinfo>
					<pubplace>Woods Hole Coastal and Marine Science Center, Woods Hole, MA</pubplace>
					<publish>U.S. Geological Survey, Coastal and Marine Geology Program</publish>
				</pubinfo>
				<lworkcit>
					<citeinfo>
						<origin>Emily Himmelstoss</origin>
						<origin>Meredith Kratzmann</origin>
						<origin>Cheryl Hapke</origin>
						<origin>E. Robert Thieler</origin>
						<pubdate>2010</pubdate>
						<title>National Assessment of Shoreline Change: A GIS Compilation of Vector Shorelines and Associated Shoreline Change Data for the New England and Mid-Atlantic Coasts</title>
						<serinfo>
							<sername>Open-File Report</sername>
							<issue>2010-1119</issue>
						</serinfo>
						<pubinfo>
							<pubplace>Woods Hole Coastal and Marine Science Center, Woods Hole, MA</pubplace>
							<publish>U.S. Geological Survey, Coastal and Marine Geology Program</publish>
						</pubinfo>
						<onlink>http://pubs.usgs.gov/of/2010/1119/</onlink>
						<origin>Jeffrey List</origin>
					</citeinfo>
				</lworkcit>
				<onlink>http://pubs.usgs.gov/of/2010/1119/</onlink>
				<origin>U.S. Geological Survey</origin>
				<ftname Sync="TRUE">DelmarvaS_SVA_baseline</ftname></citeinfo>
		</citation>
		<spdom>
			<bounding>
				<westbc>-75.991630</westbc>
				<eastbc>-75.420917</eastbc>
				<northbc>37.875581</northbc>
				<southbc>36.550712</southbc>
			</bounding>
			<lboundng><leftbc Sync="TRUE">-75.991630</leftbc><rightbc Sync="TRUE">-75.420917</rightbc><bottombc Sync="TRUE">36.550712</bottombc><topbc Sync="TRUE">37.875581</topbc></lboundng></spdom>
		<ptcontac>
			<cntinfo>
				<cntorgp>
					<cntorg>U.S. Geological Survey</cntorg>
				</cntorgp>
				<cntaddr>
					<addrtype>mailing and physical address</addrtype>
					<address>384 Woods Hole Road</address>
					<city>Woods Hole</city>
					<state>MA</state>
					<postal>02543-1598</postal>
					<country>USA</country>
				</cntaddr>
				<cntvoice>508-548-8700</cntvoice>
				<cntfax>508-547-2310</cntfax>
			</cntinfo>
		</ptcontac>
		<accconst>None</accconst>
		<useconst>Public domain data from the U.S. Government are freely redistributable with proper metadata and source attribution. Please recognize the U.S. Geological Survey as the originator of the dataset.</useconst>
		<keywords>
			<theme>
				<themekey>Baseline</themekey>
				<themekey>Shoreline Change Rate</themekey>
				<themekey>Linear Regression Rate</themekey>
				<themekey>Endpoint Rate</themekey>
				<themekey>Digital Shoreline Analysis System</themekey>
				<themekt>General</themekt>
				<themekey>DSAS</themekey>
				<themekey>U.S. Geological Survey</themekey>
				<themekey>USGS</themekey>
				<themekey>Coastal and Marine Geology Program</themekey>
				<themekey>CMGP</themekey>
				<themekey>Woods Hole Coastal and Marine Science Center</themekey>
				<themekey>WHCMSC</themekey>
				<themekey>National Assessment of Shoreline Change Project</themekey>
			</theme>
			<place>
				<placekey>Atlantic Coast</placekey>
				<placekt>General</placekt>
				<placekey>United States</placekey>
				<placekey>Mid-Atlantic</placekey>
				<placekey>Delmarva</placekey>
				<placekey>Virginia</placekey>
				<placekey>Wallops Island</placekey>
				<placekey>Assawoman Island</placekey>
				<placekey>Metompkin Island</placekey>
				<placekey>Cedar Island</placekey>
				<placekey>Parramore Island</placekey>
				<placekey>Hog Island</placekey>
				<placekey>Cobb Island</placekey>
				<placekey>Wreck Island</placekey>
				<placekey>Ship Shoal Island</placekey>
				<placekey>Myrtle Island</placekey>
				<placekey>Smith Island</placekey>
				<placekey>Fishermans Island</placekey>
				<placekey>Cape Henry</placekey>
				<placekey>Virginia Beach</placekey>
				<placekey>False Cape</placekey>
			</place>
			<theme>
				<themekey>oceans</themekey>
				<themekey>oceans and estuaries</themekey>
				<themekt>ISO 19115 Topic Category</themekt>
				<themekey>oceans and coastal</themekey>
				<themekey>environment</themekey>
				<themekey>geoscientificInformation</themekey>
			</theme>
		</keywords>
		<crossref>
			<citeinfo>
				<origin>Cheryl Hapke</origin>
				<origin>Emily Himmelstoss</origin>
				<origin>Meredith Kratzmann</origin>
				<origin>Jeffrey List</origin>
				<origin>E. Robert Thieler</origin>
				<pubdate>2010</pubdate>
				<title>National Assessment of Shoreline Change: Historical Shoreline Change along the New England and Mid-Atlantic Coasts</title>
				<serinfo>
					<sername>Open-File Report</sername>
					<issue>2010-1118</issue>
				</serinfo>
				<pubinfo>
					<pubplace>Woods Hole Coastal and Marine Science Center, Woods Hole, MA</pubplace>
					<publish>U.S. Geological Survey, Coastal and Marine Geology Program</publish>
				</pubinfo>
				<onlink>http://pubs.usgs.gov/of/2010/1118/</onlink>
			</citeinfo>
		</crossref>
		<timeperd>
			<timeinfo>
				<sngdate>
					<caldate>2010</caldate>
				</sngdate>
			</timeinfo>
			<current>publication date</current>
		</timeperd>
		<status>
			<progress>Complete</progress>
			<update>None planned</update>
		</status>
		<crossref>
			<citeinfo>
				<origin>E.R. Thieler</origin>
				<origin>E.A. Himmelstoss</origin>
				<origin>J.L. Zichichi</origin>
				<onlink>http://pubs.usgs.gov/of/2008/1278/</onlink>
				<origin>A. Ergul</origin>
				<pubdate>2009</pubdate>
				<title>Digital Shoreline Analysis System (DSAS) version 4.0 - An ArcGIS extension for calculating shoreline change</title>
				<othercit>Current version of software at time of use was 4.1</othercit>
				<onlink>http://woodshole.er.usgs.gov/project-pages/dsas/version4/index.html</onlink>
				<onlink>http://woodshole.er.usgs.gov/project-pages/dsas/</onlink>
			</citeinfo>
		</crossref>
		<natvform Sync="TRUE">Shapefile</natvform></idinfo>
	<dataIdInfo>
		<envirDesc>Microsoft Windows XP Version 5.1 (Build 2600) Service Pack 3; ESRI ArcCatalog 9.3.1.1850</envirDesc>
		<dataLang>
			<languageCode value="en"/>
		</dataLang>
		<idCitation>
			<resTitle>DelmarvaS_SVA_baseline</resTitle>
			<presForm>
				<PresFormCd value="005"/>
			</presForm>
		</idCitation>
		<spatRpType>
			<SpatRepTypCd value="001"/>
		</spatRpType>
		<dataExt>
			<geoEle>
				<GeoBndBox esriExtentType="native">
					<westBL>-75.99163</westBL>
					<eastBL>-75.420917</eastBL>
					<northBL>37.875581</northBL>
					<southBL>36.550712</southBL>
					<exTypeCode>1</exTypeCode>
				</GeoBndBox>
			</geoEle>
		</dataExt>
		<geoBox esriExtentType="decdegrees">
			<westBL>-75.99163</westBL>
			<eastBL>-75.420917</eastBL>
			<northBL>37.875581</northBL>
			<southBL>36.550712</southBL>
			<exTypeCode>1</exTypeCode>
		</geoBox>
	</dataIdInfo>
	<metainfo>
		<metstdn>FGDC Content Standards for Digital Geospatial Metadata</metstdn>
		<metstdv>FGDC-STD-001-1998</metstdv>
		<mettc>local time</mettc>
		<metd>20100428</metd>
		<metc>
			<cntinfo>
				<cntperp>
					<cntper>Emily Himmelstoss</cntper>
					<cntorg>U.S. Geological Survey</cntorg>
				</cntperp>
				<cntpos>Geologist</cntpos>
				<cntaddr>
					<addrtype>mailing and physical address</addrtype>
					<address>384 Woods Hole Road</address>
					<city>Woods Hole</city>
					<state>MA</state>
					<postal>02543-1598</postal>
					<country>USA</country>
				</cntaddr>
				<cntvoice>508-548-8700 x2262</cntvoice>
				<cntfax>508-547-2310</cntfax>
				<cntemail>ehimmelstoss@usgs.gov</cntemail>
			</cntinfo>
		</metc>
		<langmeta Sync="TRUE">en</langmeta><metextns><onlink Sync="TRUE">http://www.esri.com/metadata/esriprof80.html</onlink><metprof Sync="TRUE">ESRI Metadata Profile</metprof></metextns></metainfo>
	<mdLang>
		<languageCode value="en"/>
	</mdLang>
	<mdStanName>ISO 19115 Geographic Information - Metadata</mdStanName>
	<mdStanVer>DIS_ESRI1.0</mdStanVer>
	<mdChar>
		<CharSetCd value="004"/>
	</mdChar>
	<mdHrLv>
		<ScopeCd value="005"/>
	</mdHrLv>
	<mdHrLvName>dataset</mdHrLvName>
	<distInfo>
		<distributor>
			<distorTran>
				<onLineSrc>
					<orDesc>002</orDesc>
					<linkage>file://\\IGSAGIEGWSEHIX0\National_Assessment\DATA\NE_Atlantic\DSAS\NEMA\RESULTS\GIS\Export_baselines\NE_North_baseline.shp</linkage>
					<protocol>Local Area Network</protocol>
				</onLineSrc>
				<transSize>0.004</transSize>
			</distorTran>
			<distorFormat>
				<formatName>Shapefile</formatName>
			</distorFormat>
		</distributor>
	</distInfo>
	<spdoinfo>
		<direct>Vector</direct>
		<ptvctinf>
			<sdtsterm Name="DelmarvaS_SVA_baseline">
				<sdtstype>String</sdtstype>
				<ptvctcnt>13</ptvctcnt>
			</sdtsterm>
			<esriterm Name="DelmarvaS_SVA_baseline"><efeatyp Sync="TRUE">Simple</efeatyp><efeageom Sync="TRUE">Polyline</efeageom><esritopo Sync="TRUE">FALSE</esritopo><efeacnt Sync="TRUE">13</efeacnt><spindex Sync="TRUE">TRUE</spindex><linrefer Sync="TRUE">FALSE</linrefer></esriterm></ptvctinf>
	</spdoinfo>
	<spref>
		<horizsys>
			<geograph>
				<geogunit>Decimal degrees</geogunit>
				<latres>0.000001</latres>
				<longres>0.000001</longres>
			</geograph>
			<geodetic>
				<horizdn>D_WGS_1984 </horizdn>
				<ellips>WGS_1984 </ellips>
				<semiaxis>6378137.000000</semiaxis>
				<denflat>298.257224</denflat>
			</geodetic>
			<cordsysn><geogcsn Sync="TRUE">GCS_WGS_1984</geogcsn></cordsysn></horizsys>
	</spref>
	<refSysInfo>
		<RefSystem>
			<refSysID>
				<identCode>GCS_North_American_1983</identCode>
			</refSysID>
		</RefSystem>
	</refSysInfo>
	<spatRepInfo>
		<VectSpatRep>
			<topLvl>
				<TopoLevCd value="001"/>
			</topLvl>
			<geometObjs>
				<geoObjTyp>
					<GeoObjTypCd value="001"/>
				</geoObjTyp>
				<geoObjCnt>30</geoObjCnt>
			</geometObjs>
		</VectSpatRep>
	</spatRepInfo>
	<eainfo>
		<detailed Name="DelmarvaS_SVA_baseline">
			<enttyp>
				<enttypl>DelmarvaS_SVA_baseline</enttypl>
				<enttypd>Reference baseline used by the Digital Shoreline Analysis System (DSAS) to calculate rate-of-change statistics </enttypd>
				<enttypds>USGS</enttypds>
				<enttypt Sync="TRUE">Feature Class</enttypt><enttypc Sync="TRUE">13</enttypc></enttyp>
			<attr>
				<attrlabl>FID</attrlabl>
				<attrdef>Internal feature number.</attrdef>
				<attrdefs>ESRI</attrdefs>
				<attrdomv>
					<udom>Sequential unique whole numbers that are automatically generated.</udom>
				</attrdomv>
				<attalias Sync="TRUE">FID</attalias><attrtype Sync="TRUE">OID</attrtype><attwidth Sync="TRUE">4</attwidth><atprecis Sync="TRUE">0</atprecis><attscale Sync="TRUE">0</attscale></attr>
			<attr>
				<attrlabl>Shape</attrlabl>
				<attrdef>Feature geometry.</attrdef>
				<attrdefs>ESRI</attrdefs>
				<attrdomv>
					<udom>Coordinates defining the features.</udom>
				</attrdomv>
				<attalias Sync="TRUE">Shape</attalias><attrtype Sync="TRUE">Geometry</attrtype><attwidth Sync="TRUE">0</attwidth><atprecis Sync="TRUE">0</atprecis><attscale Sync="TRUE">0</attscale></attr>
			<attr>
				<attrlabl>ID</attrlabl>
				<attrdef>Field required by the Digital Shoreline Analysis System (DSAS) software.  DSAS uses this value to determine the ordering sequence of transects when the baseline feature contains multiple segments.  Individual segments are numbered sequentially alongshore.</attrdef>
				<attrdefs>U.S. Geological Survey</attrdefs>
				<attalias Sync="TRUE">ID</attalias><attrtype Sync="TRUE">Number</attrtype><attwidth Sync="TRUE">9</attwidth><attrdomv><rdom><rdommin>1</rdommin><rdommax>13</rdommax></rdom></attrdomv></attr>
		</detailed>
	</eainfo>
	<mdDateSt>20100428</mdDateSt>
	<dataqual>
		<attracc>
			<attraccr>The attribute in this layer is based on the requirements for use within the Digital Shoreline Analysis System (DSAS) software (USGS Open-File Report 2008-1278).  The data have been quality checked and the attribute value (ID) increments sequentially alongshore.</attraccr>
		</attracc>
		<logic>All polylines have a unique identification attribute (ID) used to designate the alongshore order of baselines.  Adjacent baseline segments do not overlap and are not necessarily continuous.</logic>
		<complete>This baseline file is complete and contains all baseline segments used to cast transects along sections of the Delmarva South and Southern Virginia coastal region where lidar shoreline position data were available and additional shoreline data are present to calculate either a short- or long-term rate.</complete>
		<posacc>
			<horizpa>
				<horizpar>The baseline serves as a reference point for transects cast by the Digital Shoreline Analysis System (DSAS) software.  It does not correspond to any real-world feature.</horizpar>
			</horizpa>
		</posacc>
		<lineage>
			<procstep>
				<proccont>
					<cntinfo>
						<cntperp>
							<cntper>Emily Himmelstoss</cntper>
							<cntorg>U.S. Geological Survey</cntorg>
						</cntperp>
						<cntpos>Geologist</cntpos>
						<cntaddr>
							<addrtype>mailing and physical address</addrtype>
							<address>384 Woods Hole Road</address>
							<city>Woods Hole</city>
							<state>MA</state>
							<postal>02543-1598</postal>
							<country>USA</country>
						</cntaddr>
						<cntvoice>508-548-8700 x2262</cntvoice>
						<cntfax>508-457-2310</cntfax>
						<cntemail>ehimmelstoss@usgs.gov</cntemail>
					</cntinfo>
				</proccont>
				<procdesc>A baseline was constructed offshore from the time series of shoreline positions using standard editing tools in ArcMap v.9.3.  The baseline was positioned to conform to changes in the combined orientation of the shorelines alongshore.  This was done so that the transects, which are generated by the Digital Shoreline Analysis System v4.1 from the baseline, would intersect perpendicular to the general trend of the shorelines. Baseline features were constructed along sections of the coast containing sandy shoreline features greater than 1 kilometer in length that met at least one of the following requirements: 1) they contained the two shorelines required to compute short-term (~30 year) shoreline change analysis (typically a shoreline from the 1970-1980's and the lidar-derived shoreline from 1997); or 2) they contain at least four shorelines, one of which must be the lidar-derived shoreline, that can be used to compute long-term (~100 year) shoreline change rates.  This process step and all subsequent process steps were performed by the same person: Emily Himmelstoss.</procdesc>
				<procdate>2009</procdate>
			</procstep>
			<procstep>
				<procdesc>The baseline feature class was exported from a personal geodatabase to a shapefile in ArcCatalog (v.9.3) by performing a right-mouse click on the data layer &gt; export &gt; to shapefile (single).</procdesc>
				<procdate>20100216</procdate>
			</procstep>
			<procstep>
				<procdesc>The baseline shapefile was projected in ESRI's ArcToolbox (v.9.3) &gt; Data Management Tools &gt; Projections and Transformations &gt; Feature &gt; Project.  Parameters: input projection - UTM zone 18N (NAD 83); output projection - geographic coordinates (WGS 84); transformation - NAD_1983_To_WGS_1984_1.</procdesc>
				<procdate>20100216</procdate>
			</procstep>
		</lineage>
	</dataqual>
	<distinfo>
		<resdesc>Downloadable Data</resdesc>
		<stdorder>
			<digform>
				<digtinfo>
					<formname>WinZip</formname>
					<formvern>9.0</formvern>
					<formspec>ESRI polyline shapefile</formspec>
					<formcont>This WinZip file contains the baseline shapefile for use generating transects within the Digital Shoreline Analysis System for the Delmarva South/Southern Virginia region from Wallops Island, Virginia to the Virginia/North Carolina border.</formcont>
					<filedec>Use WinZip or pkUnzip</filedec>
					<transize Sync="TRUE">0.001</transize><dssize Sync="TRUE">0.001</dssize></digtinfo>
				<digtopt>
					<onlinopt>
						<computer>
							<networka>
								<networkr>http://pubs.usgs.gov/of/2010/1119/data/DelmarvaS_SVA_baseline.zip</networkr>
							</networka>
						</computer>
						<accinstr>Data are downloadable via the World Wide Web (WWW).</accinstr>
					</onlinopt>
				</digtopt>
			</digform>
			<fees>None</fees>
		</stdorder>
		<distliab>Neither the U.S. Government, the Department of the Interior, nor the USGS, nor any of their employees, contractors, or subcontractors, make any warranty, express or implied, nor assume any legal liability or responsibility for the accuracy, completeness, or usefulness of any information, apparatus, product, or process disclosed, nor represent that its use would not infringe on privately owned rights. The act of distribution shall not constitute any such warranty, and no responsibility is assumed by the USGS in the use of these data or related materials. 

Any use of trade, product, or firm names is for descriptive purposes only and does not imply endorsement by the U.S. Government.</distliab>
		<distrib>
			<cntinfo>
				<cntorgp>
					<cntorg>U.S. Geological Survey</cntorg>
				</cntorgp>
				<cntaddr>
					<addrtype>mailing and physical address</addrtype>
					<address>384 Woods Hole Road</address>
					<city>Woods Hole</city>
					<state>MA</state>
					<postal>02543-1598</postal>
					<country>USA</country>
				</cntaddr>
				<cntvoice>508-548-8700</cntvoice>
				<cntfax>508-457-2310</cntfax>
			</cntinfo>
		</distrib>
		<techpreq>This zip file contains data available in Environmental Systems Research Institute (ESRI) polyline shapefile format. The user must have ArcGIS or ArcView 3.0 or greater software to read and process the data file. In lieu of ArcView or ArcGIS, the user may utilize another GIS application package capable of importing the data. A free data viewer, ArcExplorer, capable of displaying the data is available from ESRI at www.esri.com. </techpreq></distinfo>
	<Esri><SyncDate>20100726</SyncDate><SyncTime>12084700</SyncTime><ModDate>20100726</ModDate><ModTime>12101900</ModTime></Esri></metadata>
