<?xml version="1.0"?>
<!--<!DOCTYPE metadata SYSTEM "http://www.esri.com/metadata/esriprof80.dtd">-->
<metadata xml:lang="en"><Esri><CreaDate>20071129</CreaDate><CreaTime>21274600</CreaTime><SyncOnce>TRUE</SyncOnce><MetaID>{92A21D0E-32A0-4B4F-9E44-D953EC829CB6}</MetaID></Esri><idinfo><citation><citeinfo><onlink Sync="TRUE">\\JKLAPTOP\C$\Documents and Settings\Jacob\Desktop\EPAGIS\VAEGIS\Complete\Geographic\Nutrients\VAPowerGeo</onlink></citeinfo></citation></idinfo><distInfo><distributor><distorTran><onLineSrc><linkage Sync="TRUE">file://\\JKLAPTOP\C$\Documents and Settings\Jacob\Desktop\EPAGIS\VAEGIS\Complete\Geographic\Nutrients\VAPowerGeo</linkage><protocol Sync="TRUE">Local Area Network</protocol></onLineSrc></distorTran></distributor></distInfo><dataqual><lineage><procstep><procdesc Sync="TRUE">Dataset copied.</procdesc><srcused Sync="TRUE">C:\3-GIS\Trash\VAEGIS\Nutrients\VAPowerGeo</srcused><date Sync="TRUE">20071129</date><time Sync="TRUE">18343300</time></procstep><procstep><procdesc Sync="TRUE">Dataset copied.</procdesc><srcused Sync="TRUE">C:\Documents and Settings\Jacob\Desktop\EPAGIS\VAEGIS\Hydrology\VAPowerGeo</srcused><date Sync="TRUE">20071129</date><time Sync="TRUE">18353000</time></procstep><procstep><procdesc Sync="TRUE">Dataset copied.</procdesc><srcused Sync="TRUE">C:\Documents and Settings\Jacob\Desktop\EPAGIS\VAEGIS\Nutrients\VAPowerGeo</srcused><date Sync="TRUE">20071129</date><time Sync="TRUE">21274600</time></procstep></lineage></dataqual></metadata>
