<metadata><idinfo><citation><citeinfo><origin>City of Lynchburg, Virginia</origin><title Sync="TRUE">vectorgis_prd.DBO.RecyclingCenter</title><geoform Sync="TRUE">vector digital data</geoform><onlink Sync="TRUE">Server=murloc; Service=sde:sqlserver:murloc; Database=vectorgis_prd; Version=DBO.GIS</onlink><ftname Sync="TRUE">vectorgis_prd.DBO.RecyclingCenter</ftname></citeinfo></citation><descript><abstract>Location of recycling centers.</abstract><purpose>The purpose of this data set is to show the location of recycling centers.</purpose><langdata Sync="TRUE">en</langdata></descript><timeperd><timeinfo><sngdate/></timeinfo></timeperd><status><progress>In work</progress><update>As needed</update></status><spdom><bounding><westbc Sync="TRUE">-79.227133</westbc><eastbc Sync="TRUE">-79.102217</eastbc><northbc Sync="TRUE">37.443986</northbc><southbc Sync="TRUE">37.351684</southbc></bounding><lboundng><leftbc Sync="TRUE">11271822.594500</leftbc><rightbc Sync="TRUE">11307875.345500</rightbc><bottombc Sync="TRUE">3652416.115500</bottombc><topbc Sync="TRUE">3685770.527500</topbc></lboundng></spdom><keywords><theme><themekt>Recycling Center</themekt><themekey>Recycling Center</themekey></theme></keywords><accconst>Users of this data agree to the use constraints described in this metadata document.</accconst><useconst>Pursuant to Section 54.1-402, paragraph C of the Code of Virginia, which is quoted below, this data may not be used for purposes listed in said paragraph C, since the data was not created, nor is it maintained under the supervision of a licensed land surveyor.</useconst><ptcontac><cntinfo><cntorgp><cntorg>City of Lynchburg</cntorg><cntper>Allison Johnson</cntper></cntorgp><cntpos>GIS Department</cntpos><cntaddr><address>900 Church St</address><city>Lynchburg</city><state>VA</state><postal>24504</postal><country>USA</country></cntaddr><cntvoice>434.455.3940</cntvoice><cntfax>434.847.1436</cntfax><cntemail>Allison.Johnson@lynchburgva.gov</cntemail></cntinfo></ptcontac><native Sync="TRUE">Microsoft Windows 2000 Version 5.2 (Build 3790) Service Pack 2; ESRI ArcCatalog 9.3.1.4000</native><natvform Sync="TRUE">SDE Feature Class</natvform></idinfo><dataqual><lineage><srcinfo><srccite><citeinfo><origin>City of Lynchburg Department of GIS</origin><title>Department of GIS</title></citeinfo></srccite></srcinfo><procstep><procdesc>Original GIS vector data was being maintained in GeoMedia. The GIS vector was then exported to AutoCAD (.dwg) format and/or ESRI shapefile (.shp) format then loaded into ESRI Geodatabase format.</procdesc></procstep><procstep><procdesc Sync="TRUE">Metadata imported.</procdesc><srcused Sync="TRUE">T:\Shared\Worldview\Metadata\RecyclingCenter.xml</srcused><procdate Sync="TRUE">20090323</procdate><proctime Sync="TRUE">08363800</proctime></procstep></lineage></dataqual><spdoinfo><direct Sync="TRUE">Vector</direct><ptvctinf><esriterm><efeatyp Sync="TRUE">Simple</efeatyp><efeageom code="1" Sync="TRUE"></efeageom><esritopo Sync="TRUE">FALSE</esritopo><efeacnt Sync="TRUE">0</efeacnt><spindex Sync="TRUE">FALSE</spindex><linrefer Sync="TRUE">TRUE</linrefer></esriterm></ptvctinf></spdoinfo><spref><horizsys><planar><planci><plance Sync="TRUE">coordinate pair</plance><coordrep><absres Sync="TRUE">0.000500</absres><ordres Sync="TRUE">0.000500</ordres></coordrep><plandu Sync="TRUE">survey feet</plandu></planci></planar><geodetic><horizdn Sync="TRUE">North American Datum of 1983</horizdn><ellips Sync="TRUE">Geodetic Reference System 80</ellips><semiaxis Sync="TRUE">6378137.000000</semiaxis><denflat Sync="TRUE">298.257222</denflat></geodetic><cordsysn><geogcsn Sync="TRUE">GCS_North_American_1983</geogcsn><projcsn Sync="TRUE">NAD_1983_StatePlane_Virginia_South_FIPS_4502_Feet</projcsn></cordsysn></horizsys><vertdef><altsys><altres Sync="TRUE">0.000100</altres><altenc Sync="TRUE">Explicit elevation coordinate included with horizontal coordinates</altenc></altsys></vertdef></spref><eainfo><detailed Name="RecyclingCenter"><enttyp><enttypl Sync="TRUE">RecyclingCenter</enttypl><enttypt Sync="TRUE">Feature Class</enttypt><enttypc Sync="TRUE">0</enttypc></enttyp><attr><attrlabl Sync="TRUE">FID</attrlabl><attalias Sync="TRUE">FID</attalias><attrtype Sync="TRUE">OID</attrtype><attwidth Sync="TRUE">4</attwidth><atprecis Sync="TRUE">0</atprecis><attscale Sync="TRUE">0</attscale><attrdef Sync="TRUE">Internal feature number.</attrdef><attrdefs Sync="TRUE">ESRI</attrdefs><attrdomv><udom Sync="TRUE">Sequential unique whole numbers that are automatically generated.</udom></attrdomv></attr><attr><attrlabl Sync="TRUE">RcyCnt_ID</attrlabl><attalias Sync="TRUE">RcyCnt_ID</attalias><attrtype Sync="TRUE">Double</attrtype><attwidth Sync="TRUE">19</attwidth><atprecis Sync="TRUE">0</atprecis><attscale Sync="TRUE">0</attscale></attr><attr><attrlabl Sync="TRUE">Address</attrlabl><attalias Sync="TRUE">Address</attalias><attrtype Sync="TRUE">String</attrtype><attwidth Sync="TRUE">50</attwidth><atprecis Sync="TRUE">0</atprecis><attscale Sync="TRUE">0</attscale></attr><attr><attrlabl Sync="TRUE">Comments</attrlabl><attalias Sync="TRUE">Comments</attalias><attrtype Sync="TRUE">String</attrtype><attwidth Sync="TRUE">100</attwidth><atprecis Sync="TRUE">0</atprecis><attscale Sync="TRUE">0</attscale></attr><attr><attrlabl>Editor</attrlabl><attalias Sync="TRUE">Editor</attalias><attrtype Sync="TRUE">String</attrtype><attwidth Sync="TRUE">50</attwidth><atprecis Sync="TRUE">0</atprecis><attscale Sync="TRUE">0</attscale><attrdef>Last editor of record.</attrdef><attrdefs>System</attrdefs></attr><attr><attrlabl Sync="TRUE">Descriptio</attrlabl><attalias Sync="TRUE">Descriptio</attalias><attrtype Sync="TRUE">String</attrtype><attwidth Sync="TRUE">100</attwidth><atprecis Sync="TRUE">0</atprecis><attscale Sync="TRUE">0</attscale></attr><attr><attrlabl>DateModify</attrlabl><attalias Sync="TRUE">DateModify</attalias><attrtype Sync="TRUE">Date</attrtype><attwidth Sync="TRUE">8</attwidth><atprecis Sync="TRUE">0</atprecis><attscale Sync="TRUE">0</attscale><attrdef>Last date of feature modification. (spatial and/or attribute)</attrdef><attrdefs>System</attrdefs></attr><attr><attrlabl>Shape</attrlabl><attrdef>Feature geometry.</attrdef><attrdefs>ESRI</attrdefs><attrdomv><udom>Coordinates defining the features.</udom></attrdomv><attalias Sync="TRUE">Shape</attalias><attrtype Sync="TRUE">Geometry</attrtype><attwidth Sync="TRUE">0</attwidth><atprecis Sync="TRUE">0</atprecis><attscale Sync="TRUE">0</attscale></attr></detailed></eainfo><distinfo><distrib><cntinfo><cntorgp><cntorg>City of Lynchburg</cntorg><cntper>Allison Johnson</cntper></cntorgp><cntpos>GIS Department</cntpos><cntaddr><addrtype>mailing and physical address</addrtype><address>900 Church St</address><city>Lynchburg</city><state>VA</state><postal>24504</postal><country>USA</country></cntaddr><cntvoice>434.455.3940</cntvoice><cntfax>434.847.1436</cntfax><cntemail>Allison.Johnson@lynchburgva.gov</cntemail></cntinfo></distrib><resdesc>Downloadable Data</resdesc><distliab>Although these data have been processed successfully on a computer system, no warranty expressed or implied is made regarding the use of the data on any other system, nor does the act of distribution constitute any such warranty.</distliab><stdorder/></distinfo><metainfo><metd Sync="TRUE">20110502</metd><metc><cntinfo><cntorgp><cntorg>City of Lynchburg</cntorg><cntper>Allison Johnson</cntper></cntorgp><cntpos>GIS Department</cntpos><cntaddr><addrtype>mailing and physical address</addrtype><address>900 Church St</address><city>Lynchburg</city><state>VA</state><postal>24504</postal><country>USA</country></cntaddr><cntvoice>434.455.3940</cntvoice><cntfax>434.847.1436</cntfax><cntemail>Allison.Johnson@lynchburgva.gov</cntemail></cntinfo></metc><metstdn Sync="TRUE">FGDC Content Standards for Digital Geospatial Metadata</metstdn><metstdv Sync="TRUE">FGDC-STD-001-1998</metstdv><mettc Sync="TRUE">local time</mettc><metextns><onlink>http://www.esri.com/metadata/esriprof80.html</onlink><metprof>ESRI Metadata Profile</metprof></metextns><metextns><onlink>http://www.esri.com/metadata/esriprof80.html</onlink><metprof>ESRI Metadata Profile</metprof></metextns><metextns><onlink>http://www.esri.com/metadata/esriprof80.html</onlink><metprof>ESRI Metadata Profile</metprof></metextns><langmeta Sync="TRUE">en</langmeta></metainfo><Esri><CreaDate>20090323</CreaDate><CreaTime>08363800</CreaTime><SyncOnce>FALSE</SyncOnce><SyncDate>20140404</SyncDate><SyncTime>16482200</SyncTime><ModDate>20140404</ModDate><ModTime>16482200</ModTime><MetaID>{83DEF638-4744-40DB-87C6-4250A4BBA0F3}</MetaID><DataProperties><itemProps><itemName Sync="TRUE">RecyclingCenter</itemName><imsContentType Sync="TRUE">002</imsContentType><itemLocation><linkage Sync="TRUE">file://\\Tempest\Shared\GIS\Data\Sharing\Data Download Portal\Staging\Reference\ReferenceSHP\RecyclingCenter.shp</linkage><protocol Sync="TRUE">Local Area Network</protocol></itemLocation><itemSize Sync="TRUE">0.000</itemSize></itemProps><coordRef><type Sync="TRUE">Projected</type><geogcsn Sync="TRUE">GCS_North_American_1983</geogcsn><csUnits Sync="TRUE">Linear Unit: Foot_US (0.304801)</csUnits><projcsn Sync="TRUE">NAD_1983_StatePlane_Virginia_South_FIPS_4502_Feet</projcsn><peXml Sync="TRUE">&lt;ProjectedCoordinateSystem xsi:type='typens:ProjectedCoordinateSystem' xmlns:xsi='http://www.w3.org/2001/XMLSchema-instance' xmlns:xs='http://www.w3.org/2001/XMLSchema' xmlns:typens='http://www.esri.com/schemas/ArcGIS/10.0'&gt;&lt;WKT&gt;PROJCS[&amp;quot;NAD_1983_StatePlane_Virginia_South_FIPS_4502_Feet&amp;quot;,GEOGCS[&amp;quot;GCS_North_American_1983&amp;quot;,DATUM[&amp;quot;D_North_American_1983&amp;quot;,SPHEROID[&amp;quot;GRS_1980&amp;quot;,6378137.0,298.257222101]],PRIMEM[&amp;quot;Greenwich&amp;quot;,0.0],UNIT[&amp;quot;Degree&amp;quot;,0.0174532925199433]],PROJECTION[&amp;quot;Lambert_Conformal_Conic&amp;quot;],PARAMETER[&amp;quot;False_Easting&amp;quot;,11482916.66666666],PARAMETER[&amp;quot;False_Northing&amp;quot;,3280833.333333333],PARAMETER[&amp;quot;Central_Meridian&amp;quot;,-78.5],PARAMETER[&amp;quot;Standard_Parallel_1&amp;quot;,36.76666666666667],PARAMETER[&amp;quot;Standard_Parallel_2&amp;quot;,37.96666666666667],PARAMETER[&amp;quot;Latitude_Of_Origin&amp;quot;,36.33333333333334],UNIT[&amp;quot;Foot_US&amp;quot;,0.3048006096012192],AUTHORITY[&amp;quot;EPSG&amp;quot;,2284]]&lt;/WKT&gt;&lt;XOrigin&gt;-111140600&lt;/XOrigin&gt;&lt;YOrigin&gt;-91532100&lt;/YOrigin&gt;&lt;XYScale&gt;36727036.750856541&lt;/XYScale&gt;&lt;ZOrigin&gt;-100000&lt;/ZOrigin&gt;&lt;ZScale&gt;10000&lt;/ZScale&gt;&lt;MOrigin&gt;-100000&lt;/MOrigin&gt;&lt;MScale&gt;10000&lt;/MScale&gt;&lt;XYTolerance&gt;0.0032808333333333335&lt;/XYTolerance&gt;&lt;ZTolerance&gt;0.001&lt;/ZTolerance&gt;&lt;MTolerance&gt;0.001&lt;/MTolerance&gt;&lt;HighPrecision&gt;true&lt;/HighPrecision&gt;&lt;WKID&gt;2284&lt;/WKID&gt;&lt;/ProjectedCoordinateSystem&gt;</peXml></coordRef><lineage><Process ToolSource="c:\program files (x86)\arcgis\desktop10.0\ArcToolbox\Toolboxes\Conversion Tools.tbx\FeatureClassToFeatureClass" Date="20121129" Time="174243">FeatureClassToFeatureClass "Database Connections\sawyer superuser.sde\vectorgis_prd.DBO.Administrative\vectorgis_prd.DBO.RecyclingCenter_1" "Database Connections\sawyer superuser.sde\vectorgis_prd.DBO.PublicWorks" RecyclingCenter # "RcyCnt_ID "RcyCnt_ID" true true false 8 Double 8 38 ,First,#,Database Connections\sawyer superuser.sde\vectorgis_prd.DBO.Administrative\vectorgis_prd.DBO.RecyclingCenter_1,RcyCnt_ID,-1,-1;Address "Address" true true false 50 Text 0 0 ,First,#,Database Connections\sawyer superuser.sde\vectorgis_prd.DBO.Administrative\vectorgis_prd.DBO.RecyclingCenter_1,Address,-1,-1;Comments "Comments" true true false 100 Text 0 0 ,First,#,Database Connections\sawyer superuser.sde\vectorgis_prd.DBO.Administrative\vectorgis_prd.DBO.RecyclingCenter_1,Comments,-1,-1;Description "Description" true true false 100 Text 0 0 ,First,#,Database Connections\sawyer superuser.sde\vectorgis_prd.DBO.Administrative\vectorgis_prd.DBO.RecyclingCenter_1,Description,-1,-1;Editor "Editor" true true false 50 Text 0 0 ,First,#,Database Connections\sawyer superuser.sde\vectorgis_prd.DBO.Administrative\vectorgis_prd.DBO.RecyclingCenter_1,Editor,-1,-1;DateModify "DateModify" true true false 36 Date 0 0 ,First,#,Database Connections\sawyer superuser.sde\vectorgis_prd.DBO.Administrative\vectorgis_prd.DBO.RecyclingCenter_1,DateModify,-1,-1" #</Process><Process ToolSource="c:\program files (x86)\arcgis\desktop10.0\ArcToolbox\Toolboxes\Data Management Tools.tbx\CopyFeatures" Date="20130918" Time="142945">CopyFeatures "\\Tempest\Shared\GIS\Data\Sharing\Data Download Portal\Sawyer Read.sde\vectorgis_prd.DBO.PublicWorks\vectorGIS_prd.DBO.RecyclingCenter" "\\Tempest\Shared\GIS\Data\Sharing\Data Download Portal\Staging\ReferenceGDB\Reference.gdb\RecyclingCenter" # 0 0 0</Process><Process Name="RecyclingCenters Append" ToolSource="C:\Program Files (x86)\ArcGIS\Desktop10.0\ArcToolbox\Toolboxes\Data Management Tools.tbx\Append" Date="20130918" Time="143611">Append '\\Tempest\Shared\GIS\Data\Sharing\Data Download Portal\Sawyer Read.sde\vectorgis_prd.DBO.PublicWorks\vectorGIS_prd.DBO.RecyclingCenter' "\\Tempest\Shared\GIS\Data\Sharing\Data Download Portal\Staging\ReferenceGDB\Reference.gdb\RecyclingCenter" NO_TEST "RcyCnt_ID "RcyCnt_ID" true true false 8 Double 0 0 ,First,#,\\Tempest\Shared\GIS\Data\Sharing\Data Download Portal\Sawyer Read.sde\vectorgis_prd.DBO.PublicWorks\vectorGIS_prd.DBO.RecyclingCenter,RcyCnt_ID,-1,-1;Address "Address" true true false 50 Text 0 0 ,First,#,\\Tempest\Shared\GIS\Data\Sharing\Data Download Portal\Sawyer Read.sde\vectorgis_prd.DBO.PublicWorks\vectorGIS_prd.DBO.RecyclingCenter,Address,-1,-1;Comments "Comments" true true false 100 Text 0 0 ,First,#,\\Tempest\Shared\GIS\Data\Sharing\Data Download Portal\Sawyer Read.sde\vectorgis_prd.DBO.PublicWorks\vectorGIS_prd.DBO.RecyclingCenter,Comments,-1,-1;Description "Description" true true false 100 Text 0 0 ,First,#,\\Tempest\Shared\GIS\Data\Sharing\Data Download Portal\Sawyer Read.sde\vectorgis_prd.DBO.PublicWorks\vectorGIS_prd.DBO.RecyclingCenter,Description,-1,-1;Editor "Editor" true true false 50 Text 0 0 ,First,#,\\Tempest\Shared\GIS\Data\Sharing\Data Download Portal\Sawyer Read.sde\vectorgis_prd.DBO.PublicWorks\vectorGIS_prd.DBO.RecyclingCenter,Editor,-1,-1;DateModify "DateModify" true true false 8 Date 0 0 ,First,#,\\Tempest\Shared\GIS\Data\Sharing\Data Download Portal\Sawyer Read.sde\vectorgis_prd.DBO.PublicWorks\vectorGIS_prd.DBO.RecyclingCenter,DateModify,-1,-1" #</Process><Process Name="Delete Rows (2)" ToolSource="C:\Program Files (x86)\ArcGIS\Desktop10.0\ArcToolbox\Toolboxes\Data Management Tools.tbx\DeleteRows" Date="20130918" Time="143741">DeleteRows "\\Tempest\Shared\GIS\Data\Sharing\Data Download Portal\Staging\ReferenceGDB\Reference.gdb\RecyclingCenter"</Process><Process Name="RecyclingCenters Append" ToolSource="C:\Program Files (x86)\ArcGIS\Desktop10.0\ArcToolbox\Toolboxes\Data Management Tools.tbx\Append" Date="20130918" Time="144542">Append '\\Tempest\Shared\GIS\Data\Sharing\Data Download Portal\Sawyer Read.sde\vectorgis_prd.DBO.PublicWorks\vectorGIS_prd.DBO.RecyclingCenter' "\\Tempest\Shared\GIS\Data\Sharing\Data Download Portal\Staging\ReferenceGDB\Reference.gdb\RecyclingCenter" NO_TEST "RcyCnt_ID "RcyCnt_ID" true true false 8 Double 0 0 ,First,#,\\Tempest\Shared\GIS\Data\Sharing\Data Download Portal\Sawyer Read.sde\vectorgis_prd.DBO.PublicWorks\vectorGIS_prd.DBO.RecyclingCenter,RcyCnt_ID,-1,-1;Address "Address" true true false 50 Text 0 0 ,First,#,\\Tempest\Shared\GIS\Data\Sharing\Data Download Portal\Sawyer Read.sde\vectorgis_prd.DBO.PublicWorks\vectorGIS_prd.DBO.RecyclingCenter,Address,-1,-1;Comments "Comments" true true false 100 Text 0 0 ,First,#,\\Tempest\Shared\GIS\Data\Sharing\Data Download Portal\Sawyer Read.sde\vectorgis_prd.DBO.PublicWorks\vectorGIS_prd.DBO.RecyclingCenter,Comments,-1,-1;Description "Description" true true false 100 Text 0 0 ,First,#,\\Tempest\Shared\GIS\Data\Sharing\Data Download Portal\Sawyer Read.sde\vectorgis_prd.DBO.PublicWorks\vectorGIS_prd.DBO.RecyclingCenter,Description,-1,-1;Editor "Editor" true true false 50 Text 0 0 ,First,#,\\Tempest\Shared\GIS\Data\Sharing\Data Download Portal\Sawyer Read.sde\vectorgis_prd.DBO.PublicWorks\vectorGIS_prd.DBO.RecyclingCenter,Editor,-1,-1;DateModify "DateModify" true true false 8 Date 0 0 ,First,#,\\Tempest\Shared\GIS\Data\Sharing\Data Download Portal\Sawyer Read.sde\vectorgis_prd.DBO.PublicWorks\vectorGIS_prd.DBO.RecyclingCenter,DateModify,-1,-1" #</Process><Process Name="Delete Rows (2)" ToolSource="C:\Program Files (x86)\ArcGIS\Desktop10.0\ArcToolbox\Toolboxes\Data Management Tools.tbx\DeleteRows" Date="20130918" Time="144726">DeleteRows "\\Tempest\Shared\GIS\Data\Sharing\Data Download Portal\Staging\ReferenceGDB\Reference.gdb\RecyclingCenter"</Process><Process Name="RecyclingCenters Append" ToolSource="C:\Program Files (x86)\ArcGIS\Desktop10.0\ArcToolbox\Toolboxes\Data Management Tools.tbx\Append" Date="20140108" Time="165939">Append '\\Tempest\Shared\GIS\Data\Sharing\Data Download Portal\Sawyer Read.sde\vectorgis_prd.DBO.PublicWorks\vectorGIS_prd.DBO.RecyclingCenter' "\\Tempest\Shared\GIS\Data\Sharing\Data Download Portal\Staging\ReferenceGDB\Reference.gdb\RecyclingCenter" NO_TEST "RcyCnt_ID "RcyCnt_ID" true true false 8 Double 0 0 ,First,#,\\Tempest\Shared\GIS\Data\Sharing\Data Download Portal\Sawyer Read.sde\vectorgis_prd.DBO.PublicWorks\vectorGIS_prd.DBO.RecyclingCenter,RcyCnt_ID,-1,-1;Address "Address" true true false 50 Text 0 0 ,First,#,\\Tempest\Shared\GIS\Data\Sharing\Data Download Portal\Sawyer Read.sde\vectorgis_prd.DBO.PublicWorks\vectorGIS_prd.DBO.RecyclingCenter,Address,-1,-1;Comments "Comments" true true false 100 Text 0 0 ,First,#,\\Tempest\Shared\GIS\Data\Sharing\Data Download Portal\Sawyer Read.sde\vectorgis_prd.DBO.PublicWorks\vectorGIS_prd.DBO.RecyclingCenter,Comments,-1,-1;Description "Description" true true false 100 Text 0 0 ,First,#,\\Tempest\Shared\GIS\Data\Sharing\Data Download Portal\Sawyer Read.sde\vectorgis_prd.DBO.PublicWorks\vectorGIS_prd.DBO.RecyclingCenter,Description,-1,-1;Editor "Editor" true true false 50 Text 0 0 ,First,#,\\Tempest\Shared\GIS\Data\Sharing\Data Download Portal\Sawyer Read.sde\vectorgis_prd.DBO.PublicWorks\vectorGIS_prd.DBO.RecyclingCenter,Editor,-1,-1;DateModify "DateModify" true true false 8 Date 0 0 ,First,#,\\Tempest\Shared\GIS\Data\Sharing\Data Download Portal\Sawyer Read.sde\vectorgis_prd.DBO.PublicWorks\vectorGIS_prd.DBO.RecyclingCenter,DateModify,-1,-1" #</Process><Process Name="Delete Rows (2)" ToolSource="C:\Program Files (x86)\ArcGIS\Desktop10.0\ArcToolbox\Toolboxes\Data Management Tools.tbx\DeleteRows" Date="20140108" Time="170314">DeleteRows "\\Tempest\Shared\GIS\Data\Sharing\Data Download Portal\Staging\ReferenceGDB\Reference.gdb\RecyclingCenter"</Process><Process Name="RecyclingCenters Append" ToolSource="C:\Program Files (x86)\ArcGIS\Desktop10.0\ArcToolbox\Toolboxes\Data Management Tools.tbx\Append" Date="20140404" Time="164709">Append '\\Tempest\Shared\GIS\Data\Sharing\Data Download Portal\Sawyer Read.sde\vectorgis_prd.DBO.PublicWorks\vectorGIS_prd.DBO.RecyclingCenter' "\\Tempest\Shared\GIS\Data\Sharing\Data Download Portal\Staging\Reference\ReferenceGDB\Reference.gdb\RecyclingCenter" NO_TEST "RcyCnt_ID "RcyCnt_ID" true true false 8 Double 0 0 ,First,#,\\Tempest\Shared\GIS\Data\Sharing\Data Download Portal\Sawyer Read.sde\vectorgis_prd.DBO.PublicWorks\vectorGIS_prd.DBO.RecyclingCenter,RcyCnt_ID,-1,-1;Address "Address" true true false 50 Text 0 0 ,First,#,\\Tempest\Shared\GIS\Data\Sharing\Data Download Portal\Sawyer Read.sde\vectorgis_prd.DBO.PublicWorks\vectorGIS_prd.DBO.RecyclingCenter,Address,-1,-1;Comments "Comments" true true false 100 Text 0 0 ,First,#,\\Tempest\Shared\GIS\Data\Sharing\Data Download Portal\Sawyer Read.sde\vectorgis_prd.DBO.PublicWorks\vectorGIS_prd.DBO.RecyclingCenter,Comments,-1,-1;Description "Description" true true false 100 Text 0 0 ,First,#,\\Tempest\Shared\GIS\Data\Sharing\Data Download Portal\Sawyer Read.sde\vectorgis_prd.DBO.PublicWorks\vectorGIS_prd.DBO.RecyclingCenter,Description,-1,-1;Editor "Editor" true true false 50 Text 0 0 ,First,#,\\Tempest\Shared\GIS\Data\Sharing\Data Download Portal\Sawyer Read.sde\vectorgis_prd.DBO.PublicWorks\vectorGIS_prd.DBO.RecyclingCenter,Editor,-1,-1;DateModify "DateModify" true true false 8 Date 0 0 ,First,#,\\Tempest\Shared\GIS\Data\Sharing\Data Download Portal\Sawyer Read.sde\vectorgis_prd.DBO.PublicWorks\vectorGIS_prd.DBO.RecyclingCenter,DateModify,-1,-1" #</Process><Process ToolSource="C:\Program Files (x86)\ArcGIS\Desktop10.0\ArcToolbox\Toolboxes\Data Management Tools.tbx\CopyFeatures" Date="20140404" Time="164823">CopyFeatures "\\Tempest\Shared\GIS\Data\Sharing\Data Download Portal\Staging\Reference\ReferenceGDB\Reference.gdb\RecyclingCenter" "\\Tempest\Shared\GIS\Data\Sharing\Data Download Portal\Staging\Reference\ReferenceSHP\RecyclingCenter.shp" # 0 0 0</Process></lineage></DataProperties></Esri><dataIdInfo><envirDesc Sync="TRUE">Microsoft Windows 7 Version 6.1 (Build 7601) Service Pack 1; ESRI ArcGIS 10.0.5.4400</envirDesc><dataLang><languageCode Sync="TRUE" value="eng"/><countryCode value="USA" Sync="TRUE"/></dataLang><idCitation><resTitle Sync="TRUE">RecyclingCenter</resTitle><presForm><PresFormCd Sync="TRUE" value="005"/></presForm></idCitation><spatRpType><SpatRepTypCd Sync="TRUE" value="001"/></spatRpType><dataExt><geoEle><GeoBndBox esriExtentType="native"><westBL Sync="TRUE">11271822.5945</westBL><eastBL Sync="TRUE">11307875.3455</eastBL><northBL Sync="TRUE">3685770.5275</northBL><southBL Sync="TRUE">3652416.1155</southBL><exTypeCode Sync="TRUE">1</exTypeCode></GeoBndBox></geoEle></dataExt><geoBox esriExtentType="decdegrees"><westBL Sync="TRUE">-79.227133</westBL><eastBL Sync="TRUE">-79.102217</eastBL><northBL Sync="TRUE">37.443986</northBL><southBL Sync="TRUE">37.351684</southBL><exTypeCode Sync="TRUE">1</exTypeCode></geoBox></dataIdInfo><mdLang><languageCode Sync="TRUE" value="eng"/><countryCode value="USA" Sync="TRUE"/></mdLang><mdStanName Sync="TRUE">ISO 19115 Geographic Information - Metadata</mdStanName><mdStanVer Sync="TRUE">DIS_ESRI1.0</mdStanVer><mdChar><CharSetCd Sync="TRUE" value="004"/></mdChar><mdHrLv><ScopeCd Sync="TRUE" value="005"/></mdHrLv><mdHrLvName Sync="TRUE">dataset</mdHrLvName><distInfo><distributor><distorTran><onLineSrc><orDesc Sync="TRUE">002</orDesc><linkage Sync="TRUE">Server=murloc; Service=sde:sqlserver:murloc; Database=vectorgis_prd; Version=DBO.GIS</linkage><protocol Sync="TRUE">ArcSDE Connection</protocol></onLineSrc></distorTran><distorFormat><formatName Sync="TRUE">SDE Feature Class</formatName></distorFormat></distributor><distFormat><formatName Sync="TRUE">Shapefile</formatName></distFormat><distTranOps><transSize Sync="TRUE">0.000</transSize></distTranOps></distInfo><refSysInfo><RefSystem><refSysID><identCode Sync="TRUE" value="2284">NAD_1983_StatePlane_Virginia_South_FIPS_4502_Feet</identCode><idCodeSpace Sync="TRUE">EPSG</idCodeSpace><idVersion Sync="TRUE">7.4.1</idVersion></refSysID></RefSystem></refSysInfo><spatRepInfo><VectSpatRep><geometObjs Name="RecyclingCenter"><geoObjTyp><GeoObjTypCd value="004" Sync="TRUE"></GeoObjTypCd></geoObjTyp><geoObjCnt Sync="TRUE">0</geoObjCnt></geometObjs><topLvl><TopoLevCd value="001" Sync="TRUE"></TopoLevCd></topLvl></VectSpatRep></spatRepInfo><mdDateSt Sync="TRUE">20140404</mdDateSt></metadata>
