X,Y,OBJECTID,GIS_ID,GeoID,WmataID,TageoID,ArtID,MetroBus,ArtBus,LunchLoopBus,GeorgeBus,Shelter,Label,TransferPt,STOP_ID,Platform_Tag,TimePt,Snow_Priority,Regional_ID
-77.102445,38.882014,1088,2152, , , ,A41033,0,1,0,0,1,AS,0,A41033,1077,0,1,6001252
-77.087103,38.8397,2718,2230,,,,A75031,0,1,0,0,0,A,1,A75031,1112,1,1,6001270
-77.111571,38.881357,1064,2120,Q99998, , , ,1,0,0,0,1,MS,0, ,0,0,1,
-77.087502,38.839285,1089,2156, , , , ,1,0,0,0,0,M,0, ,0,0,1,
-77.087502,38.8392,1090,2154, , , , ,1,0,0,0,0,M,0, ,0,0,1,
-77.087372,38.839311,1091,2153, , , , ,1,0,0,0,0,M,0, ,0,0,1,
-77.059192,38.862696,1012,2029,13535, , , ,1,0,0,0,1,MS,0, ,0,0,1,6000790
-77.092599,38.864816,1075,2107,3614,12132,12132,A41217,1,1,0,0,1,MAS,0,A41217,262,0,1,6000265
-77.092872,38.865518,1076,2108,3667,12131,12131,A41009,1,1,0,0,1,MAS,0,A41009,265,0,1,6000278
-77.100217,38.869996,1008,2025,3892,12123,12123,A41214,1,1,0,0,1,MAS,0,A41214,284,1,1,6000342
-77.099997,38.870176,1007,2024,3895, ,12122,A41014,1,1,0,0,1,MAS,0,A41014,283,1,1,6000345
-77.123856,38.897724,1070,2096,5677,12087,12087, ,1,0,0,0,1,MS,0, ,0,0,1,6000748
-77.051416,38.848132,1086,2150, , , , ,1,0,0,0,0,M,0, ,0,0,2,
-77.106368,38.866904,1005,2022,3740, ,14523, ,1,0,0,0,0,M,0, ,0,0,2,6000298
-77.106871,38.867095,1006,2023,3755, ,14524, ,1,0,0,0,0,M,0, ,0,0,2,6000303
-77.086864,38.862038,1029,2046,14069, , ,A77012,1,1,0,0,0,MA,0,A77012,1009,0,2,6000811
-77.106398,38.842074,1031,2048,14267, , , ,1,0,0,0,0,M,0, ,0,0,2,6000886
-77.089518,38.8531,1022,2039,14306, , ,A74015,1,1,0,0,0,MA,1,A74015,553,1,2,6000903
-77.10412,38.842807,1030,2047,2404, ,14963, ,1,0,0,0,0,M,0, ,0,0,2,6000042
-77.082901,38.872861,2310,2220, , , ,A45001,0,1,0,0,1,AS,0,A45001,1099,1,2,6001273
-77.095285,38.846633,2716,2228,,,,A75026,0,1,0,0,0,A,0,A75026,1107,0,2,6001268
-77.095582,38.846658,2720,2232,,,,A75136,0,1,0,0,0,A,0,A75134,1116,0,2,6001263
-77.088285,38.857178,1021,2038,3160, , ,A77206,1,1,0,0,0,MA,0,A77206,997,0,2,6000185
-77.093227,38.884873,2304,2215, , , ,A42222,0,1,0,0,0,A,0,A42222,1015,0,2,6000564
-77.086939,38.862888,1028,2045,3510, , ,A77017,1,1,0,0,0,MA,0,A77017,1010,0,2,6000247
-77.107462,38.882347,2723,2235,,,,A75138,0,1,0,0,0,A,0,A75138,1120,0,1,6001272
-77.087168,38.863921,1026,2043,3552, ,14119,A77013,1,1,0,0,0,MA,0,A77013,1011,0,2,6000253
-77.087714,38.868152,2305,2216, , , ,A77217,0,1,0,0,0,A,0,A77217,1076,0,3,6001257
-77.087528,38.864414,1027,2044,3593, ,14118,A77202,1,1,0,0,0,MA,0,A77202,993,0,2,6000261
-77.087529,38.865652,1024,2041,3671, ,14116,A77014,1,1,0,0,0,MA,0,A77014,1012,0,2,6000280
-77.083384,38.868837,2306,2217, , , ,A77218,0,1,0,0,0,A,0,A77218,1078,0,3,6001256
-77.087873,38.866046,1025,2042,3697, ,14117,A77201,1,1,0,0,0,MA,0,A77201,992,0,2,6000284
-77.08305,38.868671,2307,2218, , , ,A77018,0,1,0,0,0,A,0,A77018,1079,0,3,6001255
-77.087859,38.867482,1023,2040,3768, , ,A77015,1,1,0,0,0,MA,0,A77015,985,0,2,6000306
-77.096186,38.845347,1072,2099,2542,10850,10850,A77215,1,1,0,0,0,MA,0,A77215,1002,0,2,6000065
-77.074667,38.865547,2308,2219, , , ,A74025,0,1,0,0,0,A,0,A74025,1084,0,3,6001258
-77.085579,38.843759,1035,2052,14068, , , ,1,0,0,0,0,M,0, ,0,0,2,6000810
-77.111912,38.846768,2713,2225,,,,A75022,0,1,0,0,0,A,0,A75022,1103,0,3,6001259
-77.085515,38.844539,1036,2053,14072, , , ,1,0,0,0,0,M,0, ,0,0,2,
-77.137428,38.883177,1048,2065,14441, , , ,1,0,0,0,0,M,0, ,0,0,2,6000924
-77.10904,38.845693,2714,2226,,,,A75023,0,1,0,0,0,A,0,A75023,1104,0,3,6001261
-77.084427,38.875666,1039,2056,4207, ,14154,A42014,1,1,0,0,0,MA,0,A42014,817,0,2,6000427
-77.104932,38.843128,2715,2227,,,,A75024,0,1,0,0,0,A,0,A75024,1105,0,3,6001262
-77.085283,38.87661,1050,2067,4268, ,14155,A42215,1,1,0,0,0,MA,0,A42215,571,0,2,6000441
-77.086433,38.877446,1040,2057,4316, , ,A42216,1,1,0,0,0,MA,0,A42216,572,0,2,6000450
-77.088881,38.840687,2717,2229,,,,A75030,0,1,0,0,0,A,0,A75030,1111,0,3,6001269
-77.090886,38.881212,1038,2055,4518, , ,A42010,0,1,0,0,0,A,0,A42010,559,0,2,6000516
-77.104642,38.843029,2721,2233,,,,A75136,0,1,0,0,0,A,0,A75136,1118,0,3,6001263
-77.13185,38.884016,1042,2059,4668, ,14195, ,1,0,0,0,0,M,0, ,0,0,2,6000553
-77.129903,38.884423,1041,2058,4689, ,14193, ,1,0,0,0,0,M,0, ,0,0,2,6000555
-77.111612,38.846767,2722,2234,,,,A75137,0,1,0,0,0,A,0,A75137,1119,0,3,6001260
-77.102966,38.882478,2711,2224,,,,A75139,0,1,0,0,0,A,0,A75139,1102,1,1,6001267
-77.093347,38.884649,1065,2125,4704, ,14167,A42008,0,1,0,0,0,A,0,A42008,814,0,2,6001095
-77.106629,38.855278,2309,2221, , , ,A45002,0,1,0,0,0,A,0,A45002,1092,0,2,6001274
-77.141394,38.885468,1044,2061,4778, , ,A15017,1,1,0,0,1,MAS,0,A15017,1174,0,2,6000587
-77.099622,38.885898,1043,2060,4796, , , ,1,0,0,0,0,M,0, ,0,0,2,6000590
-77.144912,38.886858,1046,2063,4857, ,14206, ,1,0,0,0,0,M,0, ,0,0,2,6000605
-77.146762,38.887382,1047,2064,4893, , ,A15039,1,1,0,0,0,MA,0,A15039,1178,0,2,6000615
-77.153974,38.887418,1049,2066,4902, , , ,1,0,0,0,0,M,0, ,0,0,2,6000619
-77.086081,38.844218,2719,2231,,,,A75131,0,1,0,0,0,A,0,A75131,1113,0,2,6001266
-77.163297,38.890235,1037,2054,5127, ,14220, ,1,0,0,0,0,M,0, ,0,0,2,6000649
-77.164894,38.891284,1045,2062,5173, ,14221, ,1,0,0,0,0,M,0, ,0,0,2,6000656
-77.116056,38.885499,1080,2133,Q, , ,A52005,1,1,0,0,0,MA,0,A52005,115,1,2,6000578
-77.10437,38.895857,1061,2093,5517,12653,12653, ,1,0,0,0,0,M,0, ,0,0,2,6000717
-77.104416,38.896163,1062,2094,5539,12654,12654, ,1,0,0,0,0,M,0, ,0,0,2,6000720
-77.110242,38.897098,1069,2095,5617,12660,12660, ,1,0,0,0,0,M,0, ,0,0,2,6000737
-77.108714,38.880003,1082,2146, , , ,A42223,0,1,0,0,0,A,0,A42223,1016,0,1,6000499
-77.119606,38.878644,1060,2087,4372,14428,14428, ,1,0,0,0,0,M,0, ,0,0,1,6000468
-77.126316,38.924901,1081,2135, ,12056, ,A53024,0,1,0,0,0,A,0,A53024,521,1,3,6001218
-77.119229,38.857177,1011,2028,3154,12234, ,A41229,1,1,0,0,1,MAS,0,A41229,297,0,3,6001033
-77.065507,38.862644,1014,2031,3503, , , ,1,0,0,0,1,MS,0, ,0,0,3,6000243
-77.065694,38.862628,1015,2032,3501, , , ,1,0,0,0,0,M,0, ,0,0,3,6000241
-77.085809,38.836241,1018,2035,14342, , , ,1,0,0,0,0,M,0, ,0,0,3,6000912
-77.086465,38.835521,1019,2036,14343, , , ,1,0,0,0,0,M,0, ,0,0,3,6000913
-77.087133,38.834148,1020,2037,2007, , , ,1,0,0,0,0,M,0, ,0,0,3,6000016
-77.067642,38.859538,1032,2049,3303, ,10858, ,1,0,0,0,0,M,0, ,0,0,3,6000206
-77.068206,38.857051,1033,2050,3146, ,10859, ,1,0,0,0,0,M,0, ,0,0,3,6000183
-77.068486,38.853738,1034,2051,14062, , , ,1,0,0,0,0,M,0, ,0,0,3,6000805
-77.079103,38.890244,1055,2080, , , ,A61110,0,1,0,0,0,A,0,A61110,464,0,3,6000964
-77.075835,38.846972,1057,2082,14076, , ,A87009,1,1,0,0,0,MA,0,A87009,951,0,3,6000817
-77.094135,38.835023,1063,2097,14348, , , ,1,0,0,0,0,M,0, ,0,0,3,6000916
-77.051779,38.850869,1077,2114,14280, , , ,1,0,0,0,0,M,0, ,0,0,3,6000889
-77.075137,38.848194,1095,2161, , , ,A87010,1,1,0,0,1,MAS,0,A87010,952,0,3,6000090
-77.113717,38.858362,1066,2139,3240, ,11638, ,1,0,0,0,0,M,0, ,0,0,3,6000192
-77.127794,38.868071,1067,2089,3798,11299,11299, ,1,0,0,0,0,M,0, ,0,0,3,6000314
-77.104264,38.874163,1074,2104,4133,13343,13343, ,1,0,0,0,1,MS,0, ,0,0,3,6000404
-77.14723,38.873653,1059,2086,4102,13008,13008, ,1,0,0,0,0,M,0, ,0,0,3,6000394
-77.147023,38.873751,1058,2085,4103,13007,13007, ,1,0,0,0,0,M,0, ,0,0,3,6000395
-77.156235,38.889841,1097,2162, , , , ,1,0,0,0,0,M,0, ,0,0,3,
-77.166284,38.892795,1053,2070,5284, ,14288, ,1,0,0,0,0,M,0, ,0,0,3,6000675
-77.166442,38.892681,1052,2069,5281, ,14289, ,1,0,0,0,0,M,0, ,0,0,3,6000674
-77.087853,38.856799,1079,2129, , , ,A73210,0,1,0,0,0,A,1,A73210,206,0,3,6001050
-77.105523,38.873577,1054,2077,4093, , , ,1,0,0,0,1,MS,0, ,0,0,3,6000390
-77.05129,38.842813,1085,2149, , , , ,1,0,0,0,1,MS,0, ,0,0,2,6001233
-77.068728,38.844849,1009,2026,14063, , ,A87015,1,1,0,0,1,MAS,0,A87015,957,0,2,6000806
-77.074672,38.84418,1010,2027,2465, ,12151,A87017,1,1,0,0,0,MA,0,A87017,959,0,2,6000049
-77.06564,38.845294,1094,2160, , , , ,1,0,0,0,0,M,0, ,0,0,2,
-77.108539,38.871848,1073,2103,3954,11970,11970, ,1,0,0,0,0,M,0, ,0,0,2,6000354
-77.052285,38.850101,1083,2147, , , , ,1,0,0,0,0,M,0, ,0,0,3,6001232
-77.05257,38.845586,1087,2151, , , , ,1,0,0,0,0,M,0, ,0,0,2,6001230
-77.052725,38.841964,1093,2159, , , , ,1,0,0,0,0,M,0, ,0,0,3,6001284
-77.052373,38.842396,1092,2158, , , , ,1,0,0,0,0,M,0, ,0,0,3,6001283
-77.089858,38.842489,1084,2148, , , ,A77001,1,1,0,0,0,MA,0,A77001,1006,0,2,6001279
-77.084639,38.890693,1098,2164, , , ,A62016,0,1,0,0,0,A,1,A62016,1014,1,3,6001280
-77.085831,38.891927,1904,2214, , , ,A61019,0,1,0,0,0,A,0,A61019,1013,0,3,6001281
-77.067298,38.846191,1903,2213, , , ,A87227,0,1,0,0,0,A,0,A87227,1017,0,3,6001282
-77.066958,38.84584,1013,2030,14338, , ,A87014,0,1,0,0,0,A,0,A87014,956,0,3,6000909
-77.113842,38.858954,1068,2091, , , ,A75109,0,1,0,0,0,A,0,A75109,291,0,3,6001036
-77.050975,38.84917,3111,2236,15767,,,,1,0,0,0,1,MS,0,0,0,0,2,6001229
-77.12618,38.888118,3511,2237,,,,A51015,0,1,0,0,0,A,0,A51015,1124,0,0,6001173
-77.081961,38.871581,3911,2238,0,0,0,A42028,0,1,0,0,0,A,0,A42028,1125,0,0,6001300
-77.106037,38.854753,4313,2240,0,0,0,A45016,0,1,0,0,0,A,0,A45016,1139,0,0,6001302
-77.101666,38.853756,4314,2241,0,0,0,A45017,0,1,0,0,0,A,0,A45017,1140,0,0,6000940
-77.100735,38.858236,4315,2242,0,0,0,A45018,0,1,0,0,0,A,0,A45018,1141,0,0,6000942
-77.089579,38.880879,4316,2243,0,0,0,A45019,0,1,0,0,0,A,0,A45019,1130,0,0,6001303
-77.11135,38.88936,4713,2244,,,,A62017,0,1,0,0,0,A,0,A62017,1148,0,0,6001307
-77.111596,38.889129,4714,2245,,,,A62220,0,1,0,0,0,A,0,A62220,1149,0,0,6001306
-77.10116,38.890367,4715,2246,,,,A62018,0,1,0,0,0,A,0,A62018,1150,0,0,6001308
-77.100767,38.891235,4716,2247,,,,A62219,0,1,0,0,0,A,0,A62219,1151,0,0,6001305
-77.100632,38.887452,4717,2248,,,,A62019,0,1,0,0,0,A,0,A62019,1150,0,0,6001309
-77.100343,38.887519,4718,2249,,,,A62218,0,1,0,0,0,A,0,A62218,1153,0,0,6001304
-77.095318,38.851288,5513,2251,,,,A15004,0,1,0,0,0,A,0,A15004,1158,0,0,6001317
-77.091522,38.852144,5514,2252,,,,A15005,0,1,0,0,0,A,0,A15005,1159,0,0,6001318
-77.091313,38.849729,5515,2253,,,,A15006,0,1,0,0,0,A,0,A15006,1160,0,0,6001319
-77.089958,38.848381,5516,2254,,,,A15007,0,1,0,0,0,A,0,A15007,1161,0,0,6001320
-77.087969,38.848939,5517,2255,,,,A15008,0,1,0,0,0,A,0,A15008,1162,0,0,6001321
-77.088046,38.84903,5518,2256,,,,A15009,0,1,0,0,0,A,0,A15009,1164,0,0,6001322
-77.090154,38.848439,5519,2257,,,,A15010,0,1,0,0,0,A,0,A15010,1165,0,0,6001323
-77.091459,38.850428,5520,2258,,,,A15011,0,1,0,0,0,A,0,A15011,1166,0,0,6001324
-77.090604,38.853296,5521,2259,,,,A15012,0,1,0,0,0,A,0,A15012,1167,0,0,6001325
-77.136183,38.916895,5522,2260,,,,A15014,0,1,0,0,0,A,0,A15014,1170,0,0,6001038
-77.094762,38.886358,5523,2261,,,,A15013,0,1,0,0,0,A,0,A15013,1169,0,0,6001327
-77.094941,38.886358,5524,2262,,,,A77216,0,1,0,0,0,A,0,A77216,1018,0,0,6001278
-77.122078,38.853703,5525,2263,,,,A15020,1,1,0,0,0,MA,0,A15020,1180,0,0,5001029
-77.116262,38.857047,5526,2265,,,,A15041,0,1,0,0,0,A,0,A15041,1171,0,0,
-77.137582,38.883648,5527,2264,,,,A15018,0,1,0,0,0,A,0,A15018,1175,1,0,
-77.140053,38.884938,5528,2266,,,,A15019,0,1,0,0,0,A,0,A15019,1176,0,0,
-77.051274,38.858036,5925,2267,0,0, ,15024,0,1,0,0,0,A,0, ,1183,0,0,6001219
-77.071582,38.896897,880,1897,14249, , ,A61002,0,1,0,0,1,AS,1,A61002,475,1,1,6001132
-77.071596,38.896728,881,1898,14078, , , ,1,0,0,0,1,MS,0, ,0,0,1,6000818
-77.078657,38.88863,779,1795,4985,10758,10758, ,1,0,0,0,1,MS,0, ,0,0,1,6000630
-77.077745,38.889354,777,1793,5042, ,10757, ,1,0,0,0,1,MS,0, ,0,0,1,6000638
-77.086495,38.890353,65,1065,5137,11391,11391,A41029,1,1,0,0,1,MAS,0,A41029,450,0,1,6000651
-77.075155,38.890826,772,1788,5156,10756,10756, ,1,0,0,0,1,MS,0, ,0,0,1,6000653
-77.085515,38.891473,18,1018,5182,14405,14405,A41201,1,1,0,0,1,MAS,1,A41201,451,1,1,6000659
-77.083603,38.891472,66,1066,5188,11392,11392,A61108,1,1,0,0,1,MAS,0,A61108,455,0,1,6000661
-77.072794,38.891658,776,1792,5197,10755,10755, ,1,0,0,0,1,MS,0, ,0,0,1,6000665
-77.080662,38.893162,3,1003,5311,14401,14401,A61010,1,1,0,0,1,MAS,0,A61010,460,0,1,6000682
-77.110879,38.8821,75,1079, , , ,A51001,0,1,0,0,1,AS,1,A51001,83,1,1,6001072
-77.108287,38.885783,239,1242, , , ,A53248,0,1,0,0,1,AS,0,A53248,504,0,1,6000991
-77.110664,38.882104,154,1155, , , ,A75001,0,1,0,0,1,AS,1,A75001,546,1,1,6001250
-77.111625,38.881696,790,1806,14304, , , ,1,0,0,0,1,MS,0, ,0,0,1,6000901
-77.111386,38.882017,792,1808,14305, , , ,1,0,0,0,1,MS,0, ,0,0,1,6000902
-77.111133,38.882019,793,1809,14314, , ,A42001,1,1,0,0,1,MAS,1,A42001,513,1,1,6000905
-77.111647,38.881898,791,1807,14440, , , ,1,0,0,0,1,MS,0, ,0,0,1,6000923
-77.111596,38.881529,789,1805,14464, , , ,1,0,0,0,1,MS,0, ,0,0,1,6000926
-77.108655,38.876125,875,1892,4237,12111,12111,A41210,1,1,0,0,1,MAS,0,A41210,338,0,1,6000435
-77.108575,38.876489,877,1894,4251, ,12110,A41020,1,1,0,0,1,MAS,0,A41020,337,0,1,6000436
-77.103834,38.88129,67,1067,4530,14415,14415,A41023,0,1,0,0,1,AS,0,A41023,343,0,1,6000520
-77.102951,38.881937,404,1418,4561,14414,14414,A41237,0,1,0,0,1,AS,0,A41237,580,0,1,6000527
-77.100569,38.883053,33,1033,4608,14413,14413,A41206,0,1,0,0,1,AS,0,A41206,346,0,1,6000537
-77.107781,38.885942,353,1367,4802,14176,14176, ,1,0,0,0,1,MS,0, ,0,0,1,6000591
-77.103087,38.886006,349,1363,4807,14172,14172, ,1,0,0,0,1,MS,0, ,0,0,1,6000593
-77.105614,38.886013,351,1365,4814,14174,14174, ,1,0,0,0,1,MS,0, ,0,0,1,6000595
-77.103261,38.886187,348,1362,4821,14171,14171, ,1,0,0,0,1,MS,0, ,0,0,1,6000599
-77.095139,38.886786,393,1407,4856,11387,11387,A41025,1,1,0,0,1,MAS,1,A41025,440,1,1,6000604
-77.093322,38.887718,394,1408,4938,11388,11388,A77016,1,1,0,0,1,MAS,0,A77016,986,1,1,6000624
-77.087599,38.839179,956,2155, , , , ,1,0,0,0,0,M,0, ,0,0,1,
-77.087409,38.839388,957,2157, , , ,A82007,0,1,0,0,0,A,1,A82007,926,1,1,6001276
-77.051271,38.858161,962,1979,14274,10650, , ,1,0,0,0,1,MS,0, ,0,0,1,6000887
-77.051256,38.858325,796,1812,14275, , , ,1,0,0,0,1,MS,0, ,0,0,1,6000888
-77.059022,38.862867,308,1313, , , ,A74001,0,1,0,0,1,AS,1,A74001,183,1,1,6001053
-77.071603,38.89551,251,1254, , , ,,1,0,0,0,0,M,0,,0,0,1,
-77.071604,38.895677,883,1900,14089, , , ,1,0,0,0,0,M,0, ,0,0,1,6000824
-77.071629,38.896023,882,1899,14094, , , ,1,0,0,0,0,M,0, ,0,0,1,6000827
-77.157014,38.886821,813,1829,14043, , , ,1,0,0,0,1,MS,0, ,0,0,1,6000799
-77.156916,38.886385,811,1827,14082, , , ,1,0,0,0,1,MS,0, ,0,0,1,6000821
-77.156703,38.886323,812,1828,14084, , , ,1,0,0,0,1,MS,0, ,0,0,1,6000822
-77.156792,38.886757,810,1826,4850, ,11693,A52029,0,1,0,0,1,AS,1,A52029,138,1,1,6000603
-77.112508,38.856508,288,1292, , , ,A75108,0,1,0,0,0,A,1,A75108,240,1,1,6001019
-77.119478,38.853382,618,1633,2930,11482,11482, ,1,0,0,0,1,MS,0, ,0,0,1,6000137
-77.116185,38.854303,615,1630,2989,11480,11480, ,1,0,0,0,1,MS,0, ,0,0,1,6000149
-77.114838,38.854785,613,1628,3016,11478,11478,A75106,1,1,0,0,1,MAS,1,A75106,233,0,1,6000152
-77.112934,38.855729,61,1061,3071,11475,11475,A41225,1,1,0,0,1,MAS,0,A41225,236,0,1,6000166
-77.11233,38.855756,612,1627,3078,11476,11476, ,1,0,0,0,1,MS,0, ,0,0,1,6000169
-77.112597,38.856311,153,1153,3132,11640,11640,A41001,1,1,0,0,0,MA,1,A41001,237,1,1,6000179
-77.104556,38.857758,14,1014,3210,11468,11468,A41003,1,1,0,0,1,MAS,0,A41003,244,1,1,6000188
-77.104079,38.858089,358,1372,3220,11469,11469,A41223,1,1,0,0,1,MAS,0,A41223,245,0,1,6000191
-77.100725,38.859049,59,1059,3278,11466,11466,A41222,1,1,0,0,1,MAS,0,A41222,247,0,1,6000203
-77.099186,38.859281,58,1058,3291,11465,11465,A41005,1,1,0,0,1,MAS,0,A41005,248,0,1,6000204
-77.095964,38.860154,610,1625,3341,11463,11463,A41006,1,1,0,0,1,MAS,0,A41006,250,0,1,6000219
-77.095514,38.860486,56,1056,3359,11462,11462,A41220,1,1,0,0,1,MAS,0,A41220,251,0,1,6000223
-77.093569,38.860785,55,1055,3368,11461,11461,A41007,1,1,0,0,1,MAS,0,A41007,252,0,1,6000225
-77.093723,38.86092,54,1054,3383,11460,11460,A41219,1,1,0,0,1,MAS,0,A41219,253,0,1,6000227
-77.091212,38.861354,347,1361,3415,11459,11459,A45005,1,1,0,0,1,MAS,0,A45005,1094,1,1,6000232
-77.09119,38.861588,346,1360,3429,11458,11458,A45009,1,1,0,0,1,MAS,0,A45009,1095,1,1,6000234
-77.086581,38.862584,332,1345,3502,11455,11455,A45006,1,1,0,0,1,MAS,0,A45006,1097,0,1,6000242
-77.084434,38.863356,337,1351,3534,11453,11453,A45007,1,1,0,0,1,MAS,0,A45007,1098,0,1,6000249
-77.083508,38.863356,11,1011,3536,11452,11452,A74021,1,1,0,0,1,MAS,1,A74021,195,0,1,6000250
-77.080508,38.864088,343,1350,3581,11448,11448,A15002,1,0,0,0,1,MS,0,A15002,1156,0,1,6000258
-77.077849,38.864834,342,1356,3610,11447,11447,A42019,1,1,0,0,1,MAS,0,A42019,564,0,1,6000263
-77.068535,38.867239,803,1819,3757,11441,11441,A42022,1,1,0,0,1,MAS,0,A42022,819,1,1,6000304
-77.068533,38.86741,804,1820,3763,11440,11440,A42207,1,1,0,0,1,MAS,0,A42207,818,1,1,6000305
-77.143312,38.872983,647,1662,4052,14453,14453, ,1,0,0,0,1,MS,0, ,0,0,1,6000378
-77.140324,38.873517,685,1701,4086,14451,14451, ,1,0,0,0,1,MS,0, ,0,0,1,6000386
-77.134481,38.874677,678,1694,4158,14444,14444, ,1,0,0,0,1,MS,0, ,0,0,1,6000411
-77.131023,38.875631,672,1688,4204,14441,14441, ,1,0,0,0,1,MS,0, ,0,0,1,6000425
-77.123307,38.877541,30,1030,4322,14432,14432,A75125,1,1,0,0,1,MAS,0,A75125,322,0,1,6000454
-77.123571,38.877697,31,1031,4331,14433,14433,A75006,1,1,0,0,1,MAS,0,A75006,321,0,1,6000456
-77.121147,38.878064,29,1029,4340,14431,14431,A75126,1,1,0,0,1,MAS,0,A75126,323,0,1,6000460
-77.121237,38.878278,28,1028,4346,14430,14430,A75005,1,1,0,0,1,MAS,0,A75005,324,0,1,6000463
-77.092228,38.861583,13,1013,3424,12136,12136,A41218,1,1,0,0,1,MAS,1,A41218,254,1,1,6000233
-77.091874,38.861741,12,1012,3451,12135,12135,A41008,1,1,0,0,1,MAS,1,A41008,255,1,1,6000236
-77.096312,38.867628,472,1486,3774,12126,12126,A41012,1,1,0,0,1,MAS,0,A41012,269,0,1,6000309
-77.10296,38.872058,866,1883,4000,12119,12119,A41213,1,1,0,0,1,MAS,0,A41213,285,0,1,6000366
-77.103377,38.872731,876,1893,4032,12118,12118,A41016,1,1,0,0,1,MAS,0,A41016,287,0,1,6000373
-77.104777,38.873449,442,1456,4097,12117,12117,A41212,1,1,0,0,1,MAS,0,A41212,289,0,1,6000391
-77.104948,38.873818,589,1603,4107,12116,12116,A41017,1,1,0,0,1,MAS,0,A41017,288,0,1,6000397
-77.106152,38.874704,868,1885,4151,12115,12115,A41018,1,1,0,0,1,MAS,0,A41018,290,0,1,6000409
-77.107292,38.875508,869,1886,4189, ,12112,A41019,1,1,0,0,1,MAS,0,A41019,340,0,1,6000420
-77.122774,38.896383,865,1882,5588, , , ,1,0,0,0,1,MS,0, ,0,0,1,6000732
-77.12851,38.888916,87,1085, , , ,A51009,0,1,0,0,1,AS,0,A51009,91,1,1,6001073
-77.128934,38.889421,97,1095, , , ,A51210,0,1,0,0,1,AS,0,A51210,101,1,1,6001079
-77.12829,38.88783,140,1137, , , ,A52220,0,1,0,0,1,AS,0,A52220,157,0,1,6001187
-77.091438,38.894678,15,1015,5442,12644,12644,,1,0,0,0,1,MS,0,,0,0,2,6000701
-77.094794,38.894985,17,1017,5473,12647,12647,,1,0,0,0,1,MS,0,,0,0,2,6000706
-77.094516,38.895239,2,1002,5480,12648,12648,,1,0,0,0,1,MS,0,,0,0,2,6000707
-77.088223,38.89534,9,1009,5489,12642,12642,,1,0,0,0,1,MS,0,,0,0,2,6000708
-77.127548,38.884868,686,1702,4731,14191,14191, ,1,0,0,0,1,MS,0, ,0,0,2,6000569
-77.061222,38.860737,716,1732,14061, , , ,1,0,0,0,0,M,0, ,0,0,2,6000804
-77.049484,38.852916,965,1982,14282, , , ,1,0,0,0,0,M,0, ,0,0,2,6000891
-77.04933,38.85406,961,1978,14284, , , ,1,0,0,0,0,M,0, ,0,0,2,6000892
-77.049108,38.857981,808,1824,14288, , , ,1,0,0,0,0,M,0, ,0,0,2,6000894
-77.049256,38.855432,964,1981,14289, , , ,1,0,0,0,0,M,0, ,0,0,2,6000895
-77.049022,38.859473,704,1720,3299,11632,11632, ,1,0,0,0,0,M,0, ,0,0,2,6000205
-77.056381,38.859538,525,1539,3307,10271,10271, ,1,0,0,0,1,MS,0, ,0,0,2,6000208
-77.05651,38.859741,534,1548,3318,10270,10270, ,1,0,0,0,0,M,0, ,0,0,2,6000212
-77.053816,38.859749,520,1534,3323,10269,10269, ,1,0,0,0,0,M,0, ,0,0,2,6000214
-77.054062,38.859968,429,1443,3331,10268,10268, ,1,0,0,0,0,M,0, ,0,0,2,6000217
-77.060224,38.860445,527,1541,3358,10273,10273, ,1,0,0,0,0,M,0, ,0,0,2,6000222
-77.05914,38.860616,535,1549,3364,10272,10272, ,1,0,0,0,0,M,0, ,0,0,2,6000224
-77.101907,38.859116,993,2010,14350, , , ,1,0,0,0,0,M,0, ,0,0,2,6000918
-77.101813,38.85959,608,1623,3306,11981,11981, ,1,0,0,0,0,M,0, ,0,0,2,6000207
-77.103012,38.861402,990,2007,3414, ,11978, ,1,0,0,0,0,M,0, ,0,0,2,6000231
-77.103053,38.862045,991,2008,3466, ,11979, ,1,0,0,0,0,M,0, ,0,0,2,6000239
-77.104067,38.863517,988,2005,3540, ,11976, ,1,0,0,0,0,M,0, ,0,0,2,6000251
-77.104062,38.864063,989,2006,3565, ,11977, ,1,0,0,0,0,M,0, ,0,0,2,6000257
-77.105167,38.86491,986,2003,3615, ,11975, ,1,0,0,0,0,M,0, ,0,0,2,6000266
-77.105678,38.865109,987,2004,3631, ,11974, ,1,0,0,0,0,M,0, ,0,0,2,6000271
-77.106669,38.868767,992,2009,3829, ,11973, ,1,0,0,0,0,M,0, ,0,0,2,6000323
-77.106322,38.8418,659,1674,2358,14146,14146, ,1,0,0,0,0,M,0, ,0,0,2,6000039
-77.104521,38.842262,652,1667,2378,14144,14144, ,1,0,0,0,0,M,0, ,0,0,2,6000041
-77.100863,38.843805,643,1658,2437,14142,14142, ,1,0,0,0,0,M,0, ,0,0,2,6000043
-77.100921,38.843969,649,1664,2455,14143,14143, ,1,0,0,0,0,M,0, ,0,0,2,6000046
-77.099292,38.844663,702,1718,2486,14140,14140,A75025,1,1,0,0,0,MA,0,A75025,1106,0,2,6000053
-77.099676,38.844746,703,1719,2488,14141,14141,A75135,1,1,0,0,0,MA,0,A75135,1117,0,2,6000055
-77.097699,38.845402,701,1717,2539,14139,14139, ,1,0,0,0,0,M,0, ,0,0,2,6000064
-77.094409,38.8477,450,1464,2660,14137,14137,A77004,1,1,0,0,0,MA,0,A77004,929,1,2,6000082
-77.094461,38.848082,439,1453,2677,14136,14136,A77210,1,1,0,0,0,MA,0,A77210,988,0,2,6000085
-77.09271,38.849961,445,1459,2761,14135,14135,A77005,1,1,0,0,0,MA,0,A77005,930,1,2,6000101
-77.092965,38.850011,444,1458,2763,14134,14134,A77209,1,1,0,0,0,MA,0,A77209,1001,0,2,6000103
-77.091564,38.85182,470,1484,2835,14132,14132,A77208,1,1,0,0,0,MA,0,A77208,1000,0,2,6000108
-77.091091,38.852053,469,1483,2845,14133,14133,A77006,1,1,0,0,0,MA,0,A77006,931,0,2,6000110
-77.089119,38.853928,443,1457,2964,14130,14130,A77214,1,1,0,0,0,MA,0,A77214,999,0,2,6000145
-77.088587,38.856117,428,1442,3070,14128,14128,A77207,1,1,0,0,0,MA,0,A77207,998,0,2,6000173
-77.088321,38.855807,426,1440,3093,14129,14129,A77008,1,1,0,0,0,MA,0,A77008,1007,0,2,6000165
-77.088155,38.856562,441,1455,3116,14127,14127,A77009,1,1,0,0,1,MAS,0,A77009,1008,0,2,6000177
-77.087465,38.858905,454,1468,3272,14125,14125,A77010,1,1,0,0,1,MAS,0,A77010,934,0,2,6000200
-77.087723,38.858879,451,1465,3274,14126,14126,A77205,1,1,0,0,0,MA,0,A77205,996,0,2,6000201
-77.087188,38.859814,433,1447,3321,14124,14124,A77011,1,1,0,0,0,MA,0,A77011,935,0,2,6000213
-77.087361,38.860113,430,1444,3339,14123,14123,A77204,1,1,0,0,0,MA,0,A77204,995,0,2,6000218
-77.087116,38.862034,331,1344,3463,14121,14121,A77203,1,1,0,0,1,MAS,0,A77203,994,0,2,6000238
-77.092074,38.843662,693,1709,2447,10852,10852,A77212,1,1,0,0,0,MA,0,A77212,1004,0,2,6000044
-77.092027,38.843906,695,1711,2449,10853,10853,A77002,1,1,0,0,0,MA,0,A77002,927,0,2,6000045
-77.094994,38.84481,666,1681,2501,14962,14962,A77211,1,1,0,0,1,MAS,0,A77211,1003,0,2,6000058
-77.095927,38.845445,698,1714,2543,10851,10851,A77003,1,1,0,0,1,MAS,0,A77003,928,0,2,6000066
-77.084495,38.844749,40,1040,2495,13651,13651,A74002,1,1,0,0,0,MA,0,A74002,223,0,2,6000057
-77.084744,38.844824,39,1039,2497,13650,13650,A82103,1,1,0,0,0,MA,0,A82103,552,0,2,6000813
-77.083684,38.846953,22,1022,2618,13649,13649,A74003,1,1,0,0,1,MAS,0,A74003,222,0,2,6000075
-77.083918,38.847023,26,1026,2623,13648,13648,A82102,1,1,0,0,0,MA,0,A82102,551,0,2,6000076
-77.080552,38.864824,339,1353,3611,11627,11627,A42018,1,1,0,0,0,MA,1,A42018,563,0,2,6000264
-77.080412,38.864988,341,1355,3620,11628,11628,A42211,1,1,0,0,0,MA,1,A42211,568,0,2,6000267
-77.080985,38.866846,972,1989,3737, ,11625,A42017,0,1,0,0,0,A,0,A42017,562,0,2,6000297
-77.080815,38.866999,973,1990,3747, ,11626,A42212,0,1,0,0,1,AS,0,A42212,569,0,2,6000300
-77.081302,38.869618,971,1988,3827, ,11624,A42213,1,1,0,0,0,MA,0,A42213,570,0,2,6001275
-77.08137,38.869104,970,1987,3848, ,11623,A42016,1,1,0,0,0,MA,0,A42016,561,0,2,6000327
-77.081672,38.871438,968,1985,3960, ,11622,A42214,1,1,0,0,0,MA,0,A42214,531,0,2,6000356
-77.081939,38.871816,969,1986,3983, ,11621, ,1,0,0,0,0,M,0, ,0,0,2,6000362
-77.108057,38.88586,173,1174, , , ,A53001,0,1,0,0,0,A,0,A53001,505,0,2,6001185
-77.086864,38.877393,656,1671,4320,14158,14158,A42012,1,1,0,0,0,MA,0,A42012,815,0,2,6000453
-77.088044,38.87858,641,1656,4361,14159,14159,A42217,1,1,0,0,0,MA,0,A42217,574,0,2,6000465
-77.089001,38.878921,651,1666,4394,14160,14160,A42011,1,1,0,0,0,MA,0,A42011,560,0,2,6000473
-77.089202,38.879422,654,1669,4433,14161,14161,A42218,1,1,0,0,0,MA,0,A42218,575,0,2,6000487
-77.090194,38.880657,646,1661,4498,14162,14162,A42219,1,1,0,0,0,MA,0,A42219,576,0,2,6000510
-77.091498,38.882748,653,1668,4590,14164,14164,A42220,0,1,0,0,0,A,0,A42220,577,0,2,6000533
-77.092032,38.883043,658,1673,4612,14165,14165,A42009,0,1,0,0,0,A,0,A42009,558,0,2,6000539
-77.13597,38.883126,696,1712,4623,14199,14199, ,1,0,0,0,0,M,0, ,0,0,2,6000542
-77.135676,38.883385,694,1710,4637,14198,14198, ,1,0,0,0,0,M,0, ,0,0,2,6000545
-77.137519,38.883395,697,1713,4638,14200,14200, ,1,0,0,0,0,M,0, ,0,0,2,6000546
-77.134153,38.883499,691,1707,4644,14197,14197, ,1,0,0,0,1,MS,0, ,0,0,2,6000547
-77.133566,38.883791,690,1706,4655,14196,14196, ,1,0,0,0,0,M,0, ,0,0,2,6000548
-77.131422,38.884248,356,1370,4676,14194,14194, ,1,0,0,0,0,M,0, ,0,0,2,6000554
-77.129631,38.884614,355,1369,4697,14192,14192, ,1,0,0,0,0,M,0, ,0,0,2,6000556
-77.139838,38.884766,315,1328,4705,14202,14202, ,1,0,0,0,0,M,0, ,0,0,2,6000559
-77.140318,38.884814,316,1329,4728,14203,14203, ,1,0,0,0,0,M,0, ,0,0,2,6000567
-77.127837,38.884989,682,1698,4730,14190,14190, ,1,0,0,0,0,M,0, ,0,0,2,6000568
-77.125411,38.885034,71,1071,4742,14189,14189,A52221,1,1,0,0,0,MA,1,A52221,158,0,2,6000572
-77.125863,38.8852,70,1070,4744,14188,14188,A52008,1,1,0,0,0,MA,1,A52008,118,0,2,6000573
-77.121056,38.885348,69,1069,4753,14186,14186,A52007,1,1,0,0,0,MA,0,A52007,117,0,2,6000574
-77.116315,38.885354,364,1378,4755,14184,14184,A52223,1,1,0,0,0,MA,0,A52223,160,1,2,6000575
-77.12132,38.885191,141,1138,4756, , ,A52222,1,1,0,0,0,MA,0,A52222,159,0,2,6000576
-77.113829,38.885449,463,1477,4761,14182,14182,A52230,1,1,0,0,0,MA,0,A52230,811,0,2,6000579
-77.117857,38.885485,1,1001,4763,14185,14185,A52006,1,1,0,0,0,MA,0,A52006,116,0,2,6000580
-77.113925,38.885569,104,1103,4766, , ,A52004,1,1,0,0,0,MA,0,A52004,114,0,2,6000582
-77.111142,38.885528,43,1043,4768,14178,14178,A52225,1,1,0,0,0,MA,0,A52225,162,0,2,6000583
-77.110739,38.885673,41,1041,4779,14177,14177,A52002,1,1,0,0,0,MA,0,A52002,112,0,2,6000588
-77.142355,38.886025,317,1330,4803,14204,14204,A15038,1,1,0,0,0,MA,0,A15038,0,0,2,6000592
-77.107981,38.886141,352,1366,4819,14175,14175, ,1,0,0,0,0,M,0, ,0,0,2,6000598
-77.098942,38.886138,662,1677,4823,14169,14169,A62217,1,1,0,0,0,MA,0,A62217,1154,0,2,6000600
-77.105307,38.886227,350,1364,4825,14173,14173, ,1,0,0,0,0,M,0, ,0,0,2,6000601
-77.144717,38.886655,699,1715,4848,14207,14207, ,1,0,0,0,0,M,0, ,0,0,2,6000602
-77.147121,38.887244,329,1342,4885,14209,14209,A15016,1,1,0,0,0,MA,0,A15016,1173,0,2,6000612
-77.148885,38.887277,81,2119,4891,14210,14210, ,1,0,0,0,0,M,0, ,0,0,2,6000614
-77.15122,38.887329,321,1334,4895,14213,14213,A15015,1,1,0,0,0,MA,0,A15015,1172,0,2,6000616
-77.149564,38.887479,319,1332,4900,14211,14211, ,1,0,0,0,0,M,0, ,0,0,2,6000617
-77.151289,38.8875,320,1333,4901,14212,14212,A15040,1,1,0,0,0,MA,0,A15040,1179,0,2,6000618
-77.156833,38.8874,626,1641,4903,14217,14217, ,1,0,0,0,0,M,0, ,0,0,2,6000620
-77.154861,38.887573,322,1335,4912,14214,14214, ,1,0,0,0,0,M,0, ,0,0,2,6000622
-77.157018,38.887621,700,1716,4924,14216,14216, ,1,0,0,0,0,M,0, ,0,0,2,6000623
-77.161334,38.888566,357,1371,4982,14219,14219, ,1,0,0,0,0,M,0, ,0,0,2,6000629
-77.115136,38.897594,6,1006,5655,12665,12665,A62015,1,1,0,0,0,MA,0,A62015,414,0,2,6000745
-77.088517,38.895632,7,1007,5495,12643,12643,,1,0,0,0,0,M,0,,0,0,2,6000711
-77.091891,38.894959,16,1016,5465,12645,12645,,1,0,0,0,0,M,0,,0,0,2,6000705
-77.146069,38.89402,72,1072,5382,12688,12688, ,1,0,0,0,0,M,0, ,0,0,2,6000693
-77.136027,38.89629,92,1090,14088, , ,A51014,1,1,0,0,0,MA,0,A51014,96,0,2,6000823
-77.119194,38.898518,324,1337,5740,12670,12670, ,1,0,0,0,0,M,0, ,0,0,2,6000756
-77.130326,38.896473,327,1340,5582,12677,12677, ,1,0,0,0,0,M,0, ,0,0,2,6000730
-77.124112,38.897272,362,1376,5647,12674,12674, ,1,0,0,0,0,M,0, ,0,0,2,6000743
-77.075035,38.899115,365,1379,5766,12635,12635, ,1,0,0,0,0,M,0, ,0,0,2,6000757
-77.078239,38.897794,366,1380,5679,12636,12636, ,1,0,0,0,0,M,0, ,0,0,2,6000749
-77.079904,38.897705,367,1381,5671,12638,12638, ,1,0,0,0,0,M,0, ,0,0,2,6000746
-77.085962,38.895969,368,1382,5526,12640,12640, ,1,0,0,0,0,M,0, ,0,0,2,6000718
-77.08687,38.896013,369,1383,5516,12641,12641, ,1,0,0,0,0,M,0, ,0,0,2,6000716
-77.092755,38.894545,370,1384,5427,12646,12646, ,1,0,0,0,0,M,0, ,0,0,2,6000698
-77.097344,38.896118,373,1387,5533,12649,12649, ,1,0,0,0,0,M,0, ,0,0,2,6000719
-77.09747,38.895837,374,1388,5514,12650,12650, ,1,0,0,0,0,M,0, ,0,0,2,6000715
-77.147093,38.893883,375,1389,5372,12689,12689, ,1,0,0,0,0,M,0, ,0,0,2,6000689
-77.15011,38.893081,377,1391,5306,12691,12691, ,1,0,0,0,0,M,0, ,0,0,2,6000680
-77.150293,38.892819,378,1392,5292,12692,12692, ,1,0,0,0,0,M,0, ,0,0,2,6000678
-77.151704,38.892652,379,1393,5276,12693,12693, ,1,0,0,0,0,M,0, ,0,0,2,6000673
-77.151537,38.892522,380,1394,5270,12694,12694, ,1,0,0,0,0,M,0, ,0,0,2,6000672
-77.153052,38.892301,381,1395,5256,12695,12695, ,1,0,0,0,0,M,0, ,0,0,2,6000670
-77.153373,38.891991,382,1396,5218,12696,12696, ,1,0,0,0,0,M,0, ,0,0,2,6000668
-77.154763,38.891242,386,1400,5175,12697,12697, ,1,0,0,0,0,M,0, ,0,0,2,6000657
-77.154715,38.891464,387,1401,5187,12698,12698, ,1,0,0,0,0,M,0, ,0,0,2,6000660
-77.159515,38.889089,388,1402,5019,14532,14532, ,1,0,0,0,0,M,0, ,0,0,2,6000637
-77.162562,38.887245,390,1404,4881,12699,12699, ,1,0,0,0,0,M,0, ,0,0,2,6000611
-77.112413,38.896997,434,1448,5618,12661,12661, ,1,0,0,0,0,M,0, ,0,0,2,6000738
-77.112913,38.897061,438,1452,5616,12662,12662, ,1,0,0,0,0,M,0, ,0,0,2,6000736
-77.114201,38.897132,449,1463,5629,12663,12663,A62215,1,1,0,0,0,MA,1,A62215,871,0,2,6000740
-77.114191,38.897235,465,1479,5630,12664,12664,A62003,1,1,0,0,0,MA,1,A62003,416,0,2,6000741
-77.140993,38.895657,671,1687,5503,12683,12683, ,1,0,0,0,0,M,0, ,0,0,2,6000713
-77.134328,38.89646,705,1721,5580,12679,12679, ,1,0,0,0,0,M,0, ,0,0,2,6000728
-77.140671,38.895537,707,1723,5494,12684,12684, ,1,0,0,0,0,M,0, ,0,0,2,6000710
-77.13846,38.896295,708,1724,5560,12681,12681, ,1,0,0,0,0,M,0, ,0,0,2,6000723
-77.143841,38.894898,710,1726,5463,12685,12685, ,1,0,0,0,0,M,0, ,0,0,2,6000704
-77.145657,38.894346,712,1728,5407,12687,12687, ,1,0,0,0,0,M,0, ,0,0,2,6000696
-77.107023,38.896711,714,1730,5592,12657,12657, ,1,0,0,0,0,M,0, ,0,0,2,6000734
-77.107888,38.896705,715,1731,5601,12658,12658, ,1,0,0,0,0,M,0, ,0,0,2,6000735
-77.082244,38.896282,931,1948,5565, , , ,1,0,0,0,0,M,0, ,0,0,2,6000724
-77.10108,38.896203,932,1949,5559, , , ,1,0,0,0,0,M,0, ,0,0,2,6000722
-77.100541,38.896506,933,1950,5581, , , ,1,0,0,0,0,M,0, ,0,0,2,6000729
-77.121751,38.898312,934,1951,5719, , , ,1,0,0,0,0,M,0, ,0,0,2,6000753
-77.073053,38.898325,935,1952,5726, ,12634, ,1,0,0,0,0,M,0, ,0,0,2,6000754
-77.136917,38.896445,936,1953,14081, , , ,1,0,0,0,0,M,0, ,0,0,2,6000820
-77.117307,38.898497,937,1954,5727, ,12668,A62004,1,1,0,0,0,MA,0,A62004,412,0,2,6000755
-77.072849,38.899183,938,1955,5768, ,12633, ,1,0,0,0,0,M,0, ,0,0,2,6000758
-77.11865,38.898686,939,1956,15749, , , ,1,0,0,0,0,M,0, ,0,0,2,6000951
-77.160122,38.888596,942,1959,4987, , , ,1,0,0,0,0,M,0, ,0,0,2,6000631
-77.127234,38.896531,325,1338,5586,12675,12675, ,1,0,0,0,0,M,0, ,0,0,2,6000731
-77.163051,38.886657,407,2145,4873,12700,12700, ,1,0,0,0,0,M,0, ,0,0,2,6000609
-77.105905,38.896419,940,1957,14079,12656, , ,1,0,0,0,1,MS,0, ,0,0,2,6000819
-77.147571,38.893524,376,1390,5349,12690,12690, ,1,0,0,0,1,MS,0, ,0,0,2,6000686
-77.144186,38.894611,711,1727,5437,12686,12686, ,1,0,0,0,1,MS,0, ,0,0,2,6000700
-77.138367,38.896093,709,1725,5544,12682,12682, ,1,0,0,0,1,MS,0, ,0,0,2,6000721
-77.106051,38.896248,713,1729,5566,12655,12655, ,1,0,0,0,1,MS,0, ,0,0,2,6000725
-77.133153,38.896234,706,1722,5573,12680,12680, ,1,0,0,0,1,MS,0, ,0,0,2,6000726
-77.13072,38.896291,328,1341,5578,12678,12678, ,1,0,0,0,1,MS,0, ,0,0,2,6000727
-77.126825,38.896394,326,1339,5589,12676,12676, ,1,0,0,0,1,MS,0, ,0,0,2,6000733
-77.11007,38.896976,424,1438,5620,12659,12659, ,1,0,0,0,1,MS,0, ,0,0,2,6000739
-77.115257,38.897448,23,1023,5653,12666,12666,A62214,1,1,0,0,1,MAS,0,A62214,415,0,2,6000744
-77.123261,38.897776,340,1354,5676,12673,12673, ,1,0,0,0,1,MS,0, ,0,0,2,6000747
-77.122084,38.897966,403,1417,5692,12672,12672, ,1,0,0,0,1,MS,0, ,0,0,2,6000751
-77.116487,38.898065,42,1042,5702,12667,12667,A62213,1,1,0,0,1,MAS,0,A62213,413,0,2,6000752
-77.064912,38.870228,805,1821,13530, , , ,1,0,0,0,0,M,0, ,0,0,1,6000789
-77.11698,38.854405,614,1629,2992,11479,11479,A41227,1,1,0,0,0,MA,0,A41227,235,0,1,6000151
-77.114923,38.854934,62,1062,3021,11477,11477,A41226,1,1,0,0,0,MA,1,A41226,234,0,1,6000153
-77.08927,38.861903,345,1359,3460,11457,11457, ,1,0,0,0,0,M,0, ,0,0,1,6000237
-77.088479,38.862302,344,1358,3483,11456,11456, ,1,0,0,0,0,M,0, ,0,0,1,6000240
-77.086783,38.862714,338,1352,3507,11454,11454,A45008,1,1,0,0,0,MA,0,A45008,1096,0,1,6000245
-77.081006,38.864252,336,1357,3578,11449,11449,A15003,1,0,0,0,0,M,0,A15003,1157,0,1,6000259
-77.077529,38.865096,335,1349,3629,11446,11446,A42210,1,1,0,0,0,MA,0,A42210,567,0,1,6000270
-77.075364,38.865652,334,1348,3659,11444,11444,A42209,1,1,0,0,0,MA,0,A42209,185,0,1,6000276
-77.071418,38.866481,806,1822,3723, ,11443,A42021,1,1,0,0,0,MA,0,A42021,534,0,1,6000288
-77.071723,38.866577,807,1823,3727, ,11442,A42208,1,1,0,0,0,MA,0,A42208,533,0,1,6000291
-77.094206,38.887269,144,1142, , , ,A41026,0,1,0,0,0,A,0,A41026,441,0,1,6001167
-77.091121,38.888494,145,1143,14097, , ,A41027,1,1,0,0,1,MAS,0,A41027,448,0,1,6000828
-77.112709,38.879957,275,1279,14442, , ,A75130,1,1,0,0,0,MA,0,A75130,330,0,1,6000925
-77.143544,38.873188,645,1660,4067,14452,14452, ,1,0,0,0,0,M,0, ,0,0,1,6000381
-77.146812,38.873451,941,1958,4081, ,14454, ,1,0,0,0,0,M,0, ,0,0,1,6000384
-77.140472,38.873685,412,1426,4099,14450,14450, ,1,0,0,0,0,M,0, ,0,0,1,6000393
-77.138595,38.873875,622,1637,4113,14449,14449, ,1,0,0,0,0,M,0, ,0,0,1,6000398
-77.13876,38.874044,398,1412,4121,14448,14448, ,1,0,0,0,0,M,0, ,0,0,1,6000400
-77.136694,38.87424,687,1703,4134,14447,14447, ,1,0,0,0,0,M,0, ,0,0,1,6000405
-77.136935,38.87438,684,1700,4140,14446,14446, ,1,0,0,0,0,M,0, ,0,0,1,6000407
-77.134326,38.874911,680,1696,4165,14445,14445, ,1,0,0,0,0,M,0, ,0,0,1,6000416
-77.13253,38.875215,676,1692,4180,14443,14443, ,1,0,0,0,0,M,0, ,0,0,1,6000419
-77.132233,38.875456,675,1691,4191,14442,14442, ,1,0,0,0,0,M,0, ,0,0,1,6000421
-77.130893,38.875808,669,1685,4214,14440,14440, ,1,0,0,0,0,M,0, ,0,0,1,6000428
-77.12784,38.876438,38,1038,4263,14439,14439,A75122,1,1,0,0,0,MA,0,A75122,316,0,1,6000438
-77.128075,38.876517,408,1422,4266,14438,14438, ,1,0,0,0,0,M,0, ,0,0,1,6000440
-77.126259,38.876833,36,1036,4290,14437,14437,A75123,1,1,0,0,0,MA,1,A75123,317,0,1,6000443
-77.126469,38.876917,35,1035,4298,14436,14436,A75008,1,1,0,0,0,MA,1,A75008,318,0,1,6000445
-77.125639,38.876978,406,1420,4300,14434,14434,A75124,1,1,0,0,0,MA,0,A75124,319,0,1,6000447
-77.125176,38.877246,34,1034,4310,14435,14435,A75007,1,1,0,0,0,MA,0,A75007,320,0,1,6000449
-77.11919,38.878602,27,1027,4368,14429,14429,A75127,1,1,0,0,0,MA,0,A75127,325,0,1,6000467
-77.117685,38.878981,397,1411,4400,14427,14427,A75128,1,1,0,0,0,MA,0,A75128,327,0,1,6000477
-77.117818,38.879096,25,1025,4410,14426,14426,A75004,1,1,0,0,0,MA,0,A75004,326,0,1,6000483
-77.115406,38.879538,24,1024,4441,14425,14425,A75129,1,1,0,0,0,MA,0,A75129,328,0,1,6000489
-77.115808,38.879623,395,1409,4446,14424,14424,A75003,1,1,0,0,0,MA,0,A75003,329,0,1,6000491
-77.106456,38.879904,265,1268,4470, , ,A67002,0,1,0,0,0,A,0,A67002,341,0,1,6000501
-77.112223,38.880185,405,1419,4472,14421,14421,A75002,1,1,0,0,0,MA,0,A75002,877,0,1,6000502
-77.106252,38.880176,147,1146,4478, , ,A41208,0,1,0,0,0,A,0,A41208,342,0,1,6000503
-77.104362,38.881171,660,1675,4523,14416,14416,A41207,0,1,0,0,0,A,0,A41207,344,0,1,6000519
-77.114575,38.881988,639,1654,4555,11779,11779,A51218,1,1,0,0,0,MA,0,A51218,109,0,1,6000524
-77.112983,38.882028,637,1652,4560,11777,11777,A51219,1,1,0,0,0,MA,0,A51219,110,0,1,6000526
-77.114355,38.882261,638,1653,4570,11778,11778,A51003,1,1,0,0,0,MA,0,A51003,85,0,1,6000530
-77.112457,38.882288,636,1651,4571,11775,11775,A51002,1,1,0,0,0,MA,0,A51002,84,0,1,6000531
-77.100444,38.882915,32,1032,4605,14412,14412,A41024,0,1,0,0,0,A,0,A41024,345,0,1,6000536
-77.098236,38.884742,401,1415,4710,14410,14410,A41032,0,1,0,0,0,A,0,A41032,812,0,1,6000562
-77.098382,38.884812,402,1416,4715,14411,14411,A41236,0,1,0,0,0,A,0,A41236,579,0,1,6000563
-77.093021,38.888863,20,1020,5003,14408,14408,A41204,1,1,0,0,0,MA,0,A41204,444,0,1,6000634
-77.088826,38.889377,64,1064,5044,11390,11390,A41028,1,1,0,0,0,MA,0,A41028,449,0,1,6000639
-77.090458,38.889797,21,1021,5077,14407,14407,A41203,1,1,0,0,0,MA,0,A41203,446,0,1,6000643
-77.08831,38.890625,19,1019,5143,14406,14406,A41202,1,1,0,0,0,MA,0,A41202,447,0,1,6000652
-77.085022,38.891318,801,1817,5177, , ,A61107,1,1,0,0,0,MA,1,A61107,454,1,1,6000658
-77.081267,38.891742,657,1672,5202,11393,11393, ,1,0,0,0,0,M,0, ,0,0,1,6000666
-77.083808,38.89188,5,1005,5210,14403,14403,A61012,1,1,0,0,0,MA,0,A61012,452,0,1,6000667
-77.082231,38.892477,4,1004,5264,14402,14402,A61011,1,1,0,0,0,MA,0,A61011,453,0,1,6000671
-77.075304,38.893632,667,1682,5364,11396,11396, ,1,0,0,0,0,M,0, ,0,0,1,6000688
-77.078942,38.893908,392,1406,5373,14400,14400, ,1,0,0,0,0,M,0, ,0,0,1,6000690
-77.074709,38.894794,389,1403,5456,14398,14398, ,1,0,0,0,0,M,0, ,0,0,1,6000702
-77.125176,38.923688,193,1194, , , ,A53022,0,1,0,0,0,A,0,A53022,382,1,3,6001134
-77.129031,38.921552,194,1195, , , ,A53023,0,1,0,0,0,A,0,A53023,377,0,3,6001100
-77.128414,38.922838,196,1197, , , ,A53025,0,1,0,0,0,A,0,A53025,376,0,3,6001096
-77.13008,38.921233,197,1198, , , ,A53026,0,1,0,0,0,A,0,A53026,374,0,3,6001120
-77.134105,38.918789,198,1199, , , ,A53027,0,1,0,0,0,A,0,A53027,369,0,3,6001103
-77.133201,38.919211,199,1200, , , ,A53028,0,1,0,0,0,A,0,A53028,371,0,3,6001109
-77.13638,38.917089,200,1201, , , ,A53029,0,1,0,0,0,A,0,A53029,367,0,3,6001106
-77.134027,38.918608,221,1222, , , ,A53216,0,1,0,0,0,A,0,A53216,368,0,3,6001156
-77.132768,38.919212,222,1223, , , ,A53217,0,1,0,0,0,A,0,A53217,370,0,3,6001157
-77.13176,38.919712,223,1224, , , ,A53219,0,1,0,0,0,A,0,A53219,372,0,3,6001158
-77.130233,38.920769,224,1225, , , ,A53220,0,1,0,0,0,A,0,A53220,373,0,3,6001159
-77.12675,38.921697,225,1226, , , ,A53222,0,1,0,0,0,A,0,A53222,379,0,3,6001160
-77.127814,38.923043,227,1228, , , ,A53224,0,1,0,0,0,A,0,A53224,375,0,3,6001178
-77.126409,38.924424,195,1196, , , ,A53225,0,1,0,0,1,AS,0,A53225,381,1,3,6001101
-77.125165,38.923487,226,1227, ,13167, ,A53223,0,1,0,0,1,AS,0,A53223,380,1,3,6001043
-77.125566,38.900035,633,1648,5838,12084,12084, ,1,0,0,0,0,M,0, ,0,0,1,6000759
-77.126024,38.900284,635,1650,5881,12085,12085, ,1,0,0,0,0,M,0, ,0,0,1,6000760
-77.126624,38.90129,631,1646,5938,12082,12082, ,1,0,0,0,0,M,0, ,0,0,1,6000761
-77.127085,38.901563,632,1647,5967,12083,12083, ,1,0,0,0,0,M,0, ,0,0,1,6000762
-77.127482,38.902484,629,1644,6022,12080,12080, ,1,0,0,0,0,M,0, ,0,0,1,6000763
-77.127888,38.902697,630,1645,6067,12081,12081, ,1,0,0,0,1,MS,0, ,0,0,1,6000764
-77.101963,38.871475,872,1889,12207, , , ,1,0,0,0,0,M,0, ,0,0,1,6000785
-77.11241,38.879215,871,1888,14476, , , ,1,0,0,0,0,M,0, ,0,0,1,6000928
-77.089081,38.856086,668,1683,3089,12142,12142, ,1,0,0,0,0,M,0, ,0,0,1,6000172
-77.089497,38.856332,664,1679,3107,12141,12141, ,1,0,0,0,0,M,0, ,0,0,1,6000176
-77.090178,38.857647,468,1482,3204,12140,12140, ,1,0,0,0,0,M,0, ,0,0,1,6000186
-77.090566,38.857789,467,1481,3212,12139,12139, ,1,0,0,0,0,M,0, ,0,0,1,6000189
-77.091016,38.858715,466,1480,3263,12137,12137, ,1,0,0,0,0,M,0, ,0,0,1,6000198
-77.091386,38.858885,464,1478,3275,12138,12138, ,1,0,0,0,0,M,0, ,0,0,1,6000202
-77.092184,38.862796,473,1487,3508,12134,12134, ,1,0,0,0,0,M,0, ,0,0,1,6000246
-77.091976,38.862949,476,1490,3519,12133,12133, ,1,0,0,0,0,M,0, ,0,0,1,6000248
-77.093485,38.865739,477,1491,3681,12130,12130, ,1,0,0,0,0,M,0, ,0,0,1,6000282
-77.094864,38.866479,47,1047,3724,12128,12128,A41216,1,1,0,0,0,MA,0,A41216,268,0,1,6000289
-77.09477,38.866634,475,1489,3731,12129,12129,A41010,1,1,0,0,0,MA,0,A41010,267,0,1,6000295
-77.097387,38.867979,471,1485,3789,12127,12127, ,1,0,0,0,0,M,0, ,0,0,1,6000312
-77.098348,38.868561,44,1044,3816,12125,12125,A41215,1,1,0,0,0,MA,0,A41215,273,0,1,6000319
-77.098432,38.86881,46,1046,3825,12124,12124,A41013,1,1,0,0,0,MA,0,A41013,272,0,1,6000320
-77.102144,38.871813,873,1890,3980, ,12121, ,1,0,0,0,0,M,0, ,0,0,1,6000361
-77.106482,38.874697,867,1884,4159, ,12114, ,1,0,0,0,0,M,0, ,0,0,1,6000412
-77.107629,38.875517,870,1887,4195,12112,12113,A41211,1,1,0,0,0,MA,0,A41211,339,0,1,6000422
-77.112108,38.878655,400,1414,4379,12108,12108, ,1,0,0,0,0,M,0, ,0,0,1,6000470
-77.113465,38.879608,644,1659,4451,12107,12107, ,1,0,0,0,0,M,0, ,0,0,1,6000494
-77.11572,38.88125,874,1891,4519, ,12106, ,1,0,0,0,0,M,0, ,0,0,1,6000517
-77.117063,38.884707,354,1368,4709,12104,12104,A51217,1,1,0,0,0,MA,1,A51217,108,0,1,6000561
-77.117531,38.885739,878,1895,4789, , , ,1,0,0,0,0,M,0, ,0,0,1,6000589
-77.118112,38.887028,856,1872,4868, ,12101,A51216,1,1,0,0,0,MA,0,A51216,107,0,1,6000608
-77.118855,38.888629,102,1100,4989, , ,A51215,1,1,0,0,0,MA,0,A51215,106,0,1,6000632
-77.119231,38.889835,152,2138,5109, ,12098, ,1,0,0,0,1,MS,0, ,0,0,1,6000647
-77.119084,38.890102,859,1876,5122,12098,12097, ,1,0,0,0,0,M,0, ,0,0,1,6000648
-77.119258,38.891236,860,1877,5170, ,12095, ,1,0,0,0,0,M,0, ,0,0,1,6000654
-77.119474,38.891503,861,1878,5192, ,12096, ,1,0,0,0,0,M,0, ,0,0,1,6000663
-77.119565,38.893057,862,1879,5301, ,12093, ,1,0,0,0,0,M,0, ,0,0,1,6000679
-77.119802,38.893064,330,1343,5308,12094,12094, ,1,0,0,0,1,MS,0, ,0,0,1,6000681
-77.121142,38.894281,863,1880,5402, ,12092, ,1,0,0,0,0,M,0, ,0,0,1,6000695
-77.121395,38.894896,879,1896,5459, ,12091, ,1,0,0,0,0,M,0, ,0,0,1,6000703
-77.12214,38.895892,864,1881,5507, ,12089, ,1,0,0,0,0,M,0, ,0,0,1,6000714
-77.123145,38.897222,323,1336,5632,12088,12088, ,1,0,0,0,0,M,0, ,0,0,1,6000742
-77.123846,38.89799,318,1331,5687,12086,12086, ,1,0,0,0,0,M,0, ,0,0,1,6000750
-77.129549,38.891329,88,1086, , , ,A51010,0,1,0,0,0,A,0,A51010,92,0,1,6001087
-77.130518,38.892855,89,1087, , , ,A51011,0,1,0,0,0,A,0,A51011,93,0,1,6001102
-77.13359,38.895719,93,1091, , , ,A51201,1,1,0,0,0,MA,1,A51201,97,1,1,6001083
-77.132042,38.894411,94,1092, , , ,A51202,1,1,0,0,0,MA,0,A51202,98,0,1,6001082
-77.130726,38.892646,95,1093, , , ,A51203,0,1,0,0,0,A,0,A51203,99,0,1,6001081
-77.129649,38.891083,96,1094, , , ,A51209,0,1,0,0,0,A,0,A51209,100,0,1,6001080
-77.131842,38.89455,105,1104, , , ,A52009,0,1,0,0,0,A,0,A52009,119,0,1,6001086
-77.133511,38.896651,106,1105, , , ,A52010,0,1,0,0,0,A,1,A52010,120,1,1,6001088
-77.13363,38.898362,107,1106, , , ,A52011,0,1,0,0,0,A,0,A52011,121,0,1,6001131
-77.134858,38.899415,108,1107, , , ,A52012,0,1,0,0,0,A,0,A52012,122,0,1,6001130
-77.13573,38.901191,109,1108, , , ,A52013,0,1,0,0,0,A,0,A52013,123,0,1,6001129
-77.136158,38.901573,137,1134, , , ,A52217,0,1,0,0,0,A,0,A52217,154,0,1,6001190
-77.135719,38.90017,138,1135, , , ,A52218,0,1,0,0,0,A,0,A52218,155,0,1,6001189
-77.134677,38.898976,139,1136, , , ,A52219,0,1,0,0,0,A,0,A52219,156,0,1,6001188
-77.156451,38.888176,37,1037,4959,14516,14516,A52028,1,1,0,0,0,MA,0,A52028,137,0,3,6000626
-77.156187,38.88792,45,1045,4953,14517,14517,A52202,1,1,0,0,0,MA,0,A52202,140,0,3,6000625
-77.126749,38.858824,48,1048,3266,11308,11308,A75114,1,1,0,0,0,MA,0,A75114,302,0,3,6000199
-77.128503,38.865158,49,1049,3627,11301,11301,A75118,1,1,0,0,0,MA,0,A75118,308,0,3,6000269
-77.128021,38.860418,50,1050,3348,11307,11307,A75115,1,1,0,0,0,MA,1,A75115,304,1,3,6000221
-77.128792,38.863588,51,1051,3543,11303,11303,A75117,1,1,0,0,0,MA,0,A75117,306,0,3,6000252
-77.118715,38.858692,52,1052,3261,10251,10251,A41231,1,1,0,0,0,MA,0,A41231,296,0,3,6000197
-77.156721,38.900589,73,1077, , , ,A52021,0,1,0,0,0,A,1,A52021,131,1,3,6001121
-77.119531,38.889463,77,1081, , , ,A51005,0,1,0,0,0,A,0,A51005,87,1,3,6001092
-77.052643,38.855615,78,2115,3061, ,10296, ,1,0,0,0,0,M,0, ,0,0,3,6000162
-77.138933,38.910507,79,2117, , , ,A53213,0,1,0,0,0,A,1,A53213,362,0,3,6001153
-77.138696,38.911746,80,2118, , , ,A53031,0,1,0,0,0,A,0,A53031,364,0,3,6001161
-77.11926,38.918049,82,2140, , , ,A53046,0,1,0,0,0,A,0,A53046,808,0,3,6001117
-77.108084,38.903572,83,2141, , , ,A53045,0,1,0,0,0,A,0,A53045,810,0,3,6001028
-77.120425,38.889271,84,1082, , , ,A51006,0,1,0,0,0,A,0,A51006,88,0,3,6001091
-77.133432,38.893445,90,1088, , , ,A51012,1,1,0,0,0,MA,0,A51012,94,0,3,6001085
-77.137311,38.896124,91,1089, , , ,A51013,1,1,0,0,0,MA,0,A51013,95,0,3,6001084
-77.136863,38.903029,110,1109, , , ,A52014,0,1,0,0,0,A,0,A52014,124,1,3,6001128
-77.139003,38.903483,111,1110, , , ,A52015,0,1,0,0,0,A,0,A52015,125,0,3,6001127
-77.14134,38.904002,112,1111, , , ,A52016,0,1,0,0,0,A,0,A52016,126,0,3,6001126
-77.144782,38.903946,113,1112, , , ,A52017,0,1,0,0,0,A,0,A52017,127,0,3,6001125
-77.14903,38.901984,114,1113, , , ,A52018,0,1,0,0,0,A,0,A52018,128,0,3,6001124
-77.152509,38.901098,115,1114, , , ,A52019,0,1,0,0,0,A,0,A52019,129,0,3,6001123
-77.074996,38.891633,117,2121,5196, , , ,1,0,0,0,0,M,0, ,0,0,3,6000664
-77.073869,38.892133,118,2122,5236, , , ,1,0,0,0,0,M,0, ,0,0,3,6000669
-77.077515,38.889361,119,2123, , , ,A61111,0,1,0,0,0,A,1,A61111,466,0,3,6000963
-77.160239,38.899142,120,1117, , , ,A52022,0,1,0,0,0,A,0,A52022,132,0,3,6001138
-77.162275,38.897195,121,1118, , , ,A52024,0,1,0,0,0,A,0,A52024,133,0,3,6001031
-77.160614,38.896057,122,1119, , , ,A52025,0,1,0,0,0,A,0,A52025,134,0,3,6000987
-77.157836,38.8944,123,1120, , , ,A52026,0,1,0,0,0,A,0,A52026,135,0,3,6000986
-77.156422,38.891176,124,1121, , , ,A52203,0,1,0,0,0,A,0,A52203,141,1,3,6001145
-77.157904,38.894512,125,1122, , , ,A52204,0,1,0,0,0,A,0,A52204,867,0,3,6001144
-77.162086,38.897243,126,1123, , , ,A52205,0,1,0,0,0,A,0,A52205,143,0,3,6001143
-77.160512,38.896171,127,1124, , , ,A52206,0,1,0,0,0,A,0,A52206,144,0,3,6001142
-77.160089,38.898994,128,1125, , , ,A52207,0,1,0,0,0,A,0,A52207,145,0,3,6001141
-77.154499,38.90062,130,1127, , , ,A52210,0,1,0,0,0,A,0,A52210,147,0,3,6001137
-77.151988,38.901004,131,1128, , , ,A52211,0,1,0,0,0,A,0,A52211,148,0,3,6001136
-77.148654,38.901951,132,1129, , , ,A52212,0,1,0,0,0,A,0,A52212,149,0,3,6001135
-77.144804,38.903743,133,1130, , , ,A52213,0,1,0,0,0,A,0,A52213,150,0,3,6001176
-77.141539,38.903847,134,1131, , , ,A52214,0,1,0,0,0,A,0,A52214,151,0,3,6001146
-77.139657,38.903538,135,1132, , , ,A52215,0,1,0,0,0,A,0,A52215,152,0,3,6001148
-77.136926,38.902883,136,1133, , , ,A52216,0,1,0,0,0,A,0,A52216,153,1,3,6001191
-77.156197,38.900497,143,1140, , , ,A52209,0,1,0,0,0,A,1,A52209,164,1,3,6001139
-77.084932,38.890673,146,1144, , , ,A41031,0,1,0,0,0,A,1,A41031,457,1,3,6001166
-77.120084,38.857795,151,2144, , , ,A75021,0,1,0,0,0,A,0,A75021,879,0,3,6001037
-77.115503,38.899854,156,1157, , , ,A62005,0,1,0,0,0,A,0,A62005,411,0,3,6000965
-77.113013,38.901677,157,1158, , , ,A62006,0,1,0,0,0,A,0,A62006,408,0,3,6000955
-77.10831,38.902116,158,1159, , , ,A62007,0,1,0,0,0,A,1,A62007,403,1,3,6000954
-77.102592,38.900559,159,1160, , , ,A62008,0,1,0,0,0,A,0,A62008,501,0,3,6000972
-77.099472,38.899867,160,1161, , , ,A62009,0,1,0,0,0,A,0,A62009,499,0,3,6000956
-77.0962,38.899104,161,1162, , , ,A62010,0,1,0,0,0,A,0,A62010,497,0,3,6000958
-77.0953,38.896864,162,1163, , , ,A62011,0,1,0,0,0,A,0,A62011,495,1,3,6000980
-77.086234,38.893463,163,1164, , , ,A61106,0,1,0,0,0,A,0,A61106,459,0,3,6000997
-77.086054,38.893589,164,1165, , , ,A61013,0,1,0,0,0,A,0,A61013,458,0,3,6000999
-77.09556,38.896291,165,1166, , , ,A62206,0,1,0,0,0,A,0,A62206,494,1,3,6000979
-77.09633,38.89925,166,1167, , , ,A62207,0,1,0,0,0,A,0,A62207,496,0,3,6000978
-77.098605,38.899846,167,1168, , , ,A62208,0,1,0,0,0,A,0,A62208,498,0,3,6000977
-77.102741,38.900767,168,1169, , , ,A62209,0,1,0,0,0,A,0,A62209,500,0,3,6000976
-77.109075,38.902443,169,1170, , , ,A62210,0,1,0,0,0,A,1,A62210,404,1,3,6000975
-77.113213,38.901711,170,1171, , , ,A62211,0,1,0,0,0,A,0,A62211,409,0,3,6000966
-77.115429,38.900138,171,1172, , , ,A62212,0,1,0,0,0,A,0,A62212,410,0,3,6000973
-77.108153,38.887347,174,1175, , , ,A53002,0,1,0,0,0,A,0,A53002,431,1,3,6001184
-77.108176,38.88902,175,1176, , , ,A53003,0,1,0,0,0,A,0,A53003,429,0,3,6001183
-77.108041,38.890833,176,1177, , , ,A53004,0,1,0,0,0,A,0,A53004,427,0,3,6001182
-77.107581,38.892969,177,1178, , , ,A53005,0,1,0,0,0,A,0,A53005,426,0,3,6001181
-77.107593,38.895017,178,1179, , , ,A53006,0,1,0,0,0,A,0,A53006,423,0,3,6001180
-77.108141,38.896408,179,1180, , , ,A53007,0,1,0,0,0,A,0,A53007,419,1,3,6001179
-77.108658,38.897537,180,1181, , , ,A53008,0,1,0,0,0,A,1,A53008,418,0,3,6001163
-77.109126,38.90028,181,1182, , , ,A53009,0,1,0,0,0,A,0,A53009,421,0,3,6001177
-77.108913,38.9021,182,1183, , , ,A53010,0,1,0,0,0,A,1,A53010,406,0,3,6001192
-77.109597,38.905892,183,1184, , , ,A53012,0,1,0,0,0,A,0,A53012,401,0,3,6001174
-77.110474,38.907465,184,1185, , , ,A53013,0,1,0,0,0,A,0,A53013,398,1,3,6001172
-77.11112,38.908614,185,1186, , , ,A53014,0,1,0,0,0,A,0,A53014,396,0,3,6001171
-77.113113,38.910814,186,1187, , , ,A53015,0,1,0,0,0,A,0,A53015,395,0,3,6001170
-77.118902,38.91571,188,1189, , , ,A53017,0,1,0,0,0,A,0,A53017,391,0,3,6001029
-77.119696,38.919348,189,1190, , , ,A53018,0,1,0,0,0,A,0,A53018,388,0,3,6001030
-77.120509,38.92079,190,1191, , , ,A53019,0,1,0,0,0,A,0,A53019,387,0,3,6001165
-77.121449,38.923147,191,1192, , , ,A53020,0,1,0,0,0,A,0,A53020,385,0,3,6001118
-77.122448,38.92519,192,1193, , , ,A53021,0,1,0,0,0,A,0,A53021,383,0,3,6001074
-77.137258,38.915355,201,1202, , , ,A53030,0,1,0,0,0,A,0,A53030,366,1,3,6001104
-77.13942,38.909921,202,1203, , , ,A53032,0,1,0,0,0,A,1,A53032,361,0,3,6001105
-77.140491,38.909118,203,1204, , , ,A53033,0,1,0,0,0,A,0,A53033,359,0,3,6001107
-77.14379,38.908152,204,1205, , , ,A53034,0,1,0,0,0,A,0,A53034,358,0,3,6001108
-77.145719,38.90742,205,1206, , , ,A53035,0,1,0,0,0,A,0,A53035,356,0,3,6001110
-77.151036,38.905477,206,1207, , , ,A53036,0,1,0,0,0,A,0,A53036,354,0,3,6001111
-77.152772,38.904013,207,1208, , , ,A53037,0,1,0,0,0,A,0,A53037,352,0,3,6001112
-77.156964,38.899157,208,1209, , , ,A53039,0,1,0,0,0,A,0,A53039,350,0,3,6001113
-77.15732,38.897197,209,1210, , , ,A53040,0,1,0,0,0,A,0,A53040,348,0,3,6001114
-77.157677,38.894739,210,1211, , , ,A53041,0,1,0,0,0,A,0,A53041,502,0,3,6001115
-77.157485,38.894389,211,1212, , , ,A53204,0,1,0,0,0,A,0,A53204,503,0,3,6001119
-77.157143,38.896742,212,1213, , , ,A53205,0,1,0,0,0,A,0,A53205,347,0,3,6001162
-77.15679,38.898838,213,1214, , , ,A53206,0,1,0,0,0,A,0,A53206,349,0,3,6001147
-77.153139,38.903423,214,1215, , , ,A53208,0,1,0,0,0,A,0,A53208,351,0,3,6001133
-77.150758,38.905432,215,1216, , , ,A53209,0,1,0,0,0,A,0,A53209,353,0,3,6001149
-77.146046,38.907113,216,1217, , , ,A53210,0,1,0,0,0,A,0,A53210,355,0,3,6001150
-77.144067,38.907798,217,1218, , , ,A53211,0,1,0,0,0,A,0,A53211,357,0,3,6001151
-77.139943,38.909145,218,1219, , , ,A53212,0,1,0,0,0,A,0,A53212,360,0,3,6001152
-77.138299,38.912086,219,1220, , , ,A53214,0,1,0,0,0,A,0,A53214,363,0,3,6001154
-77.136996,38.915385,220,1221, , , ,A53215,0,1,0,0,0,A,0,A53215,365,1,3,6001155
-77.122597,38.925093,228,1229,14191, , ,A53226,1,1,0,0,0,MA,0,A53226,384,0,3,6000860
-77.121514,38.922923,229,1230,14193, , ,A53228,1,1,0,0,0,MA,0,A53228,386,0,3,6000862
-77.111436,38.908601,230,1231,14204, , ,A53235,1,1,0,0,0,MA,0,A53235,397,0,3,6000873
-77.109312,38.900239,231,1234,14207, , ,A53240,1,1,0,0,0,MA,0,A53240,422,0,3,6000876
-77.108885,38.897639,232,1235,14202, , ,A53241,1,1,0,0,0,MA,1,A53241,417,0,3,6000871
-77.108278,38.896239,233,1236, , , ,A53242,0,1,0,0,0,A,0,A53242,420,1,3,6000983
-77.108419,38.88909,237,1240, , , ,A53246,0,1,0,0,0,A,0,A53246,430,0,3,6000989
-77.108328,38.887475,238,1241, , , ,A53247,0,1,0,0,0,A,0,A53247,432,1,3,6000990
-77.076197,38.89629,241,1244, , , ,A61101,0,1,0,0,0,A,0,A61101,479,0,3,6001005
-77.07881,38.896137,242,1245, , , ,A61102,0,1,0,0,0,A,0,A61102,481,0,3,6001006
-77.081804,38.898246,243,1246, , , ,A61103,0,1,0,0,0,A,0,A61103,482,1,3,6001007
-77.083688,38.898085,244,1247, , , ,A61104,0,1,0,0,0,A,0,A61104,484,0,3,6001008
-77.086455,38.89691,245,1248, , , ,A61105,0,1,0,0,0,A,0,A61105,486,0,3,6000974
-77.079328,38.8917,246,1249, , , ,A61109,0,1,0,0,0,A,0,A61109,461,0,3,6000995
-77.076798,38.887693,247,1250, , , ,A61112,0,1,0,0,0,A,0,A61112,468,1,3,6000962
-77.071673,38.890165,248,1251, , , ,A61115,0,1,0,0,0,A,0,A61115,473,0,3,6000959
-77.074651,38.888061,249,1252, , , ,A61113,0,1,0,0,0,A,0,A61113,469,0,3,6000961
-77.073337,38.889522,250,1253, , , ,A61114,0,1,0,0,0,A,0,A61114,472,0,3,6000960
-77.073445,38.88933,252,1255, , , ,A61004,0,1,0,0,0,A,0,A61004,471,0,3,6000993
-77.075351,38.888089,253,1256, , , ,A61005,0,1,0,0,0,A,0,A61005,470,0,3,6000994
-77.076658,38.887704,254,1257, , , ,A61006,0,1,0,0,0,A,0,A61006,467,1,3,6001010
-77.077457,38.889502,255,1258, , , ,A61007,0,1,0,0,0,A,1,A61007,465,0,3,6000996
-77.078974,38.890313,256,1259, , , ,A61008,0,1,0,0,0,A,0,A61008,463,0,3,6000982
-77.07913,38.891724,257,1260, , , ,A61009,0,1,0,0,0,A,0,A61009,462,0,3,6000998
-77.086339,38.896848,258,1261, , , ,A61014,0,1,0,0,0,A,0,A61014,487,0,3,6001000
-77.083991,38.897949,259,1262, , , ,A61015,0,1,0,0,0,A,0,A61015,485,0,3,6001001
-77.078679,38.895996,260,1263, , , ,A61017,0,1,0,0,0,A,0,A61017,480,0,3,6001003
-77.076074,38.896151,261,1264, , , ,A61018,0,1,0,0,0,A,0,A61018,478,0,3,6001004
-77.081567,38.898161,262,1265, , , ,A61016,0,1,0,0,0,A,0,A61016,483,1,3,6001002
-77.071644,38.890255,263,1266, , , ,A61003,0,1,0,0,0,A,0,A61003,474,0,3,6000992
-77.084661,38.85736,272,1276, , , ,A74017,0,1,0,0,0,A,0,A74017,204,0,3,6001067
-77.081827,38.858032,273,1277, , , ,A74018,0,1,0,0,0,A,0,A74018,202,1,3,6001066
-77.082639,38.859068,274,1278, , , ,A74019,0,1,0,0,0,A,0,A74019,201,0,3,6001057
-77.127665,38.874969,276,1280, , , ,A75009,0,1,0,0,0,A,0,A75009,315,0,3,6001062
-77.128323,38.870812,277,1281, , , ,A75011,0,1,0,0,0,A,0,A75011,311,1,3,6001060
-77.12555,38.857143,278,1282, , , ,A75015,0,1,0,0,0,A,0,A75015,300,0,3,6001058
-77.115022,38.853942,279,1283, , , ,A75017,0,1,0,0,0,A,0,A75017,232,0,3,6001040
-77.114671,38.851701,280,1284, , , ,A75018,0,1,0,0,0,A,0,A75018,230,0,3,6001025
-77.114063,38.850184,281,1285, , , ,A75019,0,1,0,0,0,A,0,A75019,228,0,3,6001056
-77.112799,38.848655,282,1286, , , ,A75020,0,1,0,0,0,A,1,A75020,226,0,3,6001013
-77.109287,38.845879,283,1287, , , ,A75101,0,1,0,0,0,A,0,A75101,545,1,3,6001014
-77.112815,38.848797,284,1288, , , ,A75102,0,1,0,0,0,A,1,A75102,225,0,3,6001015
-77.11383,38.849968,285,1289, , , ,A75103,0,1,0,0,0,A,0,A75103,227,0,3,6001016
-77.114404,38.851403,286,1290, , , ,A75104,0,1,0,0,0,A,0,A75104,229,0,3,6001017
-77.114878,38.85382,287,1291, , , ,A75105,0,1,0,0,0,A,0,A75105,231,0,3,6001018
-77.117268,38.859914,289,1293, , , ,A75110,0,1,0,0,0,A,0,A75110,293,0,3,6001035
-77.118613,38.858958,290,1294, , , ,A75111,0,1,0,0,0,A,0,A75111,295,0,3,6001026
-77.125586,38.857293,291,1295, , , ,A75113,0,1,0,0,0,A,0,A75113,301,0,3,6001021
-77.128187,38.870884,292,1296, , , ,A75119,0,1,0,0,0,A,0,A75119,310,1,3,6001022
-77.129518,38.87335,293,1297, , , ,A75120,0,1,0,0,0,A,0,A75120,312,0,3,6001023
-77.129614,38.873469,294,1298, , , ,A75010,0,1,0,0,0,A,0,A75010,313,0,3,6001061
-77.127679,38.875322,295,1299, , , ,A75121,0,1,0,0,0,A,0,A75121,314,0,3,6001024
-77.07345,38.86406,296,1301, , , ,A73202,0,1,0,0,0,A,0,A73202,188,0,3,6001009
-77.08262,38.858872,299,1304, , , ,A73227,0,1,0,0,0,A,0,A73227,200,0,3,6001052
-77.08195,38.857938,300,1305, , , ,A73208,0,1,0,0,0,A,0,A73208,203,1,3,6001048
-77.084889,38.857428,301,1306, , , ,A73209,0,1,0,0,0,A,0,A73209,205,0,3,6001049
-77.087977,38.856646,302,1307, , , ,A74016,0,1,0,0,0,A,1,A74016,207,0,3,6001068
-77.082994,38.860955,303,1308, , , ,A73022,0,1,0,0,0,A,0,A73022,198,0,3,6001071
-77.083979,38.862734,304,1309, , , ,A73226,0,1,0,0,0,A,1,A73226,197,0,3,6001051
-77.083178,38.86096,305,1310, , , ,A73207,0,1,0,0,0,A,0,A73207,199,0,3,6001047
-77.091479,38.855477,306,1311, , , ,A74024,0,1,0,0,0,A,0,A74024,554,1,3,6001064
-77.074664,38.863526,307,1312, , , ,A73205,0,1,0,0,0,A,0,A73205,186,1,3,6001046
-77.108339,38.902644,312,2092, , , ,A53011,0,1,0,0,0,A,0,A53011,885,0,3,6001175
-77.120202,38.857865,314,1327, , , ,A75112,0,1,0,0,0,A,0,A75112,299,0,3,6001098
-77.086353,38.835707,371,1385,12278,13774,13774, ,1,0,0,0,0,M,0, ,0,0,3,6000786
-77.071895,38.855815,372,1386,3068,10884,10884,A87222,0,1,0,0,0,A,0,A87222,979,0,3,6000164
-77.088612,38.833444,383,1397,1979,14008,14008, ,1,0,0,0,0,M,0, ,0,0,3,6000014
-77.065266,38.865555,384,1398,3668,10880,10880,A87001,0,1,0,0,0,A,0,A87001,941,0,3,6000279
-77.072161,38.855631,385,1399,3050,10885,10885,A87004,0,1,0,0,0,A,0,A87004,945,0,3,6000159
-77.091902,38.83216,396,1410,1910,14102,14102, ,1,0,0,0,1,MS,0, ,0,0,3,6000009
-77.156527,38.889861,399,1413,5098,13917,13917,A52027,1,1,0,0,0,MA,0,A52027,136,1,3,6000646
-77.145976,38.876157,418,1432,4234,13009,13009, ,1,0,0,0,0,M,0, ,0,0,3,6000433
-77.14622,38.876145,419,1433,4235,13010,13010, ,1,0,0,0,0,M,0, ,0,0,3,6000434
-77.053258,38.853963,427,1441,2965,11691,11691, ,1,0,0,0,0,M,0, ,0,0,3,6000146
-77.053041,38.855998,431,1445,3083,11689,11689, ,1,0,0,0,0,M,0, ,0,0,3,6000171
-77.053647,38.860775,432,1446,3371,11685,11685, ,1,0,0,0,0,M,0, ,0,0,3,6000226
-77.054059,38.86272,446,1460,3504,11683,11683, ,1,0,0,0,0,M,0, ,0,0,3,6000244
-77.05524,38.865113,447,1461,3625,10871,10871,A42202,1,1,0,0,0,MA,0,A42202,825,0,3,6000268
-77.062242,38.866038,448,1462,3696,10877,10877,A42205,1,1,0,0,0,MA,0,A42205,822,0,3,6000283
-77.06002,38.865776,452,1466,3680,10875,10875,A42204,1,1,0,0,1,MAS,0,A42204,880,1,3,6000281
-77.0856,38.836258,453,1467,2118,13771,13771, ,1,0,0,0,1,MS,0, ,0,0,3,6000018
-77.097314,38.868527,474,1488,3815,10112,10112, ,1,0,0,0,0,M,0, ,0,0,3,6000318
-77.073048,38.854269,478,1492,2985,10887,10887,A87005,0,1,0,0,0,A,0,A87005,946,0,3,6000148
-77.086693,38.834347,479,1493,2015,13775,13775, ,1,0,0,0,0,M,0, ,0,0,3,6000017
-77.087359,38.829386,480,1494,1786,13781,13781, ,1,0,0,0,0,M,0, ,0,0,3,6000001
-77.129439,38.904724,481,1495,6180,13122,13122, ,1,0,0,0,0,M,0, ,0,0,3,6000765
-77.131011,38.905395,482,1496,6236,13123,13123, ,1,0,0,0,0,M,0, ,0,0,3,6000766
-77.067337,38.859956,483,1497,3329,10857,10857, ,1,0,0,0,0,M,0, ,0,0,3,6000216
-77.068342,38.856905,484,1498,3136,10860,10860, ,1,0,0,0,0,M,0, ,0,0,3,6000181
-77.088781,38.833407,485,1499,1977,14009,14009, ,1,0,0,0,0,M,0, ,0,0,3,6000013
-77.068232,38.853518,486,1500,2938,10864,10864, ,1,0,0,0,0,M,0, ,0,0,3,6000139
-77.067092,38.847925,487,1501,2674,10867,10867, ,1,0,0,0,0,M,0, ,0,0,3,6000084
-77.064816,38.845213,488,1502,2524,12970,12970, ,1,0,0,0,1,MS,0, ,0,0,3,6000061
-77.06514,38.845528,489,1503,2550,10868,10868, ,1,0,0,0,0,M,0, ,0,0,3,6000067
-77.067076,38.861079,490,1504,3398,10856,10856, ,1,0,0,0,0,M,0, ,0,0,3,6000230
-77.065122,38.845903,493,1507,2566,10869,10869, ,1,0,0,0,0,M,0, ,0,0,3,6000071
-77.072933,38.862303,297,1302, , , ,A73203,0,1,0,0,0,A,0,A73203,193,0,3,6001044
-77.074325,38.862134,298,1303, , , ,A73204,0,1,0,0,0,A,0,A73204,190,0,3,6001045
-77.118416,38.855613,149,1149, , , ,A41228,0,1,0,0,0,A,0,A41228,239,0,3,6001099
-77.108203,38.890965,236,1239, , , ,A53245,0,1,0,0,0,A,0,A53245,428,0,3,6000988
-77.107763,38.893555,235,1238, , , ,A53244,0,1,0,0,0,A,0,A53244,425,0,3,6000985
-77.107772,38.894809,234,1237, , , ,A53243,0,1,0,0,0,A,0,A53243,424,0,3,6000984
-77.107739,38.883661,103,1102, , , ,A52001,0,1,0,0,0,A,0,A52001,111,0,3,6001116
-77.107938,38.883424,142,1139, , , ,A52226,0,1,0,0,0,A,0,A52226,163,0,3,6001186
-77.109243,38.880622,63,1063,4500,13499,13499, ,1,0,0,0,0,M,0, ,0,0,3,6000511
-77.145312,38.877504,420,1434,4318,13011,13011, ,1,0,0,0,0,M,0, ,0,0,3,6000452
-77.14559,38.87777,421,1435,4333,13012,13012, ,1,0,0,0,0,M,0, ,0,0,3,6000457
-77.145738,38.879432,422,1436,4431,13013,13013, ,1,0,0,0,0,M,0, ,0,0,3,6000486
-77.145863,38.879232,423,1437,4417,13014,13014, ,1,0,0,0,0,M,0, ,0,0,3,6000485
-77.143336,38.879567,414,1428,4437,10266,10266, ,1,0,0,0,0,M,0, ,0,0,3,6000488
-77.142751,38.879675,413,1427,4445,10265,10265, ,1,0,0,0,0,M,0, ,0,0,3,6000490
-77.140827,38.878966,411,1425,4396,10264,10264, ,1,0,0,0,0,M,0, ,0,0,3,6000474
-77.140447,38.87875,410,1424,4373,10263,10263, ,1,0,0,0,0,M,0, ,0,0,3,6000469
-77.139458,38.877896,409,1423,4338,10262,10262, ,1,0,0,0,0,M,0, ,0,0,3,6000459
-77.139351,38.87767,417,1431,4327,12874,12874, ,1,0,0,0,0,M,0, ,0,0,3,6000455
-77.140503,38.875617,415,1429,4200,12872,12872, ,1,0,0,0,0,M,0, ,0,0,3,6000424
-77.140495,38.875316,416,1430,4179,12873,12873, ,1,0,0,0,0,M,0, ,0,0,3,6000418
-77.155568,38.900919,116,1115, , , ,A52020,0,1,0,0,0,A,0,A52020,130,0,3,6001122
-77.119339,38.88937,101,1099, , , ,A51214,0,1,0,0,0,A,0,A51214,105,1,3,6001075
-77.120744,38.889093,100,1098, , , ,A51213,0,1,0,0,0,A,0,A51213,104,0,3,6001076
-77.12223,38.88889,85,1083, , , ,A51007,0,1,0,0,0,A,0,A51007,89,0,3,6001090
-77.122522,38.888731,99,1097, , , ,A51212,0,1,0,0,0,A,0,A51212,103,0,3,6001077
-77.125116,38.888308,86,1084, , , ,A51008,0,1,0,0,0,A,0,A51008,90,0,3,6001089
-77.125539,38.888146,98,1096, , , ,A51211,0,1,0,0,0,A,0,A51211,102,0,3,6001078
-77.096451,38.853797,269,1273, , , ,A74011,0,1,0,0,0,A,0,A74011,214,0,3,6001063
-77.093951,38.855031,268,1272, , , ,A74010,0,1,0,0,0,A,0,A74010,213,0,3,6001055
-77.115241,38.913048,187,1188, , , ,A53016,0,1,0,0,0,A,0,A53016,392,0,3,6001169
-77.157041,38.899898,129,1126, , , ,A52208,0,1,0,0,1,AS,0,A52208,146,0,3,6001140
-77.067232,38.848434,494,1508,2696,10866,10866, ,1,0,0,0,0,M,0, ,0,0,3,6000088
-77.068483,38.852773,495,1509,2886,10865,10865, ,1,0,0,0,0,M,0, ,0,0,3,6000118
-77.067142,38.853218,497,1511,2911,10315,10315, ,1,0,0,0,0,M,0, ,0,0,3,6000125
-77.064757,38.853152,498,1512,2905,10313,10313, ,1,0,0,0,0,M,0, ,0,0,3,6000123
-77.063352,38.853133,499,1513,2904,10311,10311, ,1,0,0,0,1,MS,0, ,0,0,3,6000122
-77.057443,38.853353,500,1514,2928,10304,10304, ,1,0,0,0,0,M,0, ,0,0,3,6000135
-77.061508,38.853196,501,1515,2912,10309,10309, ,1,0,0,0,0,M,0, ,0,0,3,6000126
-77.059256,38.85334,502,1516,2925,10306,10306, ,1,0,0,0,0,M,0, ,0,0,3,6000133
-77.059619,38.853235,503,1517,2922,10307,10307, ,1,0,0,0,0,M,0, ,0,0,3,6000131
-77.068386,38.85523,505,1519,3036,10861,10861, ,1,0,0,0,0,M,0, ,0,0,3,6000157
-77.065271,38.865353,506,1520,3656,10879,10879,A87225,0,1,0,0,0,A,0,A87225,982,1,3,6000275
-77.068257,38.85502,507,1521,3022,10862,10862, ,1,0,0,0,0,M,0, ,0,0,3,6000154
-77.064922,38.85324,508,1522,2915,10312,10312, ,1,0,0,0,0,M,0, ,0,0,3,6000128
-77.066965,38.861006,509,1523,3391,10855,10855, ,1,0,0,0,0,M,0, ,0,0,3,6000229
-77.062851,38.853286,510,1524,2919,10310,10310, ,1,0,0,0,0,M,0, ,0,0,3,6000129
-77.061149,38.853313,511,1525,2921,10308,10308, ,1,0,0,0,0,M,0, ,0,0,3,6000130
-77.057706,38.853228,512,1526,2924,10305,10305, ,1,0,0,0,1,MS,0, ,0,0,3,6000132
-77.055135,38.853404,513,1527,2934,10302,10302, ,1,0,0,0,0,M,0, ,0,0,3,6000138
-77.055463,38.853283,514,1528,2929,10303,10303, ,1,0,0,0,0,M,0, ,0,0,3,6000136
-77.067452,38.853108,515,1529,2901,10314,10314, ,1,0,0,0,0,M,0, ,0,0,3,6000121
-77.073816,38.852996,516,1530,2893,10888,10888,A87220,0,1,0,0,0,A,0,A87220,977,0,3,6000120
-77.05632,38.865249,517,1531,3641,10873,10873,A42203,1,1,0,0,0,MA,0,A42203,566,0,3,6000272
-77.072738,38.854408,518,1532,2991,10886,10886,A87221,0,1,0,0,0,A,0,A87221,978,0,3,6000150
-77.053531,38.853934,521,1535,2967,11692,11692, ,1,0,0,0,0,M,0, ,0,0,3,6000147
-77.053342,38.855838,522,1536,3076,11690,11690, ,1,0,0,0,0,M,0, ,0,0,3,6000168
-77.058974,38.865335,523,1537,3649,10876,10876,A42025,1,1,0,0,0,MA,0,A42025,565,1,3,6000273
-77.086882,38.829606,524,1538,1791,13782,13782, ,1,0,0,0,0,M,0, ,0,0,3,6000002
-77.089146,38.831385,526,1540,1855,14010,14010, ,1,0,0,0,0,M,0, ,0,0,3,6000007
-77.063346,38.861525,528,1542,3430,10275,10275, ,1,0,0,0,0,M,0, ,0,0,3,6000235
-77.092022,38.832295,529,1543,1916,14103,14103, ,1,0,0,0,0,M,0, ,0,0,3,6000010
-77.074837,38.851508,530,1544,2824,10890,10890,A87219,0,1,0,0,1,AS,0,A87219,976,0,3,6000107
-77.065037,38.864427,531,1545,3592,12878,12878, ,1,0,0,0,0,M,0, ,0,0,3,6000260
-77.064853,38.864497,533,1547,3596,12879,12879, ,1,0,0,0,0,M,0, ,0,0,3,6000262
-77.112676,38.876924,538,1552,4297,11286,11286, ,1,0,0,0,0,M,0, ,0,0,3,6000444
-77.069391,38.845883,539,1553,2569,12912,12912, ,1,0,0,0,1,MS,0, ,0,0,3,6000072
-77.069828,38.845367,541,1555,2537,12911,12911, ,1,0,0,0,0,M,0, ,0,0,3,6000063
-77.086954,38.833193,542,1556,1970,13777,13777, ,1,0,0,0,0,M,0, ,0,0,3,6000011
-77.114491,38.876102,545,1559,4232,11288,11288, ,1,0,0,0,0,M,0, ,0,0,3,6000432
-77.086924,38.833352,546,1560,1972,13778,13778, ,1,0,0,0,0,M,0, ,0,0,3,6000012
-77.126945,38.858588,552,1566,3246,11309,11309, ,1,0,0,0,0,M,0, ,0,0,3,6000193
-77.095968,38.837102,556,1570,2169,10340,10340, ,1,0,0,0,1,MS,0, ,0,0,3,6000021
-77.12374,38.855529,558,1572,3051,11313,11313, ,1,0,0,0,0,M,0, ,0,0,3,6000160
-77.123898,38.855853,559,1573,3075,11314,11314, ,1,0,0,0,0,M,0, ,0,0,3,6000167
-77.089232,38.831649,561,1575,1878,14011,14011, ,1,0,0,0,1,MS,0, ,0,0,3,6000008
-77.093786,38.837745,563,1577,2199,10338,10338, ,1,0,0,0,1,MS,0, ,0,0,3,6000025
-77.128625,38.865462,564,1578,3664,11302,11302, ,1,0,0,0,0,M,0, ,0,0,3,6000277
-77.12896,38.863807,565,1579,3554,11304,11304,A75013,1,1,0,0,0,MA,0,A75013,307,0,3,6000255
-77.089458,38.829985,568,1582,1801,10342,10342, ,1,0,0,0,0,M,0, ,0,0,3,6000003
-77.11733,38.85977,569,1583,3325,10253,10253,A41232,1,1,0,0,0,MA,0,A41232,294,0,3,6000215
-77.08657,38.831207,573,1587,1848,13779,13779, ,1,0,0,0,0,M,0, ,0,0,3,6000006
-77.111809,38.871663,575,1589,3975,12313,12313, ,1,0,0,0,0,M,0, ,0,0,3,6000359
-77.11144,38.872779,576,1590,4026,12312,12312, ,1,0,0,0,0,M,0, ,0,0,3,6000371
-77.091346,38.833956,588,1602,1996,14101,14101, ,1,0,0,0,1,MS,0, ,0,0,3,6000015
-77.072071,38.893301,592,1606,5320,11862,11862, ,1,0,0,0,0,M,0, ,0,0,3,6000683
-77.088183,38.887379,593,1607,4890,10962,10962, ,1,0,0,0,0,M,0, ,0,0,3,6000613
-77.087632,38.88312,594,1608,4617,10959,10959,A45028,1,1,0,0,0,MA,0,A45028,1147,0,3,6000541
-77.08739,38.880906,595,1609,4510,10957,10957,A45027,1,1,0,0,0,MA,0,A45027,1146,0,3,6000515
-77.088505,38.888266,596,1610,4973,10963,10963, ,1,0,0,0,0,M,0, ,0,0,3,6000628
-77.087484,38.882854,597,1611,4598,10958,10958,A45025,1,1,0,0,0,MA,0,A45025,1144,0,3,6000535
-77.086443,38.830984,598,1613,1835,13780,13780, ,1,0,0,0,1,MS,0, ,0,0,3,6000005
-77.089752,38.830184,602,1617,1812,10343,10343, ,1,0,0,0,1,MS,0, ,0,0,3,6000004
-77.090903,38.837755,607,1622,2197,10339,10339, ,1,0,0,0,0,M,0, ,0,0,3,6000024
-77.120142,38.85281,609,1624,2888,12482,12482, ,1,0,0,0,0,M,0, ,0,0,3,6000119
-77.09551,38.837453,617,1632,2180,10341,10341, ,1,0,0,0,0,M,0, ,0,0,3,6000022
-77.072817,38.847572,619,1634,2651,10326,10326,A87214,1,1,0,0,1,MAS,0,A87214,970,0,3,6000079
-77.074182,38.848758,620,1635,2713,10324,10324,A87215,1,1,0,0,1,MAS,0,A87215,971,0,3,6000093
-77.07054,38.846462,624,1639,2597,10329,10329,A87013,1,1,0,0,0,MA,0,A87013,955,0,3,6000073
-77.051145,38.859694,625,1640,3310,11397,11397, ,1,0,0,0,0,M,0, ,0,0,3,6000209
-77.052992,38.857789,627,1642,3207,11687,11687, ,1,0,0,0,0,M,0, ,0,0,3,6000187
-77.053286,38.857895,628,1643,3214,11688,11688, ,1,0,0,0,0,M,0, ,0,0,3,6000190
-77.091021,38.837578,642,1657,2192,10335,10335, ,1,0,0,0,1,MS,0, ,0,0,3,6000023
-77.091373,38.880441,648,1663,4489,13329,13329, ,1,0,0,0,0,M,0, ,0,0,3,6000508
-77.09162,38.880161,650,1665,4480,13330,13330, ,1,0,0,0,0,M,0, ,0,0,3,6000505
-77.089049,38.838408,655,1670,2231,10336,10336, ,1,0,0,0,0,M,0, ,0,0,3,
-77.092596,38.837746,663,1678,2201,10337,10337, ,1,0,0,0,0,M,0, ,0,0,3,6000026
-77.051832,38.852388,665,1680,14287,14287,14287, ,1,0,0,0,0,M,0, ,0,0,3,6000893
-77.088429,38.889467,670,1686,5045,10964,10964, ,1,0,0,0,0,M,0, ,0,0,3,6000640
-77.088672,38.889744,673,1689,5070,10965,10965, ,1,0,0,0,0,M,0, ,0,0,3,6000641
-77.104038,38.840013,674,1690,2293,11540,11540, ,1,0,0,0,0,M,0, ,0,0,3,
-77.103746,38.840035,677,1693,2292,11541,11541, ,1,0,0,0,0,M,0, ,0,0,3,6000036
-77.100793,38.839395,679,1695,2274,10332,10332, ,1,0,0,0,1,MS,0, ,0,0,3,6000035
-77.100157,38.839198,681,1697,2259,11204,11204, ,1,0,0,0,0,M,0, ,0,0,3,6000033
-77.098905,38.837857,683,1699,2211,11205,11205, ,1,0,0,0,0,M,0, ,0,0,3,6000029
-77.098937,38.838059,688,1704,2215,11206,11206, ,1,0,0,0,0,M,0, ,0,0,3,6000030
-77.097318,38.83677,689,1705,2147,11207,11207, ,1,0,0,0,0,M,0, ,0,0,3,6000019
-77.097321,38.836923,692,1708,2158,11208,11208, ,1,0,0,0,0,M,0, ,0,0,3,6000020
-77.050547,38.856135,717,1733,14301, , , ,1,0,0,0,0,M,0, ,0,0,3,6000900
-77.166798,38.893922,718,1734,5374, ,14290, ,1,0,0,0,0,M,0, ,0,0,3,6000691
-77.167007,38.894104,719,1735,5389, ,14291, ,1,0,0,0,0,M,0, ,0,0,3,6000694
-77.075577,38.84772,726,1742,14064, , ,A87217,1,1,0,0,1,MAS,0,A87217,973,0,3,6000807
-77.071211,38.846836,729,1745,2611, , ,A87213,1,1,0,0,1,MAS,0,A87213,969,0,3,6000074
-77.091014,38.834354,730,1746,14344, , , ,1,0,0,0,0,M,0, ,0,0,3,6000914
-77.091515,38.833964,731,1747,14351, , , ,1,0,0,0,0,M,0, ,0,0,3,6000919
-77.077654,38.846894,732,1748,14337, , ,A87018,0,1,0,0,0,A,0,A87018,950,0,3,6000908
-77.077021,38.845959,733,1749,14066,10651, , ,1,0,0,0,1,MS,0, ,0,0,3,6000808
-77.077247,38.846522,735,1751,14339, , ,A87218,0,1,0,0,0,A,0,A87218,974,0,3,6000910
-77.083967,38.879049,736,1752,4407, ,10766, ,1,0,0,0,0,M,0, ,0,0,3,6000481
-77.082629,38.887011,740,1756,4865, ,10761, ,1,0,0,0,0,M,0, ,0,0,3,6000607
-77.084201,38.886106,743,1759,4818, ,10762, ,1,0,0,0,0,M,0, ,0,0,3,6000597
-77.09092,38.873218,747,1763,4069, ,10771, ,1,0,0,0,0,M,0, ,0,0,3,6000382
-77.092013,38.872683,752,1768,4034,10773,10773, ,1,0,0,0,1,MS,0, ,0,0,3,6000374
-77.092996,38.872716,753,1769,4030, ,10774, ,1,0,0,0,0,M,0, ,0,0,3,6000372
-77.115423,38.867101,761,1777,3751, ,10788, ,1,0,0,0,0,M,0, ,0,0,3,6000301
-77.109843,38.868497,762,1778,3807, , , ,1,0,0,0,0,M,0, ,0,0,3,6000316
-77.084057,38.881668,763,1779,4547,10764, , ,1,0,0,0,1,MS,0, ,0,0,3,6000522
-77.084301,38.8806,764,1780,4497, ,10764, ,1,0,0,0,0,M,0, ,0,0,3,6000509
-77.084627,38.882132,765,1781,4567, ,10763, ,1,0,0,0,0,M,0, ,0,0,3,6000529
-77.078983,38.8891,769,1785,5010, ,10760, ,1,0,0,0,0,M,0, ,0,0,3,6000635
-77.071937,38.891206,775,1791,5172, ,10754, ,1,0,0,0,0,M,0, ,0,0,3,6000655
-77.07813,38.889875,778,1794,5088, ,10759, ,1,0,0,0,0,M,0, ,0,0,3,6000644
-77.104673,38.869945,780,1796,3884, ,10781, ,1,0,0,0,0,M,0, ,0,0,3,6000339
-77.077375,38.848127,785,1801,14340, , ,A87226,0,1,0,0,1,AS,0,A87226,975,0,3,6000911
-77.067668,38.86383,786,1802,3553, ,10881,A87224,0,1,0,0,1,AS,0,A87224,981,0,3,6000254
-77.067852,38.863886,787,1803,3556, ,10882,A87002,0,1,0,0,0,A,0,A87002,942,0,3,6000256
-77.061811,38.865699,788,1804,14057, , ,A42024,1,1,0,0,0,MA,0,A42024,823,0,3,6000803
-77.125573,38.856953,800,1816,3137, ,11312, ,1,0,0,0,0,M,0, ,0,0,3,6000182
-77.052256,38.853763,829,1845,2955, ,10003, ,1,0,0,0,0,M,0, ,0,0,3,6000144
-77.064155,38.869188,830,1846,3853, ,12521,A42023,1,1,0,0,0,MA,0,A42023,821,0,3,6000328
-77.063995,38.869396,831,1847,3858, ,12522,A42206,1,1,0,0,0,MA,0,A42206,820,0,3,6000331
-77.063402,38.864448,832,1848,14055, , , ,1,0,0,0,0,M,0, ,0,0,3,6000801
-77.063357,38.863592,833,1849,14056, , , ,1,0,0,0,0,M,0, ,0,0,3,6000802
-77.064224,38.884301,836,1852,12086, , , ,1,0,0,0,0,M,0, ,0,0,3,6000783
-77.062644,38.884642,837,1853,4703, ,12914, ,1,0,0,0,0,M,0, ,0,0,3,6000557
-77.122072,38.924046,838,1854,14192, , ,A53227,1,1,0,0,0,MA,0,A53227,805,0,3,6000861
-77.120719,38.920952,839,1855,14203, , ,A53230,1,1,0,0,0,MA,0,A53230,807,0,3,6000872
-77.109215,38.902061,841,1857,14206, , ,A53239,1,1,0,0,0,MA,1,A53239,405,0,3,6000875
-77.110815,38.90773,842,1858,14200, , ,A53236,1,1,0,0,0,MA,0,A53236,399,1,3,6000869
-77.108297,38.903537,843,1859,14205, , ,A53238,1,1,0,0,0,MA,0,A53238,402,0,3,6000874
-77.110311,38.906584,844,1860,14201, , ,A53237,1,1,0,0,0,MA,0,A53237,400,0,3,6000870
-77.115619,38.913071,845,1861,14198, , ,A53233,1,1,0,0,0,MA,0,A53233,393,0,3,6000867
-77.119125,38.916194,846,1862,14197, , ,A53232,1,1,0,0,0,MA,0,A53232,390,0,3,6000866
-77.119995,38.919557,847,1863,14195, , ,A53231,1,1,0,0,0,MA,0,A53231,389,0,3,6000864
-77.1192,38.917626,848,1864,14196, , ,A53249,1,1,0,0,0,MA,0,A53249,809,0,3,6000865
-77.121085,38.922154,849,1865,14194, , ,A53229,1,1,0,0,0,MA,0,A53229,806,0,3,6000863
-77.073077,38.895598,884,1901,5499, ,13015, ,1,0,0,0,0,M,0, ,0,0,3,6000712
-77.119399,38.897796,888,1905,14584, , , ,1,0,0,0,0,M,0, ,0,0,3,6000936
-77.042842,38.852228,889,1906,14546, , , ,1,0,0,0,0,M,0, ,0,0,3,6000932
-77.14234,38.911771,890,1907,6622, ,13132, ,1,0,0,0,0,M,0, ,0,0,3,6000775
-77.141586,38.911334,891,1908,6597, ,13131, ,1,0,0,0,0,M,0, ,0,0,3,6000774
-77.074274,38.848582,621,1636,2709,10325,10325,A87011,1,1,0,0,0,MA,0,A87011,953,0,3,6000092
-77.072249,38.847118,623,1638,2628,10327,10327,A87012,1,1,0,0,0,MA,0,A87012,954,0,3,6000077
-77.069235,38.859605,496,1510,3312,15005,15005,A87003,0,1,0,0,0,A,0,A87003,943,0,3,6000210
-77.069467,38.858913,504,1518,3258,10883,10883,A87223,0,1,0,0,0,A,0,A87223,980,0,3,6000195
-77.06985,38.858724,783,1799,3260, ,155,A87019,0,1,0,0,0,A,0,A87019,944,0,3,6000196
-77.11382,38.858569,809,1825, , , ,A41233,0,1,0,0,0,A,0,A41233,292,0,3,6001097
-77.127261,38.868525,555,1569,3803,11300,11300, ,1,0,0,0,0,M,0, ,0,0,3,6000315
-77.125139,38.870669,560,1574,3928,11297,11297, ,1,0,0,0,0,M,0, ,0,0,3,6000348
-77.125371,38.870708,798,1814,3930, , , ,1,0,0,0,0,M,0, ,0,0,3,6000349
-77.124221,38.871587,554,1568,3971,11296,11296, ,1,0,0,0,0,M,0, ,0,0,3,6000358
-77.123654,38.871595,553,1567,3969,11295,11295, ,1,0,0,0,0,M,0, ,0,0,3,6000357
-77.113443,38.876476,799,1815,14466, , , ,1,0,0,0,0,M,0, ,0,0,3,6000927
-77.114789,38.875882,547,1561,4219,11289,11289, ,1,0,0,0,0,M,0, ,0,0,3,6000430
-77.118555,38.87353,551,1565,4090,11290,11290, ,1,0,0,0,0,M,0, ,0,0,3,6000388
-77.118754,38.873287,550,1564,4076,11291,11291, ,1,0,0,0,0,M,0, ,0,0,3,6000383
-77.119871,38.873096,548,1562,4061,11292,11292, ,1,0,0,0,0,M,0, ,0,0,3,6000380
-77.121585,38.872312,537,1551,4010,11293,11293, ,1,0,0,0,0,M,0, ,0,0,3,6000368
-77.12206,38.872336,549,1563,4012,11294,11294, ,1,0,0,0,0,M,0, ,0,0,3,6000369
-77.137335,38.866022,759,1775,3698,10798,10799, ,1,0,0,0,1,MS,0, ,0,0,3,6001194
-77.137726,38.866255,758,1774,3706, ,10798, ,1,0,0,0,0,M,0, ,0,0,3,6001193
-77.134474,38.866102,756,1772,3703,10797,10797, ,1,0,0,0,1,MS,0, ,0,0,3,6000285
-77.133898,38.866407,757,1773,3714, ,10796, ,1,0,0,0,0,M,0, ,0,0,3,6000287
-77.128693,38.866133,781,1797,3707,10794,10794, ,1,0,0,0,1,MS,0, ,0,0,3,6000286
-77.128005,38.866678,771,1787,3729, ,10795, ,1,0,0,0,0,M,0, ,0,0,3,6000293
-77.122696,38.866678,749,1765,3726, ,10793, ,1,0,0,0,0,M,0, ,0,0,3,6000290
-77.120709,38.866527,741,1757,3730,10792,10792, ,1,0,0,0,1,MS,0, ,0,0,3,6000294
-77.120235,38.866779,742,1758,3732, ,10791, ,1,0,0,0,0,M,0, ,0,0,3,6000296
-77.119104,38.866558,739,1755,3728,10790,10790, ,1,0,0,0,1,MS,0, ,0,0,3,6000292
-77.115381,38.866822,760,1776,3746,10789,10789, ,1,0,0,0,1,MS,0, ,0,0,3,6000299
-77.115988,38.867073,581,1595,3753,13242,13242, ,1,0,0,0,1,MS,0, ,0,0,3,6000302
-77.11297,38.867405,750,1766,3770,10787,10787, ,1,0,0,0,1,MS,0, ,0,0,3,6000307
-77.112719,38.867762,751,1767,3781, ,10786, ,1,0,0,0,0,M,0, ,0,0,3,6000311
-77.110362,38.868079,766,1782,3797,10785,10785, ,1,0,0,0,1,MS,0, ,0,0,3,6000313
-77.104079,38.869586,770,1786,3870, ,10782, ,1,0,0,0,1,MS,0, ,0,0,3,6000333
-77.099286,38.87088,748,1764,3936, ,10780, ,1,0,0,0,0,M,0, ,0,0,3,6000351
-77.099284,38.871124,767,1783,3942, ,10779, ,1,0,0,0,0,M,0, ,0,0,3,6000353
-77.096797,38.87173,738,1754,3979, ,10777, ,1,0,0,0,0,M,0, ,0,0,3,6000360
-77.095493,38.872063,755,1771,3993, ,10776, ,1,0,0,0,0,M,0, ,0,0,3,6000365
-77.091075,38.872951,746,1762,4049, ,10772, ,1,0,0,0,0,M,0, ,0,0,3,6000376
-77.089323,38.873653,745,1761,4098,10769,10769, ,1,0,0,0,1,MS,0, ,0,0,3,6000392
-77.088729,38.873487,744,1760,4087,10770,10770, ,1,0,0,0,1,MS,0, ,0,0,3,6000387
-77.08571,38.87427,768,1784,4137,10768,10768, ,1,0,0,0,1,MS,0, ,0,0,3,6000406
-77.090281,38.880902,634,1649,4506,13327,13327, ,1,0,0,0,0,M,0, ,0,0,3,6000514
-77.090733,38.880592,640,1655,4501,13328,13328, ,1,0,0,0,0,M,0, ,0,0,3,6000512
-77.093047,38.879666,604,1619,4448,13331,13331, ,1,0,0,0,0,M,0, ,0,0,3,6000492
-77.095754,38.878385,572,1586,4357,14973,14973, ,1,0,0,0,0,M,0, ,0,0,3,6000464
-77.095973,38.878108,599,1614,4344,13333,13333, ,1,0,0,0,0,M,0, ,0,0,3,6000462
-77.097718,38.877435,605,1620,4317,13334,13334, ,1,0,0,0,0,M,0, ,0,0,3,6000451
-77.098534,38.876912,600,1615,4299,13335,13335, ,1,0,0,0,0,M,0, ,0,0,3,6000446
-77.100862,38.875933,601,1616,4222,13336,13336, ,1,0,0,0,0,M,0, ,0,0,3,6000431
-77.101322,38.875574,606,1621,4198,13337,13337, ,1,0,0,0,0,M,0, ,0,0,3,6000423
-77.102568,38.87512,571,1585,4170,13338,13338, ,1,0,0,0,0,M,0, ,0,0,3,6000417
-77.102924,38.874803,603,1618,4163,13339,13339, ,1,0,0,0,0,M,0, ,0,0,3,6000414
-77.104677,38.874212,570,1584,4132,13340,13340, ,1,0,0,0,0,M,0, ,0,0,3,6000403
-77.10678,38.872827,574,1588,4042,13344,13344, ,1,0,0,0,0,M,0, ,0,0,3,6000375
-77.10805,38.869094,774,1790,3845, ,10783, ,1,0,0,0,0,M,0, ,0,0,3,6000326
-77.115906,38.867638,587,1601,3775,13243,13243, ,1,0,0,0,1,MS,0, ,0,0,3,6000310
-77.116573,38.867585,580,1594,3772,13244,13244, ,1,0,0,0,0,M,0, ,0,0,3,6000308
-77.114999,38.869787,586,1600,3880,13245,13245, ,1,0,0,0,0,M,0, ,0,0,3,6000337
-77.114524,38.86999,582,1596,3888,10095,10095, ,1,0,0,0,0,M,0, ,0,0,3,6000341
-77.112856,38.869948,585,1599,3886,10096,10096, ,1,0,0,0,0,M,0, ,0,0,3,6000340
-77.112504,38.869797,583,1597,3882,10097,10097, ,1,0,0,0,0,M,0, ,0,0,3,6000338
-77.111813,38.871076,584,1598,3941,12314,12314, ,1,0,0,0,1,MS,0, ,0,0,3,6000352
-77.110539,38.874095,827,2142, , , , ,1,0,0,0,0,M,0, ,0,0,3,
-77.109839,38.87487,828,1844,4164, ,12310, ,1,0,0,0,0,M,0, ,0,0,3,6000415
-77.109088,38.879057,885,1902,4397, , ,A41021,1,1,0,0,0,MA,1,A41021,335,1,3,6000475
-77.109311,38.879069,886,1903,4365, , ,A41209,1,1,0,0,0,MA,1,A41209,334,1,3,6000466
-77.140927,38.873711,834,1850,4105, , , ,1,0,0,0,0,M,0, ,0,0,3,6000396
-77.168074,38.896564,720,1736,5587, ,14294, ,1,0,0,0,0,M,0, ,0,0,3,
-77.167546,38.895344,722,1738,5490, ,14293, ,1,0,0,0,0,M,0, ,0,0,3,6000709
-77.167078,38.894641,721,1737,5430, ,14292, ,1,0,0,0,0,M,0, ,0,0,3,6000699
-77.165927,38.889793,850,1866,5089, , , ,1,0,0,0,0,M,0, ,0,0,3,6000645
-77.077545,38.848284,784,1800,2695, , ,A87008,0,1,0,0,1,AS,0,A87008,949,0,3,6000087
-77.07497,38.851565,532,1546,2813,10891,10891,A87007,0,1,0,0,0,A,0,A87007,948,0,3,6000106
-77.07395,38.853022,519,1533,2906,10889,10889,A87006,0,1,0,0,0,A,0,A87006,947,0,3,6000124
-77.087262,38.881121,591,1605,4521,10956,10956,A45026,1,1,0,0,1,MAS,0,A45026,1145,0,3,6000518
-77.077517,38.845322,725,1741,14073, , , ,1,0,0,0,1,MS,0, ,0,0,3,6000814
-77.077583,38.845426,724,1740,14067, , , ,1,0,0,0,1,MS,0, ,0,0,3,6000809
-77.076842,38.846035,734,1750,14074, , , ,1,0,0,0,1,MS,0, ,0,0,3,6000815
-77.075121,38.848517,728,1744,2702,10319,15000,A87216,1,1,0,0,1,MAS,0,A87216,972,1,3,6000816
-77.097189,38.871376,737,1753,3958,10778,10778, ,1,0,0,0,1,MS,0, ,0,0,3,6000355
-77.093725,38.872239,754,1770,4005,10775,10775, ,1,0,0,0,1,MS,0, ,0,0,3,6000367
-77.107162,38.868731,773,1789,3830, ,10784, ,1,0,0,0,1,MS,0, ,0,0,3,6000324
-77.107817,38.871853,579,1593,3987,13345,13345, ,1,0,0,0,1,MS,0, ,0,0,3,6000363
-77.10683,38.872619,590,1604,4025,14974,14974, ,1,0,0,0,1,MS,0, ,0,0,3,6000370
-77.105692,38.873621,577,1591,4091,13342,13342, ,1,0,0,0,1,MS,0, ,0,0,3,6000389
-77.12875,38.861026,797,1813,3388, , ,A75116,1,1,0,0,1,MAS,0,A75116,305,0,3,6000228
-77.128051,38.860143,557,1571,3343,11306,11306,A75014,1,1,0,0,1,MAS,1,A75014,303,1,3,6000220
-77.113527,38.911211,840,1856,14199,12930, ,A53234,1,1,0,0,1,MAS,0,A53234,394,0,3,6000868
-77.136702,38.909718,892,1909,6494, ,13126, ,1,0,0,0,0,M,0, ,0,0,3,6000769
-77.137191,38.909731,893,1910,6497, ,13127, ,1,0,0,0,0,M,0, ,0,0,3,6000770
-77.144109,38.913174,894,1911,6704, ,13134, ,1,0,0,0,0,M,0, ,0,0,3,6000777
-77.140088,38.910553,895,1912,6537, ,13130, ,1,0,0,0,0,M,0, ,0,0,3,6000773
-77.143861,38.913102,896,1913,6695, ,13133, ,1,0,0,0,0,M,0, ,0,0,3,6000776
-77.132531,38.907618,897,1914,6356, ,13124, ,1,0,0,0,0,M,0, ,0,0,3,6000767
-77.132958,38.907924,898,1915,6381,13125,13125, ,1,0,0,0,0,M,0, ,0,0,3,6000768
-77.138872,38.910235,899,1916,6517, ,13128, ,1,0,0,0,0,M,0, ,0,0,3,6000771
-77.139438,38.910183,900,1917,6518, ,13129, ,1,0,0,0,0,M,0, ,0,0,3,6000772
-77.053679,38.867386,901,1918,15683, , , ,1,0,0,0,0,M,0, ,0,0,3,6000947
-77.053801,38.867579,902,1919,15682, , , ,1,0,0,0,0,M,0, ,0,0,3,6000946
-77.084924,38.836481,923,1940,2131, ,13440, ,1,0,0,0,0,M,0, ,0,0,3,
-77.086545,38.828477,924,1941,12140, ,13441, ,1,0,0,0,0,M,0, ,0,0,3,
-77.052675,38.853687,925,1942,15693, , , ,1,0,0,0,1,MS,0, ,0,0,3,6000949
-77.053167,38.848385,928,1945,11624, ,10005, ,1,0,0,0,0,M,0, ,0,0,3,6000780
-77.052859,38.847077,929,1946,11733, ,10006, ,1,0,0,0,0,M,0, ,0,0,3,6000781
-77.050354,38.853159,943,1960,2914, , , ,1,0,0,0,0,M,0, ,0,0,3,6000127
-77.088594,38.87069,944,1961,3933, ,10102, ,1,0,0,0,0,M,0, ,0,0,3,6000350
-77.089786,38.870519,945,1962,3911, ,10103, ,1,0,0,0,0,M,0, ,0,0,3,6000347
-77.091422,38.870011,946,1963,3893, ,10104, ,1,0,0,0,0,M,0, ,0,0,3,6000343
-77.091133,38.870204,947,1964,3894, ,10105, ,1,0,0,0,0,M,0, ,0,0,3,6000344
-77.092784,38.869649,948,1965,3875, ,10106, ,1,0,0,0,0,M,0, ,0,0,3,6000335
-77.092446,38.86987,949,1966,3879, ,10107, ,1,0,0,0,0,M,0, ,0,0,3,6000336
-77.094767,38.86915,950,1967,3855, ,10108, ,1,0,0,0,0,M,0, ,0,0,3,6000330
-77.094954,38.869286,951,1968,3854, ,10109, ,1,0,0,0,0,M,0, ,0,0,3,6000329
-77.096605,38.868863,952,1969,3826, ,10111, ,1,0,0,0,0,M,0, ,0,0,3,6000321
-77.096229,38.868788,953,1970,3834, ,10110, ,1,0,0,0,0,M,0, ,0,0,3,6000325
-77.091941,38.837859,954,1971,2205, ,14969, ,1,0,0,0,0,M,0, ,0,0,3,
-77.093222,38.837864,955,1972,2202, , , ,1,0,0,0,0,M,0, ,0,0,3,6000027
-77.088944,38.838322,958,1975,2227, , , ,1,0,0,0,0,M,0, ,0,0,3,6000031
-77.093986,38.834584,959,1976,14352, , , ,1,0,0,0,0,M,0, ,0,0,3,6000920
-77.095213,38.8367,960,1977,14349, , , ,1,0,0,0,0,M,0, ,0,0,3,6000917
-77.051848,38.855723,963,1980,3030, , , ,1,0,0,0,0,M,0, ,0,0,3,6000156
-77.052174,38.853761,966,1983,15692, , , ,1,0,0,0,1,MS,0, ,0,0,3,6000948
-77.052293,38.848923,967,1984,14281, , , ,1,0,0,0,0,M,0, ,0,0,3,6000890
-77.054183,38.862166,974,1991,14216, , , ,1,0,0,0,0,M,0, ,0,0,3,6000880
-77.053857,38.860705,975,1992,14215, , , ,1,0,0,0,0,M,0, ,0,0,3,6000879
-77.054469,38.864503,976,1993,14214, , , ,1,0,0,0,0,M,0, ,0,0,3,6000878
-77.054253,38.864569,977,1994,14248, , , ,1,0,0,0,0,M,0, ,0,0,3,6000881
-77.088244,38.870461,978,1995,3908, ,11828, ,1,0,0,0,0,M,0, ,0,0,3,6000346
-77.088329,38.868555,979,1996,3814, ,11830, ,1,0,0,0,0,M,0, ,0,0,3,6000317
-77.088119,38.868791,980,1997,14070, , , ,1,0,0,0,0,M,0, ,0,0,3,6000812
-77.052506,38.8508,926,1943,11734, , , ,1,0,0,0,0,M,0, ,0,0,3,6000782
-77.052877,38.85067,927,1944,11623, ,10004, ,1,0,0,0,0,M,0, ,0,0,3,6000779
-77.120541,38.932609,930,1947,7717, ,10379, ,1,0,0,0,0,M,0, ,0,0,3,6000778
-77.092789,38.879613,922,1939,4450,11693, , ,1,0,0,0,1,MS,0, ,0,0,3,6000493
-77.05453,38.868535,903,1920,14313, , ,A42026,1,1,0,0,1,MAS,1,A42026,530,1,1,6000904
-77.053679,38.869168,904,1921,13966, , , ,1,0,0,0,1,MS,0, ,0,0,1,6000793
-77.053096,38.869267,905,1922,14567, , , ,1,0,0,0,1,MS,0, ,0,0,1,6000933
-77.054275,38.868368,906,1923,14336, , , ,1,0,0,0,1,MS,0, ,0,0,1,6000907
-77.054111,38.868491,907,1924,14335, , , ,1,0,0,0,0,M,0, ,0,0,1,6000906
-77.053917,38.868639,908,1925,13964, , , ,1,0,0,0,1,MS,0, ,0,0,1,6000792
-77.053758,38.868759,909,1926,13963, , , ,1,0,0,0,1,MS,0, ,0,0,1,6000791
-77.053276,38.869118,910,1927,14571, , , ,1,0,0,0,1,MS,0, ,0,0,1,6000934
-77.054965,38.868194,911,1928,14573, , , ,1,0,0,0,1,MS,0, ,0,0,1,6000935
-77.053511,38.869303,912,1929,13524, , , ,1,0,0,0,1,MS,0, ,0,0,1,6000788
-77.053343,38.869433,913,1930,14595, , , ,1,0,0,0,1,MS,0, ,0,0,1,6000938
-77.053165,38.869571,914,1931,14213, , , ,1,0,0,0,1,MS,0, ,0,0,1,6000877
-77.052994,38.869708,915,1932,14054, , , ,1,0,0,0,1,MS,0, ,0,0,1,6000800
-77.054843,38.868288,916,1933,14544, , , ,1,0,0,0,1,MS,0, ,0,0,1,6000931
-77.054705,38.868403,917,1934,14478, , , ,1,0,0,0,1,MS,0, ,0,0,1,6000929
-77.054188,38.868785,918,1935,14261, , , ,1,0,0,0,1,MS,0, ,0,0,1,6000885
-77.05436,38.868653,919,1936,14260, , , ,1,0,0,0,0,M,0, ,0,0,1,6000884
-77.054034,38.868909,920,1937,14258, , , ,1,0,0,0,1,MS,0, ,0,0,1,6000883
-77.053842,38.869052,921,1938,14482, , , ,1,0,0,0,1,MS,0, ,0,0,1,6000930
-77.068537,38.844676,491,1505,2487,12155,12155,A87212,1,1,0,0,1,MAS,0,A87212,968,0,2,6000054
-77.065781,38.845063,492,1506,2511,12158,12158, ,1,0,0,0,0,M,0, ,0,0,2,6000060
-77.071465,38.844546,540,1554,2478,12153,12153,A87016,1,1,0,0,0,MA,0,A87016,958,0,2,6000051
-77.071491,38.844306,543,1557,2474,12154,12154,A87211,1,1,0,0,0,MA,0,A87211,967,0,2,6000050
-77.07459,38.844031,544,1558,2459,12152,12152,A87210,1,1,0,0,0,MA,0,A87210,966,0,2,6000047
-77.081434,38.848149,311,1316, , , ,A82101,0,1,0,0,0,A,0,A82101,543,1,2,6001039
-77.081197,38.848042,313,1325, , , ,A74004,0,1,0,0,0,A,0,A74004,221,1,2,6001054
-77.085427,38.849727,435,1449,2746,12532,12532,A84005,1,1,0,0,1,MAS,0,A84005,1085,0,2,6000098
-77.087839,38.853365,436,1450,2926,12528,12528,,1,0,0,0,0,M,0,,0,0,2,6000134
-77.084951,38.848565,458,1472,2706,12535,12535,A84003,1,1,0,0,0,MA,0,A84003,1087,0,2,6000091
-77.08714,38.852084,459,1473,2851,12531,12531, ,1,0,0,0,0,M,0, ,0,0,2,6000113
-77.084604,38.848261,460,1474,2685,12534,12534,A84004,1,1,0,0,1,MAS,1,A84004,1088,0,2,6000086
-77.087063,38.852199,461,1475,2849,12530,12530, ,1,0,0,0,0,M,0, ,0,0,2,6000112
-77.085474,38.849505,462,1476,2740,12533,12533,A84002,1,1,0,0,1,MAS,0,A84002,1086,0,2,6000097
-77.087853,38.853142,562,1576,2942,12529,12529,,1,0,0,0,0,M,0,,0,0,2,6000140
-77.107099,38.855913,359,1373,3081,11864,11864, ,1,0,0,0,0,M,0, ,0,0,2,6000170
-77.106974,38.855716,360,1374,3067,11865,11865, ,1,0,0,0,0,M,0, ,0,0,2,6000163
-77.105757,38.85508,361,1375,3027,11866,11866, ,1,0,0,0,0,M,0, ,0,0,2,6000155
-77.105962,38.855378,363,1377,3039,11867,11867, ,1,0,0,0,1,MS,0, ,0,0,2,6000158
-77.089857,38.844952,437,1451,2502,11882,11882,A75132,1,1,0,0,0,MA,0,A75132,1114,0,2,6000059
-77.08881,38.844516,440,1454,2479,11881,11881,A75028,1,1,0,0,0,MA,0,A75028,1109,0,2,6000052
-77.086247,38.844048,455,1469,2461,11883,11883,A75029,1,1,0,0,0,MA,0,A75029,1110,0,2,6000048
-77.092276,38.845505,456,1470,2552,11879,11879,A75027,1,1,0,0,0,MA,0,A75027,1108,0,2,6000069
-77.092098,38.845648,457,1471,2553,11880,11880,A75133,1,1,0,0,0,MA,0,A75133,1115,0,2,6000070
-77.108305,38.856318,814,1830,14347, , , ,1,0,0,0,0,M,0, ,0,0,2,6000915
-77.108383,38.856206,815,1831,3100, ,11863, ,1,0,0,0,0,M,0, ,0,0,2,6000175
-77.097781,38.84884,816,1832,2714, ,11876, ,1,0,0,0,1,MS,0, ,0,0,2,6000094
-77.099835,38.850237,817,1833,2774,11872,11872, ,1,0,0,0,1,MS,0, ,0,0,2,6000105
-77.099228,38.849634,818,2163,2749, ,11874, ,1,0,0,0,0,M,0, ,0,0,2,6000099
-77.102947,38.852551,819,1835,2869, , , ,1,0,0,0,0,M,0, ,0,0,2,6000117
-77.104013,38.853621,820,1836,2946, ,11870, ,1,0,0,0,0,M,0, ,0,0,2,6000142
-77.095393,38.847326,821,1837,2645, ,11878, ,1,0,0,0,0,M,0, ,0,0,2,6000078
-77.097825,38.848716,822,1838,2716, ,11875, ,1,0,0,0,0,M,0, ,0,0,2,6000095
-77.10018,38.850308,823,1839,2768, ,11873, ,1,0,0,0,0,M,0, ,0,0,2,6000104
-77.102441,38.852294,824,1840,2855,11871,11871, ,1,0,0,0,1,MS,0, ,0,0,2,6000114
-77.103968,38.853755,825,1841,2950, ,11868, ,1,0,0,0,0,M,0, ,0,0,2,6000143
-77.095948,38.847772,826,1842,2664, ,11877, ,1,0,0,0,0,M,0, ,0,0,2,6000083
-77.108467,38.872065,578,1592,3991,11969,11969, ,1,0,0,0,0,M,0, ,0,0,2,6000364
-77.106923,38.869766,852,1868,3874,11972,11972, ,1,0,0,0,1,MS,0, ,0,0,2,6000334
-77.110918,38.873042,853,1869,4058, ,11968, ,1,0,0,0,1,MS,0, ,0,0,2,6000379
-77.107118,38.869441,854,1870,3865, , , ,1,0,0,0,0,M,0, ,0,0,2,6000332
-77.111242,38.85606,611,2222,0,0,0,A41034,1,1,0,0,1,MAS,0,A41034,1100,0,1,6000169
-77.088993,38.841879,782,1798,2371, ,10854,A77213,1,1,0,0,0,MA,0,A77213,1005,0,2,6001238
-77.076828,38.893318,661,1676,5326,11395,11395,A45010,1,1,0,0,0,MA,0,A45010,1123,0,1,6000685
-77.101929,38.853896,982,1999,14602, , ,A45004,0,1,0,0,0,A,0,A45004,1091,0,2,6000944
-77.101512,38.858607,60,1060,3254,11467,11467,A41004,1,1,0,0,1,MAS,0,A41004,246,0,1,6000194
-77.100821,38.857667,983,2000,14601, , ,A45003,0,1,0,0,0,A,0,A45003,1093,1,2,6000943
-77.110216,38.856418,148,2223,0, , ,A41238,1,1,0,0,1,MAS,0,A41238,1101,0,1,6000937
-77.118695,38.888777,858,1874,4991, ,12099,A99999,1,1,0,0,0,MA,0,A99999,0,0,1,6000633
-77.116224,38.883528,855,1871,4636, ,12105,A52030,1,1,0,0,0,MA,0,A52030,0,0,1,6000544
-77.119699,38.853643,616,1631,2943,11481,11481,A45011,1,1,0,0,0,MA,0,A45011,1134,0,1,6000141
-77.123083,38.855735,567,1581,3055,10259,10259,A45012,1,1,0,0,0,MA,0,A45012,1135,0,3,6000161
-77.121385,38.856265,566,1580,3094,10257,10257,A45013,1,1,0,0,0,MA,0,A45013,1136,0,3,6000174
-77.119186,38.8565,536,1550,3117,10255,10255,A45014,1,1,0,0,0,MA,0,A45014,1137,0,3,6000178
-77.089342,38.880682,857,2124,4503,13326,13326,A45020,1,1,0,0,0,MA,0,A45020,1131,0,3,6000513
-77.087755,38.884873,795,1811,14093,, ,A45021,1,1,0,0,0,MA,0,A45021,1132,0,3,6000826
-77.079566,38.89272,802,1818,5291,11394,11394,A45022,1,1,0,0,1,MAS,0,A45022,1133,0,1,6000677
-77.076887,38.894457,391,1405,5417,14399,14399,A45023,1,1,0,0,1,MAS,0,A45023,1128,0,1,6000697
-77.087989,38.885,794,1810,14092, , ,A45024,1,1,0,0,0,MA,0,A45024,1129,0,3,6000825
-77.112428,38.885493,10,1010,4764,14180,14180,,1,0,0,0,0,M,0,,0,0,2,6000581
-77.112039,38.885631,8,1008,4776,14179,14179,,1,0,0,0,0,M,0,,0,0,2,6000586
-77.116747,38.884832,76,1080,4708, , ,,1,0,0,0,0,M,1,,0,0,1,6000560
-77.09536,38.887274,723,1739,4880,14409,14409,A41205,1,1,0,0,1,MAS,1,A41205,578,1,1,6000610
-77.099051,38.859541,57,1057,3316,11464,11464,A41221,1,1,0,0,0,MA,0,A41221,249,0,1,6000211
-77.070824,38.893887,835,1851,5375, , , ,1,0,0,0,0,M,0, ,0,0,3,6000692
