{
"type": "FeatureCollection",
"crs": { "type": "name", "properties": { "name": "urn:ogc:def:crs:OGC:1.3:CRS84" } },
                                                                                
"features": [
{ "type": "Feature", "properties": { "Name": "Vic Thomas", "description": null, "timestamp": null, "begin": null, "end": null, "altitudeMode": "clampToGround", "tessellate": -1, "extrude": -1, "visibility": -1, "drawOrder": null, "icon": null }, "geometry": { "type": "Point", "coordinates": [ -78.940722552465203, 37.03781458988103, 0.0 ] } },
{ "type": "Feature", "properties": { "Name": "Buller", "description": null, "timestamp": null, "begin": null, "end": null, "altitudeMode": "clampToGround", "tessellate": -1, "extrude": -1, "visibility": -1, "drawOrder": null, "icon": null }, "geometry": { "type": "Point", "coordinates": [ -81.539981727001035, 36.759213625781392, 0.0 ] } },
{ "type": "Feature", "properties": { "Name": "Marion", "description": null, "timestamp": null, "begin": null, "end": null, "altitudeMode": "clampToGround", "tessellate": -1, "extrude": -1, "visibility": -1, "drawOrder": null, "icon": null }, "geometry": { "type": "Point", "coordinates": [ -81.476623745286929, 36.824045683439437, 0.0 ] } },
{ "type": "Feature", "properties": { "Name": "Coursey Springs", "description": null, "timestamp": null, "begin": null, "end": null, "altitudeMode": "clampToGround", "tessellate": -1, "extrude": -1, "visibility": -1, "drawOrder": null, "icon": null }, "geometry": { "type": "Point", "coordinates": [ -79.582169266876463, 38.178430520048643, 0.0 ] } },
{ "type": "Feature", "properties": { "Name": "Front Royal", "description": null, "timestamp": null, "begin": null, "end": null, "altitudeMode": "clampToGround", "tessellate": -1, "extrude": -1, "visibility": -1, "drawOrder": null, "icon": null }, "geometry": { "type": "Point", "coordinates": [ -78.293329889813876, 38.950187332939102, 0.0 ] } },
{ "type": "Feature", "properties": { "Name": "King and Queen", "description": null, "timestamp": null, "begin": null, "end": null, "altitudeMode": "clampToGround", "tessellate": -1, "extrude": -1, "visibility": -1, "drawOrder": null, "icon": null }, "geometry": { "type": "Point", "coordinates": [ -76.932714003024628, 37.740812593572848, 0.0 ] } },
{ "type": "Feature", "properties": { "Name": "Montebello", "description": null, "timestamp": null, "begin": null, "end": null, "altitudeMode": "clampToGround", "tessellate": -1, "extrude": -1, "visibility": -1, "drawOrder": null, "icon": null }, "geometry": { "type": "Point", "coordinates": [ -79.130519225573337, 37.843662446213401, 0.0 ] } },
{ "type": "Feature", "properties": { "Name": "Paint Bank", "description": null, "timestamp": null, "begin": null, "end": null, "altitudeMode": "clampToGround", "tessellate": -1, "extrude": -1, "visibility": -1, "drawOrder": null, "icon": null }, "geometry": { "type": "Point", "coordinates": [ -80.244492151610771, 37.55359597814784, 0.0 ] } },
{ "type": "Feature", "properties": { "Name": "Wytheville", "description": null, "timestamp": null, "begin": null, "end": null, "altitudeMode": "clampToGround", "tessellate": -1, "extrude": -1, "visibility": -1, "drawOrder": null, "icon": null }, "geometry": { "type": "Point", "coordinates": [ -80.898448853847412, 36.933362970316523, 0.0 ] } }
]
}
