{
"type": "FeatureCollection",
"crs": { "type": "name", "properties": { "name": "urn:ogc:def:crs:OGC:1.3:CRS84" } },
                                                                                
"features": [
{ "type": "Feature", "properties": { "Name": "Lake Witten", "description": "<html xmlns:fo=\"http:\/\/www.w3.org\/1999\/XSL\/Format\">\n\n<body>\n\n<table border=\"1\" width=\"350\" cellpadding=\"5\">\n\n<tr style=\"background-color:#663300\">\n\n<th style=\"color:#66FF66\">Field Name<\/th>\n\n<th style=\"color:#66FF66\">Value<\/th>\n\n<\/tr>\n\n<tr bgcolor=\"#E0F9E0\">\n\n<td>County<\/td>\n\n<td>Tazewell<\/td>\n\n<\/tr>\n\n<tr bgcolor=\"#E0F9E0\">\n\n<td>Waterbody<\/td>\n\n<td>Lake Witten<\/td>\n\n<\/tr>\n\n<tr bgcolor=\"#E0F9E0\">\n\n<td>Designation<\/td>\n\n<td>PNT<\/td>\n\n<\/tr>\n\n<tr bgcolor=\"#E0F9E0\">\n\n<td>Notes<\/td>\n\n<td><\/td>\n\n<\/tr>\n\n<tr bgcolor=\"#E0F9E0\">\n\n<td>Brook Trout<\/td>\n\n<td><\/td>\n\n<\/tr>\n\n<tr bgcolor=\"#E0F9E0\">\n\n<td>Rainbow Trout<\/td>\n\n<td>80%<\/td>\n\n<\/tr>\n\n<tr bgcolor=\"#E0F9E0\">\n\n<td>Brown Trout<\/td>\n\n<td>20%<\/td>\n\n<\/tr>\n\n<tr bgcolor=\"#E0F9E0\">\n\n<td>Category<\/td>\n\n<td>A<\/td>\n\n<\/tr>\n\n<tr bgcolor=\"#E0F9E0\">\n\n<td>Heritage<\/td>\n\n<td>Y<\/td>\n\n<\/tr>\n\n<tr bgcolor=\"#E0F9E0\">\n\n<td>National Forest<\/td>\n\n<td><\/td>\n\n<\/tr>\n\n<\/table>\n\n<\/body>\n\n<\/html>\n\n", "timestamp": null, "begin": null, "end": null, "altitudeMode": "clampToGround", "tessellate": -1, "extrude": -1, "visibility": -1, "drawOrder": null, "icon": null }, "geometry": { "type": "Point", "coordinates": [ -81.508103554207523, 37.168779483187137, 0.0 ] } },
{ "type": "Feature", "properties": { "Name": "Lincolnshire Lake", "description": "<html xmlns:fo=\"http:\/\/www.w3.org\/1999\/XSL\/Format\">\n\n<body>\n\n<table border=\"1\" width=\"350\" cellpadding=\"5\">\n\n<tr style=\"background-color:#663300\">\n\n<th style=\"color:#66FF66\">Field Name<\/th>\n\n<th style=\"color:#66FF66\">Value<\/th>\n\n<\/tr>\n\n<tr bgcolor=\"#E0F9E0\">\n\n<td>County<\/td>\n\n<td>Tazewell<\/td>\n\n<\/tr>\n\n<tr bgcolor=\"#E0F9E0\">\n\n<td>Waterbody<\/td>\n\n<td>Lincolnshire Lake<\/td>\n\n<\/tr>\n\n<tr bgcolor=\"#E0F9E0\">\n\n<td>Designation<\/td>\n\n<td>PNT<\/td>\n\n<\/tr>\n\n<tr bgcolor=\"#E0F9E0\">\n\n<td>Notes<\/td>\n\n<td><\/td>\n\n<\/tr>\n\n<tr bgcolor=\"#E0F9E0\">\n\n<td>Brook Trout<\/td>\n\n<td><\/td>\n\n<\/tr>\n\n<tr bgcolor=\"#E0F9E0\">\n\n<td>Rainbow Trout<\/td>\n\n<td>80%<\/td>\n\n<\/tr>\n\n<tr bgcolor=\"#E0F9E0\">\n\n<td>Brown Trout<\/td>\n\n<td>20%<\/td>\n\n<\/tr>\n\n<tr bgcolor=\"#E0F9E0\">\n\n<td>Category<\/td>\n\n<td>A<\/td>\n\n<\/tr>\n\n<tr bgcolor=\"#E0F9E0\">\n\n<td>Heritage<\/td>\n\n<td>Y<\/td>\n\n<\/tr>\n\n<tr bgcolor=\"#E0F9E0\">\n\n<td>National Forest<\/td>\n\n<td><\/td>\n\n<\/tr>\n\n<\/table>\n\n<\/body>\n\n<\/html>\n\n", "timestamp": null, "begin": null, "end": null, "altitudeMode": "clampToGround", "tessellate": -1, "extrude": -1, "visibility": -1, "drawOrder": null, "icon": null }, "geometry": { "type": "Point", "coordinates": [ -81.498478548831514, 37.136910032659522, 0.0 ] } },
{ "type": "Feature", "properties": { "Name": "Beartree Lake", "description": "<html xmlns:fo=\"http:\/\/www.w3.org\/1999\/XSL\/Format\">\n\n<body>\n\n<table border=\"1\" width=\"350\" cellpadding=\"5\">\n\n<tr style=\"background-color:#663300\">\n\n<th style=\"color:#66FF66\">Field Name<\/th>\n\n<th style=\"color:#66FF66\">Value<\/th>\n\n<\/tr>\n\n<tr bgcolor=\"#E0F9E0\">\n\n<td>County<\/td>\n\n<td>Washington<\/td>\n\n<\/tr>\n\n<tr bgcolor=\"#E0F9E0\">\n\n<td>Waterbody<\/td>\n\n<td>Beartree Lake<\/td>\n\n<\/tr>\n\n<tr bgcolor=\"#E0F9E0\">\n\n<td>Designation<\/td>\n\n<td>PNT<\/td>\n\n<\/tr>\n\n<tr bgcolor=\"#E0F9E0\">\n\n<td>Notes<\/td>\n\n<td><\/td>\n\n<\/tr>\n\n<tr bgcolor=\"#E0F9E0\">\n\n<td>Brook Trout<\/td>\n\n<td><\/td>\n\n<\/tr>\n\n<tr bgcolor=\"#E0F9E0\">\n\n<td>Rainbow Trout<\/td>\n\n<td>100%<\/td>\n\n<\/tr>\n\n<tr bgcolor=\"#E0F9E0\">\n\n<td>Brown Trout<\/td>\n\n<td><\/td>\n\n<\/tr>\n\n<tr bgcolor=\"#E0F9E0\">\n\n<td>Category<\/td>\n\n<td>A<\/td>\n\n<\/tr>\n\n<tr bgcolor=\"#E0F9E0\">\n\n<td>Heritage<\/td>\n\n<td>Y<\/td>\n\n<\/tr>\n\n<tr bgcolor=\"#E0F9E0\">\n\n<td>National Forest<\/td>\n\n<td>Y<\/td>\n\n<\/tr>\n\n<\/table>\n\n<\/body>\n\n<\/html>\n\n", "timestamp": null, "begin": null, "end": null, "altitudeMode": "clampToGround", "tessellate": -1, "extrude": -1, "visibility": -1, "drawOrder": null, "icon": null }, "geometry": { "type": "Point", "coordinates": [ -81.689770243582799, 36.655487704068094, 0.0 ] } },
{ "type": "Feature", "properties": { "Name": "Bark Camp Lake", "description": "<html xmlns:fo=\"http:\/\/www.w3.org\/1999\/XSL\/Format\">\n\n<body>\n\n<table border=\"1\" width=\"350\" cellpadding=\"5\">\n\n<tr style=\"background-color:#663300\">\n\n<th style=\"color:#66FF66\">Field Name<\/th>\n\n<th style=\"color:#66FF66\">Value<\/th>\n\n<\/tr>\n\n<tr bgcolor=\"#E0F9E0\">\n\n<td>County<\/td>\n\n<td>Scott<\/td>\n\n<\/tr>\n\n<tr bgcolor=\"#E0F9E0\">\n\n<td>Waterbody<\/td>\n\n<td>Bark Camp Lake<\/td>\n\n<\/tr>\n\n<tr bgcolor=\"#E0F9E0\">\n\n<td>Designation<\/td>\n\n<td>PNT<\/td>\n\n<\/tr>\n\n<tr bgcolor=\"#E0F9E0\">\n\n<td>Notes<\/td>\n\n<td><\/td>\n\n<\/tr>\n\n<tr bgcolor=\"#E0F9E0\">\n\n<td>Brook Trout<\/td>\n\n<td><\/td>\n\n<\/tr>\n\n<tr bgcolor=\"#E0F9E0\">\n\n<td>Rainbow Trout<\/td>\n\n<td>Y<\/td>\n\n<\/tr>\n\n<tr bgcolor=\"#E0F9E0\">\n\n<td>Brown Trout<\/td>\n\n<td>Y<\/td>\n\n<\/tr>\n\n<tr bgcolor=\"#E0F9E0\">\n\n<td>Category<\/td>\n\n<td>A<\/td>\n\n<\/tr>\n\n<tr bgcolor=\"#E0F9E0\">\n\n<td>Heritage<\/td>\n\n<td>Y<\/td>\n\n<\/tr>\n\n<tr bgcolor=\"#E0F9E0\">\n\n<td>National Forest<\/td>\n\n<td>Y<\/td>\n\n<\/tr>\n\n<\/table>\n\n<\/body>\n\n<\/html>\n\n", "timestamp": null, "begin": null, "end": null, "altitudeMode": "clampToGround", "tessellate": -1, "extrude": -1, "visibility": -1, "drawOrder": null, "icon": null }, "geometry": { "type": "Point", "coordinates": [ -82.521753837482763, 36.867062714020072, 0.0 ] } },
{ "type": "Feature", "properties": { "Name": "Hales Lake", "description": "<html xmlns:fo=\"http:\/\/www.w3.org\/1999\/XSL\/Format\">\n\n<body>\n\n<table border=\"1\" width=\"350\" cellpadding=\"5\">\n\n<tr style=\"background-color:#663300\">\n\n<th style=\"color:#66FF66\">Field Name<\/th>\n\n<th style=\"color:#66FF66\">Value<\/th>\n\n<\/tr>\n\n<tr bgcolor=\"#E0F9E0\">\n\n<td>County<\/td>\n\n<td>Grayson<\/td>\n\n<\/tr>\n\n<tr bgcolor=\"#E0F9E0\">\n\n<td>Waterbody<\/td>\n\n<td>Hales Lake<\/td>\n\n<\/tr>\n\n<tr bgcolor=\"#E0F9E0\">\n\n<td>Designation<\/td>\n\n<td>PNT<\/td>\n\n<\/tr>\n\n<tr bgcolor=\"#E0F9E0\">\n\n<td>Notes<\/td>\n\n<td><\/td>\n\n<\/tr>\n\n<tr bgcolor=\"#E0F9E0\">\n\n<td>Brook Trout<\/td>\n\n<td><\/td>\n\n<\/tr>\n\n<tr bgcolor=\"#E0F9E0\">\n\n<td>Rainbow Trout<\/td>\n\n<td>90%<\/td>\n\n<\/tr>\n\n<tr bgcolor=\"#E0F9E0\">\n\n<td>Brown Trout<\/td>\n\n<td>10%<\/td>\n\n<\/tr>\n\n<tr bgcolor=\"#E0F9E0\">\n\n<td>Category<\/td>\n\n<td>A<\/td>\n\n<\/tr>\n\n<tr bgcolor=\"#E0F9E0\">\n\n<td>Heritage<\/td>\n\n<td><\/td>\n\n<\/tr>\n\n<tr bgcolor=\"#E0F9E0\">\n\n<td>National Forest<\/td>\n\n<td>Y<\/td>\n\n<\/tr>\n\n<\/table>\n\n<\/body>\n\n<\/html>\n\n", "timestamp": null, "begin": null, "end": null, "altitudeMode": "clampToGround", "tessellate": -1, "extrude": -1, "visibility": -1, "drawOrder": null, "icon": null }, "geometry": { "type": "Point", "coordinates": [ -81.250392340436761, 36.761146076715107, 0.0 ] } },
{ "type": "Feature", "properties": { "Name": "Mint Springs Lake (Upper)", "description": "<html xmlns:fo=\"http:\/\/www.w3.org\/1999\/XSL\/Format\">\n\n<body>\n\n<table border=\"1\" width=\"350\" cellpadding=\"5\">\n\n<tr style=\"background-color:#663300\">\n\n<th style=\"color:#66FF66\">Field Name<\/th>\n\n<th style=\"color:#66FF66\">Value<\/th>\n\n<\/tr>\n\n<tr bgcolor=\"#E0F9E0\">\n\n<td>County<\/td>\n\n<td>Albemarle<\/td>\n\n<\/tr>\n\n<tr bgcolor=\"#E0F9E0\">\n\n<td>Waterbody<\/td>\n\n<td>Mint Springs Lake (Upper)<\/td>\n\n<\/tr>\n\n<tr bgcolor=\"#E0F9E0\">\n\n<td>Designation<\/td>\n\n<td>PNT<\/td>\n\n<\/tr>\n\n<tr bgcolor=\"#E0F9E0\">\n\n<td>Notes<\/td>\n\n<td><\/td>\n\n<\/tr>\n\n<tr bgcolor=\"#E0F9E0\">\n\n<td>Brook Trout<\/td>\n\n<td>Y<\/td>\n\n<\/tr>\n\n<tr bgcolor=\"#E0F9E0\">\n\n<td>Rainbow Trout<\/td>\n\n<td>Y<\/td>\n\n<\/tr>\n\n<tr bgcolor=\"#E0F9E0\">\n\n<td>Brown Trout<\/td>\n\n<td>Y<\/td>\n\n<\/tr>\n\n<tr bgcolor=\"#E0F9E0\">\n\n<td>Category<\/td>\n\n<td>A<\/td>\n\n<\/tr>\n\n<tr bgcolor=\"#E0F9E0\">\n\n<td>Heritage<\/td>\n\n<td><\/td>\n\n<\/tr>\n\n<tr bgcolor=\"#E0F9E0\">\n\n<td>National Forest<\/td>\n\n<td><\/td>\n\n<\/tr>\n\n<\/table>\n\n<\/body>\n\n<\/html>\n\n", "timestamp": null, "begin": null, "end": null, "altitudeMode": "clampToGround", "tessellate": -1, "extrude": -1, "visibility": -1, "drawOrder": null, "icon": null }, "geometry": { "type": "Point", "coordinates": [ -78.72999165745874, 38.083246444832831, 0.0 ] } },
{ "type": "Feature", "properties": { "Name": "Mint Springs Lake (Middle)", "description": "<html xmlns:fo=\"http:\/\/www.w3.org\/1999\/XSL\/Format\">\n\n<body>\n\n<table border=\"1\" width=\"350\" cellpadding=\"5\">\n\n<tr style=\"background-color:#663300\">\n\n<th style=\"color:#66FF66\">Field Name<\/th>\n\n<th style=\"color:#66FF66\">Value<\/th>\n\n<\/tr>\n\n<tr bgcolor=\"#E0F9E0\">\n\n<td>County<\/td>\n\n<td>Albemarle<\/td>\n\n<\/tr>\n\n<tr bgcolor=\"#E0F9E0\">\n\n<td>Waterbody<\/td>\n\n<td>Mint Springs Lake (Middle)<\/td>\n\n<\/tr>\n\n<tr bgcolor=\"#E0F9E0\">\n\n<td>Designation<\/td>\n\n<td>PNT<\/td>\n\n<\/tr>\n\n<tr bgcolor=\"#E0F9E0\">\n\n<td>Notes<\/td>\n\n<td><\/td>\n\n<\/tr>\n\n<tr bgcolor=\"#E0F9E0\">\n\n<td>Brook Trout<\/td>\n\n<td>Y<\/td>\n\n<\/tr>\n\n<tr bgcolor=\"#E0F9E0\">\n\n<td>Rainbow Trout<\/td>\n\n<td>Y<\/td>\n\n<\/tr>\n\n<tr bgcolor=\"#E0F9E0\">\n\n<td>Brown Trout<\/td>\n\n<td>Y<\/td>\n\n<\/tr>\n\n<tr bgcolor=\"#E0F9E0\">\n\n<td>Category<\/td>\n\n<td>A<\/td>\n\n<\/tr>\n\n<tr bgcolor=\"#E0F9E0\">\n\n<td>Heritage<\/td>\n\n<td><\/td>\n\n<\/tr>\n\n<tr bgcolor=\"#E0F9E0\">\n\n<td>National Forest<\/td>\n\n<td><\/td>\n\n<\/tr>\n\n<\/table>\n\n<\/body>\n\n<\/html>\n\n", "timestamp": null, "begin": null, "end": null, "altitudeMode": "clampToGround", "tessellate": -1, "extrude": -1, "visibility": -1, "drawOrder": null, "icon": null }, "geometry": { "type": "Point", "coordinates": [ -78.727255544877409, 38.083902001380082, 0.0 ] } },
{ "type": "Feature", "properties": { "Name": "Sugar Hollow Reservoir", "description": "<html xmlns:fo=\"http:\/\/www.w3.org\/1999\/XSL\/Format\">\n\n<body>\n\n<table border=\"1\" width=\"350\" cellpadding=\"5\">\n\n<tr style=\"background-color:#663300\">\n\n<th style=\"color:#66FF66\">Field Name<\/th>\n\n<th style=\"color:#66FF66\">Value<\/th>\n\n<\/tr>\n\n<tr bgcolor=\"#E0F9E0\">\n\n<td>County<\/td>\n\n<td>Albemarle<\/td>\n\n<\/tr>\n\n<tr bgcolor=\"#E0F9E0\">\n\n<td>Waterbody<\/td>\n\n<td>Sugar Hollow Reservoir<\/td>\n\n<\/tr>\n\n<tr bgcolor=\"#E0F9E0\">\n\n<td>Designation<\/td>\n\n<td>PNT<\/td>\n\n<\/tr>\n\n<tr bgcolor=\"#E0F9E0\">\n\n<td>Notes<\/td>\n\n<td><\/td>\n\n<\/tr>\n\n<tr bgcolor=\"#E0F9E0\">\n\n<td>Brook Trout<\/td>\n\n<td>Y<\/td>\n\n<\/tr>\n\n<tr bgcolor=\"#E0F9E0\">\n\n<td>Rainbow Trout<\/td>\n\n<td>Y<\/td>\n\n<\/tr>\n\n<tr bgcolor=\"#E0F9E0\">\n\n<td>Brown Trout<\/td>\n\n<td><\/td>\n\n<\/tr>\n\n<tr bgcolor=\"#E0F9E0\">\n\n<td>Category<\/td>\n\n<td>A<\/td>\n\n<\/tr>\n\n<tr bgcolor=\"#E0F9E0\">\n\n<td>Heritage<\/td>\n\n<td><\/td>\n\n<\/tr>\n\n<tr bgcolor=\"#E0F9E0\">\n\n<td>National Forest<\/td>\n\n<td><\/td>\n\n<\/tr>\n\n<\/table>\n\n<\/body>\n\n<\/html>\n\n", "timestamp": null, "begin": null, "end": null, "altitudeMode": "clampToGround", "tessellate": -1, "extrude": -1, "visibility": -1, "drawOrder": null, "icon": null }, "geometry": { "type": "Point", "coordinates": [ -78.738922219209314, 38.137049233203143, 0.0 ] } },
{ "type": "Feature", "properties": { "Name": "Cook Lake", "description": "<html xmlns:fo=\"http:\/\/www.w3.org\/1999\/XSL\/Format\">\n\n<body>\n\n<table border=\"1\" width=\"350\" cellpadding=\"5\">\n\n<tr style=\"background-color:#663300\">\n\n<th style=\"color:#66FF66\">Field Name<\/th>\n\n<th style=\"color:#66FF66\">Value<\/th>\n\n<\/tr>\n\n<tr bgcolor=\"#E0F9E0\">\n\n<td>County<\/td>\n\n<td>Alexandria City<\/td>\n\n<\/tr>\n\n<tr bgcolor=\"#E0F9E0\">\n\n<td>Waterbody<\/td>\n\n<td>Cook Lake<\/td>\n\n<\/tr>\n\n<tr bgcolor=\"#E0F9E0\">\n\n<td>Designation<\/td>\n\n<td>U<\/td>\n\n<\/tr>\n\n<tr bgcolor=\"#E0F9E0\">\n\n<td>Notes<\/td>\n\n<td><\/td>\n\n<\/tr>\n\n<tr bgcolor=\"#E0F9E0\">\n\n<td>Brook Trout<\/td>\n\n<td><\/td>\n\n<\/tr>\n\n<tr bgcolor=\"#E0F9E0\">\n\n<td>Rainbow Trout<\/td>\n\n<td>Y<\/td>\n\n<\/tr>\n\n<tr bgcolor=\"#E0F9E0\">\n\n<td>Brown Trout<\/td>\n\n<td>Y<\/td>\n\n<\/tr>\n\n<tr bgcolor=\"#E0F9E0\">\n\n<td>Category<\/td>\n\n<td>U<\/td>\n\n<\/tr>\n\n<tr bgcolor=\"#E0F9E0\">\n\n<td>Heritage<\/td>\n\n<td><\/td>\n\n<\/tr>\n\n<tr bgcolor=\"#E0F9E0\">\n\n<td>National Forest<\/td>\n\n<td><\/td>\n\n<\/tr>\n\n<\/table>\n\n<\/body>\n\n<\/html>\n\n", "timestamp": null, "begin": null, "end": null, "altitudeMode": "clampToGround", "tessellate": -1, "extrude": -1, "visibility": -1, "drawOrder": null, "icon": null }, "geometry": { "type": "Point", "coordinates": [ -77.098107863494604, 38.804754041973062, 0.0 ] } },
{ "type": "Feature", "properties": { "Name": "Northwest River Park", "description": "<html xmlns:fo=\"http:\/\/www.w3.org\/1999\/XSL\/Format\">\n\n<body>\n\n<table border=\"1\" width=\"350\" cellpadding=\"5\">\n\n<tr style=\"background-color:#663300\">\n\n<th style=\"color:#66FF66\">Field Name<\/th>\n\n<th style=\"color:#66FF66\">Value<\/th>\n\n<\/tr>\n\n<tr bgcolor=\"#E0F9E0\">\n\n<td>County<\/td>\n\n<td>Chesapeake<\/td>\n\n<\/tr>\n\n<tr bgcolor=\"#E0F9E0\">\n\n<td>Waterbody<\/td>\n\n<td>Northwest River Park<\/td>\n\n<\/tr>\n\n<tr bgcolor=\"#E0F9E0\">\n\n<td>Designation<\/td>\n\n<td>U<\/td>\n\n<\/tr>\n\n<tr bgcolor=\"#E0F9E0\">\n\n<td>Notes<\/td>\n\n<td><\/td>\n\n<\/tr>\n\n<tr bgcolor=\"#E0F9E0\">\n\n<td>Brook Trout<\/td>\n\n<td><\/td>\n\n<\/tr>\n\n<tr bgcolor=\"#E0F9E0\">\n\n<td>Rainbow Trout<\/td>\n\n<td>Y<\/td>\n\n<\/tr>\n\n<tr bgcolor=\"#E0F9E0\">\n\n<td>Brown Trout<\/td>\n\n<td>Y<\/td>\n\n<\/tr>\n\n<tr bgcolor=\"#E0F9E0\">\n\n<td>Category<\/td>\n\n<td>U<\/td>\n\n<\/tr>\n\n<tr bgcolor=\"#E0F9E0\">\n\n<td>Heritage<\/td>\n\n<td><\/td>\n\n<\/tr>\n\n<tr bgcolor=\"#E0F9E0\">\n\n<td>National Forest<\/td>\n\n<td><\/td>\n\n<\/tr>\n\n<\/table>\n\n<\/body>\n\n<\/html>\n\n", "timestamp": null, "begin": null, "end": null, "altitudeMode": "clampToGround", "tessellate": -1, "extrude": -1, "visibility": -1, "drawOrder": null, "icon": null }, "geometry": { "type": "Point", "coordinates": [ -76.152974113002415, 36.583854558942903, 0.0 ] } },
{ "type": "Feature", "properties": { "Name": "Lake Thompson", "description": "<html xmlns:fo=\"http:\/\/www.w3.org\/1999\/XSL\/Format\">\n\n<body>\n\n<table border=\"1\" width=\"350\" cellpadding=\"5\">\n\n<tr style=\"background-color:#663300\">\n\n<th style=\"color:#66FF66\">Field Name<\/th>\n\n<th style=\"color:#66FF66\">Value<\/th>\n\n<\/tr>\n\n<tr bgcolor=\"#E0F9E0\">\n\n<td>County<\/td>\n\n<td>Fauquier<\/td>\n\n<\/tr>\n\n<tr bgcolor=\"#E0F9E0\">\n\n<td>Waterbody<\/td>\n\n<td>Lake Thompson<\/td>\n\n<\/tr>\n\n<tr bgcolor=\"#E0F9E0\">\n\n<td>Designation<\/td>\n\n<td>PNT<\/td>\n\n<\/tr>\n\n<tr bgcolor=\"#E0F9E0\">\n\n<td>Notes<\/td>\n\n<td>Thompson WMA Pond<\/td>\n\n<\/tr>\n\n<tr bgcolor=\"#E0F9E0\">\n\n<td>Brook Trout<\/td>\n\n<td>M<\/td>\n\n<\/tr>\n\n<tr bgcolor=\"#E0F9E0\">\n\n<td>Rainbow Trout<\/td>\n\n<td>Y<\/td>\n\n<\/tr>\n\n<tr bgcolor=\"#E0F9E0\">\n\n<td>Brown Trout<\/td>\n\n<td>Y<\/td>\n\n<\/tr>\n\n<tr bgcolor=\"#E0F9E0\">\n\n<td>Category<\/td>\n\n<td>A<\/td>\n\n<\/tr>\n\n<tr bgcolor=\"#E0F9E0\">\n\n<td>Heritage<\/td>\n\n<td><\/td>\n\n<\/tr>\n\n<tr bgcolor=\"#E0F9E0\">\n\n<td>National Forest<\/td>\n\n<td><\/td>\n\n<\/tr>\n\n<\/table>\n\n<\/body>\n\n<\/html>\n\n", "timestamp": null, "begin": null, "end": null, "altitudeMode": "clampToGround", "tessellate": -1, "extrude": -1, "visibility": -1, "drawOrder": null, "icon": null }, "geometry": { "type": "Point", "coordinates": [ -77.992035928862038, 38.956135538615499, 0.0 ] } },
{ "type": "Feature", "properties": { "Name": "Old Cossey Pond", "description": "<html xmlns:fo=\"http:\/\/www.w3.org\/1999\/XSL\/Format\">\n\n<body>\n\n<table border=\"1\" width=\"350\" cellpadding=\"5\">\n\n<tr style=\"background-color:#663300\">\n\n<th style=\"color:#66FF66\">Field Name<\/th>\n\n<th style=\"color:#66FF66\">Value<\/th>\n\n<\/tr>\n\n<tr bgcolor=\"#E0F9E0\">\n\n<td>County<\/td>\n\n<td>Fredericksburg<\/td>\n\n<\/tr>\n\n<tr bgcolor=\"#E0F9E0\">\n\n<td>Waterbody<\/td>\n\n<td>Old Cossey Pond<\/td>\n\n<\/tr>\n\n<tr bgcolor=\"#E0F9E0\">\n\n<td>Designation<\/td>\n\n<td>U<\/td>\n\n<\/tr>\n\n<tr bgcolor=\"#E0F9E0\">\n\n<td>Notes<\/td>\n\n<td><\/td>\n\n<\/tr>\n\n<tr bgcolor=\"#E0F9E0\">\n\n<td>Brook Trout<\/td>\n\n<td><\/td>\n\n<\/tr>\n\n<tr bgcolor=\"#E0F9E0\">\n\n<td>Rainbow Trout<\/td>\n\n<td>Y<\/td>\n\n<\/tr>\n\n<tr bgcolor=\"#E0F9E0\">\n\n<td>Brown Trout<\/td>\n\n<td>Y<\/td>\n\n<\/tr>\n\n<tr bgcolor=\"#E0F9E0\">\n\n<td>Category<\/td>\n\n<td>U<\/td>\n\n<\/tr>\n\n<tr bgcolor=\"#E0F9E0\">\n\n<td>Heritage<\/td>\n\n<td><\/td>\n\n<\/tr>\n\n<tr bgcolor=\"#E0F9E0\">\n\n<td>National Forest<\/td>\n\n<td><\/td>\n\n<\/tr>\n\n<\/table>\n\n<\/body>\n\n<\/html>\n\n", "timestamp": null, "begin": null, "end": null, "altitudeMode": "clampToGround", "tessellate": -1, "extrude": -1, "visibility": -1, "drawOrder": null, "icon": null }, "geometry": { "type": "Point", "coordinates": [ -77.472605277689738, 38.307986649975533, 0.0 ] } },
{ "type": "Feature", "properties": { "Name": "Dorey Park Lake", "description": "<html xmlns:fo=\"http:\/\/www.w3.org\/1999\/XSL\/Format\">\n\n<body>\n\n<table border=\"1\" width=\"350\" cellpadding=\"5\">\n\n<tr style=\"background-color:#663300\">\n\n<th style=\"color:#66FF66\">Field Name<\/th>\n\n<th style=\"color:#66FF66\">Value<\/th>\n\n<\/tr>\n\n<tr bgcolor=\"#E0F9E0\">\n\n<td>County<\/td>\n\n<td>Henrico<\/td>\n\n<\/tr>\n\n<tr bgcolor=\"#E0F9E0\">\n\n<td>Waterbody<\/td>\n\n<td>Dorey Park Lake<\/td>\n\n<\/tr>\n\n<tr bgcolor=\"#E0F9E0\">\n\n<td>Designation<\/td>\n\n<td>U<\/td>\n\n<\/tr>\n\n<tr bgcolor=\"#E0F9E0\">\n\n<td>Notes<\/td>\n\n<td><\/td>\n\n<\/tr>\n\n<tr bgcolor=\"#E0F9E0\">\n\n<td>Brook Trout<\/td>\n\n<td><\/td>\n\n<\/tr>\n\n<tr bgcolor=\"#E0F9E0\">\n\n<td>Rainbow Trout<\/td>\n\n<td>Y<\/td>\n\n<\/tr>\n\n<tr bgcolor=\"#E0F9E0\">\n\n<td>Brown Trout<\/td>\n\n<td>Y<\/td>\n\n<\/tr>\n\n<tr bgcolor=\"#E0F9E0\">\n\n<td>Category<\/td>\n\n<td>U<\/td>\n\n<\/tr>\n\n<tr bgcolor=\"#E0F9E0\">\n\n<td>Heritage<\/td>\n\n<td><\/td>\n\n<\/tr>\n\n<tr bgcolor=\"#E0F9E0\">\n\n<td>National Forest<\/td>\n\n<td><\/td>\n\n<\/tr>\n\n<\/table>\n\n<\/body>\n\n<\/html>\n\n", "timestamp": null, "begin": null, "end": null, "altitudeMode": "clampToGround", "tessellate": -1, "extrude": -1, "visibility": -1, "drawOrder": null, "icon": null }, "geometry": { "type": "Point", "coordinates": [ -77.340076536373829, 37.459107242535062, 0.0 ] } },
{ "type": "Feature", "properties": { "Name": "Lake Biggins", "description": "<html xmlns:fo=\"http:\/\/www.w3.org\/1999\/XSL\/Format\">\n\n<body>\n\n<table border=\"1\" width=\"350\" cellpadding=\"5\">\n\n<tr style=\"background-color:#663300\">\n\n<th style=\"color:#66FF66\">Field Name<\/th>\n\n<th style=\"color:#66FF66\">Value<\/th>\n\n<\/tr>\n\n<tr bgcolor=\"#E0F9E0\">\n\n<td>County<\/td>\n\n<td>Newport News<\/td>\n\n<\/tr>\n\n<tr bgcolor=\"#E0F9E0\">\n\n<td>Waterbody<\/td>\n\n<td>Lake Biggins<\/td>\n\n<\/tr>\n\n<tr bgcolor=\"#E0F9E0\">\n\n<td>Designation<\/td>\n\n<td>U<\/td>\n\n<\/tr>\n\n<tr bgcolor=\"#E0F9E0\">\n\n<td>Notes<\/td>\n\n<td><\/td>\n\n<\/tr>\n\n<tr bgcolor=\"#E0F9E0\">\n\n<td>Brook Trout<\/td>\n\n<td><\/td>\n\n<\/tr>\n\n<tr bgcolor=\"#E0F9E0\">\n\n<td>Rainbow Trout<\/td>\n\n<td>Y<\/td>\n\n<\/tr>\n\n<tr bgcolor=\"#E0F9E0\">\n\n<td>Brown Trout<\/td>\n\n<td>Y<\/td>\n\n<\/tr>\n\n<tr bgcolor=\"#E0F9E0\">\n\n<td>Category<\/td>\n\n<td>U<\/td>\n\n<\/tr>\n\n<tr bgcolor=\"#E0F9E0\">\n\n<td>Heritage<\/td>\n\n<td><\/td>\n\n<\/tr>\n\n<tr bgcolor=\"#E0F9E0\">\n\n<td>National Forest<\/td>\n\n<td><\/td>\n\n<\/tr>\n\n<\/table>\n\n<\/body>\n\n<\/html>\n\n", "timestamp": null, "begin": null, "end": null, "altitudeMode": "clampToGround", "tessellate": -1, "extrude": -1, "visibility": -1, "drawOrder": null, "icon": null }, "geometry": { "type": "Point", "coordinates": [ -76.455410204910933, 37.01897400672857, 0.0 ] } },
{ "type": "Feature", "properties": { "Name": "Shield Lake", "description": "<html xmlns:fo=\"http:\/\/www.w3.org\/1999\/XSL\/Format\">\n\n<body>\n\n<table border=\"1\" width=\"350\" cellpadding=\"5\">\n\n<tr style=\"background-color:#663300\">\n\n<th style=\"color:#66FF66\">Field Name<\/th>\n\n<th style=\"color:#66FF66\">Value<\/th>\n\n<\/tr>\n\n<tr bgcolor=\"#E0F9E0\">\n\n<td>County<\/td>\n\n<td>Richmond City<\/td>\n\n<\/tr>\n\n<tr bgcolor=\"#E0F9E0\">\n\n<td>Waterbody<\/td>\n\n<td>Shield Lake<\/td>\n\n<\/tr>\n\n<tr bgcolor=\"#E0F9E0\">\n\n<td>Designation<\/td>\n\n<td>U<\/td>\n\n<\/tr>\n\n<tr bgcolor=\"#E0F9E0\">\n\n<td>Notes<\/td>\n\n<td><\/td>\n\n<\/tr>\n\n<tr bgcolor=\"#E0F9E0\">\n\n<td>Brook Trout<\/td>\n\n<td><\/td>\n\n<\/tr>\n\n<tr bgcolor=\"#E0F9E0\">\n\n<td>Rainbow Trout<\/td>\n\n<td>Y<\/td>\n\n<\/tr>\n\n<tr bgcolor=\"#E0F9E0\">\n\n<td>Brown Trout<\/td>\n\n<td>Y<\/td>\n\n<\/tr>\n\n<tr bgcolor=\"#E0F9E0\">\n\n<td>Category<\/td>\n\n<td>U<\/td>\n\n<\/tr>\n\n<tr bgcolor=\"#E0F9E0\">\n\n<td>Heritage<\/td>\n\n<td><\/td>\n\n<\/tr>\n\n<tr bgcolor=\"#E0F9E0\">\n\n<td>National Forest<\/td>\n\n<td><\/td>\n\n<\/tr>\n\n<\/table>\n\n<\/body>\n\n<\/html>\n\n", "timestamp": null, "begin": null, "end": null, "altitudeMode": "clampToGround", "tessellate": -1, "extrude": -1, "visibility": -1, "drawOrder": null, "icon": null }, "geometry": { "type": "Point", "coordinates": [ -77.474791239560005, 37.540351936354007, 0.0 ] } },
{ "type": "Feature", "properties": { "Name": "Winchester Lake", "description": "<html xmlns:fo=\"http:\/\/www.w3.org\/1999\/XSL\/Format\">\n\n<body>\n\n<table border=\"1\" width=\"350\" cellpadding=\"5\">\n\n<tr style=\"background-color:#663300\">\n\n<th style=\"color:#66FF66\">Field Name<\/th>\n\n<th style=\"color:#66FF66\">Value<\/th>\n\n<\/tr>\n\n<tr bgcolor=\"#E0F9E0\">\n\n<td>County<\/td>\n\n<td>Frederick<\/td>\n\n<\/tr>\n\n<tr bgcolor=\"#E0F9E0\">\n\n<td>Waterbody<\/td>\n\n<td>Winchester Lake<\/td>\n\n<\/tr>\n\n<tr bgcolor=\"#E0F9E0\">\n\n<td>Designation<\/td>\n\n<td>PNT<\/td>\n\n<\/tr>\n\n<tr bgcolor=\"#E0F9E0\">\n\n<td>Notes<\/td>\n\n<td><\/td>\n\n<\/tr>\n\n<tr bgcolor=\"#E0F9E0\">\n\n<td>Brook Trout<\/td>\n\n<td><\/td>\n\n<\/tr>\n\n<tr bgcolor=\"#E0F9E0\">\n\n<td>Rainbow Trout<\/td>\n\n<td>Y<\/td>\n\n<\/tr>\n\n<tr bgcolor=\"#E0F9E0\">\n\n<td>Brown Trout<\/td>\n\n<td><\/td>\n\n<\/tr>\n\n<tr bgcolor=\"#E0F9E0\">\n\n<td>Category<\/td>\n\n<td>A<\/td>\n\n<\/tr>\n\n<tr bgcolor=\"#E0F9E0\">\n\n<td>Heritage<\/td>\n\n<td><\/td>\n\n<\/tr>\n\n<tr bgcolor=\"#E0F9E0\">\n\n<td>National Forest<\/td>\n\n<td><\/td>\n\n<\/tr>\n\n<\/table>\n\n<\/body>\n\n<\/html>\n\n", "timestamp": null, "begin": null, "end": null, "altitudeMode": "clampToGround", "tessellate": -1, "extrude": -1, "visibility": -1, "drawOrder": null, "icon": null }, "geometry": { "type": "Point", "coordinates": [ -78.161374883642765, 39.167932796886532, 0.0 ] } },
{ "type": "Feature", "properties": { "Name": "Clearbrook Lake", "description": "<html xmlns:fo=\"http:\/\/www.w3.org\/1999\/XSL\/Format\">\n\n<body>\n\n<table border=\"1\" width=\"350\" cellpadding=\"5\">\n\n<tr style=\"background-color:#663300\">\n\n<th style=\"color:#66FF66\">Field Name<\/th>\n\n<th style=\"color:#66FF66\">Value<\/th>\n\n<\/tr>\n\n<tr bgcolor=\"#E0F9E0\">\n\n<td>County<\/td>\n\n<td>Frederick<\/td>\n\n<\/tr>\n\n<tr bgcolor=\"#E0F9E0\">\n\n<td>Waterbody<\/td>\n\n<td>Clearbrook Lake<\/td>\n\n<\/tr>\n\n<tr bgcolor=\"#E0F9E0\">\n\n<td>Designation<\/td>\n\n<td>PNT<\/td>\n\n<\/tr>\n\n<tr bgcolor=\"#E0F9E0\">\n\n<td>Notes<\/td>\n\n<td>Frederick County Parks and Recreation<\/td>\n\n<\/tr>\n\n<tr bgcolor=\"#E0F9E0\">\n\n<td>Brook Trout<\/td>\n\n<td><\/td>\n\n<\/tr>\n\n<tr bgcolor=\"#E0F9E0\">\n\n<td>Rainbow Trout<\/td>\n\n<td>Y<\/td>\n\n<\/tr>\n\n<tr bgcolor=\"#E0F9E0\">\n\n<td>Brown Trout<\/td>\n\n<td><\/td>\n\n<\/tr>\n\n<tr bgcolor=\"#E0F9E0\">\n\n<td>Category<\/td>\n\n<td>A<\/td>\n\n<\/tr>\n\n<tr bgcolor=\"#E0F9E0\">\n\n<td>Heritage<\/td>\n\n<td><\/td>\n\n<\/tr>\n\n<tr bgcolor=\"#E0F9E0\">\n\n<td>National Forest<\/td>\n\n<td><\/td>\n\n<\/tr>\n\n<\/table>\n\n<\/body>\n\n<\/html>\n\n", "timestamp": null, "begin": null, "end": null, "altitudeMode": "clampToGround", "tessellate": -1, "extrude": -1, "visibility": -1, "drawOrder": null, "icon": null }, "geometry": { "type": "Point", "coordinates": [ -78.094377645908736, 39.25450781615514, 0.0 ] } },
{ "type": "Feature", "properties": { "Name": "Tomahawk Pond", "description": "<html xmlns:fo=\"http:\/\/www.w3.org\/1999\/XSL\/Format\">\n\n<body>\n\n<table border=\"1\" width=\"350\" cellpadding=\"5\">\n\n<tr style=\"background-color:#663300\">\n\n<th style=\"color:#66FF66\">Field Name<\/th>\n\n<th style=\"color:#66FF66\">Value<\/th>\n\n<\/tr>\n\n<tr bgcolor=\"#E0F9E0\">\n\n<td>County<\/td>\n\n<td>Shenandoah<\/td>\n\n<\/tr>\n\n<tr bgcolor=\"#E0F9E0\">\n\n<td>Waterbody<\/td>\n\n<td>Tomahawk Pond<\/td>\n\n<\/tr>\n\n<tr bgcolor=\"#E0F9E0\">\n\n<td>Designation<\/td>\n\n<td>PNT<\/td>\n\n<\/tr>\n\n<tr bgcolor=\"#E0F9E0\">\n\n<td>Notes<\/td>\n\n<td><\/td>\n\n<\/tr>\n\n<tr bgcolor=\"#E0F9E0\">\n\n<td>Brook Trout<\/td>\n\n<td><\/td>\n\n<\/tr>\n\n<tr bgcolor=\"#E0F9E0\">\n\n<td>Rainbow Trout<\/td>\n\n<td>Y<\/td>\n\n<\/tr>\n\n<tr bgcolor=\"#E0F9E0\">\n\n<td>Brown Trout<\/td>\n\n<td><\/td>\n\n<\/tr>\n\n<tr bgcolor=\"#E0F9E0\">\n\n<td>Category<\/td>\n\n<td>B<\/td>\n\n<\/tr>\n\n<tr bgcolor=\"#E0F9E0\">\n\n<td>Heritage<\/td>\n\n<td><\/td>\n\n<\/tr>\n\n<tr bgcolor=\"#E0F9E0\">\n\n<td>National Forest<\/td>\n\n<td>Y<\/td>\n\n<\/tr>\n\n<\/table>\n\n<\/body>\n\n<\/html>\n\n", "timestamp": null, "begin": null, "end": null, "altitudeMode": "clampToGround", "tessellate": -1, "extrude": -1, "visibility": -1, "drawOrder": null, "icon": null }, "geometry": { "type": "Point", "coordinates": [ -78.841419511809505, 38.758879910426231, 0.0 ] } },
{ "type": "Feature", "properties": { "Name": "Briery Branch Lake", "description": "<html xmlns:fo=\"http:\/\/www.w3.org\/1999\/XSL\/Format\">\n\n<body>\n\n<table border=\"1\" width=\"350\" cellpadding=\"5\">\n\n<tr style=\"background-color:#663300\">\n\n<th style=\"color:#66FF66\">Field Name<\/th>\n\n<th style=\"color:#66FF66\">Value<\/th>\n\n<\/tr>\n\n<tr bgcolor=\"#E0F9E0\">\n\n<td>County<\/td>\n\n<td>Rockingham<\/td>\n\n<\/tr>\n\n<tr bgcolor=\"#E0F9E0\">\n\n<td>Waterbody<\/td>\n\n<td>Briery Branch Lake<\/td>\n\n<\/tr>\n\n<tr bgcolor=\"#E0F9E0\">\n\n<td>Designation<\/td>\n\n<td>PNT<\/td>\n\n<\/tr>\n\n<tr bgcolor=\"#E0F9E0\">\n\n<td>Notes<\/td>\n\n<td><\/td>\n\n<\/tr>\n\n<tr bgcolor=\"#E0F9E0\">\n\n<td>Brook Trout<\/td>\n\n<td><\/td>\n\n<\/tr>\n\n<tr bgcolor=\"#E0F9E0\">\n\n<td>Rainbow Trout<\/td>\n\n<td>Y<\/td>\n\n<\/tr>\n\n<tr bgcolor=\"#E0F9E0\">\n\n<td>Brown Trout<\/td>\n\n<td><\/td>\n\n<\/tr>\n\n<tr bgcolor=\"#E0F9E0\">\n\n<td>Category<\/td>\n\n<td>A<\/td>\n\n<\/tr>\n\n<tr bgcolor=\"#E0F9E0\">\n\n<td>Heritage<\/td>\n\n<td><\/td>\n\n<\/tr>\n\n<tr bgcolor=\"#E0F9E0\">\n\n<td>National Forest<\/td>\n\n<td>Y<\/td>\n\n<\/tr>\n\n<\/table>\n\n<\/body>\n\n<\/html>\n\n", "timestamp": null, "begin": null, "end": null, "altitudeMode": "clampToGround", "tessellate": -1, "extrude": -1, "visibility": -1, "drawOrder": null, "icon": null }, "geometry": { "type": "Point", "coordinates": [ -79.160239034654225, 38.450940947230912, 0.0 ] } },
{ "type": "Feature", "properties": { "Name": "Silver Lake", "description": "<html xmlns:fo=\"http:\/\/www.w3.org\/1999\/XSL\/Format\">\n\n<body>\n\n<table border=\"1\" width=\"350\" cellpadding=\"5\">\n\n<tr style=\"background-color:#663300\">\n\n<th style=\"color:#66FF66\">Field Name<\/th>\n\n<th style=\"color:#66FF66\">Value<\/th>\n\n<\/tr>\n\n<tr bgcolor=\"#E0F9E0\">\n\n<td>County<\/td>\n\n<td>Rockingham<\/td>\n\n<\/tr>\n\n<tr bgcolor=\"#E0F9E0\">\n\n<td>Waterbody<\/td>\n\n<td>Silver Lake<\/td>\n\n<\/tr>\n\n<tr bgcolor=\"#E0F9E0\">\n\n<td>Designation<\/td>\n\n<td>PNT<\/td>\n\n<\/tr>\n\n<tr bgcolor=\"#E0F9E0\">\n\n<td>Notes<\/td>\n\n<td><\/td>\n\n<\/tr>\n\n<tr bgcolor=\"#E0F9E0\">\n\n<td>Brook Trout<\/td>\n\n<td><\/td>\n\n<\/tr>\n\n<tr bgcolor=\"#E0F9E0\">\n\n<td>Rainbow Trout<\/td>\n\n<td>Y<\/td>\n\n<\/tr>\n\n<tr bgcolor=\"#E0F9E0\">\n\n<td>Brown Trout<\/td>\n\n<td><\/td>\n\n<\/tr>\n\n<tr bgcolor=\"#E0F9E0\">\n\n<td>Category<\/td>\n\n<td>B<\/td>\n\n<\/tr>\n\n<tr bgcolor=\"#E0F9E0\">\n\n<td>Heritage<\/td>\n\n<td><\/td>\n\n<\/tr>\n\n<tr bgcolor=\"#E0F9E0\">\n\n<td>National Forest<\/td>\n\n<td><\/td>\n\n<\/tr>\n\n<\/table>\n\n<\/body>\n\n<\/html>\n\n", "timestamp": null, "begin": null, "end": null, "altitudeMode": "clampToGround", "tessellate": -1, "extrude": -1, "visibility": -1, "drawOrder": null, "icon": null }, "geometry": { "type": "Point", "coordinates": [ -78.940127854008097, 38.423160394939337, 0.0 ] } },
{ "type": "Feature", "properties": { "Name": "Slate Lick Lake", "description": "<html xmlns:fo=\"http:\/\/www.w3.org\/1999\/XSL\/Format\">\n\n<body>\n\n<table border=\"1\" width=\"350\" cellpadding=\"5\">\n\n<tr style=\"background-color:#663300\">\n\n<th style=\"color:#66FF66\">Field Name<\/th>\n\n<th style=\"color:#66FF66\">Value<\/th>\n\n<\/tr>\n\n<tr bgcolor=\"#E0F9E0\">\n\n<td>County<\/td>\n\n<td>Rockingham<\/td>\n\n<\/tr>\n\n<tr bgcolor=\"#E0F9E0\">\n\n<td>Waterbody<\/td>\n\n<td>Slate Lick Lake<\/td>\n\n<\/tr>\n\n<tr bgcolor=\"#E0F9E0\">\n\n<td>Designation<\/td>\n\n<td>PNT<\/td>\n\n<\/tr>\n\n<tr bgcolor=\"#E0F9E0\">\n\n<td>Notes<\/td>\n\n<td>Walk in.<\/td>\n\n<\/tr>\n\n<tr bgcolor=\"#E0F9E0\">\n\n<td>Brook Trout<\/td>\n\n<td>Y<\/td>\n\n<\/tr>\n\n<tr bgcolor=\"#E0F9E0\">\n\n<td>Rainbow Trout<\/td>\n\n<td><\/td>\n\n<\/tr>\n\n<tr bgcolor=\"#E0F9E0\">\n\n<td>Brown Trout<\/td>\n\n<td><\/td>\n\n<\/tr>\n\n<tr bgcolor=\"#E0F9E0\">\n\n<td>Category<\/td>\n\n<td>B<\/td>\n\n<\/tr>\n\n<tr bgcolor=\"#E0F9E0\">\n\n<td>Heritage<\/td>\n\n<td><\/td>\n\n<\/tr>\n\n<tr bgcolor=\"#E0F9E0\">\n\n<td>National Forest<\/td>\n\n<td>Y<\/td>\n\n<\/tr>\n\n<\/table>\n\n<\/body>\n\n<\/html>\n\n", "timestamp": null, "begin": null, "end": null, "altitudeMode": "clampToGround", "tessellate": -1, "extrude": -1, "visibility": -1, "drawOrder": null, "icon": null }, "geometry": { "type": "Point", "coordinates": [ -78.971108430740173, 38.609079875837672, 0.0 ] } },
{ "type": "Feature", "properties": { "Name": "Hone Quarry Lake", "description": "<html xmlns:fo=\"http:\/\/www.w3.org\/1999\/XSL\/Format\">\n\n<body>\n\n<table border=\"1\" width=\"350\" cellpadding=\"5\">\n\n<tr style=\"background-color:#663300\">\n\n<th style=\"color:#66FF66\">Field Name<\/th>\n\n<th style=\"color:#66FF66\">Value<\/th>\n\n<\/tr>\n\n<tr bgcolor=\"#E0F9E0\">\n\n<td>County<\/td>\n\n<td>Rockingham<\/td>\n\n<\/tr>\n\n<tr bgcolor=\"#E0F9E0\">\n\n<td>Waterbody<\/td>\n\n<td>Hone Quarry Lake<\/td>\n\n<\/tr>\n\n<tr bgcolor=\"#E0F9E0\">\n\n<td>Designation<\/td>\n\n<td>PNT<\/td>\n\n<\/tr>\n\n<tr bgcolor=\"#E0F9E0\">\n\n<td>Notes<\/td>\n\n<td><\/td>\n\n<\/tr>\n\n<tr bgcolor=\"#E0F9E0\">\n\n<td>Brook Trout<\/td>\n\n<td><\/td>\n\n<\/tr>\n\n<tr bgcolor=\"#E0F9E0\">\n\n<td>Rainbow Trout<\/td>\n\n<td>Y<\/td>\n\n<\/tr>\n\n<tr bgcolor=\"#E0F9E0\">\n\n<td>Brown Trout<\/td>\n\n<td><\/td>\n\n<\/tr>\n\n<tr bgcolor=\"#E0F9E0\">\n\n<td>Category<\/td>\n\n<td>A<\/td>\n\n<\/tr>\n\n<tr bgcolor=\"#E0F9E0\">\n\n<td>Heritage<\/td>\n\n<td><\/td>\n\n<\/tr>\n\n<tr bgcolor=\"#E0F9E0\">\n\n<td>National Forest<\/td>\n\n<td>Y<\/td>\n\n<\/tr>\n\n<\/table>\n\n<\/body>\n\n<\/html>\n\n", "timestamp": null, "begin": null, "end": null, "altitudeMode": "clampToGround", "tessellate": -1, "extrude": -1, "visibility": -1, "drawOrder": null, "icon": null }, "geometry": { "type": "Point", "coordinates": [ -79.144211253319568, 38.472007618691357, 0.0 ] } },
{ "type": "Feature", "properties": { "Name": "NF Shenandoah River (Ruritan Park)", "description": "<html xmlns:fo=\"http:\/\/www.w3.org\/1999\/XSL\/Format\">\n\n<body>\n\n<table border=\"1\" width=\"350\" cellpadding=\"5\">\n\n<tr style=\"background-color:#663300\">\n\n<th style=\"color:#66FF66\">Field Name<\/th>\n\n<th style=\"color:#66FF66\">Value<\/th>\n\n<\/tr>\n\n<tr bgcolor=\"#E0F9E0\">\n\n<td>County<\/td>\n\n<td>Rockingham<\/td>\n\n<\/tr>\n\n<tr bgcolor=\"#E0F9E0\">\n\n<td>Waterbody<\/td>\n\n<td>NF Shenandoah River (Ruritan Park)<\/td>\n\n<\/tr>\n\n<tr bgcolor=\"#E0F9E0\">\n\n<td>Designation<\/td>\n\n<td>PNT<\/td>\n\n<\/tr>\n\n<tr bgcolor=\"#E0F9E0\">\n\n<td>Notes<\/td>\n\n<td>Single stocking location.<\/td>\n\n<\/tr>\n\n<tr bgcolor=\"#E0F9E0\">\n\n<td>Brook Trout<\/td>\n\n<td>Y<\/td>\n\n<\/tr>\n\n<tr bgcolor=\"#E0F9E0\">\n\n<td>Rainbow Trout<\/td>\n\n<td>Y<\/td>\n\n<\/tr>\n\n<tr bgcolor=\"#E0F9E0\">\n\n<td>Brown Trout<\/td>\n\n<td>Y<\/td>\n\n<\/tr>\n\n<tr bgcolor=\"#E0F9E0\">\n\n<td>Category<\/td>\n\n<td>B<\/td>\n\n<\/tr>\n\n<tr bgcolor=\"#E0F9E0\">\n\n<td>Heritage<\/td>\n\n<td><\/td>\n\n<\/tr>\n\n<tr bgcolor=\"#E0F9E0\">\n\n<td>National Forest<\/td>\n\n<td><\/td>\n\n<\/tr>\n\n<\/table>\n\n<\/body>\n\n<\/html>\n\n", "timestamp": null, "begin": null, "end": null, "altitudeMode": "clampToGround", "tessellate": -1, "extrude": -1, "visibility": -1, "drawOrder": null, "icon": null }, "geometry": { "type": "Point", "coordinates": [ -78.904232857944919, 38.653347665182061, 0.0 ] } },
{ "type": "Feature", "properties": { "Name": "Liberty Lake", "description": "<html xmlns:fo=\"http:\/\/www.w3.org\/1999\/XSL\/Format\">\n\n<body>\n\n<table border=\"1\" width=\"350\" cellpadding=\"5\">\n\n<tr style=\"background-color:#663300\">\n\n<th style=\"color:#66FF66\">Field Name<\/th>\n\n<th style=\"color:#66FF66\">Value<\/th>\n\n<\/tr>\n\n<tr bgcolor=\"#E0F9E0\">\n\n<td>County<\/td>\n\n<td>Bedford<\/td>\n\n<\/tr>\n\n<tr bgcolor=\"#E0F9E0\">\n\n<td>Waterbody<\/td>\n\n<td>Liberty Lake<\/td>\n\n<\/tr>\n\n<tr bgcolor=\"#E0F9E0\">\n\n<td>Designation<\/td>\n\n<td>PNT<\/td>\n\n<\/tr>\n\n<tr bgcolor=\"#E0F9E0\">\n\n<td>Notes<\/td>\n\n<td><\/td>\n\n<\/tr>\n\n<tr bgcolor=\"#E0F9E0\">\n\n<td>Brook Trout<\/td>\n\n<td><\/td>\n\n<\/tr>\n\n<tr bgcolor=\"#E0F9E0\">\n\n<td>Rainbow Trout<\/td>\n\n<td>Y<\/td>\n\n<\/tr>\n\n<tr bgcolor=\"#E0F9E0\">\n\n<td>Brown Trout<\/td>\n\n<td><\/td>\n\n<\/tr>\n\n<tr bgcolor=\"#E0F9E0\">\n\n<td>Category<\/td>\n\n<td>A<\/td>\n\n<\/tr>\n\n<tr bgcolor=\"#E0F9E0\">\n\n<td>Heritage<\/td>\n\n<td>Y<\/td>\n\n<\/tr>\n\n<tr bgcolor=\"#E0F9E0\">\n\n<td>National Forest<\/td>\n\n<td><\/td>\n\n<\/tr>\n\n<\/table>\n\n<\/body>\n\n<\/html>\n\n", "timestamp": null, "begin": null, "end": null, "altitudeMode": "clampToGround", "tessellate": -1, "extrude": -1, "visibility": -1, "drawOrder": null, "icon": null }, "geometry": { "type": "Point", "coordinates": [ -79.53290296709082, 37.315590701487629, 0.0 ] } },
{ "type": "Feature", "properties": { "Name": "Locust Shade Park", "description": "<html xmlns:fo=\"http:\/\/www.w3.org\/1999\/XSL\/Format\">\n\n<body>\n\n<table border=\"1\" width=\"350\" cellpadding=\"5\">\n\n<tr style=\"background-color:#663300\">\n\n<th style=\"color:#66FF66\">Field Name<\/th>\n\n<th style=\"color:#66FF66\">Value<\/th>\n\n<\/tr>\n\n<tr bgcolor=\"#E0F9E0\">\n\n<td>County<\/td>\n\n<td>Prince William<\/td>\n\n<\/tr>\n\n<tr bgcolor=\"#E0F9E0\">\n\n<td>Waterbody<\/td>\n\n<td>Locust Shade Park<\/td>\n\n<\/tr>\n\n<tr bgcolor=\"#E0F9E0\">\n\n<td>Designation<\/td>\n\n<td>U<\/td>\n\n<\/tr>\n\n<tr bgcolor=\"#E0F9E0\">\n\n<td>Notes<\/td>\n\n<td><\/td>\n\n<\/tr>\n\n<tr bgcolor=\"#E0F9E0\">\n\n<td>Brook Trout<\/td>\n\n<td><\/td>\n\n<\/tr>\n\n<tr bgcolor=\"#E0F9E0\">\n\n<td>Rainbow Trout<\/td>\n\n<td>Y<\/td>\n\n<\/tr>\n\n<tr bgcolor=\"#E0F9E0\">\n\n<td>Brown Trout<\/td>\n\n<td>Y<\/td>\n\n<\/tr>\n\n<tr bgcolor=\"#E0F9E0\">\n\n<td>Category<\/td>\n\n<td>U<\/td>\n\n<\/tr>\n\n<tr bgcolor=\"#E0F9E0\">\n\n<td>Heritage<\/td>\n\n<td><\/td>\n\n<\/tr>\n\n<tr bgcolor=\"#E0F9E0\">\n\n<td>National Forest<\/td>\n\n<td><\/td>\n\n<\/tr>\n\n<\/table>\n\n<\/body>\n\n<\/html>\n\n", "timestamp": null, "begin": null, "end": null, "altitudeMode": "clampToGround", "tessellate": -1, "extrude": -1, "visibility": -1, "drawOrder": null, "icon": null }, "geometry": { "type": "Point", "coordinates": [ -77.346491906052151, 38.53761889679275, 0.0 ] } },
{ "type": "Feature", "properties": { "Name": "Clifton Forge Reservoir", "description": "<html xmlns:fo=\"http:\/\/www.w3.org\/1999\/XSL\/Format\">\n\n<body>\n\n<table border=\"1\" width=\"350\" cellpadding=\"5\">\n\n<tr style=\"background-color:#663300\">\n\n<th style=\"color:#66FF66\">Field Name<\/th>\n\n<th style=\"color:#66FF66\">Value<\/th>\n\n<\/tr>\n\n<tr bgcolor=\"#E0F9E0\">\n\n<td>County<\/td>\n\n<td>Alleghany<\/td>\n\n<\/tr>\n\n<tr bgcolor=\"#E0F9E0\">\n\n<td>Waterbody<\/td>\n\n<td>Clifton Forge Reservoir<\/td>\n\n<\/tr>\n\n<tr bgcolor=\"#E0F9E0\">\n\n<td>Designation<\/td>\n\n<td>PNT<\/td>\n\n<\/tr>\n\n<tr bgcolor=\"#E0F9E0\">\n\n<td>Notes<\/td>\n\n<td><\/td>\n\n<\/tr>\n\n<tr bgcolor=\"#E0F9E0\">\n\n<td>Brook Trout<\/td>\n\n<td>Y<\/td>\n\n<\/tr>\n\n<tr bgcolor=\"#E0F9E0\">\n\n<td>Rainbow Trout<\/td>\n\n<td>Y<\/td>\n\n<\/tr>\n\n<tr bgcolor=\"#E0F9E0\">\n\n<td>Brown Trout<\/td>\n\n<td>Y<\/td>\n\n<\/tr>\n\n<tr bgcolor=\"#E0F9E0\">\n\n<td>Category<\/td>\n\n<td>A<\/td>\n\n<\/tr>\n\n<tr bgcolor=\"#E0F9E0\">\n\n<td>Heritage<\/td>\n\n<td><\/td>\n\n<\/tr>\n\n<tr bgcolor=\"#E0F9E0\">\n\n<td>National Forest<\/td>\n\n<td>Y<\/td>\n\n<\/tr>\n\n<\/table>\n\n<\/body>\n\n<\/html>\n\n", "timestamp": null, "begin": null, "end": null, "altitudeMode": "clampToGround", "tessellate": -1, "extrude": -1, "visibility": -1, "drawOrder": null, "icon": null }, "geometry": { "type": "Point", "coordinates": [ -79.84119080031644, 37.850750523986342, 0.0 ] } },
{ "type": "Feature", "properties": { "Name": "Braley Pond", "description": "<html xmlns:fo=\"http:\/\/www.w3.org\/1999\/XSL\/Format\">\n\n<body>\n\n<table border=\"1\" width=\"350\" cellpadding=\"5\">\n\n<tr style=\"background-color:#663300\">\n\n<th style=\"color:#66FF66\">Field Name<\/th>\n\n<th style=\"color:#66FF66\">Value<\/th>\n\n<\/tr>\n\n<tr bgcolor=\"#E0F9E0\">\n\n<td>County<\/td>\n\n<td>Augusta<\/td>\n\n<\/tr>\n\n<tr bgcolor=\"#E0F9E0\">\n\n<td>Waterbody<\/td>\n\n<td>Braley Pond<\/td>\n\n<\/tr>\n\n<tr bgcolor=\"#E0F9E0\">\n\n<td>Designation<\/td>\n\n<td>PNT<\/td>\n\n<\/tr>\n\n<tr bgcolor=\"#E0F9E0\">\n\n<td>Notes<\/td>\n\n<td><\/td>\n\n<\/tr>\n\n<tr bgcolor=\"#E0F9E0\">\n\n<td>Brook Trout<\/td>\n\n<td><\/td>\n\n<\/tr>\n\n<tr bgcolor=\"#E0F9E0\">\n\n<td>Rainbow Trout<\/td>\n\n<td>Y<\/td>\n\n<\/tr>\n\n<tr bgcolor=\"#E0F9E0\">\n\n<td>Brown Trout<\/td>\n\n<td><\/td>\n\n<\/tr>\n\n<tr bgcolor=\"#E0F9E0\">\n\n<td>Category<\/td>\n\n<td>A<\/td>\n\n<\/tr>\n\n<tr bgcolor=\"#E0F9E0\">\n\n<td>Heritage<\/td>\n\n<td><\/td>\n\n<\/tr>\n\n<tr bgcolor=\"#E0F9E0\">\n\n<td>National Forest<\/td>\n\n<td>Y<\/td>\n\n<\/tr>\n\n<\/table>\n\n<\/body>\n\n<\/html>\n\n", "timestamp": null, "begin": null, "end": null, "altitudeMode": "clampToGround", "tessellate": -1, "extrude": -1, "visibility": -1, "drawOrder": null, "icon": null }, "geometry": { "type": "Point", "coordinates": [ -79.302679873029632, 38.286919640296183, 0.0 ] } },
{ "type": "Feature", "properties": { "Name": "Hearthstone Lake", "description": "<html xmlns:fo=\"http:\/\/www.w3.org\/1999\/XSL\/Format\">\n\n<body>\n\n<table border=\"1\" width=\"350\" cellpadding=\"5\">\n\n<tr style=\"background-color:#663300\">\n\n<th style=\"color:#66FF66\">Field Name<\/th>\n\n<th style=\"color:#66FF66\">Value<\/th>\n\n<\/tr>\n\n<tr bgcolor=\"#E0F9E0\">\n\n<td>County<\/td>\n\n<td>Augusta<\/td>\n\n<\/tr>\n\n<tr bgcolor=\"#E0F9E0\">\n\n<td>Waterbody<\/td>\n\n<td>Hearthstone Lake<\/td>\n\n<\/tr>\n\n<tr bgcolor=\"#E0F9E0\">\n\n<td>Designation<\/td>\n\n<td>PNT<\/td>\n\n<\/tr>\n\n<tr bgcolor=\"#E0F9E0\">\n\n<td>Notes<\/td>\n\n<td><\/td>\n\n<\/tr>\n\n<tr bgcolor=\"#E0F9E0\">\n\n<td>Brook Trout<\/td>\n\n<td><\/td>\n\n<\/tr>\n\n<tr bgcolor=\"#E0F9E0\">\n\n<td>Rainbow Trout<\/td>\n\n<td>Y<\/td>\n\n<\/tr>\n\n<tr bgcolor=\"#E0F9E0\">\n\n<td>Brown Trout<\/td>\n\n<td><\/td>\n\n<\/tr>\n\n<tr bgcolor=\"#E0F9E0\">\n\n<td>Category<\/td>\n\n<td>A<\/td>\n\n<\/tr>\n\n<tr bgcolor=\"#E0F9E0\">\n\n<td>Heritage<\/td>\n\n<td><\/td>\n\n<\/tr>\n\n<tr bgcolor=\"#E0F9E0\">\n\n<td>National Forest<\/td>\n\n<td>Y<\/td>\n\n<\/tr>\n\n<\/table>\n\n<\/body>\n\n<\/html>\n\n", "timestamp": null, "begin": null, "end": null, "altitudeMode": "clampToGround", "tessellate": -1, "extrude": -1, "visibility": -1, "drawOrder": null, "icon": null }, "geometry": { "type": "Point", "coordinates": [ -79.163698949530328, 38.395638278739632, 0.0 ] } },
{ "type": "Feature", "properties": { "Name": "Elkhorn Lake", "description": "<html xmlns:fo=\"http:\/\/www.w3.org\/1999\/XSL\/Format\">\n\n<body>\n\n<table border=\"1\" width=\"350\" cellpadding=\"5\">\n\n<tr style=\"background-color:#663300\">\n\n<th style=\"color:#66FF66\">Field Name<\/th>\n\n<th style=\"color:#66FF66\">Value<\/th>\n\n<\/tr>\n\n<tr bgcolor=\"#E0F9E0\">\n\n<td>County<\/td>\n\n<td>Augusta<\/td>\n\n<\/tr>\n\n<tr bgcolor=\"#E0F9E0\">\n\n<td>Waterbody<\/td>\n\n<td>Elkhorn Lake<\/td>\n\n<\/tr>\n\n<tr bgcolor=\"#E0F9E0\">\n\n<td>Designation<\/td>\n\n<td>PNT<\/td>\n\n<\/tr>\n\n<tr bgcolor=\"#E0F9E0\">\n\n<td>Notes<\/td>\n\n<td><\/td>\n\n<\/tr>\n\n<tr bgcolor=\"#E0F9E0\">\n\n<td>Brook Trout<\/td>\n\n<td><\/td>\n\n<\/tr>\n\n<tr bgcolor=\"#E0F9E0\">\n\n<td>Rainbow Trout<\/td>\n\n<td>Y<\/td>\n\n<\/tr>\n\n<tr bgcolor=\"#E0F9E0\">\n\n<td>Brown Trout<\/td>\n\n<td><\/td>\n\n<\/tr>\n\n<tr bgcolor=\"#E0F9E0\">\n\n<td>Category<\/td>\n\n<td>A<\/td>\n\n<\/tr>\n\n<tr bgcolor=\"#E0F9E0\">\n\n<td>Heritage<\/td>\n\n<td><\/td>\n\n<\/tr>\n\n<tr bgcolor=\"#E0F9E0\">\n\n<td>National Forest<\/td>\n\n<td>Y<\/td>\n\n<\/tr>\n\n<\/table>\n\n<\/body>\n\n<\/html>\n\n", "timestamp": null, "begin": null, "end": null, "altitudeMode": "clampToGround", "tessellate": -1, "extrude": -1, "visibility": -1, "drawOrder": null, "icon": null }, "geometry": { "type": "Point", "coordinates": [ -79.231969597453045, 38.329451763103677, 0.0 ] } },
{ "type": "Feature", "properties": { "Name": "Upper Sherando Lake", "description": "<html xmlns:fo=\"http:\/\/www.w3.org\/1999\/XSL\/Format\">\n\n<body>\n\n<table border=\"1\" width=\"350\" cellpadding=\"5\">\n\n<tr style=\"background-color:#663300\">\n\n<th style=\"color:#66FF66\">Field Name<\/th>\n\n<th style=\"color:#66FF66\">Value<\/th>\n\n<\/tr>\n\n<tr bgcolor=\"#E0F9E0\">\n\n<td>County<\/td>\n\n<td>Augusta<\/td>\n\n<\/tr>\n\n<tr bgcolor=\"#E0F9E0\">\n\n<td>Waterbody<\/td>\n\n<td>Upper Sherando Lake<\/td>\n\n<\/tr>\n\n<tr bgcolor=\"#E0F9E0\">\n\n<td>Designation<\/td>\n\n<td>PNT<\/td>\n\n<\/tr>\n\n<tr bgcolor=\"#E0F9E0\">\n\n<td>Notes<\/td>\n\n<td><\/td>\n\n<\/tr>\n\n<tr bgcolor=\"#E0F9E0\">\n\n<td>Brook Trout<\/td>\n\n<td>Y<\/td>\n\n<\/tr>\n\n<tr bgcolor=\"#E0F9E0\">\n\n<td>Rainbow Trout<\/td>\n\n<td>Y<\/td>\n\n<\/tr>\n\n<tr bgcolor=\"#E0F9E0\">\n\n<td>Brown Trout<\/td>\n\n<td><\/td>\n\n<\/tr>\n\n<tr bgcolor=\"#E0F9E0\">\n\n<td>Category<\/td>\n\n<td>B<\/td>\n\n<\/tr>\n\n<tr bgcolor=\"#E0F9E0\">\n\n<td>Heritage<\/td>\n\n<td><\/td>\n\n<\/tr>\n\n<tr bgcolor=\"#E0F9E0\">\n\n<td>National Forest<\/td>\n\n<td>Y<\/td>\n\n<\/tr>\n\n<\/table>\n\n<\/body>\n\n<\/html>\n\n", "timestamp": null, "begin": null, "end": null, "altitudeMode": "clampToGround", "tessellate": -1, "extrude": -1, "visibility": -1, "drawOrder": null, "icon": null }, "geometry": { "type": "Point", "coordinates": [ -79.018300069125729, 37.918246400308377, 0.0 ] } },
{ "type": "Feature", "properties": { "Name": "Lower Sherando Lake", "description": "<html xmlns:fo=\"http:\/\/www.w3.org\/1999\/XSL\/Format\">\n\n<body>\n\n<table border=\"1\" width=\"350\" cellpadding=\"5\">\n\n<tr style=\"background-color:#663300\">\n\n<th style=\"color:#66FF66\">Field Name<\/th>\n\n<th style=\"color:#66FF66\">Value<\/th>\n\n<\/tr>\n\n<tr bgcolor=\"#E0F9E0\">\n\n<td>County<\/td>\n\n<td>Augusta<\/td>\n\n<\/tr>\n\n<tr bgcolor=\"#E0F9E0\">\n\n<td>Waterbody<\/td>\n\n<td>Lower Sherando Lake<\/td>\n\n<\/tr>\n\n<tr bgcolor=\"#E0F9E0\">\n\n<td>Designation<\/td>\n\n<td>PNT<\/td>\n\n<\/tr>\n\n<tr bgcolor=\"#E0F9E0\">\n\n<td>Notes<\/td>\n\n<td><\/td>\n\n<\/tr>\n\n<tr bgcolor=\"#E0F9E0\">\n\n<td>Brook Trout<\/td>\n\n<td>Y<\/td>\n\n<\/tr>\n\n<tr bgcolor=\"#E0F9E0\">\n\n<td>Rainbow Trout<\/td>\n\n<td>Y<\/td>\n\n<\/tr>\n\n<tr bgcolor=\"#E0F9E0\">\n\n<td>Brown Trout<\/td>\n\n<td><\/td>\n\n<\/tr>\n\n<tr bgcolor=\"#E0F9E0\">\n\n<td>Category<\/td>\n\n<td>A<\/td>\n\n<\/tr>\n\n<tr bgcolor=\"#E0F9E0\">\n\n<td>Heritage<\/td>\n\n<td><\/td>\n\n<\/tr>\n\n<tr bgcolor=\"#E0F9E0\">\n\n<td>National Forest<\/td>\n\n<td>Y<\/td>\n\n<\/tr>\n\n<\/table>\n\n<\/body>\n\n<\/html>\n\n", "timestamp": null, "begin": null, "end": null, "altitudeMode": "clampToGround", "tessellate": -1, "extrude": -1, "visibility": -1, "drawOrder": null, "icon": null }, "geometry": { "type": "Point", "coordinates": [ -79.00331117600868, 37.926321402592023, 0.0 ] } },
{ "type": "Feature", "properties": { "Name": "Douthat Lake", "description": "<html xmlns:fo=\"http:\/\/www.w3.org\/1999\/XSL\/Format\">\n\n<body>\n\n<table border=\"1\" width=\"350\" cellpadding=\"5\">\n\n<tr style=\"background-color:#663300\">\n\n<th style=\"color:#66FF66\">Field Name<\/th>\n\n<th style=\"color:#66FF66\">Value<\/th>\n\n<\/tr>\n\n<tr bgcolor=\"#E0F9E0\">\n\n<td>County<\/td>\n\n<td>Bath<\/td>\n\n<\/tr>\n\n<tr bgcolor=\"#E0F9E0\">\n\n<td>Waterbody<\/td>\n\n<td>Douthat Lake<\/td>\n\n<\/tr>\n\n<tr bgcolor=\"#E0F9E0\">\n\n<td>Designation<\/td>\n\n<td>FF<\/td>\n\n<\/tr>\n\n<tr bgcolor=\"#E0F9E0\">\n\n<td>Notes<\/td>\n\n<td><\/td>\n\n<\/tr>\n\n<tr bgcolor=\"#E0F9E0\">\n\n<td>Brook Trout<\/td>\n\n<td>Y<\/td>\n\n<\/tr>\n\n<tr bgcolor=\"#E0F9E0\">\n\n<td>Rainbow Trout<\/td>\n\n<td>Y<\/td>\n\n<\/tr>\n\n<tr bgcolor=\"#E0F9E0\">\n\n<td>Brown Trout<\/td>\n\n<td>Y<\/td>\n\n<\/tr>\n\n<tr bgcolor=\"#E0F9E0\">\n\n<td>Category<\/td>\n\n<td>FF<\/td>\n\n<\/tr>\n\n<tr bgcolor=\"#E0F9E0\">\n\n<td>Heritage<\/td>\n\n<td>Y<\/td>\n\n<\/tr>\n\n<tr bgcolor=\"#E0F9E0\">\n\n<td>National Forest<\/td>\n\n<td><\/td>\n\n<\/tr>\n\n<\/table>\n\n<\/body>\n\n<\/html>\n\n", "timestamp": null, "begin": null, "end": null, "altitudeMode": "clampToGround", "tessellate": -1, "extrude": -1, "visibility": -1, "drawOrder": null, "icon": null }, "geometry": { "type": "Point", "coordinates": [ -79.796180860815326, 37.90896025737451, 0.0 ] } },
{ "type": "Feature", "properties": { "Name": "EF Little Reed Island Creek", "description": "<html xmlns:fo=\"http:\/\/www.w3.org\/1999\/XSL\/Format\">\n\n<body>\n\n<table border=\"1\" width=\"350\" cellpadding=\"5\">\n\n<tr style=\"background-color:#663300\">\n\n<th style=\"color:#66FF66\">Field Name<\/th>\n\n<th style=\"color:#66FF66\">Value<\/th>\n\n<\/tr>\n\n<tr bgcolor=\"#E0F9E0\">\n\n<td>County<\/td>\n\n<td>Carroll<\/td>\n\n<\/tr>\n\n<tr bgcolor=\"#E0F9E0\">\n\n<td>Waterbody<\/td>\n\n<td>EF Little Reed Island Creek<\/td>\n\n<\/tr>\n\n<tr bgcolor=\"#E0F9E0\">\n\n<td>Designation<\/td>\n\n<td>PNT<\/td>\n\n<\/tr>\n\n<tr bgcolor=\"#E0F9E0\">\n\n<td>Notes<\/td>\n\n<td>Single bridge stocking location.<\/td>\n\n<\/tr>\n\n<tr bgcolor=\"#E0F9E0\">\n\n<td>Brook Trout<\/td>\n\n<td><\/td>\n\n<\/tr>\n\n<tr bgcolor=\"#E0F9E0\">\n\n<td>Rainbow Trout<\/td>\n\n<td>Y<\/td>\n\n<\/tr>\n\n<tr bgcolor=\"#E0F9E0\">\n\n<td>Brown Trout<\/td>\n\n<td>Y<\/td>\n\n<\/tr>\n\n<tr bgcolor=\"#E0F9E0\">\n\n<td>Category<\/td>\n\n<td>A<\/td>\n\n<\/tr>\n\n<tr bgcolor=\"#E0F9E0\">\n\n<td>Heritage<\/td>\n\n<td><\/td>\n\n<\/tr>\n\n<tr bgcolor=\"#E0F9E0\">\n\n<td>National Forest<\/td>\n\n<td><\/td>\n\n<\/tr>\n\n<\/table>\n\n<\/body>\n\n<\/html>\n\n", "timestamp": null, "begin": null, "end": null, "altitudeMode": "clampToGround", "tessellate": -1, "extrude": -1, "visibility": -1, "drawOrder": null, "icon": null }, "geometry": { "type": "Point", "coordinates": [ -80.73055884754875, 36.705562751696981, 0.0 ] } },
{ "type": "Feature", "properties": { "Name": "Gullion Fork Ponds", "description": "<html xmlns:fo=\"http:\/\/www.w3.org\/1999\/XSL\/Format\">\n\n<body>\n\n<table border=\"1\" width=\"350\" cellpadding=\"5\">\n\n<tr style=\"background-color:#663300\">\n\n<th style=\"color:#66FF66\">Field Name<\/th>\n\n<th style=\"color:#66FF66\">Value<\/th>\n\n<\/tr>\n\n<tr bgcolor=\"#E0F9E0\">\n\n<td>County<\/td>\n\n<td>Wythe<\/td>\n\n<\/tr>\n\n<tr bgcolor=\"#E0F9E0\">\n\n<td>Waterbody<\/td>\n\n<td>Gullion Fork Ponds<\/td>\n\n<\/tr>\n\n<tr bgcolor=\"#E0F9E0\">\n\n<td>Designation<\/td>\n\n<td>PNT<\/td>\n\n<\/tr>\n\n<tr bgcolor=\"#E0F9E0\">\n\n<td>Notes<\/td>\n\n<td><\/td>\n\n<\/tr>\n\n<tr bgcolor=\"#E0F9E0\">\n\n<td>Brook Trout<\/td>\n\n<td><\/td>\n\n<\/tr>\n\n<tr bgcolor=\"#E0F9E0\">\n\n<td>Rainbow Trout<\/td>\n\n<td>Y<\/td>\n\n<\/tr>\n\n<tr bgcolor=\"#E0F9E0\">\n\n<td>Brown Trout<\/td>\n\n<td><\/td>\n\n<\/tr>\n\n<tr bgcolor=\"#E0F9E0\">\n\n<td>Category<\/td>\n\n<td>B<\/td>\n\n<\/tr>\n\n<tr bgcolor=\"#E0F9E0\">\n\n<td>Heritage<\/td>\n\n<td><\/td>\n\n<\/tr>\n\n<tr bgcolor=\"#E0F9E0\">\n\n<td>National Forest<\/td>\n\n<td>Y<\/td>\n\n<\/tr>\n\n<\/table>\n\n<\/body>\n\n<\/html>\n\n", "timestamp": null, "begin": null, "end": null, "altitudeMode": "clampToGround", "tessellate": -1, "extrude": -1, "visibility": -1, "drawOrder": null, "icon": null }, "geometry": { "type": "Point", "coordinates": [ -81.253204400092628, 37.013955040830872, 0.0 ] } },
{ "type": "Feature", "properties": { "Name": "Gullion Fork Ponds", "description": "<html xmlns:fo=\"http:\/\/www.w3.org\/1999\/XSL\/Format\">\n\n<body>\n\n<table border=\"1\" width=\"350\" cellpadding=\"5\">\n\n<tr style=\"background-color:#663300\">\n\n<th style=\"color:#66FF66\">Field Name<\/th>\n\n<th style=\"color:#66FF66\">Value<\/th>\n\n<\/tr>\n\n<tr bgcolor=\"#E0F9E0\">\n\n<td>County<\/td>\n\n<td>Wythe<\/td>\n\n<\/tr>\n\n<tr bgcolor=\"#E0F9E0\">\n\n<td>Waterbody<\/td>\n\n<td>Gullion Fork Ponds<\/td>\n\n<\/tr>\n\n<tr bgcolor=\"#E0F9E0\">\n\n<td>Designation<\/td>\n\n<td>PNT<\/td>\n\n<\/tr>\n\n<tr bgcolor=\"#E0F9E0\">\n\n<td>Notes<\/td>\n\n<td><\/td>\n\n<\/tr>\n\n<tr bgcolor=\"#E0F9E0\">\n\n<td>Brook Trout<\/td>\n\n<td><\/td>\n\n<\/tr>\n\n<tr bgcolor=\"#E0F9E0\">\n\n<td>Rainbow Trout<\/td>\n\n<td>Y<\/td>\n\n<\/tr>\n\n<tr bgcolor=\"#E0F9E0\">\n\n<td>Brown Trout<\/td>\n\n<td><\/td>\n\n<\/tr>\n\n<tr bgcolor=\"#E0F9E0\">\n\n<td>Category<\/td>\n\n<td>B<\/td>\n\n<\/tr>\n\n<tr bgcolor=\"#E0F9E0\">\n\n<td>Heritage<\/td>\n\n<td><\/td>\n\n<\/tr>\n\n<tr bgcolor=\"#E0F9E0\">\n\n<td>National Forest<\/td>\n\n<td>Y<\/td>\n\n<\/tr>\n\n<\/table>\n\n<\/body>\n\n<\/html>\n\n", "timestamp": null, "begin": null, "end": null, "altitudeMode": "clampToGround", "tessellate": -1, "extrude": -1, "visibility": -1, "drawOrder": null, "icon": null }, "geometry": { "type": "Point", "coordinates": [ -81.253340762590042, 37.014818667157769, 0.0 ] } },
{ "type": "Feature", "properties": { "Name": "Rural Retreat Pond", "description": "<html xmlns:fo=\"http:\/\/www.w3.org\/1999\/XSL\/Format\">\n\n<body>\n\n<table border=\"1\" width=\"350\" cellpadding=\"5\">\n\n<tr style=\"background-color:#663300\">\n\n<th style=\"color:#66FF66\">Field Name<\/th>\n\n<th style=\"color:#66FF66\">Value<\/th>\n\n<\/tr>\n\n<tr bgcolor=\"#E0F9E0\">\n\n<td>County<\/td>\n\n<td>Wythe<\/td>\n\n<\/tr>\n\n<tr bgcolor=\"#E0F9E0\">\n\n<td>Waterbody<\/td>\n\n<td>Rural Retreat Pond<\/td>\n\n<\/tr>\n\n<tr bgcolor=\"#E0F9E0\">\n\n<td>Designation<\/td>\n\n<td>PNT<\/td>\n\n<\/tr>\n\n<tr bgcolor=\"#E0F9E0\">\n\n<td>Notes<\/td>\n\n<td><\/td>\n\n<\/tr>\n\n<tr bgcolor=\"#E0F9E0\">\n\n<td>Brook Trout<\/td>\n\n<td><\/td>\n\n<\/tr>\n\n<tr bgcolor=\"#E0F9E0\">\n\n<td>Rainbow Trout<\/td>\n\n<td>Y<\/td>\n\n<\/tr>\n\n<tr bgcolor=\"#E0F9E0\">\n\n<td>Brown Trout<\/td>\n\n<td><\/td>\n\n<\/tr>\n\n<tr bgcolor=\"#E0F9E0\">\n\n<td>Category<\/td>\n\n<td>A<\/td>\n\n<\/tr>\n\n<tr bgcolor=\"#E0F9E0\">\n\n<td>Heritage<\/td>\n\n<td><\/td>\n\n<\/tr>\n\n<tr bgcolor=\"#E0F9E0\">\n\n<td>National Forest<\/td>\n\n<td><\/td>\n\n<\/tr>\n\n<\/table>\n\n<\/body>\n\n<\/html>\n\n", "timestamp": null, "begin": null, "end": null, "altitudeMode": "clampToGround", "tessellate": -1, "extrude": -1, "visibility": -1, "drawOrder": null, "icon": null }, "geometry": { "type": "Point", "coordinates": [ -81.290096358502083, 36.863359852737013, 0.0 ] } },
{ "type": "Feature", "properties": { "Name": "Pandapas Pond", "description": "<html xmlns:fo=\"http:\/\/www.w3.org\/1999\/XSL\/Format\">\n\n<body>\n\n<table border=\"1\" width=\"350\" cellpadding=\"5\">\n\n<tr style=\"background-color:#663300\">\n\n<th style=\"color:#66FF66\">Field Name<\/th>\n\n<th style=\"color:#66FF66\">Value<\/th>\n\n<\/tr>\n\n<tr bgcolor=\"#E0F9E0\">\n\n<td>County<\/td>\n\n<td>Montgomery<\/td>\n\n<\/tr>\n\n<tr bgcolor=\"#E0F9E0\">\n\n<td>Waterbody<\/td>\n\n<td>Pandapas Pond<\/td>\n\n<\/tr>\n\n<tr bgcolor=\"#E0F9E0\">\n\n<td>Designation<\/td>\n\n<td>PNT<\/td>\n\n<\/tr>\n\n<tr bgcolor=\"#E0F9E0\">\n\n<td>Notes<\/td>\n\n<td><\/td>\n\n<\/tr>\n\n<tr bgcolor=\"#E0F9E0\">\n\n<td>Brook Trout<\/td>\n\n<td><\/td>\n\n<\/tr>\n\n<tr bgcolor=\"#E0F9E0\">\n\n<td>Rainbow Trout<\/td>\n\n<td>Y<\/td>\n\n<\/tr>\n\n<tr bgcolor=\"#E0F9E0\">\n\n<td>Brown Trout<\/td>\n\n<td><\/td>\n\n<\/tr>\n\n<tr bgcolor=\"#E0F9E0\">\n\n<td>Category<\/td>\n\n<td>A<\/td>\n\n<\/tr>\n\n<tr bgcolor=\"#E0F9E0\">\n\n<td>Heritage<\/td>\n\n<td><\/td>\n\n<\/tr>\n\n<tr bgcolor=\"#E0F9E0\">\n\n<td>National Forest<\/td>\n\n<td>Y<\/td>\n\n<\/tr>\n\n<\/table>\n\n<\/body>\n\n<\/html>\n\n", "timestamp": null, "begin": null, "end": null, "altitudeMode": "clampToGround", "tessellate": -1, "extrude": -1, "visibility": -1, "drawOrder": null, "icon": null }, "geometry": { "type": "Point", "coordinates": [ -80.468253832671479, 37.28129478984745, 0.0 ] } },
{ "type": "Feature", "properties": { "Name": "Lake Moomaw", "description": "<html xmlns:fo=\"http:\/\/www.w3.org\/1999\/XSL\/Format\">\n\n<body>\n\n<table border=\"1\" width=\"350\" cellpadding=\"5\">\n\n<tr style=\"background-color:#663300\">\n\n<th style=\"color:#66FF66\">Field Name<\/th>\n\n<th style=\"color:#66FF66\">Value<\/th>\n\n<\/tr>\n\n<tr bgcolor=\"#E0F9E0\">\n\n<td>County<\/td>\n\n<td>Bath<\/td>\n\n<\/tr>\n\n<tr bgcolor=\"#E0F9E0\">\n\n<td>Waterbody<\/td>\n\n<td>Lake Moomaw<\/td>\n\n<\/tr>\n\n<tr bgcolor=\"#E0F9E0\">\n\n<td>Designation<\/td>\n\n<td>SR<\/td>\n\n<\/tr>\n\n<tr bgcolor=\"#E0F9E0\">\n\n<td>Notes<\/td>\n\n<td>2 Fish 16\".<\/td>\n\n<\/tr>\n\n<tr bgcolor=\"#E0F9E0\">\n\n<td>Brook Trout<\/td>\n\n<td><\/td>\n\n<\/tr>\n\n<tr bgcolor=\"#E0F9E0\">\n\n<td>Rainbow Trout<\/td>\n\n<td>Y<\/td>\n\n<\/tr>\n\n<tr bgcolor=\"#E0F9E0\">\n\n<td>Brown Trout<\/td>\n\n<td>Y<\/td>\n\n<\/tr>\n\n<tr bgcolor=\"#E0F9E0\">\n\n<td>Category<\/td>\n\n<td>SR<\/td>\n\n<\/tr>\n\n<tr bgcolor=\"#E0F9E0\">\n\n<td>Heritage<\/td>\n\n<td><\/td>\n\n<\/tr>\n\n<tr bgcolor=\"#E0F9E0\">\n\n<td>National Forest<\/td>\n\n<td><\/td>\n\n<\/tr>\n\n<\/table>\n\n<\/body>\n\n<\/html>\n\n", "timestamp": null, "begin": null, "end": null, "altitudeMode": "clampToGround", "tessellate": -1, "extrude": -1, "visibility": -1, "drawOrder": null, "icon": null }, "geometry": { "type": "Point", "coordinates": [ -79.974951845391104, 37.9490313250692, 0.0 ] } },
{ "type": "Feature", "properties": { "Name": "Skidmore Reservoir", "description": "<html xmlns:fo=\"http:\/\/www.w3.org\/1999\/XSL\/Format\">\n\n<body>\n\n<table border=\"1\" width=\"350\" cellpadding=\"5\">\n\n<tr style=\"background-color:#663300\">\n\n<th style=\"color:#66FF66\">Field Name<\/th>\n\n<th style=\"color:#66FF66\">Value<\/th>\n\n<\/tr>\n\n<tr bgcolor=\"#E0F9E0\">\n\n<td>County<\/td>\n\n<td>Rockingham<\/td>\n\n<\/tr>\n\n<tr bgcolor=\"#E0F9E0\">\n\n<td>Waterbody<\/td>\n\n<td>Skidmore Reservoir<\/td>\n\n<\/tr>\n\n<tr bgcolor=\"#E0F9E0\">\n\n<td>Designation<\/td>\n\n<td>SR<\/td>\n\n<\/tr>\n\n<tr bgcolor=\"#E0F9E0\">\n\n<td>Notes<\/td>\n\n<td>10\" Minimum.<\/td>\n\n<\/tr>\n\n<tr bgcolor=\"#E0F9E0\">\n\n<td>Brook Trout<\/td>\n\n<td>Y<\/td>\n\n<\/tr>\n\n<tr bgcolor=\"#E0F9E0\">\n\n<td>Rainbow Trout<\/td>\n\n<td><\/td>\n\n<\/tr>\n\n<tr bgcolor=\"#E0F9E0\">\n\n<td>Brown Trout<\/td>\n\n<td><\/td>\n\n<\/tr>\n\n<tr bgcolor=\"#E0F9E0\">\n\n<td>Category<\/td>\n\n<td>SR<\/td>\n\n<\/tr>\n\n<tr bgcolor=\"#E0F9E0\">\n\n<td>Heritage<\/td>\n\n<td><\/td>\n\n<\/tr>\n\n<tr bgcolor=\"#E0F9E0\">\n\n<td>National Forest<\/td>\n\n<td>Y<\/td>\n\n<\/tr>\n\n<\/table>\n\n<\/body>\n\n<\/html>\n\n", "timestamp": null, "begin": null, "end": null, "altitudeMode": "clampToGround", "tessellate": -1, "extrude": -1, "visibility": -1, "drawOrder": null, "icon": null }, "geometry": { "type": "Point", "coordinates": [ -79.143315257296081, 38.569155334914583, 0.0 ] } },
{ "type": "Feature", "properties": { "Name": "Lake Tams", "description": "<html xmlns:fo=\"http:\/\/www.w3.org\/1999\/XSL\/Format\">\n\n<body>\n\n<table border=\"1\" width=\"350\" cellpadding=\"5\">\n\n<tr style=\"background-color:#663300\">\n\n<th style=\"color:#66FF66\">Field Name<\/th>\n\n<th style=\"color:#66FF66\">Value<\/th>\n\n<\/tr>\n\n<tr bgcolor=\"#E0F9E0\">\n\n<td>County<\/td>\n\n<td>Staunton City<\/td>\n\n<\/tr>\n\n<tr bgcolor=\"#E0F9E0\">\n\n<td>Waterbody<\/td>\n\n<td>Lake Tams<\/td>\n\n<\/tr>\n\n<tr bgcolor=\"#E0F9E0\">\n\n<td>Designation<\/td>\n\n<td>PNT<\/td>\n\n<\/tr>\n\n<tr bgcolor=\"#E0F9E0\">\n\n<td>Notes<\/td>\n\n<td><\/td>\n\n<\/tr>\n\n<tr bgcolor=\"#E0F9E0\">\n\n<td>Brook Trout<\/td>\n\n<td><\/td>\n\n<\/tr>\n\n<tr bgcolor=\"#E0F9E0\">\n\n<td>Rainbow Trout<\/td>\n\n<td>Y<\/td>\n\n<\/tr>\n\n<tr bgcolor=\"#E0F9E0\">\n\n<td>Brown Trout<\/td>\n\n<td><\/td>\n\n<\/tr>\n\n<tr bgcolor=\"#E0F9E0\">\n\n<td>Category<\/td>\n\n<td>B<\/td>\n\n<\/tr>\n\n<tr bgcolor=\"#E0F9E0\">\n\n<td>Heritage<\/td>\n\n<td><\/td>\n\n<\/tr>\n\n<tr bgcolor=\"#E0F9E0\">\n\n<td>National Forest<\/td>\n\n<td><\/td>\n\n<\/tr>\n\n<\/table>\n\n<\/body>\n\n<\/html>\n\n", "timestamp": null, "begin": null, "end": null, "altitudeMode": "clampToGround", "tessellate": -1, "extrude": -1, "visibility": -1, "drawOrder": null, "icon": null }, "geometry": { "type": "Point", "coordinates": [ -79.08230162610802, 38.158438776063043, 0.0 ] } },
{ "type": "Feature", "properties": { "Name": "South Holston Reservoir", "description": "<html xmlns:fo=\"http:\/\/www.w3.org\/1999\/XSL\/Format\">\n\n<body>\n\n<table border=\"1\" width=\"350\" cellpadding=\"5\">\n\n<tr style=\"background-color:#663300\">\n\n<th style=\"color:#66FF66\">Field Name<\/th>\n\n<th style=\"color:#66FF66\">Value<\/th>\n\n<\/tr>\n\n<tr bgcolor=\"#E0F9E0\">\n\n<td>County<\/td>\n\n<td>Washington<\/td>\n\n<\/tr>\n\n<tr bgcolor=\"#E0F9E0\">\n\n<td>Waterbody<\/td>\n\n<td>South Holston Reservoir<\/td>\n\n<\/tr>\n\n<tr bgcolor=\"#E0F9E0\">\n\n<td>Designation<\/td>\n\n<td>SR<\/td>\n\n<\/tr>\n\n<tr bgcolor=\"#E0F9E0\">\n\n<td>Notes<\/td>\n\n<td>7 per day limit.  2 Lake Trout maximum. No minimum size.<\/td>\n\n<\/tr>\n\n<tr bgcolor=\"#E0F9E0\">\n\n<td>Brook Trout<\/td>\n\n<td><\/td>\n\n<\/tr>\n\n<tr bgcolor=\"#E0F9E0\">\n\n<td>Rainbow Trout<\/td>\n\n<td>Y<\/td>\n\n<\/tr>\n\n<tr bgcolor=\"#E0F9E0\">\n\n<td>Brown Trout<\/td>\n\n<td>Y<\/td>\n\n<\/tr>\n\n<tr bgcolor=\"#E0F9E0\">\n\n<td>Category<\/td>\n\n<td>SR<\/td>\n\n<\/tr>\n\n<tr bgcolor=\"#E0F9E0\">\n\n<td>Heritage<\/td>\n\n<td><\/td>\n\n<\/tr>\n\n<tr bgcolor=\"#E0F9E0\">\n\n<td>National Forest<\/td>\n\n<td><\/td>\n\n<\/tr>\n\n<\/table>\n\n<\/body>\n\n<\/html>\n\n", "timestamp": null, "begin": null, "end": null, "altitudeMode": "clampToGround", "tessellate": -1, "extrude": -1, "visibility": -1, "drawOrder": null, "icon": null }, "geometry": { "type": "Point", "coordinates": [ -82.010522757255458, 36.596356837448852, 0.0 ] } },
{ "type": "Feature", "properties": { "Name": "Ivy Creek Park", "description": "<html xmlns:fo=\"http:\/\/www.w3.org\/1999\/XSL\/Format\">\n\n<body>\n\n<table border=\"1\" width=\"350\" cellpadding=\"5\">\n\n<tr style=\"background-color:#663300\">\n\n<th style=\"color:#66FF66\">Field Name<\/th>\n\n<th style=\"color:#66FF66\">Value<\/th>\n\n<\/tr>\n\n<tr bgcolor=\"#E0F9E0\">\n\n<td>County<\/td>\n\n<td>Lynchburg<\/td>\n\n<\/tr>\n\n<tr bgcolor=\"#E0F9E0\">\n\n<td>Waterbody<\/td>\n\n<td>Ivy Creek Park<\/td>\n\n<\/tr>\n\n<tr bgcolor=\"#E0F9E0\">\n\n<td>Designation<\/td>\n\n<td>U<\/td>\n\n<\/tr>\n\n<tr bgcolor=\"#E0F9E0\">\n\n<td>Notes<\/td>\n\n<td><\/td>\n\n<\/tr>\n\n<tr bgcolor=\"#E0F9E0\">\n\n<td>Brook Trout<\/td>\n\n<td><\/td>\n\n<\/tr>\n\n<tr bgcolor=\"#E0F9E0\">\n\n<td>Rainbow Trout<\/td>\n\n<td>Y<\/td>\n\n<\/tr>\n\n<tr bgcolor=\"#E0F9E0\">\n\n<td>Brown Trout<\/td>\n\n<td><\/td>\n\n<\/tr>\n\n<tr bgcolor=\"#E0F9E0\">\n\n<td>Category<\/td>\n\n<td>U<\/td>\n\n<\/tr>\n\n<tr bgcolor=\"#E0F9E0\">\n\n<td>Heritage<\/td>\n\n<td><\/td>\n\n<\/tr>\n\n<tr bgcolor=\"#E0F9E0\">\n\n<td>National Forest<\/td>\n\n<td><\/td>\n\n<\/tr>\n\n<\/table>\n\n<\/body>\n\n<\/html>\n\n", "timestamp": null, "begin": null, "end": null, "altitudeMode": "clampToGround", "tessellate": -1, "extrude": -1, "visibility": -1, "drawOrder": null, "icon": null }, "geometry": { "type": "Point", "coordinates": [ -79.233888856886779, 37.405063275971322, 0.0 ] } }
]
}
