<?xml version="1.0" encoding="ISO-8859-1"?>
<metadata>
	<idinfo>
		<citation>
			<citeinfo>
				<origin>Virginia Department of Game and Inland Fisheries</origin>
				<pubdate>2005</pubdate>
				<title>Virginia's Ecoregions - Wildlife Action Plan</title>
				<geoform Sync="TRUE">vector digital data</geoform>
				<pubinfo>
					<pubplace>Richmond, VA</pubplace>
					<publish>Virginia Department of Game and Inland Fisheries</publish>
				</pubinfo>
				<ftname Sync="TRUE">WAP_Sections</ftname><onlink>http://www.dgif.virginia.gov/gis/gis-data.asp</onlink><lworkcit><citeinfo><origin>Virginia Department of Game and Inland Fisheries</origin><pubdate>2005</pubdate><title>Virginia's Wildlife Action Plan</title><onlink>http://www.bewildvirginia.org</onlink></citeinfo></lworkcit></citeinfo>
		</citation>
		<descript>
			<abstract>These data represent the ecoregions used in Virginia's Wildlife Action Plan.  The units are a modified Bailey Ecoregions at the section level.  The data were edit from sections provided by Key's et al 1995 Ecoregion Subsection data. The national scale Section level map was used to guide the grouping of subsections, specifically the delineation between northern and southern cumberland mountains.</abstract>
			<purpose>This dataset shows Virginia divided into ecoregions.  These data can be used to determine ecoregion members of any geographic feature in Virginia.</purpose>
			<langdata Sync="TRUE">en</langdata></descript>
		<timeperd>
			<timeinfo>
				<sngdate>
					<caldate>2005</caldate>
				</sngdate>
			</timeinfo>
			<current>publication date</current>
		</timeperd>
		<status>
			<progress>Complete</progress>
			<update>None planned</update>
		</status>
		<spdom>
			<bounding>
				<westbc Sync="TRUE">-83.836826</westbc>
				<eastbc Sync="TRUE">-75.162286</eastbc>
				<northbc Sync="TRUE">39.461075</northbc>
				<southbc Sync="TRUE">36.465080</southbc>
			</bounding>
			<lboundng><leftbc Sync="TRUE">-373501.263733</leftbc><rightbc Sync="TRUE">373577.803909</rightbc><bottombc Sync="TRUE">60041.494078</bottombc><topbc Sync="TRUE">384132.380599</topbc></lboundng></spdom>
		<keywords>
			<theme>
				<themekt>N/A</themekt>
				<themekey>boundaries</themekey>
				<themekey>Wildlife Action Plan</themekey>
				<themekey>Comprehensive Wildlife Action Plan</themekey>
				<themekey>ecoregion</themekey>
				<themekey>Baileys </themekey>
				<themekey>ecological sections</themekey>
				<themekey>physiographic</themekey>
				<themekey>Wildlife</themekey><themekey>biota</themekey></theme>
			<place>
				<placekey>Virginia</placekey>
				<placekey>USA</placekey>
				<placekey>Commonwealth of Virginia</placekey>
			</place>
			<temporal></temporal>
		</keywords>
		<accconst>These data are available to public or private entities with permission by Virginia Department of Game and Inland Fisheries, Wildlife Diversity Division.</accconst>
		<useconst>Neither the VDGIF nor the contributors of data to VDGIF shall be held liable for any improper or incorrect use or application of the data provided, and assume no responsibility for the use or application of the data or information derived from interpretation of the data. In no event shall the VDGIF or its collaborators be liable for any direct, indirect, or incidental damages arising from the use or application of these data. This disclaimer of liability applies to any damages or injury, including but not limited to those caused by any failure of performance, error, omission, defect, delay in operation or transmission, computer virus, alteration, use, application, analysis, or interpretation of data. 

Data are available by permission of the Virginia Department of Game and Inland Fisheries.  Use of data in publications, either digital or hardcopy, must be cited as follows:  Virginia's Ecoregions - Wildlife Action Plan.   2008.   Virginia Department of Game and Inland Fisheries.</useconst>
		<ptcontac>
			<cntinfo>
				<cntperp>
					<cntper>Dave Morton</cntper>
					<cntorg>Virginia Department of Game and Inland Fisheries</cntorg>
				</cntperp>
				<cntpos>GIS Coordinator</cntpos>
				<cntaddr>
					<addrtype>mailing and physical address</addrtype>
					<address>4010 West Broad Street</address>
					<city>Richmond</city>
					<state>Virginia</state>
					<postal>23230-1104</postal>
					<country>USA</country>
				</cntaddr>
				<cntvoice>(804) 367-6772</cntvoice>
				<cntfax>(804) 367-2427</cntfax>
				<cntemail>dave.morton@dgif.virginia.gov</cntemail>
				<hours>8AM - 5PM</hours>
			</cntinfo>
		</ptcontac>
		<native Sync="TRUE">Microsoft Windows XP Version 5.1 (Build 2600) Service Pack 2; ESRI ArcCatalog 9.2.4.1420</native>
		<natvform Sync="TRUE">Shapefile</natvform></idinfo>
	<dataqual>
		<complete>No warranty, expressed or implied, is made regarding the accuracy, adequacy, completeness, reliability, or usefulness of any data provided. These data are provided on an "as is" basis. All warranties of any kind, express or implied, including but not limited to fitness for a particular use, freedom from computer viruses, and non-infringement of proprietary rights, are disclaimed. </complete>
		<posacc>
			<horizpa>
				<qhorizpa>
					<horizpav>+/- 200 meters</horizpav>
				</qhorizpa>
			</horizpa>
			<vertacc>
				<vertaccr>Not Applicable</vertaccr>
			</vertacc>
		</posacc>
		<lineage>
			<srcinfo>
				<srccite><citeinfo><origin>Keys et al. - USDA Forest Service</origin><pubdate>2000</pubdate><title>Ecological Units of the Eastern United States. First Approximation</title><geoform>vector digital data</geoform><onlink>http://www.srs.fs.fed.us/sustain/data/ecoregions/index.htm</onlink><lworkcit><citeinfo><origin>Robert Baily - USDA Forest Service</origin><pubdate>1995</pubdate><title>Ecoregions of the United States</title><geoform>map</geoform></citeinfo></lworkcit></citeinfo></srccite><typesrc>digital data</typesrc></srcinfo>
			<procstep>
				<procdesc>Ecoregion section boundaries were obtained from "Ecological Units of the Eastern United States. First Approximation." CD-ROM Digital Data. USDA Forest Service. Geometronics Southern Region.  Sections were group together to represented the ecoregions that were appropriate to Virginia based on the Core Working Group of the Virginia Wildlife Action Plan
</procdesc>
				<proccont><cntinfo><cntperp><cntper>Dave Morton</cntper><cntorg>Virginia Dept. of Game &amp; Inland Fisheries</cntorg></cntperp><cntpos>GIS Coordinator</cntpos><cntvoice>804-367-6772</cntvoice><cntemail>dave.morton@dgif.virginia.gov</cntemail></cntinfo></proccont><procdate>2004</procdate></procstep>
			<procstep><procdesc Sync="TRUE">Metadata imported.</procdesc><date Sync="TRUE">20030604</date><time Sync="TRUE">15505600</time></procstep><procstep><procdesc Sync="TRUE">Metadata imported.</procdesc><date Sync="TRUE">20080919</date><time Sync="TRUE">12113400</time></procstep></lineage>
	</dataqual>
	<spdoinfo>
		<direct Sync="TRUE">Vector</direct>
		<ptvctinf>
			<sdtsterm Name="WAP_Sections">
				<sdtstype Sync="TRUE">G-polygon</sdtstype>
				<ptvctcnt Sync="TRUE">6</ptvctcnt>
			</sdtsterm>
			<esriterm Name="WAP_Sections"><efeatyp Sync="TRUE">Simple</efeatyp><efeageom Sync="TRUE">Polygon</efeageom><esritopo Sync="TRUE">FALSE</esritopo><efeacnt Sync="TRUE">6</efeacnt><spindex Sync="TRUE">TRUE</spindex><linrefer Sync="TRUE">FALSE</linrefer></esriterm></ptvctinf>
	</spdoinfo>
	<spref>
		<horizsys>
			<planar>
				<planci>
					<plance Sync="TRUE">coordinate pair</plance>
					<coordrep>
						<absres Sync="TRUE">0.000000</absres>
						<ordres Sync="TRUE">0.000000</ordres>
					</coordrep>
					<plandu Sync="TRUE">meters</plandu>
				</planci>
				<mapproj><mapprojn Sync="TRUE">Lambert Conformal Conic</mapprojn><lambertc><stdparll Sync="TRUE">37.000000</stdparll><stdparll Sync="TRUE">39.500000</stdparll><longcm Sync="TRUE">-79.500000</longcm><latprjo Sync="TRUE">36.000000</latprjo><feast Sync="TRUE">0.000000</feast><fnorth Sync="TRUE">0.000000</fnorth></lambertc></mapproj></planar>
			<geodetic>
				<horizdn Sync="TRUE">North American Datum of 1983</horizdn>
				<ellips Sync="TRUE">Geodetic Reference System 80</ellips>
				<semiaxis Sync="TRUE">6378137.000000</semiaxis>
				<denflat Sync="TRUE">298.257222</denflat>
			</geodetic>
			<cordsysn><geogcsn Sync="TRUE">GCS_North_American_1983</geogcsn><projcsn Sync="TRUE">North_America_Lambert_Conformal_Conic</projcsn></cordsysn></horizsys>
	</spref>
	<eainfo>
		<detailed Name="WAP_Sections">
			<enttyp>
				<enttypl Sync="TRUE">WAP_Sections</enttypl>
				<enttypt Sync="TRUE">Feature Class</enttypt><enttypc Sync="TRUE">6</enttypc></enttyp>
			<attr>
				<attrlabl Sync="TRUE">FID</attrlabl>
				<attrdef Sync="TRUE">Internal feature number.</attrdef>
				<attrdefs Sync="TRUE">ESRI</attrdefs>
				<attrdomv>
					<udom Sync="TRUE">Sequential unique whole numbers that are automatically generated.</udom>
				</attrdomv>
				<attalias Sync="TRUE">FID</attalias><attrtype Sync="TRUE">OID</attrtype><attwidth Sync="TRUE">4</attwidth><atprecis Sync="TRUE">0</atprecis><attscale Sync="TRUE">0</attscale></attr>
			<attr>
				<attrlabl Sync="TRUE">Shape</attrlabl>
				<attrdef Sync="TRUE">Feature geometry.</attrdef>
				<attrdefs Sync="TRUE">ESRI</attrdefs>
				<attrdomv>
					<udom Sync="TRUE">Coordinates defining the features.</udom>
				</attrdomv>
				<attalias Sync="TRUE">Shape</attalias><attrtype Sync="TRUE">Geometry</attrtype><attwidth Sync="TRUE">0</attwidth><atprecis Sync="TRUE">0</atprecis><attscale Sync="TRUE">0</attscale></attr>
			<attr><attrlabl Sync="TRUE">CWCS_eco</attrlabl><attalias Sync="TRUE">CWCS_eco</attalias><attrtype Sync="TRUE">String</attrtype><attwidth Sync="TRUE">254</attwidth><attrdef>Name of ecorgion</attrdef><attrdefs>USDA Forest Service/VDGIF</attrdefs></attr><attr><attrlabl Sync="TRUE">Cnt_CWCS_e</attrlabl><attalias Sync="TRUE">Cnt_CWCS_e</attalias><attrtype Sync="TRUE">Number</attrtype><attwidth Sync="TRUE">9</attwidth></attr></detailed>
	</eainfo>
	<distinfo>
		<distliab>The VDGIF provides these data on an as is basis. All warranties of any kind, express or implied, including but not limited to fitness for a particular use, freedom from computer viruses, and non-infringement of proprietary rights are disclaimed. Neither the VDGIF nor the contributors to the VDGIF Fish and Wildlife Information Service (FWIS) shall be held liable for any improper or incorrect use of the information contained herein and assume no responsibility for the use of the information. In no event shall the VDGIF or the contributors to the FWIS be liable for any direct, indirect, or incidental damages arising in any way out of the use of this service. This disclaimer of liability applies to any damages or injury, including but not limited to those caused by any failure of performance, error, omission, defect, delay in operation or transmission, computer virus, alteration or use of record.</distliab>
		<stdorder>
			<digform>
				<digtinfo>
					<transize>0.392</transize>
					<dssize Sync="TRUE">0.203</dssize></digtinfo>
			</digform>
		</stdorder>
		<resdesc Sync="TRUE">Downloadable Data</resdesc><distrib><cntinfo><cntperp><cntper>Dave Morton</cntper><cntorg>Department of Game &amp; Inland Fisheries</cntorg></cntperp><cntpos>GIS Coordinator</cntpos><cntvoice>(804) 367-6772</cntvoice><cntfax>(804) 367-2427</cntfax><cntemail>dave.morton@dgif.virginia.gov</cntemail></cntinfo></distrib></distinfo>
	<metainfo>
		<metd Sync="TRUE">20080922</metd>
		<metc>
			<cntinfo>
				<cntperp>
					<cntper>Len�e Pennington</cntper>
					<cntorg>Virginia Department of Game and Inland Fisheries</cntorg>
				</cntperp>
				<cntpos>GIS Specialist/Cartographer</cntpos>
				<cntaddr>
					<addrtype>mailing and physical address</addrtype>
					<address>4010 West Broad Street</address>
					<city>Richmond</city>
					<state>Virginia</state>
					<postal>23230-1104</postal>
					<country>USA</country>
				</cntaddr>
				<cntvoice>(804) 367-0058</cntvoice>
				<cntfax>(804) 367-2427</cntfax>
				<cntemail>lenee.pennington@dgif.virginia.gov</cntemail>
				<hours>8AM - 5PM</hours>
			</cntinfo>
		</metc>
		<metstdn Sync="TRUE">FGDC Content Standards for Digital Geospatial Metadata</metstdn>
		<metstdv Sync="TRUE">FGDC-STD-001-1998</metstdv>
		<mettc Sync="TRUE">local time</mettc>
		<metextns>
			<metprof>ESRI Metadata Profile</metprof>
		</metextns>
		<metextns>
			<onlink>http://www.esri.com/metadata/esriprof80.html</onlink>
			<metprof>ESRI Metadata Profile</metprof>
		</metextns>
		<langmeta Sync="TRUE">en</langmeta><metextns><onlink Sync="TRUE">http://www.esri.com/metadata/esriprof80.html</onlink><metprof Sync="TRUE">ESRI Metadata Profile</metprof></metextns></metainfo>
	<Esri><CreaDate>20080919</CreaDate><CreaTime>12113400</CreaTime><SyncOnce>FALSE</SyncOnce><SyncDate>20080922</SyncDate><SyncTime>13013800</SyncTime><ModDate>20080922</ModDate><ModTime>13013800</ModTime><MetaID>{CF939748-035C-419F-96A3-B20B50154C7C}</MetaID></Esri><dataIdInfo><envirDesc Sync="TRUE">Microsoft Windows XP Version 5.1 (Build 2600) Service Pack 2; ESRI ArcCatalog 9.2.4.1420</envirDesc><dataLang><languageCode Sync="TRUE" value="en"></languageCode></dataLang><idCitation><resTitle Sync="TRUE">WAP_Sections</resTitle><presForm><PresFormCd Sync="TRUE" value="005"></PresFormCd></presForm></idCitation><spatRpType><SpatRepTypCd Sync="TRUE" value="001"></SpatRepTypCd></spatRpType><dataExt><geoEle><GeoBndBox esriExtentType="native"><westBL Sync="TRUE">-373501.263733</westBL><eastBL Sync="TRUE">373577.803909</eastBL><northBL Sync="TRUE">384132.380599</northBL><southBL Sync="TRUE">60041.494078</southBL><exTypeCode Sync="TRUE">1</exTypeCode></GeoBndBox></geoEle></dataExt><geoBox esriExtentType="decdegrees"><westBL Sync="TRUE">-83.836826</westBL><eastBL Sync="TRUE">-75.162286</eastBL><northBL Sync="TRUE">39.461075</northBL><southBL Sync="TRUE">36.46508</southBL><exTypeCode Sync="TRUE">1</exTypeCode></geoBox></dataIdInfo><mdLang><languageCode Sync="TRUE" value="en"></languageCode></mdLang><mdStanName Sync="TRUE">ISO 19115 Geographic Information - Metadata</mdStanName><mdStanVer Sync="TRUE">DIS_ESRI1.0</mdStanVer><mdChar><CharSetCd Sync="TRUE" value="004"></CharSetCd></mdChar><mdHrLv><ScopeCd Sync="TRUE" value="005"></ScopeCd></mdHrLv><mdHrLvName Sync="TRUE">dataset</mdHrLvName><distInfo><distributor><distorTran><onLineSrc><orDesc Sync="TRUE">002</orDesc><linkage Sync="TRUE">file://\\gis\share\data\GISData\boundaries\ecoregions\WAP_Sections.shp</linkage><protocol Sync="TRUE">Local Area Network</protocol></onLineSrc><transSize Sync="TRUE">0.203</transSize></distorTran><distorFormat><formatName Sync="TRUE">Shapefile</formatName></distorFormat></distributor></distInfo><refSysInfo><RefSystem><refSysID><identCode Sync="TRUE">North_America_Lambert_Conformal_Conic</identCode></refSysID></RefSystem></refSysInfo><spatRepInfo><VectSpatRep><topLvl><TopoLevCd Sync="TRUE" value="001"></TopoLevCd></topLvl><geometObjs Name="WAP_Sections"><geoObjTyp><GeoObjTypCd Sync="TRUE" value="001"></GeoObjTypCd></geoObjTyp><geoObjCnt Sync="TRUE">6</geoObjCnt></geometObjs></VectSpatRep></spatRepInfo><mdDateSt Sync="TRUE">20080922</mdDateSt></metadata>
