<?xml version="1.0"?>
<!--<!DOCTYPE metadata SYSTEM "http://www.esri.com/metadata/esriprof80.dtd">-->
<metadata xml:lang="en"><Esri><CreaDate>20110916</CreaDate><CreaTime>09400300</CreaTime><SyncOnce>FALSE</SyncOnce><MetaID>{F3F5BDD9-86E0-466E-B15A-C00AC41F2434}</MetaID><SyncDate>20120208</SyncDate><SyncTime>10393700</SyncTime><ModDate>20120208</ModDate><ModTime>10451100</ModTime></Esri><idinfo><citation><citeinfo><onlink>http://www.fsa.usda.gov/FSA/apfoapp?area=home&amp;subject=prog&amp;topic=landing</onlink><origin>United States Department of Agriculture, Farm Service Agency, Aerial Photography Field Office</origin><pubdate>2004</pubdate><title Sync="TRUE">va_naip04film</title><ftname Sync="TRUE">va_naip04film</ftname><geoform Sync="TRUE">vector digital data</geoform></citeinfo></citation><native Sync="TRUE">Microsoft Windows XP Version 5.1 (Build 2600) Service Pack 3; ESRI ArcCatalog 9.3.1.3000</native><descript><langdata Sync="TRUE">en</langdata><abstract>This data set is a photo center shapefile with basic attribute information for aerial film acquired from the USDA's National Agriculture Imagery Program (NAIP). The photo centers are derived from data supplied by the aerial contractors, as well as from standard quarter-quad based photo center positions for stereo imagery.</abstract><purpose>This data set is intended to identify basic attribute information about NAIP film coverage including geographic location of film photo center, roll number, exposure, spot number, station, and exposure date.</purpose></descript><timeperd><current>ground condition</current><timeinfo><sngdate><caldate>2004</caldate></sngdate></timeinfo></timeperd><status><progress>Complete</progress><update>None planned</update></status><spdom><bounding><westbc Sync="TRUE">-82.926316</westbc><eastbc Sync="TRUE">-75.064609</eastbc><northbc Sync="TRUE">39.719248</northbc><southbc Sync="TRUE">36.079829</southbc></bounding><lboundng><leftbc Sync="TRUE">864619.829284</leftbc><rightbc Sync="TRUE">1532363.046073</rightbc><bottombc Sync="TRUE">4053986.549187</bottombc><topbc Sync="TRUE">4405254.648358</topbc></lboundng></spdom><keywords><theme><themekt>REQUIRED: Reference to a formally registered thesaurus or a similar authoritative source of theme keywords.</themekt><themekey>photocenter</themekey><themekey>photo</themekey><themekey>center</themekey><themekey>film</themekey><themekey>NAIP</themekey><themekey>color</themekey><themekey>positive</themekey><themekey>stereo</themekey><themekey>aerial</themekey></theme><place><placekey>Virginia</placekey><placekey>VA</placekey><placekey>51000</placekey></place><temporal><tempkey>2004</tempkey></temporal></keywords><accconst>None</accconst><useconst>None</useconst><natvform Sync="TRUE">Shapefile</natvform><ptcontac><cntinfo><cntorgp><cntorg>United States Department of Agriculture, Farm Service Agency, Aerial Photography Field Office</cntorg></cntorgp><cntaddr><addrtype>mailing and physical address</addrtype><address>2222 West 2300 South</address><city>Salt Lake City</city><state>UT</state><postal>84119-2020</postal><country>USA</country></cntaddr><cntvoice>801-844-2922</cntvoice><cntfax>801-956-3653</cntfax><cntemail>apfo.sales@slc.usda.gov</cntemail></cntinfo></ptcontac><secinfo><secclass>Unclassified</secclass></secinfo></idinfo><distInfo><distributor><distorTran><onLineSrc><linkage Sync="TRUE">file://\\Utsaltlaked176\sales\NAIP Photo Centers\NAIP04 Photo Centers\VAshape\va_naip04film.shp</linkage><protocol Sync="TRUE">Local Area Network</protocol><orDesc Sync="TRUE">002</orDesc></onLineSrc><transSize Sync="TRUE">0.084</transSize></distorTran><distorFormat><formatName Sync="TRUE">Shapefile</formatName></distorFormat></distributor></distInfo><dataqual><lineage><procstep><procdesc>Photo centers provided by contractor. APFO corrected some dates and removed duplicates.</procdesc><srcused Sync="TRUE">\\Utsaltlaked176\sales\NAIP Photo Centers\NAIP04 Photo Centers\VAshape\va_naip04film</srcused><procdate Sync="TRUE">20110228</procdate><proctime Sync="TRUE">09244400</proctime></procstep><procstep><procdesc Sync="TRUE">Dataset copied.</procdesc><srcused Sync="TRUE">E:\projects\1MissingPhotoCenters\VA04\va_naip04film</srcused><procdate Sync="TRUE">20110916</procdate><proctime Sync="TRUE">09400300</proctime></procstep></lineage></dataqual><dataIdInfo><envirDesc Sync="TRUE">Microsoft Windows XP Version 5.1 (Build 2600) Service Pack 3; ESRI ArcCatalog 9.3.1.3000</envirDesc><dataLang><languageCode Sync="TRUE" value="en"></languageCode></dataLang><idCitation><resTitle Sync="TRUE">va_naip04film</resTitle><presForm><PresFormCd Sync="TRUE" value="005"></PresFormCd></presForm></idCitation><spatRpType><SpatRepTypCd Sync="TRUE" value="001"></SpatRepTypCd></spatRpType><dataExt><geoEle><GeoBndBox esriExtentType="native"><westBL Sync="TRUE">864619.829284</westBL><eastBL Sync="TRUE">1532363.046073</eastBL><northBL Sync="TRUE">4405254.648358</northBL><southBL Sync="TRUE">4053986.549187</southBL><exTypeCode Sync="TRUE">1</exTypeCode></GeoBndBox></geoEle></dataExt><geoBox esriExtentType="decdegrees"><westBL Sync="TRUE">-82.926316</westBL><eastBL Sync="TRUE">-75.064609</eastBL><northBL Sync="TRUE">39.719248</northBL><southBL Sync="TRUE">36.079829</southBL><exTypeCode Sync="TRUE">1</exTypeCode></geoBox></dataIdInfo><metainfo><langmeta Sync="TRUE">en</langmeta><metstdn Sync="TRUE">FGDC Content Standards for Digital Geospatial Metadata</metstdn><metstdv Sync="TRUE">FGDC-STD-001-1998</metstdv><mettc Sync="TRUE">local time</mettc><metc><cntinfo><cntorgp><cntper>REQUIRED: The person responsible for the metadata information.</cntper><cntorg>United States Department of Agriculture, Farm Service Agency, Aerial Photography Field Office</cntorg></cntorgp><cntaddr><addrtype>mailing and physical address</addrtype><city>Salt Lake City</city><state>UT</state><postal>84119-2020</postal><address>2222 West 2300 South</address><country>USA</country></cntaddr><cntvoice>801-844-2922</cntvoice><cntfax>801-956-3653</cntfax><cntemail>apfo.sales@slc.usda.gov</cntemail></cntinfo></metc><metd Sync="TRUE">20120208</metd><metsi><metsc>Unclassified</metsc></metsi><metextns><onlink Sync="TRUE">http://www.esri.com/metadata/esriprof80.html</onlink><metprof Sync="TRUE">ESRI Metadata Profile</metprof></metextns></metainfo><mdLang><languageCode Sync="TRUE" value="en"></languageCode></mdLang><mdStanName Sync="TRUE">ISO 19115 Geographic Information - Metadata</mdStanName><mdStanVer Sync="TRUE">DIS_ESRI1.0</mdStanVer><mdChar><CharSetCd Sync="TRUE" value="004"></CharSetCd></mdChar><mdHrLv><ScopeCd Sync="TRUE" value="005"></ScopeCd></mdHrLv><mdHrLvName Sync="TRUE">dataset</mdHrLvName><distinfo><resdesc Sync="TRUE">Downloadable Data</resdesc><stdorder><digform><digtinfo><transize Sync="TRUE">0.084</transize><dssize Sync="TRUE">0.084</dssize></digtinfo></digform></stdorder><distrib><cntinfo><cntorgp><cntorg>United States Department of Agriculture, Farm Service Agency, Aerial Photography Field Office</cntorg></cntorgp><cntaddr><addrtype>mailing and physical address</addrtype><address>2222 West 2300 South</address><city>Salt Lake City</city><state>UT</state><postal>84119</postal><country>USA</country></cntaddr><cntvoice>801-844-2922</cntvoice><cntfax>801-956-3653</cntfax><cntemail>apfo.sales@slc.usda.gov</cntemail></cntinfo></distrib></distinfo><spdoinfo><direct Sync="TRUE">Vector</direct><ptvctinf><esriterm Name="va_naip04film"><efeatyp Sync="TRUE">Simple</efeatyp><efeageom Sync="TRUE">Point</efeageom><esritopo Sync="TRUE">FALSE</esritopo><efeacnt Sync="TRUE">3125</efeacnt><spindex Sync="TRUE">TRUE</spindex><linrefer Sync="TRUE">FALSE</linrefer></esriterm><sdtsterm Name="va_naip04film"><sdtstype Sync="TRUE">Entity point</sdtstype><ptvctcnt Sync="TRUE">3125</ptvctcnt></sdtsterm></ptvctinf></spdoinfo><spref><horizsys><cordsysn><geogcsn Sync="TRUE">GCS_North_American_1983</geogcsn><projcsn Sync="TRUE">NAD_1983_UTM_Zone_16N</projcsn></cordsysn><planar><planci><plance Sync="TRUE">coordinate pair</plance><plandu Sync="TRUE">meters</plandu><coordrep><absres Sync="TRUE">0.000000</absres><ordres Sync="TRUE">0.000000</ordres></coordrep></planci><gridsys><gridsysn Sync="TRUE">Universal Transverse Mercator</gridsysn><utm><utmzone Sync="TRUE">16</utmzone><transmer><sfctrmer Sync="TRUE">0.999600</sfctrmer><longcm Sync="TRUE">-87.000000</longcm><latprjo Sync="TRUE">0.000000</latprjo><feast Sync="TRUE">500000.000000</feast><fnorth Sync="TRUE">0.000000</fnorth></transmer></utm></gridsys></planar><geodetic><horizdn Sync="TRUE">North American Datum of 1983</horizdn><ellips Sync="TRUE">Geodetic Reference System 80</ellips><semiaxis Sync="TRUE">6378137.000000</semiaxis><denflat Sync="TRUE">298.257222</denflat></geodetic></horizsys></spref><refSysInfo><RefSystem><refSysID><identCode Sync="TRUE">NAD_1983_UTM_Zone_16N</identCode></refSysID></RefSystem></refSysInfo><spatRepInfo><VectSpatRep><topLvl><TopoLevCd Sync="TRUE" value="001"></TopoLevCd></topLvl><geometObjs Name="va_naip04film"><geoObjTyp><GeoObjTypCd Sync="TRUE" value="004"></GeoObjTypCd></geoObjTyp><geoObjCnt Sync="TRUE">3125</geoObjCnt></geometObjs></VectSpatRep></spatRepInfo><eainfo><detailed Name="va_naip04film"><enttyp><enttypl Sync="TRUE">va_naip04film</enttypl><enttypt Sync="TRUE">Feature Class</enttypt><enttypc Sync="TRUE">3125</enttypc></enttyp><attr><attrlabl Sync="TRUE">FID</attrlabl><attalias Sync="TRUE">FID</attalias><attrtype Sync="TRUE">OID</attrtype><attwidth Sync="TRUE">4</attwidth><atprecis Sync="TRUE">0</atprecis><attscale Sync="TRUE">0</attscale><attrdef Sync="TRUE">Internal feature number.</attrdef><attrdefs Sync="TRUE">ESRI</attrdefs><attrdomv><udom Sync="TRUE">Sequential unique whole numbers that are automatically generated.</udom></attrdomv></attr><attr><attrlabl Sync="TRUE">Shape</attrlabl><attalias Sync="TRUE">Shape</attalias><attrtype Sync="TRUE">Geometry</attrtype><attwidth Sync="TRUE">0</attwidth><atprecis Sync="TRUE">0</atprecis><attscale Sync="TRUE">0</attscale><attrdef Sync="TRUE">Feature geometry.</attrdef><attrdefs Sync="TRUE">ESRI</attrdefs><attrdomv><udom Sync="TRUE">Coordinates defining the features.</udom></attrdomv></attr><attr><attrlabl Sync="TRUE">ROLL</attrlabl><attalias Sync="TRUE">ROLL</attalias><attrtype Sync="TRUE">String</attrtype><attwidth Sync="TRUE">254</attwidth><attrdef>NAIP film roll number</attrdef></attr><attr><attrlabl Sync="TRUE">SPOT</attrlabl><attalias Sync="TRUE">SPOT</attalias><attrtype Sync="TRUE">Number</attrtype><attwidth Sync="TRUE">16</attwidth><attrdef>NAIP film spot number (for internal APFO use)</attrdef><atnumdec Sync="TRUE">6</atnumdec></attr><attr><attrlabl Sync="TRUE">EXP</attrlabl><attalias Sync="TRUE">EXP</attalias><attrtype Sync="TRUE">Number</attrtype><attwidth Sync="TRUE">16</attwidth><attrdef>NAIP film exposure number</attrdef><atnumdec Sync="TRUE">6</atnumdec></attr><attr><attrlabl Sync="TRUE">LAT</attrlabl><attalias Sync="TRUE">LAT</attalias><attrtype Sync="TRUE">Number</attrtype><attwidth Sync="TRUE">16</attwidth><attrdef>photo center latitude in decimal degrees</attrdef><atnumdec Sync="TRUE">6</atnumdec></attr><attr><attrlabl Sync="TRUE">LON</attrlabl><attalias Sync="TRUE">LON</attalias><attrtype Sync="TRUE">Number</attrtype><attwidth Sync="TRUE">16</attwidth><attrdef>photo center longitude in decimal degrees</attrdef><atnumdec Sync="TRUE">6</atnumdec></attr><attr><attrlabl Sync="TRUE">STATION</attrlabl><attalias Sync="TRUE">STATION</attalias><attrtype Sync="TRUE">String</attrtype><attwidth Sync="TRUE">254</attwidth><attrdef>Position upon which NAIP photograph is centered, based on specific locations within the boundaries of associated 7.5-minute topographic map quads.</attrdef></attr><attr><attrlabl Sync="TRUE">EXPDATE</attrlabl><attalias Sync="TRUE">EXPDATE</attalias><attrtype Sync="TRUE">Number</attrtype><attwidth Sync="TRUE">16</attwidth><attrdef>film exposure date</attrdef><atnumdec Sync="TRUE">6</atnumdec></attr></detailed></eainfo><mdDateSt Sync="TRUE">20120208</mdDateSt></metadata>
