<metadata>
	<idinfo>
		<citation>
			<citeinfo>
				<origin>U.S. Geological Survey</origin>
				<pubdate>2010</pubdate>
				<title>DelmarvaS_SVA_ST.shp - Digital Shoreline Analysis System version 4.1 Transects with Short-Term Rate Calculations for the Delmarva South/Southern Virginia region from Wallops Island, Virginia to the Virginia/North Carolina border</title>
				<geoform>vector digital data</geoform>
				<serinfo>
					<sername>Open-File Report</sername>
					<issue>2010-1119</issue>
				</serinfo>
				<pubinfo>
					<pubplace>Woods Hole Coastal and Marine Science Center, Woods Hole, MA</pubplace>
					<publish>U.S. Geological Survey, Coastal and Marine Geology Program</publish>
				</pubinfo>
				<onlink>http://pubs.usgs.gov/of/2010/1119/</onlink>
				<lworkcit>
					<citeinfo>
						<origin>Emily A. Himmelstoss</origin>
						<origin>Meredith G. Kratzmann</origin>
						<origin>Cheryl J. Hapke</origin>
						<origin>E. Robert Thieler</origin>
						<origin>Jeffrey List</origin>
						<pubdate>2010</pubdate>
						<title>National Assessment of Shoreline Change: A GIS Compilation of Vector Shorelines and Associated Shoreline Change Data for the New England and Mid-Atlantic Coasts</title>
						<serinfo>
							<sername>Open-File Report</sername>
							<issue>2010-1119</issue>
						</serinfo>
						<pubinfo>
							<pubplace>Woods Hole Coastal and Marine Science Center, Woods Hole, MA</pubplace>
							<publish>U.S. Geological Survey, Coastal and Marine Geology Program</publish>
						</pubinfo>
						<onlink>http://pubs.usgs.gov/of/2010/1119/</onlink>
					</citeinfo>
				</lworkcit>
			</citeinfo>
		</citation>
		<descript>
			<abstract>Sandy ocean beaches are a popular recreational destination, often surrounded by communities containing valuable real estate.  Development is on the rise despite the fact that coastal infrastructure is subjected to flooding and erosion.  As a result, there is an increased demand for accurate information regarding past and present shoreline changes.  To meet these national needs, the Coastal and Marine Geology Program of the U.S. Geological Survey (USGS) is compiling existing reliable historical shoreline data along open-ocean sandy shores of the conterminous United States and parts of Alaska and Hawaii under the National Assessment of Shoreline Change project.

There is no widely accepted standard for analyzing shoreline change.  Existing shoreline data measurements and rate calculation methods vary from study to study and prevent combining results into state-wide or regional assessments.  The impetus behind the National Assessment project was to develop a standardized method of measuring changes in shoreline position that is consistent from coast to coast.  The goal was to facilitate the process of periodically and systematically updating the results in an internally consistent manner.</abstract>
			<purpose>This dataset consists of short-term (~30 years) shoreline change rates for the Delmarva South/Southern Virginia region from Wallops Island, Virginia to the Virginia/North Carolina border.  Rate calculations were computed within a GIS using the Digital Shoreline Analysis System (DSAS) version 4.1, an ArcGIS extension developed by the U.S. Geological Survey.  Short-term rates of shoreline change were calculated using an end-point rate method based on shorelines from 1980 and 1997 to provide an approximately 30-yr short-term rate.  A reference baseline was used as the originating point for the orthogonal transects cast by the DSAS software. The transects intersect each shoreline establishing measurement points, which are then used to calculate short-term rates.</purpose>
		</descript>
		<timeperd>
			<timeinfo>
				<sngdate>
					<caldate>2010</caldate>
				</sngdate>
			</timeinfo>
			<current>publication date</current>
		</timeperd>
		<status>
			<progress>Complete</progress>
			<update>None planned</update>
		</status>
		<spdom>
			<bounding>
				<westbc>-76.011236</westbc>
				<eastbc>-75.422691</eastbc>
				<northbc>37.883951</northbc>
				<southbc>36.548610</southbc>
			</bounding>
		</spdom>
		<keywords>
			<theme>
				<themekt>General</themekt>
				<themekey>Shoreline</themekey>
				<themekey>Historic Shoreline</themekey>
				<themekey>Shoreline Change Rate</themekey>
				<themekey>Erosion</themekey>
				<themekey>Accretion</themekey>
				<themekey>Linear Regression Rate</themekey>
				<themekey>Endpoint Rate</themekey>
				<themekey>Baseline</themekey>
				<themekey>Transect</themekey>
				<themekey>Digital Shoreline Analysis System</themekey>
				<themekey>DSAS</themekey>
				<themekey>U.S. Geological Survey</themekey>
				<themekey>USGS</themekey>
				<themekey>Coastal and Marine Geology Program</themekey>
				<themekey>CMGP</themekey>
				<themekey>Woods Hole Coastal and Marine Science Center</themekey>
				<themekey>WHCMSC</themekey>
				<themekey>National Assessment of Shoreline Change Project</themekey>
			</theme>
			<theme>
				<themekt>ISO 19115 Topic Category</themekt>
				<themekey>oceans</themekey>
				<themekey>environment</themekey>
				<themekey>oceans and estuaries</themekey>
				<themekey>oceans and coastal</themekey>
				<themekey>geoscientificInformation</themekey>
			</theme>
			<place>
				<placekey>Atlantic Coast</placekey>
				<placekt>General</placekt>
				<placekey>United States</placekey>
				<placekey>Mid-Atlantic</placekey>
				<placekey>Delmarva</placekey>
				<placekey>Virginia</placekey>
				<placekey>Wallops Island</placekey>
				<placekey>Assawoman Island</placekey>
				<placekey>Metompkin Island</placekey>
				<placekey>Cedar Island</placekey>
				<placekey>Parramore Island</placekey>
				<placekey>Hog Island</placekey>
				<placekey>Cobb Island</placekey>
				<placekey>Wreck Island</placekey>
				<placekey>Ship Shoal Island</placekey>
				<placekey>Myrtle Island</placekey>
				<placekey>Smith Island</placekey>
				<placekey>Fishermans Island</placekey>
				<placekey>Cape Henry</placekey>
				<placekey>Virginia Beach</placekey>
				<placekey>False Cape</placekey>
			</place>
		</keywords>
		<accconst>none</accconst>
		<useconst>Public domain data from the U.S. Government are freely redistributable with proper metadata and source attribution. Please recognize the U.S. Geological Survey as the originator of the dataset.</useconst>
		<ptcontac>
			<cntinfo>
				<cntaddr>
					<addrtype>mailing and physical address</addrtype>
					<address>384 Woods Hole Road</address>
					<city>Woods Hole</city>
					<state>MA</state>
					<postal>02543-1598</postal>
					<country>USA</country>
				</cntaddr>
				<cntvoice>508-548-8700</cntvoice>
				<cntfax>508-457-2310</cntfax>
				<cntorgp><cntorg>U.S. Geological Survey</cntorg></cntorgp></cntinfo>
		</ptcontac>
		<native>Microsoft Windows XP Version 5.1 (Build 2600) Service Pack 3; ESRI ArcCatalog 9.3.1.1850</native>
		<crossref>
			<citeinfo>
				<origin>E.R. Thieler</origin>
				<origin>E.A. Himmelstoss</origin>
				<origin>J.L. Zichichi</origin>
				<origin>A. Ergul</origin>
				<pubdate>2009</pubdate>
				<title>Digital Shoreline Analysis System (DSAS) version 4.0: an ArcGIS extension for calculating shoreline change</title>
				<serinfo>
					<sername>Open-File Report</sername>
					<issue>2008-1278</issue>
				</serinfo>
				<pubinfo>
					<pubplace>Woods Hole Coastal and Marine Science Center, Woods Hole, MA</pubplace>
					<publish>U.S. Geological Survey, Coastal and Marine Geology Program</publish>
				</pubinfo>
				<onlink>http://woodshole.er.usgs.gov/project-pages/dsas/version4/index.html</onlink>
				<othercit>Current version is 4.1.</othercit>
				<onlink>http://woodshole.er.usgs.gov/project-pages/dsas/</onlink>
				<onlink>http://pubs.usgs.gov/of/2008/1278/</onlink>
			</citeinfo>
		</crossref>
		<crossref>
			<citeinfo>
				<origin>Cheryl J. Hapke</origin>
				<origin>Emily A. Himmelstoss</origin>
				<origin>Meredith G. Kratzmann</origin>
				<origin>Jeffrey List</origin>
				<origin>E. Robert Thieler</origin>
				<pubdate>2010</pubdate>
				<title>National Assessment of Shoreline Change: Historical Shoreline Change along the New England and Mid-Atlantic Coasts</title>
				<serinfo>
					<sername>Open-File Report</sername>
					<issue>2010-1118</issue>
				</serinfo>
				<pubinfo>
					<pubplace>Woods Hole Coastal and Marine Science Center, Woods Hole, MA</pubplace>
					<publish>U.S. Geological Survey, Coastal and Marine Geology Program</publish>
				</pubinfo>
				<onlink>http://pubs.usgs.gov/of/2010/1118/</onlink>
			</citeinfo>
		</crossref>
	</idinfo>
	<dataqual>
		<attracc>
			<attraccr>The attributes of this dataset are based on the field requirements of the Digital Shoreline Analysis System and were automatically generated by the software during the generation of the transect layer or during the calculation of shoreline change rates performed by the software.</attraccr>
		</attracc>
		<logic>These data were generated using DSAS v4.1, an automated software program which does not perform checks for fidelity of the input features. The transects were visually inspected and sometimes manually adjusted within a standard ArcMap edit session to adjust the position at which an individual transect intersected the shorelines.</logic>
		<complete>This dataset contains the transects automatically generated by the DSAS software application that were used to calculate short-term shoreline change rates for the region.  Additional transects may have been generated but did not intersect the two shoreline dates specified (1980 and 1997 years) to calculate short-term rates.</complete>
		<lineage>
			<procstep>
				<procdesc>Transect Features Generated using DSAS v4.1 in ArcMap v9.3. Parameters Used: baseline layer=DelmarvaS_SVA_baseline, baseline group field=NULL, transect spacing=50 meters, transect length=2500 meters, cast direction=AUTO-DETECT, baseline location=offshore, cast method=two leg, smoothing distance=50 meters, flip baselines=not selected. For additional details on these parameters, please see the DSAS help file distributed with the DSAS software, or visit the USGS website at: http://pubs.usgs.gov/of/2008/1278/. This process step and all subsequent process steps were performed by the same person: Emily Himmelstoss.</procdesc>
				<procdate>20090320</procdate>
				<proccont>
					<cntinfo>
						<cntperp>
							<cntper>Emily Himmelstoss</cntper>
							<cntorg>U.S. Geological Survey</cntorg>
						</cntperp>
						<cntpos>Geologist</cntpos>
						<cntaddr>
							<addrtype>mailing and physical address</addrtype>
							<address>384 Woods Hole Road</address>
							<city>Woods Hole</city>
							<state>MA</state>
							<postal>02543-1598</postal>
							<country>USA</country>
						</cntaddr>
						<cntvoice>508-548-8700 x2262</cntvoice>
						<cntfax>508-457-2310</cntfax>
						<cntemail>ehimmelstoss@usgs.gov</cntemail>
					</cntinfo>
				</proccont>
			</procstep>
			<procstep>
				<procdesc>Some transects did not intersect all shorelines at the default transect length.  These transects were manually lengthened in an edit session using standard editing tools in ArcMap v9.3.</procdesc>
				<procdate>20090320</procdate>
			</procstep>
			<procstep>
				<procdesc>Rate Calculations Performed in DSAS v4.1 using ArcMap v9.3 on Selected Shoreline Features Only (1980 and 1997).  Parameters Used: shoreline layer=DelmarvaS_SVA_shorelines, shoreline date field=Date_, shoreline uncertainty field name=Uncy, the default accuracy=10.8 meters, shoreline intersection parameters=nearest, stats calculations=[End Point Rate (EPR)], shoreline threshold=none, confidence interval=90%, Output rate table name=DelmarvaS_SVA_transects_rates_20100428_114730.</procdesc>
				<procdate>20100428</procdate>
			</procstep>
			<procstep>
				<procdesc>Shoreline rates table (DelmarvaS_SVA_transects_rates_20100414_105054.dbf) was joined to the transect feature class in ArcMap v9.3 by right-clicking on the transect layer &gt; joins and relates &gt; join &gt; join attributes from a table.  Parameters: join field - ObjectID; table to join - DelmarvaS_SVA_transects_rates_20100414_105054; field in table: TransectID; join options - keep only matching records.</procdesc>
				<procdate>20100428</procdate>
			</procstep>
			<procstep>
				<procdesc>The joined transect feature class was exported to a shapefile in ArcMap v9.3 by right-clicking the transect layer &gt; data &gt; export data, permanently linking the joined rate fields to the transect attribute table.</procdesc>
				<procdate>20100428</procdate>
			</procstep>
			<procstep>
				<procdesc>The exported transect shapefile was projected in ESRI's ArcToolbox (v.9.3) &gt; Data Management Tools &gt; Projections and Transformations &gt; Feature &gt; Project.  Parameters: input projection - UTM zone 18N (NAD 83); output projection - geographic coordinates (WGS84); transformation - NAD_1983_To_WGS_1984_1.</procdesc>
				<procdate>20100428</procdate>
			</procstep>
		</lineage>
	</dataqual>
	<spdoinfo>
		<direct>Vector</direct>
		<ptvctinf>
			<sdtsterm>
				<sdtstype>String</sdtstype>
				<ptvctcnt>2074</ptvctcnt>
			</sdtsterm>
		</ptvctinf>
	</spdoinfo>
	<spref>
		<horizsys>
			<geodetic>
				<horizdn>D_WGS_1984</horizdn>
				<ellips>WGS_1984</ellips>
				<semiaxis>6378137.000000</semiaxis>
				<denflat>298.257224</denflat>
			</geodetic>
			<geograph>
				<latres>0.000001</latres>
				<longres>0.000001</longres>
				<geogunit>Decimal degrees</geogunit>
			</geograph>
		</horizsys>
		<vertdef>
			<altsys/>
		</vertdef>
	</spref>
	<eainfo>
		<detailed>
			<enttyp>
				<enttypl>DelmarvaS_SVA_ST</enttypl>
				<enttypd>Transects are automatically generated by DSAS at a 90 degree angle to the user-specified baseline.</enttypd>
				<enttypds>U.S. Geological Survey</enttypds>
			</enttyp>
			<attr>
				<attrlabl>FID</attrlabl>
				<attrdef>Internal feature number.</attrdef>
				<attrdefs>ESRI</attrdefs>
				<attrdomv>
					<udom>Sequential unique whole numbers that are automatically generated.</udom>
				</attrdomv>
			</attr>
			<attr>
				<attrlabl>SHAPE</attrlabl>
				<attrdef>Feature geometry.</attrdef>
				<attrdefs>ESRI</attrdefs>
				<attrdomv>
					<udom>Coordinates defining the features.</udom>
				</attrdomv>
			</attr>
			<attr>
				<attrlabl>OBJECTID</attrlabl>
				<attrdef>Internal feature number generated for each row of the transect attribute table when stored as a feature class in a geodatabase.  This value is the common attribute field when joining to the TransectID value in short-term results output table calculated by DSAS. </attrdef>
				<attrdefs>USGS</attrdefs>
				<attrdomv>
					<udom>Sequential unique whole numbers that are automatically generated.</udom>
				</attrdomv>
			</attr>
			<attr>
				<attrlabl>BASELINEID</attrlabl>
				<attrdef>Unique identification number of the baseline segment. If BaselineID=0 no transects will be generated. Used by DSAS to determine transect ordering alongshore if multiple baseline segments exist.</attrdef>
				<attrdefs>U.S. Geological Survey</attrdefs>
				<attrdomv>
					<rdom>
						<rdommin>0</rdommin>
						<rdommax>unlimited</rdommax>
					</rdom>
				</attrdomv>
			</attr>
			<attr>
				<attrlabl>TRANSORDER</attrlabl>
				<attrdef>Assigned by DSAS based on ordering of transects along the baseline.  Used to allow user to sort transect data along the baseline from baseline start to baseline end.</attrdef>
				<attrdefs>U.S. Geological Survey</attrdefs>
				<attrdomv>
					<rdom>
						<rdommin>0</rdommin>
						<rdommax>unlimited</rdommax>
					</rdom>
				</attrdomv>
			</attr>
			<attr>
				<attrlabl>PROCTIME</attrlabl>
				<attrdef>Assigned by DSAS automatically to record the date and time a transect was processed.</attrdef>
				<attrdefs>U.S. Geological Survey</attrdefs>
				<attrdomv>
					<rdom>
						<rdommin>no value or 0 (when transect was manually created by user)</rdommin>
						<rdommax>unlimited (values based on time and date of automatic generation)</rdommax>
					</rdom>
				</attrdomv>
			</attr>
			<attr>
				<attrlabl>AUTOGEN</attrlabl>
				<attrdef>Assigned by DSAS to indicate whether or not a transect was automatically created by DSAS (1= transect was auto generated by DSAS; blank or 0=transect was not auto-generated).</attrdef>
				<attrdefs>U.S. Geological Survey</attrdefs>
				<attrdomv>
					<rdom>
						<rdommin>blank or 0</rdommin>
						<rdommax>1</rdommax>
					</rdom>
				</attrdomv>
			</attr>
			<attr>
				<attrlabl>STARTX</attrlabl>
				<attrdef>Assigned by DSAS automatically to record the X coordinate of the beginning of the transect in meter units (UTM zone 18N, NAD 83).</attrdef>
				<attrdefs>U.S. Geological Survey</attrdefs>
				<attrdomv>
					<udom>Values based on data set extent. When blank, transect was manually created by user.</udom>
				</attrdomv>
			</attr>
			<attr>
				<attrlabl>STARTY</attrlabl>
				<attrdef>Assigned by DSAS automatically to record the Y coordinate of the beginning of the transect in meter units (UTM zone 18N, NAD 83).</attrdef>
				<attrdefs>U.S. Geological Survey</attrdefs>
				<attrdomv>
					<udom>Values based on data set extent. When blank, transect was manually created by user.</udom>
				</attrdomv>
			</attr>
			<attr>
				<attrlabl>ENDX</attrlabl>
				<attrdef>Assigned by DSAS automatically to record the X coordinate of the end of the transect in meter units (UTM zone 18N, NAD 83).</attrdef>
				<attrdefs>U.S. Geological Survey</attrdefs>
				<attrdomv>
					<udom>Values based on data set extent. When blank, transect was manually created by user.</udom>
				</attrdomv>
			</attr>
			<attr>
				<attrlabl>ENDY</attrlabl>
				<attrdef>Assigned by DSAS automatically to record the Y coordinate of the end of the transect in meter units (UTM zone 18N, NAD 83).</attrdef>
				<attrdefs>U.S. Geological Survey</attrdefs>
				<attrdomv>
					<udom>Values based on data set extent. When blank, transect was manually created by user.</udom>
				</attrdomv>
			</attr>
			<attr>
				<attrlabl>AZIMUTH</attrlabl>
				<attrdef>Assigned by DSAS to record the azimuth of the transect measure in degrees clockwise from North. When zero, transect was manually created by user.</attrdef>
				<attrdefs>U.S. Geological Survey</attrdefs>
				<attrdomv>
					<rdom>
						<rdommin>0</rdommin>
						<rdommax>360</rdommax>
					</rdom>
				</attrdomv>
			</attr>
			<attr>
				<attrlabl>SHAPE_LENG</attrlabl>
				<attrdef>Length of feature in meter units (UTM zone 18N, NAD 83).</attrdef>
				<attrdefs>ESRI</attrdefs>
				<attrdomv>
					<rdom>
						<rdommin>1472.444076</rdommin>
						<rdommax>3344.23695</rdommax>
					</rdom>
				</attrdomv>
			</attr>
			<attr>
				<attrlabl>TRANSECTID</attrlabl>
				<attrdef>Same value as ObjectID.  Used as a permanent and unique identification number for each transect in the output rates table calculated by DSAS. This attribute was used as the common field when joining the rates table (.dbf) to the transect feature class in a geodatabase.</attrdef>
				<attrdefs>USGS</attrdefs>
			</attr>
			<attr>
				<attrlabl>EPR</attrlabl>
				<attrdef>The end point rate is calculated by dividing the distance of shoreline movement by the time elapsed between the two shorelines.  The rate is reported in meters/year.</attrdef>
				<attrdefs>U.S. Geological Survey</attrdefs>
				<attrdomv>
					<rdom>
						<rdommin>-40.29</rdommin>
						<rdommax>50.56</rdommax>
					</rdom>
				</attrdomv>
			</attr>
			<attr>
				<attrlabl>ECI</attrlabl>
				<attrdef>Describes the uncertainty of the reported end point rate in meters.</attrdef>
				<attrdefs>U.S. Geological Survey</attrdefs>
				<attrdomv>
					<rdom>
						<rdommin>0</rdommin>
						<rdommax>1.141</rdommax>
					</rdom>
				</attrdomv>
			</attr>
		</detailed>
		<overview><eaover>All calculations for length are in meter units and were based on the UTM zone 18N NAD83 projection.</eaover></overview></eainfo>
	<metainfo>
		<metd>20100701</metd>
		<metc>
			<cntinfo>
				<cntorgp>
					<cntorg>U.S. Geological Survey</cntorg>
					<cntper>Emily Himmelstoss</cntper>
				</cntorgp>
				<cntpos>Geologist</cntpos>
				<cntaddr>
					<addrtype>mailing and physical address</addrtype>
					<address>384 Woods Hole Road</address>
					<city>Woods Hole</city>
					<state>MA</state>
					<postal>02543</postal>
					<country>USA</country>
				</cntaddr>
				<cntvoice>508-548-8700 x2262</cntvoice>
				<cntemail>ehimmelstoss@usgs.gov</cntemail>
			</cntinfo>
		</metc>
		<metstdn>FGDC Content Standards for Digital Geospatial Metadata</metstdn>
		<metstdv>FGDC-STD-001-1998</metstdv>
		<mettc>local time</mettc>
	</metainfo>
	<dataIdInfo>
		<envirDesc>Microsoft Windows XP Version 5.1 (Build 2600) Service Pack 3; ESRI ArcCatalog 9.3.1.1850</envirDesc>
		<dataLang>
			<languageCode value="en"/>
		</dataLang>
		<idCitation>
			<resTitle>DelmarvaS_SVA_ST</resTitle>
			<presForm>
				<PresFormCd value="005"/>
			</presForm>
		</idCitation>
		<spatRpType>
			<SpatRepTypCd value="001"/>
		</spatRpType>
		<dataExt>
			<geoEle>
				<GeoBndBox esriExtentType="native">
					<westBL>-76.011236</westBL>
					<eastBL>-75.422691</eastBL>
					<northBL>37.883951</northBL>
					<southBL>36.54861</southBL>
					<exTypeCode>1</exTypeCode>
				</GeoBndBox>
			</geoEle>
		</dataExt>
		<geoBox esriExtentType="decdegrees">
			<westBL>-76.011236</westBL>
			<eastBL>-75.422691</eastBL>
			<northBL>37.883951</northBL>
			<southBL>36.54861</southBL>
			<exTypeCode>1</exTypeCode>
		</geoBox>
	</dataIdInfo>
	<mdLang>
		<languageCode value="en"/>
	</mdLang>
	<mdStanName>ISO 19115 Geographic Information - Metadata</mdStanName>
	<mdStanVer>DIS_ESRI1.0</mdStanVer>
	<mdChar>
		<CharSetCd value="004"/>
	</mdChar>
	<mdHrLv>
		<ScopeCd value="005"/>
	</mdHrLv>
	<mdHrLvName>dataset</mdHrLvName>
	<distInfo>
		<distributor>
			<distorTran>
				<onLineSrc>
					<orDesc>002</orDesc>
					<linkage>file://\\IGSAGIEGWSEHIX0\National_Assessment\DATA\NE_Atlantic\DSAS\NEMA\METADATA_GISreport\GIS\shapefiles\transects\NewEnglandN_LT.shp</linkage>
					<protocol>Local Area Network</protocol>
				</onLineSrc>
				<transSize>0.147</transSize>
			</distorTran>
			<distorFormat>
				<formatName>Shapefile</formatName>
			</distorFormat>
		</distributor>
	</distInfo>
	<refSysInfo>
		<RefSystem>
			<refSysID>
				<identCode>GCS_WGS_1984</identCode>
			</refSysID>
		</RefSystem>
	</refSysInfo>
	<spatRepInfo>
		<VectSpatRep>
			<topLvl>
				<TopoLevCd value="001"/>
			</topLvl>
			<geometObjs>
				<geoObjTyp>
					<GeoObjTypCd value="001"/>
				</geoObjTyp>
				<geoObjCnt>1749</geoObjCnt>
			</geometObjs>
		</VectSpatRep>
	</spatRepInfo>
	<mdDateSt>20100701</mdDateSt>
	<distinfo>
		<stdorder>
			<digform>
				<digtinfo>
					<formname>WinZip</formname>
					<formvern>9.0</formvern>
					<formspec>ESRI polyline shapefile</formspec>
					<formcont>This WinZip file contains a shapefile of transects generated by the Digital Shoreline Analysis System including short-term rate calculations for the Delmarva South/Southern Virginia region from Wallops Island, Virginia to the Virginia/North Carolina border.</formcont>
					<filedec>Use WinZip or pkUnzip</filedec>
				</digtinfo>
				<digtopt>
					<onlinopt>
						<computer>
							<networka>
								<networkr>http://pubs.usgs.gov/of/2010/1119/data/DelmarvaS_SVA_ST.zip</networkr>
							</networka>
						</computer>
						<accinstr>Data may be downloaded via the World Wide Web (WWW).</accinstr>
					</onlinopt>
				</digtopt>
			</digform>
			<fees>None</fees>
		</stdorder>
		<distrib>
			<cntinfo>
				<cntaddr>
					<addrtype>mailing and physical address</addrtype>
					<address>384 Woods Hole Road</address>
					<city>Woods Hole</city>
					<state>MA</state>
					<postal>02543-1598</postal>
					<country>USA</country>
				</cntaddr>
				<cntvoice>508-548-8700</cntvoice>
				<cntfax>508-457-2310</cntfax>
				<cntorgp>
					<cntorg>U.S. Geological Survey</cntorg>
				</cntorgp>
			</cntinfo>
		</distrib>
		<techpreq>This zip file contains data available in Environmental Systems Research Institute (ESRI) polyline shapefile format. The user must have ArcGIS or ArcView 3.0 or greater software to read and process the data file. In lieu of ArcView or ArcGIS, the user may utilize another GIS application package capable of importing the data. A free data viewer, ArcExplorer, capable of displaying the data is available from ESRI at www.esri.com.</techpreq>
		<resdesc>Downloadable Data</resdesc>
		<distliab>Neither the U.S. Government, the Department of the Interior, nor the USGS, nor any of their employees, contractors, or subcontractors, make any warranty, express or implied, nor assume any legal liability or responsibility for the accuracy, completeness, or usefulness of any information, apparatus, product, or process disclosed, nor represent that its use would not infringe on privately owned rights. The act of distribution shall not constitute any such warranty, and no responsibility is assumed by the USGS in the use of these data or related materials.

Any use of trade, product, or firm names is for descriptive purposes only and does not imply endorsement by the U.S. Government.</distliab>
	</distinfo>
</metadata>
