<?xml version="1.0" encoding="ISO-8859-1"?>
<!DOCTYPE metadata SYSTEM "http://www.fgdc.gov/metadata/fgdc-std-001-1998.dtd">
<metadata>
	<idinfo>
		<citation>
			<citeinfo>
				<origin>Sanborn Map Co.</origin>
				<pubdate>February 2007</pubdate>
				<title Sync="TRUE">Y2007_alb_topo_shp01</title>
				<geoform Sync="TRUE">vector digital data</geoform>
				<onlink Sync="TRUE">\\Cob_planning\Mapping\OOMGAIR\Damon Pettitt\VBMP_Y2007\Topo\Y2007_alb_topo_shp01.shp</onlink>
				<ftname Sync="TRUE">Y2007_alb_topo_shp01</ftname></citeinfo>
		</citation>
		<descript>
			<abstract>These 4' contours were produced as part of the VGIN mapping project executed in 2006 and 2007.  Contours were provided to jurisdictions who chose to use the upgrade option for contour generation.

This particular set consists of shapefiles tiled by USGS 1:24,000 quad sheets, therefore, there are a total of 23 files for Albemarle County.

Contours for the project meet accuracy specification for 4' contours based on the source 1"=1,200' photography (1"=200' orthophoto scale).  In areas of dense vegetation or shadow, it may be impossible for the stereo compilation technician to accurately see the ground. The operator places masspoints as best as possible, extending breaklines through shadowed areas or placing points on the ground as is visible through the vegetation. Since the ground is obscured, the contours cannot be guaranteed to meet accuracy specifications for the specified contour interval.

A companion layer is available to indicate where these obscured areas were.</abstract>
			<purpose>The aerial photography and creation of the subsequent contour data was executed to capture the existing ground conditions at a specific point in time for the purpose of GIS analysis. VGIN sub-contracted with the Sanborn Map Company to execute a Statewide mapping contract in the years 2006 and 2007.  This contract updated and enhanced the existing 2002 map data.  The Virginia Geographic Information Network (VGIN) is the lead public agency in the Commonwealth for spatial data and GIS. VGIN's mission is to facilitate the cost-effective development and use of spatial data, GIS, and related technologies in organizations throughout the Commonwealth.</purpose>
			<supplinf>The analog aerial photography was collected at 1"=1,200' scale and flown in Spring 2006 and 2007.  The aerial photography was controlled with strategic phot-identifiable ground control points.  The ground control points were referenced to a Statewide adjusted Network in North American Datum 1983; Virginia State Plane South.  The film was scanned at 14 microns and the aerotriangulation was executed using Zeiss ISAT software.  The accuracy of the 1"=1,200' scale aerotriangulation data supports 1"=200' mapping and the generation of the 4' contours. The Digital Terrain Model (DTM) and subsequent Triangular Irregular Network (TIN) used to the interpolate the contours was photogrammetrically stereo-compiled using fully manual methods to collect masspoints and breaklines.  The 4' contour data was initially compiled in tile (5,000' X 5,000') tile format and then were seamlessly merged together into GeoDatabase format for final delivery.</supplinf>
			<langdata Sync="TRUE">en</langdata></descript>
		<timeperd>
			<timeinfo>
				<sngdate>
					<caldate>March-April 2007</caldate>
				</sngdate>
			</timeinfo>
			<current>ground condition</current>
		</timeperd>
		<status>
			<progress>Complete</progress>
			<update>Unknown</update>
		</status>
		<spdom>
			<bounding>
				<westbc Sync="TRUE">-78.719159</westbc>
				<eastbc Sync="TRUE">-78.625057</eastbc>
				<northbc Sync="TRUE">38.280908</northbc>
				<southbc Sync="TRUE">38.249609</southbc>
			</bounding>
			<lboundng><leftbc Sync="TRUE">11420000.000029</leftbc><rightbc Sync="TRUE">11447000.000000</rightbc><bottombc Sync="TRUE">3978649.999705</bottombc><topbc Sync="TRUE">3990000.000037</topbc></lboundng><minalti Sync="TRUE">0.000000</minalti><maxalti Sync="TRUE">3316.000000</maxalti></spdom>
		<keywords>
			<theme>
				<themekey>4 foot Contours</themekey>
				<themekt>None</themekt></theme>
			<temporal><tempkey>2007</tempkey></temporal><place><placekey>Albemarle County</placekey><placekey>County of Albemarle</placekey></place></keywords>
		<accconst>Contact VGIN for information about regional and statewide VBMP datasets.  For information about local datasets, contact the appropriate locality.</accconst>
		<useconst>This VBMP data has been developed using procedures designed to produce data to National Standard for Spatial Data Accuracy (NSSDA) and is intended for use at 1" = 100' scale.  It is requested that the Commonwealth of Virginia be cited for any use of the orthophotography as follows:  "Imagery Courtesy of the Commonwealth of Virginia".</useconst>
		<ptcontac>
			<cntinfo>
				<cntperp>
					<cntper>Stu Blankenship</cntper>
					<cntorg>VGIN (Virginia Geographic Information Network)</cntorg>
				</cntperp>
				<cntvoice>(804) 786-8175</cntvoice>
			</cntinfo>
		</ptcontac>
		<native Sync="TRUE">Microsoft Windows XP Version 5.1 (Build 2600) Service Pack 3; ESRI ArcCatalog 9.2.5.1450</native>
		<natvform Sync="TRUE">Shapefile</natvform></idinfo>
	<dataqual>
		<lineage>
			<procstep>
				<procdesc>Dataset copied.</procdesc>
				<srcused>\\Cos-svr-64\MP3\Vgn708\mapping\vgn\contour_pgdb\VGIN_Area1b_Hampton.mdb</srcused>
			</procstep>
			<procstep>
				<procdesc>Metadata imported.</procdesc>
				<srcused>C:\DOCUME~1\TRUDNI~1.SAN\LOCALS~1\Temp\xmlA7E.tmp</srcused>
			</procstep>
			<procstep>
				<procdesc>Metadata imported.</procdesc>
				<srcused>N:\Vgn708\mapping\vgn\contour_pgdb\hampton.xml</srcused>
			</procstep>
			<procstep>
				<procdesc>Metadata imported.</procdesc>
				<srcused>T:\Vgn708\mapping\vgn\contour_pgdb\VGIN_Contours_Metadata.xml</srcused>
			</procstep>
			<procstep><procdesc Sync="TRUE">Metadata imported.</procdesc><srcused Sync="TRUE">T:\Vgn708\mapping\vgn\contour_pgdb\VGIN_4_Foot_Contours.xml</srcused><date Sync="TRUE">20080331</date><time Sync="TRUE">11205900</time></procstep><procstep><procdesc Sync="TRUE">Metadata imported.</procdesc><srcused Sync="TRUE">C:\Documents and Settings\dpettitt\Desktop\Temp\metadata.xml</srcused><date Sync="TRUE">20080423</date><time Sync="TRUE">11263200</time></procstep><procstep><procdesc Sync="TRUE">Metadata imported.</procdesc><srcused Sync="TRUE">C:\Documents and Settings\dpettitt\Desktop\Temp\metadata.xml</srcused><date Sync="TRUE">20080424</date><time Sync="TRUE">08594300</time></procstep><procstep><procdesc Sync="TRUE">Metadata imported.</procdesc><srcused Sync="TRUE">C:\Documents and Settings\dpettitt\Desktop\Temp\Y2007ElevationMetadata.xml</srcused><date Sync="TRUE">20080609</date><time Sync="TRUE">09172100</time></procstep><procstep><procdesc Sync="TRUE">Metadata imported.</procdesc><srcused Sync="TRUE">C:\Documents and Settings\dpettitt\Desktop\Temp\Y2007_Contours_4ft.xml</srcused><date Sync="TRUE">20080630</date><time Sync="TRUE">09115000</time></procstep><procstep><procdesc Sync="TRUE">Metadata imported.</procdesc><srcused Sync="TRUE">C:\Documents and Settings\dpettitt\Desktop\Temp\Y2007_Contours_4ft_Shapefiles.xml</srcused><date Sync="TRUE">20080630</date><time Sync="TRUE">09135200</time></procstep></lineage>
	</dataqual>
	<spdoinfo>
		<direct Sync="TRUE">Vector</direct>
		<ptvctinf>
			<sdtsterm Name="Y2007_alb_topo_shp01">
				<sdtstype Sync="TRUE">String</sdtstype>
				<ptvctcnt Sync="TRUE">9567</ptvctcnt>
			</sdtsterm>
			<esriterm Name="Y2007_alb_topo_shp01"><efeatyp Sync="TRUE">Simple</efeatyp><efeageom Sync="TRUE">Polyline</efeageom><esritopo Sync="TRUE">FALSE</esritopo><efeacnt Sync="TRUE">9567</efeacnt><spindex Sync="TRUE">TRUE</spindex><linrefer Sync="TRUE">TRUE</linrefer></esriterm></ptvctinf>
	</spdoinfo>
	<spref>
		<horizsys>
			<planar>
				<planci>
					<plance Sync="TRUE">coordinate pair</plance>
					<coordrep>
						<absres Sync="TRUE">0.000000</absres>
						<ordres Sync="TRUE">0.000000</ordres>
					</coordrep>
					<plandu Sync="TRUE">survey feet</plandu>
				</planci>
				<mapproj><mapprojn Sync="TRUE">Lambert Conformal Conic</mapprojn><lambertc><stdparll Sync="TRUE">36.766667</stdparll><stdparll Sync="TRUE">37.966667</stdparll><longcm Sync="TRUE">-78.500000</longcm><latprjo Sync="TRUE">36.333333</latprjo><feast Sync="TRUE">11482916.666667</feast><fnorth Sync="TRUE">3280833.333333</fnorth></lambertc></mapproj></planar>
			<geodetic>
				<horizdn Sync="TRUE">North American Datum of 1983</horizdn>
				<ellips Sync="TRUE">Geodetic Reference System 80</ellips>
				<semiaxis Sync="TRUE">6378137.000000</semiaxis>
				<denflat Sync="TRUE">298.257222</denflat>
			</geodetic>
			<cordsysn><geogcsn Sync="TRUE">GCS_North_American_1983</geogcsn><projcsn Sync="TRUE">NAD_1983_StatePlane_Virginia_South_FIPS_4502_Feet</projcsn></cordsysn></horizsys>
		<vertdef>
			<altsys>
				<altres Sync="TRUE">0.000000</altres>
				<altenc Sync="TRUE">Explicit elevation coordinate included with horizontal coordinates</altenc>
			</altsys>
		</vertdef>
	</spref>
	<eainfo>
		<detailed Name="Y2007_alb_topo_shp01">
			<enttyp>
				<enttypl Sync="TRUE">Y2007_alb_topo_shp01</enttypl>
				<enttypt Sync="TRUE">Feature Class</enttypt><enttypc Sync="TRUE">9567</enttypc></enttyp>
			<attr>
				<attrlabl>SHAPE</attrlabl>
				<attrdef>Feature geometry.</attrdef>
				<attrdefs>ESRI</attrdefs>
				<attrdomv>
					<udom>Coordinates defining the features.</udom>
				</attrdomv>
			</attr>
			<attr>
				<attrlabl>ELEV</attrlabl>
				<attrdomv>
				</attrdomv>
			</attr>
			<attr>
				<attrlabl>TYPE</attrlabl>
				<attrdomv>
					<edom>
						<edomv>INDEX</edomv>
						<edomvd>Every fifth contour line (10' intervals).</edomvd>
					</edom>
					<edom>
						<edomv>INTERMEDIATE</edomv>
						<edomvd>Contour lines at 2' intervals.</edomvd>
					</edom>
					<edom>
						<edomv>INDEX_OBS</edomv>
						<edomvd>Index contours obscured by areas of heavy shadow or vegetation - contours are approximated.</edomvd>
					</edom>
					<edom>
						<edomv>INTER_DEP</edomv>
						<edomvd>Intermediate contours obscured by areas of heavy shadow or vegetation - contours are approximated.</edomvd>
					</edom>
				</attrdomv>
				<attrtype Sync="TRUE">String</attrtype><attwidth Sync="TRUE">50</attwidth></attr>
			<attr><attrlabl Sync="TRUE">FID</attrlabl><attalias Sync="TRUE">FID</attalias><attrtype Sync="TRUE">Number</attrtype><attwidth Sync="TRUE">9</attwidth><attrdef Sync="TRUE">Internal feature number.</attrdef><attrdefs Sync="TRUE">ESRI</attrdefs><attrdomv><udom Sync="TRUE">Sequential unique whole numbers that are automatically generated.</udom></attrdomv></attr><attr>
				<attrlabl>Shape</attrlabl>
				<attrdef>Feature geometry.</attrdef>
				<attrdefs>ESRI</attrdefs>
				<attrdomv>
					<udom>Coordinates defining the features.</udom>
				</attrdomv>
				<attrtype Sync="TRUE">Float</attrtype><attwidth Sync="TRUE">19</attwidth><atnumdec Sync="TRUE">11</atnumdec></attr>
			<attr><attrlabl Sync="TRUE">SHAPE_Leng</attrlabl><attalias Sync="TRUE">SHAPE_Leng</attalias><attrtype Sync="TRUE">Double</attrtype><attwidth Sync="TRUE">19</attwidth><atprecis Sync="TRUE">0</atprecis><attscale Sync="TRUE">0</attscale></attr></detailed>
	</eainfo>
	<distinfo>
		<resdesc>Downloadable Data</resdesc>
		<stdorder><digform><digtinfo><transize Sync="TRUE">19.439</transize><dssize Sync="TRUE">19.439</dssize></digtinfo></digform></stdorder></distinfo>
	<metainfo>
		<metd Sync="TRUE">20080630</metd>
		<metc>
			<cntinfo>
				<cntperp>
					<cntper>Krysia Sapeta</cntper>
					<cntorg>Sanborn Map Co.</cntorg>
				</cntperp>
				<cntpos>Project Manager</cntpos>
				<cntaddr>
					<addrtype>mailing address</addrtype>
					<address>1935 Jamboree Dr. Suite 100</address>
					<city>Colorado Springs</city>
					<state>Colorado</state>
					<postal>80920</postal>
					<country>USA</country>
				</cntaddr>
				<cntvoice>719-593-0093</cntvoice>
				<hours>M-F 10:00 am EST - 7:00 pm EST</hours>
			</cntinfo>
		</metc>
		<metstdn Sync="TRUE">FGDC Content Standards for Digital Geospatial Metadata</metstdn>
		<metstdv Sync="TRUE">FGDC-STD-001-1998</metstdv>
		<mettc Sync="TRUE">local time</mettc>
		<metextns>
			<onlink>http://www.esri.com/metadata/esriprof80.html</onlink>
			<metprof>ESRI Metadata Profile</metprof>
		</metextns>
		<metextns>
			<onlink>http://www.esri.com/metadata/esriprof80.html</onlink>
			<metprof>ESRI Metadata Profile</metprof>
		</metextns>
		<langmeta Sync="TRUE">en</langmeta><metextns><onlink Sync="TRUE">http://www.esri.com/metadata/esriprof80.html</onlink><metprof Sync="TRUE">ESRI Metadata Profile</metprof></metextns></metainfo>
	<Esri><ModDate>20080630</ModDate><ModTime>09132800</ModTime><CreaDate>20080630</CreaDate><CreaTime>09135200</CreaTime><SyncOnce>FALSE</SyncOnce><SyncDate>20080630</SyncDate><SyncTime>09132800</SyncTime><MetaID>{08392C07-912F-41B5-88BF-FED398A4C845}</MetaID></Esri><mdDateSt Sync="TRUE">20080630</mdDateSt><dataIdInfo><envirDesc Sync="TRUE">Microsoft Windows XP Version 5.1 (Build 2600) Service Pack 3; ESRI ArcCatalog 9.2.5.1450</envirDesc><dataLang><languageCode Sync="TRUE" value="en"></languageCode></dataLang><idCitation><resTitle Sync="TRUE">Y2007_alb_topo_shp01</resTitle><presForm><PresFormCd Sync="TRUE" value="005"></PresFormCd></presForm></idCitation><spatRpType><SpatRepTypCd Sync="TRUE" value="001"></SpatRepTypCd></spatRpType><dataExt><geoEle><GeoBndBox esriExtentType="native"><westBL Sync="TRUE">11420000.000029</westBL><eastBL Sync="TRUE">11447000</eastBL><northBL Sync="TRUE">3990000.000037</northBL><southBL Sync="TRUE">3978649.999705</southBL><exTypeCode Sync="TRUE">1</exTypeCode></GeoBndBox></geoEle></dataExt><geoBox esriExtentType="decdegrees"><westBL Sync="TRUE">-78.719159</westBL><eastBL Sync="TRUE">-78.625057</eastBL><northBL Sync="TRUE">38.280908</northBL><southBL Sync="TRUE">38.249609</southBL><exTypeCode Sync="TRUE">1</exTypeCode></geoBox></dataIdInfo><mdLang><languageCode Sync="TRUE" value="en"></languageCode></mdLang><mdStanName Sync="TRUE">ISO 19115 Geographic Information - Metadata</mdStanName><mdStanVer Sync="TRUE">DIS_ESRI1.0</mdStanVer><mdChar><CharSetCd Sync="TRUE" value="004"></CharSetCd></mdChar><mdHrLv><ScopeCd Sync="TRUE" value="005"></ScopeCd></mdHrLv><mdHrLvName Sync="TRUE">dataset</mdHrLvName><distInfo><distributor><distorTran><onLineSrc><orDesc Sync="TRUE">002</orDesc><linkage Sync="TRUE">file://\\Cob_planning\Mapping\OOMGAIR\Damon Pettitt\VBMP_Y2007\Topo\Y2007_alb_topo_shp01.shp</linkage><protocol Sync="TRUE">Local Area Network</protocol></onLineSrc><transSize Sync="TRUE">19.439</transSize></distorTran><distorFormat><formatName Sync="TRUE">Shapefile</formatName></distorFormat></distributor></distInfo><refSysInfo><RefSystem><refSysID><identCode Sync="TRUE">NAD_1983_StatePlane_Virginia_South_FIPS_4502_Feet</identCode></refSysID></RefSystem></refSysInfo><spatRepInfo><VectSpatRep><topLvl><TopoLevCd Sync="TRUE" value="001"></TopoLevCd></topLvl><geometObjs Name="Y2007_alb_topo_shp01"><geoObjTyp><GeoObjTypCd Sync="TRUE" value="001"></GeoObjTypCd></geoObjTyp><geoObjCnt Sync="TRUE">9567</geoObjCnt></geometObjs></VectSpatRep></spatRepInfo></metadata>
