<metadata xml:lang="en"><Esri><CreaDate>20140613</CreaDate><CreaTime>09560900</CreaTime><SyncDate>20140804</SyncDate><SyncTime>15094700</SyncTime><ModDate>20140804</ModDate><ModTime>15094700</ModTime><DataProperties><lineage><Process ToolSource="C:\Program Files\ArcGIS\ArcToolbox\Toolboxes\Data Management Tools.tbx\CopyFeatures" Date="20090811" Time="160808" Name="" export="">CopyFeatures G:\gis\geodata\base\ctybnd\arc H:\Work\GisProj\Editing\FallsChurch.gdb\ctybnd_arc # 0 0 0</Process><Process ToolSource="C:\Program Files\ArcGIS\Desktop10.0\ArcToolbox\Toolboxes\Conversion Tools.tbx\FeatureClassToFeatureClass" Date="20130211" Time="152019" Name="" export="">FeatureClassToFeatureClass \\cfcnetapp02\mviverito$\Geodatabase\FallsChurch.gdb\Boundary_Line \\cfcnetapp02\mviverito$\Geodatabase\FallsChurch.gdb\AdministrativeArea CityBoundaryLine # "FNODE_ "FNODE_" true true false 4 Long 0 0 ,First,#,\\cfcnetapp02\mviverito$\Geodatabase\FallsChurch.gdb\Boundary_Line,FNODE_,-1,-1;TNODE_ "TNODE_" true true false 4 Long 0 0 ,First,#,\\cfcnetapp02\mviverito$\Geodatabase\FallsChurch.gdb\Boundary_Line,TNODE_,-1,-1;LPOLY_ "LPOLY_" true true false 4 Long 0 0 ,First,#,\\cfcnetapp02\mviverito$\Geodatabase\FallsChurch.gdb\Boundary_Line,LPOLY_,-1,-1;RPOLY_ "RPOLY_" true true false 4 Long 0 0 ,First,#,\\cfcnetapp02\mviverito$\Geodatabase\FallsChurch.gdb\Boundary_Line,RPOLY_,-1,-1;LENGTH "LENGTH" true true false 8 Double 0 0 ,First,#,\\cfcnetapp02\mviverito$\Geodatabase\FallsChurch.gdb\Boundary_Line,LENGTH,-1,-1;CTYBND_ "CTYBND_" true true false 4 Long 0 0 ,First,#,\\cfcnetapp02\mviverito$\Geodatabase\FallsChurch.gdb\Boundary_Line,CTYBND_,-1,-1;CTYBND_ID "CTYBND_ID" true true false 4 Long 0 0 ,First,#,\\cfcnetapp02\mviverito$\Geodatabase\FallsChurch.gdb\Boundary_Line,CTYBND_ID,-1,-1;Shape_Length "Shape_Length" false true true 8 Double 0 0 ,First,#,\\cfcnetapp02\mviverito$\Geodatabase\FallsChurch.gdb\Boundary_Line,Shape_Length,-1,-1" #</Process><Process ToolSource="c:\program files (x86)\arcgis\desktop10.2\ArcToolbox\Toolboxes\Data Management Tools.tbx\CopyFeatures" Date="20140804" Time="150947">CopyFeatures P:\GIS\Work\Users\MViverito\Geodatabase\Master_FallsChurchGIS.gdb\AdministrativeArea\CityBoundaryLine P:\GIS\Data\Public_Export\All\Post\CityBoundaryLine.shp # 0 0 0</Process></lineage><itemProps><itemName Sync="TRUE">CityBoundaryLine</itemName><imsContentType Sync="TRUE">002</imsContentType><itemLocation><linkage Sync="TRUE">file://\\cfcnetapp02\Public$\GIS\Data\Public_Export\All\Post\CityBoundaryLine.shp</linkage><protocol Sync="TRUE">Local Area Network</protocol></itemLocation><nativeExtBox><westBL Sync="TRUE">11854348.354582</westBL><eastBL Sync="TRUE">11867346.435810</eastBL><southBL Sync="TRUE">7003576.315980</southBL><northBL Sync="TRUE">7013420.987915</northBL><exTypeCode Sync="TRUE">1</exTypeCode></nativeExtBox><itemSize Sync="TRUE">0.000</itemSize></itemProps><coordRef><type Sync="TRUE">Projected</type><geogcsn Sync="TRUE">GCS_North_American_1983</geogcsn><projcsn Sync="TRUE">NAD_1983_StatePlane_Virginia_North_FIPS_4501_Feet</projcsn><peXml Sync="TRUE">&lt;ProjectedCoordinateSystem xsi:type='typens:ProjectedCoordinateSystem' xmlns:xsi='http://www.w3.org/2001/XMLSchema-instance' xmlns:xs='http://www.w3.org/2001/XMLSchema' xmlns:typens='http://www.esri.com/schemas/ArcGIS/10.1'&gt;&lt;WKT&gt;PROJCS[&amp;quot;NAD_1983_StatePlane_Virginia_North_FIPS_4501_Feet&amp;quot;,GEOGCS[&amp;quot;GCS_North_American_1983&amp;quot;,DATUM[&amp;quot;D_North_American_1983&amp;quot;,SPHEROID[&amp;quot;GRS_1980&amp;quot;,6378137.0,298.257222101]],PRIMEM[&amp;quot;Greenwich&amp;quot;,0.0],UNIT[&amp;quot;Degree&amp;quot;,0.0174532925199433]],PROJECTION[&amp;quot;Lambert_Conformal_Conic&amp;quot;],PARAMETER[&amp;quot;False_Easting&amp;quot;,11482916.66666666],PARAMETER[&amp;quot;False_Northing&amp;quot;,6561666.666666666],PARAMETER[&amp;quot;Central_Meridian&amp;quot;,-78.5],PARAMETER[&amp;quot;Standard_Parallel_1&amp;quot;,38.03333333333333],PARAMETER[&amp;quot;Standard_Parallel_2&amp;quot;,39.2],PARAMETER[&amp;quot;Latitude_Of_Origin&amp;quot;,37.66666666666666],UNIT[&amp;quot;Foot_US&amp;quot;,0.3048006096012192],AUTHORITY[&amp;quot;EPSG&amp;quot;,2283]]&lt;/WKT&gt;&lt;XOrigin&gt;-110512500&lt;/XOrigin&gt;&lt;YOrigin&gt;-88858000&lt;/YOrigin&gt;&lt;XYScale&gt;36916142.964165002&lt;/XYScale&gt;&lt;ZOrigin&gt;-100000&lt;/ZOrigin&gt;&lt;ZScale&gt;10000&lt;/ZScale&gt;&lt;MOrigin&gt;-100000&lt;/MOrigin&gt;&lt;MScale&gt;10000&lt;/MScale&gt;&lt;XYTolerance&gt;0.0032808333333333331&lt;/XYTolerance&gt;&lt;ZTolerance&gt;0.001&lt;/ZTolerance&gt;&lt;MTolerance&gt;0.001&lt;/MTolerance&gt;&lt;HighPrecision&gt;true&lt;/HighPrecision&gt;&lt;WKID&gt;102746&lt;/WKID&gt;&lt;LatestWKID&gt;2283&lt;/LatestWKID&gt;&lt;/ProjectedCoordinateSystem&gt;</peXml><csUnits Sync="TRUE">Linear Unit: Foot_US (0.304801)</csUnits></coordRef></DataProperties><ArcGISFormat>1.0</ArcGISFormat><SyncOnce>FALSE</SyncOnce><ArcGISstyle>FGDC CSDGM Metadata</ArcGISstyle><scaleRange><minScale>150000000</minScale><maxScale>5000</maxScale></scaleRange><ArcGISProfile>FGDC</ArcGISProfile></Esri><idinfo><native Sync="TRUE">Microsoft Windows XP Version 5.1 (Build 2600) Service Pack 3; ESRI ArcCatalog 9.3.0.1770</native><descript><langdata Sync="TRUE">en</langdata><abstract Sync="TRUE">A brief narrative summary of the data set.  REQUIRED.</abstract><purpose Sync="TRUE">A summary of the intentions with which the data set was developed.  REQUIRED.</purpose></descript><citation><citeinfo><origin Sync="TRUE">The name of an organization or individual that developed the data set.  REQUIRED.</origin><pubdate Sync="TRUE">The date when the data set is published or otherwise made available for release.  REQUIRED</pubdate><title Sync="TRUE">ctybnd_arc</title><ftname Sync="TRUE">ctybnd_arc</ftname><geoform Sync="TRUE">vector digital data</geoform><onlink Sync="TRUE">\\sophie\skhan$\Work\GisProj\Editing\FallsChurch.gdb</onlink></citeinfo></citation><timeperd><current Sync="TRUE">The basis on which the time period of content information is determined.  REQUIRED.</current><timeinfo><sngdate><caldate Sync="TRUE">The year (and optionally month, or month and day) for which the data set corresponds to the ground.  REQUIRED.</caldate></sngdate></timeinfo></timeperd><status><progress Sync="TRUE">The state of the data set.  REQUIRED.</progress><update Sync="TRUE">The frequency with which changes and additions are made to the data set after the initial data set is completed.  REQUIRED.</update></status><spdom><bounding><westbc Sync="TRUE">-77.194586</westbc><eastbc Sync="TRUE">-77.149233</eastbc><northbc Sync="TRUE">38.896402</northbc><southbc Sync="TRUE">38.872366</southbc></bounding><lboundng><leftbc Sync="TRUE">11854559.199000</leftbc><rightbc Sync="TRUE">11867346.436062</rightbc><bottombc Sync="TRUE">7003576.316000</bottombc><topbc Sync="TRUE">7012145.995000</topbc></lboundng></spdom><keywords><theme><themekt Sync="TRUE">Reference to a formally registered thesaurus or a similar authoritative source of theme keywords.  REQUIRED.</themekt><themekey Sync="TRUE">Common-use word or phrase used to describe the subject of the data set.  REQUIRED.</themekey></theme></keywords><accconst Sync="TRUE">Restrictions and legal prerequisites for accessing the data set.  REQUIRED.</accconst><useconst Sync="TRUE">Restrictions and legal prerequisites for using the data set after access is granted.  REQUIRED.</useconst><natvform Sync="TRUE">File Geodatabase Feature Class</natvform></idinfo><metainfo><langmeta Sync="TRUE">en</langmeta><metstdn Sync="TRUE">FGDC Content Standards for Digital Geospatial Metadata</metstdn><metstdv Sync="TRUE">FGDC-STD-001-1998</metstdv><mettc Sync="TRUE">local time</mettc><metc><cntinfo><cntorgp><cntper Sync="TRUE">The person responsible for the metadata information.  REQUIRED.</cntper><cntorg Sync="TRUE">The organization responsible for the metadata information.  REQUIRED.</cntorg></cntorgp><cntaddr><addrtype Sync="TRUE">The mailing and/or physical address for the organization or individual.  REQUIRED.</addrtype><city Sync="TRUE">The city of the address.  REQUIRED.</city><state Sync="TRUE">The state or province of the address.  REQUIRED.</state><postal Sync="TRUE">The ZIP or other postal code of the address.  REQUIRED.</postal></cntaddr><cntvoice Sync="TRUE">The telephone number by which individuals can speak to the organization or individual.  REQUIRED.</cntvoice></cntinfo></metc><metd Sync="TRUE">20090811</metd></metainfo><spdoinfo><direct Sync="TRUE">Vector</direct><ptvctinf><esriterm Name="CityBoundaryLine"><efeatyp Sync="TRUE">Simple</efeatyp><efeageom code="3" Sync="TRUE"></efeageom><esritopo Sync="TRUE">FALSE</esritopo><efeacnt Sync="TRUE">0</efeacnt><spindex Sync="TRUE">FALSE</spindex><linrefer Sync="TRUE">FALSE</linrefer></esriterm></ptvctinf></spdoinfo><eainfo><detailed Name="CityBoundaryLine"><enttyp><enttypl Sync="TRUE">CityBoundaryLine</enttypl><enttypt Sync="TRUE">Feature Class</enttypt><enttypc Sync="TRUE">0</enttypc></enttyp><attr><attrlabl Sync="TRUE">FID</attrlabl><attalias Sync="TRUE">FID</attalias><attrtype Sync="TRUE">OID</attrtype><attwidth Sync="TRUE">4</attwidth><atprecis Sync="TRUE">0</atprecis><attscale Sync="TRUE">0</attscale><attrdef Sync="TRUE">Internal feature number.</attrdef><attrdefs Sync="TRUE">Esri</attrdefs><attrdomv><udom Sync="TRUE">Sequential unique whole numbers that are automatically generated.</udom></attrdomv></attr><attr><attrlabl Sync="TRUE">Shape</attrlabl><attwidth Sync="TRUE">0</attwidth><atoutwid Sync="TRUE">5</atoutwid><attrtype Sync="TRUE">Geometry</attrtype><attalias Sync="TRUE">Shape</attalias><atprecis Sync="TRUE">0</atprecis><attscale Sync="TRUE">0</attscale><attrdef Sync="TRUE">Feature geometry.</attrdef><attrdefs Sync="TRUE">ESRI</attrdefs><attrdomv><udom Sync="TRUE">Coordinates defining the features.</udom></attrdomv></attr><attr><attrlabl Sync="TRUE">CTYBND_ID</attrlabl><attalias Sync="TRUE">CTYBND_ID</attalias><attrtype Sync="TRUE">Integer</attrtype><attwidth Sync="TRUE">9</attwidth><atprecis Sync="TRUE">9</atprecis><attscale Sync="TRUE">0</attscale></attr><attr><attrlabl Sync="TRUE">Shape_Leng</attrlabl><attalias Sync="TRUE">Shape_Leng</attalias><attrtype Sync="TRUE">Double</attrtype><attwidth Sync="TRUE">19</attwidth><atprecis Sync="TRUE">0</atprecis><attscale Sync="TRUE">0</attscale></attr></detailed><detailed Name="ctybnd.pat"><enttyp><enttypl Sync="TRUE">ctybnd.pat</enttypl><enttypt Sync="TRUE">Feature Class</enttypt><enttypc Sync="TRUE">1</enttypc></enttyp><attr><attrlabl Sync="TRUE">FID</attrlabl><attwidth Sync="TRUE">4</attwidth><atoutwid Sync="TRUE">5</atoutwid><attrtype Sync="TRUE">OID</attrtype><attalias Sync="TRUE">FID</attalias><atprecis Sync="TRUE">0</atprecis><attscale Sync="TRUE">0</attscale><attrdef Sync="TRUE">Internal feature number.</attrdef><attrdefs Sync="TRUE">ESRI</attrdefs><attrdomv><udom Sync="TRUE">Sequential unique whole numbers that are automatically generated.</udom></attrdomv></attr><attr><attrlabl Sync="TRUE">Shape</attrlabl><attwidth Sync="TRUE">0</attwidth><atoutwid Sync="TRUE">5</atoutwid><attrtype Sync="TRUE">Geometry</attrtype><attalias Sync="TRUE">Shape</attalias><atprecis Sync="TRUE">0</atprecis><attscale Sync="TRUE">0</attscale><attrdef Sync="TRUE">Feature geometry.</attrdef><attrdefs Sync="TRUE">ESRI</attrdefs><attrdomv><udom Sync="TRUE">Coordinates defining the features.</udom></attrdomv></attr><attr><attrlabl Sync="TRUE">AREA</attrlabl><attwidth Sync="TRUE">8</attwidth><atoutwid Sync="TRUE">18</atoutwid><attrtype Sync="TRUE">Float</attrtype><atnumdec Sync="TRUE">5</atnumdec><attrdef Sync="TRUE">Area of feature in internal units squared.</attrdef><attrdefs Sync="TRUE">ESRI</attrdefs><attrdomv><udom Sync="TRUE">Positive real numbers that are automatically generated.</udom></attrdomv></attr><attr><attrlabl Sync="TRUE">PERIMETER</attrlabl><attwidth Sync="TRUE">8</attwidth><atoutwid Sync="TRUE">18</atoutwid><attrtype Sync="TRUE">Float</attrtype><atnumdec Sync="TRUE">5</atnumdec><attrdef Sync="TRUE">Perimeter of feature in internal units.</attrdef><attrdefs Sync="TRUE">ESRI</attrdefs><attrdomv><udom Sync="TRUE">Positive real numbers that are automatically generated.</udom></attrdomv></attr><attr><attrlabl Sync="TRUE">CTYBND#</attrlabl><attwidth Sync="TRUE">4</attwidth><atoutwid Sync="TRUE">5</atoutwid><attrtype Sync="TRUE">Binary</attrtype><attrdef Sync="TRUE">Internal feature number.</attrdef><attrdefs Sync="TRUE">ESRI</attrdefs><attrdomv><udom Sync="TRUE">Sequential unique whole numbers that are automatically generated.</udom></attrdomv></attr><attr><attrlabl Sync="TRUE">CTYBND-ID</attrlabl><attwidth Sync="TRUE">4</attwidth><atoutwid Sync="TRUE">5</atoutwid><attrtype Sync="TRUE">Binary</attrtype><attrdef Sync="TRUE">User-defined feature number.</attrdef><attrdefs Sync="TRUE">ESRI</attrdefs></attr></detailed></eainfo><distinfo><stdorder><digform><digtinfo><formname Sync="TRUE">ARC</formname><filedec Sync="TRUE">No compression applied</filedec><transize Sync="TRUE">0.024</transize><dssize Sync="TRUE">0.024</dssize></digtinfo><digtopt><onlinopt><accinstr Sync="TRUE">Local area network</accinstr><computer><networka><networkr Sync="TRUE">\\Cifc-apps\GIS\gis\geodata\base\ctybnd</networkr></networka></computer></onlinopt></digtopt></digform></stdorder><resdesc Sync="TRUE">Downloadable Data</resdesc></distinfo><dataIdInfo><envirDesc Sync="TRUE">Microsoft Windows 7 Version 6.1 (Build 7601) Service Pack 1; Esri ArcGIS 10.2.0.3348</envirDesc><dataLang><languageCode Sync="TRUE" value="eng" country="US"/><countryCode value="USA" Sync="TRUE"/></dataLang><idCitation xmlns=""><resTitle Sync="TRUE">CityBoundaryLine</resTitle><presForm xmlns=""><PresFormCd Sync="TRUE" value="005"/></presForm><date><pubDate>2014-07-01T00:00:00</pubDate></date><citRespParty xmlns=""><rpIndName>Matt Viverito </rpIndName><rpOrgName>City of Falls Church</rpOrgName><rpPosName>GIS Engineer</rpPosName><role><RoleCd value="006"/></role><rpCntInfo xmlns=""><cntAddress addressType="both"><delPoint>300 Park Avenue</delPoint><city>Falls Church</city><adminArea>Virginia</adminArea><postCode>20148</postCode><eMailAdd>mviverito@fallschurchva.gov</eMailAdd></cntAddress><cntPhone><voiceNum tddtty="">703-248-5328</voiceNum></cntPhone><cntHours>8:30 a.m. - 5:00 p.m. </cntHours></rpCntInfo></citRespParty></idCitation><spatRpType><SpatRepTypCd Sync="TRUE" value="001"/></spatRpType><dataExt xmlns=""><geoEle><GeoBndBox esriExtentType="native"><westBL Sync="TRUE">11854559.199</westBL><eastBL Sync="TRUE">11867346.436062</eastBL><northBL Sync="TRUE">7012145.995</northBL><southBL Sync="TRUE">7003576.316</southBL><exTypeCode Sync="TRUE">1</exTypeCode></GeoBndBox></geoEle></dataExt><geoBox esriExtentType="decdegrees"><westBL Sync="TRUE">-77.194586</westBL><eastBL Sync="TRUE">-77.149233</eastBL><northBL Sync="TRUE">38.896402</northBL><southBL Sync="TRUE">38.872366</southBL><exTypeCode Sync="TRUE">1</exTypeCode></geoBox><descKeys><thesaName uuidref="723f6998-058e-11dc-8314-0800200c9a66"/><keyword Sync="TRUE">002</keyword></descKeys><dataExt xmlns=""><geoEle xmlns=""><GeoBndBox esriExtentType="search"><exTypeCode Sync="TRUE">1</exTypeCode><westBL Sync="TRUE">-77.195326</westBL><eastBL Sync="TRUE">-77.149168</eastBL><northBL Sync="TRUE">38.899910</northBL><southBL Sync="TRUE">38.872366</southBL></GeoBndBox></geoEle></dataExt><idPurp>City Boundary Line</idPurp><idAbs>&lt;DIV STYLE="text-align:Left;"&gt;&lt;DIV&gt;&lt;DIV&gt;&lt;P&gt;&lt;SPAN&gt;&lt;SPAN&gt;The exterior boundaries of administrative areas represented as linear features. &lt;/SPAN&gt;&lt;/SPAN&gt;&lt;/P&gt;&lt;/DIV&gt;&lt;/DIV&gt;&lt;/DIV&gt;</idAbs><searchKeys><keyword>Boundary</keyword></searchKeys><dataChar><CharSetCd value="004"/></dataChar><idStatus><ProgCd value="004"/></idStatus><idPoC xmlns=""><rpIndName>Matt Viverito</rpIndName><rpOrgName>City of Falls Church</rpOrgName><rpPosName>GIS Engineer</rpPosName><role><RoleCd value="007"/></role><rpCntInfo xmlns=""><cntAddress addressType="both"><delPoint>300 Park Avenue</delPoint><city>Falls Church</city><adminArea>Virginia</adminArea><postCode>20148</postCode><eMailAdd>mviverito@fallschurchva.gov</eMailAdd></cntAddress><cntPhone><voiceNum tddtty="">703-248-5328</voiceNum></cntPhone><cntHours>8:30 a.m. - 5:00 p.m.</cntHours></rpCntInfo></idPoC><resMaint xmlns=""><maintFreq><MaintFreqCd value="009"/></maintFreq></resMaint><resConst><LegConsts xmlns=""><accessConsts><RestrictCd value="005"/></accessConsts><useConsts><RestrictCd value="005"/></useConsts><useLimit>The City of Falls Church makes no representation about the accuracy of any specific information in this GIS data and is provided “as is” and without Warranty of any kind. The user of this data will assume complete responsibility for any and all occurrences resulting from its use or display and will hold the City of Falls Church harmless from any and all claims, demands, liabilities, obligations, damages, suits, judgments or settlements, including reasonable costs and attorneys' fees, which arise from use of this data.</useLimit></LegConsts></resConst></dataIdInfo><mdLang><languageCode Sync="TRUE" value="eng"/><countryCode value="USA" Sync="TRUE"/></mdLang><mdStanName Sync="TRUE">ISO 19115 Geographic Information - Metadata</mdStanName><mdStanVer Sync="TRUE">DIS_ESRI1.0</mdStanVer><mdChar><CharSetCd Sync="TRUE" value="004"/></mdChar><mdHrLv><ScopeCd Sync="TRUE" value="005"/></mdHrLv><mdHrLvName Sync="TRUE">dataset</mdHrLvName><distInfo xmlns=""><distributor xmlns=""><distorTran><onLineSrc><orDesc Sync="TRUE">002</orDesc><linkage Sync="TRUE">file://\\sophie\skhan$\Work\GisProj\Editing\FallsChurch.gdb</linkage><protocol Sync="TRUE">Local Area Network</protocol></onLineSrc><transSize Sync="TRUE">0.024</transSize></distorTran><distorFormat><formatName Sync="TRUE">File Geodatabase Feature Class</formatName></distorFormat></distributor><distFormat xmlns=""><formatName Sync="TRUE">Shapefile</formatName></distFormat><distTranOps><transSize Sync="TRUE">0.000</transSize></distTranOps></distInfo><spref><horizsys><cordsysn><geogcsn Sync="TRUE">GCS_North_American_1983</geogcsn><projcsn Sync="TRUE">NAD_1983_StatePlane_Virginia_North_FIPS_4501_Feet</projcsn></cordsysn><planar><planci><plance Sync="TRUE">coordinate pair</plance><plandu Sync="TRUE">survey feet</plandu><coordrep><absres Sync="TRUE">0.000328</absres><ordres Sync="TRUE">0.000328</ordres></coordrep></planci></planar><geodetic><horizdn Sync="TRUE">North American Datum of 1983</horizdn><ellips Sync="TRUE">Geodetic Reference System 80</ellips><semiaxis Sync="TRUE">6378137.000000</semiaxis><denflat Sync="TRUE">298.257222</denflat></geodetic></horizsys></spref><refSysInfo><RefSystem><refSysID><identCode Sync="TRUE" code="2283">NAD_1983_StatePlane_Virginia_North_FIPS_4501_Feet</identCode><idCodeSpace Sync="TRUE">EPSG</idCodeSpace><idVersion Sync="TRUE">8.1.1</idVersion></refSysID></RefSystem></refSysInfo><spatRepInfo><VectSpatRep><geometObjs Name="CityBoundaryLine"><geoObjTyp><GeoObjTypCd value="002" Sync="TRUE"></GeoObjTypCd></geoObjTyp><geoObjCnt Sync="TRUE">0</geoObjCnt></geometObjs><topLvl><TopoLevCd value="001" Sync="TRUE"></TopoLevCd></topLvl></VectSpatRep></spatRepInfo><mdDateSt Sync="TRUE">20140804</mdDateSt><mdContact xmlns=""><rpIndName>Matt Viverito </rpIndName><rpOrgName>City of Falls Church</rpOrgName><rpPosName>GIS Engineer</rpPosName><role><RoleCd value="006"/></role><rpCntInfo><cntAddress addressType="both"><delPoint>300 Park Avenue</delPoint><city>Falls Church</city><adminArea>Virginia</adminArea><postCode>20148</postCode><eMailAdd>mviverito@fallschurchva.gov</eMailAdd></cntAddress><cntPhone><voiceNum tddtty="">703-248-5328</voiceNum></cntPhone><cntHours>8:30 a.m. - 5:00 p.m. </cntHours></rpCntInfo><displayName>Matt Viverito </displayName></mdContact><mdMaint xmlns=""><maintFreq><MaintFreqCd value="009"/></maintFreq></mdMaint></metadata>
