<metadata xml:lang="en"><Esri><CreaDate>20140613</CreaDate><CreaTime>09572700</CreaTime><SyncOnce>FALSE</SyncOnce><SyncDate>20140804</SyncDate><SyncTime>15095900</SyncTime><ModDate>20140804</ModDate><ModTime>15095900</ModTime><DataProperties><lineage><Process ToolSource="C:\Program Files\ArcGIS\ArcToolbox\Toolboxes\Conversion Tools.tbx\FeatureClassToFeatureClass" Date="20090812" Time="120514" Name="" export="">FeatureClassToFeatureClass G:\gis\geodata\FallsChurch.gdb\Zoning H:\Work\GisProj\Editing\FallsChurch.gdb ZoningDistrict # "ZN_CODE 'ZN_CODE' true false false 6 Text 0 0 ,First,#,G:\gis\geodata\FallsChurch.gdb\Zoning,ZN_CODE,-1,-1;NAME 'NAME' true false false 40 Text 0 0 ,First,#,G:\gis\geodata\FallsChurch.gdb\Zoning,NAME,-1,-1;SHAPE_Length 'SHAPE_Length' false true true 8 Double 0 0 ,First,#,G:\gis\geodata\FallsChurch.gdb\Zoning,SHAPE_Length,-1,-1;SHAPE_Area 'SHAPE_Area' false true true 8 Double 0 0 ,First,#,G:\gis\geodata\FallsChurch.gdb\Zoning,SHAPE_Area,-1,-1" # H:\Work\GisProj\Editing\FallsChurch.gdb\ZoningDistrict</Process><Process ToolSource="C:\Program Files\ArcGIS\Desktop10.0\ArcToolbox\Toolboxes\Conversion Tools.tbx\FeatureClassToFeatureClass" Date="20130212" Time="084140" Name="" export="">FeatureClassToFeatureClass \\cfcnetapp02\mviverito$\Geodatabase\FallsChurch.gdb\Zoning_District \\cfcnetapp02\mviverito$\Geodatabase\FallsChurch.gdb\LandUsePlanning ZoningDistrict # "ZN_CODE "ZN_CODE" true false false 6 Text 0 0 ,First,#,\\cfcnetapp02\mviverito$\Geodatabase\FallsChurch.gdb\Zoning_District,ZN_CODE,-1,-1;NAME "NAME" true false false 40 Text 0 0 ,First,#,\\cfcnetapp02\mviverito$\Geodatabase\FallsChurch.gdb\Zoning_District,NAME,-1,-1;Shape_Length "Shape_Length" false true true 8 Double 0 0 ,First,#,\\cfcnetapp02\mviverito$\Geodatabase\FallsChurch.gdb\Zoning_District,Shape_Length,-1,-1;Shape_Area "Shape_Area" false true true 8 Double 0 0 ,First,#,\\cfcnetapp02\mviverito$\Geodatabase\FallsChurch.gdb\Zoning_District,Shape_Area,-1,-1" #</Process><Process ToolSource="c:\program files (x86)\arcgis\desktop10.2\ArcToolbox\Toolboxes\Data Management Tools.tbx\CopyFeatures" Date="20140804" Time="150959">CopyFeatures P:\GIS\Work\Users\MViverito\Geodatabase\Master_FallsChurchGIS.gdb\LandUsePlanning\ZoningDistrict P:\GIS\Data\Public_Export\All\Post\ZoningDistrict.shp # 0 0 0</Process></lineage><itemProps><itemName Sync="TRUE">ZoningDistrict</itemName><imsContentType Sync="TRUE" export="False">002</imsContentType><itemLocation><linkage Sync="TRUE">file://\\cfcnetapp02\Public$\GIS\Data\Public_Export\All\Post\ZoningDistrict.shp</linkage><protocol Sync="TRUE">Local Area Network</protocol></itemLocation><nativeExtBox><westBL Sync="TRUE">11854581.053734</westBL><eastBL Sync="TRUE">11867346.897953</eastBL><southBL Sync="TRUE">7003578.087484</southBL><northBL Sync="TRUE">7012133.176017</northBL><exTypeCode Sync="TRUE">1</exTypeCode></nativeExtBox><itemSize Sync="TRUE">0.000</itemSize></itemProps><coordRef><type Sync="TRUE">Projected</type><geogcsn Sync="TRUE">GCS_North_American_1983</geogcsn><projcsn Sync="TRUE">NAD_1983_StatePlane_Virginia_North_FIPS_4501_Feet</projcsn><peXml Sync="TRUE">&lt;ProjectedCoordinateSystem xsi:type='typens:ProjectedCoordinateSystem' xmlns:xsi='http://www.w3.org/2001/XMLSchema-instance' xmlns:xs='http://www.w3.org/2001/XMLSchema' xmlns:typens='http://www.esri.com/schemas/ArcGIS/10.1'&gt;&lt;WKT&gt;PROJCS[&amp;quot;NAD_1983_StatePlane_Virginia_North_FIPS_4501_Feet&amp;quot;,GEOGCS[&amp;quot;GCS_North_American_1983&amp;quot;,DATUM[&amp;quot;D_North_American_1983&amp;quot;,SPHEROID[&amp;quot;GRS_1980&amp;quot;,6378137.0,298.257222101]],PRIMEM[&amp;quot;Greenwich&amp;quot;,0.0],UNIT[&amp;quot;Degree&amp;quot;,0.0174532925199433]],PROJECTION[&amp;quot;Lambert_Conformal_Conic&amp;quot;],PARAMETER[&amp;quot;False_Easting&amp;quot;,11482916.66666666],PARAMETER[&amp;quot;False_Northing&amp;quot;,6561666.666666666],PARAMETER[&amp;quot;Central_Meridian&amp;quot;,-78.5],PARAMETER[&amp;quot;Standard_Parallel_1&amp;quot;,38.03333333333333],PARAMETER[&amp;quot;Standard_Parallel_2&amp;quot;,39.2],PARAMETER[&amp;quot;Latitude_Of_Origin&amp;quot;,37.66666666666666],UNIT[&amp;quot;Foot_US&amp;quot;,0.3048006096012192],AUTHORITY[&amp;quot;EPSG&amp;quot;,2283]]&lt;/WKT&gt;&lt;XOrigin&gt;-110512500&lt;/XOrigin&gt;&lt;YOrigin&gt;-88858000&lt;/YOrigin&gt;&lt;XYScale&gt;36916142.964165002&lt;/XYScale&gt;&lt;ZOrigin&gt;-100000&lt;/ZOrigin&gt;&lt;ZScale&gt;10000&lt;/ZScale&gt;&lt;MOrigin&gt;-100000&lt;/MOrigin&gt;&lt;MScale&gt;10000&lt;/MScale&gt;&lt;XYTolerance&gt;0.0032808333333333331&lt;/XYTolerance&gt;&lt;ZTolerance&gt;0.001&lt;/ZTolerance&gt;&lt;MTolerance&gt;0.001&lt;/MTolerance&gt;&lt;HighPrecision&gt;true&lt;/HighPrecision&gt;&lt;WKID&gt;102746&lt;/WKID&gt;&lt;LatestWKID&gt;2283&lt;/LatestWKID&gt;&lt;/ProjectedCoordinateSystem&gt;</peXml><csUnits Sync="TRUE">Linear Unit: Foot_US (0.304801)</csUnits></coordRef></DataProperties><ArcGISFormat>1.0</ArcGISFormat><ArcGISstyle>FGDC CSDGM Metadata</ArcGISstyle><scaleRange><minScale>150000000</minScale><maxScale>5000</maxScale></scaleRange><ArcGISProfile>FGDC</ArcGISProfile></Esri><idinfo><native Sync="TRUE">Microsoft Windows XP Version 5.1 (Build 2600) Service Pack 3; ESRI ArcCatalog 9.3.0.1770</native><descript><langdata Sync="TRUE">en</langdata><abstract>Designated zoning districts, including central business, cluster residence, creative development, general business, light industry, limited business, low density residential, medium density residential, multi-family residence, official design, townhouse residence, transitional 1, and transitional 2. </abstract><purpose>Zoning district</purpose></descript><citation><citeinfo><origin>REQUIRED: The name of an organization or individual that developed the data set.</origin><pubdate>REQUIRED: The date when the data set is published or otherwise made available for release.</pubdate><title Sync="TRUE">ZoningDistrict</title><ftname Sync="TRUE">ZoningDistrict</ftname><geoform Sync="TRUE">vector digital data</geoform><onlink Sync="TRUE">\\sophie\skhan$\Work\GisProj\Editing\FallsChurch.gdb</onlink></citeinfo></citation><timeperd><current>REQUIRED: The basis on which the time period of content information is determined.</current><timeinfo><sngdate><caldate>REQUIRED: The year (and optionally month, or month and day) for which the data set corresponds to the ground.</caldate></sngdate></timeinfo></timeperd><status><progress>REQUIRED: The state of the data set.</progress><update>REQUIRED: The frequency with which changes and additions are made to the data set after the initial data set is completed.</update></status><spdom><bounding><westbc Sync="TRUE">REQUIRED: Western-most coordinate of the limit of coverage expressed in longitude.</westbc><eastbc Sync="TRUE">REQUIRED: Eastern-most coordinate of the limit of coverage expressed in longitude.</eastbc><northbc Sync="TRUE">REQUIRED: Northern-most coordinate of the limit of coverage expressed in latitude.</northbc><southbc Sync="TRUE">REQUIRED: Southern-most coordinate of the limit of coverage expressed in latitude.</southbc></bounding></spdom><keywords><theme><themekt>REQUIRED: Reference to a formally registered thesaurus or a similar authoritative source of theme keywords.</themekt><themekey>REQUIRED: Common-use word or phrase used to describe the subject of the data set.</themekey></theme></keywords><accconst>REQUIRED: Restrictions and legal prerequisites for accessing the data set.</accconst><useconst>REQUIRED: Restrictions and legal prerequisites for using the data set after access is granted.</useconst><natvform Sync="TRUE">File Geodatabase Feature Class</natvform></idinfo><dataIdInfo><envirDesc Sync="TRUE">Microsoft Windows 7 Version 6.1 (Build 7601) Service Pack 1; Esri ArcGIS 10.2.0.3348</envirDesc><dataLang><languageCode Sync="TRUE" value="eng" country="US"/><countryCode value="USA" Sync="TRUE"/></dataLang><idCitation xmlns=""><resTitle Sync="TRUE">ZoningDistrict</resTitle><presForm xmlns=""><PresFormCd value="005"/></presForm><date><pubDate>2014-07-02T00:00:00</pubDate></date><citRespParty xmlns=""><rpIndName>Matt Viverito</rpIndName><rpOrgName>City of Falls Church</rpOrgName><rpPosName>GIS Engineer</rpPosName><role><RoleCd value="006"></RoleCd></role><rpCntInfo xmlns=""><cntAddress addressType="both"><delPoint>300 Park Avenue</delPoint><city>Falls Church</city><adminArea>Virginia</adminArea><postCode>20148</postCode><eMailAdd>mviverito@fallschurchva.gov</eMailAdd></cntAddress><cntPhone><voiceNum tddtty="">703-248-5328</voiceNum></cntPhone><cntHours>8:30 a.m. - 5:00 p.m. </cntHours></rpCntInfo></citRespParty></idCitation><descKeys><thesaName uuidref="723f6998-058e-11dc-8314-0800200c9a66"/><keyword Sync="TRUE">002</keyword></descKeys><spatRpType><SpatRepTypCd value="001"/></spatRpType><dataExt xmlns=""><geoEle xmlns=""><GeoBndBox esriExtentType="search"><exTypeCode Sync="TRUE">1</exTypeCode><westBL Sync="TRUE">-77.194509</westBL><eastBL Sync="TRUE">-77.149232</eastBL><northBL Sync="TRUE">38.896366</northBL><southBL Sync="TRUE">38.872371</southBL></GeoBndBox></geoEle></dataExt><idPurp>Zoning district</idPurp><idAbs>&lt;DIV STYLE="text-align:Left;"&gt;&lt;DIV&gt;&lt;DIV&gt;&lt;P&gt;&lt;SPAN&gt;Designated zoning districts, including central business, cluster residence, creative development, general business, light industry, limited business, low density residential, medium density residential, multi-family residence, official design, townhouse residence, transitional 1, and transitional 2. &lt;/SPAN&gt;&lt;/P&gt;&lt;/DIV&gt;&lt;/DIV&gt;&lt;/DIV&gt;</idAbs><searchKeys><keyword>Zoning district</keyword></searchKeys><dataChar><CharSetCd value="004"></CharSetCd></dataChar><idStatus><ProgCd value="004"></ProgCd></idStatus><idPoC xmlns=""><rpIndName>Matt Viverito</rpIndName><rpOrgName>City of Falls Church</rpOrgName><rpPosName>GIS Engineer</rpPosName><role><RoleCd value="007"></RoleCd></role><rpCntInfo xmlns=""><cntAddress addressType="both"><delPoint>300 Park Avenue</delPoint><city>Falls Church</city><adminArea>Virginia</adminArea><postCode>20148</postCode><eMailAdd>mviverito@fallschurchva.gov</eMailAdd></cntAddress><cntPhone><voiceNum tddtty="">703-248-5328</voiceNum></cntPhone><cntHours>8:30 a.m. - 5:00 p.m. </cntHours></rpCntInfo></idPoC><resMaint xmlns=""><maintFreq><MaintFreqCd value="009"></MaintFreqCd></maintFreq></resMaint><resConst><LegConsts xmlns=""><accessConsts><RestrictCd value="005"></RestrictCd></accessConsts><useConsts><RestrictCd value="005"></RestrictCd></useConsts><useLimit>The City of Falls Church makes no representation about the accuracy of any specific information in this GIS data and is provided “as is” and without Warranty of any kind. The user of this data will assume complete responsibility for any and all occurrences resulting from its use or display and will hold the City of Falls Church harmless from any and all claims, demands, liabilities, obligations, damages, suits, judgments or settlements, including reasonable costs and attorneys' fees, which arise from use of this data.</useLimit></LegConsts></resConst><tpCat><TopicCatCd value="015"/></tpCat><tpCat><TopicCatCd value="017"/></tpCat></dataIdInfo><metainfo><langmeta Sync="TRUE">en</langmeta><metstdn Sync="TRUE">FGDC Content Standards for Digital Geospatial Metadata</metstdn><metstdv Sync="TRUE">FGDC-STD-001-1998</metstdv><mettc Sync="TRUE">local time</mettc><metc><cntinfo><cntorgp><cntper>REQUIRED: The person responsible for the metadata information.</cntper><cntorg>REQUIRED: The organization responsible for the metadata information.</cntorg></cntorgp><cntaddr><addrtype>REQUIRED: The mailing and/or physical address for the organization or individual.</addrtype><city>REQUIRED: The city of the address.</city><state>REQUIRED: The state or province of the address.</state><postal>REQUIRED: The ZIP or other postal code of the address.</postal></cntaddr><cntvoice>REQUIRED: The telephone number by which individuals can speak to the organization or individual.</cntvoice></cntinfo></metc><metd Sync="TRUE">20090812</metd></metainfo><mdLang><languageCode Sync="TRUE" value="eng"/><countryCode value="USA" Sync="TRUE"/></mdLang><mdStanName Sync="TRUE">ISO 19115 Geographic Information - Metadata</mdStanName><mdStanVer Sync="TRUE">DIS_ESRI1.0</mdStanVer><mdChar><CharSetCd Sync="TRUE" value="004"/></mdChar><mdHrLv><ScopeCd Sync="TRUE" value="005"/></mdHrLv><mdHrLvName Sync="TRUE">dataset</mdHrLvName><distinfo><resdesc Sync="TRUE">Downloadable Data</resdesc></distinfo><distInfo><distributor><distorTran><onLineSrc><orDesc Sync="TRUE">002</orDesc><linkage Sync="TRUE">file://\\sophie\skhan$\Work\GisProj\Editing\FallsChurch.gdb</linkage><protocol Sync="TRUE">Local Area Network</protocol></onLineSrc></distorTran><distorFormat><formatName Sync="TRUE">File Geodatabase Feature Class</formatName></distorFormat></distributor><distFormat><formatName Sync="TRUE">Shapefile</formatName></distFormat><distTranOps><transSize Sync="TRUE">0.000</transSize></distTranOps></distInfo><spdoinfo><direct Sync="TRUE">Vector</direct><ptvctinf><esriterm Name="ZoningDistrict"><efeatyp Sync="TRUE">Simple</efeatyp><efeageom code="4" Sync="TRUE"></efeageom><esritopo Sync="TRUE">FALSE</esritopo><efeacnt Sync="TRUE">0</efeacnt><spindex Sync="TRUE">FALSE</spindex><linrefer Sync="TRUE">FALSE</linrefer></esriterm></ptvctinf></spdoinfo><spref><horizsys><cordsysn><geogcsn Sync="TRUE">GCS_North_American_1983</geogcsn><projcsn Sync="TRUE">NAD_1983_StatePlane_Virginia_North_FIPS_4501_Feet</projcsn></cordsysn><planar><planci><plance Sync="TRUE">coordinate pair</plance><plandu Sync="TRUE">survey feet</plandu><coordrep><absres Sync="TRUE">0.000488</absres><ordres Sync="TRUE">0.000488</ordres></coordrep></planci></planar><geodetic><horizdn Sync="TRUE">North American Datum of 1983</horizdn><ellips Sync="TRUE">Geodetic Reference System 80</ellips><semiaxis Sync="TRUE">6378137.000000</semiaxis><denflat Sync="TRUE">298.257222</denflat></geodetic></horizsys></spref><refSysInfo><RefSystem><refSysID><identCode Sync="TRUE" code="2283">NAD_1983_StatePlane_Virginia_North_FIPS_4501_Feet</identCode><idCodeSpace Sync="TRUE">EPSG</idCodeSpace><idVersion Sync="TRUE">8.1.1</idVersion></refSysID></RefSystem></refSysInfo><spatRepInfo><VectSpatRep><geometObjs Name="ZoningDistrict"><geoObjTyp><GeoObjTypCd value="002" Sync="TRUE"></GeoObjTypCd></geoObjTyp><geoObjCnt Sync="TRUE">0</geoObjCnt></geometObjs><topLvl><TopoLevCd value="001" Sync="TRUE"></TopoLevCd></topLvl></VectSpatRep></spatRepInfo><eainfo><detailed Name="ZoningDistrict"><enttyp><enttypl Sync="TRUE">ZoningDistrict</enttypl><enttypt Sync="TRUE">Feature Class</enttypt><enttypc Sync="TRUE">0</enttypc></enttyp><attr><attrlabl Sync="TRUE">FID</attrlabl><attalias Sync="TRUE">FID</attalias><attrtype Sync="TRUE">OID</attrtype><attwidth Sync="TRUE">4</attwidth><atprecis Sync="TRUE">0</atprecis><attscale Sync="TRUE">0</attscale><attrdef Sync="TRUE">Internal feature number.</attrdef><attrdefs Sync="TRUE">Esri</attrdefs><attrdomv><udom Sync="TRUE">Sequential unique whole numbers that are automatically generated.</udom></attrdomv></attr><attr><attrlabl Sync="TRUE">Shape</attrlabl><attalias Sync="TRUE">Shape</attalias><attrtype Sync="TRUE">Geometry</attrtype><attwidth Sync="TRUE">0</attwidth><atprecis Sync="TRUE">0</atprecis><attscale Sync="TRUE">0</attscale><attrdef Sync="TRUE">Feature geometry.</attrdef><attrdefs Sync="TRUE">ESRI</attrdefs><attrdomv><udom Sync="TRUE">Coordinates defining the features.</udom></attrdomv></attr><attr><attrlabl Sync="TRUE">ZN_CODE</attrlabl><attalias Sync="TRUE">ZN_CODE</attalias><attrtype Sync="TRUE">String</attrtype><attwidth Sync="TRUE">6</attwidth><atprecis Sync="TRUE">0</atprecis><attscale Sync="TRUE">0</attscale></attr><attr><attrlabl Sync="TRUE">NAME</attrlabl><attalias Sync="TRUE">NAME</attalias><attrtype Sync="TRUE">String</attrtype><attwidth Sync="TRUE">40</attwidth><atprecis Sync="TRUE">0</atprecis><attscale Sync="TRUE">0</attscale></attr><attr><attrlabl Sync="TRUE">Shape_Leng</attrlabl><attalias Sync="TRUE">Shape_Leng</attalias><attrtype Sync="TRUE">Double</attrtype><attwidth Sync="TRUE">19</attwidth><atprecis Sync="TRUE">0</atprecis><attscale Sync="TRUE">0</attscale></attr><attr><attrlabl Sync="TRUE">Shape_Area</attrlabl><attalias Sync="TRUE">Shape_Area</attalias><attrtype Sync="TRUE">Double</attrtype><attwidth Sync="TRUE">19</attwidth><atprecis Sync="TRUE">0</atprecis><attscale Sync="TRUE">0</attscale><attrdef Sync="TRUE">Area of feature in internal units squared.</attrdef><attrdefs Sync="TRUE">ESRI</attrdefs><attrdomv><udom Sync="TRUE">Positive real numbers that are automatically generated.</udom></attrdomv></attr></detailed></eainfo><mdDateSt Sync="TRUE">20140804</mdDateSt><mdContact xmlns=""><rpIndName>Matt Viverito</rpIndName><rpOrgName>City of Falls Church</rpOrgName><rpPosName>GIS Engineer</rpPosName><role><RoleCd value="006"/></role><rpCntInfo><cntAddress addressType="both"><delPoint>300 Park Avenue</delPoint><city>Falls Church</city><adminArea>Virginia</adminArea><postCode>20148</postCode><eMailAdd>mviverito@fallschurchva.gov</eMailAdd></cntAddress><cntPhone><voiceNum tddtty="">703-248-5328</voiceNum></cntPhone><cntHours>8:30 a.m. - 5:00 p.m. </cntHours></rpCntInfo><displayName>Matt Viverito</displayName></mdContact><mdMaint xmlns=""><maintFreq><MaintFreqCd value="009"></MaintFreqCd></maintFreq></mdMaint></metadata>
