<?xml version="1.0"?>
<!--<!DOCTYPE metadata SYSTEM "http://www.esri.com/metadata/esriprof80.dtd">-->
<metadata xml:lang="en"><Esri><CreaDate>20110527</CreaDate><CreaTime>15212000</CreaTime><SyncOnce>FALSE</SyncOnce><SyncDate>20110610</SyncDate><SyncTime>09490500</SyncTime><ModDate>20110610</ModDate><ModTime>09490500</ModTime><MetaID>{C7204F61-5758-4117-BB23-8AD00B23102E}</MetaID></Esri><idinfo><native Sync="TRUE">Microsoft Windows XP Version 5.1 (Build 2600) Service Pack 3; ESRI ArcCatalog 9.3.1.3000</native><descript><langdata>English</langdata><abstract>The Virginia Ecological Value Assessment (VEVA) integrates elements of the Priority Conservation Areas dataset, Healthy Waters data and VIMS Center for Coastal Resource Management Cumulative Resource Inventory.  VEVA delineates priority conservation areas ranked by level of importance based on VA Dept. of Game and Inland Fisheries' Priority Wildlife Diversity Conservation Areas, VA Dept of Conservation and Recreation Division of Natural Heritage Conservation Sites Layer (CSL) and Natural Lands Network (NLN), VCU Center for Environmental Studies aquatic resource integrity layer and VIMS College of William and Mary Center for Coastal Resource Management Cumulative Resource Assessment.  The Virginia Ecological Value Assessment builds on the definition of the Priority Conservation Areas and are defined as lands, aquatic resources and surface waters indentified as important for conservation of Virginia's wildlife, plants, and aquatic and natural communities.  The identified lands, aquatic resources and waters can be used to prioritize areas for preservation, protection or specific management action.</abstract><purpose>This dataset was developed to synthesize important natural resource information in one geospatial layer for natural resource management, land use management and awareness.  This dataset is intended to guide conservation planning and efforts.  </purpose><supplinf>This dataset is not intended to replace on the ground surveys or consultations with biologists as appropriate.</supplinf></descript><citation><citeinfo><origin>VCU-CES, VA DGIF, VA DCR, VIMS CCM</origin><pubdate>February 2011</pubdate><title>Virginia Ecological Value Assessment</title><ftname Sync="TRUE">veva</ftname><geoform Sync="TRUE">vector digital data</geoform><onlink>http://www.dgif.virginia.gov/gis/gis-data.asp</onlink></citeinfo></citation><timeperd><current>ground condition</current><timeinfo><rngdates><begdate>2000</begdate><enddate>2011</enddate></rngdates></timeinfo></timeperd><status><progress>Complete</progress><update>None planned</update></status><spdom><bounding><westbc Sync="TRUE">-77.985729</westbc><eastbc Sync="TRUE">-75.183218</eastbc><northbc Sync="TRUE">39.067275</northbc><southbc Sync="TRUE">36.505707</southbc></bounding><lboundng><leftbc Sync="TRUE">135559.643082</leftbc><rightbc Sync="TRUE">373759.643082</rightbc><bottombc Sync="TRUE">64563.557146</bottombc><topbc Sync="TRUE">341563.557146</topbc></lboundng></spdom><keywords><theme><themekey>Ecological Value</themekey><themekey>Conservation Planning</themekey><themekey>Aquatic Integrity</themekey><themekey>Wildlife Diversity</themekey></theme><place><placekey>Virginia</placekey><placekey>Coastal Zone</placekey></place></keywords><accconst>NA</accconst><useconst>NA</useconst><natvform Sync="TRUE">Shapefile</natvform><ptcontac><cntinfo><cntperp><cntper>Jason Bulluck</cntper><cntorg>VA Department of Conservation and Recreation Division of Natural Heritage</cntorg></cntperp><cntpos>Information Manager</cntpos><cntaddr><addrtype>mailing and physical address</addrtype><address>217 Governor Street</address><city>Richmond</city><state>VA</state><postal>23219</postal><country>USA</country></cntaddr><cntvoice>(804)786-8377</cntvoice><cntemail>jason.bulluck@dcr.virginia.gov</cntemail><cntfax>(804)  371-2674</cntfax><hours>8:30 AM - 4:30 PM EST</hours></cntinfo></ptcontac><datacred>Virginia Commonwealth University Center for Environmental Studies, Virginia Department of Game and Inland Fisheries, Virginia Department of Conservation and Recreation, VIMS Center for Coastal Resources Management</datacred><secinfo><secclass>Unclassified</secclass></secinfo></idinfo><dataIdInfo><envirDesc Sync="TRUE">Microsoft Windows XP Version 5.1 (Build 2600) Service Pack 3; ESRI ArcCatalog 9.3.1.3000</envirDesc><dataLang><languageCode Sync="TRUE" value="en"></languageCode></dataLang><idCitation><resTitle Sync="TRUE">veva</resTitle><presForm><PresFormCd Sync="TRUE" value="005"></PresFormCd></presForm></idCitation><spatRpType><SpatRepTypCd Sync="TRUE" value="001"></SpatRepTypCd></spatRpType><dataExt><geoEle><GeoBndBox esriExtentType="native"><westBL Sync="TRUE">135559.643082</westBL><eastBL Sync="TRUE">373759.643082</eastBL><northBL Sync="TRUE">341563.557146</northBL><southBL Sync="TRUE">64563.557146</southBL><exTypeCode Sync="TRUE">1</exTypeCode></GeoBndBox></geoEle></dataExt><geoBox esriExtentType="decdegrees"><westBL Sync="TRUE">-77.985729</westBL><eastBL Sync="TRUE">-75.183218</eastBL><northBL Sync="TRUE">39.067275</northBL><southBL Sync="TRUE">36.505707</southBL><exTypeCode Sync="TRUE">1</exTypeCode></geoBox></dataIdInfo><metainfo><langmeta>English</langmeta><metstdn Sync="TRUE">FGDC Content Standards for Digital Geospatial Metadata</metstdn><metstdv Sync="TRUE">FGDC-STD-001-1998</metstdv><mettc Sync="TRUE">local time</mettc><metc><cntinfo><cntorgp><cntper>Jennifer Ciminelli</cntper><cntorg>VCU Center for Environmental Studies</cntorg></cntorgp><cntaddr><addrtype>mailing and physical address</addrtype><city>Richmond</city><state>VA</state><postal>23284</postal><address>1000 W. Cary St.</address><address>P.O. Box 843050</address><country>USA</country></cntaddr><cntvoice>(804) 827 -0110</cntvoice><cntpos>Environmental Specialist</cntpos><cntemail>s2jmcimi@vcu.edu</cntemail><hours>8:30 AM - 5:30 PM EST</hours><cntfax>(804) 828-1622</cntfax></cntinfo></metc><metd Sync="TRUE">20110610</metd><metac>NA</metac><metuc>NA</metuc><metextns><onlink Sync="TRUE">http://www.esri.com/metadata/esriprof80.html</onlink><metprof Sync="TRUE">ESRI Metadata Profile</metprof></metextns></metainfo><mdLang><languageCode Sync="TRUE" value="en"></languageCode></mdLang><mdStanName Sync="TRUE">ISO 19115 Geographic Information - Metadata</mdStanName><mdStanVer Sync="TRUE">DIS_ESRI1.0</mdStanVer><mdChar><CharSetCd Sync="TRUE" value="004"></CharSetCd></mdChar><mdHrLv><ScopeCd Sync="TRUE" value="005"></ScopeCd></mdHrLv><mdHrLvName Sync="TRUE">dataset</mdHrLvName><distinfo><resdesc Sync="TRUE">Downloadable Data</resdesc><stdorder><digform><digtinfo><transize Sync="TRUE">23.912</transize><dssize Sync="TRUE">23.912</dssize></digtinfo></digform></stdorder><distliab>Although data are considered accurate, no warranty, expressed or implied, is made by the creators of this dataset (VA-DGIF, VA-DCR, VCU CES, VIMS CCM).</distliab></distinfo><distInfo><distributor><distorTran><onLineSrc><orDesc Sync="TRUE">002</orDesc><linkage Sync="TRUE">file://\\GISLAPTOP\E\Projects\PCA_CRA\data\final_deliverables\metadata_93\veva.shp</linkage><protocol Sync="TRUE">Local Area Network</protocol></onLineSrc><transSize Sync="TRUE">23.912</transSize></distorTran><distorFormat><formatName Sync="TRUE">Shapefile</formatName></distorFormat></distributor></distInfo><spdoinfo><direct Sync="TRUE">Vector</direct><ptvctinf><esriterm Name="veva"><efeatyp Sync="TRUE">Simple</efeatyp><efeageom Sync="TRUE">Polygon</efeageom><esritopo Sync="TRUE">FALSE</esritopo><efeacnt Sync="TRUE">78535</efeacnt><spindex Sync="TRUE">FALSE</spindex><linrefer Sync="TRUE">FALSE</linrefer></esriterm><sdtsterm Name="veva"><sdtstype Sync="TRUE">G-polygon</sdtstype><ptvctcnt Sync="TRUE">78535</ptvctcnt></sdtsterm></ptvctinf></spdoinfo><spref><horizsys><cordsysn><geogcsn Sync="TRUE">GCS_North_American_1983</geogcsn><projcsn Sync="TRUE">NAD_1983_Lambert_Conformal_Conic</projcsn></cordsysn><planar><planci><plance Sync="TRUE">coordinate pair</plance><plandu Sync="TRUE">meters</plandu><coordrep><absres Sync="TRUE">0.000000</absres><ordres Sync="TRUE">0.000000</ordres></coordrep></planci><mapproj><mapprojn Sync="TRUE">Lambert Conformal Conic</mapprojn><lambertc><stdparll Sync="TRUE">37.000000</stdparll><stdparll Sync="TRUE">39.500000</stdparll><longcm Sync="TRUE">-79.500000</longcm><latprjo Sync="TRUE">36.000000</latprjo><feast Sync="TRUE">0.000000</feast><fnorth Sync="TRUE">0.000000</fnorth></lambertc></mapproj></planar><geodetic><horizdn Sync="TRUE">North American Datum of 1983</horizdn><ellips Sync="TRUE">Geodetic Reference System 80</ellips><semiaxis Sync="TRUE">6378137.000000</semiaxis><denflat Sync="TRUE">298.257222</denflat></geodetic></horizsys></spref><refSysInfo><RefSystem><refSysID><identCode Sync="TRUE">NAD_1983_Lambert_Conformal_Conic</identCode></refSysID></RefSystem></refSysInfo><spatRepInfo><VectSpatRep><topLvl><TopoLevCd Sync="TRUE" value="001"></TopoLevCd></topLvl><geometObjs Name="veva"><geoObjTyp><GeoObjTypCd Sync="TRUE" value="001"></GeoObjTypCd></geoObjTyp><geoObjCnt Sync="TRUE">78535</geoObjCnt></geometObjs></VectSpatRep></spatRepInfo><eainfo><detailed Name="veva"><enttyp><enttypl Sync="TRUE">veva</enttypl><enttypt Sync="TRUE">Feature Class</enttypt><enttypc Sync="TRUE">78535</enttypc><enttypd>Coastal Virginia Ecological Value Assessment</enttypd></enttyp><attr><attrlabl Sync="TRUE">FID</attrlabl><attalias Sync="TRUE">FID</attalias><attrtype Sync="TRUE">OID</attrtype><attwidth Sync="TRUE">4</attwidth><atprecis Sync="TRUE">0</atprecis><attscale Sync="TRUE">0</attscale><attrdef Sync="TRUE">Internal feature number.</attrdef><attrdefs Sync="TRUE">ESRI</attrdefs><attrdomv><udom Sync="TRUE">Sequential unique whole numbers that are automatically generated.</udom></attrdomv></attr><attr><attrlabl Sync="TRUE">Shape</attrlabl><attalias Sync="TRUE">Shape</attalias><attrtype Sync="TRUE">Geometry</attrtype><attwidth Sync="TRUE">0</attwidth><atprecis Sync="TRUE">0</atprecis><attscale Sync="TRUE">0</attscale><attrdef Sync="TRUE">Feature geometry.</attrdef><attrdefs Sync="TRUE">ESRI</attrdefs><attrdomv><udom Sync="TRUE">Coordinates defining the features.</udom></attrdomv></attr><attr><attrlabl Sync="TRUE">RANK</attrlabl><attalias Sync="TRUE">RANK</attalias><attrtype Sync="TRUE">Number</attrtype><attwidth Sync="TRUE">4</attwidth><attrdef>Priority conservation rank</attrdef><attrdomv><edom><edomv>1</edomv><edomvd>General ecological value.</edomvd></edom><edom><edomv>2</edomv><edomvd>Moderate ecological value.</edomvd></edom><edom><edomv>3</edomv><edomvd>High ecological value.</edomvd></edom><edom><edomv>4</edomv><edomvd>Very high ecological value.</edomvd></edom><edom><edomv>5</edomv><edomvd>Outstanding ecological value.</edomvd></edom></attrdomv></attr><attr><attrlabl Sync="TRUE">TableID</attrlabl><attalias Sync="TRUE">TableID</attalias><attrtype Sync="TRUE">Number</attrtype><attwidth Sync="TRUE">9</attwidth><attrdef>Identification number to join VEVA Input Layer Properties table.</attrdef><attrdomv><udom>Unique sequential ID.</udom></attrdomv></attr></detailed></eainfo><mdDateSt Sync="TRUE">20110610</mdDateSt><dataqual><lineage><procstep><proccont><cntinfo><cntperp><cntper>Jason Bulluck</cntper><cntorg>VA Department of Conservation and Recreation Division of Natural Heritage</cntorg></cntperp><cntpos>Information Manager</cntpos><cntaddr><addrtype>mailing and physical address</addrtype><address>217 Governor Street</address><city>Richmond</city><state>VA</state><postal>USA</postal><country>23219</country></cntaddr><cntvoice>(804)786-8377</cntvoice><cntemail>jason.bulluck@dcr.virginia.gov</cntemail></cntinfo></proccont><procdesc>Virginia DCR-DNH prepared two data layers from data in the Natural Heritage Plan to contribute to the PCA compilation.  For the PCA, DCR-DNH prepared data layers derived from DCR-DNH Conservation Sites (Conservation Sites ranked by B-rank; fine filter) and the Virginia Natural Landscape Assessment (VaNLA) (Virginia Natural Land Network; coarse filter).</procdesc><procsv>ArcGIS 9.x</procsv></procstep><procstep><proccont><cntinfo><cntperp><cntper>Kendell Ryan</cntper><cntorg>VA Department of Game and Inland Fisheries</cntorg></cntperp><cntpos>GIS Coordinator</cntpos><cntaddr><addrtype>mailing and physical address</addrtype><address>4010 West Broad Street</address><city>Richmond</city><state>VA</state><postal>23230</postal><country>USA</country></cntaddr><cntvoice>(804) 367-0068</cntvoice><cntfax>(804) 367-2427</cntfax><cntemail>kendell.ryan@dgif.virginia.gov</cntemail><hours>8:30 - 5:30 EST</hours></cntinfo></proccont><procdesc>The DGIF maintains several GIS datasets showing the location of important wildlife features.  However, DGIF has never produced a map showing how these features should be prioritized and conserved.  While, as part of the Wildlife Action Plan, the DGIF mapped habitats of over 250 species of greatest conservation need (Tiered Habitat), these do not include any protective buffer around habitats.  Furthermore, there are general conservation actions included in the Wildlife Action Plan that benefit multiple species that had not been mapped. Therefore, it was necessary to create a new GIS dataset to compile wildlife conservation areas.  This dataset was called Priority Wildlife Diversity Conservation Areas or PWDCA.  The term diversity was included to reinforce the wildlife diversity or nongame wildlife conservation focus.  
	The first step was to determine appropriate existing GIS datasets that represent conservation opportunities.  These datasets included: Anadromous Fish Use Waters, Colonial Waterbird Database, and Audubon Important Bird Areas.  The DGIF's Coldwater Stream Survey dataset was also considered, but is primarily outside of the Coastal Zone.  
The next step was to gather "mappable" conservation actions outlined in the Wildlife Action Plan.   There were four explicit conservation actions that could be mapped:
1.	Acquire or protect needed habitats. 	The DGIF mapped the habitats of over 250 species of greatest conservation need within the top two tiers of imperilment plus any state or federally listed species in a lower tier.  These are called DGIF's Tiered Species Habitat.  While this doesn't include the habitats needed to conserve all species of greatest conservation need, it does include a major portion of the most critically imperiled species.  
2.	Protect large blocks of contiguous habitat.  The DCR-DNH identified cores of natural land cover within the Ecological Model of their VCLNA.  These cores and related features represent contiguous or unfragmented habitat.  These are also referred to as the VaNLA cores.
3.	Create forest or upland buffers around marshes and protect wooded wetlands.  Wetlands are identified in the U.S. Fish and Wildlife Service's (USFWS) National Wetlands Inventory.  Buffers can be created in GIS to identify buffers around these features.
4.	Protect and establish riparian buffers.  GIS data on streams can be buffered to delineate appropriate stream buffers.  The best available stream data are the National Hydrography Dataset from U.S. Geological Survey (USGS).
</procdesc><procsv>ArcGIS 9.x</procsv></procstep><procstep><proccont><cntinfo><cntaddr><address>1000 W. Cary St.</address><addrtype>mailing and physical address</addrtype><address>P.O. Box 843050</address><city>Richmond</city><state>VA</state><postal>23284</postal><country>USA</country></cntaddr><cntperp><cntper>Jennifer Ciminelli</cntper><cntorg>Virginia Commonwealth University Center for Environmental Studies</cntorg></cntperp><cntpos>Environmental Specialist</cntpos><cntvoice>(804) 827-0110</cntvoice><cntfax>(804) 828-1622</cntfax><cntemail>s2jmcimi@vcu.edu</cntemail><hours>8:30 - 5:30 EST</hours></cntinfo></proccont><procdesc>VCU - Aquatic Resource Integrity Layer was created by Virginia Commonwealth University Center for Environmental Studies (VCU-CES) to aid in the characterization of stream health in the Commonwealth.  This layer is a combination of both a local scale assessment and a watershed based approach to stream health.  The assessment was aided by the Interactive Stream Assessment Resource (INSTAR).  
Stream Reach Assessment:
Within each geo-referenced stream reach (150-200 m, depending on stream width), fishes, macroinvertebrates, and stream habitat data are collected.  Data are compiled into databases and application macros calculate over 50 separate ecological metrics, including those typically generated for Index of Biotic Integrity (IBI) and Rapid Bioassessment Protocol (RBP) assessments.  INSTAR evaluates the ecological health of stream reaches based on percent comparability of empirical data to the appropriate (e.g., basin, stream order) reference model. Stream health is calculated and placed in four categories: Exceptional, Healthy, Restoration Potential, and Compromised.  
In addition to extensive stream community data collected by VCU biologists for INSTAR, appropriate data from other sources (e.g., agencies, universities) are screened for inclusion in the database, based on stringent QA criteria.
MIBI Watershed Assessment:
Watershed assessments include a broader range of validated qualitative (e.g., species lists) biotic data from various sources, including state and federal agencies. These data are used to generate watershed health using six metrics or variables for the Commonwealth's 1275 6th-order watersheds. Watershed health is calculated and placed in four categories: Exceptional, Healthy, Restoration Potential, and Compromised.  
Layer creation:
All 1:24,000 hydrology lines in the Commonwealth were rasterized to 30m pixels and the watershed health score was attributed on each pixel that was inside a watershed.  The stream reaches were buffered and rasterized.
The healthy INSTAR sites were queried from the INSTAR database (where VSS &gt;= 70).  At each site, a watershed was generated using the Hydrologic Tools in Spatial Analyst.  Each watershed was attributed with the VSS score of the watershed's pour point (the INSTAR site the watershed was generated for).
The buffered NHD data were attributed with the healthy waters watershed rank of 5 for Exceptional or 4 for Healthy where data exist.
The Aquatic Resource Integrity Layer was then created by merging the healthy waters watershed assessment with the MIBI watershed assessment layer.  A Mosaic operation using the last option, setting the reach raster to last and taking those values and imposing them on the raster for the watershed values so the end result was a rasterized hydrology layer that had watershed health and healthy waters watershed health scores combined.   </procdesc><procsv>ArcGIS 10.x, ArcGRID</procsv><procdate>2011</procdate></procstep><procstep><proccont><cntinfo><cntaddr><address>P.O. Box 1346</address><addrtype>mailing and physical address</addrtype><address>Rt. 1208 Greate Road</address><city>Gloucester Point</city><state>VA</state><postal>23062</postal><country>USA</country></cntaddr><cntperp><cntper>Marcia Berman</cntper><cntorg>VIMS Center for Coastal Resource Management Comprehensive Coastal Inventory Program</cntorg></cntperp><cntpos>Program Manager</cntpos><cntvoice>(804) 684-7188</cntvoice><cntemail>marcia@vims.edu</cntemail><hours>8:30 - 5:30 EST</hours></cntinfo></proccont><procdesc>Cumulative Resource Assessment (CRA) were obtained from VIMS.  The CRA layers are a subset of the Aquatic Priority Conservation Areas developed by VIMs.  The data layers used in the CRA were shellfish suitability, reef restoration sites, oyster reefs, artificial fishing reef, seed areas, aquaculture sites, turtle nest, sav beds, regulated areas.  Data were projected to Virginia Lambert NAD 1983 and resampled to 100 meter cell sizes.  Class values were assigned to the rasters.  
Using the ArcMap® tool set "Mosaic to New Raster Tool (Mosaic Method: Maximum)" rasters were superimposed and combined by cell (100m cell size).   Using this technique, the output raster retains the maximum cell value on each overlapping cell.  Therefore an area with only two resources that score a value of 3 each are not outweighed by an areas with 4 resources with values of 1 each.  </procdesc><procsv>ArcGIS</procsv></procstep><procstep><proccont><cntinfo><cntaddr><address>1000 W. Cary St.</address><addrtype>mailing and physical address</addrtype><address>P.O. Box 843050</address><city>Richmond</city><state>VA</state><postal>23284</postal><country>USA</country></cntaddr><cntperp><cntper>Jennifer Ciminelli</cntper><cntorg>VCU Center for Environmental Studies</cntorg></cntperp><cntpos>Environmental Specialist</cntpos><cntvoice>(804) 827-0110</cntvoice><cntemail>s2jmcimi@vcu.edu</cntemail><hours>8:30 - 5:30 EST</hours></cntinfo></proccont><procdesc>All input datasets were combined using cell statistics, where the maximum value cell was output to create the final VEVA layer.</procdesc><procsv>ArcGIS 10.x</procsv><procdate>February 2011</procdate></procstep><procstep><procdesc Sync="TRUE">Dataset copied.</procdesc><srcused Sync="TRUE">C:\projects\CZMSustainableComm\finaldeliverables\data\veva</srcused><procdate Sync="TRUE">20110527</procdate><proctime Sync="TRUE">15212000</proctime></procstep></lineage><logic>This dataset was validated by in-house biologists and GIS specialists within DGIF, DCR, CCM and VCU CES.  While considered accurate, this dataset is not intended to replace on the ground surveys by valid personnel.</logic><complete>All pertinent datasets are considered complete and included in the dataset.</complete></dataqual></metadata>
