<metadata>
	<idinfo>
		<citation>
			<citeinfo>
				<origin>City of Lynchburg, Virginia</origin>
				<title Sync="TRUE">BackOfCurb</title>
				<geoform Sync="TRUE">vector digital data</geoform>
				<onlink Sync="TRUE">\\GIS-SCC1\C$\TEMP\GIS_DataDownload_Staging_Planimetric\GDB\Planimetric.gdb</onlink>
				<ftname Sync="TRUE">BackOfCurb</ftname></citeinfo>
		</citation>
		<descript>
			<abstract>Outline and location of edge of road. Subtypes used to indicate; Edge of Pavement, Edge of Dirt, Back of Curb and Edge of Alley.</abstract>
			<purpose>The purpose of this data set is to show outline and location of edge of road. Subtypes used to indicate; Edge of Pavement, Edge of Dirt, Back of Curb and Edge of Alley.</purpose>
			<langdata Sync="TRUE">en</langdata></descript>
		<timeperd>
			<timeinfo>
				<sngdate/>
			</timeinfo>
		</timeperd>
		<status>
			<progress>In work</progress>
			<update>As needed</update>
		</status>
		<spdom>
			<bounding>
				<westbc Sync="TRUE">-79.284700</westbc>
				<eastbc Sync="TRUE">-79.084633</eastbc>
				<northbc Sync="TRUE">37.503583</northbc>
				<southbc Sync="TRUE">37.300743</southbc>
			</bounding>
			<lboundng><leftbc Sync="TRUE">11255289.735000</leftbc><rightbc Sync="TRUE">11312872.500000</rightbc><bottombc Sync="TRUE">3634000.000000</bottombc><topbc Sync="TRUE">3707439.263000</topbc></lboundng></spdom>
		<keywords>
			<theme>
				<themekt>Edge of Pavement</themekt>
				<themekey>Edge of Road</themekey>
			</theme>
		</keywords>
		<accconst>Users of this data agree to the use constraints described in this metadata document.</accconst>
		<useconst>Pursuant to Section 54.1-402, paragraph C of the Code of Virginia, which is quoted below, this data may not be used for purposes listed in said paragraph C, since the data was not created, nor is it maintained under the supervision of a licensed land surveyor.</useconst>
		<ptcontac>
			<cntinfo>
				<cntorgp>
					<cntorg>City of Lynchburg</cntorg>
					<cntper>Allison Johnson</cntper>
				</cntorgp>
				<cntpos>GIS Department</cntpos>
				<cntaddr>
					<address>900 Church St</address>
					<city>Lynchburg</city>
					<state>VA</state>
					<postal>24504</postal>
					<country>USA</country>
				</cntaddr>
				<cntvoice>434.455.3940</cntvoice>
				<cntfax>434.847.1436</cntfax>
				<cntemail>Allison.Johnson@lynchburgva.gov</cntemail>
			</cntinfo>
		</ptcontac>
		<native Sync="TRUE">Microsoft Windows 2000 Version 5.2 (Build 3790) Service Pack 2; ESRI ArcCatalog 9.3.1.4000</native>
		<natvform Sync="TRUE">File Geodatabase Feature Class</natvform></idinfo>
	<dataqual>
		<lineage>
			<srcinfo>
				<srccite>
					<citeinfo>
						<origin>City of Lynchburg Department of GIS</origin>
						<title>Department of GIS</title>
					</citeinfo>
				</srccite>
			</srcinfo>
			<procstep><procdesc>Original GIS vector data was being maintained in GeoMedia. The GIS vector was then exported to AutoCAD (.dwg) format and/or ESRI shapefile (.shp) format then loaded into ESRI Geodatabase format.</procdesc></procstep><procstep><procdesc Sync="TRUE">Metadata imported.</procdesc><srcused Sync="TRUE">T:\Shared\Worldview\Metadata\EdgeOfRoad.xml</srcused><procdate Sync="TRUE">20090323</procdate><proctime Sync="TRUE">09220900</proctime></procstep><procstep><procdesc Sync="TRUE">Dataset copied.</procdesc><srcused Sync="TRUE">Server=Murloc; Service=sde:sqlserver:murloc; Database=vectorgis_prd; User=gisreader; Version=dbo.DEFAULT</srcused><procdate Sync="TRUE">20090723</procdate><proctime Sync="TRUE">15184400</proctime></procstep><procstep><procdesc Sync="TRUE">Dataset copied.</procdesc><srcused Sync="TRUE">\\LYNCHBURG\C$\Lynchburg\HydroImp\HydroImpervious.gdb</srcused><procdate Sync="TRUE">20090730</procdate><proctime Sync="TRUE">11493700</proctime></procstep><procstep><procdesc Sync="TRUE">Dataset copied.</procdesc><srcused Sync="TRUE">\\LYNCHBURG\C$\Lynchburg\HydroImp\HydroImpervious.gdb</srcused><procdate Sync="TRUE">20090803</procdate><proctime Sync="TRUE">15302400</proctime></procstep><procstep><procdesc Sync="TRUE">Dataset copied.</procdesc><srcused Sync="TRUE">\\LYNCHBURG\C$\Lynchburg\HydroImp\Impervious_Dev.gdb</srcused><procdate Sync="TRUE">20090814</procdate><proctime Sync="TRUE">15181400</proctime></procstep><procstep><procdesc Sync="TRUE">Dataset copied.</procdesc><srcused Sync="TRUE">\\LYNCHBURG\C$\Lynchburg\HydroImp\Impervious_Dev.gdb</srcused><procdate Sync="TRUE">20090819</procdate><proctime Sync="TRUE">13115700</proctime></procstep><procstep><procdesc Sync="TRUE">Dataset copied.</procdesc><srcused Sync="TRUE">\\LYNCHBURG\C$\Lynchburg\HydroImp\New Personal Geodatabase.mdb</srcused><procdate Sync="TRUE">20090819</procdate><proctime Sync="TRUE">13173500</proctime></procstep><procstep><procdesc Sync="TRUE">Dataset copied.</procdesc><srcused Sync="TRUE">Server=wiggum_sqlexpress; Service=sde:sqlserver:wiggum\sqlexpress; Database=Lynchburg_ImpSurf; Version=dbo.DEFAULT</srcused><procdate Sync="TRUE">20090921</procdate><proctime Sync="TRUE">15573600</proctime></procstep><procstep><procdesc Sync="TRUE">Dataset copied.</procdesc><srcused Sync="TRUE">\\LYNCHBURG\C$\Lynchburg\Impervious_Dev.gdb</srcused><procdate Sync="TRUE">20091214</procdate><proctime Sync="TRUE">15393100</proctime></procstep><procstep><procdesc Sync="TRUE">Dataset copied.</procdesc><srcused Sync="TRUE">\\tempest\Shared\GIS\Remediation Projects\ImperviousSurface\Final\Planimetric.mdb</srcused><procdate Sync="TRUE">20100114</procdate><proctime Sync="TRUE">07040000</proctime></procstep></lineage>
	</dataqual>
	<spdoinfo>
		<direct Sync="TRUE">Vector</direct>
		<ptvctinf><esriterm><efeatyp Sync="TRUE">Simple</efeatyp><efeageom code="3" Sync="TRUE"></efeageom><esritopo Sync="TRUE">FALSE</esritopo><efeacnt Sync="TRUE">0</efeacnt><spindex Sync="TRUE">FALSE</spindex><linrefer Sync="TRUE">TRUE</linrefer></esriterm></ptvctinf></spdoinfo>
	<spref>
		<horizsys>
			<planar>
				<planci>
					<plance Sync="TRUE">coordinate pair</plance>
					<coordrep>
						<absres Sync="TRUE">0.000500</absres>
						<ordres Sync="TRUE">0.000500</ordres>
					</coordrep>
					<plandu Sync="TRUE">survey feet</plandu>
				</planci>
			</planar>
			<geodetic>
				<horizdn Sync="TRUE">North American Datum of 1983</horizdn>
				<ellips Sync="TRUE">Geodetic Reference System 80</ellips>
				<semiaxis Sync="TRUE">6378137.000000</semiaxis>
				<denflat Sync="TRUE">298.257222</denflat>
			</geodetic>
			<cordsysn><geogcsn Sync="TRUE">GCS_North_American_1983</geogcsn><projcsn Sync="TRUE">NAD_1983_StatePlane_Virginia_South_FIPS_4502_Feet</projcsn></cordsysn></horizsys>
		<vertdef>
			<altsys>
				<altres Sync="TRUE">0.000100</altres>
				<altenc Sync="TRUE">Explicit elevation coordinate included with horizontal coordinates</altenc>
			</altsys>
		</vertdef>
	</spref>
	<eainfo>
		<detailed Name="BackOfCurb">
			<enttyp>
				<enttypl Sync="TRUE">BackOfCurb</enttypl>
				<enttypt Sync="TRUE">Feature Class</enttypt><enttypc Sync="TRUE">0</enttypc></enttyp>
			<attr>
				<attrlabl>Shape</attrlabl>
				<attrdef>Feature geometry.</attrdef>
				<attrdefs>ESRI</attrdefs>
				<attrdomv>
					<udom>Coordinates defining the features.</udom>
				</attrdomv>
				<attalias Sync="TRUE">Shape</attalias><attrtype Sync="TRUE">Geometry</attrtype><attwidth Sync="TRUE">0</attwidth><atprecis Sync="TRUE">0</atprecis><attscale Sync="TRUE">0</attscale></attr>
			<attr><attrlabl Sync="TRUE">LineType</attrlabl><attalias Sync="TRUE">LineType</attalias><attrtype Sync="TRUE">String</attrtype><attwidth Sync="TRUE">50</attwidth><atprecis Sync="TRUE">0</atprecis><attscale Sync="TRUE">0</attscale></attr><subtype><stname Sync="TRUE">Other</stname><stcode Sync="TRUE">0</stcode><stfield><stfldnm Sync="TRUE">Subtype</stfldnm><stflddv Sync="TRUE">0</stflddv></stfield><stfield><stfldnm Sync="TRUE">Hidden</stfldnm><stflddv Sync="TRUE">0</stflddv><stflddd><domname Sync="TRUE">dBoolean_2</domname><domdesc Sync="TRUE">Simple Yes/No</domdesc><domtype Sync="TRUE">Coded Value</domtype><mrgtype Sync="TRUE">Default value</mrgtype><splttype Sync="TRUE">Default value</splttype><domowner Sync="TRUE">DBO</domowner><domfldtp Sync="TRUE">SmallInteger</domfldtp></stflddd></stfield></subtype><subtype><stname Sync="TRUE">Edge of Dirt</stname><stcode Sync="TRUE">3</stcode><stfield><stfldnm Sync="TRUE">Subtype</stfldnm><stflddv Sync="TRUE">0</stflddv></stfield><stfield><stfldnm Sync="TRUE">Hidden</stfldnm><stflddv Sync="TRUE">0</stflddv><stflddd><domname Sync="TRUE">dBoolean_2</domname><domdesc Sync="TRUE">Simple Yes/No</domdesc><domtype Sync="TRUE">Coded Value</domtype><mrgtype Sync="TRUE">Default value</mrgtype><splttype Sync="TRUE">Default value</splttype><domowner Sync="TRUE">DBO</domowner><domfldtp Sync="TRUE">SmallInteger</domfldtp></stflddd></stfield></subtype><subtype><stname Sync="TRUE">Back of Curb</stname><stcode Sync="TRUE">2</stcode><stfield><stfldnm Sync="TRUE">Subtype</stfldnm><stflddv Sync="TRUE">0</stflddv></stfield><stfield><stfldnm Sync="TRUE">Hidden</stfldnm><stflddv Sync="TRUE">0</stflddv><stflddd><domname Sync="TRUE">dBoolean_2</domname><domdesc Sync="TRUE">Simple Yes/No</domdesc><domtype Sync="TRUE">Coded Value</domtype><mrgtype Sync="TRUE">Default value</mrgtype><splttype Sync="TRUE">Default value</splttype><domowner Sync="TRUE">DBO</domowner><domfldtp Sync="TRUE">SmallInteger</domfldtp></stflddd></stfield></subtype><attr><attrlabl Sync="TRUE">FID</attrlabl><attalias Sync="TRUE">FID</attalias><attrtype Sync="TRUE">OID</attrtype><attwidth Sync="TRUE">4</attwidth><atprecis Sync="TRUE">0</atprecis><attscale Sync="TRUE">0</attscale><attrdef Sync="TRUE">Internal feature number.</attrdef><attrdefs Sync="TRUE">ESRI</attrdefs><attrdomv><udom Sync="TRUE">Sequential unique whole numbers that are automatically generated.</udom></attrdomv></attr><subtype><stname Sync="TRUE">Edge of Pavement</stname><stcode Sync="TRUE">1</stcode><stfield><stfldnm Sync="TRUE">Subtype</stfldnm><stflddv Sync="TRUE">0</stflddv></stfield><stfield><stfldnm Sync="TRUE">Hidden</stfldnm><stflddv Sync="TRUE">0</stflddv><stflddd><domname Sync="TRUE">dBoolean_2</domname><domdesc Sync="TRUE">Simple Yes/No</domdesc><domtype Sync="TRUE">Coded Value</domtype><mrgtype Sync="TRUE">Default value</mrgtype><splttype Sync="TRUE">Default value</splttype><domowner Sync="TRUE">DBO</domowner><domfldtp Sync="TRUE">SmallInteger</domfldtp></stflddd></stfield></subtype><subtype><stname Sync="TRUE">Edge of Alley</stname><stcode Sync="TRUE">4</stcode><stfield><stfldnm Sync="TRUE">Subtype</stfldnm><stflddv Sync="TRUE">0</stflddv></stfield><stfield><stfldnm Sync="TRUE">Hidden</stfldnm><stflddv Sync="TRUE">0</stflddv><stflddd><domname Sync="TRUE">dBoolean_2</domname><domdesc Sync="TRUE">Simple Yes/No</domdesc><domtype Sync="TRUE">Coded Value</domtype><mrgtype Sync="TRUE">Default value</mrgtype><splttype Sync="TRUE">Default value</splttype><domowner Sync="TRUE">DBO</domowner><domfldtp Sync="TRUE">SmallInteger</domfldtp></stflddd></stfield></subtype><attr><attrlabl Sync="TRUE">Shape_Leng</attrlabl><attalias Sync="TRUE">Shape_Leng</attalias><attrtype Sync="TRUE">Double</attrtype><attwidth Sync="TRUE">19</attwidth><atprecis Sync="TRUE">0</atprecis><attscale Sync="TRUE">0</attscale></attr></detailed>
	</eainfo>
	<distinfo>
		<distrib>
			<cntinfo>
				<cntorgp>
					<cntorg>City of Lynchburg</cntorg>
					<cntper>Allison Johnson</cntper>
				</cntorgp>
				<cntpos>GIS Department</cntpos>
				<cntaddr>
					<addrtype>mailing and physical address</addrtype>
					<address>900 Church St</address>
					<city>Lynchburg</city>
					<state>VA</state>
					<postal>24504</postal>
					<country>USA</country>
				</cntaddr>
				<cntvoice>434.455.3940</cntvoice>
				<cntfax>434.847.1436</cntfax>
				<cntemail>Allison.Johnson@lynchburgva.gov</cntemail>
			</cntinfo>
		</distrib>
		<resdesc>Downloadable Data</resdesc>
		<distliab>Although these data have been processed successfully on a computer system, no warranty expressed or implied is made regarding the use of the data on any other system, nor does the act of distribution constitute any such warranty.</distliab>
		<stdorder></stdorder>
	</distinfo>
	<metainfo>
		<metd Sync="TRUE">20111207</metd>
		<metc>
			<cntinfo>
				<cntorgp>
					<cntorg>City of Lynchburg</cntorg>
					<cntper>Allison Johnson</cntper>
				</cntorgp>
				<cntpos>GIS Department</cntpos>
				<cntaddr>
					<addrtype>mailing and physical address</addrtype>
					<address>900 Church St</address>
					<city>Lynchburg</city>
					<state>VA</state>
					<postal>24504</postal>
					<country>USA</country>
				</cntaddr>
				<cntvoice>434.455.3940</cntvoice>
				<cntfax>434.847.1436</cntfax>
				<cntemail>Allison.Johnson@lynchburgva.gov</cntemail>
			</cntinfo>
		</metc>
		<metstdn Sync="TRUE">FGDC Content Standards for Digital Geospatial Metadata</metstdn>
		<metstdv Sync="TRUE">FGDC-STD-001-1998</metstdv>
		<mettc Sync="TRUE">local time</mettc>
		<metextns>
			<onlink>http://www.esri.com/metadata/esriprof80.html</onlink>
			<metprof>ESRI Metadata Profile</metprof>
		</metextns>
		<metextns>
			<onlink>http://www.esri.com/metadata/esriprof80.html</onlink>
			<metprof>ESRI Metadata Profile</metprof>
		</metextns>
		<metextns>
			<onlink>http://www.esri.com/metadata/esriprof80.html</onlink>
			<metprof>ESRI Metadata Profile</metprof>
		</metextns>
		<langmeta Sync="TRUE">en</langmeta></metainfo>
	<Esri><CreaDate>20100114</CreaDate><CreaTime>07040000</CreaTime><SyncOnce>FALSE</SyncOnce><SyncDate>20140404</SyncDate><SyncTime>14465900</SyncTime><ModDate>20140404</ModDate><ModTime>14465900</ModTime><MetaID>{317389D9-0E51-479C-864C-5071F8DA30FA}</MetaID><DataProperties><lineage><Process Name="Export to GDB - BackOfCurb" ToolSource="C:\Program Files (x86)\ArcGIS\ArcToolbox\Toolboxes\Conversion Tools.tbx\FeatureClassToFeatureClass" Date="20111207" Time="101729">FeatureClassToFeatureClass "\\tempest\Shared\GIS\Admin\Data Download\Toolset\Murloc - Read.sde\VectorGIS_prd.DBO.Planimetric\VectorGIS_prd.DBO.PlanimetricLine" C:\TEMP\GIS_DataDownload_Staging_Planimetric\GDB\Planimetric.gdb BackOfCurb "LineType = 'Back of Curb'" "LineType 'LineType' true true false 50 Text 0 0 ,First,#,\\tempest\Shared\GIS\Admin\Data Download\Toolset\Murloc - Read.sde\VectorGIS_prd.DBO.Planimetric\VectorGIS_prd.DBO.PlanimetricLine,LineType,-1,-1;Shape_len 'Shape_len' false false true 0 Double 0 0 ,First,#,\\tempest\Shared\GIS\Admin\Data Download\Toolset\Murloc - Read.sde\VectorGIS_prd.DBO.Planimetric\VectorGIS_prd.DBO.PlanimetricLine,Shape.len,-1,-1" # C:\TEMP\GIS_DataDownload_Staging_Planimetric\GDB\Planimetric.gdb\BackOfCurb</Process><Process Name="Delete Rows" ToolSource="C:\Program Files (x86)\ArcGIS\Desktop10.0\ArcToolbox\Toolboxes\Data Management Tools.tbx\DeleteRows" Date="20120319" Time="083520">DeleteRows "\\tempest\shared\GIS\Tools\Data Download\Staging\PlanimetricGDB\Planimetric.gdb\BackOfCurb"</Process><Process Name="Back of Curb Append" ToolSource="C:\Program Files (x86)\ArcGIS\Desktop10.0\ArcToolbox\Toolboxes\Data Management Tools.tbx\Append" Date="20120319" Time="125656">Append in_memory\BackofCurb "\\tempest\shared\GIS\Tools\Data Download\Staging\PlanimetricGDB\Planimetric.gdb\BackOfCurb" NO_TEST "LineType "LineType" true true false 50 Text 0 0 ,First,#,in_memory\BackofCurb,LineType,-1,-1;Shape_Length "Shape_Length" false true true 8 Double 0 0 ,First,#,in_memory\BackofCurb,Shape_length,-1,-1" #</Process><Process Name="Delete Rows" ToolSource="C:\Program Files (x86)\ArcGIS\Desktop10.0\ArcToolbox\Toolboxes\Data Management Tools.tbx\DeleteRows" Date="20120319" Time="131120">DeleteRows "\\tempest\shared\GIS\Tools\Data Download\Staging\PlanimetricGDB\Planimetric.gdb\BackOfCurb"</Process><Process Name="Back of Curb Append" ToolSource="C:\Program Files (x86)\ArcGIS\Desktop10.0\ArcToolbox\Toolboxes\Data Management Tools.tbx\Append" Date="20120319" Time="131311">Append in_memory\BackofCurb "\\tempest\shared\GIS\Tools\Data Download\Staging\PlanimetricGDB\Planimetric.gdb\BackOfCurb" NO_TEST "LineType "LineType" true true false 50 Text 0 0 ,First,#,in_memory\BackofCurb,LineType,-1,-1;Shape_Length "Shape_Length" false true true 8 Double 0 0 ,First,#,in_memory\BackofCurb,Shape_length,-1,-1" #</Process><Process Name="Delete Rows" ToolSource="C:\Program Files (x86)\ArcGIS\Desktop10.0\ArcToolbox\Toolboxes\Data Management Tools.tbx\DeleteRows" Date="20120319" Time="132147">DeleteRows "\\tempest\shared\GIS\Tools\Data Download\Staging\PlanimetricGDB\Planimetric.gdb\BackOfCurb"</Process><Process Name="Back of Curb Append" ToolSource="C:\Program Files (x86)\ArcGIS\Desktop10.0\ArcToolbox\Toolboxes\Data Management Tools.tbx\Append" Date="20120319" Time="150546">Append in_memory\BackofCurb "\\tempest\shared\GIS\Tools\Data Download\Staging\PlanimetricGDB\Planimetric.gdb\BackOfCurb" NO_TEST "LineType "LineType" true true false 50 Text 0 0 ,First,#,in_memory\BackofCurb,LineType,-1,-1;Shape_Length "Shape_Length" false true true 8 Double 0 0 ,First,#,in_memory\BackofCurb,Shape_length,-1,-1" #</Process><Process Name="Delete Rows" ToolSource="C:\Program Files (x86)\ArcGIS\Desktop10.0\ArcToolbox\Toolboxes\Data Management Tools.tbx\DeleteRows" Date="20120319" Time="153556">DeleteRows "\\tempest\shared\GIS\Tools\Data Download\Staging\PlanimetricGDB\Planimetric.gdb\BackOfCurb"</Process><Process Name="Back of Curb Append" ToolSource="C:\Program Files (x86)\ArcGIS\Desktop10.0\ArcToolbox\Toolboxes\Data Management Tools.tbx\Append" Date="20120319" Time="154030">Append in_memory\BackofCurb "\\tempest\shared\GIS\Tools\Data Download\Staging\PlanimetricGDB\Planimetric.gdb\BackOfCurb" NO_TEST "LineType "LineType" true true false 50 Text 0 0 ,First,#,in_memory\BackofCurb,LineType,-1,-1;Shape_Length "Shape_Length" false true true 8 Double 0 0 ,First,#,in_memory\BackofCurb,Shape_length,-1,-1" #</Process><Process Name="Delete Rows" ToolSource="C:\Program Files (x86)\ArcGIS\Desktop10.0\ArcToolbox\Toolboxes\Data Management Tools.tbx\DeleteRows" Date="20120319" Time="154856">DeleteRows "\\tempest\shared\GIS\Tools\Data Download\Staging\PlanimetricGDB\Planimetric.gdb\BackOfCurb"</Process><Process Name="Back of Curb Append" ToolSource="C:\Program Files (x86)\ArcGIS\Desktop10.0\ArcToolbox\Toolboxes\Data Management Tools.tbx\Append" Date="20120319" Time="155450">Append in_memory\BackofCurb "\\tempest\shared\GIS\Tools\Data Download\Staging\PlanimetricGDB\Planimetric.gdb\BackOfCurb" NO_TEST "LineType "LineType" true true false 50 Text 0 0 ,First,#,in_memory\BackofCurb,LineType,-1,-1;Shape_Length "Shape_Length" false true true 8 Double 0 0 ,First,#,in_memory\BackofCurb,Shape_length,-1,-1" #</Process><Process Name="Delete Rows" ToolSource="C:\Program Files (x86)\ArcGIS\Desktop10.0\ArcToolbox\Toolboxes\Data Management Tools.tbx\DeleteRows" Date="20120319" Time="162659">DeleteRows "\\tempest\shared\GIS\Tools\Data Download\Staging\PlanimetricGDB\Planimetric.gdb\BackOfCurb"</Process><Process Name="Delete Rows" ToolSource="C:\Program Files (x86)\ArcGIS\Desktop10.0\ArcToolbox\Toolboxes\Data Management Tools.tbx\DeleteRows" Date="20120320" Time="095748">DeleteRows "\\tempest\shared\GIS\Tools\Data Download\Staging\PlanimetricGDB\Planimetric.gdb\BackOfCurb"</Process><Process Name="Back of Curb Append" ToolSource="C:\Program Files (x86)\ArcGIS\Desktop10.0\ArcToolbox\Toolboxes\Data Management Tools.tbx\Append" Date="20120320" Time="103649">Append in_memory\BackofCurb "\\tempest\shared\GIS\Tools\Data Download\Staging\PlanimetricGDB\Planimetric.gdb\BackOfCurb" NO_TEST "LineType "LineType" true true false 50 Text 0 0 ,First,#,in_memory\BackofCurb,LineType,-1,-1;Shape_Length "Shape_Length" false true true 8 Double 0 0 ,First,#,in_memory\BackofCurb,Shape_length,-1,-1" #</Process><Process Name="Delete Rows" ToolSource="C:\Program Files (x86)\ArcGIS\Desktop10.0\ArcToolbox\Toolboxes\Data Management Tools.tbx\DeleteRows" Date="20120320" Time="113116">DeleteRows "\\tempest\shared\GIS\Tools\Data Download\Staging\PlanimetricGDB\Planimetric.gdb\BackOfCurb"</Process><Process Name="Back of Curb Append" ToolSource="C:\Program Files (x86)\ArcGIS\Desktop10.0\ArcToolbox\Toolboxes\Data Management Tools.tbx\Append" Date="20120320" Time="113637">Append in_memory\BackofCurb "\\tempest\shared\GIS\Tools\Data Download\Staging\PlanimetricGDB\Planimetric.gdb\BackOfCurb" NO_TEST "LineType "LineType" true true false 50 Text 0 0 ,First,#,in_memory\BackofCurb,LineType,-1,-1;Shape_Length "Shape_Length" false true true 8 Double 0 0 ,First,#,in_memory\BackofCurb,Shape_length,-1,-1" #</Process><Process Name="Delete Rows" ToolSource="C:\Program Files (x86)\ArcGIS\Desktop10.0\ArcToolbox\Toolboxes\Data Management Tools.tbx\DeleteRows" Date="20120320" Time="115133">DeleteRows "\\tempest\shared\GIS\Tools\Data Download\Staging\PlanimetricGDB\Planimetric.gdb\BackOfCurb"</Process><Process Name="Back of Curb Append" ToolSource="C:\Program Files (x86)\ArcGIS\Desktop10.0\ArcToolbox\Toolboxes\Data Management Tools.tbx\Append" Date="20120406" Time="112219">Append in_memory\BackofCurb "\\tempest\shared\GIS\Tools\Data Download\Staging\PlanimetricGDB\Planimetric.gdb\BackOfCurb" NO_TEST "LineType "LineType" true true false 50 Text 0 0 ,First,#,in_memory\BackofCurb,LineType,-1,-1;Shape_Length "Shape_Length" false true true 8 Double 0 0 ,First,#,in_memory\BackofCurb,Shape_length,-1,-1" #</Process><Process Name="Delete Rows" ToolSource="C:\Program Files (x86)\ArcGIS\Desktop10.0\ArcToolbox\Toolboxes\Data Management Tools.tbx\DeleteRows" Date="20120406" Time="113737">DeleteRows "\\tempest\shared\GIS\Tools\Data Download\Staging\PlanimetricGDB\Planimetric.gdb\BackOfCurb"</Process><Process Name="Back of Curb Append" ToolSource="C:\Program Files (x86)\ArcGIS\Desktop10.0\ArcToolbox\Toolboxes\Data Management Tools.tbx\Append" Date="20120917" Time="110408">Append in_memory\BackofCurb "\\tempest\shared\GIS\Data\Sharing\Data Download Portal\Staging\PlanimetricGDB\Planimetric.gdb\BackOfCurb" NO_TEST "LineType "LineType" true true false 50 Text 0 0 ,First,#,in_memory\BackofCurb,LineType,-1,-1;Shape_Length "Shape_Length" false true true 8 Double 0 0 ,First,#,in_memory\BackofCurb,Shape_length,-1,-1" #</Process><Process Name="Delete Rows" ToolSource="C:\Program Files (x86)\ArcGIS\Desktop10.0\ArcToolbox\Toolboxes\Data Management Tools.tbx\DeleteRows" Date="20120917" Time="111858">DeleteRows "\\tempest\shared\GIS\Data\Sharing\Data Download Portal\Staging\PlanimetricGDB\Planimetric.gdb\BackOfCurb"</Process><Process Name="Back of Curb Append" ToolSource="C:\Program Files (x86)\ArcGIS\Desktop10.0\ArcToolbox\Toolboxes\Data Management Tools.tbx\Append" Date="20120917" Time="112607">Append in_memory\BackofCurb "\\tempest\shared\GIS\Data\Sharing\Data Download Portal\Staging\PlanimetricGDB\Planimetric.gdb\BackOfCurb" NO_TEST "LineType "LineType" true true false 50 Text 0 0 ,First,#,in_memory\BackofCurb,LineType,-1,-1;Shape_Length "Shape_Length" false true true 8 Double 0 0 ,First,#,in_memory\BackofCurb,Shape_length,-1,-1" #</Process><Process Name="Delete Rows" ToolSource="C:\Program Files (x86)\ArcGIS\Desktop10.0\ArcToolbox\Toolboxes\Data Management Tools.tbx\DeleteRows" Date="20120917" Time="114342">DeleteRows "\\tempest\shared\GIS\Data\Sharing\Data Download Portal\Staging\PlanimetricGDB\Planimetric.gdb\BackOfCurb"</Process><Process Name="Back of Curb Append" ToolSource="C:\Program Files (x86)\ArcGIS\Desktop10.0\ArcToolbox\Toolboxes\Data Management Tools.tbx\Append" Date="20120917" Time="115054">Append in_memory\BackofCurb "\\tempest\shared\GIS\Data\Sharing\Data Download Portal\Staging\PlanimetricGDB\Planimetric.gdb\BackOfCurb" NO_TEST "LineType "LineType" true true false 50 Text 0 0 ,First,#,in_memory\BackofCurb,LineType,-1,-1;Shape_Length "Shape_Length" false true true 8 Double 0 0 ,First,#,in_memory\BackofCurb,Shape_length,-1,-1" #</Process><Process Name="Delete Rows" ToolSource="C:\Program Files (x86)\ArcGIS\Desktop10.0\ArcToolbox\Toolboxes\Data Management Tools.tbx\DeleteRows" Date="20120917" Time="121321">DeleteRows "\\tempest\shared\GIS\Data\Sharing\Data Download Portal\Staging\PlanimetricGDB\Planimetric.gdb\BackOfCurb"</Process><Process Name="Back of Curb Append" ToolSource="C:\Program Files (x86)\ArcGIS\Desktop10.0\ArcToolbox\Toolboxes\Data Management Tools.tbx\Append" Date="20121130" Time="142805">Append in_memory\BackofCurb "\\tempest\shared\GIS\Data\Sharing\Data Download Portal\Staging\PlanimetricGDB\Planimetric.gdb\BackOfCurb" NO_TEST "LineType "LineType" true true false 50 Text 0 0 ,First,#,in_memory\BackofCurb,LineType,-1,-1,in_memory\BackofCurb,LineType,-1,-1;Shape_Length "Shape_Length" false true true 8 Double 0 0 ,First,#,in_memory\BackofCurb,Shape_length,-1,-1,in_memory\BackofCurb,Shape_length,-1,-1" #</Process><Process Name="Delete Rows" ToolSource="C:\Program Files (x86)\ArcGIS\Desktop10.0\ArcToolbox\Toolboxes\Data Management Tools.tbx\DeleteRows" Date="20121130" Time="145225">DeleteRows "\\tempest\shared\GIS\Data\Sharing\Data Download Portal\Staging\PlanimetricGDB\Planimetric.gdb\BackOfCurb"</Process><Process Name="Back of Curb Append" ToolSource="C:\Program Files (x86)\ArcGIS\Desktop10.0\ArcToolbox\Toolboxes\Data Management Tools.tbx\Append" Date="20130109" Time="101129">Append in_memory\BackofCurb "\\tempest\shared\GIS\Data\Sharing\Data Download Portal\Staging\PlanimetricGDB\Planimetric.gdb\BackOfCurb" NO_TEST "LineType "LineType" true true false 50 Text 0 0 ,First,#,in_memory\BackofCurb,LineType,-1,-1,in_memory\BackofCurb,LineType,-1,-1;Shape_Length "Shape_Length" false true true 8 Double 0 0 ,First,#,in_memory\BackofCurb,Shape_length,-1,-1,in_memory\BackofCurb,Shape_length,-1,-1" #</Process><Process Name="Delete Rows" ToolSource="C:\Program Files (x86)\ArcGIS\Desktop10.0\ArcToolbox\Toolboxes\Data Management Tools.tbx\DeleteRows" Date="20130109" Time="103140">DeleteRows "\\tempest\shared\GIS\Data\Sharing\Data Download Portal\Staging\PlanimetricGDB\Planimetric.gdb\BackOfCurb"</Process><Process Name="Back of Curb Append" ToolSource="C:\Program Files (x86)\ArcGIS\Desktop10.0\ArcToolbox\Toolboxes\Data Management Tools.tbx\Append" Date="20130416" Time="102936">Append in_memory\BackofCurb "\\tempest\shared\GIS\Data\Sharing\Data Download Portal\Staging\PlanimetricGDB\Planimetric.gdb\BackOfCurb" NO_TEST "LineType "LineType" true true false 50 Text 0 0 ,First,#,in_memory\BackofCurb,LineType,-1,-1,in_memory\BackofCurb,LineType,-1,-1;Shape_Length "Shape_Length" false true true 8 Double 0 0 ,First,#,in_memory\BackofCurb,Shape_length,-1,-1,in_memory\BackofCurb,Shape_length,-1,-1" #</Process><Process Name="Delete Rows" ToolSource="C:\Program Files (x86)\ArcGIS\Desktop10.0\ArcToolbox\Toolboxes\Data Management Tools.tbx\DeleteRows" Date="20130416" Time="105244">DeleteRows "\\tempest\shared\GIS\Data\Sharing\Data Download Portal\Staging\PlanimetricGDB\Planimetric.gdb\BackOfCurb"</Process><Process Name="Back of Curb Append" ToolSource="C:\Program Files (x86)\ArcGIS\Desktop10.0\ArcToolbox\Toolboxes\Data Management Tools.tbx\Append" Date="20130821" Time="120807">Append in_memory\BackofCurb "\\tempest\shared\GIS\Data\Sharing\Data Download Portal\Staging\PlanimetricGDB\Planimetric.gdb\BackOfCurb" NO_TEST "LineType "LineType" true true false 50 Text 0 0 ,First,#,in_memory\BackofCurb,LineType,-1,-1,in_memory\BackofCurb,LineType,-1,-1;Shape_Length "Shape_Length" false true true 8 Double 0 0 ,First,#,in_memory\BackofCurb,Shape_length,-1,-1,in_memory\BackofCurb,Shape_length,-1,-1" #</Process><Process Name="Back of Curb Append" ToolSource="C:\Program Files (x86)\ArcGIS\Desktop10.0\ArcToolbox\Toolboxes\Data Management Tools.tbx\Append" Date="20130821" Time="125208">Append in_memory\BackofCurb "\\tempest\shared\GIS\Data\Sharing\Data Download Portal\Staging\PlanimetricGDB\Planimetric.gdb\BackOfCurb" NO_TEST "LineType "LineType" true true false 50 Text 0 0 ,First,#,in_memory\BackofCurb,LineType,-1,-1,in_memory\BackofCurb,LineType,-1,-1;Shape_Length "Shape_Length" false true true 8 Double 0 0 ,First,#,in_memory\BackofCurb,Shape_length,-1,-1,in_memory\BackofCurb,Shape_length,-1,-1" #</Process><Process Name="Back of Curb Append" ToolSource="C:\Program Files (x86)\ArcGIS\Desktop10.0\ArcToolbox\Toolboxes\Data Management Tools.tbx\Append" Date="20130821" Time="133045">Append in_memory\BackofCurb "\\tempest\shared\GIS\Data\Sharing\Data Download Portal\Staging\PlanimetricGDB\Planimetric.gdb\BackOfCurb" NO_TEST "LineType "LineType" true true false 50 Text 0 0 ,First,#,in_memory\BackofCurb,LineType,-1,-1,in_memory\BackofCurb,LineType,-1,-1;Shape_Length "Shape_Length" false true true 8 Double 0 0 ,First,#,in_memory\BackofCurb,Shape_length,-1,-1,in_memory\BackofCurb,Shape_length,-1,-1" #</Process><Process Name="Back of Curb Append" ToolSource="C:\Program Files (x86)\ArcGIS\Desktop10.0\ArcToolbox\Toolboxes\Data Management Tools.tbx\Append" Date="20130821" Time="163233">Append in_memory\BackofCurb "\\tempest\shared\GIS\Data\Sharing\Data Download Portal\Staging\PlanimetricGDB\Planimetric.gdb\BackOfCurb" NO_TEST "LineType "LineType" true true false 50 Text 0 0 ,First,#,in_memory\BackofCurb,LineType,-1,-1,in_memory\BackofCurb,LineType,-1,-1;Shape_Length "Shape_Length" false true true 8 Double 0 0 ,First,#,in_memory\BackofCurb,Shape_length,-1,-1,in_memory\BackofCurb,Shape_length,-1,-1" #</Process><Process Name="Back of Curb Append" ToolSource="C:\Program Files (x86)\ArcGIS\Desktop10.0\ArcToolbox\Toolboxes\Data Management Tools.tbx\Append" Date="20130905" Time="163933">Append in_memory\BackofCurb "\\tempest\shared\GIS\Data\Sharing\Data Download Portal\Staging\PlanimetricGDB\Planimetric.gdb\BackOfCurb" NO_TEST "LineType "LineType" true true false 50 Text 0 0 ,First,#,in_memory\BackofCurb,LineType,-1,-1,in_memory\BackofCurb,LineType,-1,-1;Shape_Length "Shape_Length" false true true 8 Double 0 0 ,First,#,in_memory\BackofCurb,Shape_length,-1,-1,in_memory\BackofCurb,Shape_length,-1,-1" #</Process><Process ToolSource="c:\program files (x86)\arcgis\desktop10.0\ArcToolbox\Toolboxes\Data Management Tools.tbx\DeleteFeatures" Date="20130905" Time="165343">DeleteFeatures "\\Tempest\Shared\GIS\Data\Sharing\Data Download Portal\Staging\PlanimetricGDB\Planimetric.gdb\BackOfCurb"</Process><Process Name="Back of Curb Append" ToolSource="C:\Program Files (x86)\ArcGIS\Desktop10.0\ArcToolbox\Toolboxes\Data Management Tools.tbx\Append" Date="20130906" Time="161117">Append in_memory\BackofCurb "\\tempest\shared\GIS\Data\Sharing\Data Download Portal\Staging\PlanimetricGDB\Planimetric.gdb\BackOfCurb" NO_TEST "LineType "LineType" true true false 50 Text 0 0 ,First,#,in_memory\BackofCurb,LineType,-1,-1,in_memory\BackofCurb,LineType,-1,-1;Shape_Length "Shape_Length" false true true 8 Double 0 0 ,First,#,in_memory\BackofCurb,Shape_length,-1,-1,in_memory\BackofCurb,Shape_length,-1,-1" #</Process><Process ToolSource="c:\program files (x86)\arcgis\desktop10.0\ArcToolbox\Toolboxes\Data Management Tools.tbx\DeleteFeatures" Date="20130909" Time="125315">DeleteFeatures "\\Tempest\Shared\GIS\Data\Sharing\Data Download Portal\Staging\PlanimetricGDB\Planimetric.gdb\BackOfCurb"</Process><Process Name="Back of Curb Append" ToolSource="C:\Program Files (x86)\ArcGIS\Desktop10.0\ArcToolbox\Toolboxes\Data Management Tools.tbx\Append" Date="20130909" Time="125932">Append in_memory\BackofCurb "\\tempest\shared\GIS\Data\Sharing\Data Download Portal\Staging\PlanimetricGDB\Planimetric.gdb\BackOfCurb" NO_TEST "LineType "LineType" true true false 50 Text 0 0 ,First,#,in_memory\BackofCurb,LineType,-1,-1,in_memory\BackofCurb,LineType,-1,-1;Shape_Length "Shape_Length" false true true 8 Double 0 0 ,First,#,in_memory\BackofCurb,Shape_length,-1,-1,in_memory\BackofCurb,Shape_length,-1,-1" #</Process><Process ToolSource="c:\program files (x86)\arcgis\desktop10.0\ArcToolbox\Toolboxes\Data Management Tools.tbx\DeleteFeatures" Date="20130909" Time="131707">DeleteFeatures "\\Tempest\Shared\GIS\Data\Sharing\Data Download Portal\Staging\PlanimetricGDB\Planimetric.gdb\BackOfCurb"</Process><Process Name="Back of Curb Append" ToolSource="C:\Program Files (x86)\ArcGIS\Desktop10.0\ArcToolbox\Toolboxes\Data Management Tools.tbx\Append" Date="20130909" Time="131913">Append in_memory\BackofCurb "\\tempest\shared\GIS\Data\Sharing\Data Download Portal\Staging\PlanimetricGDB\Planimetric.gdb\BackOfCurb" NO_TEST "LineType "LineType" true true false 50 Text 0 0 ,First,#,in_memory\BackofCurb,LineType,-1,-1,in_memory\BackofCurb,LineType,-1,-1;Shape_Length "Shape_Length" false true true 8 Double 0 0 ,First,#,in_memory\BackofCurb,Shape_length,-1,-1,in_memory\BackofCurb,Shape_length,-1,-1" #</Process><Process ToolSource="c:\program files (x86)\arcgis\desktop10.0\ArcToolbox\Toolboxes\Data Management Tools.tbx\DeleteFeatures" Date="20130909" Time="132732">DeleteFeatures "\\Tempest\Shared\GIS\Data\Sharing\Data Download Portal\Staging\PlanimetricGDB\Planimetric.gdb\BackOfCurb"</Process><Process Name="Back of Curb Append" ToolSource="C:\Program Files (x86)\ArcGIS\Desktop10.0\ArcToolbox\Toolboxes\Data Management Tools.tbx\Append" Date="20130909" Time="133043">Append in_memory\BackofCurb "\\tempest\shared\GIS\Data\Sharing\Data Download Portal\Staging\PlanimetricGDB\Planimetric.gdb\BackOfCurb" NO_TEST "LineType "LineType" true true false 50 Text 0 0 ,First,#,in_memory\BackofCurb,LineType,-1,-1,in_memory\BackofCurb,LineType,-1,-1;Shape_Length "Shape_Length" false true true 8 Double 0 0 ,First,#,in_memory\BackofCurb,Shape_length,-1,-1,in_memory\BackofCurb,Shape_length,-1,-1" #</Process><Process ToolSource="c:\program files (x86)\arcgis\desktop10.0\ArcToolbox\Toolboxes\Data Management Tools.tbx\DeleteFeatures" Date="20130909" Time="133920">DeleteFeatures "\\Tempest\Shared\GIS\Data\Sharing\Data Download Portal\Staging\PlanimetricGDB\Planimetric.gdb\BackOfCurb"</Process><Process ToolSource="c:\program files (x86)\arcgis\desktop10.0\ArcToolbox\Toolboxes\Data Management Tools.tbx\DeleteFeatures" Date="20130909" Time="140321">DeleteFeatures "\\Tempest\Shared\GIS\Data\Sharing\Data Download Portal\Staging\PlanimetricGDB\Planimetric.gdb\BackOfCurb"</Process><Process Name="Back of Curb Append" ToolSource="C:\Program Files (x86)\ArcGIS\Desktop10.0\ArcToolbox\Toolboxes\Data Management Tools.tbx\Append" Date="20130909" Time="141836">Append in_memory\BackofCurb "\\tempest\shared\GIS\Data\Sharing\Data Download Portal\Staging\PlanimetricGDB\Planimetric.gdb\BackOfCurb" NO_TEST "LineType "LineType" true true false 50 Text 0 0 ,First,#,in_memory\BackofCurb,LineType,-1,-1,in_memory\BackofCurb,LineType,-1,-1;Shape_Length "Shape_Length" false true true 8 Double 0 0 ,First,#,in_memory\BackofCurb,Shape_length,-1,-1,in_memory\BackofCurb,Shape_length,-1,-1" #</Process><Process ToolSource="c:\program files (x86)\arcgis\desktop10.0\ArcToolbox\Toolboxes\Data Management Tools.tbx\DeleteFeatures" Date="20130909" Time="143118">DeleteFeatures "\\Tempest\Shared\GIS\Data\Sharing\Data Download Portal\Staging\PlanimetricGDB\Planimetric.gdb\BackOfCurb"</Process><Process Name="Back of Curb Append" ToolSource="C:\Program Files (x86)\ArcGIS\Desktop10.0\ArcToolbox\Toolboxes\Data Management Tools.tbx\Append" Date="20130909" Time="143922">Append in_memory\BackofCurb "\\tempest\shared\GIS\Data\Sharing\Data Download Portal\Staging\PlanimetricGDB\Planimetric.gdb\BackOfCurb" NO_TEST "LineType "LineType" true true false 50 Text 0 0 ,First,#,in_memory\BackofCurb,LineType,-1,-1,in_memory\BackofCurb,LineType,-1,-1;Shape_Length "Shape_Length" false true true 8 Double 0 0 ,First,#,in_memory\BackofCurb,Shape_length,-1,-1,in_memory\BackofCurb,Shape_length,-1,-1" #</Process><Process Name="Delete Features - Planimetrics" ToolSource="C:\Program Files (x86)\ArcGIS\Desktop10.0\ArcToolbox\Toolboxes\Data Management Tools.tbx\DeleteFeatures" Date="20130909" Time="150103">DeleteFeatures "\\Tempest\Shared\GIS\Data\Sharing\Data Download Portal\Staging\PlanimetricGDB\Planimetric.gdb\BackOfCurb"</Process><Process Name="Back of Curb Append" ToolSource="C:\Program Files (x86)\ArcGIS\Desktop10.0\ArcToolbox\Toolboxes\Data Management Tools.tbx\Append" Date="20130909" Time="150835">Append in_memory\BackofCurb "\\tempest\shared\GIS\Data\Sharing\Data Download Portal\Staging\PlanimetricGDB\Planimetric.gdb\BackOfCurb" NO_TEST "LineType "LineType" true true false 50 Text 0 0 ,First,#,in_memory\BackofCurb,LineType,-1,-1,in_memory\BackofCurb,LineType,-1,-1;Shape_Length "Shape_Length" false true true 8 Double 0 0 ,First,#,in_memory\BackofCurb,Shape_length,-1,-1,in_memory\BackofCurb,Shape_length,-1,-1" #</Process><Process Name="Delete Features - Planimetrics" ToolSource="C:\Program Files (x86)\ArcGIS\Desktop10.0\ArcToolbox\Toolboxes\Data Management Tools.tbx\DeleteFeatures" Date="20130909" Time="151444">DeleteFeatures "\\Tempest\Shared\GIS\Data\Sharing\Data Download Portal\Staging\PlanimetricGDB\Planimetric.gdb\BackOfCurb"</Process><Process Name="Delete Features - Planimetrics" ToolSource="C:\Program Files (x86)\ArcGIS\Desktop10.0\ArcToolbox\Toolboxes\Data Management Tools.tbx\DeleteFeatures" Date="20130909" Time="153958">DeleteFeatures "\\Tempest\Shared\GIS\Data\Sharing\Data Download Portal\Staging\PlanimetricGDB\Planimetric.gdb\BackOfCurb"</Process><Process Name="Delete Features - Planimetrics" ToolSource="C:\Program Files (x86)\ArcGIS\Desktop10.0\ArcToolbox\Toolboxes\Data Management Tools.tbx\DeleteFeatures" Date="20130910" Time="091306">DeleteFeatures "\\Tempest\Shared\GIS\Data\Sharing\Data Download Portal\Staging\PlanimetricGDB\Planimetric.gdb\BackOfCurb"</Process><Process Name="Back of Curb Append" ToolSource="C:\Program Files (x86)\ArcGIS\Desktop10.0\ArcToolbox\Toolboxes\Data Management Tools.tbx\Append" Date="20130910" Time="091610">Append in_memory\BackofCurb "\\tempest\shared\GIS\Data\Sharing\Data Download Portal\Staging\PlanimetricGDB\Planimetric.gdb\BackOfCurb" NO_TEST "LineType "LineType" true true false 50 Text 0 0 ,First,#,in_memory\BackofCurb,LineType,-1,-1,in_memory\BackofCurb,LineType,-1,-1;Shape_Length "Shape_Length" false true true 8 Double 0 0 ,First,#,in_memory\BackofCurb,Shape_length,-1,-1,in_memory\BackofCurb,Shape_length,-1,-1" #</Process><Process Name="Delete Features - Planimetrics" ToolSource="C:\Program Files (x86)\ArcGIS\Desktop10.0\ArcToolbox\Toolboxes\Data Management Tools.tbx\DeleteFeatures" Date="20130910" Time="093151">DeleteFeatures "\\Tempest\Shared\GIS\Data\Sharing\Data Download Portal\Staging\PlanimetricGDB\Planimetric.gdb\BackOfCurb"</Process><Process Name="Delete Features - Planimetrics" ToolSource="C:\Program Files (x86)\ArcGIS\Desktop10.0\ArcToolbox\Toolboxes\Data Management Tools.tbx\DeleteFeatures" Date="20130910" Time="103201">DeleteFeatures "\\Tempest\Shared\GIS\Data\Sharing\Data Download Portal\Staging\PlanimetricGDB\Planimetric.gdb\BackOfCurb"</Process><Process Name="Back of Curb Append" ToolSource="C:\Program Files (x86)\ArcGIS\Desktop10.0\ArcToolbox\Toolboxes\Data Management Tools.tbx\Append" Date="20130910" Time="104034">Append in_memory\BackofCurb "\\tempest\shared\GIS\Data\Sharing\Data Download Portal\Staging\PlanimetricGDB\Planimetric.gdb\BackOfCurb" NO_TEST "LineType "LineType" true true false 50 Text 0 0 ,First,#,in_memory\BackofCurb,LineType,-1,-1,in_memory\BackofCurb,LineType,-1,-1;Shape_Length "Shape_Length" false true true 8 Double 0 0 ,First,#,in_memory\BackofCurb,Shape_length,-1,-1,in_memory\BackofCurb,Shape_length,-1,-1" #</Process><Process Name="Delete Rows" ToolSource="C:\Program Files (x86)\ArcGIS\Desktop10.0\ArcToolbox\Toolboxes\Data Management Tools.tbx\DeleteRows" Date="20130910" Time="105146">DeleteRows "\\tempest\shared\GIS\Data\Sharing\Data Download Portal\Staging\PlanimetricGDB\Planimetric.gdb\BackOfCurb"</Process><Process Name="Back of Curb Append" ToolSource="C:\Program Files (x86)\ArcGIS\Desktop10.0\ArcToolbox\Toolboxes\Data Management Tools.tbx\Append" Date="20140108" Time="155815">Append in_memory\BackofCurb "\\tempest\shared\GIS\Data\Sharing\Data Download Portal\Staging\PlanimetricGDB\Planimetric.gdb\BackOfCurb" NO_TEST "LineType "LineType" true true false 50 Text 0 0 ,First,#,in_memory\BackofCurb,LineType,-1,-1,in_memory\BackofCurb,LineType,-1,-1;Shape_Length "Shape_Length" false true true 8 Double 0 0 ,First,#,in_memory\BackofCurb,Shape_length,-1,-1,in_memory\BackofCurb,Shape_length,-1,-1" #</Process><Process Name="Back of Curb Append" ToolSource="C:\Program Files (x86)\ArcGIS\Desktop10.0\ArcToolbox\Toolboxes\Data Management Tools.tbx\Append" Date="20140109" Time="103221">Append in_memory\BackofCurb "\\tempest\shared\GIS\Data\Sharing\Data Download Portal\Staging\PlanimetricGDB\Planimetric.gdb\BackOfCurb" NO_TEST "LineType "LineType" true true false 50 Text 0 0 ,First,#,in_memory\BackofCurb,LineType,-1,-1,in_memory\BackofCurb,LineType,-1,-1;Shape_Length "Shape_Length" false true true 8 Double 0 0 ,First,#,in_memory\BackofCurb,Shape_length,-1,-1,in_memory\BackofCurb,Shape_length,-1,-1" #</Process><Process Name="Back of Curb Append" ToolSource="C:\Program Files (x86)\ArcGIS\Desktop10.0\ArcToolbox\Toolboxes\Data Management Tools.tbx\Append" Date="20140109" Time="110521">Append in_memory\BackofCurb "\\tempest\shared\GIS\Data\Sharing\Data Download Portal\Staging\PlanimetricGDB\Planimetric.gdb\BackOfCurb" NO_TEST "LineType "LineType" true true false 50 Text 0 0 ,First,#,in_memory\BackofCurb,LineType,-1,-1,in_memory\BackofCurb,LineType,-1,-1;Shape_Length "Shape_Length" false true true 8 Double 0 0 ,First,#,in_memory\BackofCurb,Shape_length,-1,-1,in_memory\BackofCurb,Shape_length,-1,-1" #</Process><Process Name="Back of Curb Append" ToolSource="C:\Program Files (x86)\ArcGIS\Desktop10.0\ArcToolbox\Toolboxes\Data Management Tools.tbx\Append" Date="20140109" Time="115133">Append in_memory\BackofCurb "\\tempest\shared\GIS\Data\Sharing\Data Download Portal\Staging\PlanimetricGDB\Planimetric.gdb\BackOfCurb" NO_TEST "LineType "LineType" true true false 50 Text 0 0 ,First,#,in_memory\BackofCurb,LineType,-1,-1,in_memory\BackofCurb,LineType,-1,-1;Shape_Length "Shape_Length" false true true 8 Double 0 0 ,First,#,in_memory\BackofCurb,Shape_length,-1,-1,in_memory\BackofCurb,Shape_length,-1,-1" #</Process><Process Name="Back of Curb Append" ToolSource="C:\Program Files (x86)\ArcGIS\Desktop10.0\ArcToolbox\Toolboxes\Data Management Tools.tbx\Append" Date="20140109" Time="122805">Append in_memory\BackofCurb "\\tempest\shared\GIS\Data\Sharing\Data Download Portal\Staging\PlanimetricGDB\Planimetric.gdb\BackOfCurb" NO_TEST "LineType "LineType" true true false 50 Text 0 0 ,First,#,in_memory\BackofCurb,LineType,-1,-1,in_memory\BackofCurb,LineType,-1,-1;Shape_Length "Shape_Length" false true true 8 Double 0 0 ,First,#,in_memory\BackofCurb,Shape_length,-1,-1,in_memory\BackofCurb,Shape_length,-1,-1" #</Process><Process Name="Back of Curb Append" ToolSource="C:\Program Files (x86)\ArcGIS\Desktop10.0\ArcToolbox\Toolboxes\Data Management Tools.tbx\Append" Date="20140109" Time="131745">Append in_memory\BackofCurb "\\tempest\shared\GIS\Data\Sharing\Data Download Portal\Staging\PlanimetricGDB\Planimetric.gdb\BackOfCurb" NO_TEST "LineType "LineType" true true false 50 Text 0 0 ,First,#,in_memory\BackofCurb,LineType,-1,-1,in_memory\BackofCurb,LineType,-1,-1;Shape_Length "Shape_Length" false true true 8 Double 0 0 ,First,#,in_memory\BackofCurb,Shape_length,-1,-1,in_memory\BackofCurb,Shape_length,-1,-1" #</Process><Process Name="Back of Curb Append" ToolSource="C:\Program Files (x86)\ArcGIS\Desktop10.0\ArcToolbox\Toolboxes\Data Management Tools.tbx\Append" Date="20140109" Time="143053">Append in_memory\BackofCurb "\\tempest\shared\GIS\Data\Sharing\Data Download Portal\Staging\PlanimetricGDB\Planimetric.gdb\BackOfCurb" NO_TEST "LineType "LineType" true true false 50 Text 0 0 ,First,#,in_memory\BackofCurb,LineType,-1,-1,in_memory\BackofCurb,LineType,-1,-1;Shape_Length "Shape_Length" false true true 8 Double 0 0 ,First,#,in_memory\BackofCurb,Shape_length,-1,-1,in_memory\BackofCurb,Shape_length,-1,-1" #</Process><Process Name="Back of Curb Append" ToolSource="C:\Program Files (x86)\ArcGIS\Desktop10.0\ArcToolbox\Toolboxes\Data Management Tools.tbx\Append" Date="20140109" Time="151624">Append in_memory\BackofCurb "\\tempest\shared\GIS\Data\Sharing\Data Download Portal\Staging\PlanimetricGDB\Planimetric.gdb\BackOfCurb" NO_TEST "LineType "LineType" true true false 50 Text 0 0 ,First,#,in_memory\BackofCurb,LineType,-1,-1,in_memory\BackofCurb,LineType,-1,-1;Shape_Length "Shape_Length" false true true 8 Double 0 0 ,First,#,in_memory\BackofCurb,Shape_length,-1,-1,in_memory\BackofCurb,Shape_length,-1,-1" #</Process><Process ToolSource="C:\Program Files (x86)\ArcGIS\Desktop10.0\ArcToolbox\Toolboxes\Data Management Tools.tbx\DeleteFeatures" Date="20140109" Time="160746">DeleteFeatures "\\tempest\shared\GIS\Data\Sharing\Data Download Portal\Staging\PlanimetricGDB\Planimetric.gdb\BackOfCurb"</Process><Process Name="Back of Curb Append" ToolSource="C:\Program Files (x86)\ArcGIS\Desktop10.0\ArcToolbox\Toolboxes\Data Management Tools.tbx\Append" Date="20140109" Time="162620">Append in_memory\BackofCurb "\\tempest\shared\GIS\Data\Sharing\Data Download Portal\Staging\PlanimetricGDB\Planimetric.gdb\BackOfCurb" NO_TEST "LineType "LineType" true true false 50 Text 0 0 ,First,#,in_memory\BackofCurb,LineType,-1,-1,in_memory\BackofCurb,LineType,-1,-1;Shape_Length "Shape_Length" false true true 8 Double 0 0 ,First,#,in_memory\BackofCurb,Shape_length,-1,-1,in_memory\BackofCurb,Shape_length,-1,-1" #</Process><Process Name="Back of Curb Append" ToolSource="C:\Program Files (x86)\ArcGIS\Desktop10.0\ArcToolbox\Toolboxes\Data Management Tools.tbx\Append" Date="20140109" Time="163829">Append in_memory\BackofCurb "\\tempest\shared\GIS\Data\Sharing\Data Download Portal\Staging\PlanimetricGDB\Planimetric.gdb\BackOfCurb" NO_TEST "LineType "LineType" true true false 50 Text 0 0 ,First,#,in_memory\BackofCurb,LineType,-1,-1,in_memory\BackofCurb,LineType,-1,-1;Shape_Length "Shape_Length" false true true 8 Double 0 0 ,First,#,in_memory\BackofCurb,Shape_length,-1,-1,in_memory\BackofCurb,Shape_length,-1,-1" #</Process><Process Name="Delete Features - Planimetrics" ToolSource="C:\Program Files (x86)\ArcGIS\Desktop10.0\ArcToolbox\Toolboxes\Data Management Tools.tbx\DeleteFeatures" Date="20140113" Time="150722">DeleteFeatures "\\Tempest\Shared\GIS\Data\Sharing\Data Download Portal\Staging\PlanimetricGDB\Planimetric.gdb\BackOfCurb"</Process><Process Name="Back of Curb Append" ToolSource="C:\Program Files (x86)\ArcGIS\Desktop10.0\ArcToolbox\Toolboxes\Data Management Tools.tbx\Append" Date="20140113" Time="151919">Append in_memory\BackofCurb "\\tempest\shared\GIS\Data\Sharing\Data Download Portal\Staging\PlanimetricGDB\Planimetric.gdb\BackOfCurb" NO_TEST "LineType "LineType" true true false 50 Text 0 0 ,First,#,in_memory\BackofCurb,LineType,-1,-1,in_memory\BackofCurb,LineType,-1,-1;Shape_Length "Shape_Length" false true true 8 Double 0 0 ,First,#,in_memory\BackofCurb,Shape_length,-1,-1,in_memory\BackofCurb,Shape_length,-1,-1" #</Process><Process Name="Delete Features - Planimetrics" ToolSource="C:\Program Files (x86)\ArcGIS\Desktop10.0\ArcToolbox\Toolboxes\Data Management Tools.tbx\DeleteFeatures" Date="20140113" Time="153302">DeleteFeatures "\\Tempest\Shared\GIS\Data\Sharing\Data Download Portal\Staging\PlanimetricGDB\Planimetric.gdb\BackOfCurb"</Process><Process Name="Back of Curb Append" ToolSource="C:\Program Files (x86)\ArcGIS\Desktop10.0\ArcToolbox\Toolboxes\Data Management Tools.tbx\Append" Date="20140113" Time="155231">Append in_memory\BackofCurb "\\tempest\shared\GIS\Data\Sharing\Data Download Portal\Staging\PlanimetricGDB\Planimetric.gdb\BackOfCurb" NO_TEST "LineType "LineType" true true false 50 Text 0 0 ,First,#,in_memory\BackofCurb,LineType,-1,-1,in_memory\BackofCurb,LineType,-1,-1;Shape_Length "Shape_Length" false true true 8 Double 0 0 ,First,#,in_memory\BackofCurb,Shape_length,-1,-1,in_memory\BackofCurb,Shape_length,-1,-1" #</Process><Process Name="Back of Curb Append" ToolSource="C:\Program Files (x86)\ArcGIS\Desktop10.0\ArcToolbox\Toolboxes\Data Management Tools.tbx\Append" Date="20140114" Time="101432">Append in_memory\BackofCurb "\\tempest\shared\GIS\Data\Sharing\Data Download Portal\Staging\PlanimetricGDB\Planimetric.gdb\BackOfCurb" NO_TEST "LineType "LineType" true true false 50 Text 0 0 ,First,#,in_memory\BackofCurb,LineType,-1,-1,in_memory\BackofCurb,LineType,-1,-1;Shape_Length "Shape_Length" false true true 8 Double 0 0 ,First,#,in_memory\BackofCurb,Shape_length,-1,-1,in_memory\BackofCurb,Shape_length,-1,-1" #</Process><Process Name="Delete Features - Planimetrics" ToolSource="C:\Program Files (x86)\ArcGIS\Desktop10.0\ArcToolbox\Toolboxes\Data Management Tools.tbx\DeleteFeatures" Date="20140114" Time="105646">DeleteFeatures "\\Tempest\Shared\GIS\Data\Sharing\Data Download Portal\Staging\PlanimetricGDB\Planimetric.gdb\BackOfCurb"</Process><Process Name="Back of Curb Append" ToolSource="C:\Program Files (x86)\ArcGIS\Desktop10.0\ArcToolbox\Toolboxes\Data Management Tools.tbx\Append" Date="20140114" Time="110858">Append in_memory\BackofCurb "\\tempest\shared\GIS\Data\Sharing\Data Download Portal\Staging\PlanimetricGDB\Planimetric.gdb\BackOfCurb" NO_TEST "LineType "LineType" true true false 50 Text 0 0 ,First,#,in_memory\BackofCurb,LineType,-1,-1,in_memory\BackofCurb,LineType,-1,-1;Shape_Length "Shape_Length" false true true 8 Double 0 0 ,First,#,in_memory\BackofCurb,Shape_length,-1,-1,in_memory\BackofCurb,Shape_length,-1,-1" #</Process><Process Name="Delete Rows" ToolSource="C:\Program Files (x86)\ArcGIS\Desktop10.0\ArcToolbox\Toolboxes\Data Management Tools.tbx\DeleteRows" Date="20140114" Time="112208">DeleteRows "\\tempest\shared\GIS\Data\Sharing\Data Download Portal\Staging\PlanimetricGDB\Planimetric.gdb\BackOfCurb"</Process><Process Name="Back of Curb Append" ToolSource="C:\Program Files (x86)\ArcGIS\Desktop10.0\ArcToolbox\Toolboxes\Data Management Tools.tbx\Append" Date="20140404" Time="143917">Append in_memory\BackofCurb "\\tempest\shared\GIS\Data\Sharing\Data Download Portal\Staging\Planimetric\PlanimetricGDB\Planimetric.gdb\BackOfCurb" NO_TEST "LineType "LineType" true true false 50 Text 0 0 ,First,#,in_memory\BackofCurb,LineType,-1,-1;Shape_Length "Shape_Length" false true true 8 Double 0 0 ,First,#,in_memory\BackofCurb,Shape_length,-1,-1" #</Process><Process ToolSource="C:\Program Files (x86)\ArcGIS\Desktop10.0\ArcToolbox\Toolboxes\Data Management Tools.tbx\CopyFeatures" Date="20140404" Time="144708">CopyFeatures "\\tempest\shared\GIS\Data\Sharing\Data Download Portal\Staging\Planimetric\PlanimetricGDB\Planimetric.gdb\BackOfCurb" "\\tempest\shared\GIS\Data\Sharing\Data Download Portal\Staging\Planimetric\PlanimetricSHP\BackOfCurb.shp" # 0 0 0</Process></lineage><itemProps><itemName Sync="TRUE">BackOfCurb</itemName><imsContentType Sync="TRUE">002</imsContentType><nativeExtBox><westBL Sync="TRUE">11258658.684000</westBL><eastBL Sync="TRUE">11308447.750000</eastBL><southBL Sync="TRUE">3639526.500000</southBL><northBL Sync="TRUE">3694551.000000</northBL><exTypeCode Sync="TRUE">1</exTypeCode></nativeExtBox><itemLocation><linkage Sync="TRUE">file://\\tempest\shared\GIS\Data\Sharing\Data Download Portal\Staging\Planimetric\PlanimetricSHP\BackOfCurb.shp</linkage><protocol Sync="TRUE">Local Area Network</protocol></itemLocation><itemSize Sync="TRUE">0.000</itemSize></itemProps><coordRef><type Sync="TRUE">Projected</type><geogcsn Sync="TRUE">GCS_North_American_1983</geogcsn><csUnits Sync="TRUE">Linear Unit: Foot_US (0.304801)</csUnits><projcsn Sync="TRUE">NAD_1983_StatePlane_Virginia_South_FIPS_4502_Feet</projcsn><peXml Sync="TRUE">&lt;ProjectedCoordinateSystem xsi:type='typens:ProjectedCoordinateSystem' xmlns:xsi='http://www.w3.org/2001/XMLSchema-instance' xmlns:xs='http://www.w3.org/2001/XMLSchema' xmlns:typens='http://www.esri.com/schemas/ArcGIS/10.0'&gt;&lt;WKT&gt;PROJCS[&amp;quot;NAD_1983_StatePlane_Virginia_South_FIPS_4502_Feet&amp;quot;,GEOGCS[&amp;quot;GCS_North_American_1983&amp;quot;,DATUM[&amp;quot;D_North_American_1983&amp;quot;,SPHEROID[&amp;quot;GRS_1980&amp;quot;,6378137.0,298.257222101]],PRIMEM[&amp;quot;Greenwich&amp;quot;,0.0],UNIT[&amp;quot;Degree&amp;quot;,0.0174532925199433]],PROJECTION[&amp;quot;Lambert_Conformal_Conic&amp;quot;],PARAMETER[&amp;quot;False_Easting&amp;quot;,11482916.66666666],PARAMETER[&amp;quot;False_Northing&amp;quot;,3280833.333333333],PARAMETER[&amp;quot;Central_Meridian&amp;quot;,-78.5],PARAMETER[&amp;quot;Standard_Parallel_1&amp;quot;,36.76666666666667],PARAMETER[&amp;quot;Standard_Parallel_2&amp;quot;,37.96666666666667],PARAMETER[&amp;quot;Latitude_Of_Origin&amp;quot;,36.33333333333334],UNIT[&amp;quot;Foot_US&amp;quot;,0.3048006096012192],AUTHORITY[&amp;quot;EPSG&amp;quot;,2284]]&lt;/WKT&gt;&lt;XOrigin&gt;-111140600&lt;/XOrigin&gt;&lt;YOrigin&gt;-91532100&lt;/YOrigin&gt;&lt;XYScale&gt;36727036.750856541&lt;/XYScale&gt;&lt;ZOrigin&gt;-100000&lt;/ZOrigin&gt;&lt;ZScale&gt;10000&lt;/ZScale&gt;&lt;MOrigin&gt;-100000&lt;/MOrigin&gt;&lt;MScale&gt;10000&lt;/MScale&gt;&lt;XYTolerance&gt;0.0032808333333333335&lt;/XYTolerance&gt;&lt;ZTolerance&gt;0.001&lt;/ZTolerance&gt;&lt;MTolerance&gt;0.001&lt;/MTolerance&gt;&lt;HighPrecision&gt;true&lt;/HighPrecision&gt;&lt;WKID&gt;2284&lt;/WKID&gt;&lt;/ProjectedCoordinateSystem&gt;</peXml></coordRef></DataProperties></Esri><dataIdInfo><envirDesc Sync="TRUE">Microsoft Windows 7 Version 6.1 (Build 7601) Service Pack 1; ESRI ArcGIS 10.0.5.4400</envirDesc><dataLang><languageCode Sync="TRUE" value="eng"></languageCode><countryCode value="USA" Sync="TRUE"></countryCode></dataLang><idCitation><resTitle Sync="TRUE">BackOfCurb</resTitle><presForm><PresFormCd Sync="TRUE" value="005"></PresFormCd></presForm></idCitation><spatRpType><SpatRepTypCd Sync="TRUE" value="001"></SpatRepTypCd></spatRpType><dataExt><geoEle><GeoBndBox esriExtentType="native"><westBL Sync="TRUE">11255289.735</westBL><eastBL Sync="TRUE">11312872.5</eastBL><northBL Sync="TRUE">3707439.263</northBL><southBL Sync="TRUE">3634000</southBL><exTypeCode Sync="TRUE">1</exTypeCode></GeoBndBox></geoEle><vertEle><vertMinVal Sync="TRUE">0.000000</vertMinVal><vertMaxVal Sync="TRUE">0.000000</vertMaxVal></vertEle></dataExt><geoBox esriExtentType="decdegrees"><westBL Sync="TRUE">-79.2847</westBL><eastBL Sync="TRUE">-79.084633</eastBL><northBL Sync="TRUE">37.503583</northBL><southBL Sync="TRUE">37.300743</southBL><exTypeCode Sync="TRUE">1</exTypeCode></geoBox><dataExt><geoEle><GeoBndBox esriExtentType="search"><exTypeCode Sync="TRUE">1</exTypeCode><westBL Sync="TRUE">-79.272723</westBL><eastBL Sync="TRUE">-79.099966</eastBL><northBL Sync="TRUE">37.468110</northBL><southBL Sync="TRUE">37.315997</southBL></GeoBndBox></geoEle></dataExt></dataIdInfo><mdLang><languageCode Sync="TRUE" value="eng"></languageCode><countryCode value="USA" Sync="TRUE"></countryCode></mdLang><mdStanName Sync="TRUE">ISO 19115 Geographic Information - Metadata</mdStanName><mdStanVer Sync="TRUE">DIS_ESRI1.0</mdStanVer><mdChar><CharSetCd Sync="TRUE" value="004"></CharSetCd></mdChar><mdHrLv><ScopeCd Sync="TRUE" value="005"></ScopeCd></mdHrLv><mdHrLvName Sync="TRUE">dataset</mdHrLvName><distInfo><distributor><distorTran><onLineSrc><orDesc Sync="TRUE">002</orDesc><linkage Sync="TRUE">file://\\GIS-SCC1\C$\TEMP\GIS_DataDownload_Staging_Planimetric\GDB\Planimetric.gdb</linkage><protocol Sync="TRUE">Local Area Network</protocol></onLineSrc></distorTran><distorFormat><formatName Sync="TRUE">File Geodatabase Feature Class</formatName></distorFormat></distributor><distFormat><formatName Sync="TRUE">Shapefile</formatName></distFormat><distTranOps><transSize Sync="TRUE">0.000</transSize></distTranOps></distInfo><refSysInfo><RefSystem><refSysID><identCode Sync="TRUE" value="2284">NAD_1983_StatePlane_Virginia_South_FIPS_4502_Feet</identCode><idCodeSpace Sync="TRUE">EPSG</idCodeSpace><idVersion Sync="TRUE">7.4.1</idVersion></refSysID></RefSystem></refSysInfo><spatRepInfo><VectSpatRep><geometObjs Name="BackOfCurb"><geoObjTyp><GeoObjTypCd value="002" Sync="TRUE"></GeoObjTypCd></geoObjTyp><geoObjCnt Sync="TRUE">0</geoObjCnt></geometObjs><topLvl><TopoLevCd value="001" Sync="TRUE"></TopoLevCd></topLvl></VectSpatRep></spatRepInfo><mdDateSt Sync="TRUE">20140404</mdDateSt></metadata>
