<metadata xml:lang="en"><Esri><CreaDate>20100114</CreaDate><CreaTime>07042400</CreaTime><SyncOnce>FALSE</SyncOnce><MetaID>{AD7DD908-9BFB-4A1E-84D2-498CBCECC91A}</MetaID><SyncDate>20140404</SyncDate><SyncTime>14472300</SyncTime><ModDate>20140404</ModDate><ModTime>14472300</ModTime><DataProperties><lineage><Process Name="Export to GDB - Parking_Paved" ToolSource="C:\Program Files (x86)\ArcGIS\ArcToolbox\Toolboxes\Conversion Tools.tbx\FeatureClassToFeatureClass" Date="20111207" Time="101742">FeatureClassToFeatureClass "\\tempest\Shared\GIS\Admin\Data Download\Toolset\Murloc - Read.sde\VectorGIS_prd.DBO.Planimetric\VectorGIS_prd.DBO.Parking" C:\TEMP\GIS_DataDownload_Staging_Planimetric\GDB\Planimetric.gdb Parking_Paved "Subtype = 1" "SHAPE_area 'SHAPE_area' false false true 0 Double 0 0 ,First,#,\\tempest\Shared\GIS\Admin\Data Download\Toolset\Murloc - Read.sde\VectorGIS_prd.DBO.Planimetric\VectorGIS_prd.DBO.Parking,SHAPE.area,-1,-1;SHAPE_len 'SHAPE_len' false false true 0 Double 0 0 ,First,#,\\tempest\Shared\GIS\Admin\Data Download\Toolset\Murloc - Read.sde\VectorGIS_prd.DBO.Planimetric\VectorGIS_prd.DBO.Parking,SHAPE.len,-1,-1" # C:\TEMP\GIS_DataDownload_Staging_Planimetric\GDB\Planimetric.gdb\Parking_Paved</Process><Process Name="Delete Rows" ToolSource="C:\Program Files (x86)\ArcGIS\Desktop10.0\ArcToolbox\Toolboxes\Data Management Tools.tbx\DeleteRows" Date="20120319" Time="083530">DeleteRows "\\tempest\shared\GIS\Tools\Data Download\Staging\PlanimetricGDB\Planimetric.gdb\Parking_Paved"</Process><Process Name="Paved Parking Append" ToolSource="C:\Program Files (x86)\ArcGIS\Desktop10.0\ArcToolbox\Toolboxes\Data Management Tools.tbx\Append" Date="20120319" Time="125703">Append 'in_memory\Paved Parking' "\\tempest\shared\GIS\Tools\Data Download\Staging\PlanimetricGDB\Planimetric.gdb\Parking_Paved" NO_TEST "Shape_Length "Shape_Length" false true true 8 Double 0 0 ,First,#,in_memory\Paved Parking,SHAPE_length,-1,-1;Shape_Area "Shape_Area" false true true 8 Double 0 0 ,First,#,in_memory\Paved Parking,SHAPE_area,-1,-1,in_memory\Paved Parking,SHAPE_area,-1,-1" #</Process><Process Name="Delete Rows" ToolSource="C:\Program Files (x86)\ArcGIS\Desktop10.0\ArcToolbox\Toolboxes\Data Management Tools.tbx\DeleteRows" Date="20120319" Time="131128">DeleteRows "\\tempest\shared\GIS\Tools\Data Download\Staging\PlanimetricGDB\Planimetric.gdb\Parking_Paved"</Process><Process Name="Paved Parking Append" ToolSource="C:\Program Files (x86)\ArcGIS\Desktop10.0\ArcToolbox\Toolboxes\Data Management Tools.tbx\Append" Date="20120319" Time="131317">Append 'in_memory\Paved Parking' "\\tempest\shared\GIS\Tools\Data Download\Staging\PlanimetricGDB\Planimetric.gdb\Parking_Paved" NO_TEST "Shape_Length "Shape_Length" false true true 8 Double 0 0 ,First,#,in_memory\Paved Parking,SHAPE_length,-1,-1;Shape_Area "Shape_Area" false true true 8 Double 0 0 ,First,#,in_memory\Paved Parking,SHAPE_area,-1,-1,in_memory\Paved Parking,SHAPE_area,-1,-1" #</Process><Process Name="Delete Rows" ToolSource="C:\Program Files (x86)\ArcGIS\Desktop10.0\ArcToolbox\Toolboxes\Data Management Tools.tbx\DeleteRows" Date="20120319" Time="132222">DeleteRows "\\tempest\shared\GIS\Tools\Data Download\Staging\PlanimetricGDB\Planimetric.gdb\Parking_Paved"</Process><Process Name="Paved Parking Append" ToolSource="C:\Program Files (x86)\ArcGIS\Desktop10.0\ArcToolbox\Toolboxes\Data Management Tools.tbx\Append" Date="20120319" Time="150602">Append 'in_memory\Paved Parking' "\\tempest\shared\GIS\Tools\Data Download\Staging\PlanimetricGDB\Planimetric.gdb\Parking_Paved" NO_TEST "Shape_Length "Shape_Length" false true true 8 Double 0 0 ,First,#,in_memory\Paved Parking,SHAPE_length,-1,-1;Shape_Area "Shape_Area" false true true 8 Double 0 0 ,First,#,in_memory\Paved Parking,SHAPE_area,-1,-1,in_memory\Paved Parking,SHAPE_area,-1,-1" #</Process><Process Name="Delete Rows" ToolSource="C:\Program Files (x86)\ArcGIS\Desktop10.0\ArcToolbox\Toolboxes\Data Management Tools.tbx\DeleteRows" Date="20120319" Time="153631">DeleteRows "\\tempest\shared\GIS\Tools\Data Download\Staging\PlanimetricGDB\Planimetric.gdb\Parking_Paved"</Process><Process Name="Paved Parking Append" ToolSource="C:\Program Files (x86)\ArcGIS\Desktop10.0\ArcToolbox\Toolboxes\Data Management Tools.tbx\Append" Date="20120319" Time="154044">Append 'in_memory\Paved Parking' "\\tempest\shared\GIS\Tools\Data Download\Staging\PlanimetricGDB\Planimetric.gdb\Parking_Paved" NO_TEST "Shape_Length "Shape_Length" false true true 8 Double 0 0 ,First,#,in_memory\Paved Parking,SHAPE_length,-1,-1;Shape_Area "Shape_Area" false true true 8 Double 0 0 ,First,#,in_memory\Paved Parking,SHAPE_area,-1,-1,in_memory\Paved Parking,SHAPE_area,-1,-1" #</Process><Process Name="Delete Rows" ToolSource="C:\Program Files (x86)\ArcGIS\Desktop10.0\ArcToolbox\Toolboxes\Data Management Tools.tbx\DeleteRows" Date="20120319" Time="154931">DeleteRows "\\tempest\shared\GIS\Tools\Data Download\Staging\PlanimetricGDB\Planimetric.gdb\Parking_Paved"</Process><Process Name="Paved Parking Append" ToolSource="C:\Program Files (x86)\ArcGIS\Desktop10.0\ArcToolbox\Toolboxes\Data Management Tools.tbx\Append" Date="20120319" Time="155457">Append 'in_memory\Paved Parking' "\\tempest\shared\GIS\Tools\Data Download\Staging\PlanimetricGDB\Planimetric.gdb\Parking_Paved" NO_TEST "Shape_Length "Shape_Length" false true true 8 Double 0 0 ,First,#,in_memory\Paved Parking,SHAPE_length,-1,-1;Shape_Area "Shape_Area" false true true 8 Double 0 0 ,First,#,in_memory\Paved Parking,SHAPE_area,-1,-1,in_memory\Paved Parking,SHAPE_area,-1,-1" #</Process><Process Name="Delete Rows" ToolSource="C:\Program Files (x86)\ArcGIS\Desktop10.0\ArcToolbox\Toolboxes\Data Management Tools.tbx\DeleteRows" Date="20120319" Time="162734">DeleteRows "\\tempest\shared\GIS\Tools\Data Download\Staging\PlanimetricGDB\Planimetric.gdb\Parking_Paved"</Process><Process Name="Delete Rows" ToolSource="C:\Program Files (x86)\ArcGIS\Desktop10.0\ArcToolbox\Toolboxes\Data Management Tools.tbx\DeleteRows" Date="20120320" Time="095825">DeleteRows "\\tempest\shared\GIS\Tools\Data Download\Staging\PlanimetricGDB\Planimetric.gdb\Parking_Paved"</Process><Process Name="Paved Parking Append" ToolSource="C:\Program Files (x86)\ArcGIS\Desktop10.0\ArcToolbox\Toolboxes\Data Management Tools.tbx\Append" Date="20120320" Time="103655">Append 'in_memory\Paved Parking' "\\tempest\shared\GIS\Tools\Data Download\Staging\PlanimetricGDB\Planimetric.gdb\Parking_Paved" NO_TEST "Shape_Length "Shape_Length" false true true 8 Double 0 0 ,First,#,in_memory\Paved Parking,SHAPE_length,-1,-1;Shape_Area "Shape_Area" false true true 8 Double 0 0 ,First,#,in_memory\Paved Parking,SHAPE_area,-1,-1,in_memory\Paved Parking,SHAPE_area,-1,-1" #</Process><Process Name="Delete Rows" ToolSource="C:\Program Files (x86)\ArcGIS\Desktop10.0\ArcToolbox\Toolboxes\Data Management Tools.tbx\DeleteRows" Date="20120320" Time="113126">DeleteRows "\\tempest\shared\GIS\Tools\Data Download\Staging\PlanimetricGDB\Planimetric.gdb\Parking_Paved"</Process><Process Name="Paved Parking Append" ToolSource="C:\Program Files (x86)\ArcGIS\Desktop10.0\ArcToolbox\Toolboxes\Data Management Tools.tbx\Append" Date="20120320" Time="113643">Append 'in_memory\Paved Parking' "\\tempest\shared\GIS\Tools\Data Download\Staging\PlanimetricGDB\Planimetric.gdb\Parking_Paved" NO_TEST "Shape_Length "Shape_Length" false true true 8 Double 0 0 ,First,#,in_memory\Paved Parking,SHAPE_length,-1,-1;Shape_Area "Shape_Area" false true true 8 Double 0 0 ,First,#,in_memory\Paved Parking,SHAPE_area,-1,-1,in_memory\Paved Parking,SHAPE_area,-1,-1" #</Process><Process Name="Delete Rows" ToolSource="C:\Program Files (x86)\ArcGIS\Desktop10.0\ArcToolbox\Toolboxes\Data Management Tools.tbx\DeleteRows" Date="20120320" Time="115213">DeleteRows "\\tempest\shared\GIS\Tools\Data Download\Staging\PlanimetricGDB\Planimetric.gdb\Parking_Paved"</Process><Process Name="Paved Parking Append" ToolSource="C:\Program Files (x86)\ArcGIS\Desktop10.0\ArcToolbox\Toolboxes\Data Management Tools.tbx\Append" Date="20120406" Time="112234">Append 'in_memory\Paved Parking' "\\tempest\shared\GIS\Tools\Data Download\Staging\PlanimetricGDB\Planimetric.gdb\Parking_Paved" NO_TEST "Shape_Length "Shape_Length" false true true 8 Double 0 0 ,First,#,in_memory\Paved Parking,SHAPE_length,-1,-1;Shape_Area "Shape_Area" false true true 8 Double 0 0 ,First,#,in_memory\Paved Parking,SHAPE_area,-1,-1,in_memory\Paved Parking,SHAPE_area,-1,-1" #</Process><Process Name="Delete Rows" ToolSource="C:\Program Files (x86)\ArcGIS\Desktop10.0\ArcToolbox\Toolboxes\Data Management Tools.tbx\DeleteRows" Date="20120406" Time="113806">DeleteRows "\\tempest\shared\GIS\Tools\Data Download\Staging\PlanimetricGDB\Planimetric.gdb\Parking_Paved"</Process><Process Name="Paved Parking Append" ToolSource="C:\Program Files (x86)\ArcGIS\Desktop10.0\ArcToolbox\Toolboxes\Data Management Tools.tbx\Append" Date="20120917" Time="110414">Append 'in_memory\Paved Parking' "\\tempest\shared\GIS\Data\Sharing\Data Download Portal\Staging\PlanimetricGDB\Planimetric.gdb\Parking_Paved" NO_TEST "Shape_Length "Shape_Length" false true true 8 Double 0 0 ,First,#,in_memory\Paved Parking,SHAPE_length,-1,-1;Shape_Area "Shape_Area" false true true 8 Double 0 0 ,First,#,in_memory\Paved Parking,SHAPE_area,-1,-1,in_memory\Paved Parking,SHAPE_area,-1,-1" #</Process><Process Name="Delete Rows" ToolSource="C:\Program Files (x86)\ArcGIS\Desktop10.0\ArcToolbox\Toolboxes\Data Management Tools.tbx\DeleteRows" Date="20120917" Time="111909">DeleteRows "\\tempest\shared\GIS\Data\Sharing\Data Download Portal\Staging\PlanimetricGDB\Planimetric.gdb\Parking_Paved"</Process><Process Name="Paved Parking Append" ToolSource="C:\Program Files (x86)\ArcGIS\Desktop10.0\ArcToolbox\Toolboxes\Data Management Tools.tbx\Append" Date="20120917" Time="112613">Append 'in_memory\Paved Parking' "\\tempest\shared\GIS\Data\Sharing\Data Download Portal\Staging\PlanimetricGDB\Planimetric.gdb\Parking_Paved" NO_TEST "Shape_Length "Shape_Length" false true true 8 Double 0 0 ,First,#,in_memory\Paved Parking,SHAPE_length,-1,-1;Shape_Area "Shape_Area" false true true 8 Double 0 0 ,First,#,in_memory\Paved Parking,SHAPE_area,-1,-1,in_memory\Paved Parking,SHAPE_area,-1,-1" #</Process><Process Name="Delete Rows" ToolSource="C:\Program Files (x86)\ArcGIS\Desktop10.0\ArcToolbox\Toolboxes\Data Management Tools.tbx\DeleteRows" Date="20120917" Time="114354">DeleteRows "\\tempest\shared\GIS\Data\Sharing\Data Download Portal\Staging\PlanimetricGDB\Planimetric.gdb\Parking_Paved"</Process><Process Name="Paved Parking Append" ToolSource="C:\Program Files (x86)\ArcGIS\Desktop10.0\ArcToolbox\Toolboxes\Data Management Tools.tbx\Append" Date="20120917" Time="115101">Append 'in_memory\Paved Parking' "\\tempest\shared\GIS\Data\Sharing\Data Download Portal\Staging\PlanimetricGDB\Planimetric.gdb\Parking_Paved" NO_TEST "Shape_Length "Shape_Length" false true true 8 Double 0 0 ,First,#,in_memory\Paved Parking,SHAPE_length,-1,-1;Shape_Area "Shape_Area" false true true 8 Double 0 0 ,First,#,in_memory\Paved Parking,SHAPE_area,-1,-1,in_memory\Paved Parking,SHAPE_area,-1,-1" #</Process><Process Name="Delete Rows" ToolSource="C:\Program Files (x86)\ArcGIS\Desktop10.0\ArcToolbox\Toolboxes\Data Management Tools.tbx\DeleteRows" Date="20120917" Time="121332">DeleteRows "\\tempest\shared\GIS\Data\Sharing\Data Download Portal\Staging\PlanimetricGDB\Planimetric.gdb\Parking_Paved"</Process><Process Name="Paved Parking Append" ToolSource="C:\Program Files (x86)\ArcGIS\Desktop10.0\ArcToolbox\Toolboxes\Data Management Tools.tbx\Append" Date="20121130" Time="142813">Append 'in_memory\Paved Parking' "\\tempest\shared\GIS\Data\Sharing\Data Download Portal\Staging\PlanimetricGDB\Planimetric.gdb\Parking_Paved" NO_TEST "Shape_Length "Shape_Length" false true true 8 Double 0 0 ,First,#,in_memory\Paved Parking,SHAPE_length,-1,-1,in_memory\Paved Parking,SHAPE_length,-1,-1;Shape_Area "Shape_Area" false true true 8 Double 0 0 ,First,#,in_memory\Paved Parking,SHAPE_area,-1,-1,in_memory\Paved Parking,SHAPE_area,-1,-1,in_memory\Paved Parking,SHAPE_area,-1,-1,in_memory\Paved Parking,SHAPE_area,-1,-1" #</Process><Process Name="Delete Rows" ToolSource="C:\Program Files (x86)\ArcGIS\Desktop10.0\ArcToolbox\Toolboxes\Data Management Tools.tbx\DeleteRows" Date="20121130" Time="145240">DeleteRows "\\tempest\shared\GIS\Data\Sharing\Data Download Portal\Staging\PlanimetricGDB\Planimetric.gdb\Parking_Paved"</Process><Process Name="Paved Parking Append" ToolSource="C:\Program Files (x86)\ArcGIS\Desktop10.0\ArcToolbox\Toolboxes\Data Management Tools.tbx\Append" Date="20130109" Time="101135">Append 'in_memory\Paved Parking' "\\tempest\shared\GIS\Data\Sharing\Data Download Portal\Staging\PlanimetricGDB\Planimetric.gdb\Parking_Paved" NO_TEST "Shape_Length "Shape_Length" false true true 8 Double 0 0 ,First,#,in_memory\Paved Parking,SHAPE_length,-1,-1,in_memory\Paved Parking,SHAPE_length,-1,-1;Shape_Area "Shape_Area" false true true 8 Double 0 0 ,First,#,in_memory\Paved Parking,SHAPE_area,-1,-1,in_memory\Paved Parking,SHAPE_area,-1,-1,in_memory\Paved Parking,SHAPE_area,-1,-1,in_memory\Paved Parking,SHAPE_area,-1,-1" #</Process><Process Name="Delete Rows" ToolSource="C:\Program Files (x86)\ArcGIS\Desktop10.0\ArcToolbox\Toolboxes\Data Management Tools.tbx\DeleteRows" Date="20130109" Time="103154">DeleteRows "\\tempest\shared\GIS\Data\Sharing\Data Download Portal\Staging\PlanimetricGDB\Planimetric.gdb\Parking_Paved"</Process><Process Name="Paved Parking Append" ToolSource="C:\Program Files (x86)\ArcGIS\Desktop10.0\ArcToolbox\Toolboxes\Data Management Tools.tbx\Append" Date="20130416" Time="102942">Append 'in_memory\Paved Parking' "\\tempest\shared\GIS\Data\Sharing\Data Download Portal\Staging\PlanimetricGDB\Planimetric.gdb\Parking_Paved" NO_TEST "Shape_Length "Shape_Length" false true true 8 Double 0 0 ,First,#,in_memory\Paved Parking,SHAPE_length,-1,-1,in_memory\Paved Parking,SHAPE_length,-1,-1;Shape_Area "Shape_Area" false true true 8 Double 0 0 ,First,#,in_memory\Paved Parking,SHAPE_area,-1,-1,in_memory\Paved Parking,SHAPE_area,-1,-1,in_memory\Paved Parking,SHAPE_area,-1,-1,in_memory\Paved Parking,SHAPE_area,-1,-1" #</Process><Process Name="Delete Rows" ToolSource="C:\Program Files (x86)\ArcGIS\Desktop10.0\ArcToolbox\Toolboxes\Data Management Tools.tbx\DeleteRows" Date="20130416" Time="105303">DeleteRows "\\tempest\shared\GIS\Data\Sharing\Data Download Portal\Staging\PlanimetricGDB\Planimetric.gdb\Parking_Paved"</Process><Process Name="Paved Parking Append" ToolSource="C:\Program Files (x86)\ArcGIS\Desktop10.0\ArcToolbox\Toolboxes\Data Management Tools.tbx\Append" Date="20130821" Time="120818">Append 'in_memory\Paved Parking' "\\tempest\shared\GIS\Data\Sharing\Data Download Portal\Staging\PlanimetricGDB\Planimetric.gdb\Parking_Paved" NO_TEST "Shape_Length "Shape_Length" false true true 8 Double 0 0 ,First,#,in_memory\Paved Parking,SHAPE_length,-1,-1,in_memory\Paved Parking,SHAPE_length,-1,-1;Shape_Area "Shape_Area" false true true 8 Double 0 0 ,First,#,in_memory\Paved Parking,SHAPE_area,-1,-1,in_memory\Paved Parking,SHAPE_area,-1,-1,in_memory\Paved Parking,SHAPE_area,-1,-1,in_memory\Paved Parking,SHAPE_area,-1,-1" #</Process><Process Name="Paved Parking Append" ToolSource="C:\Program Files (x86)\ArcGIS\Desktop10.0\ArcToolbox\Toolboxes\Data Management Tools.tbx\Append" Date="20130821" Time="125220">Append 'in_memory\Paved Parking' "\\tempest\shared\GIS\Data\Sharing\Data Download Portal\Staging\PlanimetricGDB\Planimetric.gdb\Parking_Paved" NO_TEST "Shape_Length "Shape_Length" false true true 8 Double 0 0 ,First,#,in_memory\Paved Parking,SHAPE_length,-1,-1,in_memory\Paved Parking,SHAPE_length,-1,-1;Shape_Area "Shape_Area" false true true 8 Double 0 0 ,First,#,in_memory\Paved Parking,SHAPE_area,-1,-1,in_memory\Paved Parking,SHAPE_area,-1,-1,in_memory\Paved Parking,SHAPE_area,-1,-1,in_memory\Paved Parking,SHAPE_area,-1,-1" #</Process><Process Name="Paved Parking Append" ToolSource="C:\Program Files (x86)\ArcGIS\Desktop10.0\ArcToolbox\Toolboxes\Data Management Tools.tbx\Append" Date="20130821" Time="133057">Append 'in_memory\Paved Parking' "\\tempest\shared\GIS\Data\Sharing\Data Download Portal\Staging\PlanimetricGDB\Planimetric.gdb\Parking_Paved" NO_TEST "Shape_Length "Shape_Length" false true true 8 Double 0 0 ,First,#,in_memory\Paved Parking,SHAPE_length,-1,-1,in_memory\Paved Parking,SHAPE_length,-1,-1;Shape_Area "Shape_Area" false true true 8 Double 0 0 ,First,#,in_memory\Paved Parking,SHAPE_area,-1,-1,in_memory\Paved Parking,SHAPE_area,-1,-1,in_memory\Paved Parking,SHAPE_area,-1,-1,in_memory\Paved Parking,SHAPE_area,-1,-1" #</Process><Process Name="Paved Parking Append" ToolSource="C:\Program Files (x86)\ArcGIS\Desktop10.0\ArcToolbox\Toolboxes\Data Management Tools.tbx\Append" Date="20130821" Time="163246">Append 'in_memory\Paved Parking' "\\tempest\shared\GIS\Data\Sharing\Data Download Portal\Staging\PlanimetricGDB\Planimetric.gdb\Parking_Paved" NO_TEST "Shape_Length "Shape_Length" false true true 8 Double 0 0 ,First,#,in_memory\Paved Parking,SHAPE_length,-1,-1,in_memory\Paved Parking,SHAPE_length,-1,-1;Shape_Area "Shape_Area" false true true 8 Double 0 0 ,First,#,in_memory\Paved Parking,SHAPE_area,-1,-1,in_memory\Paved Parking,SHAPE_area,-1,-1,in_memory\Paved Parking,SHAPE_area,-1,-1,in_memory\Paved Parking,SHAPE_area,-1,-1" #</Process><Process Name="Paved Parking Append" ToolSource="C:\Program Files (x86)\ArcGIS\Desktop10.0\ArcToolbox\Toolboxes\Data Management Tools.tbx\Append" Date="20130905" Time="163942">Append 'in_memory\Paved Parking' "\\tempest\shared\GIS\Data\Sharing\Data Download Portal\Staging\PlanimetricGDB\Planimetric.gdb\Parking_Paved" NO_TEST "Shape_Length "Shape_Length" false true true 8 Double 0 0 ,First,#,in_memory\Paved Parking,SHAPE_length,-1,-1,in_memory\Paved Parking,SHAPE_length,-1,-1;Shape_Area "Shape_Area" false true true 8 Double 0 0 ,First,#,in_memory\Paved Parking,SHAPE_area,-1,-1,in_memory\Paved Parking,SHAPE_area,-1,-1,in_memory\Paved Parking,SHAPE_area,-1,-1,in_memory\Paved Parking,SHAPE_area,-1,-1" #</Process><Process ToolSource="c:\program files (x86)\arcgis\desktop10.0\ArcToolbox\Toolboxes\Data Management Tools.tbx\DeleteFeatures" Date="20130905" Time="165529">DeleteFeatures "\\Tempest\Shared\GIS\Data\Sharing\Data Download Portal\Staging\PlanimetricGDB\Planimetric.gdb\Parking_Paved"</Process><Process Name="Paved Parking Append" ToolSource="C:\Program Files (x86)\ArcGIS\Desktop10.0\ArcToolbox\Toolboxes\Data Management Tools.tbx\Append" Date="20130906" Time="161125">Append 'in_memory\Paved Parking' "\\tempest\shared\GIS\Data\Sharing\Data Download Portal\Staging\PlanimetricGDB\Planimetric.gdb\Parking_Paved" NO_TEST "Shape_Length "Shape_Length" false true true 8 Double 0 0 ,First,#,in_memory\Paved Parking,SHAPE_length,-1,-1,in_memory\Paved Parking,SHAPE_length,-1,-1;Shape_Area "Shape_Area" false true true 8 Double 0 0 ,First,#,in_memory\Paved Parking,SHAPE_area,-1,-1,in_memory\Paved Parking,SHAPE_area,-1,-1,in_memory\Paved Parking,SHAPE_area,-1,-1,in_memory\Paved Parking,SHAPE_area,-1,-1" #</Process><Process ToolSource="c:\program files (x86)\arcgis\desktop10.0\ArcToolbox\Toolboxes\Data Management Tools.tbx\DeleteFeatures" Date="20130909" Time="125431">DeleteFeatures "\\Tempest\Shared\GIS\Data\Sharing\Data Download Portal\Staging\PlanimetricGDB\Planimetric.gdb\Parking_Paved"</Process><Process Name="Paved Parking Append" ToolSource="C:\Program Files (x86)\ArcGIS\Desktop10.0\ArcToolbox\Toolboxes\Data Management Tools.tbx\Append" Date="20130909" Time="125939">Append 'in_memory\Paved Parking' "\\tempest\shared\GIS\Data\Sharing\Data Download Portal\Staging\PlanimetricGDB\Planimetric.gdb\Parking_Paved" NO_TEST "Shape_Length "Shape_Length" false true true 8 Double 0 0 ,First,#,in_memory\Paved Parking,SHAPE_length,-1,-1,in_memory\Paved Parking,SHAPE_length,-1,-1;Shape_Area "Shape_Area" false true true 8 Double 0 0 ,First,#,in_memory\Paved Parking,SHAPE_area,-1,-1,in_memory\Paved Parking,SHAPE_area,-1,-1,in_memory\Paved Parking,SHAPE_area,-1,-1,in_memory\Paved Parking,SHAPE_area,-1,-1" #</Process><Process ToolSource="c:\program files (x86)\arcgis\desktop10.0\ArcToolbox\Toolboxes\Data Management Tools.tbx\DeleteFeatures" Date="20130909" Time="131604">DeleteFeatures "\\Tempest\Shared\GIS\Data\Sharing\Data Download Portal\Staging\PlanimetricGDB\Planimetric.gdb\Parking_Paved"</Process><Process Name="Paved Parking Append" ToolSource="C:\Program Files (x86)\ArcGIS\Desktop10.0\ArcToolbox\Toolboxes\Data Management Tools.tbx\Append" Date="20130909" Time="131918">Append 'in_memory\Paved Parking' "\\tempest\shared\GIS\Data\Sharing\Data Download Portal\Staging\PlanimetricGDB\Planimetric.gdb\Parking_Paved" NO_TEST "Shape_Length "Shape_Length" false true true 8 Double 0 0 ,First,#,in_memory\Paved Parking,SHAPE_length,-1,-1,in_memory\Paved Parking,SHAPE_length,-1,-1;Shape_Area "Shape_Area" false true true 8 Double 0 0 ,First,#,in_memory\Paved Parking,SHAPE_area,-1,-1,in_memory\Paved Parking,SHAPE_area,-1,-1,in_memory\Paved Parking,SHAPE_area,-1,-1,in_memory\Paved Parking,SHAPE_area,-1,-1" #</Process><Process ToolSource="c:\program files (x86)\arcgis\desktop10.0\ArcToolbox\Toolboxes\Data Management Tools.tbx\DeleteFeatures" Date="20130909" Time="132618">DeleteFeatures "\\Tempest\Shared\GIS\Data\Sharing\Data Download Portal\Staging\PlanimetricGDB\Planimetric.gdb\Parking_Paved"</Process><Process Name="Paved Parking Append" ToolSource="C:\Program Files (x86)\ArcGIS\Desktop10.0\ArcToolbox\Toolboxes\Data Management Tools.tbx\Append" Date="20130909" Time="133052">Append 'in_memory\Paved Parking' "\\tempest\shared\GIS\Data\Sharing\Data Download Portal\Staging\PlanimetricGDB\Planimetric.gdb\Parking_Paved" NO_TEST "Shape_Length "Shape_Length" false true true 8 Double 0 0 ,First,#,in_memory\Paved Parking,SHAPE_length,-1,-1,in_memory\Paved Parking,SHAPE_length,-1,-1;Shape_Area "Shape_Area" false true true 8 Double 0 0 ,First,#,in_memory\Paved Parking,SHAPE_area,-1,-1,in_memory\Paved Parking,SHAPE_area,-1,-1,in_memory\Paved Parking,SHAPE_area,-1,-1,in_memory\Paved Parking,SHAPE_area,-1,-1" #</Process><Process ToolSource="c:\program files (x86)\arcgis\desktop10.0\ArcToolbox\Toolboxes\Data Management Tools.tbx\DeleteFeatures" Date="20130909" Time="133832">DeleteFeatures "\\Tempest\Shared\GIS\Data\Sharing\Data Download Portal\Staging\PlanimetricGDB\Planimetric.gdb\Parking_Paved"</Process><Process Name="Paved Parking Append" ToolSource="C:\Program Files (x86)\ArcGIS\Desktop10.0\ArcToolbox\Toolboxes\Data Management Tools.tbx\Append" Date="20130909" Time="141847">Append 'in_memory\Paved Parking' "\\tempest\shared\GIS\Data\Sharing\Data Download Portal\Staging\PlanimetricGDB\Planimetric.gdb\Parking_Paved" NO_TEST "Shape_Length "Shape_Length" false true true 8 Double 0 0 ,First,#,in_memory\Paved Parking,SHAPE_length,-1,-1,in_memory\Paved Parking,SHAPE_length,-1,-1;Shape_Area "Shape_Area" false true true 8 Double 0 0 ,First,#,in_memory\Paved Parking,SHAPE_area,-1,-1,in_memory\Paved Parking,SHAPE_area,-1,-1,in_memory\Paved Parking,SHAPE_area,-1,-1,in_memory\Paved Parking,SHAPE_area,-1,-1" #</Process><Process ToolSource="c:\program files (x86)\arcgis\desktop10.0\ArcToolbox\Toolboxes\Data Management Tools.tbx\DeleteFeatures" Date="20130909" Time="143018">DeleteFeatures "\\Tempest\Shared\GIS\Data\Sharing\Data Download Portal\Staging\PlanimetricGDB\Planimetric.gdb\Parking_Paved"</Process><Process Name="Paved Parking Append" ToolSource="C:\Program Files (x86)\ArcGIS\Desktop10.0\ArcToolbox\Toolboxes\Data Management Tools.tbx\Append" Date="20130909" Time="143928">Append 'in_memory\Paved Parking' "\\tempest\shared\GIS\Data\Sharing\Data Download Portal\Staging\PlanimetricGDB\Planimetric.gdb\Parking_Paved" NO_TEST "Shape_Length "Shape_Length" false true true 8 Double 0 0 ,First,#,in_memory\Paved Parking,SHAPE_length,-1,-1,in_memory\Paved Parking,SHAPE_length,-1,-1;Shape_Area "Shape_Area" false true true 8 Double 0 0 ,First,#,in_memory\Paved Parking,SHAPE_area,-1,-1,in_memory\Paved Parking,SHAPE_area,-1,-1,in_memory\Paved Parking,SHAPE_area,-1,-1,in_memory\Paved Parking,SHAPE_area,-1,-1" #</Process><Process Name="Delete Features - Planimetrics" ToolSource="C:\Program Files (x86)\ArcGIS\Desktop10.0\ArcToolbox\Toolboxes\Data Management Tools.tbx\DeleteFeatures" Date="20130909" Time="150120">DeleteFeatures "\\Tempest\Shared\GIS\Data\Sharing\Data Download Portal\Staging\PlanimetricGDB\Planimetric.gdb\Parking_Paved"</Process><Process Name="Paved Parking Append" ToolSource="C:\Program Files (x86)\ArcGIS\Desktop10.0\ArcToolbox\Toolboxes\Data Management Tools.tbx\Append" Date="20130909" Time="150846">Append 'in_memory\Paved Parking' "\\tempest\shared\GIS\Data\Sharing\Data Download Portal\Staging\PlanimetricGDB\Planimetric.gdb\Parking_Paved" NO_TEST "Shape_Length "Shape_Length" false true true 8 Double 0 0 ,First,#,in_memory\Paved Parking,SHAPE_length,-1,-1,in_memory\Paved Parking,SHAPE_length,-1,-1;Shape_Area "Shape_Area" false true true 8 Double 0 0 ,First,#,in_memory\Paved Parking,SHAPE_area,-1,-1,in_memory\Paved Parking,SHAPE_area,-1,-1,in_memory\Paved Parking,SHAPE_area,-1,-1,in_memory\Paved Parking,SHAPE_area,-1,-1" #</Process><Process Name="Delete Features - Planimetrics" ToolSource="C:\Program Files (x86)\ArcGIS\Desktop10.0\ArcToolbox\Toolboxes\Data Management Tools.tbx\DeleteFeatures" Date="20130909" Time="151516">DeleteFeatures "\\Tempest\Shared\GIS\Data\Sharing\Data Download Portal\Staging\PlanimetricGDB\Planimetric.gdb\Parking_Paved"</Process><Process Name="Paved Parking Append" ToolSource="C:\Program Files (x86)\ArcGIS\Desktop10.0\ArcToolbox\Toolboxes\Data Management Tools.tbx\Append" Date="20130909" Time="153101">Append 'in_memory\Paved Parking' "\\tempest\shared\GIS\Data\Sharing\Data Download Portal\Staging\PlanimetricGDB\Planimetric.gdb\Parking_Paved" NO_TEST "Shape_Length "Shape_Length" false true true 8 Double 0 0 ,First,#,in_memory\Paved Parking,SHAPE_length,-1,-1,in_memory\Paved Parking,SHAPE_length,-1,-1;Shape_Area "Shape_Area" false true true 8 Double 0 0 ,First,#,in_memory\Paved Parking,SHAPE_area,-1,-1,in_memory\Paved Parking,SHAPE_area,-1,-1,in_memory\Paved Parking,SHAPE_area,-1,-1,in_memory\Paved Parking,SHAPE_area,-1,-1" #</Process><Process Name="Delete Features - Planimetrics" ToolSource="C:\Program Files (x86)\ArcGIS\Desktop10.0\ArcToolbox\Toolboxes\Data Management Tools.tbx\DeleteFeatures" Date="20130909" Time="154027">DeleteFeatures "\\Tempest\Shared\GIS\Data\Sharing\Data Download Portal\Staging\PlanimetricGDB\Planimetric.gdb\Parking_Paved"</Process><Process Name="Paved Parking Append" ToolSource="C:\Program Files (x86)\ArcGIS\Desktop10.0\ArcToolbox\Toolboxes\Data Management Tools.tbx\Append" Date="20130909" Time="155149">Append 'in_memory\Paved Parking' "\\tempest\shared\GIS\Data\Sharing\Data Download Portal\Staging\PlanimetricGDB\Planimetric.gdb\Parking_Paved" NO_TEST "Shape_Length "Shape_Length" false true true 8 Double 0 0 ,First,#,in_memory\Paved Parking,SHAPE_length,-1,-1,in_memory\Paved Parking,SHAPE_length,-1,-1;Shape_Area "Shape_Area" false true true 8 Double 0 0 ,First,#,in_memory\Paved Parking,SHAPE_area,-1,-1,in_memory\Paved Parking,SHAPE_area,-1,-1,in_memory\Paved Parking,SHAPE_area,-1,-1,in_memory\Paved Parking,SHAPE_area,-1,-1" #</Process><Process Name="Paved Parking Append" ToolSource="C:\Program Files (x86)\ArcGIS\Desktop10.0\ArcToolbox\Toolboxes\Data Management Tools.tbx\Append" Date="20130909" Time="155627">Append 'in_memory\Paved Parking' "\\tempest\shared\GIS\Data\Sharing\Data Download Portal\Staging\PlanimetricGDB\Planimetric.gdb\Parking_Paved" NO_TEST "Shape_Length "Shape_Length" false true true 8 Double 0 0 ,First,#,in_memory\Paved Parking,SHAPE_length,-1,-1,in_memory\Paved Parking,SHAPE_length,-1,-1;Shape_Area "Shape_Area" false true true 8 Double 0 0 ,First,#,in_memory\Paved Parking,SHAPE_area,-1,-1,in_memory\Paved Parking,SHAPE_area,-1,-1,in_memory\Paved Parking,SHAPE_area,-1,-1,in_memory\Paved Parking,SHAPE_area,-1,-1" #</Process><Process Name="Delete Features - Planimetrics" ToolSource="C:\Program Files (x86)\ArcGIS\Desktop10.0\ArcToolbox\Toolboxes\Data Management Tools.tbx\DeleteFeatures" Date="20130910" Time="091328">DeleteFeatures "\\Tempest\Shared\GIS\Data\Sharing\Data Download Portal\Staging\PlanimetricGDB\Planimetric.gdb\Parking_Paved"</Process><Process Name="Paved Parking Append" ToolSource="C:\Program Files (x86)\ArcGIS\Desktop10.0\ArcToolbox\Toolboxes\Data Management Tools.tbx\Append" Date="20130910" Time="091618">Append 'in_memory\Paved Parking' "\\tempest\shared\GIS\Data\Sharing\Data Download Portal\Staging\PlanimetricGDB\Planimetric.gdb\Parking_Paved" NO_TEST "Shape_Length "Shape_Length" false true true 8 Double 0 0 ,First,#,in_memory\Paved Parking,SHAPE_length,-1,-1,in_memory\Paved Parking,SHAPE_length,-1,-1;Shape_Area "Shape_Area" false true true 8 Double 0 0 ,First,#,in_memory\Paved Parking,SHAPE_area,-1,-1,in_memory\Paved Parking,SHAPE_area,-1,-1,in_memory\Paved Parking,SHAPE_area,-1,-1,in_memory\Paved Parking,SHAPE_area,-1,-1" #</Process><Process Name="Delete Features - Planimetrics" ToolSource="C:\Program Files (x86)\ArcGIS\Desktop10.0\ArcToolbox\Toolboxes\Data Management Tools.tbx\DeleteFeatures" Date="20130910" Time="093211">DeleteFeatures "\\Tempest\Shared\GIS\Data\Sharing\Data Download Portal\Staging\PlanimetricGDB\Planimetric.gdb\Parking_Paved"</Process><Process Name="Delete Features - Planimetrics" ToolSource="C:\Program Files (x86)\ArcGIS\Desktop10.0\ArcToolbox\Toolboxes\Data Management Tools.tbx\DeleteFeatures" Date="20130910" Time="103223">DeleteFeatures "\\Tempest\Shared\GIS\Data\Sharing\Data Download Portal\Staging\PlanimetricGDB\Planimetric.gdb\Parking_Paved"</Process><Process Name="Paved Parking Append" ToolSource="C:\Program Files (x86)\ArcGIS\Desktop10.0\ArcToolbox\Toolboxes\Data Management Tools.tbx\Append" Date="20130910" Time="104042">Append 'in_memory\Paved Parking' "\\tempest\shared\GIS\Data\Sharing\Data Download Portal\Staging\PlanimetricGDB\Planimetric.gdb\Parking_Paved" NO_TEST "Shape_Length "Shape_Length" false true true 8 Double 0 0 ,First,#,in_memory\Paved Parking,SHAPE_length,-1,-1,in_memory\Paved Parking,SHAPE_length,-1,-1;Shape_Area "Shape_Area" false true true 8 Double 0 0 ,First,#,in_memory\Paved Parking,SHAPE_area,-1,-1,in_memory\Paved Parking,SHAPE_area,-1,-1,in_memory\Paved Parking,SHAPE_area,-1,-1,in_memory\Paved Parking,SHAPE_area,-1,-1" #</Process><Process Name="Delete Rows" ToolSource="C:\Program Files (x86)\ArcGIS\Desktop10.0\ArcToolbox\Toolboxes\Data Management Tools.tbx\DeleteRows" Date="20130910" Time="105207">DeleteRows "\\tempest\shared\GIS\Data\Sharing\Data Download Portal\Staging\PlanimetricGDB\Planimetric.gdb\Parking_Paved"</Process><Process Name="Paved Parking Append" ToolSource="C:\Program Files (x86)\ArcGIS\Desktop10.0\ArcToolbox\Toolboxes\Data Management Tools.tbx\Append" Date="20140108" Time="155832">Append 'in_memory\Paved Parking' "\\tempest\shared\GIS\Data\Sharing\Data Download Portal\Staging\PlanimetricGDB\Planimetric.gdb\Parking_Paved" NO_TEST "Shape_Length "Shape_Length" false true true 8 Double 0 0 ,First,#,in_memory\Paved Parking,SHAPE_length,-1,-1,in_memory\Paved Parking,SHAPE_length,-1,-1;Shape_Area "Shape_Area" false true true 8 Double 0 0 ,First,#,in_memory\Paved Parking,SHAPE_area,-1,-1,in_memory\Paved Parking,SHAPE_area,-1,-1,in_memory\Paved Parking,SHAPE_area,-1,-1,in_memory\Paved Parking,SHAPE_area,-1,-1" #</Process><Process Name="Paved Parking Append" ToolSource="C:\Program Files (x86)\ArcGIS\Desktop10.0\ArcToolbox\Toolboxes\Data Management Tools.tbx\Append" Date="20140109" Time="103248">Append 'in_memory\Paved Parking' "\\tempest\shared\GIS\Data\Sharing\Data Download Portal\Staging\PlanimetricGDB\Planimetric.gdb\Parking_Paved" NO_TEST "Shape_Length "Shape_Length" false true true 8 Double 0 0 ,First,#,in_memory\Paved Parking,SHAPE_length,-1,-1,in_memory\Paved Parking,SHAPE_length,-1,-1;Shape_Area "Shape_Area" false true true 8 Double 0 0 ,First,#,in_memory\Paved Parking,SHAPE_area,-1,-1,in_memory\Paved Parking,SHAPE_area,-1,-1,in_memory\Paved Parking,SHAPE_area,-1,-1,in_memory\Paved Parking,SHAPE_area,-1,-1" #</Process><Process Name="Paved Parking Append" ToolSource="C:\Program Files (x86)\ArcGIS\Desktop10.0\ArcToolbox\Toolboxes\Data Management Tools.tbx\Append" Date="20140109" Time="110545">Append 'in_memory\Paved Parking' "\\tempest\shared\GIS\Data\Sharing\Data Download Portal\Staging\PlanimetricGDB\Planimetric.gdb\Parking_Paved" NO_TEST "Shape_Length "Shape_Length" false true true 8 Double 0 0 ,First,#,in_memory\Paved Parking,SHAPE_length,-1,-1,in_memory\Paved Parking,SHAPE_length,-1,-1;Shape_Area "Shape_Area" false true true 8 Double 0 0 ,First,#,in_memory\Paved Parking,SHAPE_area,-1,-1,in_memory\Paved Parking,SHAPE_area,-1,-1,in_memory\Paved Parking,SHAPE_area,-1,-1,in_memory\Paved Parking,SHAPE_area,-1,-1" #</Process><Process Name="Paved Parking Append" ToolSource="C:\Program Files (x86)\ArcGIS\Desktop10.0\ArcToolbox\Toolboxes\Data Management Tools.tbx\Append" Date="20140109" Time="115158">Append 'in_memory\Paved Parking' "\\tempest\shared\GIS\Data\Sharing\Data Download Portal\Staging\PlanimetricGDB\Planimetric.gdb\Parking_Paved" NO_TEST "Shape_Length "Shape_Length" false true true 8 Double 0 0 ,First,#,in_memory\Paved Parking,SHAPE_length,-1,-1,in_memory\Paved Parking,SHAPE_length,-1,-1;Shape_Area "Shape_Area" false true true 8 Double 0 0 ,First,#,in_memory\Paved Parking,SHAPE_area,-1,-1,in_memory\Paved Parking,SHAPE_area,-1,-1,in_memory\Paved Parking,SHAPE_area,-1,-1,in_memory\Paved Parking,SHAPE_area,-1,-1" #</Process><Process Name="Paved Parking Append" ToolSource="C:\Program Files (x86)\ArcGIS\Desktop10.0\ArcToolbox\Toolboxes\Data Management Tools.tbx\Append" Date="20140109" Time="122832">Append 'in_memory\Paved Parking' "\\tempest\shared\GIS\Data\Sharing\Data Download Portal\Staging\PlanimetricGDB\Planimetric.gdb\Parking_Paved" NO_TEST "Shape_Length "Shape_Length" false true true 8 Double 0 0 ,First,#,in_memory\Paved Parking,SHAPE_length,-1,-1,in_memory\Paved Parking,SHAPE_length,-1,-1;Shape_Area "Shape_Area" false true true 8 Double 0 0 ,First,#,in_memory\Paved Parking,SHAPE_area,-1,-1,in_memory\Paved Parking,SHAPE_area,-1,-1,in_memory\Paved Parking,SHAPE_area,-1,-1,in_memory\Paved Parking,SHAPE_area,-1,-1" #</Process><Process Name="Paved Parking Append" ToolSource="C:\Program Files (x86)\ArcGIS\Desktop10.0\ArcToolbox\Toolboxes\Data Management Tools.tbx\Append" Date="20140109" Time="131809">Append 'in_memory\Paved Parking' "\\tempest\shared\GIS\Data\Sharing\Data Download Portal\Staging\PlanimetricGDB\Planimetric.gdb\Parking_Paved" NO_TEST "Shape_Length "Shape_Length" false true true 8 Double 0 0 ,First,#,in_memory\Paved Parking,SHAPE_length,-1,-1,in_memory\Paved Parking,SHAPE_length,-1,-1;Shape_Area "Shape_Area" false true true 8 Double 0 0 ,First,#,in_memory\Paved Parking,SHAPE_area,-1,-1,in_memory\Paved Parking,SHAPE_area,-1,-1,in_memory\Paved Parking,SHAPE_area,-1,-1,in_memory\Paved Parking,SHAPE_area,-1,-1" #</Process><Process Name="Paved Parking Append" ToolSource="C:\Program Files (x86)\ArcGIS\Desktop10.0\ArcToolbox\Toolboxes\Data Management Tools.tbx\Append" Date="20140109" Time="143107">Append 'in_memory\Paved Parking' "\\tempest\shared\GIS\Data\Sharing\Data Download Portal\Staging\PlanimetricGDB\Planimetric.gdb\Parking_Paved" NO_TEST "Shape_Length "Shape_Length" false true true 8 Double 0 0 ,First,#,in_memory\Paved Parking,SHAPE_length,-1,-1,in_memory\Paved Parking,SHAPE_length,-1,-1;Shape_Area "Shape_Area" false true true 8 Double 0 0 ,First,#,in_memory\Paved Parking,SHAPE_area,-1,-1,in_memory\Paved Parking,SHAPE_area,-1,-1,in_memory\Paved Parking,SHAPE_area,-1,-1,in_memory\Paved Parking,SHAPE_area,-1,-1" #</Process><Process Name="Paved Parking Append" ToolSource="C:\Program Files (x86)\ArcGIS\Desktop10.0\ArcToolbox\Toolboxes\Data Management Tools.tbx\Append" Date="20140109" Time="151638">Append 'in_memory\Paved Parking' "\\tempest\shared\GIS\Data\Sharing\Data Download Portal\Staging\PlanimetricGDB\Planimetric.gdb\Parking_Paved" NO_TEST "Shape_Length "Shape_Length" false true true 8 Double 0 0 ,First,#,in_memory\Paved Parking,SHAPE_length,-1,-1,in_memory\Paved Parking,SHAPE_length,-1,-1;Shape_Area "Shape_Area" false true true 8 Double 0 0 ,First,#,in_memory\Paved Parking,SHAPE_area,-1,-1,in_memory\Paved Parking,SHAPE_area,-1,-1,in_memory\Paved Parking,SHAPE_area,-1,-1,in_memory\Paved Parking,SHAPE_area,-1,-1" #</Process><Process ToolSource="C:\Program Files (x86)\ArcGIS\Desktop10.0\ArcToolbox\Toolboxes\Data Management Tools.tbx\DeleteFeatures" Date="20140109" Time="161159">DeleteFeatures "\\tempest\shared\GIS\Data\Sharing\Data Download Portal\Staging\PlanimetricGDB\Planimetric.gdb\Parking_Paved"</Process><Process Name="Paved Parking Append" ToolSource="C:\Program Files (x86)\ArcGIS\Desktop10.0\ArcToolbox\Toolboxes\Data Management Tools.tbx\Append" Date="20140109" Time="162634">Append 'in_memory\Paved Parking' "\\tempest\shared\GIS\Data\Sharing\Data Download Portal\Staging\PlanimetricGDB\Planimetric.gdb\Parking_Paved" NO_TEST "Shape_Length "Shape_Length" false true true 8 Double 0 0 ,First,#,in_memory\Paved Parking,SHAPE_length,-1,-1,in_memory\Paved Parking,SHAPE_length,-1,-1;Shape_Area "Shape_Area" false true true 8 Double 0 0 ,First,#,in_memory\Paved Parking,SHAPE_area,-1,-1,in_memory\Paved Parking,SHAPE_area,-1,-1,in_memory\Paved Parking,SHAPE_area,-1,-1,in_memory\Paved Parking,SHAPE_area,-1,-1" #</Process><Process Name="Paved Parking Append" ToolSource="C:\Program Files (x86)\ArcGIS\Desktop10.0\ArcToolbox\Toolboxes\Data Management Tools.tbx\Append" Date="20140109" Time="163842">Append 'in_memory\Paved Parking' "\\tempest\shared\GIS\Data\Sharing\Data Download Portal\Staging\PlanimetricGDB\Planimetric.gdb\Parking_Paved" NO_TEST "Shape_Length "Shape_Length" false true true 8 Double 0 0 ,First,#,in_memory\Paved Parking,SHAPE_length,-1,-1,in_memory\Paved Parking,SHAPE_length,-1,-1;Shape_Area "Shape_Area" false true true 8 Double 0 0 ,First,#,in_memory\Paved Parking,SHAPE_area,-1,-1,in_memory\Paved Parking,SHAPE_area,-1,-1,in_memory\Paved Parking,SHAPE_area,-1,-1,in_memory\Paved Parking,SHAPE_area,-1,-1" #</Process><Process Name="Delete Features - Planimetrics" ToolSource="C:\Program Files (x86)\ArcGIS\Desktop10.0\ArcToolbox\Toolboxes\Data Management Tools.tbx\DeleteFeatures" Date="20140113" Time="150834">DeleteFeatures "\\Tempest\Shared\GIS\Data\Sharing\Data Download Portal\Staging\PlanimetricGDB\Planimetric.gdb\Parking_Paved"</Process><Process Name="Paved Parking Append" ToolSource="C:\Program Files (x86)\ArcGIS\Desktop10.0\ArcToolbox\Toolboxes\Data Management Tools.tbx\Append" Date="20140113" Time="151941">Append 'in_memory\Paved Parking' "\\tempest\shared\GIS\Data\Sharing\Data Download Portal\Staging\PlanimetricGDB\Planimetric.gdb\Parking_Paved" NO_TEST "Shape_Length "Shape_Length" false true true 8 Double 0 0 ,First,#,in_memory\Paved Parking,SHAPE_length,-1,-1,in_memory\Paved Parking,SHAPE_length,-1,-1;Shape_Area "Shape_Area" false true true 8 Double 0 0 ,First,#,in_memory\Paved Parking,SHAPE_area,-1,-1,in_memory\Paved Parking,SHAPE_area,-1,-1,in_memory\Paved Parking,SHAPE_area,-1,-1,in_memory\Paved Parking,SHAPE_area,-1,-1" #</Process><Process Name="Delete Features - Planimetrics" ToolSource="C:\Program Files (x86)\ArcGIS\Desktop10.0\ArcToolbox\Toolboxes\Data Management Tools.tbx\DeleteFeatures" Date="20140113" Time="153417">DeleteFeatures "\\Tempest\Shared\GIS\Data\Sharing\Data Download Portal\Staging\PlanimetricGDB\Planimetric.gdb\Parking_Paved"</Process><Process Name="Paved Parking Append" ToolSource="C:\Program Files (x86)\ArcGIS\Desktop10.0\ArcToolbox\Toolboxes\Data Management Tools.tbx\Append" Date="20140113" Time="155255">Append 'in_memory\Paved Parking' "\\tempest\shared\GIS\Data\Sharing\Data Download Portal\Staging\PlanimetricGDB\Planimetric.gdb\Parking_Paved" NO_TEST "Shape_Length "Shape_Length" false true true 8 Double 0 0 ,First,#,in_memory\Paved Parking,SHAPE_length,-1,-1,in_memory\Paved Parking,SHAPE_length,-1,-1;Shape_Area "Shape_Area" false true true 8 Double 0 0 ,First,#,in_memory\Paved Parking,SHAPE_area,-1,-1,in_memory\Paved Parking,SHAPE_area,-1,-1,in_memory\Paved Parking,SHAPE_area,-1,-1,in_memory\Paved Parking,SHAPE_area,-1,-1" #</Process><Process Name="Paved Parking Append" ToolSource="C:\Program Files (x86)\ArcGIS\Desktop10.0\ArcToolbox\Toolboxes\Data Management Tools.tbx\Append" Date="20140114" Time="101443">Append 'in_memory\Paved Parking' "\\tempest\shared\GIS\Data\Sharing\Data Download Portal\Staging\PlanimetricGDB\Planimetric.gdb\Parking_Paved" NO_TEST "Shape_Length "Shape_Length" false true true 8 Double 0 0 ,First,#,in_memory\Paved Parking,SHAPE_length,-1,-1,in_memory\Paved Parking,SHAPE_length,-1,-1;Shape_Area "Shape_Area" false true true 8 Double 0 0 ,First,#,in_memory\Paved Parking,SHAPE_area,-1,-1,in_memory\Paved Parking,SHAPE_area,-1,-1,in_memory\Paved Parking,SHAPE_area,-1,-1,in_memory\Paved Parking,SHAPE_area,-1,-1" #</Process><Process Name="Delete Features - Planimetrics" ToolSource="C:\Program Files (x86)\ArcGIS\Desktop10.0\ArcToolbox\Toolboxes\Data Management Tools.tbx\DeleteFeatures" Date="20140114" Time="105711">DeleteFeatures "\\Tempest\Shared\GIS\Data\Sharing\Data Download Portal\Staging\PlanimetricGDB\Planimetric.gdb\Parking_Paved"</Process><Process Name="Paved Parking Append" ToolSource="C:\Program Files (x86)\ArcGIS\Desktop10.0\ArcToolbox\Toolboxes\Data Management Tools.tbx\Append" Date="20140114" Time="110909">Append 'in_memory\Paved Parking' "\\tempest\shared\GIS\Data\Sharing\Data Download Portal\Staging\PlanimetricGDB\Planimetric.gdb\Parking_Paved" NO_TEST "Shape_Length "Shape_Length" false true true 8 Double 0 0 ,First,#,in_memory\Paved Parking,SHAPE_length,-1,-1,in_memory\Paved Parking,SHAPE_length,-1,-1;Shape_Area "Shape_Area" false true true 8 Double 0 0 ,First,#,in_memory\Paved Parking,SHAPE_area,-1,-1,in_memory\Paved Parking,SHAPE_area,-1,-1,in_memory\Paved Parking,SHAPE_area,-1,-1,in_memory\Paved Parking,SHAPE_area,-1,-1" #</Process><Process Name="Delete Rows" ToolSource="C:\Program Files (x86)\ArcGIS\Desktop10.0\ArcToolbox\Toolboxes\Data Management Tools.tbx\DeleteRows" Date="20140114" Time="112236">DeleteRows "\\tempest\shared\GIS\Data\Sharing\Data Download Portal\Staging\PlanimetricGDB\Planimetric.gdb\Parking_Paved"</Process><Process Name="Paved Parking Append" ToolSource="C:\Program Files (x86)\ArcGIS\Desktop10.0\ArcToolbox\Toolboxes\Data Management Tools.tbx\Append" Date="20140404" Time="143928">Append 'in_memory\Paved Parking' "\\tempest\shared\GIS\Data\Sharing\Data Download Portal\Staging\Planimetric\PlanimetricGDB\Planimetric.gdb\Parking_Paved" NO_TEST "Shape_Length "Shape_Length" false true true 8 Double 0 0 ,First,#,in_memory\Paved Parking,Shape_length,-1,-1;Shape_Area "Shape_Area" false true true 8 Double 0 0 ,First,#,in_memory\Paved Parking,Shape_area,-1,-1,in_memory\Paved Parking,Shape_area,-1,-1" #</Process><Process ToolSource="C:\Program Files (x86)\ArcGIS\Desktop10.0\ArcToolbox\Toolboxes\Data Management Tools.tbx\CopyFeatures" Date="20140404" Time="144726">CopyFeatures "\\tempest\shared\GIS\Data\Sharing\Data Download Portal\Staging\Planimetric\PlanimetricGDB\Planimetric.gdb\Parking_Paved" "\\tempest\shared\GIS\Data\Sharing\Data Download Portal\Staging\Planimetric\PlanimetricSHP\Parking_Paved.shp" # 0 0 0</Process></lineage><itemProps><itemName Sync="TRUE">Parking_Paved</itemName><imsContentType Sync="TRUE">002</imsContentType><itemSize Sync="TRUE">0.000</itemSize><itemLocation><linkage Sync="TRUE">file://\\tempest\shared\GIS\Data\Sharing\Data Download Portal\Staging\Planimetric\PlanimetricSHP\Parking_Paved.shp</linkage><protocol Sync="TRUE">Local Area Network</protocol></itemLocation></itemProps><coordRef><type Sync="TRUE">Projected</type><geogcsn Sync="TRUE">GCS_North_American_1983</geogcsn><csUnits Sync="TRUE">Linear Unit: Foot_US (0.304801)</csUnits><projcsn Sync="TRUE">NAD_1983_StatePlane_Virginia_South_FIPS_4502_Feet</projcsn><peXml Sync="TRUE">&lt;ProjectedCoordinateSystem xsi:type='typens:ProjectedCoordinateSystem' xmlns:xsi='http://www.w3.org/2001/XMLSchema-instance' xmlns:xs='http://www.w3.org/2001/XMLSchema' xmlns:typens='http://www.esri.com/schemas/ArcGIS/10.0'&gt;&lt;WKT&gt;PROJCS[&amp;quot;NAD_1983_StatePlane_Virginia_South_FIPS_4502_Feet&amp;quot;,GEOGCS[&amp;quot;GCS_North_American_1983&amp;quot;,DATUM[&amp;quot;D_North_American_1983&amp;quot;,SPHEROID[&amp;quot;GRS_1980&amp;quot;,6378137.0,298.257222101]],PRIMEM[&amp;quot;Greenwich&amp;quot;,0.0],UNIT[&amp;quot;Degree&amp;quot;,0.0174532925199433]],PROJECTION[&amp;quot;Lambert_Conformal_Conic&amp;quot;],PARAMETER[&amp;quot;False_Easting&amp;quot;,11482916.66666666],PARAMETER[&amp;quot;False_Northing&amp;quot;,3280833.333333333],PARAMETER[&amp;quot;Central_Meridian&amp;quot;,-78.5],PARAMETER[&amp;quot;Standard_Parallel_1&amp;quot;,36.76666666666667],PARAMETER[&amp;quot;Standard_Parallel_2&amp;quot;,37.96666666666667],PARAMETER[&amp;quot;Latitude_Of_Origin&amp;quot;,36.33333333333334],UNIT[&amp;quot;Foot_US&amp;quot;,0.3048006096012192],AUTHORITY[&amp;quot;EPSG&amp;quot;,2284]]&lt;/WKT&gt;&lt;XOrigin&gt;-111140600&lt;/XOrigin&gt;&lt;YOrigin&gt;-91532100&lt;/YOrigin&gt;&lt;XYScale&gt;36727036.750856541&lt;/XYScale&gt;&lt;ZOrigin&gt;-100000&lt;/ZOrigin&gt;&lt;ZScale&gt;10000&lt;/ZScale&gt;&lt;MOrigin&gt;-100000&lt;/MOrigin&gt;&lt;MScale&gt;10000&lt;/MScale&gt;&lt;XYTolerance&gt;0.0032808333333333335&lt;/XYTolerance&gt;&lt;ZTolerance&gt;0.001&lt;/ZTolerance&gt;&lt;MTolerance&gt;0.001&lt;/MTolerance&gt;&lt;HighPrecision&gt;true&lt;/HighPrecision&gt;&lt;WKID&gt;2284&lt;/WKID&gt;&lt;/ProjectedCoordinateSystem&gt;</peXml></coordRef></DataProperties></Esri><idinfo><citation><citeinfo><onlink Sync="TRUE">\\GIS-SCC1\C$\TEMP\GIS_DataDownload_Staging_Planimetric\GDB\Planimetric.gdb</onlink><origin>REQUIRED: The name of an organization or individual that developed the data set.</origin><pubdate>REQUIRED: The date when the data set is published or otherwise made available for release.</pubdate><title Sync="TRUE">Parking_Paved</title><ftname Sync="TRUE">Parking_Paved</ftname><geoform Sync="TRUE">vector digital data</geoform></citeinfo></citation><native Sync="TRUE">Microsoft Windows 2000 Version 5.2 (Build 3790) Service Pack 2; ESRI ArcCatalog 9.3.1.4000</native><descript><langdata Sync="TRUE">en</langdata><abstract>Outline and location of parking lots and areas. Subtypes include lot paved, lot unpaved, and lot unknown. </abstract><purpose>The purpose of this data set is to show outline and location of parking lots and areas.</purpose></descript><timeperd><current>REQUIRED: The basis on which the time period of content information is determined.</current><timeinfo><sngdate><caldate>REQUIRED: The year (and optionally month, or month and day) for which the data set corresponds to the ground.</caldate></sngdate></timeinfo></timeperd><status><progress>REQUIRED: The state of the data set.</progress><update>REQUIRED: The frequency with which changes and additions are made to the data set after the initial data set is completed.</update></status><spdom><bounding><westbc Sync="TRUE">-79.272529</westbc><eastbc Sync="TRUE">-79.089127</eastbc><northbc Sync="TRUE">37.493887</northbc><southbc Sync="TRUE">37.306390</southbc></bounding><lboundng><leftbc Sync="TRUE">11258791.650000</leftbc><rightbc Sync="TRUE">11311577.969500</rightbc><bottombc Sync="TRUE">3636027.439000</bottombc><topbc Sync="TRUE">3703917.092000</topbc></lboundng></spdom><keywords><theme><themekt>REQUIRED: Reference to a formally registered thesaurus or a similar authoritative source of theme keywords.</themekt><themekey>Parking</themekey></theme></keywords><accconst>Users of this data agree to the use constraints described in this metadata document.</accconst><useconst>Pursuant to Section 54.1-402, paragraph C of the Code of Virginia, which is quoted below, this data may not be used for purposes listed in said paragraph C, since the data was not created, nor is it maintained under the supervision of a licensed land surveyor.</useconst><natvform Sync="TRUE">File Geodatabase Feature Class</natvform></idinfo><distInfo><distributor><distorTran><onLineSrc><linkage Sync="TRUE">file://\\GIS-SCC1\C$\TEMP\GIS_DataDownload_Staging_Planimetric\GDB\Planimetric.gdb</linkage><protocol Sync="TRUE">Local Area Network</protocol><orDesc Sync="TRUE">002</orDesc></onLineSrc></distorTran><distorFormat><formatName Sync="TRUE">File Geodatabase Feature Class</formatName></distorFormat></distributor><distFormat><formatName Sync="TRUE">Shapefile</formatName></distFormat><distTranOps><transSize Sync="TRUE">0.000</transSize></distTranOps></distInfo><dataqual><lineage><procstep><procdesc Sync="TRUE">Dataset copied.</procdesc><srcused Sync="TRUE">\\LYNCHBURG\C$\Lynchburg\HydroImp\Impervious_Dev.gdb</srcused><procdate Sync="TRUE">20090819</procdate><proctime Sync="TRUE">13121100</proctime></procstep><procstep><procdesc Sync="TRUE">Dataset copied.</procdesc><srcused Sync="TRUE">\\LYNCHBURG\C$\Lynchburg\HydroImp\New Personal Geodatabase.mdb</srcused><procdate Sync="TRUE">20090819</procdate><proctime Sync="TRUE">13175000</proctime></procstep><procstep><procdesc Sync="TRUE">Dataset copied.</procdesc><srcused Sync="TRUE">Server=wiggum_sqlexpress; Service=sde:sqlserver:wiggum\sqlexpress; Database=Lynchburg_ImpSurf; Version=dbo.DEFAULT</srcused><procdate Sync="TRUE">20090921</procdate><proctime Sync="TRUE">15575600</proctime></procstep><procstep><procdesc Sync="TRUE">Dataset copied.</procdesc><srcused Sync="TRUE">\\LYNCHBURG\C$\Lynchburg\Impervious_Dev.gdb</srcused><procdate Sync="TRUE">20091214</procdate><proctime Sync="TRUE">15333300</proctime></procstep><procstep><procdesc Sync="TRUE">Dataset copied.</procdesc><srcused Sync="TRUE">\\LYNCHBURG\C$\Lynchburg\Impervious_Dev.gdb</srcused><procdate Sync="TRUE">20091214</procdate><proctime Sync="TRUE">15400100</proctime></procstep><procstep><procdesc Sync="TRUE">Dataset copied.</procdesc><srcused Sync="TRUE">\\tempest\Shared\GIS\Remediation Projects\ImperviousSurface\Final\Planimetric.mdb</srcused><procdate Sync="TRUE">20100114</procdate><proctime Sync="TRUE">07042400</proctime></procstep></lineage></dataqual><dataIdInfo><envirDesc Sync="TRUE">Microsoft Windows 7 Version 6.1 (Build 7601) Service Pack 1; ESRI ArcGIS 10.0.5.4400</envirDesc><dataLang><languageCode Sync="TRUE" value="eng"></languageCode><countryCode value="USA" Sync="TRUE"></countryCode></dataLang><idCitation><resTitle Sync="TRUE">Parking_Paved</resTitle><presForm><PresFormCd Sync="TRUE" value="005"></PresFormCd></presForm></idCitation><spatRpType><SpatRepTypCd Sync="TRUE" value="001"></SpatRepTypCd></spatRpType><dataExt><geoEle><GeoBndBox esriExtentType="native"><westBL Sync="TRUE">11258791.65</westBL><eastBL Sync="TRUE">11311577.9695</eastBL><northBL Sync="TRUE">3703917.092</northBL><southBL Sync="TRUE">3636027.439</southBL><exTypeCode Sync="TRUE">1</exTypeCode></GeoBndBox></geoEle></dataExt><geoBox esriExtentType="decdegrees"><westBL Sync="TRUE">-79.272529</westBL><eastBL Sync="TRUE">-79.089127</eastBL><northBL Sync="TRUE">37.493887</northBL><southBL Sync="TRUE">37.30639</southBL><exTypeCode Sync="TRUE">1</exTypeCode></geoBox></dataIdInfo><metainfo><langmeta Sync="TRUE">en</langmeta><metstdn Sync="TRUE">FGDC Content Standards for Digital Geospatial Metadata</metstdn><metstdv Sync="TRUE">FGDC-STD-001-1998</metstdv><mettc Sync="TRUE">local time</mettc><metc><cntinfo><cntorgp><cntper>REQUIRED: The person responsible for the metadata information.</cntper><cntorg>REQUIRED: The organization responsible for the metadata information.</cntorg></cntorgp><cntaddr><addrtype>REQUIRED: The mailing and/or physical address for the organization or individual.</addrtype><city>REQUIRED: The city of the address.</city><state>REQUIRED: The state or province of the address.</state><postal>REQUIRED: The ZIP or other postal code of the address.</postal></cntaddr><cntvoice>REQUIRED: The telephone number by which individuals can speak to the organization or individual.</cntvoice></cntinfo></metc><metd Sync="TRUE">20111207</metd></metainfo><mdLang><languageCode Sync="TRUE" value="eng"></languageCode><countryCode value="USA" Sync="TRUE"></countryCode></mdLang><mdStanName Sync="TRUE">ISO 19115 Geographic Information - Metadata</mdStanName><mdStanVer Sync="TRUE">DIS_ESRI1.0</mdStanVer><mdChar><CharSetCd Sync="TRUE" value="004"></CharSetCd></mdChar><mdHrLv><ScopeCd Sync="TRUE" value="005"></ScopeCd></mdHrLv><mdHrLvName Sync="TRUE">dataset</mdHrLvName><distinfo><resdesc Sync="TRUE">Downloadable Data</resdesc></distinfo><spdoinfo><direct Sync="TRUE">Vector</direct><ptvctinf><esriterm><efeatyp Sync="TRUE">Simple</efeatyp><efeageom code="4" Sync="TRUE"></efeageom><esritopo Sync="TRUE">FALSE</esritopo><efeacnt Sync="TRUE">0</efeacnt><spindex Sync="TRUE">FALSE</spindex><linrefer Sync="TRUE">FALSE</linrefer></esriterm></ptvctinf></spdoinfo><spref><horizsys><cordsysn><geogcsn Sync="TRUE">GCS_North_American_1983</geogcsn><projcsn Sync="TRUE">NAD_1983_StatePlane_Virginia_South_FIPS_4502_Feet</projcsn></cordsysn><planar><planci><plance Sync="TRUE">coordinate pair</plance><plandu Sync="TRUE">survey feet</plandu><coordrep><absres Sync="TRUE">0.000500</absres><ordres Sync="TRUE">0.000500</ordres></coordrep></planci></planar><geodetic><horizdn Sync="TRUE">North American Datum of 1983</horizdn><ellips Sync="TRUE">Geodetic Reference System 80</ellips><semiaxis Sync="TRUE">6378137.000000</semiaxis><denflat Sync="TRUE">298.257222</denflat></geodetic></horizsys><vertdef><altsys><altenc Sync="TRUE">Explicit elevation coordinate included with horizontal coordinates</altenc><altres Sync="TRUE">1.000000</altres></altsys></vertdef></spref><refSysInfo><RefSystem><refSysID><identCode Sync="TRUE" value="2284">NAD_1983_StatePlane_Virginia_South_FIPS_4502_Feet</identCode><idCodeSpace Sync="TRUE">EPSG</idCodeSpace><idVersion Sync="TRUE">7.4.1</idVersion></refSysID></RefSystem></refSysInfo><spatRepInfo><VectSpatRep><geometObjs Name="Parking_Paved"><geoObjTyp><GeoObjTypCd value="002" Sync="TRUE"></GeoObjTypCd></geoObjTyp><geoObjCnt Sync="TRUE">0</geoObjCnt></geometObjs><topLvl><TopoLevCd value="001" Sync="TRUE"></TopoLevCd></topLvl></VectSpatRep></spatRepInfo><eainfo><detailed Name="Parking_Paved"><enttyp><enttypl Sync="TRUE">Parking_Paved</enttypl><enttypt Sync="TRUE">Feature Class</enttypt><enttypc Sync="TRUE">0</enttypc></enttyp><attr><attrlabl Sync="TRUE">SHAPE</attrlabl><attalias Sync="TRUE">Shape</attalias><attrtype Sync="TRUE">Geometry</attrtype><attwidth Sync="TRUE">0</attwidth><atprecis Sync="TRUE">0</atprecis><attscale Sync="TRUE">0</attscale><attrdef Sync="TRUE">Feature geometry.</attrdef><attrdefs Sync="TRUE">ESRI</attrdefs><attrdomv><udom Sync="TRUE">Coordinates defining the features.</udom></attrdomv></attr><subtype><stname Sync="TRUE">Lot Paved</stname><stcode Sync="TRUE">1</stcode><stfield><stfldnm Sync="TRUE">Subtype</stfldnm><stflddv Sync="TRUE">1</stflddv></stfield></subtype><subtype><stname Sync="TRUE">Lot Unpaved</stname><stcode Sync="TRUE">2</stcode><stfield><stfldnm Sync="TRUE">Subtype</stfldnm><stflddv Sync="TRUE">1</stflddv></stfield></subtype><attr><attrlabl Sync="TRUE">FID</attrlabl><attalias Sync="TRUE">FID</attalias><attrtype Sync="TRUE">OID</attrtype><attwidth Sync="TRUE">4</attwidth><atprecis Sync="TRUE">0</atprecis><attscale Sync="TRUE">0</attscale><attrdef Sync="TRUE">Internal feature number.</attrdef><attrdefs Sync="TRUE">ESRI</attrdefs><attrdomv><udom Sync="TRUE">Sequential unique whole numbers that are automatically generated.</udom></attrdomv></attr><subtype><stname Sync="TRUE">Lot Unknown</stname><stcode Sync="TRUE">3</stcode><stfield><stfldnm Sync="TRUE">Subtype</stfldnm><stflddv Sync="TRUE">1</stflddv></stfield></subtype><attr><attrlabl Sync="TRUE">Shape_Leng</attrlabl><attalias Sync="TRUE">Shape_Leng</attalias><attrtype Sync="TRUE">Double</attrtype><attwidth Sync="TRUE">19</attwidth><atprecis Sync="TRUE">0</atprecis><attscale Sync="TRUE">0</attscale></attr><attr><attrlabl Sync="TRUE">Shape_Area</attrlabl><attalias Sync="TRUE">Shape_Area</attalias><attrtype Sync="TRUE">Double</attrtype><attwidth Sync="TRUE">19</attwidth><atprecis Sync="TRUE">0</atprecis><attscale Sync="TRUE">0</attscale><attrdef Sync="TRUE">Area of feature in internal units squared.</attrdef><attrdefs Sync="TRUE">ESRI</attrdefs><attrdomv><udom Sync="TRUE">Positive real numbers that are automatically generated.</udom></attrdomv></attr></detailed></eainfo><mdDateSt Sync="TRUE">20140404</mdDateSt></metadata>
