<?xml version="1.0" encoding="ISO-8859-1"?>
<metadata>
<NPS_Info>
<MetaPurp>CSDGM</MetaPurp>
<MetaPurp>NPS</MetaPurp>
<MetaPurp>OnlineData</MetaPurp>
<MetaPurp>IMInventory</MetaPurp>
<NPS_Unit>
<UnitType>Park</UnitType>
<UnitCode>WOTR</UnitCode>
</NPS_Unit>
<NPS_Unit>
<UnitType>Office</UnitType>
<UnitCode>GRD</UnitCode>
</NPS_Unit>
<DSC_Info>
<Cat_Date>
<sngdate>
<caldate>20100716</caldate>
</sngdate>
</Cat_Date>
</DSC_Info>
<DatStore>
<DSteward>
<cntinfo>
<cntperp>
<cntper>Stephanie O&apos;Meara</cntper>
<cntorg>Colorado State University</cntorg>
</cntperp>
<cntpos>Research Associate, Geologist/GIS Specialist/Data Manager</cntpos>
<cntaddr>
<addrtype>mailing and physical address</addrtype>
<address>1201 Oak Ridge Drive, Suite 200</address>
<city>Fort Collins</city>
<state>Colorado</state>
<postal>80525</postal>
<country>USA</country>
</cntaddr>
<cntvoice>(970) 491-6655</cntvoice>
<cntfax>(970) 225-3597</cntfax>
<cntemail>stephanie_omeara@colostate.edu</cntemail>
<hours>9:00 a.m. to 5:00 p.m. (MST), Monday - Friday</hours>
</cntinfo>
</DSteward>
<Category>Geology</Category>
<DataSite>NR-GIS</DataSite>
</DatStore>
</NPS_Info>
<idinfo>
<citation>
<citeinfo>
<origin>National Park Service (NPS) Geologic Resources Inventory (GRI) program</origin>
<pubdate>20100716</pubdate>
<title>Digital Surficial Contacts of Wolf Trap National Park for the Performing Arts and Vicinity, Virginia (NPS, GRD, GRI, WOTR, WOTR digital map)</title>
<edition>1st</edition>
<geoform>vector digital data</geoform>
<lworkcit>
<citeinfo>
<origin>National Park Service (NPS) Geologic Resources Inventory (GRI) program</origin>
<pubdate>20100716</pubdate>
<title>Digital Geologic Map of Wolf Trap National Park for the Performing Arts and Vicinity, Virginia</title>
<edition>1st</edition>
<geoform>map</geoform>
<onlink>http://nrdata.nps.gov/wotr/nrdata/geology/gis/wotr_metadata.xml</onlink>
<onlink>http://nrdata.nps.gov/wotr/nrdata/geology/gis/wotrgdb.zip</onlink>
<onlink>http://nrdata.nps.gov/wotr/nrdata/geology/gis/wotrshp.zip</onlink>
</citeinfo>
</lworkcit>
</citeinfo>
</citation>
<descript>
<abstract>The Digital Surficial Contacts of Wolf Trap National Park for the Performing Arts and Vicinity, Virginia consists of GIS data.  Please see the GRI digital map metadata record (wotr_metadata.txt) for additional information.  The data were completed as a component of the Geologic Resources Inventory (GRI) program, a National Park Service (NPS) Inventory and Monitoring (I&amp;M) funded program that is administered by the NPS Geologic Resources Division (GRD).  The data were captured, grouped and attributed as per the NPS GRI Geology-GIS Geodatabase Data Model v. 2.1. (available at: http://science.nature.nps.gov/im/inventory/geology/GeologyGISDataModel.cfm). The data is within the area of interest of Wolf Trap National Park for the Performing Arts.</abstract>
<purpose>The data are intended to assist NPS personnel in the protection and management of Wolf Trap National Park for the Performing Arts.</purpose>
<supplinf>This dataset is just one component of the WOTR digital map.  Please see the GRI digital map metadata record (wotr_metadata.txt) for additional information.</supplinf>
</descript>
<timeperd>
<timeinfo>
<sngdate>
<caldate>20100716</caldate>
</sngdate>
</timeinfo>
<current>ground condition</current>
</timeperd>
<status>
<progress>Complete</progress>
<update>None planned</update>
</status>
<spdom>
<bounding>
<westbc>-77.2727323299472</westbc>
<eastbc>-77.260754941972</eastbc>
<northbc>38.9427678360367</northbc>
<southbc>38.9333202638028</southbc>
</bounding>
</spdom>
<keywords>
<theme>
<themekt>none</themekt>
<themekey>Wolf Trap National Park for the Performing Arts</themekey>
<themekey>WOTR</themekey>
<themekey>digital data</themekey>
<themekey>GIS data</themekey>
<themekey>digital geologic map</themekey>
<themekey>geologic map</themekey>
<themekey>geology</themekey>
<themekey>National Park Service</themekey>
<themekey>NPS</themekey>
<themekey>Geologic Resources Division</themekey>
<themekey>GRD</themekey>
<themekey>Geologic Resources Inventory</themekey>
<themekey>GRI</themekey>
<themekey>Geologic Resource Evaluation</themekey>
<themekey>GRE</themekey>
</theme>
<place>
<placekt>none</placekt>
<placekey>Wolf Trap National Park for the Performing Arts</placekey>
<placekey>WOTR</placekey>
<placekey>Virginia</placekey>
<placekey>United States</placekey>
<placekey>US</placekey>
<placekey>USA</placekey>
<placekey>North America</placekey>
</place>
<place>
<placekt>National Park System Unit Code Thesaurus</placekt>
<placekey>WOTR</placekey>
<placekey>GRD</placekey>
</place>
<place>
<placekt>National Park System Unit Name Thesaurus</placekt>
<placekey>Wolf Trap National Park for the Performing Arts</placekey>
<placekey>Geologic Resources Division</placekey>
</place>
<theme>
<themekt>National Park Service Theme Category Thesaurus</themekt>
<themekey>Geology</themekey>
</theme>
<theme>
<themekt>ISO 19115 Topic Category</themekt>
<themekey>Environment</themekey>
<themekey>Geoscientific Information</themekey>
</theme>
</keywords>
<accconst>None</accconst>
<useconst>Not for use at scale greater than the source map scale (see wotr_metadata.txt)</useconst>
<ptcontac>
<cntinfo>
<cntperp>
<cntper>Stephanie O&apos;Meara</cntper>
<cntorg>Colorado State University</cntorg>
</cntperp>
<cntpos>Research Associate, Geologist/GIS Specialist</cntpos>
<cntaddr>
<addrtype>mailing and physical address</addrtype>
<address>1201 Oak Ridge Drive, Suite 200</address>
<city>Fort Collins</city>
<state>Colorado</state>
<postal>80525</postal>
<country>USA</country>
</cntaddr>
<cntvoice>(970) 491-6655</cntvoice>
<cntfax>(970) 225-3597</cntfax>
<cntemail>stephanie_omeara@colostate.edu</cntemail>
<hours>9:00 a.m. to 5:00 p.m. (MST), Monday - Friday</hours>
</cntinfo>
</ptcontac>
<datacred>Source data producers and NPS GRI Program</datacred>
<native>ESRI ArcGIS 9.3 and Microsoft Windows XP</native>
<crossref>
<citeinfo>
<origin>National Park Service Geologic Resources Inventory (GRI) program</origin>
<pubdate>20100716</pubdate>
<title>Metadata for the Digital Geologic Map of Wolf Trap National Park for the Performing Arts and Vicinity, Virginia (NPS, GRD, GRI, WOTR, WOTR digital map)</title>
<edition>1st</edition>
<geoform>document</geoform>
<onlink>http://nrdata.nps.gov/wotr/nrdata/geology/gis/wotr_metadata.xml</onlink>
</citeinfo>
</crossref>
</idinfo>
<metainfo>
<metd>20100716</metd>
<metc>
<cntinfo>
<cntperp>
<cntper>Stephanie O&apos;Meara</cntper>
<cntorg>Colorado State University</cntorg>
</cntperp>
<cntpos>Research Associate, Geologist/GIS Specialist/Data Manager</cntpos>
<cntaddr>
<addrtype>mailing and physical address</addrtype>
<address>1201 Oak Ridge Drive, Suite 200</address>
<city>Fort Collins</city>
<state>Colorado</state>
<postal>80525-5589</postal>
<country>USA</country>
</cntaddr>
<cntvoice>(970) 491-6655</cntvoice>
<cntfax>(970) 225-3597</cntfax>
<cntemail>stephanie.omeara@colostate.edu</cntemail>
<hours>9:00 a.m. to 5:00 p.m. (MST), Monday - Friday</hours>
</cntinfo>
</metc>
<metstdn>FGDC Content Standards for Digital Geospatial Metadata</metstdn>
<metstdv>FGDC-STD-001-1998</metstdv>
<mettc>local time</mettc>
<metac>None</metac>
<metuc>None</metuc>
<metextns>
<onlink>http://www.fgdc.gov/metadata/meta_stand.html</onlink>
<metprof>FGDC Geospatial Metadata Standards</metprof>
</metextns>
<metextns>
<onlink>http://nrdata.nps.gov/profiles/nps_profile.xml</onlink>
<metprof>NPS NR and GIS Metadata Profile</metprof>
</metextns>
</metainfo>
</metadata>
