<?xml version="1.0"?>
<!--<!DOCTYPE metadata SYSTEM "http://www.esri.com/metadata/esriprof80.dtd">-->
<metadata xml:lang="en"><Esri><CreaDate>20130812</CreaDate><CreaTime>21085500</CreaTime><SyncOnce>FALSE</SyncOnce><SyncDate>20130812</SyncDate><SyncTime>20522300</SyncTime><ModDate>20130812</ModDate><ModTime>20522300</ModTime><DataProperties><lineage><Process ToolSource="C:\Program Files (x86)\ArcGIS\ArcToolbox\Toolboxes\Conversion Tools.tbx\FeatureClassToFeatureClass" Date="20130812" Time="205242">FeatureClassToFeatureClass C:\WebUpdates\waynesboro\waynesboro_append.gdb\Parcels "Database Servers\VMPROD1_SQLEXPRESS.gds\Waynesboro (VERSION:dbo.DEFAULT)" Parcels_new # "MRECNO 'MRECNO' true true false 8 Double 0 0 ,First,#,C:\WebUpdates\waynesboro\waynesboro_append.gdb\Parcels,MRECNO,-1,-1;MMAP 'MMAP' true true false 20 Text 0 0 ,First,#,C:\WebUpdates\waynesboro\waynesboro_append.gdb\Parcels,MMAP,-1,-1;LotNumber 'LotNumber' true true false 6 Text 0 0 ,First,#,C:\WebUpdates\waynesboro\waynesboro_append.gdb\Parcels,LotNumber,-1,-1;MAP_LINK 'MAP_LINK' true true false 50 Text 0 0 ,First,#,C:\WebUpdates\waynesboro\waynesboro_append.gdb\Parcels,MAP_LINK,-1,-1;CAMA_LINK 'CAMA_LINK' true true false 50 Text 0 0 ,First,#,C:\WebUpdates\waynesboro\waynesboro_append.gdb\Parcels,CAMA_LINK,-1,-1;MRECID 'MRECID' true true false 255 Text 0 0 ,First,#,C:\WebUpdates\waynesboro\waynesboro_append.gdb\Parcels,MRECID,-1,-1;MDWELL 'MDWELL' true true false 8 Double 0 0 ,First,#,C:\WebUpdates\waynesboro\waynesboro_append.gdb\Parcels,MDWELL,-1,-1;MLNAM 'MLNAM' true true false 255 Text 0 0 ,First,#,C:\WebUpdates\waynesboro\waynesboro_append.gdb\Parcels,MLNAM,-1,-1;MFNAM 'MFNAM' true true false 255 Text 0 0 ,First,#,C:\WebUpdates\waynesboro\waynesboro_append.gdb\Parcels,MFNAM,-1,-1;MADD1 'MADD1' true true false 255 Text 0 0 ,First,#,C:\WebUpdates\waynesboro\waynesboro_append.gdb\Parcels,MADD1,-1,-1;MADD2 'MADD2' true true false 255 Text 0 0 ,First,#,C:\WebUpdates\waynesboro\waynesboro_append.gdb\Parcels,MADD2,-1,-1;MCITY 'MCITY' true true false 255 Text 0 0 ,First,#,C:\WebUpdates\waynesboro\waynesboro_append.gdb\Parcels,MCITY,-1,-1;MSTATE 'MSTATE' true true false 255 Text 0 0 ,First,#,C:\WebUpdates\waynesboro\waynesboro_append.gdb\Parcels,MSTATE,-1,-1;MZIP5 'MZIP5' true true false 8 Double 0 0 ,First,#,C:\WebUpdates\waynesboro\waynesboro_append.gdb\Parcels,MZIP5,-1,-1;MZIP4 'MZIP4' true true false 255 Text 0 0 ,First,#,C:\WebUpdates\waynesboro\waynesboro_append.gdb\Parcels,MZIP4,-1,-1;MACRE 'MACRE' true true false 255 Text 0 0 ,First,#,C:\WebUpdates\waynesboro\waynesboro_append.gdb\Parcels,MACRE,-1,-1;MZONE 'MZONE' true true false 255 Text 0 0 ,First,#,C:\WebUpdates\waynesboro\waynesboro_append.gdb\Parcels,MZONE,-1,-1;MLUSE 'MLUSE' true true false 255 Text 0 0 ,First,#,C:\WebUpdates\waynesboro\waynesboro_append.gdb\Parcels,MLUSE,-1,-1;MOCCUP 'MOCCUP' true true false 8 Double 0 0 ,First,#,C:\WebUpdates\waynesboro\waynesboro_append.gdb\Parcels,MOCCUP,-1,-1;MSTORY 'MSTORY' true true false 255 Text 0 0 ,First,#,C:\WebUpdates\waynesboro\waynesboro_append.gdb\Parcels,MSTORY,-1,-1;MAGE 'MAGE' true true false 8 Double 0 0 ,First,#,C:\WebUpdates\waynesboro\waynesboro_append.gdb\Parcels,MAGE,-1,-1;MCOND 'MCOND' true true false 255 Text 0 0 ,First,#,C:\WebUpdates\waynesboro\waynesboro_append.gdb\Parcels,MCOND,-1,-1;MCLASS 'MCLASS' true true false 255 Text 0 0 ,First,#,C:\WebUpdates\waynesboro\waynesboro_append.gdb\Parcels,MCLASS,-1,-1;MFACTR 'MFACTR' true true false 8 Double 0 0 ,First,#,C:\WebUpdates\waynesboro\waynesboro_append.gdb\Parcels,MFACTR,-1,-1;MDEPRC 'MDEPRC' true true false 8 Double 0 0 ,First,#,C:\WebUpdates\waynesboro\waynesboro_append.gdb\Parcels,MDEPRC,-1,-1;MFOUND 'MFOUND' true true false 8 Double 0 0 ,First,#,C:\WebUpdates\waynesboro\waynesboro_append.gdb\Parcels,MFOUND,-1,-1;MEXWLL 'MEXWLL' true true false 8 Double 0 0 ,First,#,C:\WebUpdates\waynesboro\waynesboro_append.gdb\Parcels,MEXWLL,-1,-1;MROOFT 'MROOFT' true true false 8 Double 0 0 ,First,#,C:\WebUpdates\waynesboro\waynesboro_append.gdb\Parcels,MROOFT,-1,-1;MROOFG 'MROOFG' true true false 8 Double 0 0 ,First,#,C:\WebUpdates\waynesboro\waynesboro_append.gdb\Parcels,MROOFG,-1,-1;M_DUNT 'M_DUNT' true true false 8 Double 0 0 ,First,#,C:\WebUpdates\waynesboro\waynesboro_append.gdb\Parcels,M_DUNT,-1,-1;M_ROOM 'M_ROOM' true true false 8 Double 0 0 ,First,#,C:\WebUpdates\waynesboro\waynesboro_append.gdb\Parcels,M_ROOM,-1,-1;M_BR 'M_BR' true true false 8 Double 0 0 ,First,#,C:\WebUpdates\waynesboro\waynesboro_append.gdb\Parcels,M_BR,-1,-1;M_FBTH 'M_FBTH' true true false 8 Double 0 0 ,First,#,C:\WebUpdates\waynesboro\waynesboro_append.gdb\Parcels,M_FBTH,-1,-1;M_HBTH 'M_HBTH' true true false 8 Double 0 0 ,First,#,C:\WebUpdates\waynesboro\waynesboro_append.gdb\Parcels,M_HBTH,-1,-1;MFP2 'MFP2' true true false 255 Text 0 0 ,First,#,C:\WebUpdates\waynesboro\waynesboro_append.gdb\Parcels,MFP2,-1,-1;MLTRCD 'MLTRCD' true true false 255 Text 0 0 ,First,#,C:\WebUpdates\waynesboro\waynesboro_append.gdb\Parcels,MLTRCD,-1,-1;MHEAT 'MHEAT' true true false 8 Double 0 0 ,First,#,C:\WebUpdates\waynesboro\waynesboro_append.gdb\Parcels,MHEAT,-1,-1;MFUEL 'MFUEL' true true false 8 Double 0 0 ,First,#,C:\WebUpdates\waynesboro\waynesboro_append.gdb\Parcels,MFUEL,-1,-1;MAC 'MAC' true true false 255 Text 0 0 ,First,#,C:\WebUpdates\waynesboro\waynesboro_append.gdb\Parcels,MAC,-1,-1;MFP1 'MFP1' true true false 255 Text 0 0 ,First,#,C:\WebUpdates\waynesboro\waynesboro_append.gdb\Parcels,MFP1,-1,-1;MCDR 'MCDR' true true false 255 Text 0 0 ,First,#,C:\WebUpdates\waynesboro\waynesboro_append.gdb\Parcels,MCDR,-1,-1;MEKIT 'MEKIT' true true false 8 Double 0 0 ,First,#,C:\WebUpdates\waynesboro\waynesboro_append.gdb\Parcels,MEKIT,-1,-1;MBASTP 'MBASTP' true true false 8 Double 0 0 ,First,#,C:\WebUpdates\waynesboro\waynesboro_append.gdb\Parcels,MBASTP,-1,-1;MPBTOT 'MPBTOT' true true false 8 Double 0 0 ,First,#,C:\WebUpdates\waynesboro\waynesboro_append.gdb\Parcels,MPBTOT,-1,-1;MSBTOT 'MSBTOT' true true false 8 Double 0 0 ,First,#,C:\WebUpdates\waynesboro\waynesboro_append.gdb\Parcels,MSBTOT,-1,-1;MPBFIN 'MPBFIN' true true false 8 Double 0 0 ,First,#,C:\WebUpdates\waynesboro\waynesboro_append.gdb\Parcels,MPBFIN,-1,-1;MSBFIN 'MSBFIN' true true false 8 Double 0 0 ,First,#,C:\WebUpdates\waynesboro\waynesboro_append.gdb\Parcels,MSBFIN,-1,-1;MBRATE 'MBRATE' true true false 8 Double 0 0 ,First,#,C:\WebUpdates\waynesboro\waynesboro_append.gdb\Parcels,MBRATE,-1,-1;M_FLUE 'M_FLUE' true true false 8 Double 0 0 ,First,#,C:\WebUpdates\waynesboro\waynesboro_append.gdb\Parcels,M_FLUE,-1,-1;MFLUTP 'MFLUTP' true true false 255 Text 0 0 ,First,#,C:\WebUpdates\waynesboro\waynesboro_append.gdb\Parcels,MFLUTP,-1,-1;MGART 'MGART' true true false 8 Double 0 0 ,First,#,C:\WebUpdates\waynesboro\waynesboro_append.gdb\Parcels,MGART,-1,-1;MGAR_C 'MGAR_C' true true false 8 Double 0 0 ,First,#,C:\WebUpdates\waynesboro\waynesboro_append.gdb\Parcels,MGAR_C,-1,-1;MCARPT 'MCARPT' true true false 8 Double 0 0 ,First,#,C:\WebUpdates\waynesboro\waynesboro_append.gdb\Parcels,MCARPT,-1,-1;MCAR_C 'MCAR_C' true true false 8 Double 0 0 ,First,#,C:\WebUpdates\waynesboro\waynesboro_append.gdb\Parcels,MCAR_C,-1,-1;MBI_C 'MBI_C' true true false 8 Double 0 0 ,First,#,C:\WebUpdates\waynesboro\waynesboro_append.gdb\Parcels,MBI_C,-1,-1;MROW 'MROW' true true false 8 Double 0 0 ,First,#,C:\WebUpdates\waynesboro\waynesboro_append.gdb\Parcels,MROW,-1,-1;MEASE 'MEASE' true true false 8 Double 0 0 ,First,#,C:\WebUpdates\waynesboro\waynesboro_append.gdb\Parcels,MEASE,-1,-1;MWATER 'MWATER' true true false 8 Double 0 0 ,First,#,C:\WebUpdates\waynesboro\waynesboro_append.gdb\Parcels,MWATER,-1,-1;MSEWER 'MSEWER' true true false 8 Double 0 0 ,First,#,C:\WebUpdates\waynesboro\waynesboro_append.gdb\Parcels,MSEWER,-1,-1;MGAS 'MGAS' true true false 255 Text 0 0 ,First,#,C:\WebUpdates\waynesboro\waynesboro_append.gdb\Parcels,MGAS,-1,-1;MELEC 'MELEC' true true false 255 Text 0 0 ,First,#,C:\WebUpdates\waynesboro\waynesboro_append.gdb\Parcels,MELEC,-1,-1;MTERRN 'MTERRN' true true false 8 Double 0 0 ,First,#,C:\WebUpdates\waynesboro\waynesboro_append.gdb\Parcels,MTERRN,-1,-1;MCHAR 'MCHAR' true true false 8 Double 0 0 ,First,#,C:\WebUpdates\waynesboro\waynesboro_append.gdb\Parcels,MCHAR,-1,-1;MOTDES 'MOTDES' true true false 255 Text 0 0 ,First,#,C:\WebUpdates\waynesboro\waynesboro_append.gdb\Parcels,MOTDES,-1,-1;MGART2 'MGART2' true true false 8 Double 0 0 ,First,#,C:\WebUpdates\waynesboro\waynesboro_append.gdb\Parcels,MGART2,-1,-1;MGAR_2 'MGAR_2' true true false 8 Double 0 0 ,First,#,C:\WebUpdates\waynesboro\waynesboro_append.gdb\Parcels,MGAR_2,-1,-1;MDATLG 'MDATLG' true true false 8 Double 0 0 ,First,#,C:\WebUpdates\waynesboro\waynesboro_append.gdb\Parcels,MDATLG,-1,-1;MDATPR 'MDATPR' true true false 8 Double 0 0 ,First,#,C:\WebUpdates\waynesboro\waynesboro_append.gdb\Parcels,MDATPR,-1,-1;MINTYP 'MINTYP' true true false 255 Text 0 0 ,First,#,C:\WebUpdates\waynesboro\waynesboro_append.gdb\Parcels,MINTYP,-1,-1;MINTYR 'MINTYR' true true false 8 Double 0 0 ,First,#,C:\WebUpdates\waynesboro\waynesboro_append.gdb\Parcels,MINTYR,-1,-1;MINNO_ 'MINNO_' true true false 8 Double 0 0 ,First,#,C:\WebUpdates\waynesboro\waynesboro_append.gdb\Parcels,MINNO_,-1,-1;MINNO2 'MINNO2' true true false 8 Double 0 0 ,First,#,C:\WebUpdates\waynesboro\waynesboro_append.gdb\Parcels,MINNO2,-1,-1;MDSUFX 'MDSUFX' true true false 255 Text 0 0 ,First,#,C:\WebUpdates\waynesboro\waynesboro_append.gdb\Parcels,MDSUFX,-1,-1;MWSUFX 'MWSUFX' true true false 255 Text 0 0 ,First,#,C:\WebUpdates\waynesboro\waynesboro_append.gdb\Parcels,MWSUFX,-1,-1;MPSUFX 'MPSUFX' true true false 255 Text 0 0 ,First,#,C:\WebUpdates\waynesboro\waynesboro_append.gdb\Parcels,MPSUFX,-1,-1;MIMPRV 'MIMPRV' true true false 8 Double 0 0 ,First,#,C:\WebUpdates\waynesboro\waynesboro_append.gdb\Parcels,MIMPRV,-1,-1;MTOTLD 'MTOTLD' true true false 8 Double 0 0 ,First,#,C:\WebUpdates\waynesboro\waynesboro_append.gdb\Parcels,MTOTLD,-1,-1;MTOTOI 'MTOTOI' true true false 8 Double 0 0 ,First,#,C:\WebUpdates\waynesboro\waynesboro_append.gdb\Parcels,MTOTOI,-1,-1;MTOTPR 'MTOTPR' true true false 8 Double 0 0 ,First,#,C:\WebUpdates\waynesboro\waynesboro_append.gdb\Parcels,MTOTPR,-1,-1;MASSB 'MASSB' true true false 8 Double 0 0 ,First,#,C:\WebUpdates\waynesboro\waynesboro_append.gdb\Parcels,MASSB,-1,-1;MACPCT 'MACPCT' true true false 8 Double 0 0 ,First,#,C:\WebUpdates\waynesboro\waynesboro_append.gdb\Parcels,MACPCT,-1,-1;M1FRNT 'M1FRNT' true true false 8 Double 0 0 ,First,#,C:\WebUpdates\waynesboro\waynesboro_append.gdb\Parcels,M1FRNT,-1,-1;M1DPTH 'M1DPTH' true true false 8 Double 0 0 ,First,#,C:\WebUpdates\waynesboro\waynesboro_append.gdb\Parcels,M1DPTH,-1,-1;M1AREA 'M1AREA' true true false 8 Double 0 0 ,First,#,C:\WebUpdates\waynesboro\waynesboro_append.gdb\Parcels,M1AREA,-1,-1;MMCODE 'MMCODE' true true false 8 Double 0 0 ,First,#,C:\WebUpdates\waynesboro\waynesboro_append.gdb\Parcels,MMCODE,-1,-1;M0DEPR 'M0DEPR' true true false 255 Text 0 0 ,First,#,C:\WebUpdates\waynesboro\waynesboro_append.gdb\Parcels,M0DEPR,-1,-1;M1UM 'M1UM' true true false 255 Text 0 0 ,First,#,C:\WebUpdates\waynesboro\waynesboro_append.gdb\Parcels,M1UM,-1,-1;M2FRNT 'M2FRNT' true true false 8 Double 0 0 ,First,#,C:\WebUpdates\waynesboro\waynesboro_append.gdb\Parcels,M2FRNT,-1,-1;M2DPTH 'M2DPTH' true true false 8 Double 0 0 ,First,#,C:\WebUpdates\waynesboro\waynesboro_append.gdb\Parcels,M2DPTH,-1,-1;M2AREA 'M2AREA' true true false 8 Double 0 0 ,First,#,C:\WebUpdates\waynesboro\waynesboro_append.gdb\Parcels,M2AREA,-1,-1;MZIPBR 'MZIPBR' true true false 8 Double 0 0 ,First,#,C:\WebUpdates\waynesboro\waynesboro_append.gdb\Parcels,MZIPBR,-1,-1;MDELAY 'MDELAY' true true false 255 Text 0 0 ,First,#,C:\WebUpdates\waynesboro\waynesboro_append.gdb\Parcels,MDELAY,-1,-1;M2UM 'M2UM' true true false 255 Text 0 0 ,First,#,C:\WebUpdates\waynesboro\waynesboro_append.gdb\Parcels,M2UM,-1,-1;MSTRT 'MSTRT' true true false 255 Text 0 0 ,First,#,C:\WebUpdates\waynesboro\waynesboro_append.gdb\Parcels,MSTRT,-1,-1;MDIRCT 'MDIRCT' true true false 255 Text 0 0 ,First,#,C:\WebUpdates\waynesboro\waynesboro_append.gdb\Parcels,MDIRCT,-1,-1;MHSE_ 'MHSE_' true true false 8 Double 0 0 ,First,#,C:\WebUpdates\waynesboro\waynesboro_append.gdb\Parcels,MHSE_,-1,-1;MCDMO 'MCDMO' true true false 8 Double 0 0 ,First,#,C:\WebUpdates\waynesboro\waynesboro_append.gdb\Parcels,MCDMO,-1,-1;MCDDA 'MCDDA' true true false 8 Double 0 0 ,First,#,C:\WebUpdates\waynesboro\waynesboro_append.gdb\Parcels,MCDDA,-1,-1;MCDYR 'MCDYR' true true false 8 Double 0 0 ,First,#,C:\WebUpdates\waynesboro\waynesboro_append.gdb\Parcels,MCDYR,-1,-1;M1DFAC 'M1DFAC' true true false 8 Double 0 0 ,First,#,C:\WebUpdates\waynesboro\waynesboro_append.gdb\Parcels,M1DFAC,-1,-1;MREM1 'MREM1' true true false 255 Text 0 0 ,First,#,C:\WebUpdates\waynesboro\waynesboro_append.gdb\Parcels,MREM1,-1,-1;MREM2 'MREM2' true true false 255 Text 0 0 ,First,#,C:\WebUpdates\waynesboro\waynesboro_append.gdb\Parcels,MREM2,-1,-1;MMAGCD 'MMAGCD' true true false 255 Text 0 0 ,First,#,C:\WebUpdates\waynesboro\waynesboro_append.gdb\Parcels,MMAGCD,-1,-1;MATHOM 'MATHOM' true true false 255 Text 0 0 ,First,#,C:\WebUpdates\waynesboro\waynesboro_append.gdb\Parcels,MATHOM,-1,-1;MDESC1 'MDESC1' true true false 255 Text 0 0 ,First,#,C:\WebUpdates\waynesboro\waynesboro_append.gdb\Parcels,MDESC1,-1,-1;MDESC2 'MDESC2' true true false 255 Text 0 0 ,First,#,C:\WebUpdates\waynesboro\waynesboro_append.gdb\Parcels,MDESC2,-1,-1;MDESC3 'MDESC3' true true false 255 Text 0 0 ,First,#,C:\WebUpdates\waynesboro\waynesboro_append.gdb\Parcels,MDESC3,-1,-1;MDESC4 'MDESC4' true true false 255 Text 0 0 ,First,#,C:\WebUpdates\waynesboro\waynesboro_append.gdb\Parcels,MDESC4,-1,-1;MFAIRV 'MFAIRV' true true false 8 Double 0 0 ,First,#,C:\WebUpdates\waynesboro\waynesboro_append.gdb\Parcels,MFAIRV,-1,-1;MLGITY 'MLGITY' true true false 255 Text 0 0 ,First,#,C:\WebUpdates\waynesboro\waynesboro_append.gdb\Parcels,MLGITY,-1,-1;MLGIYR 'MLGIYR' true true false 8 Double 0 0 ,First,#,C:\WebUpdates\waynesboro\waynesboro_append.gdb\Parcels,MLGIYR,-1,-1;MLGNO_ 'MLGNO_' true true false 8 Double 0 0 ,First,#,C:\WebUpdates\waynesboro\waynesboro_append.gdb\Parcels,MLGNO_,-1,-1;MLGNO2 'MLGNO2' true true false 8 Double 0 0 ,First,#,C:\WebUpdates\waynesboro\waynesboro_append.gdb\Parcels,MLGNO2,-1,-1;MSUBDV 'MSUBDV' true true false 255 Text 0 0 ,First,#,C:\WebUpdates\waynesboro\waynesboro_append.gdb\Parcels,MSUBDV,-1,-1;MSELLP 'MSELLP' true true false 8 Double 0 0 ,First,#,C:\WebUpdates\waynesboro\waynesboro_append.gdb\Parcels,MSELLP,-1,-1;M2DFAC 'M2DFAC' true true false 8 Double 0 0 ,First,#,C:\WebUpdates\waynesboro\waynesboro_append.gdb\Parcels,M2DFAC,-1,-1;MINIT 'MINIT' true true false 255 Text 0 0 ,First,#,C:\WebUpdates\waynesboro\waynesboro_append.gdb\Parcels,MINIT,-1,-1;MINSPD 'MINSPD' true true false 8 Double 0 0 ,First,#,C:\WebUpdates\waynesboro\waynesboro_append.gdb\Parcels,MINSPD,-1,-1;MSWL 'MSWL' true true false 8 Double 0 0 ,First,#,C:\WebUpdates\waynesboro\waynesboro_append.gdb\Parcels,MSWL,-1,-1;MTUTIL 'MTUTIL' true true false 8 Double 0 0 ,First,#,C:\WebUpdates\waynesboro\waynesboro_append.gdb\Parcels,MTUTIL,-1,-1;MNBADJ 'MNBADJ' true true false 8 Double 0 0 ,First,#,C:\WebUpdates\waynesboro\waynesboro_append.gdb\Parcels,MNBADJ,-1,-1;MASSL 'MASSL' true true false 8 Double 0 0 ,First,#,C:\WebUpdates\waynesboro\waynesboro_append.gdb\Parcels,MASSL,-1,-1;MACSF 'MACSF' true true false 8 Double 0 0 ,First,#,C:\WebUpdates\waynesboro\waynesboro_append.gdb\Parcels,MACSF,-1,-1;MCOMM1 'MCOMM1' true true false 255 Text 0 0 ,First,#,C:\WebUpdates\waynesboro\waynesboro_append.gdb\Parcels,MCOMM1,-1,-1;MCOMM2 'MCOMM2' true true false 255 Text 0 0 ,First,#,C:\WebUpdates\waynesboro\waynesboro_append.gdb\Parcels,MCOMM2,-1,-1;MCOMM3 'MCOMM3' true true false 255 Text 0 0 ,First,#,C:\WebUpdates\waynesboro\waynesboro_append.gdb\Parcels,MCOMM3,-1,-1;MACCT 'MACCT' true true false 8 Double 0 0 ,First,#,C:\WebUpdates\waynesboro\waynesboro_append.gdb\Parcels,MACCT,-1,-1;MEXWL2 'MEXWL2' true true false 8 Double 0 0 ,First,#,C:\WebUpdates\waynesboro\waynesboro_append.gdb\Parcels,MEXWL2,-1,-1;MCALC 'MCALC' true true false 255 Text 0 0 ,First,#,C:\WebUpdates\waynesboro\waynesboro_append.gdb\Parcels,MCALC,-1,-1;MFILL4 'MFILL4' true true false 255 Text 0 0 ,First,#,C:\WebUpdates\waynesboro\waynesboro_append.gdb\Parcels,MFILL4,-1,-1;MTBV 'MTBV' true true false 8 Double 0 0 ,First,#,C:\WebUpdates\waynesboro\waynesboro_append.gdb\Parcels,MTBV,-1,-1;MTBAS 'MTBAS' true true false 8 Double 0 0 ,First,#,C:\WebUpdates\waynesboro\waynesboro_append.gdb\Parcels,MTBAS,-1,-1;MTFBAS 'MTFBAS' true true false 8 Double 0 0 ,First,#,C:\WebUpdates\waynesboro\waynesboro_append.gdb\Parcels,MTFBAS,-1,-1;MTPLUM 'MTPLUM' true true false 8 Double 0 0 ,First,#,C:\WebUpdates\waynesboro\waynesboro_append.gdb\Parcels,MTPLUM,-1,-1;MTHEAT 'MTHEAT' true true false 8 Double 0 0 ,First,#,C:\WebUpdates\waynesboro\waynesboro_append.gdb\Parcels,MTHEAT,-1,-1;MTAC 'MTAC' true true false 8 Double 0 0 ,First,#,C:\WebUpdates\waynesboro\waynesboro_append.gdb\Parcels,MTAC,-1,-1;MTFP 'MTFP' true true false 8 Double 0 0 ,First,#,C:\WebUpdates\waynesboro\waynesboro_append.gdb\Parcels,MTFP,-1,-1;MTFL 'MTFL' true true false 8 Double 0 0 ,First,#,C:\WebUpdates\waynesboro\waynesboro_append.gdb\Parcels,MTFL,-1,-1;MTBI 'MTBI' true true false 8 Double 0 0 ,First,#,C:\WebUpdates\waynesboro\waynesboro_append.gdb\Parcels,MTBI,-1,-1;MTTADD 'MTTADD' true true false 8 Double 0 0 ,First,#,C:\WebUpdates\waynesboro\waynesboro_append.gdb\Parcels,MTTADD,-1,-1;MTSUBT 'MTSUBT' true true false 8 Double 0 0 ,First,#,C:\WebUpdates\waynesboro\waynesboro_append.gdb\Parcels,MTSUBT,-1,-1;MTOTBV 'MTOTBV' true true false 8 Double 0 0 ,First,#,C:\WebUpdates\waynesboro\waynesboro_append.gdb\Parcels,MTOTBV,-1,-1;MUSRID 'MUSRID' true true false 255 Text 0 0 ,First,#,C:\WebUpdates\waynesboro\waynesboro_append.gdb\Parcels,MUSRID,-1,-1;MBASA 'MBASA' true true false 8 Double 0 0 ,First,#,C:\WebUpdates\waynesboro\waynesboro_append.gdb\Parcels,MBASA,-1,-1;MTOTA 'MTOTA' true true false 8 Double 0 0 ,First,#,C:\WebUpdates\waynesboro\waynesboro_append.gdb\Parcels,MTOTA,-1,-1;MPSF 'MPSF' true true false 8 Double 0 0 ,First,#,C:\WebUpdates\waynesboro\waynesboro_append.gdb\Parcels,MPSF,-1,-1;MINWLL 'MINWLL' true true false 255 Text 0 0 ,First,#,C:\WebUpdates\waynesboro\waynesboro_append.gdb\Parcels,MINWLL,-1,-1;MFLOOR 'MFLOOR' true true false 255 Text 0 0 ,First,#,C:\WebUpdates\waynesboro\waynesboro_append.gdb\Parcels,MFLOOR,-1,-1;MYRBLT 'MYRBLT' true true false 8 Double 0 0 ,First,#,C:\WebUpdates\waynesboro\waynesboro_append.gdb\Parcels,MYRBLT,-1,-1;MCNST1 'MCNST1' true true false 255 Text 0 0 ,First,#,C:\WebUpdates\waynesboro\waynesboro_append.gdb\Parcels,MCNST1,-1,-1;MCNST2 'MCNST2' true true false 255 Text 0 0 ,First,#,C:\WebUpdates\waynesboro\waynesboro_append.gdb\Parcels,MCNST2,-1,-1;MASSLU 'MASSLU' true true false 8 Double 0 0 ,First,#,C:\WebUpdates\waynesboro\waynesboro_append.gdb\Parcels,MASSLU,-1,-1;MMOSLD 'MMOSLD' true true false 8 Double 0 0 ,First,#,C:\WebUpdates\waynesboro\waynesboro_append.gdb\Parcels,MMOSLD,-1,-1;MDASLD 'MDASLD' true true false 8 Double 0 0 ,First,#,C:\WebUpdates\waynesboro\waynesboro_append.gdb\Parcels,MDASLD,-1,-1;MYRSLD 'MYRSLD' true true false 8 Double 0 0 ,First,#,C:\WebUpdates\waynesboro\waynesboro_append.gdb\Parcels,MYRSLD,-1,-1;MTIME 'MTIME' true true false 8 Double 0 0 ,First,#,C:\WebUpdates\waynesboro\waynesboro_append.gdb\Parcels,MTIME,-1,-1;MHSE_2 'MHSE_2' true true false 255 Text 0 0 ,First,#,C:\WebUpdates\waynesboro\waynesboro_append.gdb\Parcels,MHSE_2,-1,-1;M1ADJ 'M1ADJ' true true false 8 Double 0 0 ,First,#,C:\WebUpdates\waynesboro\waynesboro_append.gdb\Parcels,M1ADJ,-1,-1;M2ADJ 'M2ADJ' true true false 8 Double 0 0 ,First,#,C:\WebUpdates\waynesboro\waynesboro_append.gdb\Parcels,M2ADJ,-1,-1;MLGBKC 'MLGBKC' true true false 255 Text 0 0 ,First,#,C:\WebUpdates\waynesboro\waynesboro_append.gdb\Parcels,MLGBKC,-1,-1;MLGBK_ 'MLGBK_' true true false 255 Text 0 0 ,First,#,C:\WebUpdates\waynesboro\waynesboro_append.gdb\Parcels,MLGBK_,-1,-1;MLGPG_ 'MLGPG_' true true false 8 Double 0 0 ,First,#,C:\WebUpdates\waynesboro\waynesboro_append.gdb\Parcels,MLGPG_,-1,-1;MEFFAG 'MEFFAG' true true false 8 Double 0 0 ,First,#,C:\WebUpdates\waynesboro\waynesboro_append.gdb\Parcels,MEFFAG,-1,-1;MPCOMP 'MPCOMP' true true false 8 Double 0 0 ,First,#,C:\WebUpdates\waynesboro\waynesboro_append.gdb\Parcels,MPCOMP,-1,-1;MSTTYP 'MSTTYP' true true false 255 Text 0 0 ,First,#,C:\WebUpdates\waynesboro\waynesboro_append.gdb\Parcels,MSTTYP,-1,-1;MSDIRS 'MSDIRS' true true false 255 Text 0 0 ,First,#,C:\WebUpdates\waynesboro\waynesboro_append.gdb\Parcels,MSDIRS,-1,-1;M1RATE 'M1RATE' true true false 8 Double 0 0 ,First,#,C:\WebUpdates\waynesboro\waynesboro_append.gdb\Parcels,M1RATE,-1,-1;M2RATE 'M2RATE' true true false 8 Double 0 0 ,First,#,C:\WebUpdates\waynesboro\waynesboro_append.gdb\Parcels,M2RATE,-1,-1;MFUNCD 'MFUNCD' true true false 8 Double 0 0 ,First,#,C:\WebUpdates\waynesboro\waynesboro_append.gdb\Parcels,MFUNCD,-1,-1;MECOND 'MECOND' true true false 8 Double 0 0 ,First,#,C:\WebUpdates\waynesboro\waynesboro_append.gdb\Parcels,MECOND,-1,-1;MNBRHD 'MNBRHD' true true false 8 Double 0 0 ,First,#,C:\WebUpdates\waynesboro\waynesboro_append.gdb\Parcels,MNBRHD,-1,-1;MUSER1 'MUSER1' true true false 255 Text 0 0 ,First,#,C:\WebUpdates\waynesboro\waynesboro_append.gdb\Parcels,MUSER1,-1,-1;MUSER2 'MUSER2' true true false 255 Text 0 0 ,First,#,C:\WebUpdates\waynesboro\waynesboro_append.gdb\Parcels,MUSER2,-1,-1;MDBOOK 'MDBOOK' true true false 255 Text 0 0 ,First,#,C:\WebUpdates\waynesboro\waynesboro_append.gdb\Parcels,MDBOOK,-1,-1;MDPAGE 'MDPAGE' true true false 8 Double 0 0 ,First,#,C:\WebUpdates\waynesboro\waynesboro_append.gdb\Parcels,MDPAGE,-1,-1;MWBOOK 'MWBOOK' true true false 255 Text 0 0 ,First,#,C:\WebUpdates\waynesboro\waynesboro_append.gdb\Parcels,MWBOOK,-1,-1;MWPAGE 'MWPAGE' true true false 8 Double 0 0 ,First,#,C:\WebUpdates\waynesboro\waynesboro_append.gdb\Parcels,MWPAGE,-1,-1;MDCODE 'MDCODE' true true false 255 Text 0 0 ,First,#,C:\WebUpdates\waynesboro\waynesboro_append.gdb\Parcels,MDCODE,-1,-1;MWCODE 'MWCODE' true true false 255 Text 0 0 ,First,#,C:\WebUpdates\waynesboro\waynesboro_append.gdb\Parcels,MWCODE,-1,-1;MMORTC 'MMORTC' true true false 8 Double 0 0 ,First,#,C:\WebUpdates\waynesboro\waynesboro_append.gdb\Parcels,MMORTC,-1,-1;MFILL7 'MFILL7' true true false 255 Text 0 0 ,First,#,C:\WebUpdates\waynesboro\waynesboro_append.gdb\Parcels,MFILL7,-1,-1;MACRE_ 'MACRE_' true true false 8 Double 0 0 ,First,#,C:\WebUpdates\waynesboro\waynesboro_append.gdb\Parcels,MACRE_,-1,-1;MGISPN 'MGISPN' true true false 255 Text 0 0 ,First,#,C:\WebUpdates\waynesboro\waynesboro_append.gdb\Parcels,MGISPN,-1,-1;MUSER3 'MUSER3' true true false 255 Text 0 0 ,First,#,C:\WebUpdates\waynesboro\waynesboro_append.gdb\Parcels,MUSER3,-1,-1;MUSER4 'MUSER4' true true false 255 Text 0 0 ,First,#,C:\WebUpdates\waynesboro\waynesboro_append.gdb\Parcels,MUSER4,-1,-1;MIMADJ 'MIMADJ' true true false 8 Double 0 0 ,First,#,C:\WebUpdates\waynesboro\waynesboro_append.gdb\Parcels,MIMADJ,-1,-1;MCDRDT 'MCDRDT' true true false 8 Double 0 0 ,First,#,C:\WebUpdates\waynesboro\waynesboro_append.gdb\Parcels,MCDRDT,-1,-1;MMNUD 'MMNUD' true true false 8 Double 0 0 ,First,#,C:\WebUpdates\waynesboro\waynesboro_append.gdb\Parcels,MMNUD,-1,-1;MMNNUD 'MMNNUD' true true false 8 Double 0 0 ,First,#,C:\WebUpdates\waynesboro\waynesboro_append.gdb\Parcels,MMNNUD,-1,-1;MSS1 'MSS1' true true false 8 Double 0 0 ,First,#,C:\WebUpdates\waynesboro\waynesboro_append.gdb\Parcels,MSS1,-1,-1;MPCODE 'MPCODE' true true false 255 Text 0 0 ,First,#,C:\WebUpdates\waynesboro\waynesboro_append.gdb\Parcels,MPCODE,-1,-1;MPBOOK 'MPBOOK' true true false 255 Text 0 0 ,First,#,C:\WebUpdates\waynesboro\waynesboro_append.gdb\Parcels,MPBOOK,-1,-1;MPPAGE 'MPPAGE' true true false 8 Double 0 0 ,First,#,C:\WebUpdates\waynesboro\waynesboro_append.gdb\Parcels,MPPAGE,-1,-1;MSS2 'MSS2' true true false 8 Double 0 0 ,First,#,C:\WebUpdates\waynesboro\waynesboro_append.gdb\Parcels,MSS2,-1,-1;MASSM 'MASSM' true true false 8 Double 0 0 ,First,#,C:\WebUpdates\waynesboro\waynesboro_append.gdb\Parcels,MASSM,-1,-1;MFILL9 'MFILL9' true true false 255 Text 0 0 ,First,#,C:\WebUpdates\waynesboro\waynesboro_append.gdb\Parcels,MFILL9,-1,-1;MGRNTR 'MGRNTR' true true false 255 Text 0 0 ,First,#,C:\WebUpdates\waynesboro\waynesboro_append.gdb\Parcels,MGRNTR,-1,-1;MCVMO 'MCVMO' true true false 8 Double 0 0 ,First,#,C:\WebUpdates\waynesboro\waynesboro_append.gdb\Parcels,MCVMO,-1,-1;MCVDA 'MCVDA' true true false 8 Double 0 0 ,First,#,C:\WebUpdates\waynesboro\waynesboro_append.gdb\Parcels,MCVDA,-1,-1;MCVYR 'MCVYR' true true false 8 Double 0 0 ,First,#,C:\WebUpdates\waynesboro\waynesboro_append.gdb\Parcels,MCVYR,-1,-1;MPROUT 'MPROUT' true true false 255 Text 0 0 ,First,#,C:\WebUpdates\waynesboro\waynesboro_append.gdb\Parcels,MPROUT,-1,-1;MPERR 'MPERR' true true false 255 Text 0 0 ,First,#,C:\WebUpdates\waynesboro\waynesboro_append.gdb\Parcels,MPERR,-1,-1;MTBIMP 'MTBIMP' true true false 8 Double 0 0 ,First,#,C:\WebUpdates\waynesboro\waynesboro_append.gdb\Parcels,MTBIMP,-1,-1;MPUSE 'MPUSE' true true false 8 Double 0 0 ,First,#,C:\WebUpdates\waynesboro\waynesboro_append.gdb\Parcels,MPUSE,-1,-1;MCVEXP 'MCVEXP' true true false 255 Text 0 0 ,First,#,C:\WebUpdates\waynesboro\waynesboro_append.gdb\Parcels,MCVEXP,-1,-1;METXYR 'METXYR' true true false 8 Double 0 0 ,First,#,C:\WebUpdates\waynesboro\waynesboro_append.gdb\Parcels,METXYR,-1,-1;MQAPCH 'MQAPCH' true true false 8 Double 0 0 ,First,#,C:\WebUpdates\waynesboro\waynesboro_append.gdb\Parcels,MQAPCH,-1,-1;MQAFIL 'MQAFIL' true true false 255 Text 0 0 ,First,#,C:\WebUpdates\waynesboro\waynesboro_append.gdb\Parcels,MQAFIL,-1,-1;MPICT 'MPICT' true true false 255 Text 0 0 ,First,#,C:\WebUpdates\waynesboro\waynesboro_append.gdb\Parcels,MPICT,-1,-1;MEACRE 'MEACRE' true true false 8 Double 0 0 ,First,#,C:\WebUpdates\waynesboro\waynesboro_append.gdb\Parcels,MEACRE,-1,-1;MPRCIT 'MPRCIT' true true false 255 Text 0 0 ,First,#,C:\WebUpdates\waynesboro\waynesboro_append.gdb\Parcels,MPRCIT,-1,-1;MPRSTA 'MPRSTA' true true false 255 Text 0 0 ,First,#,C:\WebUpdates\waynesboro\waynesboro_append.gdb\Parcels,MPRSTA,-1,-1;MPRZP1 'MPRZP1' true true false 8 Double 0 0 ,First,#,C:\WebUpdates\waynesboro\waynesboro_append.gdb\Parcels,MPRZP1,-1,-1;MPRZP4 'MPRZP4' true true false 255 Text 0 0 ,First,#,C:\WebUpdates\waynesboro\waynesboro_append.gdb\Parcels,MPRZP4,-1,-1;MFP_ 'MFP_' true true false 8 Double 0 0 ,First,#,C:\WebUpdates\waynesboro\waynesboro_append.gdb\Parcels,MFP_,-1,-1;MSFP_ 'MSFP_' true true false 8 Double 0 0 ,First,#,C:\WebUpdates\waynesboro\waynesboro_append.gdb\Parcels,MSFP_,-1,-1;MFL_ 'MFL_' true true false 8 Double 0 0 ,First,#,C:\WebUpdates\waynesboro\waynesboro_append.gdb\Parcels,MFL_,-1,-1;MSFL_ 'MSFL_' true true false 8 Double 0 0 ,First,#,C:\WebUpdates\waynesboro\waynesboro_append.gdb\Parcels,MSFL_,-1,-1;MMFL_ 'MMFL_' true true false 8 Double 0 0 ,First,#,C:\WebUpdates\waynesboro\waynesboro_append.gdb\Parcels,MMFL_,-1,-1;MIOFP_ 'MIOFP_' true true false 8 Double 0 0 ,First,#,C:\WebUpdates\waynesboro\waynesboro_append.gdb\Parcels,MIOFP_,-1,-1;MSTOR_ 'MSTOR_' true true false 8 Double 0 0 ,First,#,C:\WebUpdates\waynesboro\waynesboro_append.gdb\Parcels,MSTOR_,-1,-1;MASCOM 'MASCOM' true true false 255 Text 0 0 ,First,#,C:\WebUpdates\waynesboro\waynesboro_append.gdb\Parcels,MASCOM,-1,-1;MHRPH_ 'MHRPH_' true true false 8 Double 0 0 ,First,#,C:\WebUpdates\waynesboro\waynesboro_append.gdb\Parcels,MHRPH_,-1,-1;MHRDAT 'MHRDAT' true true false 8 Double 0 0 ,First,#,C:\WebUpdates\waynesboro\waynesboro_append.gdb\Parcels,MHRDAT,-1,-1;MHRTIM 'MHRTIM' true true false 8 Double 0 0 ,First,#,C:\WebUpdates\waynesboro\waynesboro_append.gdb\Parcels,MHRTIM,-1,-1;MHRNAM 'MHRNAM' true true false 255 Text 0 0 ,First,#,C:\WebUpdates\waynesboro\waynesboro_append.gdb\Parcels,MHRNAM,-1,-1;MHRSES 'MHRSES' true true false 255 Text 0 0 ,First,#,C:\WebUpdates\waynesboro\waynesboro_append.gdb\Parcels,MHRSES,-1,-1;MHIDPC 'MHIDPC' true true false 255 Text 0 0 ,First,#,C:\WebUpdates\waynesboro\waynesboro_append.gdb\Parcels,MHIDPC,-1,-1;MHIDNM 'MHIDNM' true true false 255 Text 0 0 ,First,#,C:\WebUpdates\waynesboro\waynesboro_append.gdb\Parcels,MHIDNM,-1,-1;MCAMO 'MCAMO' true true false 8 Double 0 0 ,First,#,C:\WebUpdates\waynesboro\waynesboro_append.gdb\Parcels,MCAMO,-1,-1;MCADA 'MCADA' true true false 8 Double 0 0 ,First,#,C:\WebUpdates\waynesboro\waynesboro_append.gdb\Parcels,MCADA,-1,-1;MCAYR 'MCAYR' true true false 8 Double 0 0 ,First,#,C:\WebUpdates\waynesboro\waynesboro_append.gdb\Parcels,MCAYR,-1,-1;MOLDOC 'MOLDOC' true true false 8 Double 0 0 ,First,#,C:\WebUpdates\waynesboro\waynesboro_append.gdb\Parcels,MOLDOC,-1,-1;FULLADDRESS 'FULLADDRESS' true true false 255 Text 0 0 ,First,#,C:\WebUpdates\waynesboro\waynesboro_append.gdb\Parcels,FULLADDRESS,-1,-1;STREET 'STREET' true true false 50 Text 0 0 ,First,#,C:\WebUpdates\waynesboro\waynesboro_append.gdb\Parcels,STREET,-1,-1;TOTALVAL 'TOTALVAL' true true false 4 Long 0 0 ,First,#,C:\WebUpdates\waynesboro\waynesboro_append.gdb\Parcels,TOTALVAL,-1,-1;CALC_VALUE 'CALC_VALUE' true true false 4 Long 0 0 ,First,#,C:\WebUpdates\waynesboro\waynesboro_append.gdb\Parcels,CALC_VALUE,-1,-1;Shape_Length 'Shape_Length' false true true 8 Double 0 0 ,First,#,C:\WebUpdates\waynesboro\waynesboro_append.gdb\Parcels,Shape_Length,-1,-1;Shape_Area 'Shape_Area' false true true 8 Double 0 0 ,First,#,C:\WebUpdates\waynesboro\waynesboro_append.gdb\Parcels,Shape_Area,-1,-1" # "Database Servers\VMPROD1_SQLEXPRESS.gds\Waynesboro (VERSION:dbo.DEFAULT)\Waynesboro.DBO.Parcels_new"</Process></lineage></DataProperties><ArcGISFormat>1.0</ArcGISFormat></Esri><idinfo><native Sync="TRUE">Microsoft Windows Vista Version 6.0 (Build 6001) Service Pack 1; ESRI ArcCatalog 9.3.1.3000</native><descript><langdata Sync="TRUE">en</langdata><abstract>REQUIRED: A brief narrative summary of the data set.</abstract><purpose>REQUIRED: A summary of the intentions with which the data set was developed.</purpose></descript><citation><citeinfo><origin>REQUIRED: The name of an organization or individual that developed the data set.</origin><pubdate>REQUIRED: The date when the data set is published or otherwise made available for release.</pubdate><title Sync="TRUE">Waynesboro.DBO.Parcels_new</title><ftname Sync="TRUE">Waynesboro.DBO.Parcels_new</ftname><geoform Sync="TRUE">vector digital data</geoform><onlink Sync="TRUE">\\VMPROD1\C$\WebUpdates\waynesboro\for_keith.gdb</onlink></citeinfo></citation><timeperd><current>REQUIRED: The basis on which the time period of content information is determined.</current><timeinfo><sngdate><caldate>REQUIRED: The year (and optionally month, or month and day) for which the data set corresponds to the ground.</caldate></sngdate></timeinfo></timeperd><status><progress>REQUIRED: The state of the data set.</progress><update>REQUIRED: The frequency with which changes and additions are made to the data set after the initial data set is completed.</update></status><spdom><bounding><westbc Sync="TRUE">REQUIRED: Western-most coordinate of the limit of coverage expressed in longitude.</westbc><eastbc Sync="TRUE">REQUIRED: Eastern-most coordinate of the limit of coverage expressed in longitude.</eastbc><northbc Sync="TRUE">REQUIRED: Northern-most coordinate of the limit of coverage expressed in latitude.</northbc><southbc Sync="TRUE">REQUIRED: Southern-most coordinate of the limit of coverage expressed in latitude.</southbc></bounding></spdom><keywords><theme><themekt>REQUIRED: Reference to a formally registered thesaurus or a similar authoritative source of theme keywords.</themekt><themekey>REQUIRED: Common-use word or phrase used to describe the subject of the data set.</themekey></theme></keywords><accconst>REQUIRED: Restrictions and legal prerequisites for accessing the data set.</accconst><useconst>REQUIRED: Restrictions and legal prerequisites for using the data set after access is granted.</useconst><natvform Sync="TRUE">SDE Feature Class</natvform></idinfo><dataIdInfo><envirDesc Sync="TRUE">Microsoft Windows Vista Version 6.0 (Build 6001) Service Pack 1; ESRI ArcCatalog 9.3.1.3000</envirDesc><dataLang><languageCode Sync="TRUE" value="en"></languageCode></dataLang><idCitation><resTitle Sync="TRUE">Waynesboro.DBO.Parcels_new</resTitle><presForm><PresFormCd Sync="TRUE" value="005"></PresFormCd></presForm></idCitation><spatRpType><SpatRepTypCd Sync="TRUE" value="001"></SpatRepTypCd></spatRpType></dataIdInfo><metainfo><langmeta Sync="TRUE">en</langmeta><metstdn Sync="TRUE">FGDC Content Standards for Digital Geospatial Metadata</metstdn><metstdv Sync="TRUE">FGDC-STD-001-1998</metstdv><mettc Sync="TRUE">local time</mettc><metextns><onlink Sync="TRUE">http://www.esri.com/metadata/esriprof80.html</onlink><metprof Sync="TRUE">ESRI Metadata Profile</metprof></metextns><metc><cntinfo><cntorgp><cntper>REQUIRED: The person responsible for the metadata information.</cntper><cntorg>REQUIRED: The organization responsible for the metadata information.</cntorg></cntorgp><cntaddr><addrtype>REQUIRED: The mailing and/or physical address for the organization or individual.</addrtype><city>REQUIRED: The city of the address.</city><state>REQUIRED: The state or province of the address.</state><postal>REQUIRED: The ZIP or other postal code of the address.</postal></cntaddr><cntvoice>REQUIRED: The telephone number by which individuals can speak to the organization or individual.</cntvoice></cntinfo></metc><metd Sync="TRUE">20130812</metd></metainfo><mdLang><languageCode Sync="TRUE" value="en"></languageCode></mdLang><mdStanName Sync="TRUE">ISO 19115 Geographic Information - Metadata</mdStanName><mdStanVer Sync="TRUE">DIS_ESRI1.0</mdStanVer><mdChar><CharSetCd Sync="TRUE" value="004"></CharSetCd></mdChar><mdHrLv><ScopeCd Sync="TRUE" value="005"></ScopeCd></mdHrLv><mdHrLvName Sync="TRUE">dataset</mdHrLvName><distinfo><resdesc Sync="TRUE">Downloadable Data</resdesc></distinfo><distInfo><distributor><distorTran><onLineSrc><orDesc Sync="TRUE">002</orDesc><linkage Sync="TRUE">file://\\VMPROD1\C$\WebUpdates\waynesboro\for_keith.gdb</linkage><protocol Sync="TRUE">Local Area Network</protocol></onLineSrc></distorTran><distorFormat><formatName Sync="TRUE">SDE Feature Class</formatName></distorFormat></distributor></distInfo><spdoinfo><direct Sync="TRUE">Vector</direct><ptvctinf><esriterm Name="Waynesboro.DBO.Parcels_new"><efeatyp Sync="TRUE">Simple</efeatyp><efeageom Sync="TRUE">Polygon</efeageom><esritopo Sync="TRUE">FALSE</esritopo><efeacnt Sync="TRUE">0</efeacnt><spindex Sync="TRUE">TRUE</spindex><linrefer Sync="TRUE">FALSE</linrefer></esriterm><sdtsterm Name="Waynesboro.DBO.Parcels_new"><sdtstype Sync="TRUE">G-polygon</sdtstype><ptvctcnt Sync="TRUE">0</ptvctcnt></sdtsterm></ptvctinf></spdoinfo><spref><horizsys><cordsysn><geogcsn Sync="TRUE">GCS_North_American_1983</geogcsn><projcsn Sync="TRUE">NAD_1983_Lambert_Conformal_Conic</projcsn></cordsysn><planar><mapproj><mapprojn Sync="TRUE">Lambert Conformal Conic</mapprojn><lambertc><stdparll Sync="TRUE">37.000000</stdparll><stdparll Sync="TRUE">39.500000</stdparll><longcm Sync="TRUE">-79.500000</longcm><latprjo Sync="TRUE">36.000000</latprjo><feast Sync="TRUE">0.000000</feast><fnorth Sync="TRUE">0.000000</fnorth></lambertc></mapproj><planci><plance Sync="TRUE">coordinate pair</plance><plandu Sync="TRUE">meters</plandu><coordrep><absres Sync="TRUE">0.000000</absres><ordres Sync="TRUE">0.000000</ordres></coordrep></planci></planar><geodetic><horizdn Sync="TRUE">North American Datum of 1983</horizdn><ellips Sync="TRUE">Geodetic Reference System 80</ellips><semiaxis Sync="TRUE">6378137.000000</semiaxis><denflat Sync="TRUE">298.257222</denflat></geodetic></horizsys><vertdef><altsys><altenc Sync="TRUE">Explicit elevation coordinate included with horizontal coordinates</altenc><altres Sync="TRUE">1.000000</altres></altsys></vertdef></spref><refSysInfo><RefSystem><refSysID><identCode Sync="TRUE">NAD_1983_Lambert_Conformal_Conic</identCode></refSysID></RefSystem></refSysInfo><spatRepInfo><VectSpatRep><topLvl><TopoLevCd Sync="TRUE" value="001"></TopoLevCd></topLvl><geometObjs Name="Waynesboro.DBO.Parcels_new"><geoObjTyp><GeoObjTypCd Sync="TRUE" value="001"></GeoObjTypCd></geoObjTyp><geoObjCnt Sync="TRUE">0</geoObjCnt></geometObjs></VectSpatRep></spatRepInfo><eainfo><detailed Name="Waynesboro.DBO.Parcels_new"><enttyp><enttypl Sync="TRUE">Waynesboro.DBO.Parcels_new</enttypl><enttypt Sync="TRUE">Feature Class</enttypt><enttypc Sync="TRUE">0</enttypc></enttyp><attr><attrlabl Sync="TRUE">OBJECTID</attrlabl><attalias Sync="TRUE">OBJECTID</attalias><attrtype Sync="TRUE">OID</attrtype><attwidth Sync="TRUE">4</attwidth><atprecis Sync="TRUE">10</atprecis><attscale Sync="TRUE">0</attscale><attrdef Sync="TRUE">Internal feature number.</attrdef><attrdefs Sync="TRUE">ESRI</attrdefs><attrdomv><udom Sync="TRUE">Sequential unique whole numbers that are automatically generated.</udom></attrdomv></attr><attr><attrlabl Sync="TRUE">MRECNO</attrlabl><attalias Sync="TRUE">MRECNO</attalias><attrtype Sync="TRUE">Double</attrtype><attwidth Sync="TRUE">8</attwidth><atprecis Sync="TRUE">38</atprecis><attscale Sync="TRUE">8</attscale></attr><attr><attrlabl Sync="TRUE">MMAP</attrlabl><attalias Sync="TRUE">MMAP</attalias><attrtype Sync="TRUE">String</attrtype><attwidth Sync="TRUE">20</attwidth><atprecis Sync="TRUE">0</atprecis><attscale Sync="TRUE">0</attscale></attr><attr><attrlabl Sync="TRUE">LotNumber</attrlabl><attalias Sync="TRUE">LotNumber</attalias><attrtype Sync="TRUE">String</attrtype><attwidth Sync="TRUE">6</attwidth><atprecis Sync="TRUE">0</atprecis><attscale Sync="TRUE">0</attscale></attr><attr><attrlabl Sync="TRUE">MAP_LINK</attrlabl><attalias Sync="TRUE">MAP_LINK</attalias><attrtype Sync="TRUE">String</attrtype><attwidth Sync="TRUE">50</attwidth><atprecis Sync="TRUE">0</atprecis><attscale Sync="TRUE">0</attscale></attr><attr><attrlabl Sync="TRUE">CAMA_LINK</attrlabl><attalias Sync="TRUE">CAMA_LINK</attalias><attrtype Sync="TRUE">String</attrtype><attwidth Sync="TRUE">50</attwidth><atprecis Sync="TRUE">0</atprecis><attscale Sync="TRUE">0</attscale></attr><attr><attrlabl Sync="TRUE">MRECID</attrlabl><attalias Sync="TRUE">MRECID</attalias><attrtype Sync="TRUE">String</attrtype><attwidth Sync="TRUE">255</attwidth><atprecis Sync="TRUE">0</atprecis><attscale Sync="TRUE">0</attscale></attr><attr><attrlabl Sync="TRUE">MDWELL</attrlabl><attalias Sync="TRUE">MDWELL</attalias><attrtype Sync="TRUE">Double</attrtype><attwidth Sync="TRUE">8</attwidth><atprecis Sync="TRUE">38</atprecis><attscale Sync="TRUE">8</attscale></attr><attr><attrlabl Sync="TRUE">MLNAM</attrlabl><attalias Sync="TRUE">MLNAM</attalias><attrtype Sync="TRUE">String</attrtype><attwidth Sync="TRUE">255</attwidth><atprecis Sync="TRUE">0</atprecis><attscale Sync="TRUE">0</attscale></attr><attr><attrlabl Sync="TRUE">MFNAM</attrlabl><attalias Sync="TRUE">MFNAM</attalias><attrtype Sync="TRUE">String</attrtype><attwidth Sync="TRUE">255</attwidth><atprecis Sync="TRUE">0</atprecis><attscale Sync="TRUE">0</attscale></attr><attr><attrlabl Sync="TRUE">MADD1</attrlabl><attalias Sync="TRUE">MADD1</attalias><attrtype Sync="TRUE">String</attrtype><attwidth Sync="TRUE">255</attwidth><atprecis Sync="TRUE">0</atprecis><attscale Sync="TRUE">0</attscale></attr><attr><attrlabl Sync="TRUE">MADD2</attrlabl><attalias Sync="TRUE">MADD2</attalias><attrtype Sync="TRUE">String</attrtype><attwidth Sync="TRUE">255</attwidth><atprecis Sync="TRUE">0</atprecis><attscale Sync="TRUE">0</attscale></attr><attr><attrlabl Sync="TRUE">MCITY</attrlabl><attalias Sync="TRUE">MCITY</attalias><attrtype Sync="TRUE">String</attrtype><attwidth Sync="TRUE">255</attwidth><atprecis Sync="TRUE">0</atprecis><attscale Sync="TRUE">0</attscale></attr><attr><attrlabl Sync="TRUE">MSTATE</attrlabl><attalias Sync="TRUE">MSTATE</attalias><attrtype Sync="TRUE">String</attrtype><attwidth Sync="TRUE">255</attwidth><atprecis Sync="TRUE">0</atprecis><attscale Sync="TRUE">0</attscale></attr><attr><attrlabl Sync="TRUE">MZIP5</attrlabl><attalias Sync="TRUE">MZIP5</attalias><attrtype Sync="TRUE">Double</attrtype><attwidth Sync="TRUE">8</attwidth><atprecis Sync="TRUE">38</atprecis><attscale Sync="TRUE">8</attscale></attr><attr><attrlabl Sync="TRUE">MZIP4</attrlabl><attalias Sync="TRUE">MZIP4</attalias><attrtype Sync="TRUE">String</attrtype><attwidth Sync="TRUE">255</attwidth><atprecis Sync="TRUE">0</atprecis><attscale Sync="TRUE">0</attscale></attr><attr><attrlabl Sync="TRUE">MACRE</attrlabl><attalias Sync="TRUE">MACRE</attalias><attrtype Sync="TRUE">String</attrtype><attwidth Sync="TRUE">255</attwidth><atprecis Sync="TRUE">0</atprecis><attscale Sync="TRUE">0</attscale></attr><attr><attrlabl Sync="TRUE">MZONE</attrlabl><attalias Sync="TRUE">MZONE</attalias><attrtype Sync="TRUE">String</attrtype><attwidth Sync="TRUE">255</attwidth><atprecis Sync="TRUE">0</atprecis><attscale Sync="TRUE">0</attscale></attr><attr><attrlabl Sync="TRUE">MLUSE</attrlabl><attalias Sync="TRUE">MLUSE</attalias><attrtype Sync="TRUE">String</attrtype><attwidth Sync="TRUE">255</attwidth><atprecis Sync="TRUE">0</atprecis><attscale Sync="TRUE">0</attscale></attr><attr><attrlabl Sync="TRUE">MOCCUP</attrlabl><attalias Sync="TRUE">MOCCUP</attalias><attrtype Sync="TRUE">Double</attrtype><attwidth Sync="TRUE">8</attwidth><atprecis Sync="TRUE">38</atprecis><attscale Sync="TRUE">8</attscale></attr><attr><attrlabl Sync="TRUE">MSTORY</attrlabl><attalias Sync="TRUE">MSTORY</attalias><attrtype Sync="TRUE">String</attrtype><attwidth Sync="TRUE">255</attwidth><atprecis Sync="TRUE">0</atprecis><attscale Sync="TRUE">0</attscale></attr><attr><attrlabl Sync="TRUE">MAGE</attrlabl><attalias Sync="TRUE">MAGE</attalias><attrtype Sync="TRUE">Double</attrtype><attwidth Sync="TRUE">8</attwidth><atprecis Sync="TRUE">38</atprecis><attscale Sync="TRUE">8</attscale></attr><attr><attrlabl Sync="TRUE">MCOND</attrlabl><attalias Sync="TRUE">MCOND</attalias><attrtype Sync="TRUE">String</attrtype><attwidth Sync="TRUE">255</attwidth><atprecis Sync="TRUE">0</atprecis><attscale Sync="TRUE">0</attscale></attr><attr><attrlabl Sync="TRUE">MCLASS</attrlabl><attalias Sync="TRUE">MCLASS</attalias><attrtype Sync="TRUE">String</attrtype><attwidth Sync="TRUE">255</attwidth><atprecis Sync="TRUE">0</atprecis><attscale Sync="TRUE">0</attscale></attr><attr><attrlabl Sync="TRUE">MFACTR</attrlabl><attalias Sync="TRUE">MFACTR</attalias><attrtype Sync="TRUE">Double</attrtype><attwidth Sync="TRUE">8</attwidth><atprecis Sync="TRUE">38</atprecis><attscale Sync="TRUE">8</attscale></attr><attr><attrlabl Sync="TRUE">MDEPRC</attrlabl><attalias Sync="TRUE">MDEPRC</attalias><attrtype Sync="TRUE">Double</attrtype><attwidth Sync="TRUE">8</attwidth><atprecis Sync="TRUE">38</atprecis><attscale Sync="TRUE">8</attscale></attr><attr><attrlabl Sync="TRUE">MFOUND</attrlabl><attalias Sync="TRUE">MFOUND</attalias><attrtype Sync="TRUE">Double</attrtype><attwidth Sync="TRUE">8</attwidth><atprecis Sync="TRUE">38</atprecis><attscale Sync="TRUE">8</attscale></attr><attr><attrlabl Sync="TRUE">MEXWLL</attrlabl><attalias Sync="TRUE">MEXWLL</attalias><attrtype Sync="TRUE">Double</attrtype><attwidth Sync="TRUE">8</attwidth><atprecis Sync="TRUE">38</atprecis><attscale Sync="TRUE">8</attscale></attr><attr><attrlabl Sync="TRUE">MROOFT</attrlabl><attalias Sync="TRUE">MROOFT</attalias><attrtype Sync="TRUE">Double</attrtype><attwidth Sync="TRUE">8</attwidth><atprecis Sync="TRUE">38</atprecis><attscale Sync="TRUE">8</attscale></attr><attr><attrlabl Sync="TRUE">MROOFG</attrlabl><attalias Sync="TRUE">MROOFG</attalias><attrtype Sync="TRUE">Double</attrtype><attwidth Sync="TRUE">8</attwidth><atprecis Sync="TRUE">38</atprecis><attscale Sync="TRUE">8</attscale></attr><attr><attrlabl Sync="TRUE">M_DUNT</attrlabl><attalias Sync="TRUE">M_DUNT</attalias><attrtype Sync="TRUE">Double</attrtype><attwidth Sync="TRUE">8</attwidth><atprecis Sync="TRUE">38</atprecis><attscale Sync="TRUE">8</attscale></attr><attr><attrlabl Sync="TRUE">M_ROOM</attrlabl><attalias Sync="TRUE">M_ROOM</attalias><attrtype Sync="TRUE">Double</attrtype><attwidth Sync="TRUE">8</attwidth><atprecis Sync="TRUE">38</atprecis><attscale Sync="TRUE">8</attscale></attr><attr><attrlabl Sync="TRUE">M_BR</attrlabl><attalias Sync="TRUE">M_BR</attalias><attrtype Sync="TRUE">Double</attrtype><attwidth Sync="TRUE">8</attwidth><atprecis Sync="TRUE">38</atprecis><attscale Sync="TRUE">8</attscale></attr><attr><attrlabl Sync="TRUE">M_FBTH</attrlabl><attalias Sync="TRUE">M_FBTH</attalias><attrtype Sync="TRUE">Double</attrtype><attwidth Sync="TRUE">8</attwidth><atprecis Sync="TRUE">38</atprecis><attscale Sync="TRUE">8</attscale></attr><attr><attrlabl Sync="TRUE">M_HBTH</attrlabl><attalias Sync="TRUE">M_HBTH</attalias><attrtype Sync="TRUE">Double</attrtype><attwidth Sync="TRUE">8</attwidth><atprecis Sync="TRUE">38</atprecis><attscale Sync="TRUE">8</attscale></attr><attr><attrlabl Sync="TRUE">MFP2</attrlabl><attalias Sync="TRUE">MFP2</attalias><attrtype Sync="TRUE">String</attrtype><attwidth Sync="TRUE">255</attwidth><atprecis Sync="TRUE">0</atprecis><attscale Sync="TRUE">0</attscale></attr><attr><attrlabl Sync="TRUE">MLTRCD</attrlabl><attalias Sync="TRUE">MLTRCD</attalias><attrtype Sync="TRUE">String</attrtype><attwidth Sync="TRUE">255</attwidth><atprecis Sync="TRUE">0</atprecis><attscale Sync="TRUE">0</attscale></attr><attr><attrlabl Sync="TRUE">MHEAT</attrlabl><attalias Sync="TRUE">MHEAT</attalias><attrtype Sync="TRUE">Double</attrtype><attwidth Sync="TRUE">8</attwidth><atprecis Sync="TRUE">38</atprecis><attscale Sync="TRUE">8</attscale></attr><attr><attrlabl Sync="TRUE">MFUEL</attrlabl><attalias Sync="TRUE">MFUEL</attalias><attrtype Sync="TRUE">Double</attrtype><attwidth Sync="TRUE">8</attwidth><atprecis Sync="TRUE">38</atprecis><attscale Sync="TRUE">8</attscale></attr><attr><attrlabl Sync="TRUE">MAC</attrlabl><attalias Sync="TRUE">MAC</attalias><attrtype Sync="TRUE">String</attrtype><attwidth Sync="TRUE">255</attwidth><atprecis Sync="TRUE">0</atprecis><attscale Sync="TRUE">0</attscale></attr><attr><attrlabl Sync="TRUE">MFP1</attrlabl><attalias Sync="TRUE">MFP1</attalias><attrtype Sync="TRUE">String</attrtype><attwidth Sync="TRUE">255</attwidth><atprecis Sync="TRUE">0</atprecis><attscale Sync="TRUE">0</attscale></attr><attr><attrlabl Sync="TRUE">MCDR</attrlabl><attalias Sync="TRUE">MCDR</attalias><attrtype Sync="TRUE">String</attrtype><attwidth Sync="TRUE">255</attwidth><atprecis Sync="TRUE">0</atprecis><attscale Sync="TRUE">0</attscale></attr><attr><attrlabl Sync="TRUE">MEKIT</attrlabl><attalias Sync="TRUE">MEKIT</attalias><attrtype Sync="TRUE">Double</attrtype><attwidth Sync="TRUE">8</attwidth><atprecis Sync="TRUE">38</atprecis><attscale Sync="TRUE">8</attscale></attr><attr><attrlabl Sync="TRUE">MBASTP</attrlabl><attalias Sync="TRUE">MBASTP</attalias><attrtype Sync="TRUE">Double</attrtype><attwidth Sync="TRUE">8</attwidth><atprecis Sync="TRUE">38</atprecis><attscale Sync="TRUE">8</attscale></attr><attr><attrlabl Sync="TRUE">MPBTOT</attrlabl><attalias Sync="TRUE">MPBTOT</attalias><attrtype Sync="TRUE">Double</attrtype><attwidth Sync="TRUE">8</attwidth><atprecis Sync="TRUE">38</atprecis><attscale Sync="TRUE">8</attscale></attr><attr><attrlabl Sync="TRUE">MSBTOT</attrlabl><attalias Sync="TRUE">MSBTOT</attalias><attrtype Sync="TRUE">Double</attrtype><attwidth Sync="TRUE">8</attwidth><atprecis Sync="TRUE">38</atprecis><attscale Sync="TRUE">8</attscale></attr><attr><attrlabl Sync="TRUE">MPBFIN</attrlabl><attalias Sync="TRUE">MPBFIN</attalias><attrtype Sync="TRUE">Double</attrtype><attwidth Sync="TRUE">8</attwidth><atprecis Sync="TRUE">38</atprecis><attscale Sync="TRUE">8</attscale></attr><attr><attrlabl Sync="TRUE">MSBFIN</attrlabl><attalias Sync="TRUE">MSBFIN</attalias><attrtype Sync="TRUE">Double</attrtype><attwidth Sync="TRUE">8</attwidth><atprecis Sync="TRUE">38</atprecis><attscale Sync="TRUE">8</attscale></attr><attr><attrlabl Sync="TRUE">MBRATE</attrlabl><attalias Sync="TRUE">MBRATE</attalias><attrtype Sync="TRUE">Double</attrtype><attwidth Sync="TRUE">8</attwidth><atprecis Sync="TRUE">38</atprecis><attscale Sync="TRUE">8</attscale></attr><attr><attrlabl Sync="TRUE">M_FLUE</attrlabl><attalias Sync="TRUE">M_FLUE</attalias><attrtype Sync="TRUE">Double</attrtype><attwidth Sync="TRUE">8</attwidth><atprecis Sync="TRUE">38</atprecis><attscale Sync="TRUE">8</attscale></attr><attr><attrlabl Sync="TRUE">MFLUTP</attrlabl><attalias Sync="TRUE">MFLUTP</attalias><attrtype Sync="TRUE">String</attrtype><attwidth Sync="TRUE">255</attwidth><atprecis Sync="TRUE">0</atprecis><attscale Sync="TRUE">0</attscale></attr><attr><attrlabl Sync="TRUE">MGART</attrlabl><attalias Sync="TRUE">MGART</attalias><attrtype Sync="TRUE">Double</attrtype><attwidth Sync="TRUE">8</attwidth><atprecis Sync="TRUE">38</atprecis><attscale Sync="TRUE">8</attscale></attr><attr><attrlabl Sync="TRUE">MGAR_C</attrlabl><attalias Sync="TRUE">MGAR_C</attalias><attrtype Sync="TRUE">Double</attrtype><attwidth Sync="TRUE">8</attwidth><atprecis Sync="TRUE">38</atprecis><attscale Sync="TRUE">8</attscale></attr><attr><attrlabl Sync="TRUE">MCARPT</attrlabl><attalias Sync="TRUE">MCARPT</attalias><attrtype Sync="TRUE">Double</attrtype><attwidth Sync="TRUE">8</attwidth><atprecis Sync="TRUE">38</atprecis><attscale Sync="TRUE">8</attscale></attr><attr><attrlabl Sync="TRUE">MCAR_C</attrlabl><attalias Sync="TRUE">MCAR_C</attalias><attrtype Sync="TRUE">Double</attrtype><attwidth Sync="TRUE">8</attwidth><atprecis Sync="TRUE">38</atprecis><attscale Sync="TRUE">8</attscale></attr><attr><attrlabl Sync="TRUE">MBI_C</attrlabl><attalias Sync="TRUE">MBI_C</attalias><attrtype Sync="TRUE">Double</attrtype><attwidth Sync="TRUE">8</attwidth><atprecis Sync="TRUE">38</atprecis><attscale Sync="TRUE">8</attscale></attr><attr><attrlabl Sync="TRUE">MROW</attrlabl><attalias Sync="TRUE">MROW</attalias><attrtype Sync="TRUE">Double</attrtype><attwidth Sync="TRUE">8</attwidth><atprecis Sync="TRUE">38</atprecis><attscale Sync="TRUE">8</attscale></attr><attr><attrlabl Sync="TRUE">MEASE</attrlabl><attalias Sync="TRUE">MEASE</attalias><attrtype Sync="TRUE">Double</attrtype><attwidth Sync="TRUE">8</attwidth><atprecis Sync="TRUE">38</atprecis><attscale Sync="TRUE">8</attscale></attr><attr><attrlabl Sync="TRUE">MWATER</attrlabl><attalias Sync="TRUE">MWATER</attalias><attrtype Sync="TRUE">Double</attrtype><attwidth Sync="TRUE">8</attwidth><atprecis Sync="TRUE">38</atprecis><attscale Sync="TRUE">8</attscale></attr><attr><attrlabl Sync="TRUE">MSEWER</attrlabl><attalias Sync="TRUE">MSEWER</attalias><attrtype Sync="TRUE">Double</attrtype><attwidth Sync="TRUE">8</attwidth><atprecis Sync="TRUE">38</atprecis><attscale Sync="TRUE">8</attscale></attr><attr><attrlabl Sync="TRUE">MGAS</attrlabl><attalias Sync="TRUE">MGAS</attalias><attrtype Sync="TRUE">String</attrtype><attwidth Sync="TRUE">255</attwidth><atprecis Sync="TRUE">0</atprecis><attscale Sync="TRUE">0</attscale></attr><attr><attrlabl Sync="TRUE">MELEC</attrlabl><attalias Sync="TRUE">MELEC</attalias><attrtype Sync="TRUE">String</attrtype><attwidth Sync="TRUE">255</attwidth><atprecis Sync="TRUE">0</atprecis><attscale Sync="TRUE">0</attscale></attr><attr><attrlabl Sync="TRUE">MTERRN</attrlabl><attalias Sync="TRUE">MTERRN</attalias><attrtype Sync="TRUE">Double</attrtype><attwidth Sync="TRUE">8</attwidth><atprecis Sync="TRUE">38</atprecis><attscale Sync="TRUE">8</attscale></attr><attr><attrlabl Sync="TRUE">MCHAR</attrlabl><attalias Sync="TRUE">MCHAR</attalias><attrtype Sync="TRUE">Double</attrtype><attwidth Sync="TRUE">8</attwidth><atprecis Sync="TRUE">38</atprecis><attscale Sync="TRUE">8</attscale></attr><attr><attrlabl Sync="TRUE">MOTDES</attrlabl><attalias Sync="TRUE">MOTDES</attalias><attrtype Sync="TRUE">String</attrtype><attwidth Sync="TRUE">255</attwidth><atprecis Sync="TRUE">0</atprecis><attscale Sync="TRUE">0</attscale></attr><attr><attrlabl Sync="TRUE">MGART2</attrlabl><attalias Sync="TRUE">MGART2</attalias><attrtype Sync="TRUE">Double</attrtype><attwidth Sync="TRUE">8</attwidth><atprecis Sync="TRUE">38</atprecis><attscale Sync="TRUE">8</attscale></attr><attr><attrlabl Sync="TRUE">MGAR_2</attrlabl><attalias Sync="TRUE">MGAR_2</attalias><attrtype Sync="TRUE">Double</attrtype><attwidth Sync="TRUE">8</attwidth><atprecis Sync="TRUE">38</atprecis><attscale Sync="TRUE">8</attscale></attr><attr><attrlabl Sync="TRUE">MDATLG</attrlabl><attalias Sync="TRUE">MDATLG</attalias><attrtype Sync="TRUE">Double</attrtype><attwidth Sync="TRUE">8</attwidth><atprecis Sync="TRUE">38</atprecis><attscale Sync="TRUE">8</attscale></attr><attr><attrlabl Sync="TRUE">MDATPR</attrlabl><attalias Sync="TRUE">MDATPR</attalias><attrtype Sync="TRUE">Double</attrtype><attwidth Sync="TRUE">8</attwidth><atprecis Sync="TRUE">38</atprecis><attscale Sync="TRUE">8</attscale></attr><attr><attrlabl Sync="TRUE">MINTYP</attrlabl><attalias Sync="TRUE">MINTYP</attalias><attrtype Sync="TRUE">String</attrtype><attwidth Sync="TRUE">255</attwidth><atprecis Sync="TRUE">0</atprecis><attscale Sync="TRUE">0</attscale></attr><attr><attrlabl Sync="TRUE">MINTYR</attrlabl><attalias Sync="TRUE">MINTYR</attalias><attrtype Sync="TRUE">Double</attrtype><attwidth Sync="TRUE">8</attwidth><atprecis Sync="TRUE">38</atprecis><attscale Sync="TRUE">8</attscale></attr><attr><attrlabl Sync="TRUE">MINNO_</attrlabl><attalias Sync="TRUE">MINNO_</attalias><attrtype Sync="TRUE">Double</attrtype><attwidth Sync="TRUE">8</attwidth><atprecis Sync="TRUE">38</atprecis><attscale Sync="TRUE">8</attscale></attr><attr><attrlabl Sync="TRUE">MINNO2</attrlabl><attalias Sync="TRUE">MINNO2</attalias><attrtype Sync="TRUE">Double</attrtype><attwidth Sync="TRUE">8</attwidth><atprecis Sync="TRUE">38</atprecis><attscale Sync="TRUE">8</attscale></attr><attr><attrlabl Sync="TRUE">MDSUFX</attrlabl><attalias Sync="TRUE">MDSUFX</attalias><attrtype Sync="TRUE">String</attrtype><attwidth Sync="TRUE">255</attwidth><atprecis Sync="TRUE">0</atprecis><attscale Sync="TRUE">0</attscale></attr><attr><attrlabl Sync="TRUE">MWSUFX</attrlabl><attalias Sync="TRUE">MWSUFX</attalias><attrtype Sync="TRUE">String</attrtype><attwidth Sync="TRUE">255</attwidth><atprecis Sync="TRUE">0</atprecis><attscale Sync="TRUE">0</attscale></attr><attr><attrlabl Sync="TRUE">MPSUFX</attrlabl><attalias Sync="TRUE">MPSUFX</attalias><attrtype Sync="TRUE">String</attrtype><attwidth Sync="TRUE">255</attwidth><atprecis Sync="TRUE">0</atprecis><attscale Sync="TRUE">0</attscale></attr><attr><attrlabl Sync="TRUE">MIMPRV</attrlabl><attalias Sync="TRUE">MIMPRV</attalias><attrtype Sync="TRUE">Double</attrtype><attwidth Sync="TRUE">8</attwidth><atprecis Sync="TRUE">38</atprecis><attscale Sync="TRUE">8</attscale></attr><attr><attrlabl Sync="TRUE">MTOTLD</attrlabl><attalias Sync="TRUE">MTOTLD</attalias><attrtype Sync="TRUE">Double</attrtype><attwidth Sync="TRUE">8</attwidth><atprecis Sync="TRUE">38</atprecis><attscale Sync="TRUE">8</attscale></attr><attr><attrlabl Sync="TRUE">MTOTOI</attrlabl><attalias Sync="TRUE">MTOTOI</attalias><attrtype Sync="TRUE">Double</attrtype><attwidth Sync="TRUE">8</attwidth><atprecis Sync="TRUE">38</atprecis><attscale Sync="TRUE">8</attscale></attr><attr><attrlabl Sync="TRUE">MTOTPR</attrlabl><attalias Sync="TRUE">MTOTPR</attalias><attrtype Sync="TRUE">Double</attrtype><attwidth Sync="TRUE">8</attwidth><atprecis Sync="TRUE">38</atprecis><attscale Sync="TRUE">8</attscale></attr><attr><attrlabl Sync="TRUE">MASSB</attrlabl><attalias Sync="TRUE">MASSB</attalias><attrtype Sync="TRUE">Double</attrtype><attwidth Sync="TRUE">8</attwidth><atprecis Sync="TRUE">38</atprecis><attscale Sync="TRUE">8</attscale></attr><attr><attrlabl Sync="TRUE">MACPCT</attrlabl><attalias Sync="TRUE">MACPCT</attalias><attrtype Sync="TRUE">Double</attrtype><attwidth Sync="TRUE">8</attwidth><atprecis Sync="TRUE">38</atprecis><attscale Sync="TRUE">8</attscale></attr><attr><attrlabl Sync="TRUE">M1FRNT</attrlabl><attalias Sync="TRUE">M1FRNT</attalias><attrtype Sync="TRUE">Double</attrtype><attwidth Sync="TRUE">8</attwidth><atprecis Sync="TRUE">38</atprecis><attscale Sync="TRUE">8</attscale></attr><attr><attrlabl Sync="TRUE">M1DPTH</attrlabl><attalias Sync="TRUE">M1DPTH</attalias><attrtype Sync="TRUE">Double</attrtype><attwidth Sync="TRUE">8</attwidth><atprecis Sync="TRUE">38</atprecis><attscale Sync="TRUE">8</attscale></attr><attr><attrlabl Sync="TRUE">M1AREA</attrlabl><attalias Sync="TRUE">M1AREA</attalias><attrtype Sync="TRUE">Double</attrtype><attwidth Sync="TRUE">8</attwidth><atprecis Sync="TRUE">38</atprecis><attscale Sync="TRUE">8</attscale></attr><attr><attrlabl Sync="TRUE">MMCODE</attrlabl><attalias Sync="TRUE">MMCODE</attalias><attrtype Sync="TRUE">Double</attrtype><attwidth Sync="TRUE">8</attwidth><atprecis Sync="TRUE">38</atprecis><attscale Sync="TRUE">8</attscale></attr><attr><attrlabl Sync="TRUE">M0DEPR</attrlabl><attalias Sync="TRUE">M0DEPR</attalias><attrtype Sync="TRUE">String</attrtype><attwidth Sync="TRUE">255</attwidth><atprecis Sync="TRUE">0</atprecis><attscale Sync="TRUE">0</attscale></attr><attr><attrlabl Sync="TRUE">M1UM</attrlabl><attalias Sync="TRUE">M1UM</attalias><attrtype Sync="TRUE">String</attrtype><attwidth Sync="TRUE">255</attwidth><atprecis Sync="TRUE">0</atprecis><attscale Sync="TRUE">0</attscale></attr><attr><attrlabl Sync="TRUE">M2FRNT</attrlabl><attalias Sync="TRUE">M2FRNT</attalias><attrtype Sync="TRUE">Double</attrtype><attwidth Sync="TRUE">8</attwidth><atprecis Sync="TRUE">38</atprecis><attscale Sync="TRUE">8</attscale></attr><attr><attrlabl Sync="TRUE">M2DPTH</attrlabl><attalias Sync="TRUE">M2DPTH</attalias><attrtype Sync="TRUE">Double</attrtype><attwidth Sync="TRUE">8</attwidth><atprecis Sync="TRUE">38</atprecis><attscale Sync="TRUE">8</attscale></attr><attr><attrlabl Sync="TRUE">M2AREA</attrlabl><attalias Sync="TRUE">M2AREA</attalias><attrtype Sync="TRUE">Double</attrtype><attwidth Sync="TRUE">8</attwidth><atprecis Sync="TRUE">38</atprecis><attscale Sync="TRUE">8</attscale></attr><attr><attrlabl Sync="TRUE">MZIPBR</attrlabl><attalias Sync="TRUE">MZIPBR</attalias><attrtype Sync="TRUE">Double</attrtype><attwidth Sync="TRUE">8</attwidth><atprecis Sync="TRUE">38</atprecis><attscale Sync="TRUE">8</attscale></attr><attr><attrlabl Sync="TRUE">MDELAY</attrlabl><attalias Sync="TRUE">MDELAY</attalias><attrtype Sync="TRUE">String</attrtype><attwidth Sync="TRUE">255</attwidth><atprecis Sync="TRUE">0</atprecis><attscale Sync="TRUE">0</attscale></attr><attr><attrlabl Sync="TRUE">M2UM</attrlabl><attalias Sync="TRUE">M2UM</attalias><attrtype Sync="TRUE">String</attrtype><attwidth Sync="TRUE">255</attwidth><atprecis Sync="TRUE">0</atprecis><attscale Sync="TRUE">0</attscale></attr><attr><attrlabl Sync="TRUE">MSTRT</attrlabl><attalias Sync="TRUE">MSTRT</attalias><attrtype Sync="TRUE">String</attrtype><attwidth Sync="TRUE">255</attwidth><atprecis Sync="TRUE">0</atprecis><attscale Sync="TRUE">0</attscale></attr><attr><attrlabl Sync="TRUE">MDIRCT</attrlabl><attalias Sync="TRUE">MDIRCT</attalias><attrtype Sync="TRUE">String</attrtype><attwidth Sync="TRUE">255</attwidth><atprecis Sync="TRUE">0</atprecis><attscale Sync="TRUE">0</attscale></attr><attr><attrlabl Sync="TRUE">MHSE_</attrlabl><attalias Sync="TRUE">MHSE_</attalias><attrtype Sync="TRUE">Double</attrtype><attwidth Sync="TRUE">8</attwidth><atprecis Sync="TRUE">38</atprecis><attscale Sync="TRUE">8</attscale></attr><attr><attrlabl Sync="TRUE">MCDMO</attrlabl><attalias Sync="TRUE">MCDMO</attalias><attrtype Sync="TRUE">Double</attrtype><attwidth Sync="TRUE">8</attwidth><atprecis Sync="TRUE">38</atprecis><attscale Sync="TRUE">8</attscale></attr><attr><attrlabl Sync="TRUE">MCDDA</attrlabl><attalias Sync="TRUE">MCDDA</attalias><attrtype Sync="TRUE">Double</attrtype><attwidth Sync="TRUE">8</attwidth><atprecis Sync="TRUE">38</atprecis><attscale Sync="TRUE">8</attscale></attr><attr><attrlabl Sync="TRUE">MCDYR</attrlabl><attalias Sync="TRUE">MCDYR</attalias><attrtype Sync="TRUE">Double</attrtype><attwidth Sync="TRUE">8</attwidth><atprecis Sync="TRUE">38</atprecis><attscale Sync="TRUE">8</attscale></attr><attr><attrlabl Sync="TRUE">M1DFAC</attrlabl><attalias Sync="TRUE">M1DFAC</attalias><attrtype Sync="TRUE">Double</attrtype><attwidth Sync="TRUE">8</attwidth><atprecis Sync="TRUE">38</atprecis><attscale Sync="TRUE">8</attscale></attr><attr><attrlabl Sync="TRUE">MREM1</attrlabl><attalias Sync="TRUE">MREM1</attalias><attrtype Sync="TRUE">String</attrtype><attwidth Sync="TRUE">255</attwidth><atprecis Sync="TRUE">0</atprecis><attscale Sync="TRUE">0</attscale></attr><attr><attrlabl Sync="TRUE">MREM2</attrlabl><attalias Sync="TRUE">MREM2</attalias><attrtype Sync="TRUE">String</attrtype><attwidth Sync="TRUE">255</attwidth><atprecis Sync="TRUE">0</atprecis><attscale Sync="TRUE">0</attscale></attr><attr><attrlabl Sync="TRUE">MMAGCD</attrlabl><attalias Sync="TRUE">MMAGCD</attalias><attrtype Sync="TRUE">String</attrtype><attwidth Sync="TRUE">255</attwidth><atprecis Sync="TRUE">0</atprecis><attscale Sync="TRUE">0</attscale></attr><attr><attrlabl Sync="TRUE">MATHOM</attrlabl><attalias Sync="TRUE">MATHOM</attalias><attrtype Sync="TRUE">String</attrtype><attwidth Sync="TRUE">255</attwidth><atprecis Sync="TRUE">0</atprecis><attscale Sync="TRUE">0</attscale></attr><attr><attrlabl Sync="TRUE">MDESC1</attrlabl><attalias Sync="TRUE">MDESC1</attalias><attrtype Sync="TRUE">String</attrtype><attwidth Sync="TRUE">255</attwidth><atprecis Sync="TRUE">0</atprecis><attscale Sync="TRUE">0</attscale></attr><attr><attrlabl Sync="TRUE">MDESC2</attrlabl><attalias Sync="TRUE">MDESC2</attalias><attrtype Sync="TRUE">String</attrtype><attwidth Sync="TRUE">255</attwidth><atprecis Sync="TRUE">0</atprecis><attscale Sync="TRUE">0</attscale></attr><attr><attrlabl Sync="TRUE">MDESC3</attrlabl><attalias Sync="TRUE">MDESC3</attalias><attrtype Sync="TRUE">String</attrtype><attwidth Sync="TRUE">255</attwidth><atprecis Sync="TRUE">0</atprecis><attscale Sync="TRUE">0</attscale></attr><attr><attrlabl Sync="TRUE">MDESC4</attrlabl><attalias Sync="TRUE">MDESC4</attalias><attrtype Sync="TRUE">String</attrtype><attwidth Sync="TRUE">255</attwidth><atprecis Sync="TRUE">0</atprecis><attscale Sync="TRUE">0</attscale></attr><attr><attrlabl Sync="TRUE">MFAIRV</attrlabl><attalias Sync="TRUE">MFAIRV</attalias><attrtype Sync="TRUE">Double</attrtype><attwidth Sync="TRUE">8</attwidth><atprecis Sync="TRUE">38</atprecis><attscale Sync="TRUE">8</attscale></attr><attr><attrlabl Sync="TRUE">MLGITY</attrlabl><attalias Sync="TRUE">MLGITY</attalias><attrtype Sync="TRUE">String</attrtype><attwidth Sync="TRUE">255</attwidth><atprecis Sync="TRUE">0</atprecis><attscale Sync="TRUE">0</attscale></attr><attr><attrlabl Sync="TRUE">MLGIYR</attrlabl><attalias Sync="TRUE">MLGIYR</attalias><attrtype Sync="TRUE">Double</attrtype><attwidth Sync="TRUE">8</attwidth><atprecis Sync="TRUE">38</atprecis><attscale Sync="TRUE">8</attscale></attr><attr><attrlabl Sync="TRUE">MLGNO_</attrlabl><attalias Sync="TRUE">MLGNO_</attalias><attrtype Sync="TRUE">Double</attrtype><attwidth Sync="TRUE">8</attwidth><atprecis Sync="TRUE">38</atprecis><attscale Sync="TRUE">8</attscale></attr><attr><attrlabl Sync="TRUE">MLGNO2</attrlabl><attalias Sync="TRUE">MLGNO2</attalias><attrtype Sync="TRUE">Double</attrtype><attwidth Sync="TRUE">8</attwidth><atprecis Sync="TRUE">38</atprecis><attscale Sync="TRUE">8</attscale></attr><attr><attrlabl Sync="TRUE">MSUBDV</attrlabl><attalias Sync="TRUE">MSUBDV</attalias><attrtype Sync="TRUE">String</attrtype><attwidth Sync="TRUE">255</attwidth><atprecis Sync="TRUE">0</atprecis><attscale Sync="TRUE">0</attscale></attr><attr><attrlabl Sync="TRUE">MSELLP</attrlabl><attalias Sync="TRUE">MSELLP</attalias><attrtype Sync="TRUE">Double</attrtype><attwidth Sync="TRUE">8</attwidth><atprecis Sync="TRUE">38</atprecis><attscale Sync="TRUE">8</attscale></attr><attr><attrlabl Sync="TRUE">M2DFAC</attrlabl><attalias Sync="TRUE">M2DFAC</attalias><attrtype Sync="TRUE">Double</attrtype><attwidth Sync="TRUE">8</attwidth><atprecis Sync="TRUE">38</atprecis><attscale Sync="TRUE">8</attscale></attr><attr><attrlabl Sync="TRUE">MINIT</attrlabl><attalias Sync="TRUE">MINIT</attalias><attrtype Sync="TRUE">String</attrtype><attwidth Sync="TRUE">255</attwidth><atprecis Sync="TRUE">0</atprecis><attscale Sync="TRUE">0</attscale></attr><attr><attrlabl Sync="TRUE">MINSPD</attrlabl><attalias Sync="TRUE">MINSPD</attalias><attrtype Sync="TRUE">Double</attrtype><attwidth Sync="TRUE">8</attwidth><atprecis Sync="TRUE">38</atprecis><attscale Sync="TRUE">8</attscale></attr><attr><attrlabl Sync="TRUE">MSWL</attrlabl><attalias Sync="TRUE">MSWL</attalias><attrtype Sync="TRUE">Double</attrtype><attwidth Sync="TRUE">8</attwidth><atprecis Sync="TRUE">38</atprecis><attscale Sync="TRUE">8</attscale></attr><attr><attrlabl Sync="TRUE">MTUTIL</attrlabl><attalias Sync="TRUE">MTUTIL</attalias><attrtype Sync="TRUE">Double</attrtype><attwidth Sync="TRUE">8</attwidth><atprecis Sync="TRUE">38</atprecis><attscale Sync="TRUE">8</attscale></attr><attr><attrlabl Sync="TRUE">MNBADJ</attrlabl><attalias Sync="TRUE">MNBADJ</attalias><attrtype Sync="TRUE">Double</attrtype><attwidth Sync="TRUE">8</attwidth><atprecis Sync="TRUE">38</atprecis><attscale Sync="TRUE">8</attscale></attr><attr><attrlabl Sync="TRUE">MASSL</attrlabl><attalias Sync="TRUE">MASSL</attalias><attrtype Sync="TRUE">Double</attrtype><attwidth Sync="TRUE">8</attwidth><atprecis Sync="TRUE">38</atprecis><attscale Sync="TRUE">8</attscale></attr><attr><attrlabl Sync="TRUE">MACSF</attrlabl><attalias Sync="TRUE">MACSF</attalias><attrtype Sync="TRUE">Double</attrtype><attwidth Sync="TRUE">8</attwidth><atprecis Sync="TRUE">38</atprecis><attscale Sync="TRUE">8</attscale></attr><attr><attrlabl Sync="TRUE">MCOMM1</attrlabl><attalias Sync="TRUE">MCOMM1</attalias><attrtype Sync="TRUE">String</attrtype><attwidth Sync="TRUE">255</attwidth><atprecis Sync="TRUE">0</atprecis><attscale Sync="TRUE">0</attscale></attr><attr><attrlabl Sync="TRUE">MCOMM2</attrlabl><attalias Sync="TRUE">MCOMM2</attalias><attrtype Sync="TRUE">String</attrtype><attwidth Sync="TRUE">255</attwidth><atprecis Sync="TRUE">0</atprecis><attscale Sync="TRUE">0</attscale></attr><attr><attrlabl Sync="TRUE">MCOMM3</attrlabl><attalias Sync="TRUE">MCOMM3</attalias><attrtype Sync="TRUE">String</attrtype><attwidth Sync="TRUE">255</attwidth><atprecis Sync="TRUE">0</atprecis><attscale Sync="TRUE">0</attscale></attr><attr><attrlabl Sync="TRUE">MACCT</attrlabl><attalias Sync="TRUE">MACCT</attalias><attrtype Sync="TRUE">Double</attrtype><attwidth Sync="TRUE">8</attwidth><atprecis Sync="TRUE">38</atprecis><attscale Sync="TRUE">8</attscale></attr><attr><attrlabl Sync="TRUE">MEXWL2</attrlabl><attalias Sync="TRUE">MEXWL2</attalias><attrtype Sync="TRUE">Double</attrtype><attwidth Sync="TRUE">8</attwidth><atprecis Sync="TRUE">38</atprecis><attscale Sync="TRUE">8</attscale></attr><attr><attrlabl Sync="TRUE">MCALC</attrlabl><attalias Sync="TRUE">MCALC</attalias><attrtype Sync="TRUE">String</attrtype><attwidth Sync="TRUE">255</attwidth><atprecis Sync="TRUE">0</atprecis><attscale Sync="TRUE">0</attscale></attr><attr><attrlabl Sync="TRUE">MFILL4</attrlabl><attalias Sync="TRUE">MFILL4</attalias><attrtype Sync="TRUE">String</attrtype><attwidth Sync="TRUE">255</attwidth><atprecis Sync="TRUE">0</atprecis><attscale Sync="TRUE">0</attscale></attr><attr><attrlabl Sync="TRUE">MTBV</attrlabl><attalias Sync="TRUE">MTBV</attalias><attrtype Sync="TRUE">Double</attrtype><attwidth Sync="TRUE">8</attwidth><atprecis Sync="TRUE">38</atprecis><attscale Sync="TRUE">8</attscale></attr><attr><attrlabl Sync="TRUE">MTBAS</attrlabl><attalias Sync="TRUE">MTBAS</attalias><attrtype Sync="TRUE">Double</attrtype><attwidth Sync="TRUE">8</attwidth><atprecis Sync="TRUE">38</atprecis><attscale Sync="TRUE">8</attscale></attr><attr><attrlabl Sync="TRUE">MTFBAS</attrlabl><attalias Sync="TRUE">MTFBAS</attalias><attrtype Sync="TRUE">Double</attrtype><attwidth Sync="TRUE">8</attwidth><atprecis Sync="TRUE">38</atprecis><attscale Sync="TRUE">8</attscale></attr><attr><attrlabl Sync="TRUE">MTPLUM</attrlabl><attalias Sync="TRUE">MTPLUM</attalias><attrtype Sync="TRUE">Double</attrtype><attwidth Sync="TRUE">8</attwidth><atprecis Sync="TRUE">38</atprecis><attscale Sync="TRUE">8</attscale></attr><attr><attrlabl Sync="TRUE">MTHEAT</attrlabl><attalias Sync="TRUE">MTHEAT</attalias><attrtype Sync="TRUE">Double</attrtype><attwidth Sync="TRUE">8</attwidth><atprecis Sync="TRUE">38</atprecis><attscale Sync="TRUE">8</attscale></attr><attr><attrlabl Sync="TRUE">MTAC</attrlabl><attalias Sync="TRUE">MTAC</attalias><attrtype Sync="TRUE">Double</attrtype><attwidth Sync="TRUE">8</attwidth><atprecis Sync="TRUE">38</atprecis><attscale Sync="TRUE">8</attscale></attr><attr><attrlabl Sync="TRUE">MTFP</attrlabl><attalias Sync="TRUE">MTFP</attalias><attrtype Sync="TRUE">Double</attrtype><attwidth Sync="TRUE">8</attwidth><atprecis Sync="TRUE">38</atprecis><attscale Sync="TRUE">8</attscale></attr><attr><attrlabl Sync="TRUE">MTFL</attrlabl><attalias Sync="TRUE">MTFL</attalias><attrtype Sync="TRUE">Double</attrtype><attwidth Sync="TRUE">8</attwidth><atprecis Sync="TRUE">38</atprecis><attscale Sync="TRUE">8</attscale></attr><attr><attrlabl Sync="TRUE">MTBI</attrlabl><attalias Sync="TRUE">MTBI</attalias><attrtype Sync="TRUE">Double</attrtype><attwidth Sync="TRUE">8</attwidth><atprecis Sync="TRUE">38</atprecis><attscale Sync="TRUE">8</attscale></attr><attr><attrlabl Sync="TRUE">MTTADD</attrlabl><attalias Sync="TRUE">MTTADD</attalias><attrtype Sync="TRUE">Double</attrtype><attwidth Sync="TRUE">8</attwidth><atprecis Sync="TRUE">38</atprecis><attscale Sync="TRUE">8</attscale></attr><attr><attrlabl Sync="TRUE">MTSUBT</attrlabl><attalias Sync="TRUE">MTSUBT</attalias><attrtype Sync="TRUE">Double</attrtype><attwidth Sync="TRUE">8</attwidth><atprecis Sync="TRUE">38</atprecis><attscale Sync="TRUE">8</attscale></attr><attr><attrlabl Sync="TRUE">MTOTBV</attrlabl><attalias Sync="TRUE">MTOTBV</attalias><attrtype Sync="TRUE">Double</attrtype><attwidth Sync="TRUE">8</attwidth><atprecis Sync="TRUE">38</atprecis><attscale Sync="TRUE">8</attscale></attr><attr><attrlabl Sync="TRUE">MUSRID</attrlabl><attalias Sync="TRUE">MUSRID</attalias><attrtype Sync="TRUE">String</attrtype><attwidth Sync="TRUE">255</attwidth><atprecis Sync="TRUE">0</atprecis><attscale Sync="TRUE">0</attscale></attr><attr><attrlabl Sync="TRUE">MBASA</attrlabl><attalias Sync="TRUE">MBASA</attalias><attrtype Sync="TRUE">Double</attrtype><attwidth Sync="TRUE">8</attwidth><atprecis Sync="TRUE">38</atprecis><attscale Sync="TRUE">8</attscale></attr><attr><attrlabl Sync="TRUE">MTOTA</attrlabl><attalias Sync="TRUE">MTOTA</attalias><attrtype Sync="TRUE">Double</attrtype><attwidth Sync="TRUE">8</attwidth><atprecis Sync="TRUE">38</atprecis><attscale Sync="TRUE">8</attscale></attr><attr><attrlabl Sync="TRUE">MPSF</attrlabl><attalias Sync="TRUE">MPSF</attalias><attrtype Sync="TRUE">Double</attrtype><attwidth Sync="TRUE">8</attwidth><atprecis Sync="TRUE">38</atprecis><attscale Sync="TRUE">8</attscale></attr><attr><attrlabl Sync="TRUE">MINWLL</attrlabl><attalias Sync="TRUE">MINWLL</attalias><attrtype Sync="TRUE">String</attrtype><attwidth Sync="TRUE">255</attwidth><atprecis Sync="TRUE">0</atprecis><attscale Sync="TRUE">0</attscale></attr><attr><attrlabl Sync="TRUE">MFLOOR</attrlabl><attalias Sync="TRUE">MFLOOR</attalias><attrtype Sync="TRUE">String</attrtype><attwidth Sync="TRUE">255</attwidth><atprecis Sync="TRUE">0</atprecis><attscale Sync="TRUE">0</attscale></attr><attr><attrlabl Sync="TRUE">MYRBLT</attrlabl><attalias Sync="TRUE">MYRBLT</attalias><attrtype Sync="TRUE">Double</attrtype><attwidth Sync="TRUE">8</attwidth><atprecis Sync="TRUE">38</atprecis><attscale Sync="TRUE">8</attscale></attr><attr><attrlabl Sync="TRUE">MCNST1</attrlabl><attalias Sync="TRUE">MCNST1</attalias><attrtype Sync="TRUE">String</attrtype><attwidth Sync="TRUE">255</attwidth><atprecis Sync="TRUE">0</atprecis><attscale Sync="TRUE">0</attscale></attr><attr><attrlabl Sync="TRUE">MCNST2</attrlabl><attalias Sync="TRUE">MCNST2</attalias><attrtype Sync="TRUE">String</attrtype><attwidth Sync="TRUE">255</attwidth><atprecis Sync="TRUE">0</atprecis><attscale Sync="TRUE">0</attscale></attr><attr><attrlabl Sync="TRUE">MASSLU</attrlabl><attalias Sync="TRUE">MASSLU</attalias><attrtype Sync="TRUE">Double</attrtype><attwidth Sync="TRUE">8</attwidth><atprecis Sync="TRUE">38</atprecis><attscale Sync="TRUE">8</attscale></attr><attr><attrlabl Sync="TRUE">MMOSLD</attrlabl><attalias Sync="TRUE">MMOSLD</attalias><attrtype Sync="TRUE">Double</attrtype><attwidth Sync="TRUE">8</attwidth><atprecis Sync="TRUE">38</atprecis><attscale Sync="TRUE">8</attscale></attr><attr><attrlabl Sync="TRUE">MDASLD</attrlabl><attalias Sync="TRUE">MDASLD</attalias><attrtype Sync="TRUE">Double</attrtype><attwidth Sync="TRUE">8</attwidth><atprecis Sync="TRUE">38</atprecis><attscale Sync="TRUE">8</attscale></attr><attr><attrlabl Sync="TRUE">MYRSLD</attrlabl><attalias Sync="TRUE">MYRSLD</attalias><attrtype Sync="TRUE">Double</attrtype><attwidth Sync="TRUE">8</attwidth><atprecis Sync="TRUE">38</atprecis><attscale Sync="TRUE">8</attscale></attr><attr><attrlabl Sync="TRUE">MTIME</attrlabl><attalias Sync="TRUE">MTIME</attalias><attrtype Sync="TRUE">Double</attrtype><attwidth Sync="TRUE">8</attwidth><atprecis Sync="TRUE">38</atprecis><attscale Sync="TRUE">8</attscale></attr><attr><attrlabl Sync="TRUE">MHSE_2</attrlabl><attalias Sync="TRUE">MHSE_2</attalias><attrtype Sync="TRUE">String</attrtype><attwidth Sync="TRUE">255</attwidth><atprecis Sync="TRUE">0</atprecis><attscale Sync="TRUE">0</attscale></attr><attr><attrlabl Sync="TRUE">M1ADJ</attrlabl><attalias Sync="TRUE">M1ADJ</attalias><attrtype Sync="TRUE">Double</attrtype><attwidth Sync="TRUE">8</attwidth><atprecis Sync="TRUE">38</atprecis><attscale Sync="TRUE">8</attscale></attr><attr><attrlabl Sync="TRUE">M2ADJ</attrlabl><attalias Sync="TRUE">M2ADJ</attalias><attrtype Sync="TRUE">Double</attrtype><attwidth Sync="TRUE">8</attwidth><atprecis Sync="TRUE">38</atprecis><attscale Sync="TRUE">8</attscale></attr><attr><attrlabl Sync="TRUE">MLGBKC</attrlabl><attalias Sync="TRUE">MLGBKC</attalias><attrtype Sync="TRUE">String</attrtype><attwidth Sync="TRUE">255</attwidth><atprecis Sync="TRUE">0</atprecis><attscale Sync="TRUE">0</attscale></attr><attr><attrlabl Sync="TRUE">MLGBK_</attrlabl><attalias Sync="TRUE">MLGBK_</attalias><attrtype Sync="TRUE">String</attrtype><attwidth Sync="TRUE">255</attwidth><atprecis Sync="TRUE">0</atprecis><attscale Sync="TRUE">0</attscale></attr><attr><attrlabl Sync="TRUE">MLGPG_</attrlabl><attalias Sync="TRUE">MLGPG_</attalias><attrtype Sync="TRUE">Double</attrtype><attwidth Sync="TRUE">8</attwidth><atprecis Sync="TRUE">38</atprecis><attscale Sync="TRUE">8</attscale></attr><attr><attrlabl Sync="TRUE">MEFFAG</attrlabl><attalias Sync="TRUE">MEFFAG</attalias><attrtype Sync="TRUE">Double</attrtype><attwidth Sync="TRUE">8</attwidth><atprecis Sync="TRUE">38</atprecis><attscale Sync="TRUE">8</attscale></attr><attr><attrlabl Sync="TRUE">MPCOMP</attrlabl><attalias Sync="TRUE">MPCOMP</attalias><attrtype Sync="TRUE">Double</attrtype><attwidth Sync="TRUE">8</attwidth><atprecis Sync="TRUE">38</atprecis><attscale Sync="TRUE">8</attscale></attr><attr><attrlabl Sync="TRUE">MSTTYP</attrlabl><attalias Sync="TRUE">MSTTYP</attalias><attrtype Sync="TRUE">String</attrtype><attwidth Sync="TRUE">255</attwidth><atprecis Sync="TRUE">0</atprecis><attscale Sync="TRUE">0</attscale></attr><attr><attrlabl Sync="TRUE">MSDIRS</attrlabl><attalias Sync="TRUE">MSDIRS</attalias><attrtype Sync="TRUE">String</attrtype><attwidth Sync="TRUE">255</attwidth><atprecis Sync="TRUE">0</atprecis><attscale Sync="TRUE">0</attscale></attr><attr><attrlabl Sync="TRUE">M1RATE</attrlabl><attalias Sync="TRUE">M1RATE</attalias><attrtype Sync="TRUE">Double</attrtype><attwidth Sync="TRUE">8</attwidth><atprecis Sync="TRUE">38</atprecis><attscale Sync="TRUE">8</attscale></attr><attr><attrlabl Sync="TRUE">M2RATE</attrlabl><attalias Sync="TRUE">M2RATE</attalias><attrtype Sync="TRUE">Double</attrtype><attwidth Sync="TRUE">8</attwidth><atprecis Sync="TRUE">38</atprecis><attscale Sync="TRUE">8</attscale></attr><attr><attrlabl Sync="TRUE">MFUNCD</attrlabl><attalias Sync="TRUE">MFUNCD</attalias><attrtype Sync="TRUE">Double</attrtype><attwidth Sync="TRUE">8</attwidth><atprecis Sync="TRUE">38</atprecis><attscale Sync="TRUE">8</attscale></attr><attr><attrlabl Sync="TRUE">MECOND</attrlabl><attalias Sync="TRUE">MECOND</attalias><attrtype Sync="TRUE">Double</attrtype><attwidth Sync="TRUE">8</attwidth><atprecis Sync="TRUE">38</atprecis><attscale Sync="TRUE">8</attscale></attr><attr><attrlabl Sync="TRUE">MNBRHD</attrlabl><attalias Sync="TRUE">MNBRHD</attalias><attrtype Sync="TRUE">Double</attrtype><attwidth Sync="TRUE">8</attwidth><atprecis Sync="TRUE">38</atprecis><attscale Sync="TRUE">8</attscale></attr><attr><attrlabl Sync="TRUE">MUSER1</attrlabl><attalias Sync="TRUE">MUSER1</attalias><attrtype Sync="TRUE">String</attrtype><attwidth Sync="TRUE">255</attwidth><atprecis Sync="TRUE">0</atprecis><attscale Sync="TRUE">0</attscale></attr><attr><attrlabl Sync="TRUE">MUSER2</attrlabl><attalias Sync="TRUE">MUSER2</attalias><attrtype Sync="TRUE">String</attrtype><attwidth Sync="TRUE">255</attwidth><atprecis Sync="TRUE">0</atprecis><attscale Sync="TRUE">0</attscale></attr><attr><attrlabl Sync="TRUE">MDBOOK</attrlabl><attalias Sync="TRUE">MDBOOK</attalias><attrtype Sync="TRUE">String</attrtype><attwidth Sync="TRUE">255</attwidth><atprecis Sync="TRUE">0</atprecis><attscale Sync="TRUE">0</attscale></attr><attr><attrlabl Sync="TRUE">MDPAGE</attrlabl><attalias Sync="TRUE">MDPAGE</attalias><attrtype Sync="TRUE">Double</attrtype><attwidth Sync="TRUE">8</attwidth><atprecis Sync="TRUE">38</atprecis><attscale Sync="TRUE">8</attscale></attr><attr><attrlabl Sync="TRUE">MWBOOK</attrlabl><attalias Sync="TRUE">MWBOOK</attalias><attrtype Sync="TRUE">String</attrtype><attwidth Sync="TRUE">255</attwidth><atprecis Sync="TRUE">0</atprecis><attscale Sync="TRUE">0</attscale></attr><attr><attrlabl Sync="TRUE">MWPAGE</attrlabl><attalias Sync="TRUE">MWPAGE</attalias><attrtype Sync="TRUE">Double</attrtype><attwidth Sync="TRUE">8</attwidth><atprecis Sync="TRUE">38</atprecis><attscale Sync="TRUE">8</attscale></attr><attr><attrlabl Sync="TRUE">MDCODE</attrlabl><attalias Sync="TRUE">MDCODE</attalias><attrtype Sync="TRUE">String</attrtype><attwidth Sync="TRUE">255</attwidth><atprecis Sync="TRUE">0</atprecis><attscale Sync="TRUE">0</attscale></attr><attr><attrlabl Sync="TRUE">MWCODE</attrlabl><attalias Sync="TRUE">MWCODE</attalias><attrtype Sync="TRUE">String</attrtype><attwidth Sync="TRUE">255</attwidth><atprecis Sync="TRUE">0</atprecis><attscale Sync="TRUE">0</attscale></attr><attr><attrlabl Sync="TRUE">MMORTC</attrlabl><attalias Sync="TRUE">MMORTC</attalias><attrtype Sync="TRUE">Double</attrtype><attwidth Sync="TRUE">8</attwidth><atprecis Sync="TRUE">38</atprecis><attscale Sync="TRUE">8</attscale></attr><attr><attrlabl Sync="TRUE">MFILL7</attrlabl><attalias Sync="TRUE">MFILL7</attalias><attrtype Sync="TRUE">String</attrtype><attwidth Sync="TRUE">255</attwidth><atprecis Sync="TRUE">0</atprecis><attscale Sync="TRUE">0</attscale></attr><attr><attrlabl Sync="TRUE">MACRE_</attrlabl><attalias Sync="TRUE">MACRE_</attalias><attrtype Sync="TRUE">Double</attrtype><attwidth Sync="TRUE">8</attwidth><atprecis Sync="TRUE">38</atprecis><attscale Sync="TRUE">8</attscale></attr><attr><attrlabl Sync="TRUE">MGISPN</attrlabl><attalias Sync="TRUE">MGISPN</attalias><attrtype Sync="TRUE">String</attrtype><attwidth Sync="TRUE">255</attwidth><atprecis Sync="TRUE">0</atprecis><attscale Sync="TRUE">0</attscale></attr><attr><attrlabl Sync="TRUE">MUSER3</attrlabl><attalias Sync="TRUE">MUSER3</attalias><attrtype Sync="TRUE">String</attrtype><attwidth Sync="TRUE">255</attwidth><atprecis Sync="TRUE">0</atprecis><attscale Sync="TRUE">0</attscale></attr><attr><attrlabl Sync="TRUE">MUSER4</attrlabl><attalias Sync="TRUE">MUSER4</attalias><attrtype Sync="TRUE">String</attrtype><attwidth Sync="TRUE">255</attwidth><atprecis Sync="TRUE">0</atprecis><attscale Sync="TRUE">0</attscale></attr><attr><attrlabl Sync="TRUE">MIMADJ</attrlabl><attalias Sync="TRUE">MIMADJ</attalias><attrtype Sync="TRUE">Double</attrtype><attwidth Sync="TRUE">8</attwidth><atprecis Sync="TRUE">38</atprecis><attscale Sync="TRUE">8</attscale></attr><attr><attrlabl Sync="TRUE">MCDRDT</attrlabl><attalias Sync="TRUE">MCDRDT</attalias><attrtype Sync="TRUE">Double</attrtype><attwidth Sync="TRUE">8</attwidth><atprecis Sync="TRUE">38</atprecis><attscale Sync="TRUE">8</attscale></attr><attr><attrlabl Sync="TRUE">MMNUD</attrlabl><attalias Sync="TRUE">MMNUD</attalias><attrtype Sync="TRUE">Double</attrtype><attwidth Sync="TRUE">8</attwidth><atprecis Sync="TRUE">38</atprecis><attscale Sync="TRUE">8</attscale></attr><attr><attrlabl Sync="TRUE">MMNNUD</attrlabl><attalias Sync="TRUE">MMNNUD</attalias><attrtype Sync="TRUE">Double</attrtype><attwidth Sync="TRUE">8</attwidth><atprecis Sync="TRUE">38</atprecis><attscale Sync="TRUE">8</attscale></attr><attr><attrlabl Sync="TRUE">MSS1</attrlabl><attalias Sync="TRUE">MSS1</attalias><attrtype Sync="TRUE">Double</attrtype><attwidth Sync="TRUE">8</attwidth><atprecis Sync="TRUE">38</atprecis><attscale Sync="TRUE">8</attscale></attr><attr><attrlabl Sync="TRUE">MPCODE</attrlabl><attalias Sync="TRUE">MPCODE</attalias><attrtype Sync="TRUE">String</attrtype><attwidth Sync="TRUE">255</attwidth><atprecis Sync="TRUE">0</atprecis><attscale Sync="TRUE">0</attscale></attr><attr><attrlabl Sync="TRUE">MPBOOK</attrlabl><attalias Sync="TRUE">MPBOOK</attalias><attrtype Sync="TRUE">String</attrtype><attwidth Sync="TRUE">255</attwidth><atprecis Sync="TRUE">0</atprecis><attscale Sync="TRUE">0</attscale></attr><attr><attrlabl Sync="TRUE">MPPAGE</attrlabl><attalias Sync="TRUE">MPPAGE</attalias><attrtype Sync="TRUE">Double</attrtype><attwidth Sync="TRUE">8</attwidth><atprecis Sync="TRUE">38</atprecis><attscale Sync="TRUE">8</attscale></attr><attr><attrlabl Sync="TRUE">MSS2</attrlabl><attalias Sync="TRUE">MSS2</attalias><attrtype Sync="TRUE">Double</attrtype><attwidth Sync="TRUE">8</attwidth><atprecis Sync="TRUE">38</atprecis><attscale Sync="TRUE">8</attscale></attr><attr><attrlabl Sync="TRUE">MASSM</attrlabl><attalias Sync="TRUE">MASSM</attalias><attrtype Sync="TRUE">Double</attrtype><attwidth Sync="TRUE">8</attwidth><atprecis Sync="TRUE">38</atprecis><attscale Sync="TRUE">8</attscale></attr><attr><attrlabl Sync="TRUE">MFILL9</attrlabl><attalias Sync="TRUE">MFILL9</attalias><attrtype Sync="TRUE">String</attrtype><attwidth Sync="TRUE">255</attwidth><atprecis Sync="TRUE">0</atprecis><attscale Sync="TRUE">0</attscale></attr><attr><attrlabl Sync="TRUE">MGRNTR</attrlabl><attalias Sync="TRUE">MGRNTR</attalias><attrtype Sync="TRUE">String</attrtype><attwidth Sync="TRUE">255</attwidth><atprecis Sync="TRUE">0</atprecis><attscale Sync="TRUE">0</attscale></attr><attr><attrlabl Sync="TRUE">MCVMO</attrlabl><attalias Sync="TRUE">MCVMO</attalias><attrtype Sync="TRUE">Double</attrtype><attwidth Sync="TRUE">8</attwidth><atprecis Sync="TRUE">38</atprecis><attscale Sync="TRUE">8</attscale></attr><attr><attrlabl Sync="TRUE">MCVDA</attrlabl><attalias Sync="TRUE">MCVDA</attalias><attrtype Sync="TRUE">Double</attrtype><attwidth Sync="TRUE">8</attwidth><atprecis Sync="TRUE">38</atprecis><attscale Sync="TRUE">8</attscale></attr><attr><attrlabl Sync="TRUE">MCVYR</attrlabl><attalias Sync="TRUE">MCVYR</attalias><attrtype Sync="TRUE">Double</attrtype><attwidth Sync="TRUE">8</attwidth><atprecis Sync="TRUE">38</atprecis><attscale Sync="TRUE">8</attscale></attr><attr><attrlabl Sync="TRUE">MPROUT</attrlabl><attalias Sync="TRUE">MPROUT</attalias><attrtype Sync="TRUE">String</attrtype><attwidth Sync="TRUE">255</attwidth><atprecis Sync="TRUE">0</atprecis><attscale Sync="TRUE">0</attscale></attr><attr><attrlabl Sync="TRUE">MPERR</attrlabl><attalias Sync="TRUE">MPERR</attalias><attrtype Sync="TRUE">String</attrtype><attwidth Sync="TRUE">255</attwidth><atprecis Sync="TRUE">0</atprecis><attscale Sync="TRUE">0</attscale></attr><attr><attrlabl Sync="TRUE">MTBIMP</attrlabl><attalias Sync="TRUE">MTBIMP</attalias><attrtype Sync="TRUE">Double</attrtype><attwidth Sync="TRUE">8</attwidth><atprecis Sync="TRUE">38</atprecis><attscale Sync="TRUE">8</attscale></attr><attr><attrlabl Sync="TRUE">MPUSE</attrlabl><attalias Sync="TRUE">MPUSE</attalias><attrtype Sync="TRUE">Double</attrtype><attwidth Sync="TRUE">8</attwidth><atprecis Sync="TRUE">38</atprecis><attscale Sync="TRUE">8</attscale></attr><attr><attrlabl Sync="TRUE">MCVEXP</attrlabl><attalias Sync="TRUE">MCVEXP</attalias><attrtype Sync="TRUE">String</attrtype><attwidth Sync="TRUE">255</attwidth><atprecis Sync="TRUE">0</atprecis><attscale Sync="TRUE">0</attscale></attr><attr><attrlabl Sync="TRUE">METXYR</attrlabl><attalias Sync="TRUE">METXYR</attalias><attrtype Sync="TRUE">Double</attrtype><attwidth Sync="TRUE">8</attwidth><atprecis Sync="TRUE">38</atprecis><attscale Sync="TRUE">8</attscale></attr><attr><attrlabl Sync="TRUE">MQAPCH</attrlabl><attalias Sync="TRUE">MQAPCH</attalias><attrtype Sync="TRUE">Double</attrtype><attwidth Sync="TRUE">8</attwidth><atprecis Sync="TRUE">38</atprecis><attscale Sync="TRUE">8</attscale></attr><attr><attrlabl Sync="TRUE">MQAFIL</attrlabl><attalias Sync="TRUE">MQAFIL</attalias><attrtype Sync="TRUE">String</attrtype><attwidth Sync="TRUE">255</attwidth><atprecis Sync="TRUE">0</atprecis><attscale Sync="TRUE">0</attscale></attr><attr><attrlabl Sync="TRUE">MPICT</attrlabl><attalias Sync="TRUE">MPICT</attalias><attrtype Sync="TRUE">String</attrtype><attwidth Sync="TRUE">255</attwidth><atprecis Sync="TRUE">0</atprecis><attscale Sync="TRUE">0</attscale></attr><attr><attrlabl Sync="TRUE">MEACRE</attrlabl><attalias Sync="TRUE">MEACRE</attalias><attrtype Sync="TRUE">Double</attrtype><attwidth Sync="TRUE">8</attwidth><atprecis Sync="TRUE">38</atprecis><attscale Sync="TRUE">8</attscale></attr><attr><attrlabl Sync="TRUE">MPRCIT</attrlabl><attalias Sync="TRUE">MPRCIT</attalias><attrtype Sync="TRUE">String</attrtype><attwidth Sync="TRUE">255</attwidth><atprecis Sync="TRUE">0</atprecis><attscale Sync="TRUE">0</attscale></attr><attr><attrlabl Sync="TRUE">MPRSTA</attrlabl><attalias Sync="TRUE">MPRSTA</attalias><attrtype Sync="TRUE">String</attrtype><attwidth Sync="TRUE">255</attwidth><atprecis Sync="TRUE">0</atprecis><attscale Sync="TRUE">0</attscale></attr><attr><attrlabl Sync="TRUE">MPRZP1</attrlabl><attalias Sync="TRUE">MPRZP1</attalias><attrtype Sync="TRUE">Double</attrtype><attwidth Sync="TRUE">8</attwidth><atprecis Sync="TRUE">38</atprecis><attscale Sync="TRUE">8</attscale></attr><attr><attrlabl Sync="TRUE">MPRZP4</attrlabl><attalias Sync="TRUE">MPRZP4</attalias><attrtype Sync="TRUE">String</attrtype><attwidth Sync="TRUE">255</attwidth><atprecis Sync="TRUE">0</atprecis><attscale Sync="TRUE">0</attscale></attr><attr><attrlabl Sync="TRUE">MFP_</attrlabl><attalias Sync="TRUE">MFP_</attalias><attrtype Sync="TRUE">Double</attrtype><attwidth Sync="TRUE">8</attwidth><atprecis Sync="TRUE">38</atprecis><attscale Sync="TRUE">8</attscale></attr><attr><attrlabl Sync="TRUE">MSFP_</attrlabl><attalias Sync="TRUE">MSFP_</attalias><attrtype Sync="TRUE">Double</attrtype><attwidth Sync="TRUE">8</attwidth><atprecis Sync="TRUE">38</atprecis><attscale Sync="TRUE">8</attscale></attr><attr><attrlabl Sync="TRUE">MFL_</attrlabl><attalias Sync="TRUE">MFL_</attalias><attrtype Sync="TRUE">Double</attrtype><attwidth Sync="TRUE">8</attwidth><atprecis Sync="TRUE">38</atprecis><attscale Sync="TRUE">8</attscale></attr><attr><attrlabl Sync="TRUE">MSFL_</attrlabl><attalias Sync="TRUE">MSFL_</attalias><attrtype Sync="TRUE">Double</attrtype><attwidth Sync="TRUE">8</attwidth><atprecis Sync="TRUE">38</atprecis><attscale Sync="TRUE">8</attscale></attr><attr><attrlabl Sync="TRUE">MMFL_</attrlabl><attalias Sync="TRUE">MMFL_</attalias><attrtype Sync="TRUE">Double</attrtype><attwidth Sync="TRUE">8</attwidth><atprecis Sync="TRUE">38</atprecis><attscale Sync="TRUE">8</attscale></attr><attr><attrlabl Sync="TRUE">MIOFP_</attrlabl><attalias Sync="TRUE">MIOFP_</attalias><attrtype Sync="TRUE">Double</attrtype><attwidth Sync="TRUE">8</attwidth><atprecis Sync="TRUE">38</atprecis><attscale Sync="TRUE">8</attscale></attr><attr><attrlabl Sync="TRUE">MSTOR_</attrlabl><attalias Sync="TRUE">MSTOR_</attalias><attrtype Sync="TRUE">Double</attrtype><attwidth Sync="TRUE">8</attwidth><atprecis Sync="TRUE">38</atprecis><attscale Sync="TRUE">8</attscale></attr><attr><attrlabl Sync="TRUE">MASCOM</attrlabl><attalias Sync="TRUE">MASCOM</attalias><attrtype Sync="TRUE">String</attrtype><attwidth Sync="TRUE">255</attwidth><atprecis Sync="TRUE">0</atprecis><attscale Sync="TRUE">0</attscale></attr><attr><attrlabl Sync="TRUE">MHRPH_</attrlabl><attalias Sync="TRUE">MHRPH_</attalias><attrtype Sync="TRUE">Double</attrtype><attwidth Sync="TRUE">8</attwidth><atprecis Sync="TRUE">38</atprecis><attscale Sync="TRUE">8</attscale></attr><attr><attrlabl Sync="TRUE">MHRDAT</attrlabl><attalias Sync="TRUE">MHRDAT</attalias><attrtype Sync="TRUE">Double</attrtype><attwidth Sync="TRUE">8</attwidth><atprecis Sync="TRUE">38</atprecis><attscale Sync="TRUE">8</attscale></attr><attr><attrlabl Sync="TRUE">MHRTIM</attrlabl><attalias Sync="TRUE">MHRTIM</attalias><attrtype Sync="TRUE">Double</attrtype><attwidth Sync="TRUE">8</attwidth><atprecis Sync="TRUE">38</atprecis><attscale Sync="TRUE">8</attscale></attr><attr><attrlabl Sync="TRUE">MHRNAM</attrlabl><attalias Sync="TRUE">MHRNAM</attalias><attrtype Sync="TRUE">String</attrtype><attwidth Sync="TRUE">255</attwidth><atprecis Sync="TRUE">0</atprecis><attscale Sync="TRUE">0</attscale></attr><attr><attrlabl Sync="TRUE">MHRSES</attrlabl><attalias Sync="TRUE">MHRSES</attalias><attrtype Sync="TRUE">String</attrtype><attwidth Sync="TRUE">255</attwidth><atprecis Sync="TRUE">0</atprecis><attscale Sync="TRUE">0</attscale></attr><attr><attrlabl Sync="TRUE">MHIDPC</attrlabl><attalias Sync="TRUE">MHIDPC</attalias><attrtype Sync="TRUE">String</attrtype><attwidth Sync="TRUE">255</attwidth><atprecis Sync="TRUE">0</atprecis><attscale Sync="TRUE">0</attscale></attr><attr><attrlabl Sync="TRUE">MHIDNM</attrlabl><attalias Sync="TRUE">MHIDNM</attalias><attrtype Sync="TRUE">String</attrtype><attwidth Sync="TRUE">255</attwidth><atprecis Sync="TRUE">0</atprecis><attscale Sync="TRUE">0</attscale></attr><attr><attrlabl Sync="TRUE">MCAMO</attrlabl><attalias Sync="TRUE">MCAMO</attalias><attrtype Sync="TRUE">Double</attrtype><attwidth Sync="TRUE">8</attwidth><atprecis Sync="TRUE">38</atprecis><attscale Sync="TRUE">8</attscale></attr><attr><attrlabl Sync="TRUE">MCADA</attrlabl><attalias Sync="TRUE">MCADA</attalias><attrtype Sync="TRUE">Double</attrtype><attwidth Sync="TRUE">8</attwidth><atprecis Sync="TRUE">38</atprecis><attscale Sync="TRUE">8</attscale></attr><attr><attrlabl Sync="TRUE">MCAYR</attrlabl><attalias Sync="TRUE">MCAYR</attalias><attrtype Sync="TRUE">Double</attrtype><attwidth Sync="TRUE">8</attwidth><atprecis Sync="TRUE">38</atprecis><attscale Sync="TRUE">8</attscale></attr><attr><attrlabl Sync="TRUE">MOLDOC</attrlabl><attalias Sync="TRUE">MOLDOC</attalias><attrtype Sync="TRUE">Double</attrtype><attwidth Sync="TRUE">8</attwidth><atprecis Sync="TRUE">38</atprecis><attscale Sync="TRUE">8</attscale></attr><attr><attrlabl Sync="TRUE">FULLADDRESS</attrlabl><attalias Sync="TRUE">FULLADDRESS</attalias><attrtype Sync="TRUE">String</attrtype><attwidth Sync="TRUE">255</attwidth><atprecis Sync="TRUE">0</atprecis><attscale Sync="TRUE">0</attscale></attr><attr><attrlabl Sync="TRUE">STREET</attrlabl><attalias Sync="TRUE">STREET</attalias><attrtype Sync="TRUE">String</attrtype><attwidth Sync="TRUE">50</attwidth><atprecis Sync="TRUE">0</atprecis><attscale Sync="TRUE">0</attscale></attr><attr><attrlabl Sync="TRUE">TOTALVAL</attrlabl><attalias Sync="TRUE">TOTALVAL</attalias><attrtype Sync="TRUE">Integer</attrtype><attwidth Sync="TRUE">4</attwidth><atprecis Sync="TRUE">10</atprecis><attscale Sync="TRUE">0</attscale></attr><attr><attrlabl Sync="TRUE">CALC_VALUE</attrlabl><attalias Sync="TRUE">CALC_VALUE</attalias><attrtype Sync="TRUE">Integer</attrtype><attwidth Sync="TRUE">4</attwidth><atprecis Sync="TRUE">10</atprecis><attscale Sync="TRUE">0</attscale></attr><attr><attrlabl Sync="TRUE">Shape</attrlabl><attalias Sync="TRUE">Shape</attalias><attrtype Sync="TRUE">Geometry</attrtype><attwidth Sync="TRUE">4</attwidth><atprecis Sync="TRUE">0</atprecis><attscale Sync="TRUE">0</attscale><attrdef Sync="TRUE">Feature geometry.</attrdef><attrdefs Sync="TRUE">ESRI</attrdefs><attrdomv><udom Sync="TRUE">Coordinates defining the features.</udom></attrdomv></attr><attr><attrlabl Sync="TRUE">Shape.area</attrlabl><attalias Sync="TRUE">Shape.area</attalias><attrtype Sync="TRUE">Double</attrtype><attwidth Sync="TRUE">0</attwidth><atprecis Sync="TRUE">0</atprecis><attscale Sync="TRUE">0</attscale></attr><attr><attrlabl Sync="TRUE">Shape.len</attrlabl><attalias Sync="TRUE">Shape.len</attalias><attrtype Sync="TRUE">Double</attrtype><attwidth Sync="TRUE">0</attwidth><atprecis Sync="TRUE">0</atprecis><attscale Sync="TRUE">0</attscale></attr></detailed></eainfo><mdDateSt Sync="TRUE">20130812</mdDateSt><dataqual><lineage><procstep><procdesc Sync="TRUE">Dataset copied.</procdesc><srcused Sync="TRUE">Server=vmprod1_sqlexpress; Service=sde:sqlserver:vmprod1\sqlexpress; Database=Waynesboro; Version=dbo.DEFAULT</srcused><procdate Sync="TRUE">20130812</procdate><proctime Sync="TRUE">20580700</proctime></procstep></lineage></dataqual></metadata>
